"time","01M","03M","06M","01Y","02Y","05Y","07Y","10Y","20Y","30Y"
"2007-02-01",3.55651434192638,3.62340405749255,3.70761374216166,3.83230461540161,3.9762849404262,4.11886622420938,4.1496013391212,4.1727550399408,4.1997768785891,4.20878419525391
"2007-02-04",3.58818072382573,3.62927546546476,3.68439387400453,3.77505727988367,3.90030810043957,4.06486576823151,4.10804919198933,4.14177099645689,4.18148075805301,4.19472430352398
"2007-02-05",3.56656998318485,3.61318387361509,3.67465643381101,3.77293237529347,3.90207156375322,4.05768709794443,4.09576479583285,4.12498804665513,4.15921613600203,4.17062716503423
"2007-02-06",3.59192141627342,3.63359241638558,3.68882823910512,3.77789466318188,3.89669755687188,4.04351697395053,4.08015265865254,4.10839141946093,4.1415055269605,4.15254594099203
"2007-02-07",3.59438129662236,3.63952740886518,3.6984868749806,3.79122302946651,3.90970304572569,4.04605877185287,4.07831557195506,4.10291021391582,4.13167217112821,4.14126015690926
"2007-02-08",3.5492186630754,3.62654009885979,3.71898379392044,3.84502369903394,3.97285184672457,4.08076144868756,4.10247128537674,4.1187638396987,4.13777220363544,4.14410832539809
"2007-02-11",3.55356558560226,3.6257923155624,3.71525851000185,3.84430330649675,3.98713614247831,4.12087075630132,4.14891157427744,4.16999324556443,4.19459201290702,4.2027916115824
"2007-02-12",3.55854690193295,3.63382887159026,3.72658412607141,3.85923305324046,4.00407219514278,4.13737382232977,4.1651082413131,4.18595032916206,4.21026867169231,4.21837479207845
"2007-02-13",3.56810658022203,3.6403868638997,3.73040528382761,3.86138415069081,4.00839617686941,4.1485513396092,4.17818930788832,4.20048386889349,4.22649912895556,4.235170897723
"2007-02-14",3.57769026612267,3.64391946780688,3.72680705228868,3.848369791483,3.98656687151061,4.12055951737121,4.14913007498666,4.17063435863534,4.19572888177553,4.20409374448909
"2007-02-15",3.58620318046469,3.64757762865227,3.72408904618777,3.8355919783182,3.96106457183969,4.08108740416173,4.10650944732388,4.12563480046941,4.1479521831816,4.15539132504284
"2007-02-18",3.56990880313538,3.64379010689236,3.7328808327325,3.85599851430966,3.98344971339905,4.09352613523547,4.11585043316405,4.13260823720721,4.15215964266595,4.15867677873208
"2007-02-19",3.52070721413722,3.67115093246398,3.81531801858099,3.958303344306,4.05563412501316,4.11734300839294,4.12911226187274,4.13793920249666,4.14823729989168,4.15166999902336
"2007-02-20",3.52136036310979,3.66993935416782,3.81102176766337,3.94927582812431,4.04226669244523,4.10095363742568,4.11214411485713,4.12053697321726,4.13032864130425,4.13359253066659
"2007-02-21",3.53315322884473,3.68544387820938,3.82605988152644,3.95906241808412,4.04562716098662,4.09965643335797,4.1099544913955,4.11767803500704,4.12668883588721,4.1296924361806
"2007-02-22",3.58988890950289,3.68904736487123,3.79949490313049,3.93462739969944,4.05206841879551,4.13782947194739,4.15444845810988,4.16691315319198,4.18145530269575,4.18630268586474
"2007-02-25",3.49302017877366,3.67523523706988,3.83058965753515,3.96408925016336,4.04435379393758,4.09341324004977,4.10275922850358,4.1097687198455,4.11794645974441,4.12067237304404
"2007-02-26",3.66439681665438,3.71361514408862,3.77423752992854,3.86088825062201,3.95542448000078,4.04234187078438,4.06041770779059,4.07400116895085,4.08985018941053,4.0951332001819
"2007-02-27",3.7152970110055,3.72430127805268,3.73733249234786,3.76178202345764,3.80490675232425,3.89912755728458,3.94157771846809,3.98627033946424,4.05686448436093,4.08389999515996
"2007-02-28",3.70876204385057,3.72319802939882,3.74368825592443,3.78084196999062,3.8422284202741,3.95764252554434,4.00121948810805,4.04162527440204,4.09560835693673,4.11424731366897
"2007-03-01",3.71092307101316,3.72269336607712,3.73959789235839,3.77088981959134,3.82466861937823,3.93522454192047,3.98153904436051,4.02767774475091,4.09494269675614,4.11927248774557
"2007-03-04",3.7108636710507,3.71894218777911,3.73074015635034,3.75323434387751,3.79416746565091,3.89059335282354,3.93820116221273,3.99221911206614,4.08896146570376,4.13051298857548
"2007-03-05",3.72916751060491,3.73552815548392,3.74486026233552,3.76279947581865,3.79597122712593,3.87726785044988,3.91940681460418,3.96926843468856,4.06587135703729,4.111064782274
"2007-03-06",3.72699914380637,3.73520239757129,3.74714754631223,3.76980447678262,3.81061915782248,3.90442564652615,3.94936587530525,3.9990859720314,4.08425549256841,4.11926498336168
"2007-03-07",3.74399685133059,3.75028643450576,3.75951353042635,3.77724830843805,3.81003271943491,3.89032330260149,3.93190455298491,3.98106867150124,4.07617913141245,4.1205988587872
"2007-03-08",3.75273892006457,3.7593701932778,3.76908378558543,3.78770320050703,3.82194119479025,3.90469749857089,3.94686782962331,3.99603003285133,4.08859989024299,4.13053852461673
"2007-03-11",3.78024727879932,3.78745910056715,3.79800014354604,3.81812771211937,3.85486048905024,3.94200879011308,3.98541256119534,4.03502665317105,4.12508649840586,4.16431103634725
"2007-03-12",3.7795487338317,3.78524318177685,3.79361030226039,3.80973715591863,3.83971284656029,3.91413387862801,3.95333033291651,4.00036830058524,4.09405772935726,4.13932522700025
"2007-03-13",3.7722407760705,3.77642070408411,3.78260084948596,3.79464563513375,3.81752884305023,3.87756713580304,3.91142873696968,3.95466248747488,4.05263109491668,4.10834782911458
"2007-03-14",3.77947736610188,3.78388398756379,3.79039642567196,3.8030788095462,3.82713582319695,3.89000353819445,3.92528629234527,3.97012984334794,4.07074790266318,4.12722496325985
"2007-03-15",3.79663383218151,3.80079886234334,3.80695353561666,3.81893669011408,3.84165793939968,3.90097237493654,3.93421738313389,3.97642008741603,4.07086647594826,4.12369697215798
"2007-03-18",3.79600069828518,3.80079422622471,3.80784700578181,3.82147301071191,3.84691899765322,3.91083866612787,3.94499545518603,3.98651774217421,4.07138971397276,4.11369281978025
"2007-03-19",3.79922095954154,3.80615733352033,3.81624371428172,3.83532804897201,3.86954308076666,3.94727678476645,3.98399596546592,4.02415190867477,4.09159408000829,4.11881243844022
"2007-03-20",3.78388003109528,3.7911055940407,3.80159455522504,3.82138065208307,3.85664615729766,3.93564157201441,3.97232145674015,4.01187816610753,4.0767945650972,4.10245925912218
"2007-03-21",3.80456235823489,3.80870764487162,3.81483021338014,3.82674067797278,3.84928607408147,3.90788966050209,3.94056179336125,3.98183477870033,4.07323353744137,4.12365557278808
"2007-03-22",3.80453083677824,3.81104261472474,3.8205940326588,3.83894653400719,3.87285247202874,3.95576568111274,3.99862607600379,4.04922084274063,4.14679336153132,4.19220050842479
"2007-03-25",3.79316802093554,3.80333020370004,3.81806494440709,3.84580300437257,3.89504475913436,4.00429773984882,4.05444309960045,4.10802063032878,4.19463418277859,4.22843955886676
"2007-03-26",3.81904586687362,3.82753081698262,3.83991429356913,3.86349758884158,3.90631612622658,4.00662949053578,4.05582373501198,4.11132433638913,4.2097094702076,4.25152924921555
"2007-03-27",3.80216156783434,3.81438404937972,3.83197354308252,3.86464956627597,3.92119240013078,4.03929124718427,4.08970677460857,4.14063585369164,4.21632173770527,4.24404031099144
"2007-03-28",3.82697845030382,3.83684813961312,3.85119724601844,3.87833801684714,3.92696549916888,4.03727106991246,4.08927762182596,4.14606364267263,4.24118830432483,4.27948802798582
"2007-03-29",3.79543457213439,3.81210261629372,3.83574899168746,3.87858753819063,3.94924777899711,4.08160358074637,4.13136513282584,4.17737905721417,4.23867358236978,4.259810140557
"2007-04-01",3.8182814989386,3.83141753664825,3.85029305546137,3.88526448830912,3.94546931939841,4.06972449557167,4.12202155670848,4.17429903402476,4.25086888241388,4.27864603754304
"2007-04-02",3.80966488524794,3.83465807532292,3.86886424039228,3.9270985957665,4.01268161351285,4.13883849780434,4.1756164606463,4.20538499272747,4.24100336098493,4.25290464400726
"2007-04-03",3.81425252004013,3.83341775036911,3.86046984047917,3.90904812927123,3.98785270324047,4.1301658464442,4.18150567977637,4.22776937491152,4.28779391315336,4.30827786136204
"2007-04-04",3.82445952378769,3.83692480102815,3.85492144744395,3.88854383049262,3.94736246984209,4.0733966132848,4.1288679094064,4.18621690903902,4.27433820269012,4.30737961288417
"2007-04-05",3.82907966125276,3.83981620678333,3.85539002254888,3.88472853849311,3.93688344319869,4.05298283816584,4.1064841134829,4.16383061587491,4.25701512330721,4.29354359162708
"2007-04-08",3.82815902595216,3.8404157007837,3.8580916546291,3.89105064282206,3.94849270981656,4.07049507885842,4.12362720852618,4.17811500234387,4.26084970627356,4.29160425371652
"2007-04-09",3.81844187533159,3.83566886321282,3.86011904645109,3.90444819684705,3.97767471264419,4.11528532493908,4.16721530236531,4.2153496005703,4.27963410906114,4.30182627778977
"2007-04-10",3.81479268710822,3.83628512731494,3.86647675256766,3.92024130801191,4.00609960857464,4.15598705136519,4.20806480696621,4.25396606529324,4.31231022804576,4.33208255973032
"2007-04-11",3.8462191268714,3.86390725817984,3.88911869145031,3.9351688317625,4.01231883188671,4.16194837361691,4.2204997670585,4.27609036507429,4.35236686030388,4.37903112261667
"2007-04-12",3.84138582148243,3.86418076370361,3.89627394816487,3.95364808377979,4.04594347303579,4.20961821312942,4.26748059862697,4.31899537044469,4.38507188976503,4.40753085027416
"2007-04-15",3.82501165563463,3.85600345176236,3.89884285662411,3.97303022095042,4.08551695851626,4.26187189857627,4.31653597238674,4.36195920457438,4.41715175071595,4.43564193359604
"2007-04-16",3.8263527570302,3.85239172367035,3.88877535605878,3.95296877598054,4.05372145508127,4.22328298665116,4.27989633416161,4.32870910436138,4.38961788033612,4.41014879681072
"2007-04-17",3.8200959110785,3.8491143525548,3.88908995160519,3.95791416571305,4.06115384179582,4.21957387670887,4.26762310737169,4.30716237684568,4.35491505535373,4.37089485405742
"2007-04-18",3.82720824457016,3.8538156857928,3.89055405707274,3.95405495109732,4.05000185240308,4.19937288754516,4.24534284681238,4.28341727930197,4.32958464120514,4.34504515210894
"2007-04-19",3.81494067113626,3.85093459086124,3.89956616359878,3.98055903602288,4.09495668369083,4.25141677143691,4.29394777371877,4.32751778671182,4.36721193295119,4.38045539961295
"2007-04-22",3.8084452427371,3.84620595322969,3.89682534733302,3.98001267447962,4.09475011813159,4.24506291684992,4.28441190204301,4.31511820656398,4.35126818668789,4.3633242684668
"2007-04-23",3.83120310133376,3.87289498675338,3.92717343961722,4.01210417947567,4.11964973007419,4.24167907092936,4.27026181680941,4.29201819866148,4.31745190333063,4.32593026929999
"2007-04-24",3.81946176805966,3.87052750870107,3.93449425787963,4.02844288756012,4.13549778119803,4.23962493778168,4.26186334278149,4.27860367718412,4.29813914003081,4.30465097916499
"2007-04-25",3.84717379729025,3.87750221755259,3.91888195531627,3.98895660108625,4.09095391986105,4.23854802005305,4.28081703924038,4.31479532335704,4.35530732810494,4.3688370284648
"2007-04-26",3.78633877091111,3.85871318063563,3.9459944703198,4.06662831078384,4.19153452683634,4.29943842354576,4.32132398147258,4.33775248980452,4.35691970727746,4.36330878066936
"2007-04-29",3.80483492086025,3.86774708274778,3.94522821558688,4.05595773271763,4.17673256499351,4.28773809921206,4.31082019893022,4.32816559097397,4.34840397611848,4.35515010950706
"2007-04-30",3.81109683348822,3.87476134303677,3.9509071781005,4.0547903197628,4.16024513864123,4.24935722671062,4.26729132053307,4.28075042119371,4.29645302898744,4.30168723196826
"2007-05-01",3.78696124874726,3.87174990624352,3.96505942335961,4.07720517000747,4.17239720962281,4.24066631168014,4.25385471749416,4.26374624402895,4.27528636042587,4.27913306589183
"2007-05-02",3.78109636787364,3.86012460459842,3.95283067731685,4.07553967763754,4.19462610663492,4.2906223266236,4.30965886460415,4.32394050517091,4.3406025357509,4.34615654603076
"2007-05-03",3.79821353461654,3.86818753952435,3.95302623274988,4.07127984331993,4.19532356181094,4.30409493432881,4.32627992780959,4.34293652661399,4.36237007478627,4.36884792556919
"2007-05-06",3.7900325942833,3.86297743922558,3.94922901679058,4.064809619309,4.17903265150088,4.27282986783644,4.29153282403783,4.305565724056,4.32193761892832,4.3273949173789
"2007-05-07",3.79800338100524,3.8899150192649,3.99104319691079,4.11255030898739,4.21564895437104,4.28956733153826,4.30384641565634,4.31455596734788,4.32705044657607,4.33121527298582
"2007-05-08",3.83532118691932,3.88748662331627,3.95324355304508,4.05081411919227,4.16386282320714,4.27633822692646,4.3006439528987,4.31895811074205,4.34033241299923,4.34745721284445
"2007-05-09",3.77494940829547,3.87013067318002,3.97624858386145,4.1062681716924,4.21948349758343,4.30228743673798,4.31833805346378,4.33037647571809,4.34442130708361,4.34910291753993
"2007-05-10",3.78328708069318,3.88043389753696,3.98563639279722,4.10913143150639,4.2108170244221,4.282164539951,4.29590175927164,4.30620479234115,4.31822499844515,4.32223173381323
"2007-05-13",3.82219531107106,3.8921665764032,3.97587050353735,4.09009669613029,4.2060995267831,4.30416930675621,4.32390915445712,4.33872349047258,4.35600724201738,4.36176849295913
"2007-05-14",3.81080927096818,3.88601550467745,3.97643532821264,4.10080562113516,4.22863326889098,4.33814157864584,4.3602854034023,4.37690612969181,4.39629750775828,4.40276130115482
"2007-05-15",3.77652752916609,3.87902773660766,3.99533477287361,4.14164888568021,4.27371746272548,4.37322677904199,4.39262965565736,4.4071829511208,4.42416181378517,4.42982143467919
"2007-05-16",3.76090223201413,3.88354382975936,4.01554735717307,4.16912956884062,4.29415892260764,4.38119680843349,4.39793648093497,4.41049134385706,4.42513868461753,4.43002113153774
"2007-05-17",3.778896885328,3.89380850094339,4.01994178035697,4.17096001035973,4.29850718038092,4.38963823119698,4.40723241683102,4.4204283209373,4.43582354478651,4.44095528606992
"2007-05-20",3.75610274408632,3.88762144100605,4.02658188090026,4.18401782105901,4.30805154202709,4.39259650467586,4.40881455618962,4.42097814325602,4.43516899505731,4.43989927899108
"2007-05-21",3.82505554633572,3.94167338099019,4.06478933399843,4.20410950961545,4.3137098502679,4.38834647889515,4.4026622332599,4.41339908983743,4.4259254226947,4.43010086698047
"2007-05-22",3.80645560243203,3.93289708597559,4.06716167182991,4.22037315698564,4.34215084385615,4.42562464766126,4.44164790708226,4.45366541244869,4.4676858356911,4.47235931010526
"2007-05-23",3.80615612841642,3.94822671169688,4.09290690243597,4.24858072500478,4.36405878890285,4.44014433806411,4.45469151482241,4.46560190654413,4.47833069690901,4.48257362703064
"2007-05-24",4.16515353431583,3.96563820550978,4.08536255067509,4.26103930877489,4.36456342316945,4.42691918208839,4.43879648283942,4.4477044584027,4.45809709655986,4.46156130927891
"2007-05-27",3.82699208131827,3.95486676704539,4.09125114128757,4.24785649672354,4.37327887805631,4.45965955797907,4.47625011268154,4.48869310293121,4.50320992529681,4.50804886608537
"2007-05-28",3.87823166001661,3.97745353267731,4.09007182558421,4.23180435934076,4.35981022417757,4.45630491215447,4.4751218787673,4.48923571859108,4.50570188270999,4.51119060408878
"2007-05-29",3.86329495791899,3.97694253358094,4.10145901705203,4.2501348078989,4.37525053416003,4.46440113628175,4.48160529820124,4.49450865615796,4.50956257581458,4.51458054903372
"2007-05-30",3.8623830058978,3.97378754808144,4.09730740830342,4.24738874847546,4.37658688952859,4.47020856470545,4.48832494213113,4.50191261918554,4.51776491315381,4.52304901114394
"2007-05-31",3.8619834566141,3.9816988623998,4.11187250569797,4.26558398697046,4.39308986021425,4.48300693382889,4.50033173232532,4.51332550437952,4.52848490642507,4.5335380404404
"2007-06-03",3.87366579448828,3.98107888619923,4.11803289174876,4.29244457987486,4.43248408023592,4.52516913518664,4.54286903776724,4.55614396591364,4.57163138208517,4.57679385414234
"2007-06-04",3.89487502821464,4.00218691464466,4.12386459632217,4.2767666836824,4.41457367221649,4.5182737558852,4.53848834181324,4.55365043476785,4.57133956122819,4.57723593672079
"2007-06-05",3.88921284890912,3.98231962873537,4.11593070455965,4.29890097755982,4.45143863453936,4.55330339174588,4.57276183851127,4.58735567508937,4.60438181776473,4.61005719865651
"2007-06-06",3.90435380055761,3.9925233454648,4.0977802644321,4.24095592704425,4.38565342344002,4.50733721857355,4.53178673848453,4.55013469641552,4.57154104548748,4.57867649562891
"2007-06-07",3.92337808041783,4.01030451839339,4.11736448823343,4.2703734157298,4.43727667973247,4.59069473055927,4.62259732931254,4.64657107352627,4.67454334144673,4.68386743769061
"2007-06-10",3.98711905468389,4.01283364336023,4.09424043270713,4.2628608487127,4.4544643733246,4.60278152586631,4.63147396450792,4.65299344079513,4.67809949694046,4.68646818232225
"2007-06-11",4.00539834638737,4.02388023480181,4.0903810030184,4.24270032287893,4.43802250562222,4.60394033742385,4.6365186273923,4.66095335200055,4.68946053774801,4.69896293299778
"2007-06-12",3.95517008882484,4.00920536490727,4.10747284708207,4.28628033737043,4.49317335975969,4.66293174829042,4.69615409805338,4.72107175711886,4.75014236559539,4.75983256842144
"2007-06-13",4.01847289220625,4.01199656360385,4.09955224434867,4.30718323738895,4.52938951868808,4.68980584479298,4.72057602819377,4.74365368170093,4.77057761081123,4.779552253848
"2007-06-14",3.95709758367195,4.03138725540702,4.1276854224496,4.27728251499907,4.46439678783099,4.67265083783866,4.72079232444844,4.75735938269518,4.8000894145376,4.814333315569
"2007-06-17",4.00984356821825,4.0219466585796,4.10323470005932,4.29189305053527,4.51491612646511,4.68942857687577,4.72321278338621,4.74855112094639,4.778112515359,4.78796631349655
"2007-06-18",3.96869834012939,4.03425694773202,4.12086887000825,4.25975366918763,4.44321653477183,4.66624778768242,4.7211909965055,4.7634190850692,4.81289817159485,4.82939396301204
"2007-06-19",3.97235871202621,4.03130953389819,4.10948597694601,4.23564062496203,4.40414041082174,4.61285051630864,4.66502267535499,4.70525342850891,4.7524353982033,4.768166223287
"2007-06-20",3.9695559937525,4.01650779245281,4.11108478859333,4.29192818752706,4.50650837437589,4.6841540900477,4.71895007533475,4.74504803922647,4.77549567055409,4.78564488099721
"2007-06-21",3.95622134162554,4.00792658353716,4.10431025922308,4.28615101860199,4.50737410612355,4.69703062185943,4.73447516401158,4.76256069128809,4.79532716004415,4.806249316299
"2007-06-24",3.9523634776479,4.02267015512132,4.11411695810353,4.25698448282834,4.43741434932907,4.64128269118816,4.68889482305913,4.72511817318001,4.76745986548112,4.7815744799489
"2007-06-25",3.97047794789346,4.03566542108614,4.12079592368834,4.25468973735463,4.42573921738063,4.62257051774309,4.66912937828128,4.70462824852042,4.74614189985846,4.75998074382945
"2007-06-26",3.93874893057227,4.0183540682506,4.11941163437466,4.27109924848844,4.45020592342905,4.63317390148666,4.67328897194665,4.70355613049177,4.73888647007901,4.75066334131597
"2007-06-27",3.93961335919519,4.0167305875138,4.11435978205333,4.26024300226651,4.43122671760506,4.60409403407189,4.64177753737066,4.67019435122276,4.70336252930602,4.71441865903194
"2007-06-28",3.98001201001745,4.02036955066186,4.11275774106149,4.28742647064675,4.4787816245954,4.62536388321331,4.65370077794864,4.67495358688229,4.69974853108383,4.70801351248436
"2007-07-01",3.96577175406455,4.00021709678479,4.11008443046044,4.30673301364327,4.48953286498613,4.61453742040739,4.63843372372248,4.65635595360855,4.67726522181043,4.68423497787772
"2007-07-02",3.9358936317718,4.02617884790735,4.13411348962755,4.2812565162206,4.43046035401972,4.55639025002451,4.58172384836897,4.60073588874868,4.62291704869743,4.63031076920295
"2007-07-03",3.97231798501853,4.00379560097492,4.09810934708824,4.28296925346839,4.47951784272009,4.62502274706218,4.65302291008863,4.67402307959989,4.69852327745833,4.70669001007781
"2007-07-04",3.92390876678578,4.01928322613687,4.13996472408961,4.31529804964697,4.50264492141714,4.66238048498057,4.69428532390831,4.71822031000294,4.74614458708627,4.75545267950081
"2007-07-05",3.942836218857,4.02082462835558,4.14217086272331,4.33912565373135,4.54639900913369,4.70691760007648,4.73806239413548,4.76142132524121,4.78867341315417,4.79775744245857
"2007-07-08",3.99449697084541,4.02956933323586,4.13646225831089,4.34680320545168,4.57076918221039,4.7366333566514,4.76855199045606,4.79249101978391,4.82041988744196,4.82972950999464
"2007-07-09",4.02684610358533,4.03286462531614,4.12830986607518,4.33850435020345,4.55893310814097,4.71737158000276,4.74775691018712,4.77054592312866,4.79713310491165,4.80599549883931
"2007-07-10",4.0209050386384,4.03970852369582,4.12176898376352,4.29434766373205,4.48246323493163,4.62260950909408,4.64958765839759,4.66982131762381,4.69342725348315,4.7012958987696
"2007-07-11",4.01703155286554,4.03716665629108,4.12423518087584,4.30709452957886,4.50632390009036,4.65473272787562,4.6833012406106,4.7047276751622,4.72972518224004,4.73805768459932
"2007-07-12",4.023349778597,4.04522710011185,4.13755922844748,4.33075538434173,4.54098298676923,4.69753530175427,4.72767091787539,4.75027268261351,4.77664140824764,4.78543098345902
"2007-07-15",3.98570044787524,4.01657154044134,4.13215983736094,4.34493584818886,4.54456641643306,4.6813366739321,4.70748365590175,4.72709389505194,4.74997250739544,4.75759871150994
"2007-07-16",3.99707084998369,4.00830100310296,4.11902051903214,4.32715189416272,4.51223511313019,4.63509971089197,4.65854766685678,4.67613363422758,4.69665059616029,4.70348958347119
"2007-07-17",3.95515446695531,4.00952244259332,4.13561980690078,4.34504749344523,4.53464425978194,4.66358846814809,4.68823372635469,4.70671767235427,4.72828227602187,4.7354704772444
"2007-07-18",3.99226434757521,4.08385795663677,4.20566207898541,4.37476360320754,4.52711399476526,4.63465132013962,4.65529078677683,4.67077041130262,4.68882997329828,4.69484982729683
"2007-07-19",3.93010289957068,4.06578919691521,4.2203452375389,4.40130440416736,4.53963449658469,4.63006411836629,4.64732647910551,4.66027325062701,4.67537781740267,4.68041267299456
"2007-07-22",3.93092652246745,4.06944910476594,4.20843550782178,4.35492986689097,4.46109219433826,4.53020810362212,4.54341009993431,4.55331160060497,4.56486335139191,4.56871393498756
"2007-07-23",3.94684173986105,4.07892567179015,4.21315269675831,4.35716368565762,4.46364930480722,4.53369680035582,4.54708781442138,4.55713108273349,4.56884822911648,4.57275394457747
"2007-07-24",3.981243830477,4.06255471050047,4.21047481840488,4.36372266536047,4.45514678966791,4.51044432607906,4.52097728790308,4.52887700927109,4.53809335086711,4.54116546473245
"2007-07-25",3.99095799691699,4.04861483070769,4.2127310175953,4.3697409358669,4.45758497751066,4.51042908302817,4.52049463436394,4.52804379786577,4.53685115528457,4.53978694109084
"2007-07-26",3.9483310321924,4.04304958535079,4.14324369721447,4.25694936005844,4.34671692491036,4.40798609719116,4.41974106643679,4.42855733072271,4.43884297256814,4.44227151984996
"2007-07-29",3.99222686593038,4.05612802062518,4.13241297683069,4.23617884599416,4.34104658981192,4.42923445422096,4.4469536818522,4.46025094131253,4.47576469916255,4.48093595210579
"2007-07-30",3.99383418845328,4.06130655073979,4.1411003116924,4.24805434360726,4.35379223244756,4.44065628214991,4.45797893425271,4.47097622268709,4.48613989253235,4.49119444929763
"2007-07-31",3.96224128936205,4.07369904119306,4.18297814143496,4.29465903301768,4.3730046415921,4.42327930852651,4.43287377566592,4.44006962708371,4.44846478707236,4.45126317373525
"2007-08-01",3.97875694904393,4.05762545217094,4.14802349270349,4.26349414434985,4.36997049715039,4.45172267817783,4.46773060060334,4.47973795623147,4.49374656425197,4.49841610026996
"2007-08-02",3.99030521155517,4.08125380743452,4.18088144860927,4.29980558179009,4.39984656487315,4.47110996268692,4.48486163382018,4.49517557433856,4.5072085065493,4.5112194839531
"2007-08-05",3.98134899246628,4.06821589597185,4.16207794346502,4.27190672900552,4.36197120379787,4.42498736773755,4.43711569035132,4.44621202774223,4.45682442202852,4.46036188679068
"2007-08-06",3.99912354444222,4.05604284066814,4.12659323201798,4.22845927568261,4.34139506755917,4.44735945215307,4.46959904019941,4.48632020330642,4.50583108699541,4.51233472285759
"2007-08-07",4.03490068755514,4.0919665566969,4.16167547723906,4.26000469206926,4.36507460256993,4.45924716511083,4.47862163375407,4.49317327408914,4.51015130967128,4.51581065706773
"2007-08-08",4.02123915438225,4.10272126295555,4.197333008304,4.32060391756716,4.4375251519972,4.5296820896151,4.54784498236994,4.56146984466662,4.577365579828,4.58266415825128
"2007-08-09",4.06430177901255,4.09374392974404,4.13397676092776,4.20229007862304,4.3022032911766,4.44812217458861,4.49028179662856,4.52428671132501,4.56489964195454,4.57846622127089
"2007-08-12",4.0422653933601,4.06268179875206,4.09161450767616,4.14393088029371,4.22991593611641,4.38970702233988,4.44924445959565,4.5039818868356,4.57645326594216,4.60138009897762
"2007-08-13",4.10079250862307,4.11340271834749,4.13159917059467,4.16556374624326,4.2248762791802,4.35144183047503,4.40687047584009,4.46395683877278,4.55118083629308,4.58375068771369
"2007-08-14",4.04400340726585,4.06017180005564,4.08335879132726,4.12616937518743,4.19938071801872,4.34817375640272,4.40967042469731,4.47033495707188,4.55762765617474,4.58894867368319
"2007-08-15",4.02377670337427,4.03478801000846,4.05083757445939,4.08133166813492,4.13644754730989,4.26415218902023,4.32593915834614,4.39486133825802,4.51461656073693,4.56452050683281
"2007-08-16",3.96835350471797,3.96880040211851,3.97079043447214,3.97881009480463,4.00654594442063,4.12623109730509,4.20509175631241,4.30251711606647,4.47682854231698,4.54593312858219
"2007-08-19",3.94714854056638,3.95684511804954,3.97116696592691,3.99902369231115,4.05170706979986,4.18776755643072,4.2624095123823,4.35419905158301,4.5336849188889,4.59648099875468
"2007-08-20",3.95588505493815,3.95807956186993,3.96255028382328,3.97508331477405,4.01041624948823,4.14601910354827,4.2323405774027,4.33831964365013,4.5284432945487,4.60428723813331
"2007-08-21",3.94948119782542,3.94521056508952,3.94109885824031,3.93993200609388,3.95831875177697,4.0840734104115,4.17484633614472,4.28839464559771,4.4894895683691,4.56793344268946
"2007-08-22",4.01517251041974,4.01980334156248,4.02725659878098,4.04368467604017,4.08069951630493,4.19980848382168,4.27187445747485,4.3606779284183,4.525946585191,4.59463514550088
"2007-08-23",3.96451248921881,3.97360345040765,3.98703056738816,4.01314615882489,4.06253338554084,4.19005698565964,4.25999602056294,4.34597396140938,4.51390131779621,4.57238774257929
"2007-08-26",3.95431721557088,3.965778604527,3.98253558714997,4.0145478716713,4.07302623120012,4.2120928982525,4.28155475803248,4.36115152914303,4.50629115685089,4.5698060573056
"2007-08-27",3.95213126083123,3.96101059677322,3.97412545618849,3.99963480415727,4.04787983456168,4.17248579012806,4.24085032716859,4.32492963903236,4.48940292465007,4.54703411783488
"2007-08-28",3.99579372798822,3.99833212255616,4.00269272700034,4.01315072490183,4.03935151483422,4.1367689084093,4.20240433546418,4.28944050478561,4.47054321128537,4.55307758314078
"2007-08-29",3.95769001144196,3.96622108080035,3.97884243679893,4.00346619924834,4.05032649648724,4.1735050245159,4.24282847678167,4.33059480285699,4.5195293850231,4.60929073207552
"2007-08-30",3.9801856337038,3.98398909305797,3.99013905390802,4.00382139858414,4.03528590306042,4.14237825776698,4.21165415036041,4.30222655849115,4.48923105508166,4.57456458492999
"2007-09-02",3.97339142181548,3.9822697669574,3.99538821757737,4.02092253251244,4.06928498901211,4.19471422871097,4.26395198514102,4.34971202322603,4.52164680224284,4.5875930504578
"2007-09-03",3.96991795357775,3.9792794105606,3.99310782799616,4.02001029490692,4.0709103786792,4.2025240241079,4.27485513085106,4.36398816934135,4.53955367964108,4.60271914609596
"2007-09-04",3.97488360639057,3.9844292782913,3.99852961767285,4.02596040486281,4.07785739032053,4.21202881619202,4.28574946570539,4.37657163179173,4.55530499034461,4.6193942089964
"2007-09-05",3.95159335312558,3.95966034535885,3.97159475362776,3.99487701115275,4.03917930519067,4.15559661114738,4.22108532008015,4.30395515833238,4.48207146485815,4.56634858835922
"2007-09-06",3.9858812746169,3.99045039375161,3.99763823465183,4.01304351990046,4.04683627564271,4.15602309702914,4.2251421544526,4.31523453995938,4.50293462015897,4.59000232418943
"2007-09-09",3.93615608798382,3.93594935507469,3.93660665079028,3.94099029606468,3.95933194497621,4.05286850322353,4.12288749689635,4.21848246324131,4.41909306946657,4.50951162524359
"2007-09-10",3.98360944754679,3.9700956835231,3.953632359144,3.93241333368369,3.92446799485933,4.0235259043698,4.11058983212079,4.22149701810301,4.41397128026103,4.48720047219294
"2007-09-11",3.97583893720944,3.97437346369183,3.97321131119238,3.97420128981939,3.98670521952485,4.06923134151575,4.13591917001008,4.2300607259788,4.43561767317713,4.53096192770982
"2007-09-12",3.92309010276642,3.92850523840919,3.93682635110902,3.95406652672488,3.99017246459705,4.10056371567436,4.16888698169831,4.2579558323289,4.44748940830198,4.53839679681308
"2007-09-13",3.91838005482076,3.92891728550968,3.94437981589221,3.97411281293558,4.02912603500077,4.16415490493716,4.23427562413801,4.3173827751644,4.47890852277673,4.5547507958983
"2007-09-16",3.92456422958909,3.93363674317537,3.94703681921321,3.97310054809407,4.0223925546714,4.14969144949462,4.21952440781422,4.30539665776599,4.4732876384468,4.53199401764352
"2007-09-17",3.9320054406938,3.93973833997573,3.95117301369632,3.97346092375657,4.01579546496413,4.12648483832857,4.18830753699096,4.26591523799256,4.42855549516204,4.50033154918685
"2007-09-18",3.97612137882852,3.98020584058315,3.98690136437794,4.00201017888154,4.03700465557709,4.15280734711712,4.22367996039692,4.31120166246059,4.47374305190172,4.54101552915387
"2007-09-19",3.9333071443253,3.94784465271978,3.96901258523042,4.00916002925547,4.08147276588799,4.24761862293573,4.32718308324476,4.41518107493216,4.56583454529943,4.62772846866918
"2007-09-20",3.9146333542161,3.93353685412255,3.96094133727413,4.01251412373501,4.10401333991403,4.30673208655665,4.39961537317544,4.49871850221705,4.65857430520117,4.72085050049832
"2007-09-23",3.90103422475596,3.91928798869328,3.94579161083599,3.99580608958104,4.08501362335578,4.28518955109318,4.37833417148396,4.4789562440236,4.64454965959928,4.71017687764292
"2007-09-24",3.91710622168346,3.9341174203593,3.95887863964793,4.00581216595129,4.09024636068732,4.28367822302904,4.37598114412925,4.47776847767809,4.65115427712633,4.72205021978852
"2007-09-25",3.87752920998861,3.89609192165962,3.92304427711826,3.97390607120809,4.06462670136369,4.26820759607675,4.36294205170611,4.4652863511937,4.63372685353583,4.70048684906352
"2007-09-26",3.89802639371931,3.91827803234855,3.94757380908279,4.00249652492702,4.09922477931721,4.30980600118532,4.40427304134752,4.50339448478806,4.65914666746817,4.71854998209059
"2007-09-27",3.85355109938078,3.87727162840068,3.91135403025936,3.97449252307723,4.08316389714499,4.30733174822643,4.40162253517825,4.49583534670225,4.63374188671681,4.6837503131687
"2007-09-30",3.84340393622138,3.8652631754145,3.89680098431667,3.95565161378588,4.05836813655283,4.27727810424099,4.3730047446159,4.47148105944779,4.6216919640117,4.67771252979413
"2007-10-01",3.89817092033551,3.91259918878481,3.93377577013161,3.97450234236882,4.04981612965429,4.23337527247577,4.32681859173894,4.43384830442218,4.61256478853357,4.66184944566224
"2007-10-02",3.88932198031268,3.90331675212263,3.92387344663437,3.96346345542929,4.03687368781942,4.21693046873384,4.30922894464789,4.41541736691758,4.59192707235863,4.63533962510086
"2007-10-03",3.90016483521525,3.91510478219748,3.93702046101132,3.97912595299585,4.05682278060257,4.24494875101102,4.33968819634503,4.44670479721184,4.61575427779931,4.65047975495121
"2007-10-04",3.92113642205038,3.92605845594165,3.93475010391172,3.95591789702588,4.00782306734436,4.17608112408881,4.27009974269227,4.37556964201788,4.54291939233138,4.6046621123138
"2007-10-07",3.85558696550268,3.8754947854065,3.90428973239852,3.95826203350523,4.05327740840456,4.25992816495415,4.35252333209262,4.44959151339147,4.60190257389248,4.65992941604962
"2007-10-08",3.86181878530915,3.88169764837002,3.9104081684049,3.96408169650231,4.05809533428371,4.26014005740878,4.34938149293183,4.44189610503374,4.58463142162369,4.638312569566
"2007-10-09",3.89613062162761,3.91418892940675,3.94032190818198,3.98934841972409,4.07580590428249,4.26461493712995,4.34963351653173,4.43910411243083,4.58033144918142,4.63438827139224
"2007-10-10",3.87009067730062,3.89203055105927,3.92352704172812,3.98178581593276,4.08176441911579,4.28660408120735,4.3720748931881,4.4569736191344,4.58026255819224,4.62474737226221
"2007-10-11",3.8610987021848,3.88911814289718,3.92883983735686,4.00071075256863,4.1189773763087,4.33934473772969,4.42170107847348,4.49756326605251,4.59820630296854,4.63285181450171
"2007-10-14",3.89558369170496,3.93245210807979,3.98375194889019,4.07360808112962,4.21274872391638,4.44043820282873,4.51422252154662,4.57686168456301,4.65410255482615,4.68006124519078
"2007-10-15",3.88726201406865,3.92292290263332,3.97269436628886,4.06033562636791,4.19738605669562,4.42627095296396,4.50206473066177,4.56713070214049,4.64804198967363,4.67529070553547
"2007-10-16",3.91115365856698,3.94041376905185,3.98189620689952,4.05695898949736,4.18049681346252,4.41076387356777,4.49685316466148,4.57617354951002,4.68143205600652,4.71767040293483
"2007-10-17",3.903645942258,3.92765749493529,3.96200888058724,4.02516269535105,4.1322863376433,4.34596942822844,4.43236675662224,4.51627060031017,4.63459809828797,4.67656318774959
"2007-10-18",3.89664544126134,3.9141058360822,3.93942606778209,3.98710253431053,4.07177858168465,4.25985590660034,4.34629488955208,4.43874807191391,4.58846186306391,4.64697875161156
"2007-10-21",3.89760001777216,3.90895795504941,3.92559021250961,3.95745448641547,4.0159860250309,4.15709475292805,4.2287702865459,4.31209856712438,4.46818243903534,4.53849001055013
"2007-10-22",3.91420242682403,3.92402900349417,3.93846783612466,3.96629797626325,4.01802934307009,4.14647751957666,4.21413840761554,4.29534502568588,4.45712940791159,4.53532000731292
"2007-10-23",3.91006926175206,3.9205663948545,3.93596350006263,3.96554816699399,4.02020538935533,4.15386384778365,4.22295620949841,4.30451682080437,4.4618079876568,4.53500666773064
"2007-10-24",3.90507953929307,3.9102404021983,3.91835446203823,3.93570475631004,3.97347915817388,4.0922725850571,4.16479044688937,4.25614071612436,4.43475520821842,4.51267818889664
"2007-10-25",3.9050492605593,3.91072180361621,3.91952032406879,3.93797742873881,3.97715280911377,4.09680293123058,4.16897374615966,4.25983494753097,4.43892232826985,4.51799585561053
"2007-10-28",3.90056418488,3.90947275393391,3.92263718571377,3.94826570496919,3.99682494159042,4.12290029073472,4.19260429512719,4.2790986368395,4.45357644276888,4.52192519353878
"2007-10-29",3.91180015862821,3.92041229106052,3.93313973802135,3.95792133103836,4.00489067475645,4.12694762478241,4.1945182326968,4.27849138809475,4.4487431138122,4.51657503084412
"2007-10-30",3.90351693297498,3.91383741682441,3.92898150231845,3.95810083674971,4.01197383818427,4.14417474982333,4.21280812898096,4.29413293508246,4.45212055356625,4.52626154122583
"2007-10-31",3.8942290287653,3.91577396737505,3.94659410280559,4.00324787915587,4.09932014345562,4.29084122519662,4.36822230170353,4.44333207381673,4.5491901414317,4.58671962715338
"2007-11-01",3.92156921727857,3.93105577351043,3.94502710580474,3.97206368884845,4.02269217616574,4.1503577740173,4.21850855083156,4.30060200852581,4.45896701232314,4.52372935237425
"2007-11-04",3.89721645462672,3.90675920890935,3.92084303562598,3.94819966769882,3.99980232168702,4.1322540186069,4.20443352326006,4.29280598154929,4.4661498244436,4.53216940455114
"2007-11-05",3.9187924228318,3.92550308495666,3.93571309993697,3.95652816837745,3.99894356616447,4.12179586737993,4.1939607230873,4.28433841986108,4.46404264039945,4.54487115846962
"2007-11-06",3.93421096222103,3.94117423338011,3.95173817830972,3.97317952692418,4.01657635837736,4.14100532278098,4.21362698962497,4.30433852187198,4.48444863994613,4.56550777311269
"2007-11-07",3.93173042607698,3.93415858441858,3.93839897795505,3.94876175205516,3.97523850337189,4.07555853212038,4.14374651612422,4.2344966962859,4.42396319986149,4.51045500990972
"2007-11-08",3.932514910788,3.92842738120306,3.92407465776431,3.92097053750644,3.93201729587636,4.03327275800519,4.11503628880491,4.22558770637301,4.44506624209683,4.53803916789324
"2007-11-11",3.94189096502495,3.93469824862631,3.92604054660031,3.91547234078231,3.91536091270108,4.00168419810722,4.08120305606173,4.19248479095358,4.41897294052742,4.51586679745912
"2007-11-12",3.92798932165414,3.9230113928015,3.91725579381162,3.9111806371266,3.91607531048348,4.00189896798048,4.07733454250691,4.18321797313103,4.40351816341347,4.50003332672427
"2007-11-13",3.93589518561821,3.93647859160283,3.93825617114945,3.9446751419711,3.96644558071495,4.06743959095988,4.14136066840287,4.24208933523279,4.45512051006411,4.55227442465777
"2007-11-14",3.97359874443532,3.97011328439495,3.96642831905878,3.9639347730297,3.97406869182114,4.06527067114452,4.13956279056515,4.241085753505,4.44650508927355,4.53492985636673
"2007-11-15",3.9618750473839,3.95232440759929,3.94059065772432,3.92528587698027,3.919861751076,4.0050454645895,4.08654923777872,4.19938500112219,4.42177679746403,4.51414156304076
"2007-11-18",3.95424547842952,3.9449044827651,3.93349635746475,3.91889594840132,3.91514915082181,4.00745190659544,4.09468072791388,4.2160532571617,4.45843085381432,4.56026924294735
"2007-11-19",3.96804079383251,3.94162852107339,3.90789549030867,3.85869950327374,3.81524122677046,3.89484497050762,3.99651962683881,4.13540257643451,4.38842793756097,4.48651882351186
"2007-11-20",3.95394269261146,3.93529071116267,3.91174182593763,3.87847907900557,3.85402059542292,3.94507778135868,4.04460471374143,4.18116980805636,4.4381911546504,4.54056518079986
"2007-11-21",3.97796844416477,3.94512237236676,3.90308439114297,3.84139281225958,3.78496687857523,3.86880581770351,3.98240155541313,4.13689398623152,4.41435607525998,4.52080231455525
"2007-11-22",3.9819363276083,3.9483410607915,3.9050526660071,3.84061519028212,3.77882595974394,3.85582861766686,3.97224363106409,4.13588097822399,4.44120286331984,4.56093157663847
"2007-11-25",3.93899461700045,3.9182711059422,3.89164558471168,3.85247633092844,3.81787629795426,3.89542081553665,3.99716078972631,4.14501936034906,4.44255525914273,4.56621641936298
"2007-11-26",3.96419322588913,3.92522502258661,3.87647190783988,3.8082404773177,3.75516120800319,3.87324085495782,3.995912783046,4.14595289243197,4.38477831469468,4.47097623359671
"2007-11-27",3.97680781899348,3.95449437084667,3.92593222984242,3.8842153115206,3.84810315580835,3.9303710562938,4.03451323812422,4.18223717425034,4.46896177863259,4.58509215533234
"2007-11-28",3.96862018596068,3.95309352415754,3.93375295020815,3.90745800627736,3.89280118359635,3.99919079396727,4.10594430778495,4.25279390991449,4.53542552997292,4.65032155222259
"2007-11-29",3.98205410065755,3.95344155174589,3.91723198896588,3.86553611418246,3.82383255024952,3.92786817622858,4.04586109403831,4.20249366182986,4.48001536753319,4.58606274278951
"2007-12-02",3.96615441488908,3.95424542964742,3.93959914340955,3.920438267465,3.91338351712684,4.01826896807913,4.11899121024546,4.25854480873344,4.53374251893857,4.64806132917596
"2007-12-03",3.93832870782575,3.92396598793125,3.9056780762621,3.87945351718982,3.8595639202199,3.93886363428716,4.0319246808716,4.16853886600236,4.45476500411134,4.57829544336013
"2007-12-04",3.93834759810585,3.92345439717198,3.90424800258843,3.87585525624929,3.85095890337438,3.91691397412473,4.00495170760301,4.13904883674987,4.43229869071219,4.56272957717257
"2007-12-05",3.92913047007779,3.91408903578501,3.89474714916738,3.86634321931145,3.84213927248526,3.91198373125658,4.00223291793505,4.13830449544979,4.4320867604925,4.5615189152857
"2007-12-06",3.86129952557985,3.86264644063183,3.86545949720665,3.873638028113,3.89819247298287,4.00754944196292,4.0894530145854,4.20549272444706,4.47260591366686,4.60575428352196
"2007-12-09",3.88000984069618,3.88779599097453,3.89951293578448,3.92302741325849,3.97001110126727,4.10524538656634,4.18715317292987,4.29501730846587,4.53831871959115,4.66608930665418
"2007-12-10",3.87640797038243,3.88905074980791,3.90764676638252,3.94355554125984,4.01054467281576,4.17838557595565,4.2677886880067,4.37616059003176,4.59639843132939,4.70540495329458
"2007-12-11",3.8604057294192,3.86824740110045,3.88026632883192,3.90504240828794,3.9563554613802,4.10828367988675,4.19856541201959,4.31192850228401,4.53661250617353,4.63690007092394
"2007-12-12",3.87424949059464,3.88901204259562,3.91061796582613,3.95197014210914,4.02778405470761,4.20969109017258,4.30155172970912,4.40780949485012,4.60496821627395,4.69286727497934
"2007-12-13",3.89361176238328,3.90756497432962,3.92800981262996,3.96721963572038,4.03939308293144,4.21428118412503,4.30367506237105,4.40817028431925,4.60593305091183,4.69603569836957
"2007-12-16",3.87969968724843,3.89635705069074,3.92062289480679,3.96668360891696,4.04977952679246,4.24144101389608,4.33365869990098,4.43605123520703,4.61253683946126,4.68551188189722
"2007-12-17",3.80229961485117,3.8240560134624,3.85544199711619,3.91399796158395,4.01616202111899,4.23370365698045,4.32873224645847,4.42641224530994,4.57523425040884,4.63069003075203
"2007-12-18",3.78459342669865,3.80724046737326,3.83987701117453,3.90065345580434,4.00631414196524,4.22942655467752,4.32591892166843,4.42435228381552,4.57267806597189,4.62751786832338
"2007-12-19",3.74657475840447,3.77090125056449,3.80589561341848,3.87085845878213,3.98311708630471,4.21684185842721,4.3162400638585,4.41636759057966,4.56458181120804,4.61872018109292
"2007-12-20",3.81112295814345,3.82878233113393,3.85443952374852,3.90291222725566,3.98956218391273,4.18504151713813,4.27659299828807,4.37601602730742,4.54106155244609,4.60697422616972
"2007-12-23",3.80380290631112,3.82505277306653,3.85579994066382,3.91346808129025,4.01511461422484,4.2368332715897,4.33652946227241,4.4413297324753,4.60647101228304,4.66959551938565
"2007-12-24",3.76977258627368,3.79517333885867,3.83166591943053,3.89925622248976,4.01554659319392,4.25522414429926,4.35593573079146,4.45648842561107,4.60352474155835,4.65680915315325
"2007-12-25",3.75728228617931,3.78234081907709,3.81840207906498,3.88539076206455,4.00130062187536,4.24335886047043,4.34667232679768,4.45102354299596,4.60606979214387,4.66284518364906
"2007-12-26",3.77778221606184,3.80252130163005,3.83810547922141,3.90415110787892,4.01824055587125,4.25558219694922,4.35642022502324,4.45792458689617,4.60802592382965,4.66281727954039
"2007-12-27",3.83398510485427,3.85756945998397,3.89152666986999,3.95466382478344,4.06409938874799,4.29356520331671,4.39197759961263,4.49173802535237,4.64071788405219,4.6954590818219
"2007-12-30",3.87512480433042,3.89160804254035,3.91561778723729,3.96118416881936,4.04335946577107,4.23273610021743,4.3237597172611,4.42473911128147,4.59852860136198,4.67028578725996
"2007-12-31",3.89406776721917,3.91142470514034,3.93663639103512,3.98424702205549,4.06928521228557,4.26074489105604,4.35019612443622,4.44714666681395,4.60756298187789,4.6714414287316
"2008-01-01",3.8981927981401,3.91368972691291,3.93628963947616,3.97927090414475,4.05710286149109,4.23827038320423,4.32641691241707,4.42520487256092,4.59827251903878,4.6709771091758
"2008-01-02",3.89533518466669,3.89707886847218,3.90068446126215,3.91100833671491,3.94117085903158,4.06690708365167,4.15447640981814,4.2706445384527,4.5075774095833,4.61260159487972
"2008-01-03",3.90303357028557,3.90102407188263,3.89954802509491,3.90144808828551,3.92022682836485,4.03545975335313,4.12366008470748,4.24259873390947,4.48263966130507,4.58646955580437
"2008-01-06",3.92060647218996,3.9113868474139,3.90018520002929,3.88608438173222,3.88366022710845,3.98175153152651,4.07348795205086,4.20139259108005,4.45861227455516,4.56740489609669
"2008-01-07",3.90630101480464,3.90155455029886,3.896120401358,3.89064772248116,3.89687733386995,3.99023703154697,4.07368176817925,4.19380011946905,4.45603747904053,4.576072459612
"2008-01-08",3.99948479278446,3.98180225765679,3.95933536439226,3.92714561625491,3.90194497811667,3.98409732244856,4.07908133632627,4.21275629309855,4.47284150808396,4.57873780341874
"2008-01-09",3.95876493160018,3.94473545735344,3.92692779851796,3.90158067048803,3.88305680500922,3.96330904276551,4.05506918249273,4.18840332191248,4.46401289737189,4.58178999546932
"2008-01-10",3.95639250729303,3.94023425195432,3.91972598014636,3.89049327764164,3.86866568074442,3.95489342573882,4.05337447618202,4.19454984449197,4.47917525771201,4.59836251191907
"2008-01-13",4.00219917876419,3.97486227625181,3.93962404060681,3.8872075778999,3.83760743425057,3.9096436306451,4.01481850986116,4.16482974732795,4.45258209966001,4.56765157249358
"2008-01-14",3.96504465536545,3.94058069758659,3.90893565914565,3.86158521587942,3.81635698769999,3.88593379834897,3.98971539051543,4.14224603864949,4.44901029458989,4.57589163861397
"2008-01-15",3.96685603422714,3.93528474233671,3.89417866644949,3.83163364930533,3.76726098551237,3.82357181525778,3.93053093027857,4.08916779561118,4.4038178656696,4.53186204493574
"2008-01-16",3.98408072969058,3.93452945225727,3.87074140717825,3.77564837482112,3.68189024171678,3.7601421776633,3.89395837385229,4.07643862815825,4.39788431224626,4.51929320108931
"2008-01-17",3.98585739450971,3.93013970211065,3.85807077255026,3.74944508083091,3.63789514701102,3.70105221143937,3.83669311524998,4.02508294995338,4.36003729407398,4.48686489835163
"2008-01-20",3.98971886915046,3.92600045949862,3.84473598178094,3.72573370823331,3.6136643768972,3.71788419416294,3.87333305350788,4.07367406239225,4.40386997043751,4.52445145568007
"2008-01-21",3.99420602917057,3.90214594364096,3.78640771157866,3.62141883116441,3.47590534875108,3.62145077505715,3.80564197883336,4.02419120208586,4.35345790278207,4.46923446693364
"2008-01-22",3.94057483528452,3.86786786894718,3.7765344021048,3.64701820240364,3.53758549943688,3.69549411399207,3.87650272723536,4.09510945585445,4.43406221381125,4.55477133056885
"2008-01-23",3.90276559736873,3.82333660142853,3.72213797103889,3.57429702850656,3.43636907832702,3.57311281923615,3.77074462320005,4.0246672666004,4.44253511727242,4.59507601872787
"2008-01-24",3.96502905232732,3.90341006956162,3.82519349779852,3.71198312074242,3.61058321925753,3.74167501579788,3.91121370080893,4.12752375012389,4.48367269752696,4.61391236760628
"2008-01-27",3.96584423869476,3.89665264329302,3.80921038658134,3.68356215363336,3.57212633984019,3.70407484990365,3.87139725952389,4.07800035702037,4.40449130945155,4.52160048521513
"2008-01-28",3.94963376980106,3.8872677757336,3.80787335993896,3.69216405490387,3.58555184045444,3.70280746469855,3.86563505392546,4.07500470936279,4.42108919082738,4.54777234918323
"2008-01-29",3.98001541826898,3.91394210808811,3.83019555584225,3.7092177016519,3.60067555894441,3.73042892382724,3.89919175797145,4.11143773547425,4.45410347659116,4.57820134296359
"2008-01-30",3.95933440357877,3.89171155467324,3.80672031216263,3.6861989988683,3.58521192958314,3.74367493142523,3.92328697250147,4.1422191894593,4.48599803202057,4.60912938709712
"2008-01-31",3.95077205858927,3.87354930971292,3.77579732165288,3.63478590474696,3.50770651952765,3.64488055614571,3.82612445830392,4.0508903562283,4.40683443862609,4.53456931951716
"2008-02-03",3.97411402405624,3.89336908447067,3.79080409079071,3.64163733475212,3.50276766729701,3.62387347927398,3.80121518428937,4.02336024295005,4.37685812520137,4.50385366595997
"2008-02-04",3.99002910320253,3.90731412517551,3.80256736726586,3.65114514770907,3.51255322724084,3.64043639061426,3.81856864707103,4.0381834282667,4.38208847934572,4.50482775888857
"2008-02-05",4.00007484579512,3.88444636648695,3.74065627912039,3.53987532330499,3.3719103372939,3.55232995447529,3.75459494266263,3.98168182407325,4.30636321568197,4.41853721707313
"2008-02-06",4.00590173530352,3.88931478258206,3.7434126988209,3.53708581577055,3.35786833441893,3.52987913747229,3.74094817862639,3.98461264844888,4.34141293866012,4.46559755429329
"2008-02-07",3.9849533585677,3.85952163625839,3.7024960872309,3.48042168979112,3.28833974118412,3.4840968489467,3.72082566912451,3.99543150170398,4.40001317785569,4.5411476882525
"2008-02-10",3.97038465869825,3.82938453567514,3.65399004423384,3.40889979674959,3.20324096033164,3.42045734705771,3.66575183128714,3.94134705525564,4.33550541693399,4.47169018181378
"2008-02-11",3.99239178306068,3.85499289405374,3.68374442138853,3.44353036619776,3.23977071050393,3.44953138104928,3.69235536068687,3.9675993862941,4.36429363238877,4.50167592126096
"2008-02-12",3.99934811413288,3.8644588679595,3.6966086929349,3.46206608598964,3.26629678416708,3.48657064764085,3.73197434273842,4.00908019307065,4.40779689373863,4.54583936635552
"2008-02-13",3.98620490515232,3.8625685905711,3.7083311022667,3.49201743982649,3.31136971942205,3.53428497571641,3.78268439557043,4.06841741462905,4.48781249929975,4.6340109529426
"2008-02-14",4.02662463347165,3.89714909129847,3.73742484979352,3.51847121439114,3.34848611336526,3.60076401353355,3.84660626523472,4.11671215262449,4.49780295930769,4.62903649660537
"2008-02-17",3.99839795343782,3.8674792530728,3.70501713436278,3.47950228556104,3.29655708353143,3.53407710160544,3.78386201576942,4.06420792547124,4.46652049397241,4.60574291454607
"2008-02-18",4.01309713438221,3.88965803261846,3.73721854526415,3.52791397916031,3.36528918437278,3.61345986214859,3.85630311593223,4.12500143562133,4.50676256290581,4.63851366268667
"2008-02-19",4.02343030518752,3.9008004786656,3.74894355300335,3.53922245100407,3.37289954636399,3.61231642099877,3.85456847322464,4.12529817757311,4.51308102356871,4.64723073463894
"2008-02-20",4.01955954005024,3.91241493175153,3.77914281318756,3.59355493394702,3.44330008999323,3.6582020795106,3.88438563515969,4.14292199901446,4.5213127393132,4.65314593717917
"2008-02-21",4.02247514555337,3.91701646204814,3.78556146959949,3.60155646028361,3.44916753751915,3.64516997881938,3.85999457814879,4.10666355947177,4.46842807073563,4.59451760625307
"2008-02-24",4.01305874104714,3.90784902944049,3.77640721937326,3.59169660424114,3.43761161639258,3.64021390568433,3.8656924268225,4.12813152541143,4.51849178376733,4.65523608888343
"2008-02-25",4.02112265545649,3.92037503880064,3.79413331097703,3.61571044102456,3.46452726513896,3.65884427274159,3.88207652080486,4.14581495030508,4.54397427658962,4.68420874999059
"2008-02-26",4.02021206114402,3.9247309845562,3.80538948354275,3.6377425313143,3.49940558279449,3.70117867348659,3.92190217349697,4.18122801943777,4.57170106024608,4.7091544747921
"2008-02-27",4.01277223935265,3.91014666233154,3.78268117899697,3.60595125211555,3.46640950367986,3.69453032592708,3.9262027831597,4.19144296267971,4.58143510573138,4.71758213130081
"2008-02-28",4.01243135336608,3.89067972069907,3.73913009139704,3.52755283191205,3.35343035287926,3.57764259573287,3.82027013029814,4.09680363776211,4.49944445477436,4.63943757338921
"2008-03-02",4.00575676111532,3.87198109361054,3.70420757521958,3.465915861882,3.2561974797967,3.44821519552817,3.69226669127359,3.97671554519745,4.39668333168219,4.54324308785004
"2008-03-03",4.01141471101259,3.8910789314089,3.73873951940872,3.51828917722882,3.31356793246272,3.46694909870425,3.69670140056234,3.97687255872285,4.40788796052606,4.56048915775389
"2008-03-04",4.02307885998097,3.9014408570386,3.7465683123493,3.51984270024319,3.30203937426729,3.43871156734199,3.67307531743627,3.9671603180187,4.43149226088113,4.59750845012202
"2008-03-05",4.01143986478895,3.90447606930225,3.76890594900767,3.57253187649527,3.39137207798496,3.54962873177342,3.77616121460559,4.05615979277445,4.4951503740115,4.65186665035679
"2008-03-06",4.02083647135506,3.9197293393202,3.79071310699402,3.6011749842612,3.41834812225522,3.54231340266196,3.75256897375724,4.02077465918063,4.45312911952832,4.60915564870458
"2008-03-09",4.02502087719729,3.91131550988602,3.76649422685814,3.55443101265399,3.35114334467909,3.48637761536974,3.71311234922476,3.99877016125468,4.45258043428557,4.61529723046947
"2008-03-10",4.0163019142136,3.90041120103395,3.75158630773755,3.52993821706768,3.30639118286149,3.40794441983915,3.63376789653845,3.93063382706142,4.42026004638981,4.59847113086304
"2008-03-11",3.99754017252721,3.91211244946835,3.80112149564015,3.63213004197181,3.45228885706222,3.5133979734702,3.70003415965552,3.96471060811833,4.44015677508982,4.6206718086237
"2008-03-12",3.9958260822332,3.9052968245443,3.7882515694682,3.61168196792398,3.42791850602687,3.49906186185908,3.68737447340597,3.94581101928687,4.39273481362967,4.55909926295183
"2008-03-13",3.98769972671174,3.90254287304875,3.79201204691253,3.62403765243043,3.44612446993588,3.50890376909357,3.69372894181071,3.9541342267109,4.41848211858782,4.59410060899879
"2008-03-16",3.99093571144756,3.89298866943211,3.76650909656296,3.57616452220784,3.37929701602816,3.45917539537166,3.66163327261919,3.93733738587585,4.41021545340372,4.58554144187798
"2008-03-17",3.93955887881627,3.83304777113718,3.69611691755468,3.49194032280035,3.28665558340219,3.39702921626263,3.62403274407649,3.92588273922299,4.43313852200742,4.61957018159663
"2008-03-18",3.97114613590765,3.89086299740958,3.78692223597388,3.62992236046545,3.4674532292163,3.55140894055079,3.74264503338516,4.00932726113375,4.4844420458647,4.66443713394333
"2008-03-19",3.98441040167688,3.90627802152778,3.80516717584763,3.65243129557264,3.49338511824021,3.56042889587034,3.73089553582042,3.96674184794117,4.37985338543553,4.53473520346044
"2008-03-20",3.97313691306124,3.90191728495858,3.80955602838155,3.66946680733604,3.52208770161658,3.58030446911491,3.73827245895234,3.9598853316287,4.35423763489117,4.50330221173552
"2008-03-23",3.95306394088683,3.90087000125929,3.8320105060763,3.72405568630927,3.60063668342273,3.61878606925493,3.74661339052833,3.94913438157867,4.36490360902737,4.53591249468764
"2008-03-24",3.94318450910785,3.90545154482556,3.85497765152703,3.77371677230357,3.67454296656493,3.66740875679714,3.76475666572116,3.93769230616188,4.34681262535418,4.53292979966143
"2008-03-25",3.94907532068283,3.91634028598772,3.87373764391243,3.80901638021575,3.74300522968512,3.8073729345634,3.92415206308891,4.09782867773757,4.44552717326721,4.58811298416372
"2008-03-26",3.99779845104074,3.95231649741315,3.89305413014627,3.80257312246161,3.70733935214406,3.76594581770456,3.89735639414674,4.0904128173937,4.46216620051237,4.60996682364514
"2008-03-27",3.92409922656526,3.88404114606891,3.83236855832648,3.7553256715916,3.68140635771639,3.77769743128714,3.9231466075704,4.12985905155754,4.52239568758278,4.67814803571537
"2008-03-30",3.93432567989771,3.89673131218438,3.84803598841736,3.77479152342171,3.70242944191166,3.78509046770694,3.92032384566269,4.11646503808676,4.49773409095403,4.65118766084114
"2008-03-31",3.95300068112847,3.91515288721343,3.86662303303425,3.79519531795733,3.72969289410678,3.83205379104747,3.97175218386241,4.16497752206,4.52088680308271,4.65961234832689
"2008-04-01",3.95300068112847,3.91515288721343,3.86662303303425,3.79519531795733,3.72969289410678,3.83205379104747,3.97175218386241,4.16497752206,4.52088680308271,4.65961234832689
"2008-04-02",3.9262449315645,3.89873142866945,3.86355035047655,3.8122648661367,3.768058331568,3.86820303368148,3.99384006104074,4.17064197028581,4.50969664814834,4.64587357560587
"2008-04-03",3.91661430666726,3.88795138155774,3.85141277236758,3.79853139234605,3.75437792067126,3.86558452822612,3.99991569727407,4.18725031294535,4.5432740782066,4.68553459935809
"2008-04-06",3.93415527956126,3.89381529051752,3.84280955992874,3.76997558757199,3.71016376704018,3.84084620723605,3.98977962815289,4.1836470992337,4.51679421826106,4.6417689482215
"2008-04-07",3.92391950404832,3.8958747443918,3.86083580917814,3.8124190706788,3.77975430308504,3.9158975419538,4.05253383581191,4.23036527123249,4.54186354399659,4.66048929211382
"2008-04-08",3.91815824938217,3.88616473399286,3.84633518103675,3.79169059264069,3.75572458985776,3.9080632076651,4.05667165575728,4.24623147400722,4.56953525583969,4.69078740821845
"2008-04-09",3.93875718033381,3.89240680160617,3.83450891443424,3.75394949909215,3.69393514582391,3.85551346879922,4.01882850184422,4.22057610714142,4.54718546936077,4.66611685250046
"2008-04-10",3.93875718033381,3.89240680160617,3.83450891443424,3.75394949909215,3.69393514582391,3.85551346879922,4.01882850184422,4.22057610714142,4.54718546936077,4.66611685250046
"2008-04-13",3.96567497272832,3.91134966373078,3.84239931259847,3.74273094274811,3.65452589590207,3.78110668585884,3.94077745788867,4.14589392547011,4.48763380276928,4.61341567094211
"2008-04-14",3.9454767674169,3.90512719531178,3.85423963872181,3.78199982910489,3.7241433668561,3.86057616411889,4.01150808738547,4.20636905828892,4.53848827392715,4.66257955535845
"2008-04-15",3.93707353318511,3.91187374395062,3.88052462297583,3.8377864095577,3.81187719776494,3.95513316650532,4.0952341969433,4.2793485849454,4.60851897044215,4.73565005023063
"2008-04-16",3.93933438998007,3.92917258957298,3.91722183596678,3.90366361366787,3.90829632207578,4.04741351554313,4.16779018976191,4.3310217101992,4.64928953843384,4.78124963822822
"2008-04-17",3.94520138085041,3.94290695972908,3.94144060761269,3.94468281737871,3.96988168994663,4.11495900662772,4.22190707369425,4.36206944544412,4.63240223987472,4.74513895991461
"2008-04-20",3.92905284107145,3.92760331263602,3.92689079716496,3.93014453914071,3.95152093756293,4.07923354861813,4.18062216472716,4.32352978706694,4.63722944920798,4.78393958667158
"2008-04-21",3.95877430342429,3.96008871303431,3.96323163214922,3.97321485653511,4.00458499276109,4.14246504044973,4.24073908482065,4.3725738729496,4.64514000765897,4.76714156757278
"2008-04-22",3.91173049557477,3.91596421712979,3.92310591203366,3.93988139211902,3.98106057115049,4.13221472973399,4.23427668451359,4.3706742603758,4.65987550308712,4.79437492091439
"2008-04-23",3.96871256957449,3.96945126195075,3.9718525277068,3.98075995780456,4.01138615755594,4.15456867117726,4.25964617339758,4.40296772976465,4.70632903160947,4.84473250066063
"2008-04-24",3.99189625772195,3.9853863979815,3.9782743959599,3.97239664429899,3.98630639057893,4.12901344731244,4.24528323928113,4.40224265900049,4.71180614220419,4.84207402924058
"2008-04-27",3.96238934587273,3.95872521846628,3.95564715328649,3.9570408409569,3.98266256614251,4.14414762485,4.26463300821952,4.42216801738274,4.72301498173087,4.84724490226838
"2008-04-28",3.97923200168342,3.96321892578225,3.94364212125342,3.91836791527041,3.90998338017307,4.04770974087038,4.17489189372333,4.34587908362841,4.66796392964127,4.79737126696777
"2008-04-29",3.97777674812773,3.96252582004696,3.94400836169901,3.92052602024422,3.91434562345283,4.04923295690281,4.16977632808796,4.32883921840244,4.6209392954935,4.73633260587471
"2008-04-30",3.98733705417576,3.97436304653457,3.95916971013611,3.94193465926279,3.94632699797119,4.09754137136342,4.21977258085431,4.37505918204948,4.64863106259353,4.75417345190866
"2008-05-01",3.97892628423095,3.9699323668671,3.95999115857953,3.95106245533567,3.96562361208865,4.12381585602541,4.24518485413897,4.3991570247838,4.6736991832957,4.78085499412885
"2008-05-04",3.94278458270514,3.93840217305523,3.9341892990175,3.93314728287436,3.95348559815453,4.09896875619922,4.2102548724349,4.35685421496914,4.63839755051375,4.75491785538549
"2008-05-05",3.96709142852368,3.95541136420727,3.94155679855605,3.92529283904036,3.92747355307689,4.06664602380339,4.18627666917226,4.34537569470529,4.64483408128144,4.76561065584598
"2008-05-06",3.96319670374217,3.9516497400678,3.93799174452454,3.92208564440823,3.92472145323899,4.06261751896181,4.17977011016183,4.33431089014056,4.62176572639575,4.73674646292838
"2008-05-07",3.97979519365192,3.95641569016931,3.92681264030548,3.88467179499352,3.85223126464095,3.95730256755283,4.07529183179206,4.23739589572693,4.54162029841495,4.66242652953762
"2008-05-08",3.97676664142896,3.95417600938357,3.92524255658634,3.88296565402082,3.84654804233905,3.9337541350517,4.04413529874317,4.20221977538868,4.51418715392217,4.64210580589953
"2008-05-11",3.9680140302178,3.95533381936026,3.93936239645813,3.91712962946954,3.90330550761044,3.99338739237046,4.09155144144324,4.23508001988419,4.53884530533544,4.67167120876327
"2008-05-12",3.99136363496481,3.98472729299597,3.97695708788947,3.96839034125168,3.97334363707855,4.08306448575355,4.18253326548546,4.32495278441539,4.63059466031123,4.76799574659102
"2008-05-13",3.97421577570016,3.97689750766724,3.98174432139921,3.99406602459519,4.0269739206739,4.15905962282725,4.25287496963263,4.38190432187043,4.66665573035447,4.80354924950732
"2008-05-14",3.99177081310486,3.99923246627263,4.01045565387709,4.03297158557138,4.07800421742826,4.2088944591334,4.28969660937624,4.39853443517616,4.6578743387182,4.80423402628938
"2008-05-15",3.98543033895029,3.99216313489443,4.00238595945951,4.02320744583326,4.06588432425749,4.19499869006746,4.27682489707624,4.38809988974278,4.65250507281735,4.79853274981067
"2008-05-18",4.00052055463576,4.00793326019472,4.01906459611619,4.04133633106723,4.0856787238528,4.21351665398537,4.29194679375793,4.39726568444068,4.64772893379082,4.78929136298365
"2008-05-19",4.01826018732858,4.02126365892768,4.02634622090922,4.03836826068339,4.06835227090914,4.18347146912145,4.2654324711857,4.38046251469331,4.64832591230921,4.78551773580142
"2008-05-20",4.02807325841853,4.03778237300706,4.0521640354272,4.08028401980653,4.13403889049745,4.27711528012393,4.35905043530438,4.46476715303565,4.70559682653069,4.83646219295948
"2008-05-21",4.03494358593138,4.04658927185315,4.06374402806214,4.09695717270598,4.15923933051443,4.31733285544755,4.40291268565637,4.50816187360332,4.72846072218516,4.84152885240284
"2008-05-22",4.03911751671612,4.05053896198143,4.06735888062791,4.09990815466113,4.16088793778753,4.31530871746738,4.39865507121336,4.50088638343843,4.71370543663846,4.82219599534274
"2008-05-25",4.03133374165005,4.04444790731889,4.06370566349254,4.10078375535534,4.1695588001873,4.33942016462217,4.42830982916116,4.5343770746477,4.74327591150595,4.84288031657541
"2008-05-26",4.03498655865526,4.04752753827477,4.06598005241357,4.10163318659126,4.16822412579102,4.33556335398261,4.42502717361041,4.53382921059419,4.75641420710696,4.86747538318159
"2008-05-27",4.01570215478823,4.03111224111322,4.05368880719556,4.09697688411357,4.17662099147747,4.36939483936677,4.46779472172601,4.58267919855988,4.79960832763182,4.89819324986706
"2008-05-28",4.01724997581729,4.04094427579939,4.07513643578462,4.13896251829448,4.25043828840334,4.48839357525897,4.59264658396104,4.7000505367386,4.86423048017518,4.92555618202259
"2008-05-29",4.04110806554882,4.06127473918711,4.09053785935171,4.14569980612979,4.24388163847766,4.46308484655305,4.56446022072507,4.67343391835875,4.85133277106134,4.92134637146156
"2008-06-01",4.04160530771293,4.05555542698216,4.07602576671689,4.11538719091157,4.18821126304853,4.36693167844771,4.45972558033991,4.5696884476625,4.78334784485127,4.88363488457802
"2008-06-02",4.07614201406358,4.09306620057605,4.11773847604132,4.16463042453409,4.24943615789149,4.4462259714217,4.54161174946913,4.64817468758029,4.83382579159168,4.91139063083389
"2008-06-03",4.03748676021748,4.0539994277781,4.07816457703372,4.1244075179011,4.20916147788896,4.41236211604899,4.51487835978786,4.63336483506265,4.85287827430236,4.95058245166774
"2008-06-04",4.10278345917443,4.14291163975383,4.19832295626185,4.2941115682918,4.43887770202176,4.664357036194,4.73378302876358,4.79129727849315,4.86104600840675,4.88440403969423
"2008-06-05",4.01277770937905,4.15680399216864,4.30573176466704,4.46940040356856,4.59376874502461,4.67676892666871,4.6926558534434,4.70457106731926,4.7184721502339,4.72310584453879
"2008-06-08",4.09057983330018,4.20668081656758,4.34209497492098,4.51666323933694,4.66915407155241,4.75306043897393,4.7634433529881,4.77076526987929,4.77924429361383,4.78207025452397
"2008-06-09",4.12466107420602,4.21493438480331,4.32504766509546,4.48000859782926,4.64498600590772,4.79219275481023,4.82242197856492,4.84512440476471,4.87161216671647,4.88044142369607
"2008-06-10",4.02487843822234,4.15047111248849,4.29765951166226,4.49219424184851,4.68057636713672,4.83210254502619,4.86213232401191,4.88466109371718,4.91094483265406,4.91970607909274
"2008-06-11",4.18236651299235,4.23444243055868,4.30470699784355,4.42145848400925,4.58568276478904,4.80859175343395,4.86877587206341,4.916176732637,4.9721755294854,4.99085717826003
"2008-06-12",4.14923849225632,4.21063685638758,4.31945957389145,4.50988718228898,4.71875550027128,4.88286319719622,4.91474278457044,4.93865284551865,4.96654791842198,4.97584627605652
"2008-06-15",4.23410281738202,4.23172496640509,4.39355899784748,4.62803143183577,4.787793633596,4.88589095751843,4.90457754741951,4.91859248984538,4.93494325600888,4.94039351139672
"2008-06-16",4.2366351836601,4.25101944834869,4.40299395022911,4.61456469237666,4.75752259367858,4.84524563429522,4.86195598632755,4.87448875035184,4.88911030838018,4.89398416105629
"2008-06-17",4.18119539915241,4.17380815394546,4.39008561750155,4.6180967196686,4.74747164754418,4.82532665235652,4.84015618960411,4.8512783425398,4.86425418763143,4.86857946932865
"2008-06-18",4.23928788322948,4.17331600093739,4.39668638299776,4.64694009285358,4.79008320772697,4.87624068573985,4.89265164877742,4.90495987105561,4.91931946371349,4.92410599459945
"2008-06-19",4.25226217749413,4.17645658270034,4.3852019100095,4.62265218315905,4.75873380245612,4.84064485166838,4.85624697061691,4.86794855982831,4.88160041390828,4.88615103193493
"2008-06-22",4.15058453824989,4.24916383417966,4.36696285182941,4.52744456659102,4.69000761184127,4.82706055730788,4.85462152522864,4.87530492395115,4.89943603003186,4.90747973260888
"2008-06-23",4.19130814506094,4.26120631388663,4.35006676507161,4.48375709749759,4.64222588130462,4.80501922036227,4.84082685666133,4.86785321528615,4.89940206645775,4.90991844257001
"2008-06-24",4.23687201257732,4.27150789712356,4.35383082181022,4.51145001145138,4.68505189146061,4.81824259976125,4.84399338798336,4.86330660548386,4.88583869297619,4.89334938880698
"2008-06-25",4.20664305808,4.26010947432051,4.32946613440282,4.43734115402128,4.57255009434548,4.72352455981562,4.75850182366033,4.78507880090669,4.81613708790263,4.82649028022625
"2008-06-26",4.26325001115633,4.28776848143749,4.32253451537728,4.38546252049622,4.48908700963323,4.68247625242542,4.75488027330032,4.82165169546593,4.91034260589769,4.94088935860663
"2008-06-29",4.19543461210638,4.2844546601242,4.3934294376787,4.54766942630637,4.71336153573609,4.86282502686083,4.89365607011728,4.91681522705343,4.94383624942074,4.95284326101962
"2008-06-30",4.2940695453508,4.33922724211165,4.3998778669017,4.49987216743702,4.63858291196025,4.8221735088949,4.87065838341129,4.90858958434684,4.95328588734511,4.96819334308873
"2008-07-01",4.27715628361862,4.34470415989204,4.43034297897219,4.55861259956823,4.70953667184234,4.86295317434697,4.89649656740662,4.92179853574846,4.95133209339769,4.96117668218168
"2008-07-02",4.29150568681573,4.31108297101314,4.33909757692349,4.39062395403204,4.47809772626828,4.6529173657949,4.7237590715604,4.79266443624484,4.89003216301619,4.92460190392341
"2008-07-03",4.30577108444875,4.32069921653653,4.34232299986619,4.38295854788165,4.45485278063153,4.61308140891806,4.68500015283068,4.76124639005346,4.88299539351511,4.93003126603036
"2008-07-06",4.33711640553317,4.34453606331758,4.35550986744242,4.37690772409618,4.41758381048518,4.52417401492482,4.58389707509903,4.65913749093131,4.81862574526551,4.8913171321
"2008-07-07",4.32375453587655,4.33468219969635,4.35064825935244,4.38111365135938,4.43663835296465,4.56793689907774,4.63306566395229,4.70725730985643,4.84108738023257,4.89899550294327
"2008-07-08",4.31643593717238,4.32792282910888,4.34459790659409,4.37605390982396,4.43212113768595,4.55772361987031,4.61605061373954,4.67895752283601,4.78220804886303,4.82303300786934
"2008-07-09",4.31166546257776,4.32279447845651,4.33902255304869,4.36987922904219,4.4257329430719,4.55561396627524,4.61873098739886,4.68939627820004,4.81297514182434,4.86479871654551
"2008-07-10",4.2952191168823,4.31106374714722,4.33394985666604,4.37674182621528,4.45171922809787,4.61297354097773,4.68426204254723,4.75821641982162,4.87243440173748,4.91542379866974
"2008-07-13",4.2878010433136,4.29819018171359,4.31339706092642,4.34250778816291,4.3958995764711,4.52413169494097,4.58896456645841,4.66403576912201,4.80359691908914,4.86594717442316
"2008-07-14",4.31856941204714,4.32624147932335,4.33759553859999,4.35975950115521,4.40198789471988,4.5133531696367,4.57631684530634,4.65643640908056,4.83161580743994,4.91820067915244
"2008-07-15",4.30325518245151,4.31423063293514,4.33027905296432,4.36094415264035,4.41698453409245,4.55038805519577,4.61710386340907,4.69363498364893,4.8334569804154,4.89477094829648
"2008-07-16",4.29824817526208,4.31464762907841,4.33831918232226,4.38252717805014,4.45980828080397,4.62512115396885,4.69773174021914,4.7726823998154,4.887582351704,4.93059067704501
"2008-07-17",4.29026481008486,4.32554800406212,4.37422371997835,4.45823377343491,4.58482523492612,4.78083765077507,4.84083089122162,4.89039720579035,4.95040632854472,4.97049639583839
"2008-07-20",4.27464263393763,4.33069820592807,4.40390349000855,4.51904238687734,4.66613495760675,4.8354030405212,4.87544282599082,4.90597132367197,4.94167247003361,4.95357367829222
"2008-07-21",4.25995122946827,4.3191794547988,4.39651611670149,4.51812168404849,4.67340692710732,4.85197587412685,4.89419440086677,4.92638120684197,4.96402090691375,4.97656833404154
"2008-07-22",4.27098011639462,4.31966541279993,4.38453220976984,4.49003950560207,4.63293164129992,4.81420960224924,4.86040677207308,4.89619811993338,4.93823319828192,4.95224934927113
"2008-07-23",4.29581379885109,4.31976802317684,4.3535783241352,4.41428770553996,4.51275677480493,4.69052400132838,4.75463057052954,4.81238593617092,4.88730420021442,4.9128687813182
"2008-07-24",4.29724634816561,4.31711871745572,4.34570165250019,4.39874923370575,4.49037391652883,4.68092624442513,4.76185713881036,4.84330190318804,4.96369694882309,5.00763437891338
"2008-07-27",4.29746527624892,4.30974740393598,4.32769459269951,4.36194758514761,4.4244014892405,4.57223708413868,4.64566116148129,4.72939205893353,4.88072409818045,4.94633791662243
"2008-07-28",4.31341361943684,4.32230248900326,4.33543110630246,4.36096606397659,4.40925503778862,4.5339412226763,4.60232281029362,4.68638427371418,4.85055563511872,4.90771634595959
"2008-07-29",4.30370727707264,4.31081013398374,4.32131319225222,4.34178535327375,4.38067141921654,4.48234746363013,4.53913854209253,4.61043350977056,4.75986857872534,4.82584783534882
"2008-07-30",4.30849832458875,4.31012151722828,4.31301793783691,4.32028601787272,4.3394822982386,4.41614298881009,4.47075466221281,4.5462820618045,4.71508455405271,4.79737013744015
"2008-07-31",4.30776786509152,4.30981486076307,4.31324982908672,4.32129455950015,4.34115843611184,4.41695337466528,4.47101604273935,4.54727103510844,4.72712204251351,4.82066248665962
"2008-08-03",4.32670913552529,4.32656051590856,4.32703240674919,4.3302098029931,4.34372158583272,4.41548319278537,4.47163110687294,4.55145972261109,4.73187631471346,4.8191576058743
"2008-08-04",4.31577844930803,4.31636425604705,4.31771757363901,4.32196980233216,4.33555444277071,4.40008995140115,4.45068328579384,4.5249513628478,4.70724832910398,4.80429623488226
"2008-08-05",4.33725307226752,4.33620451449081,4.33536660005265,4.33607037923257,4.34521885943169,4.40816663669323,4.46129325097746,4.53939111220207,4.72328149411963,4.81511785074238
"2008-08-06",4.31903385274505,4.29732502240496,4.26892487321613,4.22534212975289,4.1796949706972,4.22085545910199,4.30231950297012,4.4278363173932,4.69201953048762,4.80431002395384
"2008-08-07",4.31275232087748,4.29397869812208,4.26932233374419,4.23123043213765,4.1908746362549,4.22993907128963,4.30853253657008,4.43393277262506,4.71410697341455,4.83909263367209
"2008-08-10",4.33692073152568,4.3197318282037,4.29711657973455,4.26205383236436,4.22453445931408,4.25933846164525,4.33197378419822,4.4492483623006,4.71578663059191,4.83632307668423
"2008-08-11",4.36845231518994,4.33715174346758,4.29601201922821,4.23205470405639,4.16096228305222,4.18472827158737,4.2698081292383,4.40152772030814,4.66881059349222,4.77835562367433
"2008-08-12",4.35421770034012,4.32317033849045,4.28222035683295,4.21812924457072,4.14569146169454,4.16639591390495,4.25297530176872,4.39054993682453,4.67932136913179,4.80043312278067
"2008-08-13",4.35395434277049,4.32372111594774,4.28379784868153,4.22116191065068,4.14987089044054,4.16770688448136,4.25123538349235,4.38505033183322,4.66825413620344,4.78764433964166
"2008-08-14",4.36005030774231,4.32346838644912,4.27515007307148,4.19920480593108,4.11165218704108,4.11974254154947,4.2063074597622,4.34456043476276,4.62951568535126,4.74686014403253
"2008-08-17",4.35869564681484,4.32668837416274,4.28395479046549,4.21535443718405,4.13186052072767,4.12141013285632,4.1953113599997,4.32451087721745,4.6183690389615,4.74751071879398
"2008-08-18",4.35120255206479,4.32166421596774,4.2822863034253,4.21931162629022,4.14376087599489,4.14374936504506,4.22062040299191,4.35317733266844,4.65630688557686,4.79085267925693
"2008-08-19",4.31698488391235,4.28397105855873,4.24012826239542,4.17050197143836,4.08821543240775,4.08982668089668,4.17065130338003,4.30554062174576,4.59934519052962,4.72498851955371
"2008-08-20",4.31642497999901,4.29672301885352,4.27051866845083,4.2289046136128,4.1805998029364,4.19750766754745,4.26620980959714,4.38368982446619,4.66331488052012,4.79322139722648
"2008-08-21",4.30103394767067,4.28951003071183,4.27437611036758,4.25107070074138,4.22713120875221,4.26167744032377,4.32277306221309,4.42308711939156,4.66400129015762,4.77918311262476
"2008-08-24",4.33822512241566,4.30846273110767,4.26889194304823,4.20591238609407,4.13110017330995,4.13156177726798,4.20514456314909,4.32915053568768,4.60275409076939,4.72085299639345
"2008-08-25",4.3614981016299,4.32521913583167,4.27698229434309,4.20013246030846,4.10812015256925,4.09919284551065,4.17824824132614,4.31156450295459,4.59973018354452,4.72169267361634
"2008-08-26",4.3474857336195,4.32421682381071,4.293172328042,4.24347805531279,4.1839232769613,4.18712502720316,4.25253647460821,4.36620170304043,4.63216243210673,4.75271257521615
"2008-08-27",4.34385405867799,4.32973202173119,4.31079572185233,4.28023230732662,4.24317246261843,4.24867154125363,4.29736762816475,4.38612454612969,4.61539868032281,4.72925121741393
"2008-08-28",4.33999797450046,4.32107951327756,4.29616767781419,4.25737835719294,4.21465308216398,4.23838587737832,4.30211870479714,4.40343839504655,4.62205362518797,4.71622332463096
"2008-08-31",4.35346618437759,4.32068530053991,4.27758952981749,4.21047172002388,4.13491984486283,4.14870000534284,4.22618193518709,4.34564638222596,4.58241420391045,4.67757862892291
"2008-09-01",4.35729177452012,4.32915938548972,4.29177521860746,4.23232209008191,4.16174230259135,4.16102413403959,4.22848506895451,4.34165838930686,4.5887903207199,4.69455859472499
"2008-09-02",4.36215935643371,4.3394782788505,4.30900387222061,4.25951399005323,4.1977711409062,4.18756055509989,4.24518350229119,4.35186257895802,4.61629686245667,4.7408673850744
"2008-09-03",4.37046026494223,4.33385013083471,4.28482529709653,4.2055772726934,4.10681596352536,4.07655839197952,4.1460855388448,4.27214488772651,4.55990916425627,4.68543593963886
"2008-09-04",4.37249935486674,4.32935154468038,4.27225025633894,4.18205696008825,4.07606759584688,4.06911615056151,4.1572843124656,4.30020621517014,4.5930264600972,4.71248280243821
"2008-09-07",4.390024909965,4.35023965748547,4.29704359857032,4.21127500607018,4.10486710447226,4.07152561674672,4.14336093896542,4.27203435824656,4.55912998480309,4.68213547971057
"2008-09-08",4.39074969988276,4.34309817812767,4.27984721731502,4.17928576626104,4.05869146727851,4.03558819988764,4.12300716417665,4.26884738244324,4.57160064563639,4.69557724942877
"2008-09-09",4.37592763203422,4.33812424195642,4.28773375430829,4.207041495934,4.10906684707584,4.09268825178821,4.17205946952715,4.30907360944207,4.6110608775371,4.74032556585785
"2008-09-10",4.36336294975412,4.32549797880615,4.27516613885918,4.19505666055754,4.09961668240993,4.09541079742618,4.18312139344125,4.33061595778733,4.65170503050244,4.78862476445466
"2008-09-11",4.35915845960428,4.32443158726873,4.27871004747621,4.20742066118519,4.12777838292268,4.15588039419582,4.25510865522434,4.41099571797968,4.73496843962621,4.87007659092637
"2008-09-14",4.34858351893828,4.28897430310556,4.21114168104889,4.09142484503304,3.96023967830362,3.98753693188213,4.1136887234089,4.29835515997868,4.63982772673135,4.77134129001149
"2008-09-15",4.26532870258667,4.23663426302665,4.19881252081967,4.13978031958413,4.07414279171403,4.10539315320365,4.1981314879909,4.34608553253955,4.66484080047195,4.80176301563783
"2008-09-16",4.30595221066176,4.2494431108843,4.17582524096643,4.06316452820578,3.94181383396674,3.98010012817524,4.10722865051414,4.29094662982044,4.62855630008479,4.75836311544029
"2008-09-17",4.11550924572198,4.11304160946606,4.11045925300927,4.1089583585592,4.1181433723727,4.20537096448868,4.28564061652115,4.40954067226802,4.72444689236843,4.89348803030486
"2008-09-18",4.150257047072,4.1575628945234,4.16856245264669,4.19066916943512,4.2350452454493,4.36531816261856,4.4467600113542,4.55779688116454,4.8294737318834,4.98798372464211
"2008-09-21",4.18811518336575,4.18963270276615,4.19266303352752,4.20117628316377,4.22624166227305,4.3386639005587,4.4249805642487,4.55075719597055,4.85782956601012,5.02109633552815
"2008-09-22",4.17189760216361,4.16385323979415,4.15428219480065,4.14310751777325,4.14599812584413,4.26329700249933,4.37200051944814,4.52822791172766,4.86351893874221,5.01392480442826
"2008-09-23",4.19642774397698,4.15624531126596,4.1063797543876,4.03810401258123,3.9913072998088,4.14894685988869,4.29887807012341,4.48156168993883,4.77404330219241,4.88008793854073
"2008-09-24",4.06879768441699,4.06539171094464,4.06245173778567,4.06339158629287,4.08619339988858,4.23556692726324,4.35010206811822,4.50323047356405,4.80630928402686,4.93505903210996
"2008-09-25",4.00900521424813,3.96501847922863,3.91366432509288,3.8535215493317,3.84581463310554,4.12024941368176,4.30670184026699,4.50642850589684,4.78983363789375,4.88798543085245
"2008-09-28",3.92168016274924,3.84728643820669,3.76107300983477,3.66022419894336,3.63687517008914,3.97178534756559,4.17883011751961,4.38384551479458,4.65436497516276,4.74608970159722
"2008-09-29",3.86146979517459,3.81818163487002,3.76882227033385,3.7148426250003,3.72212050144492,4.02329174206946,4.21218438308977,4.40766384708651,4.67699999960728,4.76945006941337
"2008-09-30",4.05937964888468,3.92010868423956,3.76724343451691,3.60742392815524,3.59928292685135,4.03274139416072,4.23151914239688,4.40177582179049,4.60739160396121,4.67607661559508
"2008-10-01",4.05993986780875,3.90720595980448,3.73670662336219,3.54973678253909,3.51143229231545,3.93427277706013,4.13960653042574,4.31768252685214,4.53377207927019,4.60598798352666
"2008-10-02",4.10501902903364,3.79825333806298,3.50804322127572,3.29785371819673,3.43324949599621,4.00090253203863,4.16253355867511,4.28598847055805,4.43023098977151,4.47831264326326
"2008-10-05",3.89162947248326,3.71793740048131,3.52362035558783,3.30835904865292,3.25323238501052,3.68696511915876,3.89773337971363,4.07947466622807,4.29934298334608,4.37279719770417
"2008-10-06",3.90027797314988,2.82080407301008,3.201253600058,3.61319251787679,3.83078639170698,3.96137594723419,3.9862501483503,4.00490579918738,4.02667072516397,4.0339257004895
"2008-10-07",3.87911964850566,2.49390037277704,2.97938563028142,3.50588618677815,3.78401586543389,3.950936211951,3.98273056374958,4.00657632759852,4.03439638542227,4.04366973803019
"2008-10-08",3.59696917434307,2.41574090828748,2.91531702712294,3.51233076767323,3.83633001911771,4.03086414291561,4.06791826261385,4.09570885238753,4.12813120712349,4.13893865870214
"2008-10-09",3.24536940515787,2.88330137053014,2.64369212587447,2.69238817860016,3.22914062800853,4.0195800041192,4.19414789626752,4.3252956187329,4.47830825070678,4.52931246687009
"2008-10-12",3.47035441926292,2.65160383073116,2.34989209523766,2.7401655117258,3.54195243962772,4.2094850946419,4.33870856049548,4.43562652273927,4.54869747943105,4.58638779832832
"2008-10-13",3.62615902000793,2.31892072851251,2.94220615130472,3.66290525540464,4.05318925208703,4.28751741847968,4.33215135596572,4.36562680908026,4.40468150438055,4.41769973614731
"2008-10-14",3.34428362225974,2.88402050232875,2.6009897795766,2.69644193977891,3.34101563501839,4.18333310695245,4.36213998721893,4.4963417579279,4.65291252043631,4.70510277549986
"2008-10-15",3.13683203769927,2.91744609011466,2.72783098124789,2.65944165439914,2.99378556880415,3.92024435862314,4.19310861297933,4.40396251010295,4.65080582600986,4.73309235739807
"2008-10-16",3.26653381767903,2.92438012118202,2.66140424365391,2.62336758000021,3.09661393614615,4.00292056507952,4.22307660643678,4.38923148579973,4.5831398112988,4.64777603916083
"2008-10-19",3.46217644459451,2.83847321706625,2.39551735272059,2.3591565186946,3.01544978095484,3.99966561629946,4.2145124553595,4.37584291652227,4.56406685756161,4.62680817428047
"2008-10-20",2.82747474140342,2.86374737818515,2.91715775194308,3.02045908216682,3.2135428835137,3.69529715006099,3.94587966888016,4.23429890658651,4.6625500154673,4.62693080283985
"2008-10-21",2.79606639387607,2.82964928780734,2.87912002159082,2.97487634371566,3.15415073375224,3.60364717130607,3.83929480383529,4.11332374391235,4.54078487461288,4.54225765314222
"2008-10-22",2.77581395225209,2.81012671685896,2.86063198877183,2.95824585573437,3.14042933766434,3.59296548738142,3.82665423058571,4.09305354787082,4.46968135139293,4.40429746780759
"2008-10-23",2.88508585910577,2.82119119212434,2.76116064895883,2.73522078191609,2.88401552832837,3.54386994457816,3.83128018771173,4.08453865727922,4.39635099951939,4.50078727010592
"2008-10-26",2.95652062593498,2.8853829181064,2.81183581034672,2.75508087820241,2.84995238764467,3.46999889737579,3.77615811382538,4.06011715701803,4.42045553161312,4.54173647196029
"2008-10-27",2.96417389683051,2.88612157397188,2.80459158924909,2.73814073040479,2.8271924487029,3.45141439361359,3.75861045672188,4.04197872435817,4.4000541323705,4.52047314090336
"2008-10-28",3.00586973897239,2.91625179719668,2.82262727689907,2.74539611784062,2.83985249401875,3.50528222767775,3.8251762857342,4.11612541662678,4.48035276467356,4.602638083935
"2008-10-29",2.9079061221863,2.82105241700233,2.7322783741402,2.66584452167471,2.78037277407732,3.47383545361259,3.79746479190877,4.0888306695605,4.45152879182843,4.57319539759231
"2008-10-30",2.86205676935481,2.78787641972119,2.71499565997304,2.67241457692698,2.81809088823763,3.57094806517484,3.92305762298281,4.2432805398267,4.64491948508214,4.77983162262965
"2008-11-02",2.88786665570891,2.81601012260384,2.74524642436921,2.70324433054033,2.8420416010745,3.56478935442971,3.90320105018545,4.21103087656488,4.59715627438676,4.72685849086219
"2008-11-03",2.8344773658661,2.78167299620972,2.73223835803012,2.71404931755041,2.86070864027121,3.55335925894528,3.8831654448137,4.18840861161847,4.57626252546273,4.70687222359636
"2008-11-04",2.78690519441455,2.75800223150839,2.73301404236731,2.73472733878317,2.86460770384619,3.48200924179553,3.8097947599831,4.13715656462244,4.58033410215032,4.73197078929526
"2008-11-05",2.74138070730407,2.69455652693527,2.64721820312046,2.61731307131803,2.71829940835448,3.34518787788517,3.69091013841968,4.03763152568,4.50668497558568,4.66704107513485
"2008-11-06",2.76569258063105,2.68869719710635,2.60834198114498,2.54418694019478,2.64254792133346,3.32731450369514,3.6756919230539,4.00385766354943,4.42478737279575,4.56676066974383
"2008-11-09",2.81048490555465,2.73413336997976,2.65299477256557,2.58329988918528,2.66542991850791,3.32278464440749,3.66959935289289,4.00177168072884,4.43282913169456,4.57857122656122
"2008-11-10",2.76043998062595,2.6779696792651,2.58989508573669,2.51260625691141,2.59494032125329,3.28561920247776,3.65170453934532,4.00264347400972,4.45822514673371,4.61226699989777
"2008-11-11",2.72150417330592,2.61534880136694,2.50331269771246,2.40718440776264,2.50771113331371,3.28090555036606,3.66043930837637,4.00860082746188,4.44670172884938,4.59391481762365
"2008-11-12",2.68383381866006,2.5970847924995,2.50396956250945,2.42082545816121,2.50356821269363,3.23165879717453,3.62345194628614,4.00198702345352,4.49627497982304,4.66362297318626
"2008-11-13",2.7044239149635,2.60114407141282,2.48938843215056,2.38505243913638,2.4595708452851,3.20784716772561,3.6019285104483,3.97553015343922,4.45599369871106,4.61810179631213
"2008-11-16",2.61201915116888,2.53586578791709,2.45483369148775,2.38571958479106,2.47417343422909,3.18544770480821,3.57246114500493,3.95075973109134,4.44976462259784,4.61913570669979
"2008-11-17",2.52642874488998,2.46592007070856,2.40479232260126,2.365088664251,2.48440026617617,3.20330176709667,3.58080529273872,3.94714767321396,4.4288040157321,4.59220485958129
"2008-11-18",2.57802458120294,2.47258568332198,2.36332431053087,2.27594257785224,2.39459598553504,3.18056068095463,3.5511993856081,3.88548306137361,4.30187019696276,4.44155578011815
"2008-11-19",2.56674393570256,2.4345623986332,2.29555699975869,2.17480054921664,2.27847345192939,3.07897548771973,3.44747256874093,3.77354231900532,4.17487805565242,4.30926729159867
"2008-11-20",2.47504988691571,2.35418522342142,2.2335107995456,2.14940987650634,2.3095919011925,3.14816379012889,3.5033352498811,3.80899823512071,4.18020197335928,4.30429831031588
"2008-11-23",2.17412116624794,2.21643927825033,2.27873506928696,2.39916349258715,2.62403247440598,3.18340655737622,3.47296810573525,3.80416932173296,4.28101762313159,4.21507798956803
"2008-11-24",2.18515878042004,2.22558872695348,2.28509648874102,2.40010493714684,2.61473527958023,3.1477631946464,3.42295856812337,3.73663463371006,4.18036038704129,4.10466251890749
"2008-11-25",2.14841939476296,2.18857950334764,2.24766864279788,2.36179269125531,2.57448564003314,3.10071545961788,3.37089398587624,3.6768362799055,4.09781675319219,4.00847807634281
"2008-11-26",2.13706922559807,2.17804253743262,2.23831126657337,2.35465412555892,2.57125550913794,3.1055774024731,3.37870243547602,3.68634274645306,4.09980308503292,3.99659798729891
"2008-11-27",2.07915602017213,2.12180140464499,2.18448316069914,2.30532132153347,2.52967463655814,3.0788986250969,3.356482002727,3.66499053561514,4.05619554370913,3.92379953350443
"2008-11-30",2.29199941739815,2.2437581487424,2.20229315046111,2.20040155089645,2.36779437333232,3.02505069833465,3.30831663170947,3.55858517285092,3.8675027779568,3.97101637092364
"2008-12-01",2.07269094287506,2.11060304098564,2.1663255651152,2.2737395977078,2.47313228249404,2.96088484160535,3.20699824482251,3.47975639022552,3.81823785788022,3.68636920881897
"2008-12-02",2.24355601416919,2.10617228645465,2.00429713756236,2.02207820480526,2.35227965993661,3.07975426262499,3.27929654893883,3.43207253265777,3.61066728392946,3.67020065266496
"2008-12-03",2.02942915490378,2.07272711251887,2.13620481572315,2.25800578310427,2.48198147382776,3.01550182572436,3.27404948996798,3.54667177120401,3.80729436879113,3.58118935730694
"2008-12-04",2.03063959956286,2.07031745458278,2.12857562119365,2.24066853805369,2.44795421888835,2.94959299937613,3.19862993442766,3.46919225111318,3.77356156297551,3.60316610230755
"2008-12-07",2.17474550467601,2.11069957581328,2.08902664857117,2.19679461854452,2.57805412446309,3.28770155949796,3.47609870613727,3.62005858048548,3.78831373864838,3.84440029784462
"2008-12-08",1.96739182719467,2.03338410007605,2.12874826330216,2.30707484672944,2.61868501488461,3.27105997342488,3.53742832934212,3.77724401712941,3.95310225223678,3.87638448175145
"2008-12-09",2.11185294704428,2.06521108905052,2.05456164515615,2.16029331477396,2.53132014138493,3.29306075621395,3.51196052736165,3.68166153010771,3.88051952243928,3.94681241860318
"2008-12-10",1.92637715803588,1.97897042669076,2.05586778877622,2.20271601057828,2.47027649223638,3.09407128129815,3.38942252169206,3.69728521398131,4.03072387824057,3.91642746074073
"2008-12-11",2.16268324739712,2.08293290582696,2.04199030684469,2.12949024060441,2.52657036426412,3.36772901127202,3.60767383255015,3.79312390568801,4.01028824831448,4.08268210039259
"2008-12-14",1.98838336930548,2.03724331318381,2.10891268752611,2.24657143085554,2.50029913552166,3.10987628894537,3.41045924909,3.73674557864797,4.13035535904934,4.00718410782025
"2008-12-15",1.98718671345565,2.03277780750975,2.09974632599385,2.22869892317078,2.46755722855138,3.04857880488302,3.33957483184277,3.65971571942185,4.04995019017277,3.89848717001174
"2008-12-16",2.05849404508321,1.96330836853792,1.8849650158093,1.88349250193238,2.15396164368766,2.98734528046307,3.27658152516988,3.51044438788688,3.78752864941929,3.87995244911267
"2008-12-17",2.01958453398402,1.94650927220258,1.89076886851689,1.90928245628723,2.17466234818262,2.95981713598471,3.234073339473,3.45685885243828,3.72129171853529,3.8095073701556
"2008-12-18",2.00332673860878,1.91763546323958,1.84563888488217,1.84118466002087,2.09139465531017,2.92113120527198,3.22601512215393,3.47734793508543,3.77722290539655,3.87730211220534
"2008-12-21",1.90652532273546,1.84202802815834,1.79188578131046,1.80755615365717,2.05678967811275,2.85865612455284,3.15963409096027,3.41059466749281,3.71152159166347,3.81199867597385
"2008-12-22",1.92048316465789,1.87094541323546,1.83193819373211,1.84509146798401,2.0570863921648,2.81152733849328,3.12298602291779,3.39363670033686,3.72477874473591,3.83560415264369
"2008-12-23",1.93447594940668,1.87292371072898,1.82258536601634,1.82873218590679,2.05210752338046,2.83393890614489,3.14414790426111,3.40839611229688,3.72832198773048,3.83525059429528
"2008-12-24",1.89945258254819,1.83688168464218,1.78448254302046,1.78592740840882,2.00229999405403,2.78670444481202,3.10398199133448,3.37627726321354,3.70713320845383,3.81776131648876
"2008-12-25",1.85536560320235,1.79829090822846,1.74974658305817,1.74933170678953,1.95019579977377,2.72067624549036,3.04748703407094,3.33412380501146,3.68646957764515,3.80446417449919
"2008-12-28",1.83424255843505,1.79226802982009,1.7597251613632,1.77479084123774,1.97520421015549,2.721170610213,3.0462427269052,3.33664597090086,3.69778979151736,3.81895376759494
"2008-12-29",1.75957308789269,1.80286446225411,1.86653747732594,1.98943469592998,2.21818571894321,2.78235336827758,3.07089944060889,3.39662733724385,3.84467846263052,3.7601798454321
"2008-12-30",1.80319381910303,1.84556721357469,1.90789588245956,2.02821848414742,2.25225187395122,2.80525990679969,3.08841645040259,3.40840493033511,3.84958634406453,3.7660824769663
"2008-12-31",1.79620366212249,1.83739961628794,1.89801911769655,2.01512219027119,2.23346511131192,2.77452545152858,3.05315419195509,3.37014765824856,3.81950326002407,3.7526469444698
"2009-01-01",1.717743475024,1.76062240476288,1.8237085981925,1.94554289011429,2.17258223516316,2.7343988174169,3.02319184602106,3.35119560347187,3.81472527457324,3.74702322139545
"2009-01-04",1.77379407025309,1.72187162672354,1.68243272245332,1.70267279786457,1.94400325301456,2.78497266270876,3.13057875749582,3.43066037296214,3.79771237844712,3.92055303343748
"2009-01-05",1.87859718318306,1.79629132339659,1.72682060823215,1.72471621464302,1.98928984728916,2.92842635618172,3.29746473390603,3.60999894079977,3.98726306721625,4.11331241370129
"2009-01-06",1.72230224694093,1.68180405595095,1.65657297207386,1.69856272776931,1.97287376978089,2.90195169775404,3.29391999316872,3.64036392309345,4.06876217466787,4.212369509738
"2009-01-07",1.73801364794281,1.6577967203497,1.58742416309249,1.57655606991673,1.8244884356486,2.79589294383662,3.20476922068553,3.56128185113177,3.9979692186337,4.14413293936431
"2009-01-08",1.64050720794901,1.57247512762842,1.51472173934392,1.51530366182094,1.76113984390585,2.7144462106352,3.124287751061,3.48622362056911,3.93290601753594,4.08258015243254
"2009-01-11",1.67378135837611,1.5974007595905,1.52842515742153,1.51105644099536,1.73606784918932,2.68672175123764,3.10696167070867,3.48167881906258,3.94652391317734,4.10240028194499
"2009-01-12",1.6623335701076,1.56661353698706,1.47744185534814,1.44198486902571,1.67505539421328,2.69065539707181,3.13170262494324,3.52014156122742,3.99830431873356,4.15845420631114
"2009-01-13",1.67650044454234,1.58585836516352,1.49825174998222,1.45280236279463,1.65099170919237,2.62780044834848,3.08130198741389,3.49317433381135,4.00949884632508,4.18292437263462
"2009-01-14",1.53017625220949,1.51632508873863,1.51522560545327,1.56718404900382,1.79635181350622,2.63036115381156,3.03937716609642,3.43686054904994,3.96492610650742,4.14477340072348
"2009-01-15",1.53206271864379,1.45031945988397,1.37804333545939,1.36577493581506,1.62216468916477,2.66219709609191,3.11326859921882,3.51225148210042,4.00493230235111,4.17002869630464
"2009-01-18",1.50501478925781,1.44788598149248,1.4034114809488,1.42308941545252,1.69333844101872,2.70161539596414,3.14122156710421,3.53398292815326,4.02243689828583,4.18631416487894
"2009-01-19",1.47253762608192,1.40700226553432,1.35625869091855,1.37817198901166,1.67566868090894,2.73850492637859,3.18271090601936,3.57127572876279,4.04847926608033,4.20827286533456
"2009-01-20",1.38020635687918,1.3166118006523,1.26829485030442,1.29433824647304,1.60081341369655,2.69920291806268,3.16366045324923,3.57257703270519,4.07669602254056,4.24559803515911
"2009-01-21",1.28220305373215,1.23431361444825,1.20694360773622,1.26710153798925,1.61980852014437,2.77651004946232,3.25561750756937,3.67579093535481,4.19307114057565,4.36635909854622
"2009-01-22",1.25933891057831,1.22272185916262,1.20662741855065,1.27652246775442,1.63025086422281,2.81393595707767,3.32706839534993,3.78893114729058,4.36700375395912,4.56119020915824
"2009-01-25",1.14445941304387,1.21873934764945,1.32780954574173,1.53770623392581,1.92610703466226,2.86981997992868,3.34335964883886,3.86870004020025,4.57121358113355,4.46615105764023
"2009-01-26",1.16753763070002,1.23960317267282,1.34541253203848,1.54899904483297,1.92557320096954,2.83920377477656,3.29629384732585,3.8009625978328,4.45501539685005,4.31569156415974
"2009-01-27",1.07933387884277,1.15385969597379,1.26313628669363,1.4728947446027,1.8590570035887,2.78461962717374,3.24032880797596,3.73583241343618,4.35714080254193,4.23002071174926
"2009-01-28",1.2570871551608,1.20801529490472,1.18617564308885,1.27078950021711,1.67510106280742,2.84180569577922,3.27964279011863,3.64769532268263,4.09101240276785,4.2391075828085
"2009-01-29",1.30185326278541,1.25428771710855,1.2305745953157,1.30378117137413,1.68287946284189,2.84666190683602,3.30566464850227,3.69959683578085,4.1789167967199,4.33922970261169
"2009-02-01",1.2411257909973,1.20845019448106,1.19839892366058,1.27880585869746,1.64099596347941,2.77686386567912,3.24683828475788,3.6606455524873,4.17162682068922,4.342892828526
"2009-02-02",1.25139638529614,1.2013477399543,1.17442380541693,1.24343382858774,1.62278806386501,2.81853173559471,3.2985810567398,3.71364032384315,4.22061292102784,4.39025903500193
"2009-02-03",1.22525071047247,1.17156012482016,1.1392087139746,1.19847746144094,1.56557695222133,2.76504396446343,3.2561979245389,3.68421495070825,4.2091883267386,4.38495636660114
"2009-02-04",1.28468397746621,1.19713909183733,1.12656466178167,1.14161720686249,1.48726392699258,2.71940176870738,3.22225790517167,3.65642530287252,4.18573042482075,4.36279071552156
"2009-02-05",1.19625635830087,1.10565398813539,1.03605840243746,1.06493297109004,1.45113587653087,2.74557990549868,3.25455118237304,3.68747092275728,4.21137340103187,4.38647095530757
"2009-02-08",1.13520874932419,1.07420632634823,1.03828671075846,1.10680236239285,1.51359365032886,2.77624584016967,3.26984198192188,3.69101210158531,4.20183422862215,4.37261248286313
"2009-02-09",1.16723694949057,1.11288777507244,1.08120212056007,1.14521592456104,1.52477907050412,2.73826245022088,3.22713280497154,3.65008790604808,4.16681514246038,4.33972872564346
"2009-02-10",1.0931016603148,1.04793344125083,1.02479886767548,1.09359328989589,1.46250607162358,2.65146452987849,3.14180524089688,3.57147393140033,4.10028776190487,4.27743430595161
"2009-02-11",1.10935921867,1.04353675349516,0.995965159402202,1.03318330782617,1.37739777734451,2.56589773680179,3.05888557073564,3.48952731390795,4.01815518436915,4.19516052600924
"2009-02-12",1.1154472905853,1.05996245971482,1.02578798979575,1.08298701676698,1.44631540217469,2.62172793242481,3.09661749102945,3.50769088530996,4.00998986113103,4.17807791886363
"2009-02-15",1.15235286899148,1.05696538085724,0.979476998124035,0.991297736391396,1.34410711127272,2.57233557478025,3.05912681726559,3.47372040442894,3.97564262371616,4.14339904782916
"2009-02-16",1.16886784561666,1.05240047968605,0.949746544486757,0.928753514443811,1.25696310686556,2.50000167137056,3.00082034927262,3.42849372037216,3.94666446254231,4.11986220905994
"2009-02-17",1.17374011368415,1.08369944309066,1.0092538108577,1.01647260494469,1.34766560487234,2.552117601436,3.04570220083836,3.47216593703428,3.99219791415471,4.16615958487014
"2009-02-18",1.16771734380998,1.10050287294037,1.05260331460706,1.09288362298254,1.44702460628827,2.64521268028456,3.13439215444293,3.55863562969818,4.0773552295905,4.25094809278107
"2009-02-19",1.10298931456972,1.05112997418658,1.02708208822936,1.11225862822348,1.52735097419019,2.73034140525433,3.18228491176478,3.56226371992539,4.01997004654613,4.17287270709829
"2009-02-22",1.10711464057018,1.05931053629938,1.03740583450928,1.11872376292969,1.51812586747125,2.71257034339741,3.1752330927403,3.56937767636703,4.04718117811975,4.20691412326571
"2009-02-23",1.07184943322284,1.04396650820009,1.04318607275507,1.14509126621744,1.54454477147861,2.70443449537461,3.16022096638932,3.55273972525507,4.03153966612706,4.19173922758664
"2009-02-24",1.07885398572074,1.01366613190072,0.974215055271215,1.04083666764596,1.44647231819441,2.6728375071496,3.13834121398378,3.53038657016686,4.00286305299147,4.16070559860498
"2009-02-25",1.02747344987764,0.949462562076163,0.909561741235786,1.01259744021396,1.52162488537469,2.8563004814417,3.3101797041592,3.67758223995001,4.1133187698365,4.25867611020751
"2009-02-26",1.00845704778394,0.929482528223056,0.886278966311272,0.98017494215734,1.47472462855958,2.81199994805403,3.27617329955081,3.65434073661515,4.10386659765566,4.2538493967973
"2009-03-01",0.776230919196799,0.854668195960779,0.96971713676972,1.19068046204666,1.59790738425839,2.57628641205744,3.05908664557587,3.58428126040624,4.23109235238886,4.06081617896176
"2009-03-02",0.748267691164627,0.827635672265842,0.944075411421654,1.1677997977235,1.58045550922883,2.57419256625512,3.06631807636855,3.60398454855601,4.27944579047172,4.12194311063619
"2009-03-03",0.717292756623583,0.801923757388765,0.926021614832911,1.1642402673288,1.6028082943006,2.65353336180653,3.16999062062213,3.72940520744734,4.40825939012258,4.2197552874777
"2009-03-04",0.732246296110873,0.813794840476687,0.933373127161509,1.16291695613521,1.58551579160183,2.59795163583295,3.09552443326279,3.63432250775041,4.28642225478602,4.10137308627972
"2009-03-05",0.723291559274976,0.804205153483144,0.922793843146033,1.15023710218893,1.56823758327877,2.56521228485071,3.05237638250669,3.57712764223935,4.20667215430018,4.03545995942684
"2009-03-08",0.730693746985599,0.820005416774097,0.950384838629835,1.19867149828223,1.64857982382513,2.68331841725228,3.16495298966022,3.65991729585989,4.19246856902921,4.05063183164396
"2009-03-09",0.745510154119519,0.835376588002652,0.966594825945805,1.21657755055043,1.66991325312724,2.71460399029948,3.20213779647802,3.70436766413724,4.24705858534659,4.10057514902146
"2009-03-10",0.779015551170553,0.867416282988088,0.996596999735543,1.24305015623575,1.69126593867985,2.7319565072089,3.2227323883027,3.73381964556508,4.30478342408998,4.163145780562
"2009-03-11",0.732729916814913,0.81755754394784,0.941722564932652,1.17931255559913,1.61397668672706,2.63880419556553,3.13219883721189,3.65658661189474,4.27313370527662,4.12648821484065
"2009-03-12",0.803891550400587,0.793887453998501,0.821199012769019,0.97934912521996,1.47480882010256,2.77192724404407,3.25629136066395,3.66622824671414,4.16214797055492,4.3279094314162
"2009-03-15",0.732341864864066,0.820547022420748,0.949534974677513,1.19594677932755,1.64532775218579,2.69722903728758,3.19988158961365,3.73242036045935,4.3806650528839,4.30193374522106
"2009-03-16",0.701756767182464,0.79382253459961,0.928334297850295,1.18488136955611,1.65123397766691,2.73373417697297,3.24516185465686,3.78093745637479,4.41468838481669,4.33149261453626
"2009-03-17",0.685810759864545,0.781038445998947,0.920039401866579,1.18470152292042,1.6641851410173,2.76736862981412,3.28223398237439,3.81490138813238,4.42265717555014,4.32999938775599
"2009-03-18",0.811884209124169,0.810984310089124,0.848643987179158,1.0186367922676,1.51778861754888,2.79020302516574,3.26149920201423,3.65978153866796,4.14137390452804,4.30234023769693
"2009-03-19",0.841078857442292,0.814764088742069,0.824449251112416,0.963660297413509,1.44992240428987,2.73865364042325,3.21146740625517,3.60741359531629,4.08379510736261,4.2429228653112
"2009-03-22",0.823833472679562,0.787554906576566,0.789412602838297,0.928782503931335,1.43727735048759,2.76339533491188,3.23682541002942,3.6285374347849,4.09725457440828,4.25373419331292
"2009-03-23",0.819234813958482,0.808015667358316,0.83722430778095,1.0065640659722,1.52970654569607,2.85636512240929,3.33693852413563,3.7385049404323,4.22133681608126,4.38261162628333
"2009-03-24",0.88277322823572,0.834940675226304,0.824361731073376,0.951537526451242,1.46236028943406,2.83157394279414,3.32397474794227,3.73185443604047,4.22007139542411,4.38306429177181
"2009-03-25",0.828014215265362,0.80489487557374,0.821503548692613,0.978333692771327,1.49952241005855,2.83807436649844,3.31939007197359,3.71957972749654,4.19956529890946,4.35984578750528
"2009-03-26",0.839704940151047,0.804575285420584,0.80618083219681,0.941343478980111,1.43969382138304,2.76354512932544,3.24406866886767,3.64421962239266,4.12437011085077,4.28471052827964
"2009-03-29",0.785717302357105,0.740256303901015,0.729051618686324,0.847032098289181,1.33528275763144,2.69591482392336,3.20196430275443,3.62672081933511,4.13811248906667,4.30894329509897
"2009-03-30",0.748083238956052,0.734917620137873,0.758340428318617,0.911071556097264,1.40143630317393,2.69743972095981,3.18275425734118,3.59370699876222,4.09093684701165,4.25713842267983
"2009-03-31",0.757964424015434,0.722510081540207,0.721339318068732,0.847461372077124,1.33103239817611,2.66932387346827,3.17170630807298,3.59568624343653,4.10755054526857,4.27859342602613
"2009-04-01",0.823276882779387,0.807127046076248,0.828985227224485,0.985081944161712,1.49096236270105,2.8151442182513,3.30448127456866,3.71631565102505,4.21309815718916,4.3790905847533
"2009-04-02",0.665406229931831,0.763032396034711,0.905357121128841,1.17574425006729,1.66343582118125,2.77283740978379,3.2827875559045,3.80272988258084,4.37674422759033,4.28845717176842
"2009-04-05",0.602597322704555,0.701453210819043,0.845529889257854,1.11910954088719,1.61209522618399,2.73121982947293,3.24462281443644,3.76788628159423,4.35369988869099,4.2845185912764
"2009-04-06",0.75927474605593,0.743006755095128,0.767338894074706,0.933852444567672,1.4654798170867,2.83068850021376,3.3270581969958,3.74208857426946,4.24120325052787,4.40791911267644
"2009-04-07",0.782293565572172,0.741234839941401,0.742066310925306,0.893008505053557,1.44291651639433,2.85347046536855,3.34877069584857,3.75596980238911,4.24192657259467,4.40412178681446
"2009-04-08",0.688513627222231,0.779587579944308,0.912645785175451,1.16640411851689,1.62761959015366,2.69764171478261,3.20266018906527,3.73087970413826,4.34964447657655,4.25846765200693
"2009-04-09",0.705173376044108,0.795200466201378,0.926742443567315,1.17765449677755,1.63386148618913,2.69326385235481,3.19391980708177,3.71826763851197,4.33477696905344,4.24515896024299
"2009-04-12",0.68757308133962,0.77661176574318,0.906828508515818,1.15561858897139,1.60942694846829,2.67184283080899,3.1791808390331,3.71547135152232,4.35450227104124,4.24892877141361
"2009-04-13",0.796116208418548,0.788939242117871,0.816448950899613,0.967011890616469,1.44201500751616,2.73725288324345,3.24216927269051,3.67804809603723,4.21091263373638,4.38926748803074
"2009-04-14",0.715847602506559,0.795746338029192,0.913034680459532,1.13863416379733,1.55567252229301,2.56621692952725,3.07133972452894,3.6293483189334,4.36447004216263,4.24266372608843
"2009-04-15",0.73429003887917,0.817284217304242,0.938923860042876,1.17222971495181,1.6010869069507,2.62523603552114,3.12739050771665,3.67190175484864,4.35962421032067,4.24665261613255
"2009-04-16",0.812793924457753,0.896037965345628,1.01803598024297,1.25199982749236,1.68194125629487,2.7075755058114,3.20936436105427,3.75156228561362,4.42074750447457,4.28130545775919
"2009-04-19",0.778750307137343,0.857678944554957,0.973443717851907,1.19576986856316,1.60550017311151,2.5905106149143,3.07775157777964,3.61060538012937,4.29674292889513,4.18376788340547
"2009-04-20",0.74918061128375,0.831399922820401,0.951856559063943,1.18272975826432,1.60651091576957,2.61469353872351,3.10638347856357,3.63650287721898,4.29348195645955,4.17437336866028
"2009-04-21",0.793882720879321,0.877939989398449,1.00094398148686,1.23620219830944,1.66623343171297,2.678517888161,3.16551759985528,3.68412331178811,4.31405171653427,4.214307040039
"2009-04-22",0.741860848392891,0.826058317634949,0.949317266241028,1.18523247389283,1.61706957458633,2.63708262908635,3.12981010175493,3.65613162756392,4.29421414909961,4.17726563739491
"2009-04-23",0.661239163417607,0.746145774904999,0.870499560761141,1.10870445560231,1.5454362809186,2.58123544508538,3.08423355676902,3.62410224249861,4.28368627415187,4.15665519826179
"2009-04-26",0.653304592530145,0.737935674631059,0.861898430371754,1.09939770523487,1.53499739807499,2.56916117827278,3.07211180152027,3.61284487730497,4.27786126403502,4.15499635477929
"2009-04-27",0.598282076937027,0.683898617133842,0.80925631572285,1.04926191220211,1.48885508024688,2.52885262445529,3.03233497438037,3.57134324559984,4.22891592816579,4.11059634173846
"2009-04-28",0.620098183946423,0.705625116409836,0.83075902042752,1.07001871459432,1.50709291182085,2.53414561005739,3.02690601062381,3.54989444002993,4.17567963387651,4.06370519343154
"2009-04-29",0.724621851142889,0.715892039996078,0.741801918251635,0.890429273739318,1.36149031453373,2.63276042000034,3.121889182824,3.54143571452442,4.05251033890065,4.22348765265024
"2009-04-30",0.711656061042203,0.70073233186954,0.726089180591324,0.87979705004561,1.36957693959555,2.67749365786119,3.1740209118485,3.59718556126335,4.110897754721,4.28267983301769
"2009-05-03",0.694384565412236,0.694573944791645,0.733551664472495,0.906068014225977,1.41292259471244,2.72193242874524,3.21382176543394,3.63222623550482,4.13983778662599,4.30957062973512
"2009-05-04",0.602242935681009,0.689973843007627,0.818343354200221,1.06382896100398,1.51243172581036,2.56773947193758,3.07505264364608,3.61501474049047,4.27159148331418,4.17166270555856
"2009-05-05",0.701139860987267,0.697755303211712,0.729150506187955,0.883310524724449,1.35899676659477,2.65923087296165,3.17133172280349,3.61601042346714,4.1615181723666,4.3441981642229
"2009-05-06",0.591878275134919,0.684428221171708,0.819843711712508,1.07878476175803,1.55190354838305,2.6643678225643,3.19874276159778,3.76691238386817,4.45403607858244,4.34362951858289
"2009-05-07",0.744966801512461,0.689409525186782,0.667884922522455,0.778774032557579,1.28538353566317,2.75413442248531,3.31230402151514,3.78436389691233,4.35464249766107,4.54521437805641
"2009-05-10",0.720777517399069,0.674074313332333,0.662427295473949,0.784047841768953,1.2921559410041,2.73258426886412,3.27680479667156,3.73660619434644,4.2919061132085,4.47746815637147
"2009-05-11",0.710840895472691,0.690181595721485,0.703760818639477,0.843188750931294,1.33268340069271,2.722111483369,3.27023939014026,3.74452856933785,4.32482383437015,4.51906920239664
"2009-05-12",0.693040405661709,0.673376636771307,0.685697311811228,0.817014861473878,1.2860487043798,2.65803797526602,3.21484493963291,3.70320875676897,4.30539293061117,4.50719765872979
"2009-05-13",0.678564995956345,0.663476095202259,0.680252951866455,0.814692773408316,1.27999573160322,2.6417605396281,3.19989590990446,3.69240670406282,4.30205423935729,4.5064889723235
"2009-05-14",0.695059860893554,0.652459892411015,0.642891733005804,0.760318086121326,1.25240803154547,2.6889415341857,3.24819854164101,3.72704636976235,4.30924233390609,4.50395031429
"2009-05-17",0.694822304167241,0.657873412606854,0.652153979021002,0.767071768136988,1.24105962551568,2.65631910861174,3.22260690500109,3.71395231453284,4.31568923849289,4.51713001705175
"2009-05-18",0.819843153021313,0.766000613748748,0.742249947762771,0.838857852647863,1.30840586990244,2.73021984869101,3.28905226971034,3.76836342795666,4.351450798475,4.54646628044205
"2009-05-19",0.833759057196481,0.793962003649118,0.783995237238182,0.890715644033373,1.3503110761835,2.73896251595713,3.29637876587982,3.78032154869673,4.37311823476477,4.57157009631408
"2009-05-20",0.855674330475766,0.801432949184188,0.775745658064708,0.866121762678431,1.32345370753308,2.74062243721192,3.30714250569727,3.7965822191536,4.39424920083746,4.59423926753928
"2009-05-21",0.848271588051936,0.800618060360358,0.783412936711446,0.886743690795447,1.35946952564226,2.79070692054925,3.35944777567442,3.85026501491489,4.44939208530952,4.64986404846033
"2009-05-24",0.700735314193457,0.798538278930084,0.941234974592972,1.21272858787845,1.70392800543848,2.83153005541359,3.35768053430534,3.9047492871206,4.56771022686783,4.54657398744298
"2009-05-25",0.712755329411761,0.813329870464667,0.959938962118708,1.23842817514914,1.74067319230261,2.88411015826351,3.41165917510946,3.95410421661008,4.59325130342259,4.56583694740606
"2009-05-26",0.707249087128013,0.808136239498241,0.955162260796091,1.23430967467111,1.73724946463793,2.87916579695189,3.40384750550046,3.94074873775124,4.561589990277,4.5226981829596
"2009-05-27",0.67679233020239,0.78061243464109,0.931917240057295,1.21920109739908,1.73682607579142,2.91189797978304,3.45133752620396,4.00219047918343,4.62897638514389,4.57278676519745
"2009-05-28",0.651835966455924,0.750375541699471,0.894202147991642,1.1680293823657,1.66408037131324,2.80597812150354,3.34017306961743,3.89582269123491,4.55719017162352,4.50651516817775
"2009-05-31",0.781526498937911,0.804992044591079,0.870583916054653,1.07637183624338,1.6141191152351,2.98610619933713,3.51925178720796,3.98264743763097,4.55212362476096,4.74290062345219
"2009-06-01",0.769408308507741,0.785640720109951,0.840441316428269,1.02640564545599,1.53633344457345,2.89837519075412,3.44548911775208,3.92800938215668,4.5260818152063,4.72670955226348
"2009-06-02",0.806520004911077,0.811171132094055,0.852740641530783,1.02250399096939,1.51956432749533,2.86218045223972,3.39395857477403,3.85803482983097,4.42920683116693,4.62058183073113
"2009-06-03",0.72810467365379,0.828154715847332,0.974080073859732,1.25154132345233,1.75287070746981,2.89914359805674,3.43044090462733,3.97797485757666,4.6138118144454,4.55785943909054
"2009-06-04",0.723013155992435,0.836282951186408,1.0005500923394,1.30972238596585,1.8572494919572,3.0477972456534,3.56471515713369,4.06749692756235,4.60129002020965,4.58932022509915
"2009-06-07",0.759184794084078,0.869018639486474,1.02829612238319,1.328053756442,1.85882030381016,3.01235124618214,3.51277056834435,3.99895277438505,4.51241228561773,4.49796418405118
"2009-06-08",0.777933547305226,0.884680190791534,1.03963241478982,1.33175972167594,1.85079518122098,2.98848973073036,3.48751291052033,3.97696732220354,4.50049167841894,4.47901020453959
"2009-06-09",0.738983190620944,0.85086399487725,1.01311053591627,1.31845806325412,1.85913049454298,3.03424324241231,3.5440646159634,4.03943261473005,4.56284504114505,4.54839088575516
"2009-06-10",0.720121940803218,0.834824589294898,1.00091999150439,1.31270234191602,1.86200614896858,3.04180678530569,3.54656104925074,4.03244465288244,4.55153333768607,4.56534246355471
"2009-06-11",0.683582175799505,0.799838510811589,0.967996931240516,1.28303490527194,1.83599449894499,3.01346311471955,3.51243073932746,3.99027704244707,4.50990664861505,4.54794123742172
"2009-06-14",0.685282650586892,0.794281282891079,0.952233833868308,1.24913270177507,1.77368146052069,2.90934674590118,3.40150651834769,3.88276344654413,4.429144384334,4.4732664153537
"2009-06-15",0.679892682084043,0.784660016983791,0.936866957752164,1.22426159247055,1.73653030204207,2.86991089147196,3.37468241435958,3.879410675909,4.46538240202574,4.49134569173123
"2009-06-16",0.694255950468482,0.795051922945993,0.941708352064848,1.21936194512174,1.71687004069085,2.83205056099141,3.33711880466681,3.84952631578344,4.45691956708497,4.47461727997
"2009-06-17",0.593276956024885,0.710957688162876,0.881132680056188,1.19980753544406,1.75869888095787,2.94697166844932,3.45006678830574,3.93246606043447,4.46623040385457,4.51826558205982
"2009-06-18",0.600750945318062,0.711892561677344,0.873016436016136,1.17609761062955,1.71234126698325,2.87753033265668,3.38490181233882,3.88316640450395,4.45325024460588,4.4990515582387
"2009-06-21",0.677972383175446,0.739284035782664,0.847772968465005,1.1023464389633,1.65481555986484,2.92869322494615,3.41282285775329,3.83442242619598,4.35436094886816,4.52867855270174
"2009-06-22",0.601387372496733,0.713917691775517,0.876950744318907,1.18327359341666,1.72403186556064,2.89236448906449,3.3972538161088,3.88963812491383,4.44536165215817,4.48934795971171
"2009-06-23",0.491908887970767,0.60613620675619,0.771685004681331,1.08292901064278,1.63306978948012,2.82573110553312,3.34374859258579,3.8517407918768,4.43517527856009,4.48855350514158
"2009-06-24",0.459839558619792,0.570166949849999,0.730454743968954,1.03311560546162,1.57260598909796,2.76596732350075,3.29699126748505,3.82697526288726,4.43467792167677,4.45131252039851
"2009-06-25",0.465139670344887,0.57197389665355,0.727365062500523,1.02138063935969,1.54756693123109,2.72306110413221,3.25271159497022,3.78684498721527,4.40604223478485,4.41100637313762
"2009-06-28",0.52304812696747,0.626822459238989,0.777792605748191,1.06354534598703,1.57531977988324,2.72098058161879,3.23884857142884,3.76310414115544,4.37994508837004,4.39398724701785
"2009-06-29",0.478467627529226,0.589153810003816,0.749655068701931,1.05169218871732,1.58653722146289,2.75121010850665,3.25988556170227,3.76091606302646,4.33840347583406,4.38665659493498
"2009-06-30",0.463160110386192,0.573175342783903,0.732889766173024,1.03406710632488,1.56952675889116,2.74665241258784,3.26656254426891,3.78264384441346,4.37491202491375,4.40403984985066
"2009-07-01",0.408222049082222,0.513107828933857,0.665727970421986,0.95471418501959,1.47265976138869,2.63410160000922,3.16007976503584,3.69308540175287,4.31776347844793,4.32433196996322
"2009-07-02",0.39650703308501,0.505941283783551,0.664873388730551,0.964777778829222,1.49865837877865,2.67565989433038,3.19700928748077,3.71502539035696,4.30270933045962,4.31662525047528
"2009-07-05",0.405485969265667,0.509845584778563,0.661752084691597,0.949556886999658,1.46594272947158,2.62629035771512,3.15239738430113,3.68458495380674,4.29058653150224,4.26451159876849
"2009-07-06",0.355286535047717,0.466365244285882,0.627543528727836,0.931212552968804,1.47016495746386,2.64988682220469,3.1680800874776,3.6800528219747,4.26397911884291,4.2957211914524
"2009-07-07",0.315880954121752,0.427042737485138,0.588408696471117,0.892655247663193,1.4334028995999,2.62105063894075,3.14478982433357,3.66362051536118,4.25390979856079,4.27768393945937
"2009-07-08",0.300393458216887,0.417212983520853,0.58660632061615,0.905354816061894,1.46959687224256,2.69528314691275,3.22689428649694,3.74370882813891,4.29411132098848,4.2860871793634
"2009-07-09",0.343448997695987,0.453785946697756,0.614086403780056,0.916756848258694,1.4561406747154,2.64735102908921,3.17500785640637,3.69708576825173,4.26340009322932,4.23570084654054
"2009-07-12",0.328681574980806,0.443090659321383,0.609027520536073,0.921398086041411,1.47476106932237,2.67856274500341,3.20116847908531,3.708707531592,4.23933556819277,4.21483338105118
"2009-07-13",0.322892486651887,0.438637769548724,0.606501032212944,0.922455841080703,1.48199841987672,2.69794249625122,3.22468179579822,3.73451991114261,4.2575397929095,4.22096783140639
"2009-07-14",0.316517473286801,0.436966065461943,0.611481294081478,0.939388973417327,1.51812334335545,2.76510536678944,3.29927055296334,3.81118101826584,4.32806151671812,4.29656359204093
"2009-07-15",0.287408076568801,0.403120150239069,0.571004704310555,0.887234669089016,1.44809750440219,2.67163801658038,3.20456911748712,3.72328041666758,4.26384594966075,4.23060565157067
"2009-07-16",0.282977383687852,0.40290378620992,0.576808550445237,0.90406450041338,1.48340890734879,2.74178381187592,3.28714069766025,3.81627526292586,4.37162428958959,4.35221777791682
"2009-07-19",0.278411575102668,0.398712738617879,0.573129372831462,0.901246032707219,1.4817813879095,2.74134819205983,3.28685645525952,3.81660938594755,4.38088296137396,4.37512452615716
"2009-07-20",0.294419300909251,0.408110229679305,0.573205124087795,0.884671738527941,1.43888424528387,2.65906069861893,3.19830225234954,3.73249737967418,4.33057625731944,4.33624655442722
"2009-07-21",0.30368265262807,0.419586870003922,0.587715122426449,0.904301054754056,1.46554115072525,2.69027527506766,3.22577524009538,3.75215142621741,4.3423813180993,4.36666629483193
"2009-07-22",0.297488438493191,0.415708446582866,0.587139181328854,0.909751674880472,1.48099560491816,2.72370056866646,3.26469086314867,3.79411509359113,4.38069999635255,4.40115234006679
"2009-07-23",0.270406229900484,0.392617955179012,0.569610948057533,0.901935064218822,1.48776233816768,2.74836531590975,3.28960504130789,3.81329204834382,4.38682579954123,4.41711959490048
"2009-07-26",0.294401136694246,0.417188119097229,0.594880567295556,0.928073488511821,1.5139117940152,2.76673972340463,3.30059669242964,3.81428616909979,4.37666465766985,4.41592785272349
"2009-07-27",0.285154343596649,0.405311030895336,0.579191314275273,0.905220971272274,1.47844095924455,2.7046162415878,3.22776324939851,3.73250156257771,4.29435647770118,4.3444284901215
"2009-07-28",0.288475563090207,0.408223500913263,0.581505169403161,0.906385456636887,1.47746893654036,2.6981003779817,3.21797649173381,3.71816490036966,4.26714047315789,4.30792113854375
"2009-07-29",0.290689983278933,0.411527106654743,0.586263767925068,0.913468097631395,1.48724725280849,2.70637239027732,3.22165893894276,3.71428365671611,4.25070874949622,4.29390724284311
"2009-07-30",0.281336735151883,0.39508861126345,0.559822360054568,0.869105152754485,1.41424229415313,2.58703045848652,3.09055731718682,3.57798555231899,4.11432357499747,4.14617042357397
"2009-08-02",0.307298611754501,0.430501075710419,0.608124218078174,0.938967780730558,1.51314985099815,2.7032062020943,3.19102679970883,3.64679227205057,4.13794924105303,4.19997836826085
"2009-08-03",0.309158967522882,0.438459090391433,0.624210510185743,0.968028011447825,1.55756620760496,2.74594054073088,3.21771972138884,3.65002409296555,4.12518201353518,4.21645850706336
"2009-08-04",0.319190209339551,0.44818869231844,0.633446776895089,0.976146551129899,1.56303318063015,2.7417489263248,3.20681401371162,3.62977201516579,4.08324221481531,4.16337795451088
"2009-08-05",0.293409198294387,0.427271512284627,0.619362385494127,0.974196197067615,1.5801361806412,2.78820894095775,3.25984847421124,3.68434830498006,4.12848340612873,4.20277986121912
"2009-08-06",0.33933170755095,0.434705982176505,0.598216319704115,0.961424827225496,1.67428115005139,3.01919148004888,3.44195291659045,3.78235465340595,4.18610836356473,4.32081025349748
"2009-08-09",0.298190825673533,0.438449868531978,0.639136410639788,1.0079572933679,1.6316318695375,2.8474947188719,3.31006823579593,3.72013673703472,4.15529120893479,4.24566798077577
"2009-08-10",0.282251364412038,0.417670314894676,0.611979642669968,0.97086395132223,1.5835811984262,2.80476546749343,3.28158001302478,3.71118778225035,4.16394152125676,4.24262250859658
"2009-08-11",0.276340124918857,0.407348405143674,0.595705012846328,0.944828699227362,1.54499478446371,2.76087211754796,3.24532638779882,3.68835295879785,4.15914608438257,4.23224081189905
"2009-08-12",0.297054865654578,0.420676927502596,0.599057403490763,0.931810062019692,1.51095377172248,2.71891224807077,3.2173480225508,3.68424213775427,4.17841478639278,4.22468792941175
"2009-08-13",0.301057414067943,0.416747554104043,0.584060503478268,0.897427560935246,1.44716509370591,2.61641930715896,3.11133169866345,3.58512321745313,4.10263129026865,4.14479529976309
"2009-08-16",0.282295867939947,0.404989949403912,0.581706329564811,0.910296360961892,1.47872663906781,2.64870609489667,3.12510101919866,3.56954363991475,4.06105768510485,4.14197397410724
"2009-08-17",0.278837200889499,0.400037003788337,0.574811828567505,0.900482762809983,1.46616383704092,2.64139840378388,3.12500040908796,3.57889583433434,4.07579456097756,4.14406139061796
"2009-08-18",0.272039477776117,0.391408983396393,0.563678223226057,0.885119246906108,1.44491423387775,2.61483034796697,3.0993839823573,3.55569149751504,4.05001167723949,4.10642567900218
"2009-08-19",0.265603193984879,0.383985803337596,0.554872625297988,0.873876025871952,1.42993065124145,2.5949346572451,3.07932286263206,3.53748023690063,4.04093201305156,4.10326057894079
"2009-08-20",0.253763762582868,0.386360876337719,0.576450008444906,0.92700486328328,1.5238993560248,2.70841313603777,3.17069789839073,3.59071315524797,4.06099788414927,4.16740217117469
"2009-08-23",0.256039063644805,0.379340094767016,0.557015526844464,0.887664014572757,1.46054901178476,2.64360078429559,3.12679159556534,3.57774232496685,4.06959408707101,4.1411189966255
"2009-08-24",0.293717035155587,0.41335902365719,0.58589665397239,0.907434677616315,1.46609507871149,2.62810219219695,3.10752602557739,3.55939649186799,4.06377112004205,4.14166241439635
"2009-08-25",0.26992755247139,0.388381182315837,0.559244704852809,0.877799054461183,1.43177163278624,2.58705403174305,3.06580076725453,3.51948429229796,4.03564807061181,4.1224881829209
"2009-08-26",0.267605095061853,0.385628727399333,0.555988590522798,0.873988244653328,1.42828820159272,2.59057243472428,3.07531289145833,3.53662113165041,4.06065694944659,4.14263913960202
"2009-08-27",0.2642074981764,0.382134840979337,0.552359896458806,0.870124327374795,1.42408793253804,2.58631664581189,3.07164874724277,3.53445282374538,4.06504885333101,4.15239137895913
"2009-08-30",0.267852957276438,0.382786887631676,0.549048484956254,0.860594531336655,1.40769700908023,2.57506854067788,3.07202015755599,3.55147008040352,4.09275876277884,4.15331696719515
"2009-08-31",0.282704604004882,0.392228569194513,0.551077480844239,0.85011081746825,1.37997026489087,2.53502404909972,3.03961212075502,3.53565308765212,4.09598200098698,4.12636023332667
"2009-09-01",0.272307311677445,0.382735651162075,0.542918526589609,0.844538850626072,1.37925314698827,2.54646859167891,3.05737809707581,3.56070095399469,4.1329948509131,4.16662129699589
"2009-09-02",0.256061210944579,0.365407284458758,0.524208795583722,0.823860898788963,1.35729099741368,2.5336107616725,3.05517225685373,3.57446678817371,4.17154275766803,4.19641158408502
"2009-09-03",0.308869857761288,0.363178867190021,0.465066590468659,0.716450969196563,1.28276504709028,2.61354437011214,3.11938347933797,3.5584693504889,4.09855987462971,4.27954561225899
"2009-09-06",0.30715806326639,0.357900525396858,0.454770691763746,0.697663366740501,1.25366973870318,2.58629276416022,3.10075481559878,3.55041815008355,4.1057821118252,4.29200775480085
"2009-09-07",0.319885018867022,0.36160632205261,0.449597742170205,0.686234508122771,1.25102943088679,2.61742919517261,3.13833615210145,3.58922114336524,4.14246148390042,4.3277694435851
"2009-09-08",0.300706192384912,0.349770079900907,0.447514146658591,0.699914649245425,1.28574910828426,2.67776243272863,3.20483488380392,3.66037399132405,4.21900983247816,4.40611403624048
"2009-09-09",0.322636996214611,0.364074712953595,0.449923240148344,0.678927635452567,1.22699118657329,2.58017370486363,3.10860172971994,3.57169438518843,4.14424692069532,4.33625920336279
"2009-09-10",0.321939565989938,0.366151352350771,0.453809473725661,0.680669903690608,1.21425617494863,2.52848736276768,3.04534428524326,3.50064017355419,4.06556921322071,4.25514669344242
"2009-09-13",0.302505634324801,0.355641232769159,0.455240382668998,0.701224347863688,1.25779915803686,2.58097953189554,3.09015106082684,3.53485666440386,4.08393309841584,4.26804413748494
"2009-09-14",0.319404368932815,0.370732605849717,0.468141308307878,0.711202114306391,1.26554249372181,2.59076743063894,3.10185498115941,3.54846372666345,4.10000325978649,4.2849445160989
"2009-09-15",0.265784437127747,0.373963234543578,0.531241337595072,0.828595530609271,1.35994356550543,2.54248268073523,3.07274466373412,3.60531569257515,4.21966163969726,4.22860741222054
"2009-09-16",0.342304924662763,0.393776944508833,0.49243959408042,0.740195358846766,1.305891594125,2.64770266364334,3.15961992745985,3.60435539848914,4.15157387613217,4.33495473435832
"2009-09-17",0.258127349113112,0.369635857872254,0.531624434740674,0.837448246418729,1.38242520388674,2.58740409602788,3.12363070690994,3.65945206078573,4.28106085634775,4.30927038122585
"2009-09-20",0.349835898854678,0.397954112177886,0.491405006162678,0.729402891279811,1.28264296352776,2.63448576007659,3.16448917235687,3.63102544765188,4.20972889989031,4.40392191165822
"2009-09-21",0.315531624401769,0.370817964356871,0.473946050607162,0.727601983275231,1.29969773376552,2.65668965654239,3.17839825283153,3.63395721126968,4.19638669680099,4.38497334225561
"2009-09-22",0.356447316878167,0.391988100220094,0.47251217023288,0.699228952297561,1.25645311897421,2.62909402616787,3.1558754108925,3.61250805488718,4.1731068689642,4.36089021367538
"2009-09-23",0.338310155540039,0.376143989032814,0.456549898542335,0.675288338343897,1.20784238475066,2.54935311822297,3.08148326704934,3.55117317265901,4.13443903915667,4.3301888720955
"2009-09-24",0.335308215723819,0.373811730869196,0.455802557370218,0.678229297460959,1.21445657552743,2.53260051598383,3.04240415232052,3.48666888209603,4.03396102256756,4.21739038986192
"2009-09-27",0.33747893794479,0.37528144488871,0.457486034756213,0.68308316165975,1.22869758141576,2.55962415010598,3.06856343796659,3.5093845311864,4.05041258583714,4.23163478386502
"2009-09-28",0.269184808906602,0.373203874462307,0.524460783673474,0.810520823363426,1.32200412710119,2.46211896003201,2.97441883382794,3.48993007007234,4.08678000340401,4.09531698234806
"2009-09-29",0.27469852068096,0.380636063833127,0.534618380051306,0.825612818648878,1.34512323148768,2.4983404353779,3.0133577804793,3.52807792004166,4.1102762765355,4.10722928199187
"2009-09-30",0.287204184291676,0.388206566143721,0.535366643605585,0.814656448452523,1.31747400029886,2.45729310243525,2.98029647768906,3.51554422512833,4.14256567112755,4.12134585696902
"2009-10-01",0.279382686892329,0.379827784702864,0.526089424315875,0.803383375764682,1.30159217393742,2.42546578670482,2.9381795178314,3.46074163840588,4.07468393130188,4.06921693373893
"2009-10-04",0.297431425568994,0.396405057967492,0.540617197794427,0.814341010904118,1.30725371426911,2.42551520707184,2.93941518473459,3.46656051192938,4.09184009496045,4.08137711043832
"2009-10-05",0.298472734748334,0.398364960432893,0.543921545114905,0.820215301321139,1.31780430787034,2.44667598741767,2.96515462005913,3.49614835323784,4.11803043835428,4.09458169282373
"2009-10-06",0.330671702165089,0.428299428948746,0.570527594534323,0.840407516403692,1.32611619415956,2.42635034526751,2.93088010631138,3.44726056440853,4.05578202792706,4.04299198258917
"2009-10-07",0.320449515096161,0.419774950108494,0.564354593283851,0.838285332717441,1.32983646647912,2.43525390260411,2.93755766854807,3.44778499735486,4.04472739888843,4.04281816618496
"2009-10-08",0.314972455453414,0.42331676211308,0.580526441597869,0.876712028012083,1.40233704334465,2.55224831036548,3.05657908033731,3.55345616257549,4.11075709899278,4.12938571555723
"2009-10-11",0.319913863581111,0.42395679291472,0.575220574334202,0.861198003309005,1.37218472056149,2.50904366500265,3.01841096407206,3.52925897562159,4.11341748611768,4.11500416186656
"2009-10-12",0.285616205665657,0.391401557750611,0.545150567951464,0.835667350228682,1.35422468299849,2.50525697100572,3.01977448781505,3.53538215516666,4.13084413879427,4.14612389066713
"2009-10-13",0.33309572796945,0.439908564478939,0.595105911247259,0.888206530142472,1.4108305844041,2.56773366853228,3.08290444946142,3.59716494483102,4.18477328383473,4.19638742470221
"2009-10-14",0.316010139326665,0.429267712773994,0.593495633646827,0.902531448096486,1.44966621381284,2.63966158044254,3.15767454793986,3.66479906657485,4.2289784863488,4.25212130707348
"2009-10-15",0.318210009628244,0.432878096396463,0.598969111463212,0.910903597696821,1.46108474381269,2.6468861911145,3.15739816156566,3.65309816743711,4.20403985467779,4.24083370546998
"2009-10-18",0.325365505482764,0.437040459862919,0.598972920118748,0.903688915291062,1.44318640820649,2.61682542291165,3.12806551685548,3.62922435415568,4.19132236550151,4.22006265376023
"2009-10-19",0.322584073537625,0.428104403038114,0.581454750515164,0.871173911263709,1.3881596955261,2.53501818804592,3.04741391528762,3.56093255019707,4.15666711095168,4.17707890818833
"2009-10-20",0.327045762134005,0.435182229197145,0.592285215123088,0.888930569337256,1.41772095340046,2.58802412785391,3.10965056204875,3.63195778964243,4.2432262114963,4.27655783115266
"2009-10-21",0.327854568938725,0.433562046621552,0.58723035147319,0.877709229134576,1.39663828894914,2.55154545202137,3.07021138248842,3.59331400521268,4.21555339814902,4.25230201863432
"2009-10-22",0.311936020700358,0.420636773984545,0.578554704905584,0.876724788536831,1.40820027902985,2.58454041392663,3.10920042291664,3.63537630630046,4.25784254523384,4.30091324591873
"2009-10-25",0.295213400012539,0.404004184028473,0.562149308993391,0.861070455782551,1.39499591115698,2.58256687143933,3.1152390722493,3.65141897092463,4.28268224606743,4.31196922737721
"2009-10-26",0.306065631525651,0.409074102794801,0.559018339166289,0.843132704606673,1.35308168865907,2.50151081690172,3.02532796614969,3.56108766181096,4.21486552908524,4.25129588005628
"2009-10-27",0.29524295430857,0.398551017168474,0.548906626644572,0.83371529839351,1.34459820472747,2.49318155668823,3.01571959130509,3.54857602539493,4.19180580869526,4.22113797637249
"2009-10-28",0.317153485447625,0.424986827676116,0.581668919096865,0.87758462792925,1.40529877414427,2.57439082180517,3.09608170704073,3.61885001106586,4.23007538905909,4.260575701705
"2009-10-29",0.311512148971403,0.415263795328599,0.56613807295665,0.851500534403349,1.36186457649725,2.50080968773065,3.01400452932549,3.53289309408744,4.15054551393633,4.18197324049167
"2009-11-01",0.30221631191413,0.406819770989679,0.558912895792605,0.846514102092859,1.36065054735247,2.50677275560326,3.02252937274472,3.543506390283,4.16364500868083,4.19747588938401
"2009-11-02",0.314606926405542,0.418254835038676,0.569079908878694,0.854693766039344,1.36673056413078,2.51638811082317,3.038640895628,3.57073444219314,4.21441146047255,4.24879369205743
"2009-11-03",0.329999005222708,0.433472652724781,0.584099123141735,0.869522793439365,1.38187591681657,2.53594554718507,3.06238512009485,3.60071454126289,4.25579015508458,4.28910291856167
"2009-11-04",0.282999039938312,0.390682539878411,0.54726530950808,0.843395555416098,1.37292678541196,2.5543445398863,3.08671660724138,3.62543054864979,4.27149535510645,4.31185584162069
"2009-11-05",0.294187062010036,0.400368931778617,0.554865023717861,0.847374913416956,1.37157412723264,2.5473482367827,3.08069615667936,3.62327389307335,4.2767226263442,4.3096601790606
"2009-11-08",0.297727073274003,0.399789574873205,0.548519785415515,0.830883049692238,1.33961684507547,2.49590598951716,3.02923771031397,3.57942426962102,4.25246261421167,4.26955380801195
"2009-11-09",0.295759451635199,0.397339705310861,0.545321655767589,0.826110857908985,1.33146885408957,2.47709803032412,3.00382832010223,3.54584093732379,4.20803023893716,4.23014084661171
"2009-11-10",0.313576933898998,0.413764757562669,0.559832530212579,0.837374250289298,1.33823238946517,2.48095622438549,3.01029334145757,3.5577994211556,4.22339955977984,4.22343833353965
"2009-11-11",0.372471035446939,0.417265590019975,0.504940236495756,0.729985548823283,1.258007974073,2.56729801442517,3.08746910658598,3.54835020933428,4.12243948220373,4.31522729800115
"2009-11-12",0.296707145268861,0.398377462171435,0.546612902024694,0.828293231119313,1.33667997903709,2.49673876860375,3.03399900373461,3.58921072827464,4.25887523410264,4.24979724051687
"2009-11-15",0.380721901150685,0.419321423521399,0.499339421842624,0.713713092627809,1.23220958752092,2.54405650508913,3.06931284400916,3.53556328277152,4.11679176325393,4.3119956648498
"2009-11-16",0.28240846163832,0.382804260326457,0.529094228452207,0.806782673042291,1.30692104420586,2.4422829790782,2.96469663182658,3.50162482570019,4.14546490975408,4.14439940084468
"2009-11-17",0.312463178441286,0.411381890222487,0.555594467368298,0.829591021721404,1.32395453702928,2.45086492545176,2.97180273522807,3.50870542503369,4.14736105131449,4.12667495513871
"2009-11-18",0.38918362416582,0.426014352835615,0.504606610600244,0.71855434750897,1.23759497735576,2.5302536683012,3.03669239413789,3.48084440611248,4.03014150405952,4.21436096656937
"2009-11-19",0.386212127766982,0.418377989570325,0.49314472578807,0.706861399411665,1.23699303076864,2.55009006198239,3.05502584511281,3.49291142345112,4.03058218759453,4.21068838307794
"2009-11-22",0.294835328301817,0.397899512586284,0.547911133816521,0.832098216639591,1.34192138266037,2.48756622320835,3.00751457439098,3.53485268072275,4.14775042828115,4.14126319042276
"2009-11-23",0.333864284478091,0.43181260192158,0.574552616866939,0.845561693996756,1.33390738402858,2.44432188973497,2.95684996605717,3.48605173294666,4.1359868198311,4.15550224019209
"2009-11-24",0.325359320327421,0.423398289755024,0.566323374451566,0.837862875415884,1.32779682320616,2.44536660122118,2.96323802403515,3.49968210323981,4.16030603018078,4.17476713761805
"2009-11-25",0.321466649849362,0.412671659707087,0.545988430693868,0.80048103141295,1.26398846559164,2.34658559146386,2.86382038515046,3.41449879256321,4.12475855850501,4.12404226162596
"2009-11-26",0.323362743249768,0.414767508608989,0.548336487367489,0.80317514993709,1.26682825252725,2.34694598764857,2.86129995080514,3.4073617517696,4.10912751101146,4.11227004781687
"2009-11-29",0.321498998937628,0.413036478255248,0.54676785265857,0.80180674211057,1.26541508900534,2.34275085244351,2.85383486952794,3.39397263155023,4.07576280604286,4.06479484110661
"2009-11-30",0.337164871149138,0.427501489971361,0.559532146216282,0.811511259315528,1.27022216104351,2.34016979657558,2.85029717087946,3.39204514122806,4.08370142994811,4.07466287386795
"2009-12-01",0.302445764839089,0.3934106750538,0.52638365081553,0.780245198640783,1.24269980290013,2.32351020875528,2.84041945837487,3.39148396835682,4.10654702197628,4.11151933730307
"2009-12-02",0.263279696285066,0.360466230655849,0.502221208266968,0.771784217422421,1.25903094416862,2.37553141262277,2.89595953655065,3.43789787260786,4.1112373279295,4.12333539746336
"2009-12-03",0.308315188523827,0.407909362681545,0.553006946618468,0.828351737149933,1.32399942200531,2.44789695088367,2.96456490712622,3.49570460865124,4.138740467932,4.15042703270394
"2009-12-06",0.26730714883013,0.365628202258377,0.508928218423988,0.781056504067304,1.27161044709384,2.38801104429451,2.90373960098774,3.43638189971498,4.08794549450129,4.10118739488288
"2009-12-07",0.261621857703481,0.354106637436522,0.489253163890815,0.747096589958214,1.21617789332296,2.30834963808524,2.82767893776284,3.37749673721391,4.07136248749411,4.05363149485296
"2009-12-08",0.256506079251854,0.349474037398731,0.485316645370506,0.744455035632551,1.21578032011262,2.31264244836176,2.83401006356968,3.38607299281913,4.08617607990425,4.07603138678115
"2009-12-09",0.261214574957872,0.357202019140815,0.497330259447758,0.764213705458257,1.2480828653541,2.36510586947073,2.89053515658485,3.44164192411225,4.1288340640586,4.12358848345787
"2009-12-10",0.261247089582419,0.357224882277022,0.497310692838742,0.764018266154852,1.24723833578659,2.36101563158177,2.8840448319938,3.4321795720979,4.11889519965642,4.12388852617913
"2009-12-13",0.265571735482622,0.359046016505667,0.495607892488227,0.756049580873624,1.22950758183214,2.33010168585669,2.85266908350191,3.40581289299352,4.11109120038037,4.11126113446076
"2009-12-14",0.279792847442269,0.374290575618731,0.512338066229943,0.775579254640019,1.25399753710793,2.3652282235403,2.89214657261244,3.44893095248426,4.15325926928678,4.14616226828979
"2009-12-15",0.270245085342255,0.360997753021555,0.493748005136972,0.747480682612872,1.21074939432302,2.29933925071409,2.82323308199959,3.38413644018784,4.10797857093632,4.08702302976276
"2009-12-16",0.33891235395288,0.365916413968034,0.427758279777247,0.605950638799866,1.06443008108991,2.31151918710211,2.8403567797944,3.32320266643383,3.93672104784588,4.14354005983008
"2009-12-17",0.335113830382436,0.36246537580011,0.425309667339442,0.606412295640834,1.07075716322739,2.32077945145011,2.84491566950043,3.32042616299799,3.92181012405473,4.12433838474779
"2009-12-20",0.341411593788444,0.368229542455065,0.430954874075038,0.613638014576026,1.08507377891285,2.35915451395537,2.8941470363572,3.3796781799518,3.99383217915566,4.20066548770578
"2009-12-21",0.355457666293957,0.374755593242836,0.430034650199377,0.607541224243736,1.08757769135058,2.39730875909244,2.94068315448055,3.4288526326543,4.04151171174912,4.24750153541738
"2009-12-22",0.32875745481974,0.352005405809362,0.412823539308336,0.600144137215756,1.09561177568877,2.43085333203237,2.98240387953366,3.47741150054438,4.09838198198914,4.30715468980789
"2009-12-23",0.2388429155734,0.332924567956313,0.470580807713765,0.733813419749246,1.21485801959355,2.34755367904059,2.89387037451298,3.47942278841379,4.23001333440982,4.19080399729877
"2009-12-24",0.337513239936542,0.361494265119049,0.42319743477725,0.611683064327035,1.10796466563137,2.44193715568036,2.992454813343,3.4864277701609,4.10604282666618,4.31435737070772
"2009-12-27",0.338897752295507,0.363008102212937,0.425813500170114,0.618409020371345,1.12450254317685,2.47089142300777,3.02002168988084,3.50957929511636,4.12096489139522,4.32634248262525
"2009-12-28",0.310256551391868,0.353161407637898,0.43765041239676,0.656300280448004,1.17601531684097,2.49791826968065,3.03643570283119,3.51986131416758,4.12738810889703,4.33174822898725
"2009-12-29",0.315691852134013,0.362623280389478,0.452865368294487,0.68164034526133,1.21532185305763,2.5444655237114,3.07747275430499,3.55244642919515,4.14647444874586,4.34611135447198
"2009-12-30",0.255134378765017,0.357853515170329,0.507582231734957,0.79198107638035,1.30487080476298,2.47324136053824,3.01355255667327,3.57190879150851,4.25336191486805,4.2620466226519
"2009-12-31",0.253709595382213,0.356729931970465,0.506873383678924,0.791976729449587,1.30583502394611,2.47458301880835,3.01386523748669,3.56983906629963,4.24343125311793,4.24829655542763
"2010-01-03",0.322319570308498,0.361840281318577,0.444376040461753,0.666228626000996,1.20203722819578,2.54484733453039,3.07646489191651,3.54549156279152,4.12782710413569,4.32326047825779
"2010-01-04",0.322233441862746,0.352523043199741,0.42475676893371,0.635258925043176,1.16809336261619,2.52981018054126,3.06838987362151,3.54174586725722,4.12765952541937,4.32417817016977
"2010-01-05",0.317603131811999,0.342971264724017,0.410514396222845,0.618335962445166,1.15839426404849,2.54622438201285,3.09167890439789,3.56870569516887,4.15716521721198,4.35442159879894
"2010-01-06",0.2904418491054,0.311733237987048,0.373617856854973,0.572096154068228,1.101564606033,2.49532357866973,3.05238026237973,3.54312424970075,4.15112350986389,4.35507117178521
"2010-01-07",0.329750134012535,0.345739348831131,0.400824937851741,0.589031755038401,1.10674341820875,2.49184214079784,3.04852732341135,3.53954916310918,4.14818856328002,4.3523621839088
"2010-01-10",0.301196049278753,0.310736488078298,0.359067648167488,0.541120988286122,1.06089537010806,2.46345053213932,3.02392246765435,3.51585181368159,4.1235353543323,4.32726636421418
"2010-01-11",0.30784325299138,0.313406211053558,0.356631296763685,0.530948886154464,1.04178483682146,2.43735872016783,2.99729437446735,3.48917782772873,4.09700571677631,4.30079242769704
"2010-01-12",0.302493372433269,0.309202405624013,0.352949322906893,0.52573081957655,1.03069380923768,2.42269596733257,2.98774971903747,3.48724250397915,4.1069140332109,4.31480866527552
"2010-01-13",0.294230624359621,0.298330124043484,0.339105025928926,0.50853268225492,1.01292790456274,2.41537329247562,2.9862559440362,3.49120786634659,4.11780139306143,4.32802395922158
"2010-01-14",0.296075796151177,0.293166759390815,0.326020490091914,0.486147090996375,0.984912142384154,2.38499280124183,2.95160489174553,3.45026736635693,4.06690438064662,4.27366023373654
"2010-01-17",0.29141723284231,0.295380116167837,0.335495526426802,0.502456582090913,0.999795137743011,2.3829856249088,2.94607834342702,3.44414921739861,4.06220856544507,4.26956807906756
"2010-01-18",0.27897859882428,0.290181436544218,0.339366921077254,0.519381348123273,1.02979209462418,2.41640659227935,2.97657205726987,3.47122283376135,4.0846335208528,4.29041807203657
"2010-01-19",0.244027228518763,0.264662259382348,0.322825563150265,0.508288091530318,1.00802074637322,2.36877363273927,2.93292141888098,3.43967069793233,4.07560336132098,4.28941639058282
"2010-01-20",0.289540307367921,0.300664024264353,0.345941222609903,0.510274061820448,0.983150989209098,2.32844640615097,2.89925939485705,3.41673649117348,4.06985036787055,4.28966997135371
"2010-01-21",0.280819148828355,0.293935657704151,0.341693502539373,0.509533194189747,0.985664234776404,2.33043335028972,2.89962578486065,3.41533558965901,4.06605590640028,4.2850626498027
"2010-01-24",0.273507378370653,0.264123066360639,0.295427206513998,0.469786390574789,1.01501876263097,2.46026759124372,3.00771007670199,3.47407211507396,4.04014720070622,4.22943686909983
"2010-01-25",0.247964722124202,0.296031441112752,0.387301234763,0.616305950677358,1.14633043699781,2.45910651036712,2.98439607197995,3.45224078134968,4.03721766078019,4.23380690250525
"2010-01-26",0.227360144304519,0.279126185477813,0.375626461465152,0.613639019298364,1.15535593568673,2.47037084506605,2.9884275586565,3.44650377629045,4.01661281215285,4.20804390955644
"2010-01-27",0.212818177948683,0.273900420044838,0.381860492936074,0.635672244211162,1.19094128974841,2.49987531796956,3.00934693062101,3.45850720635065,4.01682655870338,4.20427025629841
"2010-01-28",0.219776555202066,0.272702203294277,0.372036264153324,0.617632297352633,1.17379919996375,2.49679904235982,3.00602224697744,3.45079762640055,3.99997236677728,4.18411683184894
"2010-01-31",0.25112008877972,0.288706662144835,0.369927621648844,0.592416313886437,1.13220736908037,2.46438264077313,2.98037381666401,3.4301788161067,3.98436667685844,4.17010977460795
"2010-02-01",0.269580838524149,0.306464985095737,0.386806807813085,0.608031765023866,1.14655641254634,2.47836677402908,2.9946134832768,3.44471842480335,3.99931261186324,4.185193235325
"2010-02-02",0.253901306144263,0.29809597540394,0.386043874156789,0.614293296952691,1.15223120699496,2.47897052188432,3.00101939202803,3.46094524979415,4.03164775253072,4.22316381309085
"2010-02-03",0.279550705638656,0.295392518366584,0.353558137275578,0.55392368134653,1.09613006214443,2.47554327182743,3.00150610720358,3.45354739482757,4.00531202828428,4.18996575163547
"2010-02-04",0.284615220449278,0.287822444382882,0.331599973319997,0.514849746531042,1.04685261622506,2.43035562113325,2.95659798478766,3.40697591602057,3.95519374897591,4.13858463949306
"2010-02-07",0.2886329005391,0.293719053020084,0.340694962984505,0.530371528812009,1.07085112734603,2.4477902040376,2.96298528443366,3.40085532379011,3.93193949076374,4.10951689751881
"2010-02-08",0.286410183501319,0.32086767664912,0.39710870088656,0.609605148914775,1.13303338535228,2.44900881349045,2.96639802352579,3.42051643792298,3.98231746712432,4.17073718507297
"2010-02-09",0.282577538713484,0.318509217034613,0.397519812678664,0.616400704027878,1.15128646682923,2.47725806544989,2.99169493957608,3.44031004070013,3.99311051027445,4.1783914719644
"2010-02-10",0.291633793711367,0.313362122546321,0.377503030911798,0.582844258447035,1.12232670380545,2.48842089056274,3.01320011191772,3.46655311110478,4.02166864172056,4.20753182563698
"2010-02-11",0.313622752938735,0.322357500855616,0.369449796273833,0.548426254969632,1.05853817969632,2.41910202238434,2.95578266340146,3.42373455980176,3.99949217183796,4.19239720527214
"2010-02-14",0.30803614007254,0.31137045501426,0.354398016758903,0.534509710717957,1.06052633608346,2.44836051236474,2.98384953592308,3.44517899015616,4.00875403103667,4.19737522851327
"2010-02-15",0.30514301062271,0.315348932234744,0.364612494450995,0.547728004076117,1.06502424764373,2.4388604894027,2.9800161558898,3.45173062647276,4.0320537508982,4.22648621963642
"2010-02-16",0.298052084180642,0.314846040911939,0.370880633371607,0.559754163449669,1.07361841694026,2.42713971353199,2.96366685224912,3.43375960979926,4.01408015156399,4.20862337970029
"2010-02-17",0.303833496427634,0.312756595939075,0.360838771282331,0.543559040369564,1.06432093718528,2.45326407809679,3.00113568506911,3.47884478345203,4.06660715612673,4.26353432149012
"2010-02-18",0.294649902564918,0.302922682574688,0.351519857113433,0.538440324639542,1.07080946479488,2.47478781369151,3.02149309699415,3.4951188552957,4.07564981093831,4.2700422318413
"2010-02-21",0.287913842746913,0.305246595383294,0.362467277733381,0.554628933535363,1.07653210590732,2.44998725412185,2.99424891513782,3.47108672279422,4.05971884316388,4.25704784814912
"2010-02-22",0.322097151996061,0.3210550869026,0.355005431388187,0.512872197953279,0.997877700989573,2.35130419810171,2.89802041412171,3.37898405900313,3.97364585341469,4.17303026820404
"2010-02-23",0.295633030258837,0.305408384334797,0.352224994484144,0.52650621120188,1.02172690618835,2.35494540408064,2.88730472474208,3.35448309812398,3.93155545618019,4.12502249634904
"2010-02-24",0.313671393997552,0.299001209940081,0.317304561881549,0.456408537622626,0.930867485857035,2.29591747793102,2.84722331885684,3.3302838844564,3.92571086203986,4.1252435538965
"2010-02-25",0.31161105950207,0.307840170815719,0.339300673485841,0.495846725590225,0.983500016554825,2.33711434696084,2.87788976908261,3.35066509313468,3.93293163673183,4.12803741281418
"2010-02-28",0.321510179489027,0.306804711571293,0.32510034564989,0.46430530306891,0.939198211547941,2.30559225900294,2.85745235895733,3.34100061940016,3.93702966968792,4.13676415365082
"2010-03-01",0.297328416059216,0.289813668722916,0.315932731135753,0.463376708076859,0.940437805710496,2.30086113567498,2.85411212326912,3.3415161690626,3.9444673796624,4.14664301397162
"2010-03-02",0.321304600462938,0.302589892302169,0.317624041083677,0.456860849398905,0.942676273504324,2.3353610247003,2.89178777174305,3.37634994275228,3.97140128559661,4.1706929195977
"2010-03-03",0.30702301136398,0.292254314262383,0.310755816271568,0.451133574605328,0.929806976105828,2.30684332284685,2.86297349531931,3.35025821989173,3.95089059546295,4.15216761379472
"2010-03-04",0.283323572623593,0.281206648364858,0.315311858498645,0.477430685933285,0.97594461465541,2.35211324159335,2.90095738852511,3.38061637875235,3.97128287894528,4.1692006065665
"2010-03-07",0.300841040694394,0.293268792584263,0.32078501814786,0.474157664754559,0.966018931218548,2.34777803024176,2.9018398146963,3.38660043455502,3.98379694106672,4.18391131149144
"2010-03-08",0.307963126915507,0.293818349566191,0.313411983931515,0.456318467436857,0.940380111161025,2.32946532671082,2.8900483872079,3.38116079040921,3.98647746696793,4.1893230643378
"2010-03-09",0.29762918258914,0.295253998099979,0.328183629549592,0.486587132041017,0.978135337356717,2.35574757647247,2.91298735989189,3.40334948233004,4.00969788958564,4.21300312401639
"2010-03-10",0.346980011259279,0.328284401272485,0.344741162061456,0.489593129532054,0.988330774447994,2.3942921683053,2.94783537109313,3.42662382945503,4.01234434931001,4.20840322388844
"2010-03-11",0.30712433723669,0.302170896868143,0.333992913902995,0.496076386200083,1.00121648409035,2.38772902907061,2.93451592385954,3.40943811403177,3.99210187986935,4.18722652493009
"2010-03-14",0.355459455494216,0.335808788728748,0.350704690052389,0.492195690177335,0.98427918015987,2.37644744638003,2.92513056415262,3.3998115776775,3.98054843197248,4.17494041953476
"2010-03-15",0.300237616533824,0.304864922372507,0.344843751350015,0.508597289173881,0.993623242949305,2.33905097257116,2.88630882583398,3.37028454343696,3.97080988149894,4.17228507928728
"2010-03-16",0.369034435630032,0.340307836331584,0.342764933043354,0.463746334279094,0.930590451357949,2.31448820903645,2.87271708174179,3.35977076807895,3.95828869085955,4.15875481566212
"2010-03-17",0.361220740159202,0.340015481246223,0.350560980726711,0.479798335366603,0.948136671237524,2.32495298865648,2.88452665724952,3.375460989962,3.9808803401838,4.18377151782805
"2010-03-18",0.36367653482593,0.340932541270778,0.349591430416314,0.476234905064607,0.942312521203786,2.31965204902363,2.88027808448984,3.37228508252481,3.97909528707182,4.18245493366292
"2010-03-21",0.3649483795973,0.342167234795266,0.350342289983904,0.474944483440198,0.934977073345537,2.29590349213931,2.85001787641158,3.33634026259444,3.93615310300216,4.13716820454207
"2010-03-22",0.362144290276386,0.339058642398837,0.346665545810149,0.469874965296555,0.926797563469238,2.28052665876301,2.83194372593139,3.31594019395692,3.91290318052777,4.11296386479768
"2010-03-23",0.316538913953536,0.305602606836936,0.328407892929992,0.473462618651161,0.952367352390269,2.31329591266753,2.86091313599139,3.34037933235649,3.93121057460996,4.12919746425529
"2010-03-24",0.326974454749816,0.303859543510127,0.314881168249493,0.452189782906562,0.944051414843562,2.34990895627424,2.9056262471497,3.38666910896264,3.97530724104588,4.17234778236424
"2010-03-25",0.377470173759879,0.338354873814209,0.332710190957733,0.454489661916182,0.947389901248649,2.37252493944772,2.92591486742571,3.39951639581673,3.9752453761244,4.16778802883067
"2010-03-28",0.346009589008601,0.319746206433583,0.326704565620218,0.457782859668104,0.942189224855838,2.34116082803581,2.89579046084779,3.37616660703421,3.96410617786123,4.1609165911505
"2010-03-29",0.352485910831742,0.33532218121585,0.350534639123323,0.485283454167845,0.955619487286566,2.32025773354591,2.87276765476474,3.35712857902856,3.95427028767933,4.1543814812887
"2010-03-30",0.380966708537919,0.341768164406198,0.333950993416318,0.447221641247683,0.919884046655455,2.31715611600113,2.868902252986,3.34449378668097,3.9248054351121,4.11897471918991
"2010-03-31",0.33659614336112,0.317232747059682,0.331563019547195,0.46942688257282,0.949662307812034,2.3090770366609,2.84493899774148,3.30854286347614,3.87573396921854,4.06559194286438
"2010-04-01",0.323046751808797,0.310626889359367,0.333362595494417,0.482477302640059,0.971721144363132,2.32651607373842,2.85711089967084,3.3155768259319,3.87623385022651,4.06389679992559
"2010-04-04",0.35131737877025,0.323994619739127,0.331792906536358,0.469039156730354,0.966844627145024,2.35899545690501,2.89463125093549,3.35226565745137,3.90827759722889,4.09421745084085
"2010-04-05",0.384957568009429,0.343649988987974,0.336393888764605,0.45830635711476,0.954150598105147,2.36946337385915,2.91106639121318,3.37147429161856,3.92922958299318,4.11568075766195
"2010-04-06",0.374581669759918,0.341440217213189,0.340743390192432,0.462897193414972,0.940738063860314,2.32738855819073,2.87219020279662,3.34135306031366,3.91363843251138,4.10511668795838
"2010-04-07",0.318828910063697,0.297118401675078,0.307929615176103,0.439636897279134,0.913560194065636,2.28681414139124,2.83718573881541,3.31677128474835,3.90584207990256,4.10313507297733
"2010-04-08",0.367323450068966,0.340346115172761,0.346146179729403,0.474750183261748,0.954296302789146,2.34326078734599,2.89437490071235,3.37178193511394,3.95611987780692,4.15172568197288
"2010-04-11",0.327652981250502,0.32671213792946,0.360663338761814,0.518142067049978,1.00159228597184,2.35023881363704,2.89496823135688,3.37417359637071,3.96665653484659,4.16531022123203
"2010-04-12",0.370299458155573,0.342599220244593,0.347241265291116,0.473406257402356,0.948229171236339,2.32758857900231,2.87534726749898,3.34992396917722,3.93083018778163,4.12528825911122
"2010-04-13",0.362696584642477,0.334828268771435,0.338081896354961,0.459361453117356,0.924022732047782,2.29837684646528,2.85240981579243,3.3357430592264,3.92966288114386,4.12858806134779
"2010-04-14",0.358789207424554,0.331793717938084,0.336018545050477,0.458326222660747,0.922947415535852,2.29348841491537,2.84556701480451,3.32712351306689,3.91882845321126,4.11701074285751
"2010-04-15",0.354303110815121,0.328475247681895,0.331614825372022,0.445842891990207,0.889067890327963,2.23769913699523,2.79669282180173,3.29110811213159,3.90365306898819,4.10907898768798
"2010-04-18",0.31458902404598,0.295580817865657,0.307234977091011,0.433638479581149,0.88887276590132,2.24025177932875,2.79644376008081,3.2876648430893,3.8959160691517,4.09988983352626
"2010-04-19",0.324053579733714,0.301189600724166,0.30939355234697,0.434445068592862,0.89613904905653,2.26198285346806,2.81809968419507,3.30617958224214,3.90816009872109,4.10990165370732
"2010-04-20",0.353381214949013,0.318737792548701,0.312612227794135,0.418317069660752,0.864249260996568,2.23833380822773,2.80419239943676,3.30195632034132,3.9163971629349,4.12233244220762
"2010-04-21",0.345892656858629,0.308061899653017,0.300391140377493,0.409919988483026,0.870938877310459,2.25527760864778,2.8100394198197,3.29152477239809,3.88124622101828,4.07866652373625
"2010-04-22",0.307927861662408,0.282772645043386,0.28938268961961,0.415376211169227,0.884477796493619,2.25931899837236,2.81212021107382,3.29413321194444,3.88632249477008,4.08466447209409
"2010-04-25",0.3164149140815,0.286692743407586,0.287716004543937,0.406058175062464,0.86853832513882,2.24486522241856,2.80064477116444,3.28566536176985,3.88173068755223,4.08137686108751
"2010-04-26",0.318189720484361,0.288493332147733,0.286993849477369,0.394539894325948,0.828067010053729,2.14652544456385,2.68753223264864,3.16309357201924,3.74997239841655,3.94666465283716
"2010-04-27",0.335110691298524,0.297124902135591,0.287097336138565,0.387358464021583,0.825119126905487,2.16970000282456,2.71735363137258,3.19608887331164,3.78478478768871,3.98197439969692
"2010-04-28",0.344168142906147,0.300534942417143,0.285232276608028,0.382635799230625,0.827994391142871,2.19452504921485,2.7453015706313,3.22385066389002,3.81019826165847,4.00649613216246
"2010-04-29",0.343680775842806,0.302977439650102,0.28845226073684,0.379564093136179,0.803339457771103,2.14314339738906,2.69868354694063,3.18803766568682,3.79240041614882,3.99496842677444
"2010-05-02",0.329597523354174,0.287749691339522,0.273650472564379,0.37037741438654,0.811367437447623,2.18107050611225,2.74060979971185,3.23001646348233,3.83195867045657,4.03358935524314
"2010-05-03",0.333478224379747,0.27533612594426,0.240940306997394,0.308732341061554,0.721178903096906,2.08288552401523,2.64783212441686,3.14344078577265,3.75365806986444,3.95808202992937
"2010-05-04",0.314266347362452,0.252448760633882,0.210468955725368,0.259604962046837,0.636898515458813,1.96392585601078,2.53483900737028,3.04359042833976,3.67567844948822,3.88772298698071
"2010-05-05",0.331866132067306,0.25009398124488,0.182626386524839,0.19421095344892,0.534297713375663,1.87003216636576,2.46496469532003,3.00103548376878,3.67103978082412,3.89600839582865
"2010-05-06",0.332453049476572,0.25276822054882,0.188170953056674,0.204679950615364,0.552096688626983,1.89885358385892,2.49704468412546,3.03576152940257,3.70893428434854,3.93496156068092
"2010-05-09",0.304259175824126,0.235686739223953,0.184662720872315,0.220279025548859,0.588634886326475,1.96553910861667,2.5786158819555,3.13347332918261,3.82944652050381,4.06329751945004
"2010-05-10",0.301004928193144,0.247775712552139,0.212364277379542,0.260772710337383,0.620152459760197,1.95750013035052,2.569917523164,3.13470919976775,3.85278757212957,4.09470593986714
"2010-05-11",0.303367890194023,0.235488708106932,0.184234181352026,0.216687806660623,0.576116882488767,1.94539250020747,2.56370777447319,3.12731885632936,3.83760751149601,4.07647337982542
"2010-05-12",0.312987994252253,0.234835530560801,0.171018703984405,0.186392358805905,0.531939892494196,1.91099467550709,2.54006624594404,3.11466596214957,3.83940390246597,4.08315351858572
"2010-05-13",0.290634300579827,0.236388758533889,0.198044236732181,0.237463297783872,0.575376274244174,1.87241642342364,2.47617496101317,3.03729044398153,3.75448534515647,3.99636435734829
"2010-05-16",0.310490311913498,0.235878851785919,0.175605710532558,0.19326781666923,0.532426843130162,1.87579956327987,2.48761052820512,3.04626238535328,3.75079331006278,3.98774298394193
"2010-05-17",0.293046265231184,0.238545958412567,0.199505757135815,0.236728371112911,0.568706898173834,1.84927620430496,2.44605190511859,3.00081527858687,3.7099669427968,3.94913678535798
"2010-05-18",0.268591048236924,0.210231264710759,0.16524418036372,0.190871761362003,0.504168789820874,1.76691944940131,2.36678844021687,2.9291710303818,3.65225596360875,3.89641821347586
"2010-05-19",0.299647945184587,0.228415231441344,0.167903873653888,0.172741169608098,0.468271927333605,1.72692111078569,2.32628970082103,2.88603523231905,3.60297206962064,3.8448323896612
"2010-05-20",0.304771493619538,0.229537334351135,0.165564624278141,0.169311649487086,0.470910072594434,1.72910276471753,2.31425948079676,2.85327714706635,3.53684979066107,3.76698662271179
"2010-05-23",0.29190715075879,0.233332854946492,0.186845427656295,0.206382902454303,0.50119515963285,1.70899347853423,2.28482667331319,2.82509669359429,3.51998794031849,3.75464136455856
"2010-05-24",0.269233539092172,0.205063069456447,0.152127426786512,0.163766781322801,0.45299441349569,1.65584123445545,2.22580606539804,2.75753542423404,3.43828345146859,3.6679214610111
"2010-05-25",0.227929467172533,0.164441609472873,0.115088964534048,0.139518526274484,0.460452164171578,1.71674004909461,2.29317542050556,2.82268645757201,3.49343685896671,3.71922435901563
"2010-05-26",0.243385949985999,0.19431614774575,0.161976976949831,0.208008167271936,0.543720277630076,1.78965566554801,2.35984772453298,2.88562572341918,3.55406321097648,3.77925600774467
"2010-05-27",0.265542944953086,0.209901122116227,0.170155112459732,0.207669917892776,0.539239260714094,1.78757907259495,2.35535310023887,2.87595240687975,3.53491567452328,3.75671423575887
"2010-05-30",0.221777708526009,0.162541618013837,0.119478376746896,0.155420031520652,0.492742537832666,1.75608821361133,2.32437235306392,2.84196844176345,3.49405866334087,3.71334424016494
"2010-05-31",0.272873149034055,0.196290901857081,0.134405929299535,0.15116853145993,0.487807759475662,1.7898754517384,2.36794290445298,2.88848858356596,3.53893181790998,3.75732646711932
"2010-06-01",0.264458315555888,0.186308839614637,0.122815954460731,0.138369126990314,0.477135866833188,1.79243166676031,2.37684356097959,2.90318552714362,3.56091124341228,3.78175257621933
"2010-06-02",0.285637405253279,0.215588825010694,0.160880834081933,0.185468097934896,0.525345873093274,1.82792098427754,2.41112771265276,2.93954086115141,3.6026351438796,3.82545006325226
"2010-06-03",0.289195744308521,0.213358575526441,0.15265674606406,0.171898086178048,0.513365031763109,1.82559844480512,2.40737643646839,2.93112191378287,3.58549572945767,3.80520757429221
"2010-06-06",0.282014450896232,0.22217524087263,0.180270916494799,0.22331029544206,0.581664954980537,1.88861896545482,2.46727968471933,2.99039194375322,3.64625131681983,3.86661226072793
"2010-06-07",0.321355524547812,0.252022313033467,0.198226441666323,0.224174931923703,0.565558156407664,1.86904201459591,2.45217953963589,2.98044350184792,3.64330792101842,3.86604392688248
"2010-06-08",0.277866953067242,0.223916398867321,0.186096704098398,0.226279658118298,0.562631045832574,1.83538211064036,2.42052194393729,2.96061278429179,3.64753122686682,3.87896272633549
"2010-06-09",0.254583022934031,0.201894183091804,0.168661960485177,0.223277771164666,0.590415822804,1.8885645996015,2.45912359551049,2.97413972285462,3.61946679294319,3.83627401528568
"2010-06-10",0.271401632107431,0.201273879594508,0.146369173142513,0.170368880537176,0.508731534209923,1.80735512723955,2.38897432474037,2.91598210152462,3.57732909210828,3.79955752007316
"2010-06-13",0.267327887126034,0.216226616198526,0.183958939325191,0.237307245484494,0.597674604897835,1.88813192327213,2.46251890531468,2.98453137697501,3.64160543634735,3.86254328585793
"2010-06-14",0.299657467072353,0.239868901077294,0.199078315349709,0.246372047727981,0.614108517995469,1.92630297021312,2.49847344899147,3.01187655922475,3.65251828777828,3.86758897128903
"2010-06-15",0.289444592494798,0.236274409116134,0.202537670933132,0.256735811491732,0.62439874211285,1.92632766915491,2.49875238120969,3.01549040286112,3.66299375975489,3.88053287357216
"2010-06-16",0.314896998799846,0.239845413221635,0.181523237273323,0.207850956470682,0.564335828226646,1.89297242196562,2.47212340994487,2.98953691041235,3.63300280444241,3.84888649565816
"2010-06-17",0.352381539137093,0.299329628827943,0.263886058054851,0.310372808233746,0.656869698009807,1.91669460661883,2.47949622160293,2.99136793718476,3.63587511654851,3.85259549561822
"2010-06-20",0.379081329600183,0.31610387721189,0.270609843446354,0.308932996219854,0.661031962455342,1.94387750331161,2.50595573878888,3.01078877684946,3.64096961009149,3.85253723703367
"2010-06-21",0.222261481534258,0.296575207123168,0.405649697190275,0.6154078016073,1.00308310525584,1.94341061406255,2.41567265542549,2.94311511807685,3.70054943340327,3.71335522335379
"2010-06-22",0.280821555614806,0.298117937020017,0.342067658017647,0.477993136792476,0.851096591108887,1.963232139259,2.47509116544237,2.9643992583893,3.6090223241611,3.82824261642924
"2010-06-23",0.317891302625889,0.329047179106123,0.363680659689475,0.481613512527257,0.825419823889575,1.90814615369785,2.42625037029337,2.93208320342995,3.61044376432207,3.84228792323906
"2010-06-24",0.360008092132183,0.375184069050128,0.414795938002607,0.539604680889069,0.888865878254376,1.96375168474516,2.47391827624329,2.97087984708288,3.63653321188928,3.86398141884338
"2010-06-27",0.36705570766621,0.38898663633247,0.436710318195844,0.572043129294546,0.928132153776389,1.99026476967085,2.49156706978292,2.98075898936218,3.63810349899828,3.86298770599777
"2010-06-28",0.358529533944985,0.36643074655383,0.397587793565828,0.51215134750163,0.85616671237794,1.94083222270363,2.45324484080195,2.94820798694558,3.60520037083605,3.82904443307216
"2010-06-29",0.419072365384289,0.42785562973659,0.459002569259373,0.570078643433489,0.900149984526451,1.94307881333015,2.43955328474743,2.92190454882109,3.56563078196207,3.78530540697998
"2010-06-30",0.257355778331968,0.326615029204274,0.428431242706787,0.624784261856642,0.989713882446757,1.88751289506424,2.34665086883543,2.86794814827426,3.63824363094115,3.63617942303056
"2010-07-01",0.244202724964932,0.314425983399957,0.417587400874357,0.616288275205073,0.984689562768957,1.88569308251499,2.34326902800413,2.86004228819658,3.62418335857167,3.64917568870856
"2010-07-04",0.347609890431873,0.354977629414054,0.383301815324221,0.48725358659888,0.80211240400389,1.82088765205421,2.3160508631066,2.80323952086632,3.46084857206138,3.68602267584405
"2010-07-05",0.369207618523286,0.380051742131852,0.412379910467576,0.521008969295707,0.837380561335207,1.8464713918288,2.33748922716913,2.82240793167289,3.47982545436522,3.70527552967516
"2010-07-06",0.418092148146171,0.420055454497697,0.442171879696281,0.538801825398913,0.85034432210112,1.8752038233163,2.36970057185101,2.85187067130083,3.4965857198478,3.7166760410938
"2010-07-07",0.433132710478931,0.438331106356237,0.464292111616338,0.565694189869685,0.87913668102693,1.88962655415133,2.37394874653726,2.84535777823237,3.47509215156024,3.69003085657762
"2010-07-08",0.425816358796043,0.442767909360608,0.48233729827116,0.599858578516747,0.919197262365975,1.89731427678201,2.36633432594162,2.82761344609909,3.45154342091114,3.66541021741398
"2010-07-11",0.367780269132518,0.383176602078048,0.421292555342183,0.538247456262241,0.861492545869588,1.85553654856192,2.33007768053404,2.79465118381121,3.42002440052659,3.63404572467793
"2010-07-12",0.370911226391743,0.387580287692172,0.42788133015544,0.549736598427776,0.882713082184086,1.89315425958904,2.37028117390819,2.83439562785954,3.45557234797285,3.66779183815513
"2010-07-13",0.31766577677142,0.385875950837438,0.486087228847519,0.67912858989411,1.03710596461238,1.91277346964037,2.35727253288426,2.85840644601229,3.5880376938865,3.58704751939209
"2010-07-14",0.440218874840969,0.461895984431819,0.508205309910171,0.637707173989483,0.97442335781686,1.96482846124055,2.42704529648558,2.8751765936634,3.47388852345079,3.67836280464544
"2010-07-15",0.444898044804092,0.462597794216299,0.505258831928422,0.633240264700898,0.977321640778184,1.98324596291082,2.43995387585276,2.87343365197971,3.44122225234653,3.63402188103592
"2010-07-18",0.434513073016071,0.464148678655051,0.521777584214373,0.671312719583274,1.03691001176098,2.04844196211923,2.50095380480037,2.93016648692296,3.49333071115714,3.6847113421542
"2010-07-19",0.359419898602299,0.387196100979289,0.443839874376745,0.595985250071011,0.975492074200066,2.02585882686751,2.48986887343155,2.92552048904247,3.49185289616828,3.68381976976334
"2010-07-20",0.40561486862476,0.430647855011217,0.481919571469882,0.620820787373104,0.973200856930638,1.98645884384002,2.45241764607431,2.90081490763379,3.49618239269494,3.69916071379475
"2010-07-21",0.364715610082908,0.386921051093632,0.435871281697727,0.575128304385921,0.938406960899902,1.98817933679427,2.46582019134718,2.92099573492648,3.51968450844473,3.72322553606034
"2010-07-22",0.367461493678843,0.390893176257898,0.441761500904427,0.584800793845891,0.954056268171956,2.00673043448995,2.48019076763358,2.92843313004404,3.51480000328452,3.71386385316836
"2010-07-25",0.318285049017194,0.395581587500361,0.508608799893135,0.72451696355984,1.11833538267762,2.04261713827996,2.48806679543298,2.96821508048828,3.62665207472995,3.68270469741349
"2010-07-26",0.414931153403959,0.460281918289751,0.536535076186558,0.709768658271281,1.09103699751299,2.08975923491024,2.53850231101754,2.97137756326502,3.55050490408858,3.7485729523429
"2010-07-27",0.435738945623355,0.46673590100551,0.525373688275669,0.67455296400249,1.03634010884139,2.05032180026508,2.51455560327939,2.96217344871644,3.5584036004926,3.76191237677996
"2010-07-28",0.390280731443417,0.423450358326202,0.484699919286992,0.637373837737931,1.00232781662863,2.02009469868038,2.48771867210815,2.94049980041729,3.54628874841789,3.75335795679919
"2010-07-29",0.441238176790299,0.463195380677724,0.509934894761242,0.640311489448896,0.978723258070306,1.9730028725373,2.4368285857684,2.88646496413771,3.48714787540517,3.69229267762025
"2010-08-01",0.424421441596505,0.443945462705947,0.489136163181232,0.621724261986295,0.974449065461374,2.00627974593663,2.47791685709185,2.92793422075043,3.52022286674694,3.72161113362093
"2010-08-02",0.456214484307915,0.470013428151773,0.506028046688866,0.619497873049795,0.937021170281704,1.91421723316241,2.37801566483552,2.82980864575771,3.43496066467231,3.64173603697731
"2010-08-03",0.444821120009974,0.455630811198483,0.488943386964662,0.601461515256975,0.925151297298087,1.9158684425463,2.37615893099458,2.81728262400855,3.39918344402967,3.59711894394427
"2010-08-04",0.457771407154518,0.470546107830809,0.505089579589833,0.615671859074786,0.926955340232806,1.88178636405559,2.33162059771638,2.76742298385383,3.34815341180121,3.54627486548141
"2010-08-05",0.414592013515499,0.439982584500428,0.488590442000567,0.61416093195103,0.925773623978966,1.83946718808293,2.27742833090107,2.71225721099602,3.30765675607799,3.51268037084759
"2010-08-08",0.466440822209366,0.485335378253184,0.525738130464448,0.639344750270951,0.93872138460994,1.84878894176273,2.28890232329549,2.72564190611994,3.32210136035169,3.52723201622871
"2010-08-09",0.440665693404571,0.4453940045289,0.470013386172319,0.567012264455663,0.86789416937495,1.83956533595962,2.30555054574473,2.7591815928865,3.36521661849623,3.57206948917691
"2010-08-10",0.415395418703222,0.417720441502574,0.438162519810437,0.52570585747173,0.807787731317696,1.74882218633468,2.21089619381885,2.66679788313387,3.28310906760774,3.49420490158978
"2010-08-11",0.420496769597254,0.421152232825044,0.439448746643422,0.523767735497452,0.802368801100224,1.74265710714609,2.20611257312182,2.66384493454867,3.2829738535518,3.49505779458749
"2010-08-12",0.406992288936101,0.421564092285551,0.456223021738898,0.56072425305392,0.849460428056939,1.75932245074085,2.20785306961591,2.65690380130311,3.27477390323687,3.48775989370168
"2010-08-15",0.346906113698354,0.376309184227868,0.428776961854173,0.556251627139636,0.858838224048594,1.73324021394035,2.15800784738185,2.58646538436597,3.18410122586138,3.3913627420033
"2010-08-16",0.381791103794917,0.391382646974056,0.421360458072555,0.523538285305854,0.820670568360758,1.74874313517732,2.18877768049896,2.61583114003694,3.1854314945335,3.37978947304995
"2010-08-17",0.440885446284355,0.433874733713048,0.443174740478464,0.515960199449221,0.784573914219489,1.70525965375474,2.14901541699631,2.57837958872502,3.14754159354742,3.34131043927746
"2010-08-18",0.392207051044393,0.393182746709957,0.411866267655756,0.496335050270415,0.771851313505406,1.68306364001525,2.12349024112109,2.55313628823284,3.12776051857239,3.32393237426402
"2010-08-19",0.395136179997491,0.39312256567999,0.408875788732781,0.491275413661341,0.769061268622185,1.67981552286384,2.10974947304306,2.52199774221482,3.06476290060406,3.24922814128481
"2010-08-22",0.426833517779678,0.409882612594479,0.407822984470239,0.467308238332544,0.729852590633975,1.66048343408658,2.10331057362249,2.52548147994823,3.07726520342287,3.26437836706394
"2010-08-23",0.417395258500456,0.400446458749107,0.397800875709225,0.454534099385394,0.708157040384721,1.6105021451155,2.04030951111087,2.45016878465532,2.9859241555789,3.16760544130677
"2010-08-24",0.371136933589169,0.369531314826843,0.384950663065413,0.464102355191902,0.72956019197902,1.59796760594928,2.00762473424109,2.40036021079738,2.91738863966237,3.09310426013051
"2010-08-25",0.428558344231444,0.404229668348078,0.394432657413052,0.446293976236999,0.705798757932803,1.61134296282222,2.02304458048528,2.40369399888165,2.88913703612533,3.05280632424542
"2010-08-26",0.367817033949792,0.365805268791683,0.383268907744492,0.472500225656987,0.76538291539211,1.67539957320484,2.08232297194313,2.46012112639878,2.94477082239486,3.10843408212344
"2010-08-29",0.448774024333795,0.424588686641734,0.413116103602372,0.45751464916834,0.69792654463004,1.57919101745724,1.99566325279999,2.38896108873664,2.89852048184537,3.0709219827528
"2010-08-30",0.449364526528576,0.424042845413132,0.411264120145362,0.454175369661859,0.694419476563929,1.5815095171931,2.00152032108481,2.39833098915249,2.91254369493603,3.08652477006737
"2010-08-31",0.42246876332503,0.396770165418979,0.385168046456405,0.434784177922349,0.696277716816097,1.63939824340586,2.07949064106344,2.49218419463137,3.02400965619723,3.20372313374901
"2010-09-01",0.412874425959389,0.387088534716672,0.375258819091846,0.424468712324416,0.686799780954183,1.64503604417203,2.09747223453708,2.52464310530688,3.07803513602827,3.26526400377072
"2010-09-02",0.413985590825861,0.409201321066264,0.421444144760264,0.498923650798117,0.773531792579097,1.70007073447916,2.14451699827283,2.57402476388287,3.14302452695478,3.3367170754517
"2010-09-05",0.404393465891951,0.393099207267131,0.398241238164043,0.468618151647767,0.74457920515866,1.69519299022148,2.14732923591422,2.5800154452335,3.14784941425313,3.3406289838101
"2010-09-06",0.405654854043312,0.387978441507137,0.385070752095654,0.443544111173515,0.705802893827231,1.63974809552755,2.08472215862485,2.509070532061,3.06378208217076,3.25189253876735
"2010-09-07",0.35024630542043,0.365217237375475,0.400508626000223,0.505945099655895,0.793489184554981,1.67619292475608,2.09981274614359,2.51653962499633,3.08028231069909,3.27352363619738
"2010-09-08",0.341141466873244,0.364771806264951,0.411483393378309,0.534890405444602,0.84375825872903,1.73452847837628,2.14946230770229,2.55284417160926,3.09374974753835,3.27872260723057
"2010-09-09",0.279067760349738,0.345880223233316,0.443717446525731,0.631088274246197,0.974577723657546,1.79089984863448,2.19052915917728,2.6270761028686,3.23583939555257,3.272941609178
"2010-09-12",0.323399543330397,0.353394270670715,0.409263734492364,0.549477234877227,0.885793978556707,1.82070766397224,2.24729742340548,2.65821412789852,3.20526229115163,3.39196449992742
"2010-09-13",0.318796476166299,0.349920840103993,0.406712584982861,0.546731490246849,0.878363462471105,1.79669212585507,2.21737521441707,2.62434713215698,3.16857890418124,3.35458866408244
"2010-09-14",0.343530402851752,0.375883053402611,0.434470716680695,0.577896402958763,0.915542869008581,1.84613057025944,2.27157763264663,2.68291394079336,3.23279936995877,3.42072907704479
"2010-09-15",0.376598620261781,0.398143929988381,0.444506845006155,0.574284560029763,0.90923364720644,1.87053460900294,2.30678503348089,2.72222055073565,3.26843731852477,3.45412683979892
"2010-09-16",0.399766093262858,0.410148135466922,0.443644196824716,0.558133334272218,0.886108776749103,1.86514014494083,2.3068261310949,2.72236538861377,3.26200968627259,3.4448175578692
"2010-09-19",0.407488993490581,0.416999792626544,0.449255131755041,0.561488266942771,0.885749897296362,1.85807849512685,2.29742606724877,2.71093116325599,3.24803900918719,3.42999339966486
"2010-09-20",0.404253388954311,0.417873860415345,0.454241267890664,0.569376296356403,0.888579273976415,1.83871051929858,2.2729095288284,2.68574310655044,3.22696699055829,3.41077416832632
"2010-09-21",0.397923544526265,0.410501463476862,0.444570270170646,0.553535276921752,0.859159986652921,1.78789007823014,2.22102967586623,2.63797471417598,3.19041047657623,3.37856940619096
"2010-09-22",0.399774392759232,0.402319802603859,0.424017808547616,0.515852278742421,0.806588782369861,1.74061794880957,2.18174421416785,2.60633361870232,3.1676668053048,3.35868079090274
"2010-09-23",0.41023893360154,0.419954625536885,0.450187124483845,0.553055764580232,0.851942085189639,1.78506126025297,2.22741707517561,2.65670446106604,3.22927105345359,3.42464031641549
"2010-09-26",0.426559700939157,0.436609854395516,0.465356125220786,0.560380150460869,0.83554235706187,1.71599868664573,2.14746463346723,2.57585836673345,3.15974482493401,3.36033008406947
"2010-09-27",0.421395854689669,0.43403975723758,0.466305324494503,0.567081582258909,0.849232299042273,1.72915704176853,2.15389506932109,2.5724093348394,3.13908840132359,3.33337212660444
"2010-09-28",0.428559559101383,0.448806181594139,0.490327929536266,0.603455794060195,0.894404719677997,1.75954175794235,2.17206234967588,2.57843164322323,3.12983776627525,3.31909051264937
"2010-09-29",0.537197994032057,0.54466045362704,0.570676580490004,0.662931338670905,0.936353934547534,1.79909534444428,2.20959824064358,2.60837222760307,3.14052335150353,3.32212013375248
"2010-09-30",0.570163300095701,0.579643315508875,0.607281503064722,0.699131833925942,0.964382367765088,1.80096741858574,2.20398466969399,2.59953967821374,3.13274676428108,3.31527600248505
"2010-10-03",0.539237767723942,0.549176493254628,0.577478485511474,0.670568309275041,0.937955541818535,1.77874770665744,2.18336091335492,2.58036484065386,3.11543846036638,3.29860083401374
"2010-10-04",0.550238020840048,0.548891775678984,0.564564460342831,0.644036620478031,0.910645912973316,1.78985677898726,2.20860425055045,2.61253585942711,3.14715423412184,3.32911323762861
"2010-10-05",0.485327854727696,0.502857139351014,0.539289136984002,0.639975103872567,0.903869743722662,1.71665764629983,2.11811427980056,2.52279005652536,3.0844668169472,3.27874152544223
"2010-10-06",0.576546970182058,0.573759014965354,0.586567663081061,0.658841171818517,0.910147942747213,1.76482194366011,2.18160001616587,2.58912830514612,3.1348418150505,3.32118633516757
"2010-10-07",0.604661610051455,0.592416043979606,0.592999010407508,0.646648511152318,0.876926836100986,1.7220823727764,2.14364512775531,2.5582695128407,3.11518386168391,3.30546078215945
"2010-10-10",0.607606066529831,0.591135238271339,0.586868089063093,0.634888814450238,0.863406429315754,1.72024859427678,2.14694199264015,2.56474972014514,3.12323215948137,3.31375363291668
"2010-10-11",0.55575825707729,0.54683436023196,0.551483805222791,0.610771884202988,0.846535329570051,1.69690890665098,2.12188001073145,2.54162286175503,3.10802408406708,3.30183231542482
"2010-10-12",0.539753860576375,0.53864569827523,0.552476550099744,0.623222690613211,0.866086227073506,1.71148250491584,2.13763207252993,2.56408112466506,3.14787060770801,3.34860344668623
"2010-10-13",0.563426205517791,0.569591533281392,0.591215294936633,0.669152400553466,0.907778324446413,1.71926209419667,2.13717756633553,2.56507513955415,3.1660303474733,3.37462084059365
"2010-10-14",0.490120934010617,0.544341094181144,0.624177625947536,0.778593047470328,1.06727757258918,1.78892431612668,2.16632831510198,2.60535556089455,3.30768647975018,3.36411651650012
"2010-10-17",0.621613756931766,0.634530731410619,0.664788370414353,0.755511917243062,1.00705397216672,1.81506740604506,2.2227853697494,2.63773535276037,3.2184127038485,3.41979762642261
"2010-10-18",0.631610334918762,0.652416139103076,0.69262748749807,0.797730442810951,1.0630101660326,1.86681235763404,2.26516644171779,2.66951917479194,3.23572984747968,3.43227445254182
"2010-10-19",0.678439267488425,0.68422829790778,0.707817893541982,0.795529699961032,1.06110016312139,1.908400167824,2.31308560364892,2.70661044474238,3.23204111729545,3.41136262807859
"2010-10-20",0.570505072551781,0.630256889099282,0.717920162587069,0.88637382474321,1.19724660993428,1.94857841088496,2.32434856807324,2.7427639649147,3.34484710785218,3.36888169217574
"2010-10-21",0.564979845200338,0.62376278872342,0.710057914040485,0.876064705127491,1.18307877505602,1.92896989430304,2.30433396445251,2.72427095166885,3.32839542080108,3.33548426020677
"2010-10-24",0.648460684312356,0.661877569555187,0.694851391649116,0.795475659930462,1.07194359720862,1.91366135952821,2.3115961294737,2.69880814219163,3.21715184715474,3.39424552840014
"2010-10-25",0.57785308350824,0.637586872206831,0.725204431946045,0.893502589251721,1.20383070647828,1.95206369280854,2.32491584337404,2.73823110840943,3.3221240939616,3.33110598068103
"2010-10-26",0.590503312578512,0.64986675305864,0.737017345836721,0.904681670836997,1.21480886255672,1.96863769250917,2.3483285636991,2.77363430302659,3.38940434396963,3.40312731646402
"2010-10-27",0.586882678136315,0.647982694431516,0.737625267844259,0.909883708252786,1.22775923792907,1.9954608020373,2.37856464314393,2.80325605904248,3.39597488890363,3.38505834167542
"2010-10-28",0.595867409310339,0.656697495854293,0.745901706357496,0.91717291237802,1.23270267363386,1.9916055535495,2.36840369205558,2.78434939019971,3.36283640950044,3.36103932159436
"2010-10-31",0.581588956982224,0.641117777797417,0.728488261924546,0.896493483973471,1.20692593134249,1.95902258214062,2.33571849345825,2.75440617910119,3.33733233492167,3.31311793578984
"2010-11-01",0.574817765647873,0.636987852946255,0.728061729830478,0.902593233039799,1.22291470099526,1.98564288565283,2.35910771332373,2.76542345384463,3.30647516592479,3.28667629515788
"2010-11-02",0.591497970278918,0.648093830857161,0.731224751944118,0.891301115335581,1.18789450026069,1.91136347500108,2.2767431490097,2.68563236416332,3.25725002958656,3.21504310790815
"2010-11-03",0.594057016169037,0.648556606794379,0.728721059704809,0.883477713601142,1.17168653488008,1.88446561782134,2.25146491664435,2.67081639333001,3.29855590137537,3.29514109992497
"2010-11-04",0.619793564769651,0.674999190207078,0.756178137025749,0.912809013461814,1.20418835560834,1.92260986991427,2.29086051537356,2.70946173182446,3.32367888231957,3.30409018833088
"2010-11-07",0.724665911778186,0.732313544641459,0.757295309356395,0.844171656073451,1.10081122381864,1.92033396199842,2.31684937913441,2.70649142601909,3.23207319935646,3.41201533303134
"2010-11-08",0.719494738851785,0.724963648597336,0.747959792350233,0.834190082912364,1.09623034695447,1.93382295257103,2.33412409239681,2.72345157171868,3.24332460979318,3.42075234916329
"2010-11-09",0.693832416681628,0.701305936213116,0.727572966223453,0.820792723080716,1.09626492132366,1.95761951999366,2.36338009838972,2.75502509509067,3.27467146577411,3.4517076186997
"2010-11-10",0.711411912775663,0.714852610139887,0.735147047225961,0.817164435580042,1.07496264060592,1.91888789176178,2.32808494129654,2.72902731229445,3.26775982716474,3.45195103803161
"2010-11-11",0.61338476852361,0.671618723896535,0.757233200059103,0.922360858941276,1.22931581077286,1.98459242513666,2.37060927742056,2.80799461904725,3.44259396474556,3.41426639781843
"2010-11-14",0.592040339584511,0.652417998420853,0.741133777377686,0.912069075812048,1.22917792099887,2.00536927326956,2.3993648681603,2.84285561458482,3.47687017190004,3.44813475386366
"2010-11-15",0.671017965331778,0.683144925309735,0.717762217091,0.830594223650384,1.14727644044791,2.089325440814,2.51678217489989,2.92098593497032,3.44831688132214,3.62717020471313
"2010-11-16",0.67066909835966,0.678659961631499,0.708313666587789,0.814564473578769,1.12571902381679,2.0653486045451,2.4909492330893,2.8917642984462,3.41254639659003,3.58897878002292
"2010-11-17",0.534989355399989,0.604967837884215,0.70748652104649,0.903971708827418,1.26466216456657,2.12398093601741,2.54503713489379,3.0034283057112,3.61456966081401,3.5919148485601
"2010-11-18",0.668388114917898,0.688065746903089,0.732948882896775,0.862843492376577,1.20238171987123,2.16399661752341,2.5897033277075,2.98824457222374,3.50456743612719,3.67940680953666
"2010-11-21",0.662920895957748,0.674016420947959,0.707101931362772,0.817172892985665,1.13041511970313,2.07654250780034,2.51115996181349,2.92495956449801,3.4678279253854,3.65221563434462
"2010-11-22",0.651292882705932,0.645913096092619,0.659850046910627,0.746535227130207,1.04642008967672,2.0072502573694,2.4444398647207,2.85362306374444,3.38156979834402,3.56008063515624
"2010-11-23",0.598363260376058,0.609134069012897,0.644252246337104,0.764268109375287,1.10565050191248,2.10508171317742,2.54666948653011,2.95698937299531,3.48460997421073,3.662918851978
"2010-11-24",0.627520592263557,0.623411851682094,0.642013769498798,0.744339024531537,1.08366602850101,2.1230227295236,2.57829460803329,2.99567416659739,3.52599118593035,3.7046996460032
"2010-11-25",0.625600859536774,0.621945747798892,0.640602090051428,0.741684894148721,1.07716773973597,2.11485186168082,2.574517646129,2.9986831547427,3.5402330246086,3.7229155918448
"2010-11-28",0.629585745584389,0.62318693557218,0.640108610195132,0.743469482908222,1.09306881218856,2.16231003675045,2.62665455927042,3.04988665614607,3.58529696274219,3.76555625082102
"2010-11-29",0.660618506754966,0.643653242662179,0.647657128138542,0.733120744065761,1.06541564314327,2.12315361249816,2.58390793111037,3.00247166862634,3.53023862828831,3.70779141988824
"2010-11-30",0.640755328177517,0.625115693337871,0.631862077746018,0.724676193006644,1.07482051166744,2.1782288077146,2.65749093449773,3.09258950168155,3.64105847981203,3.82556963986298
"2010-12-01",0.595730630011499,0.604551099006935,0.639442094619928,0.765703192222159,1.13155339032036,2.19471628971737,2.65622794991898,3.08003599167217,3.61994837277708,3.80202217187465
"2010-12-02",0.619981240789972,0.59352431285566,0.587912401170945,0.666755466395865,1.01494647431153,2.16653705793684,2.67355341574067,3.13522274308545,3.71791096259091,3.91396480725869
"2010-12-05",0.65234972714832,0.623682172535139,0.613392092240616,0.680295715500294,1.00437746169324,2.12630279012443,2.63531203872845,3.10570971683093,3.70548705562585,3.90769907380149
"2010-12-06",0.562461139246687,0.576194417830924,0.616954603047257,0.751524344684716,1.12913236861815,2.23500790436267,2.72708009598861,3.18671634189721,3.78035008639536,3.98118297860174
"2010-12-07",0.548702868032766,0.559285664278077,0.598933751492075,0.73982796759201,1.14316128999842,2.29776844706282,2.79254136474257,3.2437881730631,3.81582619679741,4.00853363927534
"2010-12-08",0.455183508170096,0.53207476543285,0.64474756977598,0.86078217126597,1.25765093175053,2.20438670330173,2.66843938558863,3.17253997792264,3.82549115894762,3.75792564469854
"2010-12-09",0.582103414893066,0.546351227456011,0.534566445929235,0.618990618434115,1.00452453242896,2.217841277677,2.72032631947106,3.16284018265015,3.70930611459421,3.89246682437135
"2010-12-12",0.551003410917658,0.567910230224442,0.613996494947065,0.759692331009042,1.15511600477542,2.26480889840667,2.74073353752333,3.17648834784893,3.73087817503447,3.91779866784533
"2010-12-13",0.52718216814384,0.53327416976614,0.57042882058207,0.716088241804873,1.1427077878971,2.33213595854128,2.82104189896066,3.2560861821374,3.7981039984934,3.98008098443876
"2010-12-14",0.430740571386597,0.516118781357527,0.640793163986154,0.878359220044759,1.30948330910583,2.30703134273141,2.77755472215397,3.27209337333721,3.8885650178835,3.87717450021177
"2010-12-15",0.457968589988802,0.543938756821033,0.669470264007501,0.9086446258211,1.34259709268445,2.34614552369413,2.81914873214015,3.31592555157216,3.93398185782095,3.92197233341097
"2010-12-16",0.523310500709549,0.537525773646247,0.583237028712522,0.736910349144007,1.16209448948182,2.33650540058594,2.82581946496967,3.26585939964787,3.81834908960656,4.00411862760948
"2010-12-19",0.446141799695275,0.475489040947331,0.537974918768113,0.70975421406591,1.13855903754989,2.28306512165715,2.76497223971089,3.20418708775997,3.7618136084369,3.94976956518536
"2010-12-20",0.430911924037094,0.46225463024256,0.527465355903494,0.703865427913774,1.13941202972113,2.29371274437615,2.7784334718224,3.21991170668334,3.78023717860464,3.96909447043158
"2010-12-21",0.311162291927467,0.394599322792915,0.516681895706674,0.750138773326238,1.17679665822358,2.18175556833036,2.66684960831702,3.18753164104971,3.86129787675806,3.83717476521123
"2010-12-22",0.321361180251853,0.404851004787464,0.52705171289107,0.760873935546789,1.18870045729381,2.19935107213226,2.68896627799146,3.21610746538245,3.90023476099943,3.86934243626166
"2010-12-23",0.401907511611389,0.429647868457543,0.489571497953265,0.65648749491349,1.07958116766084,2.23785537107607,2.73735252254455,3.19862070475012,3.79002092135273,3.98979509713804
"2010-12-26",0.360996320440223,0.446729034682041,0.57207133213418,0.811422748759758,1.2476311819337,2.26782475767072,2.75577004303054,3.27514554485263,3.9372597782203,3.9183418000662
"2010-12-27",0.483437316602703,0.475877924247313,0.495144971423052,0.613497833738708,1.01227070977516,2.21783437194477,2.73504929541771,3.20331147613452,3.79290350299277,3.99121982687971
"2010-12-28",0.492429636908425,0.478704274121191,0.492476546766314,0.609028432525742,1.02049234976432,2.26056168801629,2.78279005997543,3.24996049766144,3.83324676849777,4.02912834826425
"2010-12-29",0.471279908805524,0.463063108341181,0.481499475111154,0.598637695365009,0.996150103332008,2.20129809502189,2.71877926490931,3.1873730904279,3.77743063682782,3.97590559213252
"2010-12-30",0.443914779183773,0.441406089961671,0.4662996975757,0.590919617411918,0.992146430558967,2.1946021116267,2.71351896034502,3.18580790699255,3.7829057809772,3.98391722312344
"2011-01-02",0.468574553163389,0.45750012930335,0.471395087903994,0.579394064704549,0.961773365051104,2.15208077023482,2.67176555568052,3.14601449163831,3.74627717106077,3.94838455164426
"2011-01-03",0.442450609888794,0.428727119319302,0.44115595081511,0.552026839769189,0.948554961838864,2.16194814717477,2.67979931652029,3.14621888190815,3.73117215415384,3.92777208490117
"2011-01-04",0.320656762449625,0.404033873570977,0.526076644197473,0.759620120464705,1.18701688240048,2.19704992671813,2.68652138870136,3.21347022663769,3.89485929038466,3.85783637364096
"2011-01-05",0.394469712664883,0.398946542534904,0.433004347908035,0.572075184113045,0.99148771250286,2.21219770879135,2.73407830609355,3.20803371838174,3.80667690370333,4.0081836235129
"2011-01-06",0.40968476578127,0.416342015773999,0.451269880149573,0.586376545624085,0.988909850495847,2.17496373317155,2.69221278964787,3.167737381052,3.77384109391986,3.97825116965589
"2011-01-09",0.3636009580352,0.442695694093653,0.558652928833446,0.781180165064399,1.1907201019521,2.17283056535667,2.65820525363332,3.19093259246949,3.91350947995332,3.88605778930612
"2011-01-10",0.49355354742107,0.47147418791636,0.474138040101799,0.57318859362352,0.964858614380243,2.2048079035458,2.73921053322541,3.22156866136015,3.82704058350918,4.03055846176539
"2011-01-11",0.528605303189392,0.507683141839776,0.512982568736991,0.619048771987148,1.02527087035008,2.28447917590848,2.81911877176714,3.29823232096717,3.89684996302362,4.09789674598448
"2011-01-12",0.517759874915807,0.505785502988415,0.524391247135984,0.654482923997466,1.09185923887114,2.34345211866504,2.8481257840245,3.29018168878903,3.83499963132616,4.01757050730842
"2011-01-13",0.544685396803477,0.551034283584727,0.589356073378914,0.738873772810075,1.17382406757633,2.37019544969519,2.85548876046619,3.28440823652531,3.81649368100433,3.99500267143171
"2011-01-16",0.523509239005781,0.535028506676744,0.579094585182061,0.735042303337131,1.17296319936219,2.36894305855307,2.85718202888431,3.29096795942462,3.8310841311939,4.01240946060163
"2011-01-17",0.55812520879583,0.549505951896121,0.575448503239008,0.723803815259702,1.19367234484501,2.46137057877248,2.94908396022588,3.3674096725524,3.87699433909927,4.04747311079988
"2011-01-18",0.472963152565571,0.559107081579548,0.684960313865743,0.924975738070724,1.36124597540547,2.37431835356892,2.85383824224568,3.35834445722713,3.97550973140303,3.93255092438459
"2011-01-19",0.631688083921953,0.636431434049222,0.673783744610784,0.824664692665613,1.26708362892781,2.47608129016186,2.96120187960519,3.38737114317991,3.91399886839901,4.09056170674943
"2011-01-20",0.594851041251371,0.627528967664664,0.703045036529124,0.915963055480822,1.4298319000799,2.63117438011802,3.06783851486505,3.43688386918054,3.88366034397451,4.03302414120185
"2011-01-23",0.606047878142655,0.627422946439667,0.691431067920486,0.894274665318717,1.41017009314641,2.62348307161875,3.05704343938863,3.41973005227371,3.85641232757542,4.0023021828829
"2011-01-24",0.65292981176979,0.692015892790379,0.771795613008062,0.981052420309664,1.47003223123096,2.62593258328218,3.05910975457124,3.43136847704601,3.88631488582449,4.03861058504812
"2011-01-25",0.681812792867595,0.691741815620689,0.744874958713285,0.940555444705083,1.46546102961401,2.70146311773723,3.13444336633557,3.49286350827326,3.92221195872432,4.0655709184496
"2011-01-26",0.703346681015852,0.721417690772778,0.784204825165739,0.992318150108154,1.52628468340089,2.75672169545797,3.18475267238664,3.53865103500903,3.96243743913735,4.10393589004039
"2011-01-27",0.720611949444075,0.73629258576729,0.798328616865809,1.01004479155379,1.55267106142707,2.76896113450343,3.17946049181183,3.51485186324218,3.91446033337894,4.04782229537121
"2011-01-30",0.661852945655157,0.689906408143089,0.765325818112019,0.991332031826673,1.53973224069048,2.75150624802983,3.16296425653364,3.50062000457248,3.90374675183203,4.03830960296492
"2011-01-31",0.683723423070904,0.72683149373967,0.813768247027132,1.03881875325554,1.55538157894806,2.73885593458807,3.1697370993439,3.53528026178873,3.97889956688937,4.12725971394808
"2011-02-01",0.673607307434292,0.70777888054147,0.788501004297432,1.01689626876703,1.5603733274132,2.77821632317531,3.20212393700064,3.55384901345486,3.97586683901945,4.11680702466397
"2011-02-02",0.641609881444018,0.735782000777211,0.872713690171712,1.1316541595728,1.5945109803686,2.62481207140099,3.08622988703023,3.54784002201293,4.06370267946752,4.04602839435701
"2011-02-03",0.704120583519956,0.746257894672825,0.83127349671574,1.05192445555985,1.56159118708696,2.74590588162976,3.18318073456083,3.55650639615803,4.01111885622366,4.16322564399306
"2011-02-06",0.630610118841672,0.679925758472976,0.774238989994609,1.00924537255213,1.53635955390674,2.73757249890555,3.17779111053618,3.55303680161318,4.00973064742421,4.16252568084106
"2011-02-07",0.737433088229059,0.765182833623556,0.836171232394681,1.04681470284948,1.56745901014571,2.78723663510109,3.22670031709646,3.59615741181851,4.04215513093225,4.19120428775514
"2011-02-08",0.728116041144715,0.758851420376671,0.833853240013467,1.05112315729943,1.58098260078615,2.81300902725097,3.25571863217848,3.62771741066895,4.07671103165138,4.2267594281077
"2011-02-09",0.689948156196185,0.731830229681122,0.81937951006367,1.0512175908419,1.58906080225647,2.81671690230615,3.25908919111077,3.63231509584292,4.08389392129922,4.23485578235425
"2011-02-10",0.664989325668734,0.711447281852389,0.803497627291914,1.03870781649938,1.57368770057496,2.79210929091366,3.2347222439674,3.61004505521778,4.06546047980278,4.21776342867778
"2011-02-13",0.690916823737225,0.721805221336495,0.798531070541217,1.02217740514517,1.56652866634665,2.81657646668519,3.25963439033822,3.62970704567968,4.07507446392848,4.22386055174506
"2011-02-14",0.651759440701128,0.700756815953619,0.796984211497073,1.04067438182782,1.5888901455301,2.8157997639622,3.25465897271382,3.62437471201503,4.07148653036219,4.22094875997865
"2011-02-15",0.563808720037643,0.670450127222178,0.824701724562767,1.11368805542569,1.62092961742712,2.70109855130132,3.15887165222465,3.59731351058823,4.07429940895321,4.10939809990753
"2011-02-16",0.649076130312574,0.687703675187591,0.767949983327219,0.98106010187292,1.48327155947347,2.67688578730307,3.12510567436084,3.51045989717448,3.98148588484514,4.13916681237646
"2011-02-17",0.577839732293716,0.67985347832022,0.827807377684327,1.1063176087001,1.59973165335039,2.67433859762696,3.14263243956341,3.60094720982042,4.1052340698842,4.11624792101976
"2011-02-20",0.552518558889706,0.6557450041115,0.805213783062424,1.08576382598517,1.58001100969404,2.64212765663458,3.09760148599078,3.53828867266988,4.02481840851536,4.05727702642251
"2011-02-21",0.641719736523146,0.739051146757835,0.880120820465915,1.14536515565584,1.6142510207374,2.63059008166317,3.07147008075458,3.50252737340112,3.98802510991083,4.02071479054058
"2011-02-22",0.625737595162032,0.726707304544421,0.87274298486587,1.14629929974519,1.62634588216147,2.64831086192169,3.0815545995709,3.49713971174129,3.95474204689481,3.99527351270842
"2011-02-23",0.533704498943511,0.643887817861295,0.802611222323233,1.09783337974085,1.60885224192104,2.6624072283127,3.09248140143479,3.49482095450666,3.94338714424971,4.01932882188184
"2011-02-24",0.672125039943474,0.73280254253123,0.837747687369476,1.0779515041535,1.58465184536987,2.70894514384035,3.1231001424128,3.47884165143826,3.91407429452547,4.05981145498187
"2011-02-27",0.639839094513875,0.73997439939291,0.884978508267656,1.15718368119377,1.63683557220921,2.66789148081155,3.10994783642597,3.53709497137421,4.00353251601722,4.02785328741336
"2011-02-28",0.574338649743669,0.681293493567415,0.835851051243901,1.12491467121427,1.63055473509207,2.69773142111396,3.14427104472706,3.56644752986958,4.00999331966812,4.03478950970127
"2011-03-01",0.589670251255701,0.695681963514156,0.848945790571505,1.13582164454682,1.63844107780317,2.70359353959658,3.15180514319291,3.57785044758525,4.03094724799534,4.05786987167828
"2011-03-02",0.64938544331692,0.765434226445626,0.932328457984166,1.2418174449156,1.77431454013261,2.85499526947117,3.28616881938958,3.68027148229368,4.09429054109168,4.15298007926415
"2011-03-03",0.674998339307736,0.794407441449135,0.965541952867694,1.28096364443122,1.81731700135303,2.87641810647759,3.28544912252883,3.65144939851758,4.03834768538636,4.11152020464088
"2011-03-06",0.688941562971874,0.781670697943027,0.927690993643521,1.22887070272248,1.79780595086425,2.92037934940234,3.30433130779647,3.62573968149315,4.01399143399706,4.14378030968478
"2011-03-07",0.653275096816527,0.772730341032289,0.944159481804687,1.26086829999339,1.80185312954517,2.88130085117591,3.303311065829,3.68379595467252,4.08421831397751,4.15266664097538
"2011-03-08",0.633775991942783,0.753271688459167,0.924829827791116,1.24200275744522,1.78448525778874,2.86960452567255,3.29449382288431,3.67693902343133,4.07111397194882,4.12997998296549
"2011-03-09",0.623942900011848,0.744120332611619,0.91632654453265,1.23363244092333,1.77292364044396,2.8370760117944,3.2481637152044,3.6168195571538,4.01216307912415,4.09162843432756
"2011-03-10",0.634756162719188,0.744268097601261,0.902042213584667,1.19554148678005,1.70360972928398,2.74951652434883,3.17396833774668,3.56635166611862,3.97669553010945,4.02176027623399
"2011-03-13",0.654135003313732,0.764269408661394,0.922765500388231,1.21703947267557,1.7245916337673,2.76113182166527,3.17840840157122,3.56317965709163,3.97598386862508,4.03794333648736
"2011-03-14",0.653853859162806,0.751683598268064,0.893281328090894,1.15886837528681,1.62610547094615,2.62680604701553,3.0541497914275,3.46627367696734,3.92032627974126,3.95366974980795
"2011-03-15",0.65296892695113,0.745740280449526,0.880320155324662,1.13376108764593,1.58315795883319,2.56447549733065,2.99402257837591,3.41686215462223,3.89393590643272,3.91653892005589
"2011-03-16",0.680500361500039,0.7810248469293,0.92631928523722,1.19817012883089,1.67418573200063,2.68295889586993,3.1089139178619,3.51755517410071,3.9794307206387,4.03902476372347
"2011-03-17",0.68569165583549,0.792840750452356,0.947092579950031,1.23367341747688,1.72869523527577,2.74492621576569,3.15831678349266,3.54527479390242,3.98642937286715,4.07304934595108
"2011-03-20",0.657528612243598,0.774729997781823,0.942630409085356,1.25189284662546,1.77732223160574,2.81564402921079,3.21972041355613,3.58754510338403,4.00919613289025,4.1134034637984
"2011-03-21",0.695690906903031,0.805616708130453,0.963738049851001,1.25708675130005,1.76238257937211,2.79272195492149,3.20828395265923,3.59466351326264,4.03188399867978,4.1193023388795
"2011-03-22",0.746597957042732,0.827968255638072,0.956277962114068,1.22315645045015,1.74022086134476,2.83116370072292,3.23237933988299,3.58005252905356,4.00852447351091,4.15219414057298
"2011-03-23",0.738432297148686,0.844020486267461,0.996261532905434,1.27988238028074,1.77237881163681,2.79580120091954,3.21800247330216,3.61667891068174,4.06856544804458,4.14586112239573
"2011-03-24",0.73279336891211,0.840841839404843,0.996433634234474,1.28565544473391,1.78576541722303,2.81528604845315,3.23577121275292,3.63098268416452,4.08617780625414,4.17771954135374
"2011-03-27",0.758082250787063,0.866822475130145,1.02342321249924,1.31455569131621,1.8180394781862,2.85412112430269,3.27638335035125,3.67144439018988,4.11587674146642,4.19619015743837
"2011-03-28",0.737179193228929,0.851365367528351,1.0154434732089,1.31927480890023,1.8406927838929,2.89402310843763,3.31344646659769,3.6988540224348,4.12492940665987,4.20751289460861
"2011-03-29",0.719317957912253,0.833984491151821,0.99877999357661,1.30402206286857,1.82808872353778,2.88717162594458,3.30841604325639,3.69407477587831,4.11129252041439,4.18428969158426
"2011-03-30",0.878451635196419,0.981485119657289,1.13017313983289,1.40759557126894,1.89067867081833,2.90013198169431,3.31827601480282,3.71230157060955,4.14123955504722,4.19253846714399
"2011-03-31",0.876680907494965,0.982878183098039,1.1359182009186,1.42075563586707,1.91437574423808,2.93413217965321,3.35068787101814,3.73924846977907,4.16091933066816,4.21984661414986
"2011-04-03",0.962564969571172,1.02879929026878,1.13879941095063,1.38076841766375,1.8744919070214,2.94981104206813,3.34573179425374,3.68686483702841,4.10525465617353,4.24541380691793
"2011-04-04",1.10853971473921,1.11458979937518,1.16170845561054,1.34444342907714,1.84071793868087,3.00018081012678,3.40106194828894,3.73103134840022,4.12530815708919,4.25692400597799
"2011-04-05",1.1684695158235,1.152228526461,1.17495204420147,1.33140087464002,1.81923464586237,3.00750111522268,3.41879017103276,3.75617061849555,4.15857071161755,4.29287290231585
"2011-04-06",1.18862719713401,1.17531743287025,1.1979593197691,1.34533577786571,1.80789166857439,2.97152928544237,3.38746195093283,3.73294576666936,4.14720043540346,4.28552886413706
"2011-04-07",0.971130248621302,1.02599554688868,1.1278736116085,1.37409536878244,1.90663068559917,3.05510516738858,3.456489531136,3.79194638745097,4.19613200618136,4.33118696626143
"2011-04-10",0.949448363667352,1.01311966167768,1.12388627691792,1.37756345484499,1.90716904670258,3.042674542536,3.44543658468046,3.78526453383863,4.19689884974151,4.33453870491833
"2011-04-11",0.890929305951038,0.96549619683855,1.08673937593622,1.34738897175967,1.86738061331482,2.97830046123465,3.38380842487088,3.73248170116818,4.15977215275994,4.30290027279658
"2011-04-12",0.877710045592954,0.962078111999315,1.09473992207659,1.36946087505226,1.89785368908884,2.99747839930444,3.39659193541049,3.7402855166704,4.16223169084684,4.30362281442061
"2011-04-13",0.87652343834581,0.963538231484529,1.09977085926775,1.38014220220114,1.91442825924182,3.009156291977,3.40099299029107,3.73630948575243,4.14645780793257,4.28381553599808
"2011-04-14",0.889520545079361,0.973695997527275,1.10602764070902,1.37971686078475,1.90408678629025,2.98399968341017,3.37148645563821,3.70328101612459,4.10921876116448,4.24516994969484
"2011-04-17",0.904579414717778,0.972004201741615,1.08373731062619,1.32861224016027,1.82493236723988,2.89128716931865,3.27868248282538,3.61037533734878,4.01569094443841,4.15139313456868
"2011-04-18",0.948267626636421,1.02420678081071,1.14374961781574,1.39212654803327,1.87390635850224,2.89812305177404,3.27854561663552,3.60998437548148,4.01990006063593,4.1574346221853
"2011-04-19",0.983661695910525,1.0363152176539,1.13355599438009,1.36750539821286,1.87172490002875,2.95649124368865,3.33525144052252,3.65174087595461,4.03304995889015,4.16046030349332
"2011-04-20",0.932919359289284,0.997735074057678,1.10684922476842,1.34958399621188,1.84691542808641,2.91618105145859,3.30186080933969,3.63052036897121,4.0309393246823,4.16494026868612
"2011-04-21",0.892827022238722,0.966072795312905,1.08278905178048,1.32882504158447,1.8136003583114,2.8595680336966,3.25085872729534,3.59239943778761,4.01514521766846,4.15699851302974
"2011-04-24",0.903978023694451,0.969432301092225,1.07699136329073,1.31149866304995,1.7886313437142,2.84097229028656,3.2361125705165,3.5803172428293,4.00544076667016,4.14802469887351
"2011-04-25",0.982078714943081,1.02460710370395,1.10814053907698,1.32019359373863,1.80025279973488,2.89023503541103,3.28572797728561,3.6210135359923,4.02781408662119,4.16385791451659
"2011-04-26",1.08219740473623,1.09990908039233,1.15869044337503,1.3506312580338,1.83972395481246,2.96284390323775,3.35309673242249,3.67569633671875,4.06198129139197,4.19095784533548
"2011-04-27",1.01688323606307,1.05955566310569,1.14174677342413,1.34770650633438,1.81160956261603,2.87178040296518,3.26073739598952,3.59236478280016,3.99600643118941,4.13105297783633
"2011-04-28",0.97145645394788,1.02904027319729,1.12791315093132,1.35261245641965,1.82361597275489,2.86354389999282,3.24582063869948,3.57402292837212,3.97548954544932,4.10991763535434
"2011-05-01",1.00178978626416,1.05620127968158,1.15164124758368,1.37268733633369,1.84213156741872,2.88017414705215,3.25905592362092,3.58278078664312,3.97757466920152,4.10970609615504
"2011-05-02",0.963553970191537,1.03167131027664,1.14487244329812,1.39299301158271,1.89268958345754,2.94334293664163,3.31586706252201,3.63113926408146,4.01385826313332,4.14187241891976
"2011-05-03",0.99657708413963,1.07710084849393,1.2021462415797,1.45767138723408,1.94417442211191,2.95977126917085,3.33360858509355,3.65854186054337,4.06000382523076,4.19468502872985
"2011-05-04",1.00352269170238,1.04852357565015,1.13227516245377,1.33714630834839,1.79385051418525,2.84953940506671,3.24499156690861,3.58595746919053,4.00371272690531,4.14361856484588
"2011-05-05",0.972967588514389,1.0390541637498,1.1454631230782,1.37272837454777,1.82788519291507,2.8316010321664,3.21346393800756,3.54924936148196,3.96678132717822,4.10699856091595
"2011-05-08",1.00848185028587,1.05860887299957,1.14433419988413,1.33998147273136,1.75931161680244,2.74669601294252,3.1362882643345,3.48321287193882,3.9176447547422,4.06370975040446
"2011-05-09",0.927205264852801,0.997998793419906,1.10833651183085,1.33592369153969,1.77923741156521,2.75982358009419,3.14463779376591,3.49091249419063,3.92933602299307,4.07714968105334
"2011-05-10",0.893330447395478,0.986003999226043,1.11997182930012,1.37071283928579,1.81014090287625,2.74478234283158,3.14272326137843,3.52959617924452,3.99470442486757,4.08146977425844
"2011-05-11",0.871488760349174,0.962954803871232,1.0952097197776,1.3428571331027,1.77727496514818,2.70380100112685,3.10005947976163,3.48738224277028,3.96157042573761,4.05631810121907
"2011-05-12",0.892001269925435,0.982231859036027,1.1126419560922,1.35664513504074,1.7840515986069,2.69290168106406,3.08060705626213,3.4595719616275,3.92961825697949,4.03198139666838
"2011-05-15",0.904515668717609,0.997500889659912,1.13167508956573,1.38201159438952,1.81816911018736,2.73475979331164,3.12106177568508,3.49670096059219,3.97179343406324,4.0918852939023
"2011-05-16",0.961942421595945,1.03109834466368,1.1379114740488,1.35624841171025,1.77981603106929,2.73151245005167,3.11584934866215,3.46849209550837,3.92230152916181,4.07592561390043
"2011-05-17",0.966769426929828,1.05707518048462,1.18752093492795,1.43134707637462,1.85760141213016,2.75952372230609,3.14174212901984,3.51313303048427,3.96866071482951,4.06671543790756
"2011-05-18",0.915825738545272,1.01184001612047,1.15015763161807,1.40747072695777,1.85321514205846,2.77678414681596,3.15892370432968,3.52474554837931,3.97587939947355,4.08855254698889
"2011-05-19",0.963036110527846,1.04784808386534,1.17073052717212,1.40165682950241,1.8095852712949,2.69433478629972,3.08056854937502,3.46402041739048,3.93909619939922,4.02434857405038
"2011-05-22",0.967588291786178,1.02896153261718,1.12621796016825,1.33128337136968,1.74234235544241,2.68812716767901,3.07082709644655,3.42023176755994,3.86723728109822,4.01829373364882
"2011-05-23",0.912369422011609,0.998062508036645,1.12233546247611,1.35625309297456,1.77075561401526,2.67631513857415,3.07493218639055,3.47278882097618,3.96374300825625,4.04163016565379
"2011-05-24",0.898589729982448,0.980264010310822,1.09897239695172,1.32330041393589,1.72389122969091,2.61570033320465,3.01758761478488,3.42636890526253,3.94088488382162,4.0103285007753
"2011-05-25",0.892621301552413,0.971272912382635,1.08569503403591,1.30228608105447,1.69035258301751,2.56171312735915,2.95897084989999,3.36757791565103,3.89520404940137,3.97156319659998
"2011-05-26",0.846307400777116,0.925263220341008,1.04016414480215,1.25778138874478,1.64809120441315,2.52645302820902,2.92773709535181,3.34065390848884,3.86858878070094,3.93447836226777
"2011-05-29",0.8759801508985,0.953775421323143,1.06701300816968,1.28156609168429,1.66668256443257,2.53502777198029,2.93268709937407,3.34267376390138,3.86793422392513,3.93191313536931
"2011-05-30",0.945367781601315,0.995018878970898,1.07744152959665,1.26102336310052,1.65183158891835,2.60860738497285,3.00975632674885,3.38091970724865,3.85983955348099,4.0219736352103
"2011-05-31",0.934602519872382,0.987315524445346,1.07226660119388,1.25571571895668,1.63665981192128,2.56795135459017,2.96670703196806,3.34240821470559,3.83552253283025,4.0032735004411
"2011-06-01",0.975047487748169,1.02857540867597,1.11341307524185,1.29325649742135,1.66075134056724,2.55730500839034,2.94635867641283,3.31752796193509,3.81092684113189,3.97945277630945
"2011-06-02",0.968045027716514,1.02726730665338,1.12002129873999,1.31350074332982,1.70036797176091,2.61487902576551,3.00165848966484,3.36565622996528,3.84396686457474,4.00679612482368
"2011-06-05",0.949179476085079,1.01265978355065,1.11039337328621,1.30995285291045,1.69979377691557,2.60576806408861,2.98881148731704,3.35111590977674,3.83029576901345,3.99379364728369
"2011-06-06",0.979473946767728,1.05844217134072,1.17319791466192,1.38999764375165,1.77698887687676,2.63848788842242,3.02754679528267,3.42553343462205,3.94495825951153,4.03891738779687
"2011-06-07",1.05935408751927,1.10366047181046,1.17891745301803,1.35074851693731,1.72555332507859,2.66279587753877,3.05958215119504,3.42773389429118,3.90344857418656,4.06453646655714
"2011-06-08",1.04392518303843,1.08518567339585,1.15595958675535,1.3195320663652,1.68204860051471,2.61183767325953,3.01462834418195,3.39319125656315,3.88750631999726,4.05534549647571
"2011-06-09",1.03790218508598,1.0736859566461,1.13701212992311,1.28819828564064,1.63410777991878,2.54999478582037,2.95459294072965,3.33817784448245,3.8423291943667,4.01379014375652
"2011-06-12",1.04897358949189,1.07772654286119,1.13367461998739,1.27836475977995,1.62839866794133,2.57049628546146,2.97944556969562,3.36029774689958,3.85242777086836,4.01900487648879
"2011-06-13",1.13110118135203,1.14815918437429,1.18935794060492,1.31268552201854,1.64175753019926,2.58543830788421,3.0051354602299,3.39852637114653,3.90848020848697,4.08117951595177
"2011-06-14",1.12425333939888,1.14217809013816,1.18322807990634,1.30288497877604,1.61991932782437,2.54502416385028,2.96748400633354,3.37047604979023,3.90080274573484,4.0811186933569
"2011-06-15",1.15426240587445,1.15630065524612,1.17917528342187,1.27772041110975,1.58701151214158,2.54528955858158,2.97987033267358,3.38775388134436,3.9157567963779,4.09445012701212
"2011-06-16",1.14550516684901,1.14825237007235,1.17204234097561,1.27198261408581,1.58287313057785,2.54212732951288,2.97656420645707,3.38417562772833,3.91174163583298,4.09028262845099
"2011-06-19",1.19706190677566,1.20134083701318,1.22636550161743,1.32608096174448,1.63137589839374,2.57402306880746,3.00419255698504,3.41008190045267,3.93794614162554,4.11680458531432
"2011-06-20",1.09875618400641,1.13108689872543,1.18956830748763,1.33258017107963,1.66894095957483,2.59531468428744,3.01870464534637,3.42801456231996,3.97516298220636,4.16215538139193
"2011-06-21",1.09281552768925,1.12128852775039,1.17484248506941,1.31054747333904,1.63934399622885,2.56561624474268,2.99299916668613,3.407330431082,3.96206018909377,4.15170248834363
"2011-06-22",1.08787518921446,1.09289237593563,1.11783298694877,1.21476327094641,1.51177561651965,2.45106452573718,2.89236932256142,3.31655133711942,3.87695451377816,4.06762858518381
"2011-06-23",1.08409069492159,1.09397028076783,1.12462057435053,1.22859809088384,1.52928110125826,2.45865568409039,2.89470703933075,3.31513646627239,3.8726617257092,4.06258335262981
"2011-06-26",1.09481686425776,1.10241957829117,1.13096441362313,1.23422675442222,1.54109255572309,2.49662650729957,2.94321937467027,3.37189223773384,3.93782782601055,4.13036025706088
"2011-06-27",1.12665560319351,1.1368019711447,1.16902875826374,1.27896046176142,1.59572919564,2.5590070677906,3.0025508620969,3.42511273142956,3.97965147636424,4.16801328617364
"2011-06-28",1.09692632057433,1.12331296792339,1.1747989400414,1.30924325940162,1.6420007753868,2.58844297576699,3.02435336615038,3.44538928280191,4.0067443483663,4.19838440913886
"2011-06-29",1.15167282786059,1.17369572508485,1.21979350090375,1.3466890081297,1.67224897004443,2.61545450633236,3.0504698581861,3.46943557296397,4.02597157443127,4.21572687237878
"2011-06-30",1.16164168562722,1.1860012675457,1.23557877633798,1.36890720362045,1.70361083700999,2.64675714788979,3.07174668777054,3.47566847031059,4.00620724536403,4.18653443991469
"2011-07-03",1.1345384416786,1.16220214566858,1.21588340438088,1.35493521791904,1.69445471979734,2.63295934840506,3.05264492701813,3.45067980653642,3.97290744822175,4.15037483531136
"2011-07-04",1.09772361577226,1.13300950604071,1.19576429532576,1.34646610457345,1.69386194869316,2.62492970971622,3.04088960543363,3.43785360041698,3.96256035578786,4.14129690824705
"2011-07-05",0.987258381697862,1.05697213280762,1.15896343056956,1.35396618752223,1.71027168494764,2.54992332668936,2.95641588532506,3.39577860381696,3.9944146260832,4.0284177733878
"2011-07-06",1.07157507063616,1.1371889390547,1.23328520337902,1.41737164620534,1.75502871388203,2.5587748599844,2.95322202633834,3.38540371043385,3.99533102969087,4.04141270293897
"2011-07-07",1.03685204792277,1.09887388883033,1.18987803108152,1.36478641065078,1.68769061171752,2.46869019174299,2.85951241290812,3.29456797098154,3.91582482783244,3.92862242989087
"2011-07-10",1.16075089430614,1.15180614330156,1.15975658427131,1.23321462189536,1.50653168922241,2.41457788036474,2.83540371714196,3.23248631216104,3.74780973571582,3.92228076065697
"2011-07-11",1.08390898320578,1.08604706180368,1.10868988328312,1.20574701865754,1.50983420008071,2.45122472866387,2.8780343361535,3.27859779462304,3.79710864067219,3.97258868766761
"2011-07-12",1.0850908504363,1.0851425670557,1.10570087925324,1.20149735403331,1.51004762422257,2.4773211242717,2.91764570222471,3.33130911797199,3.86703419070659,4.04835364608191
"2011-07-13",1.14814900718186,1.12424383209869,1.11583745565749,1.17307559307795,1.45170014515116,2.43760386084122,2.89535875183589,3.32412277202402,3.87637109395403,4.06297171309151
"2011-07-14",1.14893579468224,1.1206070474505,1.10623025746802,1.15355082561333,1.4182721245961,2.38567492920859,2.83862932933908,3.26371169385027,3.8116929202116,3.99687511253266
"2011-07-17",1.14630918136916,1.11039924980821,1.08918299763997,1.13375667593944,1.41134080391411,2.40324814554073,2.848798563516,3.25625452730371,3.77144173791762,3.94482325650648
"2011-07-18",1.11676451844156,1.09813242978063,1.09586941077596,1.16040668374492,1.44116785085156,2.40481122104496,2.84854913355136,3.26339231822994,3.79724924698181,3.97761282389358
"2011-07-19",1.07547446352424,1.07470161914112,1.09365041313301,1.18552054335313,1.48623805132812,2.44375847625601,2.88510103033573,3.30258162532886,3.84618408588333,4.0304114354053
"2011-07-20",1.0625550125015,1.0726273930822,1.10517764942057,1.21671962595395,1.53775000278279,2.50591072270891,2.94732822295925,3.36525606647306,3.91083145400734,4.09589188902362
"2011-07-21",1.09399417193727,1.09906136027191,1.12425330299428,1.22196082916324,1.52007960288005,2.45376202118023,2.88802208628167,3.30282887427702,3.84791384302335,4.03310660343588
"2011-07-24",1.09431794845437,1.09062666243109,1.10578696873402,1.1918212418944,1.48567262543948,2.43840607647756,2.88004579257665,3.2984002492698,3.84351469943482,4.02827487975885
"2011-07-25",1.0515786324038,1.06099283360071,1.09041558710334,1.19070048463114,1.48232664223184,2.39319865381781,2.82507733953949,3.24421542742524,3.80325824632902,3.99401379708825
"2011-07-26",1.00443311802628,1.02015597393716,1.05618712971717,1.1619948360112,1.44747965577406,2.31807712577356,2.73485754716154,3.14456770825667,3.69860059989638,3.88849851861869
"2011-07-27",0.977997699063711,0.988548742161469,1.01975885712077,1.12360267331922,1.42098296750983,2.33525321684678,2.76341524823163,3.1760297876297,3.72304762226578,3.90938097740195
"2011-07-28",0.97180202413391,0.974785386743383,0.996139293397193,1.08472506959851,1.36405825791913,2.26632853550205,2.69603692170392,3.11200423669423,3.66475776347396,3.85312462213615
"2011-07-31",0.958685540309185,0.966824933966278,0.992316927340734,1.08010182746373,1.34104185008248,2.19883608568619,2.62818280502554,3.05992183502111,3.65548227070292,3.86089059689109
"2011-08-01",0.909007513681837,0.90801017053636,0.924959810728683,1.00901513982808,1.28919579335489,2.21058773451803,2.64903712767498,3.07187693309937,3.63145583816216,3.82190633591865
"2011-08-02",0.930113928537039,0.937586655188647,0.965081563491213,1.06392833626062,1.35684714019957,2.26762312620298,2.69308507725035,3.10142106468146,3.64047133466307,3.82385513703602
"2011-08-03",0.899399841763587,0.856553787830572,0.82671668121657,0.859542005401044,1.12953137011703,2.14882000421214,2.61717975960031,3.0494315649709,3.59916747347345,3.78437926641576
"2011-08-04",0.848456255185513,0.797930084737296,0.760992855329392,0.790707416211145,1.07550516473303,2.14463096466044,2.62580716535019,3.06411307022662,3.61633451277115,3.80203711235656
"2011-08-07",0.873829799541739,0.800170534243,0.740057493610974,0.751560183753138,1.0504232630655,2.17095603940694,2.64938314710782,3.07135419015908,3.59189668094981,3.76631216902295
"2011-08-08",0.80442390863244,0.766286013473885,0.746531169671641,0.805679661010541,1.13197031568289,2.24450906299383,2.72911771004974,3.16574162271025,3.71244096806447,3.89609699877059
"2011-08-09",0.718186036395285,0.670759635894081,0.636079146089287,0.665202230720532,0.943769815940548,2.02716477282776,2.53300795656462,3.00343219892573,3.60487917224911,3.80772916167821
"2011-08-10",0.721450731410299,0.69237591992146,0.677588287693628,0.726620167212116,1.00347469059985,2.03730808037952,2.53210505851035,3.00256987635574,3.61532851997191,3.82290390366757
"2011-08-11",0.735382331990082,0.706065205367939,0.689328781366446,0.730805389242686,0.98769533603128,1.98416908285925,2.47356166920264,2.9455475571402,3.56729789320957,3.77851358203523
"2011-08-14",0.779267442083805,0.740541404812514,0.710668172424241,0.729542219430892,0.955297396066863,1.93153800056302,2.43142853715571,2.92233421993442,3.57793352274899,3.80141981136614
"2011-08-15",0.748241174523752,0.728479809305719,0.721245698900451,0.769297134410684,1.01462503476202,1.96769350260382,2.45394785575875,2.93677603693037,3.59012956051591,3.81380932245795
"2011-08-16",0.722340812770765,0.704495357610737,0.697336329866498,0.73860263478227,0.958442190946415,1.8555970514554,2.33517065153198,2.8262009362837,3.51052303480309,3.74706416626339
"2011-08-17",0.703782121747635,0.675531439363443,0.654841692363532,0.675120010922452,0.869407434084261,1.74169728723431,2.21594336651832,2.70181608138079,3.37736058523431,3.61056339859172
"2011-08-18",0.697973076083376,0.677162719890866,0.665472562513406,0.697567070250949,0.899624917322275,1.75534862586687,2.21716333717973,2.69119288202579,3.35274370221059,3.58148167408682
"2011-08-21",0.73848588552833,0.704923620790117,0.679846622265357,0.700262204903651,0.910619696182493,1.8148715351196,2.28078119212108,2.74080331151445,3.3583155190675,3.56913387953215
"2011-08-22",0.765074040405467,0.727150949238166,0.696593741369007,0.709159357398604,0.912224152445279,1.81980470520807,2.2915166582172,2.75823331253813,3.38538505750817,3.59953419128771
"2011-08-23",0.704357833935643,0.688177768566696,0.684443298592402,0.734366576572504,0.971585708694726,1.88304977451858,2.34992146139934,2.81572551918761,3.44921347568572,3.66644671081862
"2011-08-24",0.68989017944051,0.668430060969202,0.658168716770591,0.699125196627315,0.929443053727663,1.85247240486756,2.33058663803601,2.80897173026144,3.46055900385567,3.68406471010737
"2011-08-25",0.687457136145815,0.671239091007837,0.666924949889939,0.714427338613794,0.94485228018762,1.84218845277868,2.30663914046484,2.77301061965742,3.41106038952148,3.6302673608112
"2011-08-28",0.672719372008339,0.676377540010389,0.69654990429835,0.77793826313121,1.03815027835587,1.93191322055169,2.38858473574392,2.85202548091673,3.4962631824614,3.71900086139723
"2011-08-29",0.656190241688309,0.648670309444851,0.65431516779622,0.713390891924704,0.948184469421955,1.83221961567727,2.29712280176919,2.77271925299846,3.43691508966143,3.66678584331151
"2011-08-30",0.640081118234446,0.650675099712399,0.679541260475438,0.773480952993204,1.04664914579224,1.9494859459949,2.40981443240551,2.87975702235978,3.53860816562601,3.76720213180477
"2011-08-31",0.694298314508884,0.691318243849159,0.70281237325175,0.770841608983014,1.01646350323752,1.91336347196802,2.3834357703491,2.86551344591873,3.54144988447415,3.77578072279179
"2011-09-01",0.651559994786805,0.647958626098092,0.657567638531024,0.719540014504813,0.94972103138891,1.81617731338619,2.28248006710182,2.76917016604065,3.46413275036624,3.70671252940208
"2011-09-04",0.607590207665074,0.599636354635714,0.603562811384175,0.65673631408304,0.876730796927491,1.73910735323402,2.20887641807235,2.70086496450553,3.40483255205353,3.65067510959445
"2011-09-05",0.557541566703837,0.562511887534253,0.582569115018678,0.658585431474401,0.899547211376331,1.75771085598289,2.21862768988583,2.70407229760391,3.40664892627085,3.65339809950924
"2011-09-06",0.598630844945866,0.589819725078745,0.592517526920163,0.643428515427838,0.859592321335432,1.71451487422682,2.18142339076869,2.67076796251295,3.37125268315279,3.61590383182723
"2011-09-07",0.639537746386543,0.615619397052587,0.599013186208201,0.621136706730187,0.806181363913682,1.647385546933,2.11821562701406,2.6115001457457,3.31365003928659,3.55811253447369
"2011-09-08",0.513332430918453,0.502114625190558,0.501125381987063,0.54465288144533,0.747281535437399,1.57771126296883,2.03843548347502,2.52506378175353,3.22680708453328,3.47256385721087
"2011-09-11",0.487194213338649,0.49962078376792,0.528135332587523,0.613240107384976,0.852347525254531,1.65894833722756,2.08996422483633,2.54725899896084,3.21734673755099,3.45414790131198
"2011-09-12",0.438678207210043,0.491707342789144,0.569867328570663,0.721311230398712,1.00547397217613,1.72299434673919,2.10367900773295,2.55373912638372,3.31540589508799,3.42913379104311
"2011-09-13",0.446161991090004,0.501944951695735,0.584130440086079,0.743257088401949,1.04139000171168,1.79110888611557,2.18657467978469,2.65111219783663,3.4204439333702,3.5157077180941
"2011-09-14",0.473545371493468,0.530350566271517,0.614027528342497,0.775990698150533,1.0792427340042,1.84047966954919,2.24099807739467,2.71012068003914,3.4792722266733,3.5649612536267
"2011-09-15",0.518971129176557,0.528561205835757,0.555109052411226,0.64226153390967,0.897450676639788,1.74868777201628,2.18631120498398,2.63549939526336,3.26877268392566,3.48894820473137
"2011-09-18",0.406152912576841,0.462638397043952,0.545827353008724,0.706786318746106,1.00793301186574,1.76236118477165,2.1581865564852,2.6204201829044,3.37114331510951,3.44752365271919
"2011-09-19",0.42306973401135,0.479168289256606,0.56179586420535,0.721698300663044,1.02098068639568,1.77150705426481,2.16585451532944,2.62709319524787,3.380153352781,3.46123187383733
"2011-09-20",0.41226473618413,0.468500807786369,0.551325281449381,0.711589013666523,1.01147310202925,1.7630045436515,2.15751329920098,2.61848175401744,3.36876294406506,3.44718676081687
"2011-09-21",0.39669934078423,0.451859900649311,0.533088275164885,0.69022117615338,0.984085597569433,1.71941766652825,2.1045862738013,2.55354457508461,3.2780637731247,3.34624097109458
"2011-09-22",0.364582888847801,0.420997051241564,0.504049290566391,0.664632843839174,0.964657505891419,1.71341465468427,2.10415566116601,2.55775961991053,3.28005555284324,3.33748333601479
"2011-09-25",0.429633764271456,0.445355402993925,0.480569797556076,0.583096799109197,0.861481358564214,1.73905292073101,2.17639420195168,2.61842476703291,3.23292905910931,3.44555282974109
"2011-09-26",0.514732378875539,0.522519541381772,0.548481216321218,0.639871315096608,0.913717839619848,1.81220240778471,2.25899717211414,2.70594432477228,3.31915325573216,3.53024908551248
"2011-09-27",0.413179018287086,0.472083705096916,0.558803562102567,0.726482315001992,1.03977694473967,1.82173462060622,2.22985191328009,2.70367130920528,3.45813635898147,3.5176145909808
"2011-09-28",0.371644657805645,0.431444585462997,0.519480621787644,0.68969816456588,1.00771436454322,1.80133036999039,2.21546424844754,2.69622963839792,3.46212628931205,3.52402949270014
"2011-09-29",0.365220446343694,0.422864648739064,0.507728645606677,0.671818507125926,0.978406762607104,1.74363764410108,2.14305232702749,2.60683879492977,3.34613991962583,3.40616305804677
"2011-10-02",0.365532716514008,0.421969329017582,0.505068230788626,0.665789748581272,0.966253548187392,1.71735521270266,2.11025563829209,2.56759047905731,3.30270390199599,3.36952672173643
"2011-10-03",0.370678715090023,0.426104591789784,0.507730849789971,0.665658763478362,0.961107159891113,1.70108977873238,2.08922793606808,2.54238020234838,3.27820713655137,3.35370150580698
"2011-10-04",0.35417184915232,0.413699350186092,0.501319595819614,0.670681664572882,0.986904678399213,1.77472062844945,2.18485209434925,2.65972730981652,3.409624731366,3.4628317068108
"2011-10-05",0.451497116301155,0.510612768816371,0.597639417636399,0.765897873566042,1.08022289897139,1.86436240558271,2.27329728405356,2.74759164114532,3.49950259505443,3.55357103649223
"2011-10-06",0.546286484297075,0.560080155496748,0.593521343431054,0.695604032308156,0.980437281468645,1.88858425220338,2.34066158759962,2.79600042874764,3.4262069528751,3.64388292148035
"2011-10-09",0.537373190542108,0.555006202935638,0.595416088961441,0.713928644575263,1.0326174214065,1.99640128960525,2.45366136419506,2.90053646467037,3.50150876622286,3.70714054565583
"2011-10-10",0.54354486212846,0.551044616161714,0.579903453105647,0.685265740153858,1.00065754552377,1.99346753279565,2.46222801341813,2.91495901071047,3.51584829829013,3.72057462128415
"2011-10-11",0.523982516302291,0.540140198972494,0.580417636539731,0.704109464585052,1.04426583761383,2.07359938873447,2.55616226960617,3.02304307209254,3.64474092478842,3.85681036495621
"2011-10-12",0.47980684399265,0.50094561439895,0.548292713382372,0.684389409043973,1.04180380742522,2.07899701834396,2.5516655261752,3.00229846370075,3.59514607043127,3.79670927832483
"2011-10-13",0.487992679042456,0.512543627879614,0.566522909656319,0.719131571464546,1.11213695017662,2.21485643995338,2.70132878991103,3.15633865833813,3.74555095555391,3.94505777939956
"2011-10-16",0.485368108652745,0.516625364522402,0.576697314687845,0.731241430784898,1.10751467268466,2.15192858027477,2.62251409592748,3.07119692382876,3.66269509406219,3.86397391128661
"2011-10-17",0.572529429171108,0.584471000883142,0.622560976864153,0.751938097630871,1.12013194367393,2.206694543434,2.69146099828819,3.14457977763301,3.72998631444858,3.92804593389206
"2011-10-18",0.610981376486323,0.628013222811279,0.67384491976091,0.818153168582504,1.21040917672598,2.32138008051887,2.80300496101726,3.24677387894835,3.8140629041944,4.00553455055388
"2011-10-19",0.668738586336848,0.677703396871153,0.712075270430768,0.835920746713244,1.19690515222228,2.26726352129052,2.74225735694362,3.18409980942106,3.7525465773683,3.94466760605907
"2011-10-20",0.750659478544223,0.748830286892312,0.770618646041106,0.879205186958762,1.23313342319009,2.32953541041725,2.81934046515539,3.2739848286886,3.85715420988139,4.05408396634502
"2011-10-23",0.731227718844729,0.726502223276951,0.745489904162874,0.852732137076769,1.21399243634306,2.34872972309202,2.85786358167166,3.33094152329401,3.93804506310119,4.14307143788515
"2011-10-24",0.69634630466467,0.675986336552279,0.673583304057654,0.745054789698706,1.05861950590201,2.15791642681319,2.67528498951594,3.16527188181034,3.80227491983511,4.01800111036474
"2011-10-25",0.689835432165572,0.665287876217578,0.654929410247832,0.707086478399859,0.980548338063479,2.01366202921372,2.52164140149539,3.01368723209829,3.66478765388523,3.88626203810829
"2011-10-26",0.630181672716201,0.627110721790941,0.64416944591439,0.73729407862588,1.05602041851507,2.11611217356171,2.62236722268558,3.1110486475022,3.75806468773509,3.97829223226439
"2011-10-27",0.58110175741725,0.58328107226871,0.607639286184351,0.713530624425193,1.05196567646858,2.1440649811757,2.66059272910437,3.15794480371201,3.81560161770666,4.03940081506673
"2011-10-30",0.59745929316735,0.595890954298619,0.614652864635849,0.709831135461295,1.03029901452271,2.09676747096546,2.60958981282343,3.10726926477937,3.76947156796125,3.9951896796694
"2011-10-31",0.571497531050621,0.569294651384837,0.585287500772433,0.670412267357822,0.962977924090923,1.96047902339831,2.450540462503,2.93240831949457,3.58109563590709,3.8029596239012
"2011-11-01",0.581203161598178,0.582358024591062,0.604390226130089,0.70375240160913,1.02640672621119,2.08299016048274,2.58844646006551,3.0783160130691,3.72967148656236,3.95166434135529
"2011-11-02",0.524313921668045,0.519770402936926,0.53485143694797,0.625186989446488,0.943848576818396,2.03404172549838,2.56665050090169,3.08769035091072,3.78558180790472,4.02390165731486
"2011-11-03",0.366408272105234,0.435303647610384,0.536679897454912,0.732516192354238,1.09773597779425,2.00466797798644,2.47463694669778,3.01602256538177,3.85616656001275,3.89901503165427
"2011-11-06",0.369952804979901,0.439824127925849,0.542637636104284,0.74125465644202,1.11167692152547,2.03165069025266,2.50847882373579,3.05791490205045,3.91158538974362,3.95675757741778
"2011-11-07",0.372746596099064,0.442533160946205,0.545204995852263,0.74348894581453,1.11306503718666,2.02939976517934,2.50319776488379,3.04765995883506,3.88544702464792,3.91994368125349
"2011-11-08",0.47897925344122,0.549893214202731,0.654145588504142,0.855209265082065,1.22894010547224,2.14868739836721,2.61924894778483,3.15373620054958,3.94428337801821,3.94233479144467
"2011-11-09",0.419014206484939,0.505349116791504,0.631699674524165,0.873418137807933,1.31556966310071,2.35999353323476,2.86667451474931,3.41438393468626,4.14902274857793,4.16196684259973
"2011-11-10",0.497691246209784,0.579593578030676,0.699664993551327,0.930084178824262,1.35416001388451,2.3716358745313,2.8753055941959,3.42994920255167,4.20010425533103,4.2052010759097
"2011-11-13",0.495964198087894,0.581742978810099,0.707332888981545,0.947779522433414,1.38827649860728,2.4329759777334,2.9425871090298,3.49656293108738,4.25122909226072,4.27191535443166
"2011-11-14",0.572588263461078,0.674680155358204,0.82311337814232,1.10378072403742,1.60557669522415,2.72618625589985,3.23339205765346,3.75158564386551,4.41144628793688,4.50482297011202
"2011-11-15",0.526220465146581,0.632470281786442,0.786648770573641,1.07716668032596,1.59300107169047,2.72487020987029,3.22520130303624,3.72512369106389,4.33199795467568,4.409667625193
"2011-11-16",0.666792848376343,0.760532232478517,0.897165954330012,1.15667377287069,1.62461852754637,2.69042234132207,3.18334357317882,3.69305466471161,4.31894072925416,4.33347260198093
"2011-11-17",0.503948715255484,0.605758799791489,0.753567149696588,1.03231717643519,1.52802390399215,2.6190044736818,3.10219095204331,3.58408588611816,4.15180912661913,4.19780219484519
"2011-11-20",0.497749893086864,0.596797874795784,0.74066696445986,1.01222476129108,1.49596071824954,2.56492729331956,3.0406786663129,3.51685136959725,4.07781189981413,4.11623405667701
"2011-11-21",0.449804512786969,0.559130442055116,0.717294451514677,1.01371434676948,1.53440146181239,2.64593496064911,3.11915163644964,3.57528781297055,4.08584458438935,4.13730157382185
"2011-11-22",0.418971863163086,0.548367819299893,0.733983002551139,1.07664628583115,1.6611739493765,2.82448733887896,3.2785137781713,3.6884830442205,4.1283921019501,4.21214093055983
"2011-11-23",0.370372918089962,0.499016829187945,0.684216284444515,1.02827643529811,1.62231970057476,2.83741957224044,3.32643474837938,3.77534513876172,4.24031248187181,4.29299713482884
"2011-11-24",0.362157022430316,0.49891443934435,0.69469954951966,1.054891891567,1.66539088000538,2.86450071683201,3.3271611252532,3.74494727892938,4.21616189082123,4.33022814211767
"2011-11-27",0.34989077297416,0.464486118451933,0.630259852903046,0.940896508241819,1.48640683548355,2.65022116426648,3.14538361624394,3.62255633885605,4.15764685335651,4.21353211370827
"2011-11-28",0.359447542108347,0.46459255095505,0.617369330682429,0.905900052427468,1.42032483484906,2.55785404225142,3.06269101799522,3.56326901224241,4.11053762217751,4.08760508473377
"2011-11-29",0.244051843700109,0.334243239891112,0.466154175172878,0.718216902758974,1.17817617302969,2.25701988316712,2.77453080645084,3.32601490510041,4.02031185632746,3.97402799361121
"2011-11-30",0.242080390712288,0.32029589898002,0.435158237157694,0.656254196578453,1.06562464275078,2.06280958181653,2.56596338777577,3.12946164259801,3.93109207417304,3.90947767181164
"2011-12-01",0.341505365231996,0.343843467251105,0.375859645396525,0.514025473197545,0.938925193084383,2.18682478267635,2.72189559482035,3.20816160948722,3.82253510244377,4.02934478442866
"2011-12-04",0.350007928831778,0.350231971081666,0.377556719702396,0.5032399641147,0.901417975892672,2.10863973603206,2.64004293687941,3.12967139316578,3.75437979111397,3.96509437417967
"2011-12-05",0.267896347486745,0.261961896827165,0.287232523077508,0.425747421913945,0.875638960581284,2.1885225396795,2.73605968113058,3.22483629464919,3.8345823310288,4.0393293566698
"2011-12-06",0.211640228944778,0.225640298617776,0.276550230587001,0.45302106305235,0.939365859657405,2.22891496624545,2.74123084093843,3.19032819954164,3.74483364949168,3.93072653691426
"2011-12-07",0.261690097241576,0.228539583700014,0.231110193782347,0.366089691943745,0.872410514385588,2.28381463655272,2.82045422613585,3.27611923585587,3.82792867544531,4.01238679303657
"2011-12-08",0.23624468131489,0.229072172144973,0.257260459730113,0.41084697027342,0.894862854730918,2.21409700817894,2.72829889703425,3.17218186744941,3.71482649996923,3.89645468648153
"2011-12-11",0.332058849726914,0.303078933348315,0.308236572831677,0.439112732567699,0.919317496477276,2.24870718686768,2.7531959037139,3.18141431174232,3.69992969940729,3.87325679959852
"2011-12-12",0.340203828128797,0.292178498909705,0.27754482877755,0.389913964449817,0.870483151311911,2.22118653079784,2.72466655898369,3.14742441908265,3.65646574026225,3.82651277272928
"2011-12-13",0.27577343126404,0.255474013294964,0.270990443983202,0.414513285242298,0.897848200469371,2.18065351251174,2.65660538719324,3.0574582966979,3.54109906044677,3.702703071332
"2011-12-14",0.236810082826651,0.151536109167384,0.102852517119686,0.195548104983493,0.705740073620356,2.09625759725318,2.57981260404416,2.97387222255144,3.442317849747,3.59861367771428
"2011-12-15",0.181964370058069,0.110039339845026,0.0677650771408655,0.146771961588764,0.610122994597708,2.00209769400804,2.52966221098645,2.97386447805699,3.50915928147293,3.68798690482036
"2011-12-18",0.119096622542416,0.0795414653334849,0.0760238266193429,0.206005982592199,0.709301115207065,2.08628688916363,2.59591614892664,3.02332529777936,3.53778596127235,3.70963893208235
"2011-12-19",0.0521087450444529,0.0210734631226648,0.0289033893324044,0.177331260673532,0.705579979815941,2.11415616967248,2.63182076938137,3.06545193675909,3.587218657601,3.76150771865196
"2011-12-20",0.0506769388189564,0.0439352713998531,0.0745598055001873,0.236713385404115,0.740926585176319,2.0912620488612,2.609602941127,3.05400628065193,3.59527793340806,3.77635501618349
"2011-12-21",0.011329001540418,-0.00322196711602152,0.0196281162108486,0.175814421269654,0.685371785396331,2.05843903673452,2.58110020011405,3.02676128286852,3.56787286062292,3.74881967374246
"2011-12-22",0.0287293479405288,0.0311325267733913,0.065891857850583,0.215061671613823,0.666417964309494,1.94396960348558,2.47167717302637,2.94175874057071,3.527685478389,3.72441457068071
"2011-12-25",0.075076167334132,0.0569005194918434,0.0681394957812808,0.189438202445478,0.626048962751214,1.92189648667784,2.45520365999936,2.92620779565413,3.50942298137521,3.70500095269466
"2011-12-26",0.089595704179582,0.0518086334166316,0.0428624311455098,0.146510197411056,0.589813154522476,1.92676744090438,2.46316726624677,2.92881997777366,3.49919392746149,3.69013869059628
"2011-12-27",0.0298666007580151,0.013289619658719,0.0267241934247813,0.151781502367765,0.593964147375259,1.898121758382,2.43386543058429,2.90684140054776,3.49241351743336,3.68877880242009
"2011-12-28",-0.0748071506437935,-0.0731431750902533,-0.0362247637097455,0.124613114638284,0.608714404889246,1.94746500425616,2.48670770803809,2.96080851506715,3.54684906585375,3.74333791937747
"2011-12-29",-0.0370306806229962,-0.0375830773813325,-0.0033031506849176,0.154161045488247,0.636137231885827,1.9789389061422,2.52108713896654,2.99798069775014,3.58758594193106,3.78527406098001
"2012-01-01",0.00372961483647055,0.00553093870285343,0.0433340078565209,0.20764855284047,0.701841016973275,2.06803671885057,2.61827498977362,3.10203200057606,3.70000344699853,3.90049232520571
"2012-01-02",0.0883641285931766,0.0537122155056164,0.0514981309463485,0.173385251327655,0.660050260042196,2.09961952035961,2.67416549151996,3.17243219705255,3.78254154593773,3.98678184156277
"2012-01-03",0.0900510658827114,0.0574313919379689,0.0596717553131607,0.192961613781776,0.701990623748243,2.16841340612962,2.74339713119418,3.2383640633324,3.84204804089782,4.04402948275807
"2012-01-04",0.149381359029312,0.132096239651343,0.151078100267774,0.30187916612806,0.813386566283482,2.24755879040587,2.81131423958606,3.29878476803804,3.89506188956943,4.09465234675475
"2012-01-05",0.163916958515876,0.173690046497982,0.222480766834132,0.405127789478946,0.922578752857881,2.29873010272645,2.84104457806737,3.31381447610809,3.89545680808995,4.09033198836964
"2012-01-08",0.212365498941931,0.194557751665221,0.21062292991325,0.351026335079636,0.837095587802948,2.22661684428251,2.78132628736989,3.26431425885275,3.85739772775442,4.05602914078696
"2012-01-09",0.318298495894764,0.266405941048196,0.244234423119896,0.340538891038448,0.80248161664569,2.19709290004765,2.74481563038882,3.21453348893317,3.78592495335875,3.97702797095188
"2012-01-10",0.319545047518416,0.251005032065593,0.205699486366091,0.263408103134199,0.678431163030926,2.06680402029418,2.63851406174953,3.1372518132899,3.74918633517207,3.95407707226282
"2012-01-11",0.267922372623184,0.176194867826236,0.100832400338829,0.11288973979442,0.478246061490641,1.85521395184673,2.44376486569941,2.96296789928274,3.60350050367029,3.81812194292134
"2012-01-12",0.332261319027208,0.257440409316957,0.203390126558368,0.24580704706952,0.637409058092597,1.9892674908159,2.54999169714632,3.03979956117137,3.64105426657349,3.84237786844411
"2012-01-15",0.371367945244421,0.288338088339155,0.220962421332627,0.236412857541568,0.584951261317225,1.90336287383217,2.47360947718981,2.98002909346364,3.60733323346793,3.81765521300281
"2012-01-16",0.37532236261868,0.302920626752421,0.247253101006443,0.275349377709349,0.627471531002643,1.93206706052329,2.49999783518748,3.00725918529101,3.63804014211098,3.84966587069451
"2012-01-17",0.380816404642857,0.312645070462434,0.262707161315873,0.300385234429114,0.666141558097397,1.98963999702239,2.5627725015635,3.07415606139859,3.70981938094078,3.92307433611967
"2012-01-18",0.198758030721852,0.195176526826365,0.217345496935938,0.335102470679996,0.727382029898317,1.96494427268147,2.52535739883546,3.04926091663341,3.7248583171892,3.95327445911344
"2012-01-19",0.177039688699236,0.177623811533611,0.205464077245,0.332444099943013,0.735396244232427,1.96909079332095,2.51817454596667,3.02738300849741,3.68027129879867,3.90073098767268
"2012-01-22",0.206845092849097,0.195948288530646,0.210428454902624,0.321205233130825,0.716247133029564,1.97339236016161,2.53513344566544,3.05455181417452,3.71832303142459,3.94226390492733
"2012-01-23",0.217974107255219,0.203440491424465,0.213726739198477,0.319659283167013,0.713772673429602,1.98753882874858,2.55933094048638,3.08861094407622,3.76530926813134,3.99362693773608
"2012-01-24",0.233923032958295,0.21445843655139,0.218576953632528,0.315711371199433,0.701484976530705,1.97629715025834,2.55225457502006,3.08618630627996,3.76928683412556,3.9997862896632
"2012-01-25",0.206328871515287,0.20122584203343,0.219631614104523,0.32691593251215,0.697211644297689,1.91314778440622,2.48322186799642,3.0268233294199,3.73896468550349,3.98066628871945
"2012-01-26",0.226872183687057,0.222689329852811,0.241598790579,0.347479820880974,0.709382405879556,1.89298520245665,2.44720707221474,2.97552643363698,3.66754057556705,3.9024049583409
"2012-01-29",0.202122980170259,0.203785626304186,0.228865426145825,0.34029158347948,0.699083248690737,1.86086555766776,2.41096631416808,2.94079935939031,3.64151054551768,3.87996729611324
"2012-01-30",0.204736699726891,0.199457973775736,0.218418438973045,0.328403026648746,0.704466894032136,1.91382413672114,2.46878473056749,2.99117529527281,3.66834694530633,3.8975735161919
"2012-01-31",0.234139705120349,0.233744544723187,0.255862451918082,0.361808872531977,0.711313371225097,1.85544655174961,2.39909741745561,2.92319606033351,3.61664611701489,3.85265117791528
"2012-02-01",0.240398462556055,0.225505851983814,0.228849218500149,0.306058337908031,0.622531459235876,1.74815536170416,2.29661869337912,2.8287546083728,3.53513151468093,3.77567323296622
"2012-02-02",0.263139173302881,0.228449640738301,0.207975503080816,0.253904510315696,0.547626456861711,1.69390662323507,2.25772548101719,2.80168539639699,3.51837185978963,3.76184538659461
"2012-02-05",0.26250989616763,0.230512960566651,0.213276138884794,0.26337590073525,0.55946901732602,1.69736712743217,2.25490799184356,2.79231906112038,3.5000637778063,3.74048207069606
"2012-02-06",0.327171362609067,0.302560853882625,0.293209826253139,0.350639445031447,0.643275726156876,1.75095456781976,2.30001413473178,2.83500295220342,3.54669162376302,3.78913310731208
"2012-02-07",0.37400679566837,0.285248376445274,0.20523201311164,0.188187720739431,0.473500065915784,1.72990231319263,2.31439673249401,2.85038147241691,3.52747938315412,3.75524977009527
"2012-02-08",0.361688638242434,0.278185111572692,0.203281432845402,0.189536472883133,0.468367072067272,1.70108571525624,2.28099122233246,2.81641172130663,3.49606743632765,3.72491292238168
"2012-02-09",0.382279861262598,0.272036672755919,0.177600902966051,0.171832436125749,0.534365004592718,1.89802262898453,2.46062084531743,2.94727158514416,3.54091541330243,3.73950806099158
"2012-02-12",0.325091098381722,0.276994295610894,0.25088369540695,0.318153502914345,0.696616965668878,1.94447502161968,2.46747888285863,2.92914749954511,3.49976016301187,3.69103125075489
"2012-02-13",0.177715654169055,0.184811322746331,0.222336204652778,0.366573034281089,0.789718296144104,1.99363516407511,2.50027903745119,2.95696045550978,3.53090727553515,3.72391569716769
"2012-02-14",0.177199376120634,0.181324065810944,0.217091004671006,0.364119618091321,0.802379304872796,2.03437205838401,2.54213520368612,2.99422861185703,3.55762305460346,3.74678237368012
"2012-02-15",0.0719015838633943,0.158733154423979,0.285655211606652,0.527930745431111,0.969126553256585,1.9988113857153,2.489784362895,3.01058787301049,3.66647303150901,3.63971112661458
"2012-02-16",0.165178259185606,0.176265534579585,0.220590510530652,0.379410171171414,0.827823356766894,2.05581347348771,2.55758127146982,3.00347904885164,3.55872215245599,3.74512765414191
"2012-02-19",0.152504291994363,0.171550367714455,0.223399426844096,0.386521266225092,0.824737884900621,2.02681460526256,2.53048831099928,2.98573996838725,3.55957495987563,3.75267845502102
"2012-02-20",0.0699013624569763,0.154752180545561,0.278947982275969,0.516596591289736,0.951445048633135,1.97859895669074,2.47592180372406,3.01060281885189,3.69676180128178,3.65099011926394
"2012-02-21",0.153981134234426,0.174877686704609,0.22776868731753,0.388988088920942,0.817846666572947,2.00768500160566,2.51590223928201,2.98075503267813,3.57189391745896,3.77119190342774
"2012-02-22",0.158862906696701,0.177243392560938,0.226851030661927,0.382950017267443,0.805549265066084,1.98983976593768,2.49750450673225,2.9622633269758,3.55352057041409,3.75286986168677
"2012-02-23",0.18806541316086,0.194848712619083,0.230565308424005,0.368466328761879,0.777295104002328,1.96823654196793,2.48157572299616,2.95040977296449,3.54511016132331,3.74546902553799
"2012-02-26",0.0545386440739663,0.135622417228359,0.254525341606511,0.482805234431302,0.903280284864032,1.91345295795636,2.41354377804863,2.96259986556049,3.69870588742479,3.64527458128549
"2012-02-27",0.0723981292810187,0.149428453985075,0.262553764896103,0.48031620327547,0.883537329082852,1.86562306882381,2.3607790438605,2.91429642295666,3.69023073402763,3.64493203694686
"2012-02-28",0.152838407423815,0.159248320050419,0.192710760368118,0.322655589197834,0.713557372176185,1.89104231874399,2.41635278912445,2.90564453132589,3.53552667783354,3.74843136207804
"2012-02-29",0.11909882940125,0.124404781617418,0.154360472351299,0.273239401634039,0.637966828699351,1.7743203019157,2.29818059327299,2.79558214752448,3.44582538944165,3.66644137904886
"2012-03-01",0.096108441497356,0.0968519066463021,0.123287672311062,0.243423935618881,0.625815147905402,1.80853140381646,2.3407568484015,2.83754689353034,3.47772116011896,3.69413742417411
"2012-03-04",0.102215967810794,0.112838006117326,0.15010651226136,0.281544076578781,0.66502253946001,1.82987677584803,2.36229606764194,2.8667088195455,3.52539559551803,3.74883561343895
"2012-03-05",0.107019355851598,0.113386326060029,0.146907897732476,0.277592413260662,0.672781816525256,1.87576069314825,2.41815355010728,2.92648760095918,3.58406712645285,3.80658928327035
"2012-03-06",0.101293914450365,0.104107096430752,0.133041221654522,0.256736519486417,0.643922221719696,1.84205095185649,2.38518471715523,2.89490127305901,3.55469472897191,3.77798858185725
"2012-03-07",0.0986930411971441,0.101072267163704,0.128480354245927,0.247102301761919,0.62146105565318,1.79403162420171,2.33164646172046,2.83951963005371,3.50039670183221,3.72434528565241
"2012-03-08",0.107448180843224,0.111763479532461,0.142039480720191,0.26590032664644,0.647480914900262,1.81947428225838,2.34946299248595,2.84653996832489,3.48978504485148,3.70746852856911
"2012-03-11",0.0871149897770249,0.0964426892267621,0.133130574937305,0.266576428625521,0.658566305165598,1.83464270648539,2.362330875771,2.8562783705444,3.49487322061237,3.71095124325113
"2012-03-12",0.0778791291577136,0.0983756034182048,0.146974724415822,0.291626255515715,0.679843631342906,1.82161871685104,2.34454947349377,2.84377900643291,3.5010219857961,3.7245069025853
"2012-03-13",0.0974484263594856,0.104836385322822,0.138834448653237,0.267884301755656,0.65536189611041,1.84037873986984,2.37943067651356,2.88764522555821,3.54832427376511,3.77217068436088
"2012-03-14",0.0167389998817232,0.0950318419201408,0.209973522061483,0.431106646481776,0.840139705671099,1.8343004765227,2.33486482259556,2.89512125280695,3.70156566011783,3.71012857101807
"2012-03-15",0.0679932721049264,0.100561845155198,0.165649415881079,0.338039257230581,0.764903445528957,1.94864320261792,2.47538628636597,2.97261832970417,3.62209865945957,3.84253187954817
"2012-03-18",0.0896452878672658,0.11284713787795,0.167404887474797,0.327951402044168,0.750590004969725,1.94372608956886,2.46766786222264,2.95541581838422,3.58432849353865,3.79704216031853
"2012-03-19",0.0866859292319695,0.107816894053248,0.160473325437082,0.320274974743801,0.747321299807177,1.95477648820928,2.48174683527563,2.96988145177973,3.59663976221227,3.80840479926922
"2012-03-20",0.0877205486661167,0.106883986229856,0.155477303239012,0.305099282704379,0.712218461449899,1.9020950531046,2.43860544534291,2.94508949356836,3.60531037356138,3.82920471018077
"2012-03-21",0.0595352778750145,0.0838879056881029,0.139143099093416,0.298787949083514,0.71693534180541,1.91133758812279,2.44536763726415,2.94838432384383,3.60335240664098,3.82542396693045
"2012-03-22",0.084984150980401,0.0939405996856014,0.130723027270637,0.266118250927863,0.665908330227289,1.86856027840903,2.40865548418799,2.91433077459231,3.5681584096621,3.78939440917262
"2012-03-25",0.0965775660400469,0.101904260414518,0.133260901907675,0.258349763990526,0.641498697379098,1.8247850900375,2.36480653766555,2.87435657372684,3.5370386378124,3.76157828268191
"2012-03-26",0.0711269573103315,0.0862521793780914,0.129478833389935,0.270444877279825,0.666196233976268,1.84363137730836,2.37792322130539,2.8831573947519,3.54229882553159,3.76585818835352
"2012-03-27",0.082142706476582,0.0920941513371011,0.129430413296434,0.263655432838385,0.657323061142326,1.84704856921794,2.38607139955974,2.89373766247351,3.55337410558017,3.77684924047593
"2012-03-28",0.104374939273019,0.109988875258204,0.141669296318951,0.267102679759377,0.650182969527816,1.83158128995711,2.370487704053,2.87892503727744,3.54012166898485,3.7641559034026
"2012-03-29",0.0946018631538596,0.106153130054102,0.143365212572254,0.271215417933261,0.642105559056243,1.78243553434874,2.31307242843382,2.82182670373086,3.49308611884675,3.72142593823718
"2012-04-01",0.0940588704516804,0.107941407642134,0.147719490362632,0.278270263586756,0.649498169440601,1.78634110024846,2.31800028087293,2.83016249287134,3.50902167900402,3.74025660997914
"2012-04-02",0.123030580267494,0.116501501617832,0.132842814387953,0.235979528126766,0.596920250129792,1.7787753331037,2.32829507613146,2.84923494865628,3.52826574536084,3.75842882647611
"2012-04-03",0.144770691067304,0.130684565855395,0.139096308191008,0.235264816740534,0.600843611027319,1.81419897585744,2.37215687083963,2.89569959050988,3.57199694898947,3.80070936850219
"2012-04-04",0.12313815574759,0.118508854786481,0.13802996251068,0.248306901785532,0.624538433748454,1.84380408154146,2.40891375129276,2.94420917424757,3.64168527929947,3.87808600811828
"2012-04-05",0.129877382230386,0.123523834618821,0.140817360411608,0.247696497335008,0.620033653503183,1.83698515895551,2.40250697837275,2.93854239591174,3.63720303787189,3.87401726649684
"2012-04-08",0.125220195300849,0.124396063290252,0.147995830900747,0.262140218413618,0.636959484328323,1.84199430321367,2.40321690505113,2.93748206902758,3.63681506535841,3.87413700858016
"2012-04-09",0.118994064041356,0.116294994389092,0.138926994243335,0.255580037560449,0.642594737355538,1.8715941694748,2.4333565388691,2.96163891337953,3.64613359897398,3.87782245814236
"2012-04-10",0.115494979167448,0.114624693123698,0.1380480286554,0.251553264597799,0.624484890261467,1.82374943319832,2.38232890652215,2.91408857379103,3.61014886005472,3.84636058174792
"2012-04-11",0.129193533011839,0.120444906271541,0.134049830030415,0.233426420840489,0.59134167928481,1.77651690804695,2.32946620657508,2.85409988367032,3.5382242096326,3.77012898005151
"2012-04-12",0.120225792313793,0.119832871046391,0.144915103081545,0.263644039678045,0.647925027302809,1.85521228962554,2.40517613196594,2.92192864940697,3.59121633963563,3.81774376758732
"2012-04-15",0.115813326288797,0.118605722204578,0.14929878941282,0.280636654038085,0.688636426971779,1.92575618980073,2.47464811897581,2.98329371209421,3.63523369583595,3.85536195739113
"2012-04-16",0.111083392771957,0.118799503763766,0.155024091223605,0.292551484716902,0.702486869022427,1.93175346392038,2.4793412601566,2.98919264878,3.64542695127062,3.86723295924724
"2012-04-17",0.121472272114014,0.125180247518066,0.156833714254894,0.288945185100181,0.695739951058971,1.92415698383728,2.46846023988503,2.97268994368239,3.61887358686413,3.83705344067025
"2012-04-18",0.110078068324566,0.127745623693486,0.176515977316775,0.3322264153254,0.760178824364346,1.98978907718054,2.52952651433574,3.03021832507071,3.67354427631118,3.8909299177384
"2012-04-19",0.107253515495642,0.128162182277037,0.179945153864905,0.337124476228775,0.759950977751362,1.97836140294307,2.52119869194195,3.03024589699853,3.69027469026067,3.91380608040878
"2012-04-22",0.104865397269306,0.126153460954496,0.178475176714516,0.3366296621063,0.761049924397768,1.98230477091305,2.52612611504755,3.03602674725724,3.69711792326763,3.92100668922598
"2012-04-23",0.11926257201784,0.141385334339117,0.19220213593248,0.340816120018974,0.736472634961381,1.90213449232604,2.4396623040598,2.9554975207679,3.63785221409551,3.87019297555974
"2012-04-24",0.113253526963959,0.11756763866573,0.146771283524038,0.266450282989417,0.639546121571382,1.82031796933038,2.37140835941631,2.8982856542796,3.59095281234701,3.82630491331789
"2012-04-25",0.127665011824616,0.117866580967136,0.131819761274319,0.236455931392305,0.611829186193157,1.8316383697333,2.3890546398256,2.91130323324047,3.58545723800652,3.81342071876048
"2012-04-26",0.0791301872745317,0.0740317682456091,0.0941957824934909,0.208749807145468,0.596899441653824,1.83011499779515,2.38979014828906,2.9132835661902,3.58852065927454,3.81682360707265
"2012-04-29",0.0949861700418489,0.0845224774296818,0.0976324457178274,0.201032020072164,0.575133308870925,1.79470996832448,2.35255663684686,2.87532941213083,3.55023275258396,3.77845333490045
"2012-04-30",0.0828421052587139,0.0873417702024811,0.117874792317188,0.242480219680679,0.627473670912059,1.82141546536591,2.36704938689255,2.88207446041132,3.5519903641312,3.77898728140112
"2012-05-01",0.138526033236146,0.116538719911389,0.116713245462572,0.205693557910539,0.575601715031005,1.81574826170588,2.37833685518393,2.90036600413022,3.56851861047898,3.7939875100438
"2012-05-02",0.147647022180349,0.116406006594768,0.10477728190212,0.176187612655235,0.527082365986524,1.75898690550593,2.32489877886285,2.85151696942906,3.52640114125165,3.7541824771496
"2012-05-03",0.12684427101859,0.0991514500983057,0.0906963951033107,0.162965062495772,0.504764010977728,1.70528599927324,2.26158661844778,2.78241835525501,3.45311191926258,3.67972750901122
"2012-05-06",0.14423329060753,0.114252494367151,0.100466040046584,0.158184168148301,0.468732912760838,1.62727671084027,2.18615933865201,2.7207166850294,3.42048367423859,3.65783824210963
"2012-05-07",0.144654072896541,0.124190632215247,0.120848371941904,0.189231874950166,0.498600110404254,1.62315046393269,2.17038857349866,2.69912277410138,3.39789669966403,3.63553689484394
"2012-05-08",0.141423714757643,0.129837444806729,0.139250042097788,0.230570491993765,0.574095846870769,1.73017004115538,2.27215719946085,2.78700178131746,3.45874600382453,3.68647513516969
"2012-05-09",0.138791985763587,0.11417955936231,0.108345589935351,0.180737866638143,0.512685260542209,1.68044347399475,2.22632708160886,2.74053189636403,3.40596203554903,3.63106039848872
"2012-05-10",0.142924960796805,0.11642044970976,0.108824252654117,0.180296251442723,0.514783708337526,1.68636818435641,2.22885460516069,2.7366656464628,3.39054111266179,3.61147165502078
"2012-05-13",0.121264288035814,0.103287590639829,0.107756224603659,0.200156263703449,0.562698878336141,1.74414541927243,2.271304908509,2.75664984797313,3.37447383106419,3.58272376007482
"2012-05-14",0.117631528824888,0.0978065789594471,0.10122014851159,0.195714766659529,0.569756096294713,1.78001977113389,2.3144095558387,2.80332050516487,3.4228161198195,3.6314291512911
"2012-05-15",0.123172987880698,0.0983950641890222,0.0965355049982058,0.185968508815245,0.560764850849005,1.78190851985746,2.31734004326681,2.80444479514115,3.41900528402598,3.62577318305848
"2012-05-16",0.127119603529785,0.102058026265468,0.0990084362814683,0.18454316101166,0.550835514017585,1.76486053189566,2.30453167712811,2.79901693945256,3.42597800082073,3.63712282773674
"2012-05-17",0.128750256050497,0.0983595845651947,0.0885984623354998,0.164396779273165,0.520861113532472,1.7329551847323,2.27552419687467,2.77342976640583,3.40514138494248,3.61790441743572
"2012-05-20",0.128813559121634,0.0990775446932393,0.0884989238844212,0.158738613253086,0.499935409955439,1.6943636294664,2.24264296122989,2.75276520339274,3.40645925032052,3.6270862991656
"2012-05-21",0.155994556496975,0.108881316955444,0.0778780956175359,0.122287990874564,0.445286793849817,1.64353708879851,2.19185151166079,2.69744512165758,3.3402157402806,3.55676125634353
"2012-05-22",0.151436538596744,0.109848837404034,0.0844331956568189,0.133044727930813,0.450188959541357,1.61880112220079,2.15749461629055,2.65707851034094,3.29504114734184,3.51017173891747
"2012-05-23",0.149170106147751,0.112371452447321,0.0888258383580507,0.128011908374724,0.402800731239242,1.46120850410315,1.96763172180764,2.44723408064109,3.0694204511146,3.2799688059488
"2012-05-24",0.127552863916296,0.0905584693161318,0.065649640685051,0.0998953070036457,0.36334594377467,1.41341711579758,1.92838595457796,2.42284419940308,3.07130718925308,3.2913243978541
"2012-05-27",0.134696104524898,0.0874795984863007,0.0514782469651789,0.074787475608995,0.340847190848503,1.43034404196041,1.95915351742029,2.4615730544075,3.11432124240238,3.33526063040483
"2012-05-28",0.144716041142805,0.11037271743507,0.0876214179805893,0.121729849966337,0.37728941538483,1.4117649160074,1.92930923629189,2.43270939639497,3.10019898787815,3.32732704777617
"2012-05-29",0.141495385982814,0.114659529963474,0.101807464758026,0.151357078195178,0.424193906515015,1.45700782739096,1.96111067765753,2.44656634385187,3.08560341844131,3.30266603309653
"2012-05-30",0.132103465804011,0.0989572804541348,0.0751598928976237,0.100148293689031,0.325336370952111,1.28725351204584,1.78613948577997,2.28159921000783,2.95043194118253,3.17915838665593
"2012-05-31",0.143899955286448,0.113449952668651,0.0891509805392984,0.101768821102743,0.28208439288508,1.13790488201068,1.61543364272601,2.11163050283494,2.81073169579879,3.05314737797612
"2012-06-03",0.141594962824138,0.108457733025408,0.0842215723212116,0.107093830790751,0.32523604726441,1.26363355747841,1.75111760565069,2.23544571941699,2.889384450129,3.11302581754043
"2012-06-04",0.131956969629317,0.108704175249627,0.0963007318401464,0.134564438796512,0.363712910474755,1.29464854072493,1.77854425037397,2.26314177741304,2.92349998893223,3.15003485573595
"2012-06-05",0.133005070201756,0.102128983313956,0.0819480303861138,0.114385536646382,0.352927617044476,1.33324605543544,1.83303418262466,2.3252512031678,2.98513114846624,3.2103620319842
"2012-06-06",0.119955670810785,0.106612787734556,0.109156454493339,0.176655825462482,0.45751207743538,1.47810948537621,1.98574728301424,2.4846701704045,3.15456105294064,3.38342197080459
"2012-06-07",0.133066429296273,0.104686911057562,0.0902660793138585,0.138772551805213,0.414635805639851,1.46629822299061,1.98053205334173,2.47595818769601,3.12825677354338,3.34983160046246
"2012-06-10",0.127032322687992,0.104470042681437,0.097167679103549,0.155544566835513,0.441008883345059,1.5009352916938,2.01970919596405,2.52164977708638,3.18547694092453,3.41125920247724
"2012-06-11",0.109792921951833,0.0911030761971632,0.0897481986768065,0.160192966823592,0.468858635085629,1.58040483028548,2.11991443942005,2.64084912531863,3.32909763719475,3.56314574528969
"2012-06-12",0.112222113389889,0.0929431067520296,0.0910686848047677,0.161490451023131,0.472552453678196,1.59541506064595,2.14078071963935,2.66745631127503,3.36334624731954,3.59999620213458
"2012-06-13",0.0967963991561196,0.0906006556344763,0.102984021823401,0.187619325872786,0.495846111726159,1.571970289499,2.10455670003537,2.62925598372349,3.33633237544721,3.57821414299016
"2012-06-14",0.107756279925985,0.0858254182552187,0.0787792379516882,0.136268960099271,0.419276059956034,1.49005063228435,2.02457881408192,2.54829346277643,3.24855811024653,3.48746063860377
"2012-06-17",0.105887775075439,0.0843798200343895,0.0775376498150074,0.134497080862588,0.415539871221966,1.48899454601685,2.03034810059429,2.56427490929065,3.28246967311107,3.52791557543463
"2012-06-18",0.115786953430137,0.0905531993452539,0.0804520428370153,0.136915024177814,0.429013716342046,1.53877940284872,2.08941461164853,2.62606824539763,3.34005808079742,3.58328861900177
"2012-06-19",0.109871794616862,0.0907916295470432,0.087935986242655,0.153431656703783,0.450682276993199,1.55052524347871,2.09624029982822,2.63010500913878,3.34338894082312,3.58669929915963
"2012-06-20",0.0973384349439758,0.0772576390133804,0.0719879663725763,0.130699148063099,0.412852247638213,1.49175047581108,2.03986603015395,2.5835321927794,3.31879334205379,3.57048766138758
"2012-06-21",0.0915125837792491,0.0814325739203065,0.0868256424460231,0.155217381512061,0.431002344075097,1.46045850056881,1.99386077497052,2.53352859165387,3.27868823042823,3.5355517031284
"2012-06-24",0.0984473812417015,0.0800630893839966,0.0752896120877595,0.129893321214881,0.394886583174127,1.43485287421478,1.97785373386483,2.5263640220628,3.28114677929291,3.54094957854191
"2012-06-25",0.0961090189733775,0.0811552021708625,0.0805833804391961,0.14100611059893,0.411595821524137,1.45686630551635,2.00379649983616,2.55860108758838,3.32577781950568,3.59031131428201
"2012-06-26",0.0837646018518464,0.0735119049516135,0.0790699534189541,0.14898083848437,0.430663543852739,1.48183680565867,2.02644641328654,2.57744093125805,3.33823073696597,3.60048139204215
"2012-06-27",0.125924276600834,0.0962559526765113,0.0790207043705238,0.120893759839333,0.388575135894883,1.48125791999238,2.04590063801479,2.60836366594336,3.37075498226498,3.63184735225651
"2012-06-28",0.134336413357213,0.0954524049460171,0.0683835234872576,0.10113563905337,0.373122097962129,1.5013565521799,2.07356804646285,2.63421839797024,3.38211555869556,3.63701500140168
"2012-07-01",0.127156903537327,0.0953647784812146,0.0749384806752968,0.11051527848369,0.366458261369763,1.43352075980409,1.98780203489742,2.54065771602785,3.29053226353524,3.5473707965692
"2012-07-02",0.1248995288185,0.0938252535132692,0.0722666678021104,0.100311731145377,0.333395740247255,1.36027908960271,1.91610678928658,2.48492188549118,3.27530107620252,3.54811082832245
"2012-07-03",0.115462907327272,0.0806437068813923,0.054820929722451,0.0780587043691284,0.310254619220858,1.34955071970128,1.91034017684823,2.48160306025979,3.27129604677431,3.54336794011264
"2012-07-04",0.208732226215695,0.152126590843348,0.0985656796799159,0.0807729013312068,0.269822143748887,1.29757490440751,1.87042699948521,2.45627952636099,3.26564843014264,3.54425067860101
"2012-07-05",0.230994891290294,0.159865477492786,0.0858147835672617,0.0317559965911738,0.166064974686171,1.1278390747692,1.69592639198766,2.28964833574931,3.1240471677525,3.41272528469247
"2012-07-08",0.213722427166001,0.147176483017316,0.0792698406496805,0.0352640124610824,0.183096761131721,1.16004756970445,1.73064983517956,2.32546229211708,3.16024715051056,3.44897758570319
"2012-07-09",0.0819576093536726,0.021250663012731,-0.0380666422460658,-0.0658519858457356,0.109245359155881,1.12872884194706,1.70811039399071,2.3057852852977,3.13756803276808,3.42453071071094
"2012-07-10",0.0753290551281,0.0197840806521257,-0.0348047640086445,-0.0611091942898958,0.100119247982342,1.06837191441651,1.63363865045377,2.22759719344585,3.06962005686636,3.36198332551735
"2012-07-11",0.0780496622190305,0.0150370295445627,-0.0494549903201457,-0.0916166126388103,0.0493974153842875,0.999719733400153,1.56458926265897,2.16066872098478,3.00767149466842,3.30191104411891
"2012-07-12",0.0855642542070991,0.0210606315691241,-0.045016116298671,-0.0886683229965073,0.0526614934553016,1.0039706533761,1.56528034155107,2.15422329121894,2.98608906009418,3.27444667237793
"2012-07-15",0.0789826715624755,0.0139900414305067,-0.0540156719545307,-0.104451083555745,0.0186339260579997,0.930095277410171,1.48294049553922,2.07144969996192,2.91417434394231,3.20768984158914
"2012-07-16",0.0796364799834083,0.0248199762975876,-0.0322028722562604,-0.0724740316627315,0.0433310524780424,0.890594273192572,1.41805724896967,1.99202827228117,2.83429565212861,3.13049728589486
"2012-07-17",0.070850160698759,0.0182479990121829,-0.0357668538875511,-0.0709962380662109,0.0519342215119314,0.908314641556534,1.43774230731563,2.0128802657007,2.85604510333741,3.15249463207002
"2012-07-18",0.0558771634233712,0.00731896982312141,-0.0419269257093587,-0.0713139239354635,0.053955227743423,0.89599492540721,1.41709000915151,1.98543702514272,2.82307425639709,3.11826935777242
"2012-07-19",0.0574916036170145,0.00201007390428981,-0.0555578005812624,-0.0957682882453778,0.0222843264083381,0.873983716367917,1.3996503235597,1.96827759966581,2.79734916730657,3.08816133331131
"2012-07-22",0.0536443951332599,0.0208514812344663,-0.00809866784976632,-0.00689907590234362,0.151541672175314,1.00089191558574,1.50907171080436,2.06066997900758,2.87380248551664,3.16069684919676
"2012-07-23",0.0378652352727094,0.0154505653995587,0.000407427064542054,0.0243013426733428,0.212837899502929,1.0922348824896,1.60248336310041,2.15182947065486,2.95769442078742,3.24167993882837
"2012-07-24",0.0286101264357132,0.0106765112294579,0.00163884580450541,0.0353354141187135,0.23687989654491,1.12929996705435,1.64046873726001,2.18887107227598,2.99163966147574,3.27438382917934
"2012-07-25",0.0285963023515879,0.00218567859169821,-0.0178433143304144,-0.00102798341035293,0.180813214742535,1.05928788154868,1.57017870937447,2.11861243363365,2.91939029427378,3.20095735918847
"2012-07-26",0.0359471521566718,-0.00184513842794909,-0.0362343307476817,-0.0401297714528038,0.122208651400458,1.00928029250349,1.53558679065967,2.1015127413,2.92627846812837,3.21585197368663
"2012-07-29",0.0474536371505016,0.0042153689533001,-0.0373628459916432,-0.0526456182738485,0.095668001348187,0.973166834061392,1.50154090368115,2.07181691311214,2.90472876477593,3.19731349659018
"2012-07-30",0.0442528707667506,0.0027720257264115,-0.0376047535253171,-0.0543560960699052,0.0825319845473624,0.920291575832346,1.43413221115144,1.99543593291377,2.82600109462326,3.11931903911541
"2012-07-31",0.0431903207376193,0.00281668030063725,-0.036719876637734,-0.0539253370330668,0.0778516733214663,0.902548316912784,1.41642338300501,1.98405098356693,2.83462364551409,3.1366382762842
"2012-08-01",0.0349457849596041,-0.000202237920976012,-0.0336441668622696,-0.0436253492946638,0.0901047905751409,0.893496580697112,1.39629804562058,1.95624707847775,2.80461648498971,3.10743569508393
"2012-08-02",0.0635751705233347,0.0178304336863948,-0.0285242638084213,-0.0557495125201719,0.0656645772295525,0.887269326063703,1.40273020614539,1.97108070990437,2.81928946162692,3.11981487477414
"2012-08-05",0.0620192430959154,0.0158029853733614,-0.0307767857526171,-0.0571900197336175,0.0683762154214271,0.901403288466162,1.41919337888106,1.9867010613285,2.82809434237395,3.12537963969329
"2012-08-06",0.0685569247005584,0.0233309359975777,-0.0217569610501402,-0.0452028739726886,0.0860235407768855,0.932303321319404,1.4559518697992,2.02923309914247,2.87862353572424,3.178685573389
"2012-08-07",0.0578218046480582,0.0122240943031922,-0.0334678177934948,-0.0582415718417608,0.0701160324137151,0.908649614781846,1.42858836835793,1.99810431506478,2.84217369886538,3.14037836771651
"2012-08-08",0.0651239447649415,0.0172588873820512,-0.0313906478216068,-0.0607302284204075,0.0624162701810531,0.899465543722193,1.4217213874516,1.99465853549453,2.84456656966484,3.14490070661199
"2012-08-09",0.0797368309871652,0.0272610325943255,-0.0272994375842948,-0.0655702632595405,0.0472262393906222,0.873702456023398,1.39166972996103,1.95834951593406,2.79502101702068,3.09000252563404
"2012-08-12",0.0558012229522011,0.014539011923242,-0.0259700829505927,-0.0441798443275696,0.0874757246423827,0.91159462627569,1.42213214996146,1.98326918527571,2.81913825243996,3.1151522494414
"2012-08-13",0.0828564935748943,0.03609588813138,-0.0106381666929105,-0.0357393846076919,0.0950236267082902,0.935193011582654,1.44818560188146,2.00377981896718,2.81687256749664,3.10263085835041
"2012-08-14",0.0544525889673114,0.0134797400238035,-0.0254369538494786,-0.0375774142573118,0.111058798209521,0.972301305645342,1.4889487998737,2.04604402169702,2.85926116383528,3.1448905155975
"2012-08-15",0.0551882731919247,0.0139467298293033,-0.0250441771557549,-0.0365381269386637,0.114598221416149,0.97875768778782,1.49261073137079,2.04341100343378,2.84231947961786,3.12221208050814
"2012-08-16",0.0843902641460304,0.0262827173482901,-0.032505854799209,-0.0682989483120346,0.0709794838215769,0.969918920839082,1.4970334240463,2.04929340593315,2.82873360612496,3.09887396253983
"2012-08-19",0.051001340624771,0.00752405683736457,-0.0343809855048919,-0.0503713140445843,0.0956129288313441,0.957969894352478,1.47375965435933,2.02744411586835,2.83120988167692,3.11285931295433
"2012-08-20",0.0494450521323486,0.00348629598402705,-0.0406948099060728,-0.0573703851323344,0.0955801657880848,0.984278743505078,1.50736438689276,2.06243660066216,2.85828334458763,3.13582032035397
"2012-08-21",0.0690444189553766,0.0245624869843808,-0.0180409040980635,-0.033418595724986,0.117225767860836,0.98673610834119,1.49792641617094,2.0402191280763,2.81761662947528,3.08870988823375
"2012-08-22",0.0433226837281049,0.016346066182122,-0.00648398795438587,-0.000373142911045843,0.149985541709541,0.942696732536451,1.423531055417,1.95279129865475,2.74655617028366,3.02879267439582
"2012-08-23",0.0335792208121729,0.0138451261404207,-0.00060667345538451,0.0152185748953229,0.167509379416141,0.930657900707098,1.39824200687093,1.92118723479147,2.72275081410394,3.01083487061321
"2012-08-26",0.055569349992363,0.0293387675033452,0.00710932732828129,0.0130056369089357,0.159743375673682,0.938819601505401,1.41471627909577,1.94131346320292,2.73601185160472,3.01937802409351
"2012-08-27",0.0423277778793358,0.0193733309260497,0.000991199394040465,0.0115813668781868,0.160371858246204,0.931728190530844,1.40550201135459,1.93399817536906,2.74032438949975,3.02938302680013
"2012-08-28",0.0408426380661271,0.0199355118522352,0.00480155042330155,0.0222445762735066,0.184703123045278,0.985847972861391,1.46991863894907,2.00578577543803,2.81712743428916,3.1070373450754
"2012-08-29",0.0578919447442605,0.0211160474995428,-0.0134353503626137,-0.0221001153862211,0.121625786327088,0.955086918696204,1.4644449424785,2.02234824788063,2.85168624646087,3.14523527627551
"2012-08-30",0.0576720195884493,0.0202988390287865,-0.0152421837487945,-0.0260118833596222,0.114008854524202,0.945503081632313,1.45883672230751,2.02452234916735,2.87097828455744,3.17142203294275
"2012-09-02",0.0480709288654238,0.0122416818228949,-0.0207043464562037,-0.0256589275304629,0.126529440815862,0.984145752753382,1.5054356954917,2.07561035019609,2.92248173898755,3.22217385149025
"2012-09-03",0.0429589236541519,0.0164107573423924,-0.00555811089345493,0.00311082559988185,0.161859523216081,0.996143448176962,1.50747850675744,2.07574005784106,2.93823275868485,3.24662325962062
"2012-09-04",0.0451343278339822,0.00833943655550184,-0.0252867019828622,-0.0294988643497678,0.128949397254787,1.0099649239013,1.54092272842528,2.11832853891633,2.97045585312628,3.27119162596941
"2012-09-05",0.0324962094736545,0.00110449596367501,-0.0259834624645212,-0.0215435429385544,0.143234673717743,1.01969970602504,1.54932743217509,2.12971225925551,2.995231977604,3.30217678824982
"2012-09-06",0.0697345438433363,0.0353735581459725,0.00373581150264646,-0.000978137404892054,0.146704799517519,0.989844672726336,1.50954662755491,2.08402388853523,2.94784181262539,3.25519437554866
"2012-09-09",0.0669530050074999,0.045548716656779,0.0297054692279847,0.046138637767577,0.209369100569809,1.03546971059261,1.54537433983982,2.1186621230778,3.00298672789072,3.32179207936939
"2012-09-10",0.0432880878475095,0.0260215551122115,0.014477697055119,0.0341378103048424,0.190753209806372,0.975572393406511,1.46818182069744,2.03148347102997,2.92039315518596,3.24469095955406
"2012-09-11",0.0529022997831481,0.0372020731150097,0.027631463211332,0.0501664057193737,0.209835875726736,0.997934334026269,1.49315773102963,2.06139725356037,2.96292813987205,3.29284439395609
"2012-09-12",0.0511699976880404,0.0380847655789167,0.0316573322646585,0.0581744901759667,0.219534236008185,0.994907261629076,1.48089084714532,2.03963089615701,2.92969762446974,3.25625246888307
"2012-09-13",0.0499098826313047,0.0407295566667564,0.0397199222814432,0.0756685271966925,0.251401876359932,1.04893211597965,1.54128281999181,2.10480322701676,2.99975640676161,3.32779580511405
"2012-09-16",0.0503231167061861,0.0394115465337297,0.0366170124063363,0.0712931492366803,0.250119646708722,1.06639691805945,1.56674022743145,2.13494811157433,3.02748831725548,3.35266189408763
"2012-09-17",0.0485082047992433,0.0374478284668027,0.0343347234376662,0.0680970959766792,0.244386156891834,1.0518347551737,1.54722125472173,2.10995267205271,2.99405097389658,3.31616656458304
"2012-09-18",0.0442540995612737,0.0313838111277173,0.0261833573778486,0.057591720395674,0.233928027692058,1.05296925978251,1.55511570876215,2.12378024749887,3.01287475546317,3.33591891233873
"2012-09-19",0.0437080382934116,0.0319800945737235,0.0281407709045132,0.0612793444843064,0.238657243500204,1.05652788667346,1.55920304437566,2.13051396721643,3.02840674532449,3.3555828346538
"2012-09-20",0.0510773101690567,0.0337640580338982,0.0226929016230923,0.0448180863938733,0.209969510226287,1.02428263778272,1.53111172333327,2.1075874246949,3.01149490773683,3.34020145000607
"2012-09-23",0.0526610912580312,0.0359363725268503,0.0255867431791212,0.0486644281170441,0.214305002422708,1.02528515142829,1.52917097395109,2.1020158206295,2.99993789804352,3.32643643844386
"2012-09-24",0.0575882480389333,0.0404999744462215,0.029700988255172,0.0521722713232881,0.217446186118353,1.03022791303856,1.53578091344179,2.11069993125294,3.01205791596373,3.33982565812102
"2012-09-25",0.0587082735732313,0.0420589781673224,0.0313029679902455,0.0521152643882155,0.209788854150332,0.993254698299875,1.48401335935745,2.04487040661091,2.92957965983012,3.2523076276323
"2012-09-26",0.0536176457077782,0.0368054400648176,0.0258926306134514,0.0466536783990644,0.204955363250319,0.992418149162448,1.48581337309055,2.04972723660723,2.93930399764233,3.26381253546201
"2012-09-27",0.0488060393607085,0.0228146039001415,0.000491880616335483,0.0053686023925652,0.150620279696188,0.95201648694771,1.45869206871048,2.03398050302182,2.92969228886127,3.25388589888534
"2012-09-30",0.0610979514842335,0.0418826726358115,0.0276024570210095,0.0424752268686667,0.192179799033598,0.972294771887896,1.46886727440358,2.04077106805231,2.95035766923791,3.28347106937498
"2012-10-01",0.0656597101665162,0.0455955106803251,0.0301933755435715,0.0432923757489314,0.190866319294413,0.970166700748515,1.46772629102041,2.04126102865382,2.95396315944676,3.28827535869675
"2012-10-02",0.0465416367019116,0.0200205391734654,-0.00265354534046369,0.0027365908227609,0.151775271965793,0.966729500757715,1.47838897423089,2.05636050439359,2.95059321709111,3.273243961026
"2012-10-03",0.0523324523932633,0.0360032268382487,0.0254493417933069,0.0459175462677323,0.201301435801791,0.977875294621437,1.46734448349125,2.0294759332848,2.92184013815792,3.24846005735026
"2012-10-04",0.0593715284858543,0.0407676086863048,0.0274204470502508,0.0441082114087469,0.196723056401737,0.977624406802108,1.47020116875708,2.03426088412768,2.92519742626566,3.25032533201459
"2012-10-07",0.0499078646192448,0.034265413582008,0.0244079592170358,0.045333283052845,0.199387477291525,0.96879555141785,1.45571193844963,2.01710219864189,2.91308561327284,3.24200268045513
"2012-10-08",0.0633067508843977,0.041333887887829,0.0233376827051974,0.0320117224067589,0.172660531341079,0.936117670711574,1.42414158696871,1.98509191191364,2.87331129813873,3.19768687704208
"2012-10-09",0.0564055000851931,0.0361963054570473,0.0200197086256524,0.0299988788908896,0.167545462266217,0.912266161113692,1.39246787901429,1.94909642247669,2.84067236313319,3.16833135893714
"2012-10-10",0.0499047260779725,0.0301505926550754,0.0145474894210211,0.0253389365040251,0.163526574567873,0.906636594530247,1.38507674329449,1.93942599794083,2.82709819857367,3.15329413643478
"2012-10-11",0.0489406495758425,0.0298955839425764,0.0149252006898167,0.0257607147102747,0.161034143435845,0.890549988792821,1.36272536019705,1.91230002704428,2.79770371153304,3.12416480007846
"2012-10-14",0.0494987841289729,0.0314341368080827,0.0175029634688779,0.0291797857966432,0.163003690263405,0.881951843855731,1.34896638332871,1.89468529797864,2.77885568433389,3.10592160003706
"2012-10-15",0.0368575540875005,0.0225281111856153,0.0138136812786844,0.03468167419555,0.182860009245258,0.925399732719497,1.39989836405201,1.95173488426044,2.84294472088325,3.17228135809219
"2012-10-16",0.0300495146042487,0.0209654148002787,0.0191830486405797,0.0510641198948995,0.212971846610238,0.966542516368643,1.44098991608049,1.99187522335168,2.88315933274801,3.21319880690093
"2012-10-17",0.028016493059493,0.0195256200292452,0.0191056910224561,0.0549013241343166,0.226617999751973,1.00148200760409,1.47908663937908,2.02547114172072,2.89293128148027,3.21086170181836
"2012-10-18",0.0214106933059587,0.0122891354993975,0.0109414836829313,0.0449527051956177,0.213406527559646,0.980874706460735,1.45517168196704,1.99820181436069,2.8608002594241,3.17700140449873
"2012-10-21",0.0383455429110438,0.0282088890794961,0.0255165597396256,0.0573917432362138,0.223247186218963,0.989570468930705,1.4649679379295,2.00987736425497,2.87612915046417,3.1937451772353
"2012-10-22",0.0497654717992616,0.0365336409738217,0.0301682855406379,0.0575011376991195,0.221540515130465,0.999546583257534,1.48125807002094,2.02992724994403,2.89347974919508,3.20827920643911
"2012-10-23",0.0546708912793227,0.0367482684590613,0.0244511115295388,0.0432249971922715,0.199402026348035,0.983384021080167,1.47344000943713,2.03152372364102,2.90730089676268,3.22585392427077
"2012-10-24",0.0555173814251097,0.0365322087504636,0.0231193840645902,0.0410139425429659,0.198752124394701,0.993167897080832,1.48778093437819,2.04871384549184,2.92399213639152,3.24141004547979
"2012-10-25",0.0527058816399994,0.0335457474116558,0.0198745274766493,0.0372692179508626,0.194086564244186,0.986404170573508,1.48008261919733,2.04007494611762,2.91400693014471,3.23094941524349
"2012-10-28",0.0595547010649531,0.037086515886273,0.0193122261967764,0.0310273710333682,0.183311893656417,0.981470260002948,1.48054518191196,2.04547473034426,2.92333206879297,3.24088502111008
"2012-10-29",0.0685967242297254,0.045412459239843,0.0266223240259575,0.0364973663184217,0.185748222539471,0.978237254079797,1.4751899285008,2.03816503952263,2.91343375026972,3.23009675127363
"2012-10-30",0.0675807684343052,0.0444457772371427,0.0257568263596618,0.0359125831077473,0.185921266195859,0.980966014732371,1.47931979568269,2.04381889940013,2.92139370470675,3.23888447414335
"2012-10-31",0.0616280016380543,0.0383348913953019,0.0193302732559986,0.0286297108901261,0.176365065352766,0.963833797888771,1.45805380683739,2.01806361160677,2.88885256985032,3.20390835128451
"2012-11-01",0.0587429577061817,0.0347558362567977,0.0149031087381451,0.0230911749935057,0.170280919677575,0.961699372005981,1.45933598387846,2.02351130083725,2.90107160350122,3.21860774240488
"2012-11-04",0.0629929387494737,0.037723827663445,0.0161131273100193,0.0213057953701851,0.164129508047998,0.949599073859098,1.44587085032317,2.00924253491365,2.8862962968548,3.20372608690817
"2012-11-05",0.0670004818395053,0.0427440068140817,0.0221503373579905,0.0279645468697968,0.168603099662387,0.942026088760745,1.43310275885344,1.99308515185143,2.86999311063605,3.18833057735458
"2012-11-06",0.0718377355893382,0.0416046273785132,0.0132926439678797,0.0074078222794256,0.13518225650039,0.904939095945911,1.40016952788245,1.96512742714476,2.84741453780758,3.16702419550376
"2012-11-07",0.0819078044563043,0.0470137611243573,0.0127427857543689,-0.00199951389073216,0.116487172467556,0.884466847744742,1.38245067387453,1.94985577500946,2.83254949320893,3.15152547025048
"2012-11-08",0.0844111190814798,0.0508113327026206,0.0176169199693562,0.00264626556660352,0.115216912387052,0.860319969444947,1.35031233602876,1.91437627474445,2.80305600655578,3.12623276351896
"2012-11-11",0.0853183821420362,0.0510378521519003,0.0168535422851178,1.43005639955396e-05,0.109274706599861,0.847295392244104,1.33428194754384,1.89538759191481,2.77990953700259,3.10162685755176
"2012-11-12",0.0762561641305316,0.0463572198991767,0.0171856137083002,0.00591352202015205,0.115055302231407,0.829449006093691,1.30550273840902,1.86077030434981,2.75128202806181,3.07822822109611
"2012-11-13",0.0669479558813646,0.0395706545659039,0.0137327721919494,0.00780640299909918,0.124041633634234,0.84866321232208,1.32946210369559,1.89123367102009,2.79578978808246,3.12875184560723
"2012-11-14",0.0603041147076749,0.0351086847814412,0.0116135110672172,0.00777521984826635,0.122025542490995,0.832709809283526,1.31072120750424,1.87645726662898,2.80374567722821,3.14853885645945
"2012-11-15",0.0693399087598395,0.0418663916072127,0.0153202490825389,0.00652659154453439,0.114383899680149,0.820427935831061,1.29980812155705,1.86863715506897,2.80261088404349,3.15007913282515
"2012-11-18",0.0706350694201112,0.0446505150492108,0.0199039952661511,0.0134486020208682,0.12267869576588,0.824795393145728,1.30208825119228,1.87030683471878,2.80821407634345,3.15827866707755
"2012-11-19",0.0616045415791594,0.0417591614271968,0.0256126077177293,0.0343243657077016,0.166899784136297,0.902123448775134,1.38520691426822,1.9531949276918,2.88006018334766,3.2242140453491
"2012-11-20",0.0640817879557356,0.0433297295680968,0.0262935307916414,0.0345781543589531,0.169736738975309,0.919511874913045,1.410016292792,1.98434514455702,2.91613862430921,3.260968221779
"2012-11-21",0.0730204199328227,0.0494717411887834,0.0287736446365727,0.0313886746410074,0.1601886545229,0.910288805684927,1.40605588548683,1.98822732238841,2.93457786303056,3.28500701848719
"2012-11-22",0.0571413801982184,0.0353759758940537,0.0165639936366366,0.0207635833987406,0.147647973678777,0.886855506320343,1.38195505743649,1.97062032114929,2.94439702802357,3.30867927026388
"2012-11-25",0.0620765021883285,0.0397013249781035,0.0198362337270406,0.0215947319740355,0.143150666728758,0.870543900016843,1.36250971971209,1.95073595555963,2.93046906727726,3.2983817178379
"2012-11-26",0.0728327900198451,0.0488140180547599,0.0267898102604663,0.0251210119155542,0.142172190603705,0.862319029588477,1.34997459572138,1.93158925287817,2.89573179322782,3.25665548772982
"2012-11-27",0.061117580020924,0.0392544907432824,0.0193633328317539,0.0187989607100421,0.13004820135193,0.817574578711477,1.2895158983518,1.85934990975033,2.82064123189925,3.1843358656292
"2012-11-28",0.0806640852954431,0.0537508036139902,0.0273707184858014,0.0170819600514448,0.117998191486968,0.803497083150564,1.27829937446781,1.84979375419721,2.80597339442925,3.16557037482152
"2012-11-29",0.0854237320543251,0.0585282993294878,0.0321462452936069,0.0217671926926979,0.12226186600627,0.805823024130965,1.27939480514182,1.84944506740315,2.80325034652654,3.16195949142114
"2012-12-02",0.0643672457755177,0.0430138080659382,0.0236385229700458,0.0234037815080222,0.133609404720079,0.815650084298596,1.28588076862954,1.85592089962335,2.82313138237939,3.19038431202953
"2012-12-03",0.0833993655451915,0.0569099235410321,0.0309061045340289,0.0206447062181411,0.119904398562056,0.798630163951775,1.27132885422242,1.842789284877,2.80470987059409,3.16777721795426
"2012-12-04",0.057279698175138,0.0275385941302643,-0.00262647724131454,-0.0190516359320082,0.0740081834119395,0.754332128334283,1.231361172711,1.80746086348544,2.7735228024329,3.13710210567288
"2012-12-05",0.133493283130684,0.08059572462736,0.0212035837231391,-0.0373582638962303,0.0161476255142867,0.710523241276074,1.21048727680546,1.80321938770839,2.76052167012694,3.1121665009839
"2012-12-06",0.0828698278799442,0.0381702298714124,-0.0114280874500986,-0.0576021368866121,0.00224122977452268,0.674547794202881,1.16509848435769,1.75825736590492,2.74429523942042,3.11254996292492
"2012-12-09",0.085460403187285,0.038212969276989,-0.0145395496323605,-0.0650522169069414,-0.00854219398371514,0.668868806182643,1.16365963618632,1.76018804790355,2.74673941703138,3.11400485075485
"2012-12-10",0.0675460403470081,0.0265135282429609,-0.0185928705920446,-0.058732238393656,0.00534859353123252,0.670114657084929,1.15593373497527,1.74728948561622,2.74098648671906,3.11459263246902
"2012-12-11",0.0738783148597856,0.0305114661232554,-0.0175054994420846,-0.0617185191091885,-0.00102378074006082,0.667220473955167,1.15623567564511,1.74983972285448,2.74231340498656,3.11424882086698
"2012-12-12",0.0792309149247414,0.0336103667731977,-0.0172308126880926,-0.0654552053142458,-0.00836709821050952,0.661359945783691,1.1520365692366,1.74595501521553,2.73390753932662,3.10295263495247
"2012-12-13",0.0856498492325896,0.0395142273457704,-0.0119189777814454,-0.060855726582591,-0.00427313362626669,0.662945023459903,1.14956460217131,1.73602514555192,2.70569673200346,3.06665222822536
"2012-12-16",0.0791471886891172,0.0354665102550384,-0.0125815582887518,-0.0556937546299682,0.00953998094070618,0.689053350627119,1.17865263798823,1.76691694626813,2.73767673710931,3.09882195104108
"2012-12-17",0.0899614965848777,0.0441998811895012,-0.00606404991676268,-0.0510363839720263,0.0168407157699071,0.715459304161846,1.21304361938674,1.80528725487089,2.77038853428108,3.12691981764394
"2012-12-18",0.0856992281229678,0.0427464279271423,-0.0041440720280001,-0.0448445230398098,0.0248850442654736,0.710582349617171,1.19911241161862,1.78255825281049,2.73854504203269,3.09286007867327
"2012-12-19",0.0853933600662711,0.0424279981645797,-0.00463899745501728,-0.0461590743449068,0.0206724326158856,0.694671100164344,1.17619684267978,1.75167851459927,2.69503772625062,3.04472000725918
"2012-12-20",0.0892325558695174,0.0451851764966232,-0.00354264200285515,-0.0483897592582401,0.0124198622230165,0.677260094678939,1.15866021932158,1.73779008102586,2.69423833589357,3.05014615575199
"2012-12-23",0.082736558589144,0.0315489389088642,-0.0248463872895893,-0.0764839384970331,-0.0086429262199883,0.708961081118572,1.20801093804008,1.7887599235177,2.70706746703443,3.04089642225593
"2012-12-24",0.0823637025142134,0.0204738822890689,-0.0484649630098362,-0.115221220136601,-0.052719971383054,0.70035513191948,1.21473595632,1.80007035955398,2.69847329499882,3.02024084658064
"2012-12-25",0.0896196519967002,0.0272497253537752,-0.0424034232771084,-0.110555739738932,-0.0506583756009369,0.696445435980229,1.20819232901162,1.79091334879413,2.68565321011433,3.00614115415293
"2012-12-26",0.108884991057367,0.0584641112781365,0.00209149931436231,-0.0525479242931322,0.00268930667469136,0.681547675966508,1.16813242883471,1.74437217449845,2.67440306992102,3.01596260674789
"2012-12-27",0.113557438809889,0.0639006346609708,0.00832835614463917,-0.0456573708856592,0.00874909397143298,0.683418917763205,1.170114694345,1.74942957808111,2.69063394855493,3.03752465855449
"2012-12-30",0.0939817799666179,0.0335762765025291,-0.0337604304251468,-0.0990402064685124,-0.0376334984475497,0.706542463855878,1.21832646527753,1.80385946506543,2.70844954473178,3.03342295155316
"2012-12-31",0.0954977831176732,0.0334936428681333,-0.035599014656136,-0.102608082231405,-0.0404468548497212,0.712277292771838,1.22663143894618,1.81199209045958,2.7104866429687,3.03229177672748
"2013-01-01",0.0965470960551074,0.0494607729817253,-0.00200334520850087,-0.0471934452863281,0.0253330201640076,0.743300078920115,1.24728208036554,1.84107176095542,2.79634946254772,3.14685257850519
"2013-01-02",0.0728008317931002,0.0353218877633868,-0.00361504541653429,-0.0293984611113198,0.0660245350066835,0.799711453469201,1.30367794951729,1.89799121029371,2.86073013107616,3.21575541760832
"2013-01-03",0.0679638781721644,0.0369828664460361,0.00652408740707228,-0.00614809604511068,0.104429781922405,0.844798054507888,1.34479696939557,1.93365672247792,2.88980038436689,3.24319504134917
"2013-01-06",0.0703359810663988,0.0376198233591311,0.00473230278464148,-0.0122363468040829,0.0915750869899634,0.820570049674179,1.31683477999192,1.90255162659397,2.85493083641278,3.2070858399311
"2013-01-07",0.0753056785133442,0.0391214113554702,0.00188202635628254,-0.0212636911187225,0.0771609556112223,0.811041396326444,1.31284793212566,1.90390738705382,2.86063533455391,3.21336176922256
"2013-01-08",0.0573420010660043,0.0248804096545747,-0.0062039950035962,-0.0158994352189294,0.109260793158767,0.888299510338968,1.39252982238701,1.96868125726445,2.86936963990543,3.19574005644731
"2013-01-09",0.0658212653529225,0.0357670265395498,0.00796673425987082,0.00381212652134821,0.136871682157575,0.925900836094312,1.43200989497384,2.00891295208773,2.90939251401747,3.23554477799538
"2013-01-10",0.0695754722910257,0.0409791733801929,0.0151007797221906,0.0139716615135986,0.150638816505931,0.941078613756412,1.44563651382253,2.02001778341003,2.9158117559444,3.24018962965369
"2013-01-13",0.0587475591800427,0.0369540100164771,0.0195134886975372,0.0300585662747067,0.175986476318673,0.953837235564042,1.44679255889631,2.01036252090557,2.89700111082298,3.21974664332366
"2013-01-14",0.0746663828360411,0.0501956494264439,0.0293142648297102,0.0346579660277787,0.174674749800337,0.947535095618757,1.43863750722796,1.99876978988137,2.87603441661586,3.19451418773576
"2013-01-15",0.075455041910353,0.0500252789581337,0.0279015970980739,0.0313638300109347,0.169399600876144,0.942923137217943,1.43599610537184,1.99886310556746,2.88090355059622,3.2011689423929
"2013-01-16",0.0761888624143393,0.062305397759755,0.0550771954223497,0.0810399167544392,0.243410420094298,1.0206321865657,1.50299148906261,2.05277518769887,2.91847670719947,3.23410277702817
"2013-01-17",0.0797471906854289,0.0606889090362293,0.0467858509508627,0.0625861945975742,0.213205407169958,0.98003101960317,1.45867573903487,2.00188748012977,2.8499086552653,3.15748351352685
"2013-01-20",0.0680585179446334,0.0525150947082109,0.0435549982124667,0.0680924542014008,0.23199670870358,1.01510265991496,1.49420341951114,2.03319830013334,2.86742606212968,3.16885176454058
"2013-01-21",0.0633551690565706,0.047518478482637,0.0377043055263539,0.0594871329811227,0.216083866732444,0.983010781251336,1.45955939669574,2.00133703550995,2.85057351267775,3.15937045108609
"2013-01-22",0.0631224139425166,0.0454792996165357,0.0330615794808938,0.0500747200661334,0.199068194748872,0.956729409605916,1.43395280609884,1.98020470212583,2.8427776130713,3.15752909124315
"2013-01-23",0.0678851782793985,0.0498452088205142,0.0372752700534402,0.0552226067883396,0.209022706585481,0.984575778669887,1.46988331327652,2.02272825901881,2.89045853051241,3.2061032879952
"2013-01-24",0.0492459817409896,0.0528689399723919,0.0699093171678954,0.137601692253142,0.359378115361056,1.18747196800065,1.65249877308011,2.15792244866808,2.9162530119416,3.18684992181409
"2013-01-27",0.0416890591647041,0.0554903914537994,0.0853618002114161,0.171525921364323,0.41064694694391,1.23241858713923,1.68625196167019,2.18108078633062,2.9310934807419,3.20044121497991
"2013-01-28",0.0342568117683308,0.0488338015311255,0.0798459633037952,0.168134263565547,0.410548956042444,1.23421768541856,1.68524579451193,2.17432643207377,2.91092852803112,3.17466189375337
"2013-01-29",0.0370984868106603,0.0564449274707975,0.0935612858713543,0.190913454161954,0.442618699275541,1.26527164690961,1.71060672179963,2.19296722552626,2.92075282946634,3.18176476270786
"2013-01-30",0.0591111143076517,0.0667177081448887,0.0887928390909457,0.163696732754057,0.391648594470043,1.20979572405971,1.66302555397271,2.15355253537423,2.88748608753025,3.14917311029552
"2013-01-31",0.0457242895470014,0.0545262188411245,0.0776848901217966,0.152871527545727,0.377473811159936,1.18593648320769,1.64017913017619,2.13821970145059,2.89597517710106,3.16840882084889
"2013-02-03",0.0411653302180798,0.048327537290397,0.0694066389792399,0.141594272295967,0.363577677824853,1.17612749959983,1.6354028801586,2.13992003787348,2.90852039431576,3.18495790144378
"2013-02-04",0.0439289162444169,0.0530080204108316,0.076582975567729,0.152663158815413,0.379544340852791,1.1988713715931,1.66166361547368,2.17131780977276,2.95112738133313,3.23229262993616
"2013-02-05",0.0377838582172691,0.0466546648566626,0.0699050012841835,0.145372688963915,0.371547278496558,1.19420241437956,1.66198076555474,2.17962117886115,2.97639247715672,3.26453962222924
"2013-02-06",0.0455137768232464,0.0464574624144471,0.0590147113346656,0.116906621634029,0.319954369295789,1.12586839279949,1.59988867979641,2.1314993780847,2.95950389193539,3.26039274588182
"2013-02-07",0.0456394328802829,0.0422916067650707,0.0495235280388171,0.100012807232597,0.296898207258843,1.10765750865776,1.58597638425394,2.11993461206545,2.94447926181847,3.24258651102878
"2013-02-10",0.0455809983889129,0.0468291046421342,0.0597889798105004,0.118318664479203,0.32213778714463,1.12838505650609,1.6020831407508,2.13315120862391,2.96011753734943,3.26060778230438
"2013-02-11",0.0497312791169058,0.0522995014788338,0.06718184139622,0.129282876585126,0.33888231960177,1.15200274416516,1.62476464233803,2.15163149063455,2.96654249498865,3.26168080969476
"2013-02-12",0.0558108225355853,0.0568324803228697,0.069943494167969,0.130085143246079,0.339854368158651,1.1628962412134,1.64116150736228,2.17258726921049,2.99066592216242,3.28616290162027
"2013-02-13",0.0556570186776532,0.0548901985756456,0.0652491141879269,0.119873765908811,0.319722408051134,1.128317374407,1.6068353851451,2.14451203469677,2.9830524313216,3.28789021902835
"2013-02-14",0.0517783945575837,0.0503689511435186,0.060349501903871,0.115813985742749,0.320891038319995,1.14692160276767,1.63094462956599,2.17015094281418,3.00164270880659,3.30213822437786
"2013-02-17",0.053887519554553,0.0525831632596393,0.0624833110277667,0.11715878014794,0.319393236478972,1.13790327890239,1.62032677434121,2.16023830868193,2.99772491783257,3.30130084977303
"2013-02-18",0.053718268918657,0.0533891545370329,0.0643574405190006,0.120049713076331,0.321547937937774,1.13279003003889,1.61212424745788,2.15045712803085,2.98974371591706,3.29482215356653
"2013-02-19",0.0563640820160392,0.0565886441276378,0.0685135123477261,0.126405677166602,0.332568418952902,1.1530219792175,1.6340197620366,2.17145082689239,3.00416156280269,3.30590548443991
"2013-02-20",0.0526973909222198,0.0514356522223391,0.0608532382908667,0.113093816790332,0.307336535003595,1.10257378983439,1.57702048097157,2.11302158559032,2.95450684049114,3.26146057988324
"2013-02-21",0.0486418573730661,0.042181737674286,0.0451802942070498,0.0886435895351995,0.276324559383258,1.08306790802125,1.56724067828814,2.11209863655538,2.96039326275849,3.26822749620388
"2013-02-24",0.0589649610016122,0.0495218753330077,0.0485980792765676,0.0859234703813683,0.266434211478742,1.07135637125485,1.55946697879122,2.11045660509601,2.97007159977974,3.2822058076069
"2013-02-25",0.0628591439302097,0.0495540179879557,0.0431279436270814,0.0704863243368493,0.234982644381599,1.01548636285368,1.49879682487143,2.04930469225339,2.91576940825585,3.23163248750195
"2013-02-26",0.0630308985416471,0.0514161288441228,0.0469865740955493,0.0767795275629262,0.242104230000372,1.01557036058769,1.49502571196819,2.04298704478035,2.91003053389819,3.22706880972097
"2013-02-27",0.0607249134893995,0.0424885762062054,0.0301832841473708,0.0501406751974306,0.210973960360083,1.00564348845604,1.49582103688002,2.04856509311274,2.90537033332089,3.21508870882983
"2013-02-28",0.0739724799744398,0.0516884703257038,0.0335789184277117,0.0429128545581154,0.186375853469439,0.953476438648574,1.43760874029463,1.98875020176964,2.85088069275487,3.16375547977689
"2013-03-03",0.0673723120083437,0.0461168595030796,0.0291101518037449,0.0394106474055028,0.181792012633931,0.940662575855958,1.42157878471221,1.97138166585967,2.83635765903489,3.15121741118267
"2013-03-04",0.0638840406907218,0.0495883500487381,0.0413204679934074,0.0641160194769864,0.218143403164015,0.974982777443768,1.45202717780037,2.00139397326883,2.87750057619199,3.19904334392116
"2013-03-05",0.0603081076935803,0.0431272010568148,0.031149698552174,0.0484308697206342,0.197080445002034,0.958806400767877,1.44383967601972,2.00405511348302,2.89923079340192,3.22797167430223
"2013-03-06",0.0632263465395356,0.0509001772042181,0.0447722979652533,0.069583643227256,0.222329707872357,0.969035344055038,1.44527203374058,2.00037687494478,2.9008826345904,3.23462106986059
"2013-03-07",0.0603693924636043,0.0459889041360979,0.0373541954614607,0.0588467690223019,0.209545445832454,0.962896898089701,1.44401895021979,2.00346116601684,2.90684729215571,3.24067110660204
"2013-03-10",0.0665504675916577,0.0533014308045028,0.0460109126415744,0.0691794882541583,0.2206590923647,0.970937194695053,1.45104030916898,2.01120129267215,2.9205211534536,3.25759862835362
"2013-03-11",0.065306344914695,0.0533613757742405,0.0472754586827959,0.0707621998488587,0.2179897870811,0.950643772661378,1.42586028928296,1.9871705209236,2.91422989434841,3.26140032648196
"2013-03-12",0.0639124475119427,0.052499201529566,0.0469483549587259,0.0707634007993763,0.216843081935308,0.943438644559262,1.41654659006745,1.97751537322631,2.90921403970473,3.25931886570733
"2013-03-13",0.0676305867588321,0.0543023022571938,0.0463193108240009,0.0665770555028382,0.209131845398414,0.935784878905172,1.40994874899316,1.97102019457079,2.89884285935014,3.24644232743947
"2013-03-14",0.0672713093048008,0.0521056324474746,0.0414875470055744,0.0569382179278624,0.191793235647307,0.908275783984606,1.38239998864493,1.94728626069434,2.88865355130386,3.24278842303924
"2013-03-17",0.0724419154435478,0.0555250476302492,0.0422925044748255,0.0526482083101587,0.178294392631016,0.877339436862256,1.34672489715256,1.90988722927965,2.85575602576968,3.21309040244605
"2013-03-18",0.0701842342599362,0.0601290009383238,0.055304596348116,0.0768463603820914,0.209220603977596,0.881646844238958,1.33009313198296,1.87251820783328,2.79930137732411,3.15375572271463
"2013-03-19",0.0739183095962345,0.0591376376224249,0.0489322971501218,0.0646494778866364,0.198097635502309,0.900882999588903,1.36309635619589,1.91130122272075,2.81931279159852,3.15967132213822
"2013-03-20",0.076668740888031,0.0608841851913252,0.049182989370769,0.0619624438436924,0.189848972186111,0.879201916359265,1.3350472371162,1.87655978543037,2.77447413396937,3.11116962564487
"2013-03-21",0.0841327974022727,0.0668863587332939,0.0534410580003549,0.0640502199655185,0.191125351346575,0.887285011903257,1.34740396481245,1.89239829236069,2.79159008989652,3.12768707557907
"2013-03-24",0.073905783259231,0.0553008650055355,0.040065645241816,0.0479272548613597,0.172368602770573,0.874921911010568,1.34432396477852,1.90361617847431,2.832931588335,3.18163818626309
"2013-03-25",0.0793744734289611,0.0627217821890433,0.0500046202649067,0.061685981994599,0.190429303636668,0.895913243310215,1.36610152128886,1.92747199302168,2.86434186709933,3.21695515376574
"2013-03-26",0.0859566192113278,0.0683961851359749,0.0539925660492285,0.0614573304014056,0.180215382239912,0.860431029459433,1.32194898726542,1.87885240154519,2.82074776205376,3.17800178663835
"2013-03-27",0.0846590540437727,0.062486702152015,0.0426395016696658,0.0435109421431286,0.160353370218266,0.861718045469864,1.33434810294221,1.89727044256088,2.82955954053077,3.17845428826943
"2013-03-28",0.0838900731105135,0.0557127948430348,0.030295141757387,0.0294909157467869,0.16462379774624,0.939459856721621,1.43066267227692,1.98698649386638,2.84916459491703,3.16039578384194
"2013-03-31",0.0782828251257908,0.0460234407867936,0.0160721834513426,0.0106526807724362,0.147287475404768,0.944453004904659,1.44348726278239,2.00122639198218,2.85072934703653,3.15476254450093
"2013-04-01",0.0736148574354149,0.0551540635708003,0.0401085874908939,0.048267161136165,0.173051275572605,0.875627242588771,1.34476696547243,1.90365132214408,2.83218017933113,3.18057825525771
"2013-04-02",0.0753290235342506,0.0589968432826055,0.0459721369018092,0.0548698840537666,0.173178338052242,0.846145998786662,1.30546948027915,1.86350083641239,2.81718409299373,3.1813534357034
"2013-04-03",0.0713930986134564,0.0550842778263938,0.0410717161735421,0.0451670559227362,0.147479243429864,0.771204536979001,1.21304501230157,1.76410661939331,2.74082658266134,3.12262175669878
"2013-04-04",0.0688068332673465,0.0519426762796912,0.0363569195416388,0.0351738737741917,0.12156405091918,0.689769110397839,1.10275257213719,1.62548820572359,2.57011880182692,2.94402688613241
"2013-04-07",0.0742686745777517,0.0586101232033598,0.0447177067039126,0.0464750318168736,0.136867395597256,0.70411745862739,1.10977424337746,1.61835341219029,2.52580023843964,2.88201585546607
"2013-04-08",0.0594759302730232,0.0433085390154871,0.0294926399010326,0.0337612992116078,0.134757660971209,0.738404598026624,1.15798294936919,1.67309380354105,2.56517294639666,2.9085496832941
"2013-04-09",0.059635062917927,0.0471748477028409,0.0386596269711071,0.0526205173203261,0.169631660908775,0.80076769066781,1.22793308228065,1.74692855779482,2.63651910663076,2.97712976680498
"2013-04-10",0.0678078795822737,0.0539357413644335,0.0433666921595878,0.0534871139220994,0.164036567129162,0.785122124931191,1.21103446023472,1.73184700147905,2.63125416522914,2.97710826396835
"2013-04-11",0.0625612677677049,0.0468305064252856,0.0336352821810745,0.0390747722870476,0.142402699723918,0.754764814881324,1.18121121909543,1.70637265712472,2.62051837161699,2.97362835889651
"2013-04-14",0.058948302802447,0.0454027374570152,0.0347510175198277,0.0431273696314457,0.14663906426226,0.746077237749209,1.1660371834288,1.68809050792065,2.61119947058679,2.97172700864155
"2013-04-15",0.0554131335526775,0.0436179421013719,0.0353567104115665,0.0477637750016273,0.156949092946071,0.762581104028502,1.18272721686444,1.70346812194775,2.62227788929169,2.9808451238543
"2013-04-16",0.0689904923117161,0.051484947081309,0.0353825651901187,0.0344641080564375,0.124759753437557,0.711482206446801,1.13397355911461,1.66472908634517,2.61312314635266,2.98561006566361
"2013-04-17",0.0650667545658074,0.0530553030548258,0.0439378176525462,0.0531875156757355,0.15297739378796,0.732926783971122,1.14641521741996,1.6692273497049,2.61865901264996,2.99654674151719
"2013-04-18",0.0620733589356714,0.048391236042868,0.0372849408962139,0.0441029766473185,0.143310892794914,0.733705379381248,1.1540954830398,1.68298370231737,2.63451512682107,3.01053696312352
"2013-04-21",0.0617097489881676,0.0458066695251645,0.031554895305581,0.0326925917657775,0.122595325827461,0.695907735516456,1.11007673862375,1.6333794145105,2.57781287067277,2.95146394926438
"2013-04-22",0.065091278184923,0.0474582097422983,0.0311198461736523,0.0295575319435351,0.117860118827004,0.694227359598906,1.10814991960962,1.62646220844253,2.54778005648437,2.90829370099316
"2013-04-23",0.0641124976575648,0.0473553589382158,0.0319983647298152,0.0314432238320793,0.119349501536806,0.690312068131838,1.10286308798619,1.62290655610725,2.55716629761968,2.92549321346056
"2013-04-24",0.0682306782995758,0.0507672462060501,0.0347954848121741,0.0342648037326124,0.125224946897049,0.708443518003371,1.12433666914072,1.64276277315648,2.55861631462952,2.91555764512244
"2013-04-25",0.0620233550422581,0.0437220644733824,0.0266428722724561,0.0243681301711343,0.113300187041284,0.696544415378865,1.1142742331191,1.63564690675649,2.55753452273336,2.91694337301167
"2013-04-28",0.0630310828244138,0.0450504964766948,0.0283734447655069,0.026656713376867,0.115957565513053,0.697409834340461,1.11328171209439,1.63212876911397,2.54929026540905,2.90682022608559
"2013-04-29",0.0625236793534389,0.0454592144303213,0.0297617903019116,0.0288250993228374,0.116423384731341,0.683616215572009,1.09031751284169,1.5993579652868,2.50390295261242,2.85781207554722
"2013-04-30",0.0620994145057746,0.0358922194888242,0.00991612764594652,-0.0016607064933275,0.0900819362174228,0.721925341252249,1.15671150376708,1.67605740554736,2.53521367982449,2.85611317803734
"2013-05-01",0.056441012779347,0.0370482747169555,0.0182252762715904,0.0121612343285922,0.0928076508590006,0.651402624641967,1.05552924806764,1.56138117631504,2.45766086967139,2.80734252234848
"2013-05-02",0.0716835107496009,0.0453647210640044,0.0179146744757994,-9.76818135057789e-05,0.0716339655074245,0.650733126068765,1.07349008059804,1.598344932124,2.51169526132502,2.86323748990085
"2013-05-05",0.0681688240661097,0.0418235467885327,0.0143067936897647,-0.00391984004810586,0.0671596126136838,0.643728018722138,1.06493034827812,1.58795396923752,2.49823590017309,2.84861270647915
"2013-05-06",0.0720687017017008,0.046104187402902,0.0194881123192961,0.00395401819498709,0.08230494496494,0.679231785489963,1.10782239976022,1.63473841014313,2.54020958504375,2.88607779497911
"2013-05-07",0.0638905931554744,0.0478012991047041,0.0339449626120026,0.0376545719748893,0.136171077757501,0.728302803697721,1.14035976193887,1.64640966262782,2.52300916807826,2.86045614905275
"2013-05-08",0.0625534321663399,0.0368373424011114,0.0112034431631171,-0.000759607451021438,0.0878825377561678,0.710330310977639,1.14391172738435,1.66660258149966,2.54204610465741,2.87139220744523
"2013-05-09",0.0616648539372682,0.0455522087014076,0.0328982571547258,0.0424565849557909,0.160642950491795,0.81642921795211,1.25472543923382,1.77844803858751,2.65298404303001,2.98219851595558
"2013-05-12",0.0644782906577109,0.0461487216200482,0.0303615095124984,0.0343339251541196,0.143900755562715,0.789124598510572,1.22771827931614,1.75581050012536,2.64496807294601,2.98115526659482
"2013-05-13",0.0771639930369975,0.0523372889779983,0.0291331686528866,0.024952963402185,0.135152418854933,0.816465680157688,1.27000829547199,1.80206502422255,2.66374640234512,2.98197470487766
"2013-05-14",0.078061627291703,0.0544589775208766,0.0327019961084302,0.0302984664946613,0.141199193090699,0.818445086375645,1.27030149912442,1.80230636376336,2.66862801081359,2.98959856941662
"2013-05-15",0.0830897089748639,0.0592403741025927,0.0365903668092044,0.0309792223400779,0.132374718620045,0.781521921672474,1.22248049787139,1.74733575145221,2.61354820277432,2.93683930538283
"2013-05-16",0.0741503107593222,0.0471475870862486,0.020605362827602,0.0096537114420101,0.106830314868266,0.759906014458441,1.20332169158237,1.72789643798995,2.58483934968684,2.90264916929895
"2013-05-19",0.0609264445051605,0.0317867162397926,0.00275529911020328,-0.0110636052400752,0.0860777811987179,0.754455710952884,1.20792730492877,1.74265552795732,2.61161383734521,2.93286478300201
"2013-05-20",0.0841561611957591,0.0579150761492271,0.0325599813954683,0.0240954624698783,0.126418710316404,0.79340261759919,1.2438399274469,1.77594502629953,2.64435118615963,2.96631585096801
"2013-05-21",0.0771620599816944,0.0552611408909412,0.0351034487875574,0.0332056539448187,0.138565146608499,0.789508719928846,1.23066228142903,1.75693551170601,2.62947381388056,2.95612208284204
"2013-05-22",0.0772129508038373,0.0552043163393924,0.0353983074890365,0.0356134518538612,0.148360811757131,0.822499248317594,1.27245343160761,1.80384276641074,2.6735831168993,2.9968316885215
"2013-05-23",0.0781622329151764,0.0523039860120518,0.0281412394986795,0.0236720408789479,0.137055943857387,0.831526410493342,1.28874758165531,1.82030710074323,2.67098148658499,2.98310206736089
"2013-05-26",0.075386685400266,0.0479741622100699,0.0221313423954713,0.0161847885989439,0.131479329860875,0.842569109388698,1.30895894960527,1.84885370308854,2.70769270775461,3.02176929169726
"2013-05-27",0.066658501771432,0.0470006974713337,0.0309510126113039,0.0391695710412764,0.168080017015741,0.877378639502697,1.33850432254951,1.87589345610612,2.74239447137931,3.06196914055128
"2013-05-28",0.0796791578219185,0.0616478566593339,0.0481979674415334,0.0619089318866632,0.201506463685341,0.929991959276873,1.39385235256788,1.92813140973647,2.77793025853109,3.0891537223929
"2013-05-29",0.0705055405929681,0.0526565791024382,0.03961065959537,0.0545095102109691,0.19746734547255,0.937838605827783,1.40844157220286,1.95021592050007,2.81165051495445,3.12710367154055
"2013-05-30",0.0646424718581828,0.0455735049138492,0.0311716442411096,0.0447114944743354,0.188347677409606,0.937451196235912,1.41205439197654,1.95621195794966,2.81642172371225,3.13041384722856
"2013-06-02",0.0680736821373281,0.0506437721839511,0.0390409987848519,0.0588959413862723,0.21539665149731,0.985888193509319,1.46074324450708,1.99607860126425,2.82576762447734,3.1256704034458
"2013-06-03",0.0799854883706487,0.0588896883546141,0.0429441931705719,0.0574223912887749,0.211574895798101,0.993687125713846,1.47425829401299,2.01215396826801,2.83704921547316,3.13356036796496
"2013-06-04",0.0690776161735864,0.0506213309572331,0.0380814667474562,0.0576775275643472,0.217108186282641,0.997092519073764,1.47230244521537,2.00293930741859,2.81547495636882,3.10742054616142
"2013-06-05",0.0753060186211179,0.0603754810786481,0.0526253672317828,0.0802399089383412,0.250912215272036,1.04438734406192,1.52178027381902,2.05296543229052,2.86449244017374,3.15589038765285
"2013-06-06",0.0678718093485502,0.0582943822569898,0.0573763995486523,0.0950870530366661,0.276024637045478,1.06870464856778,1.54047177769288,2.06538480736101,2.86964826849268,3.15903653406327
"2013-06-09",0.0665174337297538,0.0606575898581052,0.064824105841274,0.111156185245054,0.304530834206458,1.11364499276775,1.58893736938339,2.11573604921476,2.92085155195556,3.21033738672858
"2013-06-10",0.0713055582586466,0.0632857589908725,0.0653794230242639,0.110769063079739,0.309570807407522,1.14228588887504,1.62464521207214,2.15226590182287,2.94508313487845,3.22779048806126
"2013-06-11",0.0668862643100964,0.0601832939630077,0.0639670224105176,0.111868047243529,0.313169390530791,1.14443713998583,1.62398283831662,2.14789629073655,2.93453717305208,3.21498316164183
"2013-06-12",0.0657652584833221,0.0573574159413791,0.0588591803705061,0.103048868567837,0.299492047559617,1.12638971596805,1.60605247024585,2.13093815298717,2.91985215229747,3.20118776539774
"2013-06-13",0.0597384124792886,0.0487612759207074,0.0469023000903405,0.0857852824797239,0.27527024232518,1.09114927058803,1.56498444285279,2.08200863247187,2.8554604389212,3.13060815981797
"2013-06-16",0.0566740456651218,0.0480656649377439,0.0486454207931146,0.0893667294854026,0.275689250892557,1.07578950599801,1.54704736903653,2.06819830132744,2.86124612257575,3.14569233436178
"2013-06-17",0.0652402255554602,0.0600536980173492,0.0633504506179787,0.103009530950009,0.273314408994505,1.02435682755683,1.49010416508695,2.02839642694967,2.89652069190733,3.21765358436392
"2013-06-18",0.0659087719829027,0.0598904136420256,0.062026371043264,0.0996435205036165,0.266770281172271,1.01264219284347,1.47677777878634,2.01377467089551,2.88044718912924,3.20111894000137
"2013-06-19",0.0603220916417258,0.0626545071160319,0.0775250817974829,0.140542277483641,0.354105057756279,1.18054848558089,1.65863265703678,2.18911517573868,3.00497138823232,3.29958317761618
"2013-06-20",0.0493542091251613,0.0520963463425461,0.0685920637853436,0.137479224871875,0.367752837572172,1.23624181815937,1.72558414074488,2.2579805065026,3.05731786277993,3.34260096011613
"2013-06-23",0.0818087411774128,0.0759384871439114,0.084309701434551,0.149895984646232,0.402087223689005,1.35817712098488,1.87078424076535,2.40335114173809,3.15962988416402,3.42301744425653
"2013-06-24",0.0815246952964346,0.0707560509390663,0.0731403725689276,0.130656034052168,0.376763153320802,1.34016509873153,1.85876282467552,2.39643650531417,3.1571529286866,3.42164235641479
"2013-06-25",0.0769400269319862,0.0662222114946355,0.0668504714403411,0.116309640168477,0.338722355675067,1.25182173175262,1.76431346308448,2.31102788444729,3.10856638590022,3.38922584910487
"2013-06-26",0.078284469013923,0.0664262981272394,0.0644936998820747,0.106761944530127,0.311685414344759,1.18767282959662,1.69279832977026,2.24108425125557,3.0562941677197,3.34549858575972
"2013-06-27",0.075816085474737,0.0631274109299886,0.0606387091343768,0.103589425350604,0.313404833937393,1.20183750490392,1.70750530063965,2.2508567981106,3.04923194212944,3.33099199938929
"2013-06-30",0.0731758070069205,0.0626713027152969,0.0623867375213092,0.106802730353587,0.312789811339425,1.18171060418368,1.68092377030664,2.22222371638005,3.02651675748075,3.31179874271234
"2013-07-01",0.0812660231848894,0.0658460298616984,0.0593090061569305,0.0945065643997542,0.290923830794762,1.15735751016188,1.65854846481831,2.20128040467036,3.00477394388079,3.28918807207064
"2013-07-02",0.0793656391684113,0.0660336319819348,0.0621272037992671,0.101072406696064,0.300669954414981,1.16218387807307,1.65766205978041,2.19333891909658,2.98559191374883,3.26595435324045
"2013-07-03",0.0766187910466242,0.0569165291867301,0.0443858456981588,0.0690879847230272,0.249888359422878,1.09858015560409,1.59996295810659,2.1478979076655,2.96604568386663,3.25661588467978
"2013-07-04",0.0778685873709346,0.0495017988088472,0.0267931958541105,0.0391812591313455,0.215707471653999,1.0974262078621,1.61714686523544,2.17905961364037,3.00545524245679,3.29685963798607
"2013-07-07",0.0788211021780732,0.0494773297831393,0.0247952891793249,0.0320611583187741,0.196986402725653,1.05740625031596,1.57522682432973,2.14206044733783,2.98681705732387,3.28634812850765
"2013-07-08",0.0666994063807216,0.0412106901928346,0.0208897530296112,0.032880195988504,0.197488096481589,1.03874920393406,1.54841178846661,2.11111850380525,2.95914142693792,3.2614110947829
"2013-07-09",0.0665074680310422,0.042720833640867,0.0247039282977419,0.040526698717917,0.210437298958048,1.05784239968976,1.56841734797913,2.1312896252716,2.97877535524854,3.28077910416536
"2013-07-10",0.0803862868582718,0.053682534976601,0.0322516822777586,0.0438906808127142,0.211559244851999,1.06093520207525,1.56886553130252,2.12392793606509,2.95028570025498,3.24321511052481
"2013-07-11",0.0751685455324548,0.0518419252906644,0.0338907234304624,0.0481305120841253,0.210973080156621,1.03393526196631,1.53399336988411,2.08841574713828,2.9286662245076,3.22898460000936
"2013-07-14",0.087459432219739,0.0658671482910559,0.0497203996162017,0.0653942306573668,0.226205404666788,1.03853488366857,1.53717301013544,2.09513553424438,2.95065302488132,3.25815627931493
"2013-07-15",0.091874670630556,0.0688244558614251,0.0505261317521418,0.062138900802626,0.216296803804775,1.02113960510616,1.52143201765591,2.08501434199165,2.95545818911181,3.26937055130953
"2013-07-16",0.085409657430929,0.0610563334212729,0.0410857073114319,0.0502173014035991,0.201938056051299,1.00855722017384,1.51195413186183,2.07965725032702,2.95708160697805,3.27357408374814
"2013-07-17",0.087590986215409,0.060233971523917,0.0363502589792593,0.0394754147321982,0.184557405953623,0.99126775611613,1.49951524123947,2.07417696354972,2.96382508596748,3.28487614317607
"2013-07-18",0.0837208311899221,0.0599644133758054,0.0404463277859357,0.0493516398001281,0.198560015325497,1.00153477460109,1.50901856747648,2.08696861638925,2.99126281463102,3.31946319140401
"2013-07-21",0.0877905186607313,0.065568765476955,0.0480005632249984,0.0597288677369059,0.211436576032174,1.01068937764861,1.51346825883005,2.08531622774084,2.97930921169955,3.3036915929492
"2013-07-22",0.0843877546172993,0.066588904313007,0.0546309197176361,0.0745307050834432,0.234124565561338,1.03062639169943,1.52782025794392,2.09380942388796,2.98176209472603,3.30471909244992
"2013-07-23",0.0981457313909523,0.0754200448143377,0.0583101674558476,0.0741375365876799,0.240336356799116,1.07716670006836,1.58779727926002,2.156381672434,3.02288501464988,3.33341972653979
"2013-07-24",0.0934671681496904,0.0690656315733392,0.0500279032258262,0.0636534318629436,0.229519305095393,1.07315594668652,1.58651771941256,2.15591530589425,3.01907512936492,3.32760228873454
"2013-07-25",0.104191923104325,0.0844721529222184,0.0707935637785383,0.090448331840184,0.25687976723386,1.08088204970544,1.58688751645145,2.1549739794711,3.03046612996174,3.34600485553114
"2013-07-28",0.0891671511994871,0.0752089634762114,0.0688593391229367,0.0992516446880278,0.276218859528411,1.09690892967084,1.59521598468132,2.15459966040203,3.01915649248047,3.33141311475026
"2013-07-29",0.0822607521364789,0.0667049337903717,0.0585243812810158,0.086866865494865,0.26378499917627,1.09269314194715,1.59487221740101,2.15650480141783,3.01991156002444,3.33087634733057
"2013-07-30",0.103954032473594,0.0855667728766103,0.0732072722214613,0.0935644389874688,0.256564734318662,1.06110799698498,1.5572530510344,2.11668708133292,2.98382298295336,3.29727159681653
"2013-07-31",0.087388589641538,0.0725961883427171,0.0649215804133602,0.0924729652611715,0.263421579796482,1.06770813077627,1.55786389225352,2.10868348766696,2.96059604236344,3.26834751348455
"2013-08-01",0.0867226148107247,0.0728098701494181,0.0659810136498752,0.0938924989842211,0.262342837057819,1.0541804580297,1.53891303373763,2.08598464630218,2.93693192256498,3.24524105471345
"2013-08-04",0.0856554884091486,0.0726385694180906,0.0676505588701564,0.100504163819105,0.281022475268281,1.10196788953406,1.59550598214565,2.14625374675755,2.99171230478133,3.29608864099663
"2013-08-05",0.0816737646463976,0.0690516817242014,0.0646353444855095,0.0985603572743246,0.28095314629548,1.10581433964477,1.60097664381701,2.15330163783265,3.00094680303914,3.30608632124052
"2013-08-06",0.0842438734815306,0.0709249975592904,0.0655042386196958,0.0975603466644871,0.276722885681709,1.09497853089523,1.58745005103387,2.1371850359161,2.9812658077348,3.28516424241329
"2013-08-07",0.0834777238307095,0.0694504570215162,0.0632774684963605,0.0946658353563654,0.274314249422844,1.09500141528397,1.58654448072546,2.13276995771729,2.9665836939367,3.26591476820879
"2013-08-08",0.0809144173519059,0.0667740224184398,0.0602033889222288,0.0902249800244739,0.266179450942296,1.07900111192187,1.56965573422394,2.11783054805589,2.9599823454471,3.26323405069186
"2013-08-11",0.0796038914841943,0.0657655863559111,0.0598507438439968,0.0916759355095319,0.271951929030036,1.09345988791114,1.58517587831327,2.13149205503575,2.96534450814812,3.26467945436805
"2013-08-12",0.0820331949379424,0.0734924166685472,0.0749509130469108,0.119691724689579,0.319934527752711,1.17369939151401,1.67555304452993,2.23021117702314,3.07392388548432,3.37650965435292
"2013-08-13",0.0822550108820636,0.0700277173181058,0.0668571808923635,0.104980724988812,0.299090963142802,1.15477461715754,1.65992757940696,2.21719191124251,3.0614184062721,3.36347575869674
"2013-08-14",0.0872669649456105,0.0740316667841506,0.0703734656994611,0.110324113686011,0.31441135163028,1.20489387481893,1.72392294229052,2.29084369316373,3.13949082384074,3.44144111314056
"2013-08-15",0.0878696423208048,0.074666742079918,0.0712233049424445,0.111975016629174,0.318006083240008,1.20923705502363,1.72481526971799,2.28496144280093,3.11828508297742,3.4139603802677
"2013-08-18",0.0760593263325635,0.06412645498418,0.0628038750366153,0.108265476402996,0.324002157020296,1.23509750470149,1.75598639431946,2.31818921979972,3.14880527764717,3.44266407375552
"2013-08-19",0.0809492218986661,0.0670056771386478,0.0629094256382027,0.103589161650844,0.312160778398669,1.21250731201973,1.73033428845943,2.29017775430327,3.11817681761434,3.41118946287821
"2013-08-20",0.0750528547648512,0.0625810302863424,0.0606010666935339,0.105200818555183,0.320485577160132,1.23424363805315,1.75737727025854,2.32222438440219,3.15695075358719,3.45228238623889
"2013-08-21",0.0734218951924886,0.0620091497532315,0.0618462965684333,0.110587104015754,0.334561624581385,1.26587593627962,1.79329496878054,2.3592149039704,3.19002362770244,3.48316462315569
"2013-08-22",0.071375349935295,0.0619283448858259,0.0648541973284975,0.119856805576355,0.354733094193336,1.29700205055576,1.81949070503939,2.37309649047477,3.17510310556054,3.45655984645023
"2013-08-25",0.0880270558148962,0.0745667447082564,0.072095278391633,0.118225628945802,0.341117056613298,1.27037292408338,1.79124268722574,2.34480837787139,3.14823144332787,3.43031275301772
"2013-08-26",0.0982041473936641,0.0796179133628979,0.0704537290836537,0.106227568666564,0.317193161221498,1.24233353031091,1.76790041296509,2.32853190994558,3.14402989246527,3.43050774458488
"2013-08-27",0.0960463977165276,0.0795823546892013,0.0729867404114127,0.112196028747722,0.325997412288489,1.25245042279949,1.78014373630708,2.34539743678334,3.17205495207073,3.46314460818602
"2013-08-28",0.0874267397225227,0.0736000881185255,0.0696602965941568,0.110707278683177,0.32075498183978,1.23236709013476,1.76020587466034,2.33381740782977,3.18730831901437,3.49015187340259
"2013-08-29",0.100632581692549,0.0841342409258404,0.0769748184568394,0.113827751812386,0.321161642839411,1.23754462008898,1.76790031746113,2.3422965629767,3.19274321752838,3.49378432621778
"2013-09-01",0.105006475027652,0.087778654290976,0.0800877500763129,0.117402370799334,0.329030423860133,1.26060665106281,1.79634731479367,2.37368254785665,3.22350296747314,3.52355483475932
"2013-09-02",0.0981264601287574,0.0830137209905523,0.0782191944499835,0.120460520211144,0.339267349723787,1.28082888718804,1.81907785063265,2.39814735190981,3.24964633413434,3.55021238063091
"2013-09-03",0.116541585198433,0.0953533567512235,0.0832604207336964,0.116052056921036,0.328850652819023,1.28106714830115,1.82479554317557,2.40561234176662,3.25118200072496,3.54828492360829
"2013-09-04",0.115932810966718,0.0944982385235096,0.0842438422644453,0.126213632464225,0.366738391561343,1.3797479128691,1.93258525589737,2.50582414926727,3.3147002903227,3.59551562586333
"2013-09-05",0.110838464542078,0.0899552008130619,0.0786592346710172,0.113863334679874,0.332685360834944,1.29699028033521,1.84238706729407,2.42150140643455,3.25925408528087,3.55286575511433
"2013-09-08",0.113778654519717,0.0933672369686704,0.082839390191092,0.119734179277836,0.342204856359068,1.31627524884695,1.86629089564193,2.4500492011049,3.29429587654012,3.59016465054973
"2013-09-09",0.120655090612481,0.0957514739127454,0.080503826608142,0.113543052761054,0.341451970834404,1.35214870145926,1.91771657950267,2.51221612594556,3.36225125540437,3.6587621129593
"2013-09-10",0.119216251157391,0.0940906273620198,0.0779876358558605,0.108011868317223,0.327663815303761,1.3192007637227,1.88003584574669,2.4734700943435,3.32777472846644,3.62654820972441
"2013-09-11",0.113368669964691,0.0902872688554282,0.0760132415101288,0.106391471337219,0.319679217150313,1.28847287312934,1.84372588530792,2.43745182348243,3.30233743691577,3.60627224234676
"2013-09-12",0.112456323560462,0.0872713340828878,0.0705238053410829,0.097833372633771,0.309380040921586,1.28008727207697,1.83461471074642,2.425010870651,3.2804487032613,3.58037361672453
"2013-09-15",0.106045024280768,0.0849620370512389,0.0720498624993317,0.10078772217826,0.301536354270289,1.23022328099113,1.77395292119018,2.36472765937088,3.24115870321663,3.55155654495129
"2013-09-16",0.101810532278023,0.0836985252085762,0.0743751732851115,0.107810491463714,0.311641485565935,1.23479663896015,1.77532259420061,2.36457119124836,3.24305105686189,3.55492236092763
"2013-09-17",0.108720541621673,0.089474200427745,0.0790316295333789,0.111825295676924,0.318026987878566,1.25241083050371,1.79665836153718,2.38715220720199,3.26239644901776,3.57230361660108
"2013-09-18",0.110252278837626,0.0904026523856024,0.0778418550369816,0.103360352618732,0.289874668593238,1.1809345096251,1.71794841641633,2.31384846208755,3.21999503268853,3.54454190171032
"2013-09-19",0.104310358234432,0.0847070266073777,0.0729032751118474,0.1009502329055,0.294512445568789,1.2044324485059,1.74794748334705,2.34770057430775,3.25394577061351,3.57759051479783
"2013-09-22",0.130011023139229,0.105846889104999,0.0878258786387972,0.10539255218716,0.284012040643602,1.17474873928082,1.71434611877123,2.31210716176768,3.21756541174021,3.54114431472626
"2013-09-23",0.10777847779304,0.0891303318450626,0.0771338713511915,0.100431930989566,0.275194813593524,1.12842426125116,1.65320916044577,2.2444946578704,3.16055707893096,3.49164533592934
"2013-09-24",0.0982674725637129,0.0813984199067097,0.0716627096624083,0.0982364706776582,0.275918476014782,1.12501963090734,1.6445215179226,2.22897643851684,3.13357312798619,3.46042560584175
"2013-09-25",0.104959506720478,0.0848556478221961,0.0713597101898008,0.0935075562751839,0.27001529497242,1.1307141885222,1.65468809152669,2.23964770176014,3.13523875370022,3.45701366851067
"2013-09-26",0.104107317535098,0.0847019055313368,0.07178855962014,0.0938217845691273,0.267167445446595,1.11554451155196,1.63508415156858,2.21791279084165,3.1156759497975,3.43919568353801
"2013-09-29",0.104965388536619,0.0839626318567492,0.0689115157179804,0.087471066893591,0.256292900138544,1.10082377151227,1.62070014488386,2.20475837434065,3.10526058080647,3.42985360531326
"2013-09-30",0.0929386978683995,0.0747027196132135,0.0632799626497265,0.0874898340324952,0.262844904605572,1.10893100540634,1.62528334200507,2.20397181094493,3.09479754279269,3.41576013008155
"2013-10-01",0.101511857158388,0.079563730632859,0.0635246589803326,0.0813922720668654,0.252384476632592,1.11364542924794,1.6446660167579,2.24151043059692,3.16199004507482,3.49381096285138
"2013-10-02",0.0992264201248682,0.0736103420352952,0.0534559765671642,0.06703639644957,0.239310764972745,1.12424007617746,1.66666380159904,2.27140085484304,3.1937226881773,3.5243325090535
"2013-10-03",0.0953009931861921,0.0753774079911095,0.0621925962359201,0.0851750072907508,0.264431974299517,1.14049125937267,1.67679955050895,2.27838142013885,3.20497354456883,3.53887625640722
"2013-10-06",0.106669106598954,0.0807842307964462,0.0599219730671429,0.0713158287856002,0.2378767075543,1.10952277677646,1.64883543859363,2.25363623750798,3.18226336242721,3.51617422789229
"2013-10-07",0.109561986349401,0.0888973466306014,0.0745896054087739,0.095315285547884,0.270180317119125,1.13546436078876,1.66675143468744,2.26319955348305,3.1823790345764,3.51366104540857
"2013-10-08",0.102913339345394,0.0842811009147049,0.0726037578497365,0.0973083422531492,0.276362352099307,1.14039657938127,1.66771740484467,2.258703299588,3.16846427698264,3.49624967674113
"2013-10-09",0.123135452793023,0.0984190118473637,0.0795969593252892,0.095658633387498,0.271636767602273,1.15684829322075,1.6941631514318,2.28972010422339,3.19214795333121,3.5146736628374
"2013-10-10",0.105133184079175,0.0812227435207371,0.0635096006874624,0.0814732341643233,0.260267903844474,1.14954634570329,1.68793569467146,2.28425954702182,3.18744681464761,3.51020507165965
"2013-10-13",0.0992358291005233,0.0765598532687857,0.06020534097241,0.079520169489961,0.257809002954261,1.1410387123662,1.67796188021167,2.27520187815452,3.18477757326304,3.51068967021862
"2013-10-14",0.0892463598165348,0.0679793198826344,0.0539139889560334,0.0781691523916009,0.266390699537019,1.16973717020228,1.71206265374956,2.31134912754989,3.21769611742059,3.54145532049385
"2013-10-15",0.105369055160126,0.081265912224595,0.0638122062791733,0.083773549854169,0.269760337821825,1.18127948955065,1.72827707402807,2.33063787350577,3.23695702343667,3.55986727813895
"2013-10-16",0.106036813468102,0.0796142822124436,0.0586470162531857,0.0716726622199348,0.245180219884233,1.13522305344993,1.67785247101281,2.28002462196434,3.19316423054478,3.51958470899023
"2013-10-17",0.110531515967113,0.0869560054368827,0.068786130818903,0.0833467862031102,0.250554830127581,1.11113079418766,1.64435649394891,2.2445051135199,3.17089822637897,3.50493422341096
"2013-10-20",0.113988038256209,0.0902684934082427,0.072167278722809,0.0875985824077417,0.257918632568224,1.12559483631087,1.65923688816637,2.25668784277008,3.1730648601555,3.50247444723395
"2013-10-21",0.111655516672862,0.0892944374030745,0.0719349494092559,0.0853094477091996,0.243585667313196,1.07013266376616,1.58905810492871,2.17894573745687,3.10081117468082,3.43527225065985
"2013-10-22",0.113141882508808,0.0925466891104808,0.0769599500879257,0.091424317834303,0.245985523405269,1.052753907942,1.56399076088382,2.15018303106595,3.07687530599977,3.41513841116166
"2013-10-23",0.108826475129243,0.0906922642389593,0.0783316517106412,0.0978096641816821,0.258096411737175,1.06551159162243,1.5729354981194,2.15338463222277,3.06956984729868,3.40384208373902
"2013-10-24",0.108096054178241,0.0874989988735154,0.0723090199074667,0.088574344385499,0.248458738837901,1.06571070853215,1.57630254929987,2.15592188569755,3.06093329839649,3.38919454189133
"2013-10-27",0.114541777729689,0.0967813129132729,0.0848056557203501,0.104525979374533,0.263819395049199,1.06386042048578,1.56629526098107,2.14092119015582,3.04779377659786,3.37865505099242
"2013-10-28",0.108434477347635,0.0911881722662627,0.0794620973579249,0.0982810868480168,0.252803103915755,1.03894675855842,1.53867509556524,2.11557979624165,3.03712021343943,3.37550902845966
"2013-10-29",0.110247207917384,0.093133460191108,0.081101503066066,0.0979554862720023,0.245707856710516,1.01277244752743,1.50712962512281,2.08348774687187,3.01586617324457,3.36059854307625
"2013-10-30",0.112446267743979,0.088293762557714,0.0670966107082397,0.0698617411859157,0.201753225041252,0.965209241143723,1.46688717242078,2.05330038179277,3.00075207722608,3.35039935017956
"2013-10-31",0.115535446992292,0.0912374828394985,0.0694338424584769,0.0699826042788744,0.195587354546523,0.944502663060917,1.44408748164048,2.03399755476504,2.99941901734107,3.35821662207682
"2013-11-03",0.120353016053494,0.0965006306572206,0.0752400101360574,0.0764907965233214,0.202376290734899,0.94820416892729,1.44509451862889,2.0316129381604,2.99125286764298,3.34787468253544
"2013-11-04",0.112780208720303,0.0919691072116405,0.0753691063828593,0.0860114480487503,0.22950030126749,1.00901586510713,1.51437566080466,2.10284720353282,3.05121102310301,3.40092005582135
"2013-11-05",0.117395788224396,0.0955151442207907,0.0775536216122424,0.086220233672744,0.227968515904232,1.01038228143786,1.51939195136617,2.11270023454261,3.06949172192384,3.42238071709512
"2013-11-06",0.136776221581272,0.1055882515536,0.074978184901807,0.0625577592835559,0.17562410761758,0.933316020590094,1.44750826295492,2.05573241151578,3.04923660387222,3.41768204612917
"2013-11-07",0.112939814117218,0.0866804683613387,0.0630315810866541,0.0630473677290633,0.195638434668011,0.981635261827879,1.50061285051613,2.10806067356088,3.09037124232827,3.45298233580457
"2013-11-10",0.114198836878741,0.0905711630536783,0.0701404598301838,0.0744375084311136,0.209728559285873,0.987178940972463,1.49961034441128,2.10088520261133,3.07778334290734,3.439465611618
"2013-11-11",0.108832193301313,0.0836385846028203,0.0615425351977806,0.0645003657844897,0.202342683661139,0.999790682526914,1.52374408508937,2.13617519298829,3.12564181279103,3.49079181405686
"2013-11-12",0.109257961267145,0.0817311246342965,0.0563856265436847,0.0536476706384849,0.182686130026066,0.966042919371245,1.48569718826657,2.09472403744818,3.08043282880405,3.44439446300029
"2013-11-13",0.112177545228834,0.0836086677529556,0.0567194068539619,0.0509785316035953,0.17442618830709,0.944725937575768,1.45839753740247,2.06127999638642,3.03797376559312,3.39871239329579
"2013-11-14",0.102347026221347,0.0768501974539953,0.0538769442698795,0.0539123416888965,0.183243257057758,0.953900937173035,1.46561527683333,2.06729072166184,3.04619162124009,3.40877180639984
"2013-11-17",0.126092862444813,0.0960689865831274,0.0671829280005021,0.05803681765613,0.176524275646022,0.940197190008996,1.45248550745797,2.0547220384342,3.03141586916823,3.39227337460002
"2013-11-18",0.132747885511884,0.100815856791892,0.069697890905376,0.0579213752114497,0.175959413167741,0.950030856649195,1.46836224634355,2.07549366430402,3.05467989531838,3.4152908357965
"2013-11-19",0.144843592002289,0.108780678321368,0.0726569790546707,0.0543233368514375,0.168282282928166,0.952468798551542,1.47674268520818,2.08676296734841,3.06037136544025,3.41676729429369
"2013-11-20",0.125876641129726,0.0925702082705434,0.0599435435770172,0.0467409507986414,0.165997928939892,0.952435295754737,1.47717679201718,2.08944669089044,3.0715981403351,3.43221373828673
"2013-11-21",0.141974956663649,0.110091955918407,0.0789925571607227,0.0670893525638114,0.184424267688447,0.955190962963125,1.47146287433955,2.07623049288724,3.05165551761384,3.4108870022012
"2013-11-24",0.150001861341849,0.114540273791513,0.0788657982599787,0.0601720430422745,0.170465511702911,0.940494321623755,1.45922543802701,2.06602841883654,3.04102116026003,3.39918533311416
"2013-11-25",0.14281885659875,0.109765291986383,0.0767818003168896,0.0608449193638024,0.170087257759561,0.924378281408839,1.43643924750912,2.04035038837018,3.02183542738226,3.38469858930422
"2013-11-26",0.137523404639637,0.10505427846481,0.0731322559810125,0.0597667400977999,0.174775997926564,0.941534921744106,1.4564439117933,2.06003264879122,3.0339966306626,3.39273916989894
"2013-11-27",0.151625539833499,0.11640639373891,0.0807944785815772,0.0614092596295733,0.168539548551915,0.928792084030605,1.4446494424323,2.05102616160464,3.03125507327408,3.39250214832289
"2013-11-28",0.15142890096837,0.115866827664519,0.0797421246654779,0.0593452716412117,0.164552244344323,0.920178468150725,1.4338761235534,2.03801972384572,3.01495977365705,3.3750305315092
"2013-12-01",0.156316769910478,0.11963556601788,0.0825021115172925,0.0619238063472111,0.170909327147472,0.940753794215532,1.45761724607178,2.0596854233513,3.02128997260629,3.37336604281476
"2013-12-02",0.148204203009167,0.115345626242613,0.0827259807144577,0.0676403169906913,0.178405935712034,0.931560106799689,1.43903002190319,2.03443345673134,2.99575310689186,3.34990118500495
"2013-12-03",0.149530286119526,0.116818124676155,0.0852326124703213,0.0743582898343521,0.197790613195708,0.983934568941515,1.50008054539929,2.09590341677043,3.03917908209253,3.38317242050017
"2013-12-04",0.144329510451826,0.116183610902736,0.0907673061312794,0.0901033378632715,0.227428219546572,1.02799524674301,1.54493986243697,2.13900588572001,3.07677568752948,3.41847119267484
"2013-12-05",0.159463169750276,0.129303444499791,0.101375610710523,0.0971509303509921,0.231104645818418,1.03046384047486,1.54641418607632,2.13740594340548,3.06554970631081,3.40276843260253
"2013-12-08",0.186589002087553,0.156535039207225,0.128380448797888,0.12265780361076,0.251341247981419,1.03456633135622,1.54453845497833,2.13191912977386,3.06049179836294,3.3989808838438
"2013-12-09",0.170516536200951,0.1449852864769,0.122346185550057,0.123963678904893,0.257606188498748,1.03081262000602,1.53422547447111,2.11769539315903,3.04957053832603,3.39127808840627
"2013-12-10",0.177887306917669,0.153932264997911,0.132890341914852,0.135543190351929,0.266032357824649,1.02192552545491,1.51870839888116,2.09942413500394,3.03769678233955,3.38395960631345
"2013-12-11",0.199754286614198,0.175046665929646,0.153373234587371,0.156103604757256,0.289625928300723,1.05479787352097,1.55201233607658,2.12798775638563,3.04756766817867,3.38473076564896
"2013-12-12",0.216968168288551,0.192071767023917,0.169826077760714,0.170635722432932,0.298684788754246,1.04825841712295,1.53959608181169,2.11176151257307,3.03102434258784,3.36917307164409
"2013-12-15",0.259202657832738,0.227462909504534,0.196710084588288,0.185634399976289,0.303519194105153,1.05880048439934,1.55520677013057,2.12840442881232,3.03602547185587,3.36703379879491
"2013-12-16",0.281719769117246,0.24185924607757,0.20088163550524,0.175143840204971,0.279543461934747,1.0417511415105,1.54824799775662,2.13099143024175,3.0459547805505,3.37790657710085
"2013-12-17",0.292938685884801,0.244144777456138,0.192868721893843,0.155282776596817,0.257472487941913,1.05357141862287,1.57258975192306,2.15662517203375,3.04707118412966,3.36543488351715
"2013-12-18",0.295828102788648,0.242612992890287,0.1859776091124,0.141366911234732,0.239223088389249,1.04774551554279,1.57570898268729,2.16788513332551,3.06615741001808,3.38649417401102
"2013-12-19",0.273568032318887,0.226266834211086,0.177074125248052,0.143155985054445,0.251075477708478,1.056690779684,1.57882408492298,2.16550470224291,3.05919509766242,3.37864501094673
"2013-12-22",0.212421318101745,0.174116677687464,0.136725959109217,0.121341263997516,0.25201693431761,1.0770607971897,1.60100172724784,2.18877613238614,3.08609671231186,3.40744243765089
"2013-12-23",0.210079361754935,0.15663923058782,0.102886901993343,0.0721871917564093,0.212383568370275,1.11937989339481,1.66630017865383,2.25220674395016,3.09910124893703,3.39525313714668
"2013-12-24",0.210132861737615,0.15621648288851,0.10224407427772,0.0723536681514896,0.216433010795469,1.1320346412425,1.67910298301495,2.26174904885758,3.0988428448033,3.39089789478858
"2013-12-25",0.21951616019705,0.162993249281871,0.10625664468815,0.0739795412471504,0.220549971083573,1.15407191267426,1.70811952268937,2.2948914623735,3.13275961966678,3.42440354360168
"2013-12-26",0.245236059948965,0.198816243434437,0.152323743003344,0.127357335620724,0.259842647363905,1.12837125023129,1.67054660852484,2.26760451353363,3.15799646194716,3.47340920691979
"2013-12-29",0.280293248709019,0.223377462632122,0.163880849594805,0.120819433385179,0.237777463663878,1.11427854651136,1.66530418385574,2.2686033479076,3.15972667607446,3.47393870766584
"2013-12-30",0.282346011019478,0.20227655524658,0.117347193070472,0.048723449760204,0.172113074983627,1.14572569011754,1.72340505266518,2.32522788266046,3.16713576134274,3.45789354322129
"2013-12-31",0.262581811983821,0.189385507877492,0.112733761234666,0.0549534089855723,0.185904400422506,1.15036794462659,1.72215523099763,2.32024758632638,3.16116381830229,3.45212336404318
"2014-01-01",0.240522292547438,0.19379703506552,0.146576250521703,0.11952161302784,0.247049234845283,1.1071900491106,1.6497667130029,2.25095943921597,3.15349970903497,3.47411775362779
"2014-01-02",0.228382762505133,0.183332999288536,0.137742102160916,0.111604117712273,0.23607242227034,1.08628108391654,1.63006956180097,2.2390531784686,3.16485420370529,3.4956076181714
"2014-01-05",0.193352759990394,0.155518430072474,0.118815023860969,0.104846693320017,0.238979831598628,1.08005767395848,1.61640491138307,2.22073399147884,3.14855439425515,3.48173622008198
"2014-01-06",0.176042810644584,0.145273397177506,0.116939549858818,0.113316503076265,0.251788704759383,1.06845344414973,1.5917405887122,2.18805633644181,3.11866959321987,3.45571898195984
"2014-01-07",0.184033927662834,0.151454197613126,0.121284092930812,0.116406452714783,0.257914238035574,1.08949783758061,1.61640092293437,2.21110023253722,3.12793327801178,3.45797470997888
"2014-01-08",0.1720969064914,0.137103801021866,0.104626797852726,0.0988086899942763,0.247236091134539,1.11277841408863,1.65456676421066,2.26007454608559,3.18232080308536,3.51238714603495
"2014-01-09",0.170145925202002,0.135805183055379,0.103194010061803,0.0941772681906233,0.230304571418251,1.06263585143595,1.59679299296508,2.203754297569,3.14636313402167,3.48682660608024
"2014-01-12",0.170269727821283,0.137818725327134,0.107317083198612,0.100445426663729,0.235615329506473,1.05403984366333,1.58107891645457,2.18247635765219,3.12182192715486,3.46211668255782
"2014-01-13",0.226609484353512,0.18603467276182,0.145079191339449,0.122391944456602,0.239731340180928,1.04588029611882,1.57078376022953,2.16747453959324,3.09148942254159,3.4245254684245
"2014-01-14",0.230067060432176,0.184174690682459,0.137840942104016,0.111621614508211,0.238987033526711,1.09954985606694,1.64579697329964,2.25419172100694,3.17319716321128,3.50057303516163
"2014-01-15",0.229266518460937,0.182040543948575,0.133517604558398,0.102547263107342,0.22047315401634,1.06373431915274,1.60686542004095,2.2161872151289,3.14349227287077,3.47487587871503
"2014-01-16",0.229500515204393,0.184534261214853,0.138181026714904,0.108181370000467,0.22022493566967,1.03637957028386,1.56956257617296,2.17407095861031,3.10572875400426,3.44063606212432
"2014-01-19",0.25300348957151,0.203911300687837,0.151984324836437,0.112753662485212,0.212171430871283,1.01450159706031,1.54619162858183,2.15117199081409,3.08560361897812,3.42170690611337
"2014-01-20",0.233304549889754,0.189319091199645,0.143905189941695,0.114320772419165,0.22383272483074,1.02880597435909,1.55839128909797,2.16199957402451,3.09825967778794,3.43586110644949
"2014-01-21",0.230409355189646,0.185992832130893,0.140404710031021,0.111745250086502,0.225860973510587,1.04536763618847,1.57960776033652,2.18498941023628,3.11768557373347,3.45293626855662
"2014-01-22",0.225687473502509,0.181125233074867,0.135288946128194,0.106051729997094,0.218831423930196,1.03440260951433,1.56663090624766,2.16989216826986,3.09947222300682,3.43361750632847
"2014-01-23",0.219001575041949,0.175903618055623,0.131515552845517,0.103066058647235,0.212275645693527,1.00843927359566,1.53159122183496,2.12768210712228,3.05210481537303,3.38542033179023
"2014-01-26",0.226135572054489,0.182270658011652,0.136767019973696,0.10621141432393,0.211692789970463,0.999922774375349,1.5197398959924,2.11257610081677,3.03247399468601,3.36420972979525
"2014-01-27",0.268040842446302,0.212161588879192,0.151706544439509,0.100183723400836,0.187390650256571,0.985034176155821,1.51546226399111,2.11523265258675,3.03232442702637,3.36046324081754
"2014-01-28",0.225083660805769,0.181631859181216,0.136081526422597,0.103686226110087,0.202032345169481,0.971938560057039,1.48873178782204,2.08485609805471,3.02234037454363,3.36261781183343
"2014-01-29",0.213869014869375,0.168153982478781,0.119550726261318,0.0821166315002215,0.173643234103311,0.936550767503886,1.45296496184867,2.04991847489067,2.98995112390455,3.33128090263922
"2014-01-30",0.205164884765047,0.158454054742404,0.10782705459412,0.0650155052194243,0.14358202831086,0.876430627160798,1.38480146851092,1.9800570864474,2.9309863980812,3.27868098216783
"2014-02-02",0.202612379692451,0.159773357246366,0.113715752215168,0.0764724481474921,0.156972985928549,0.874425748172588,1.37471614883024,1.96521214417468,2.91947481930354,3.27062410628893
"2014-02-03",0.187765124590319,0.14511331655873,0.0996405848589108,0.0643654615509313,0.150369599965041,0.882180273180882,1.3867739112642,1.97861506673494,2.92805285610133,3.2761236451947
"2014-02-04",0.184467769508873,0.14354932407814,0.100124140984454,0.0673602025127289,0.154358927829808,0.880424110231148,1.38250149702057,1.97384288977354,2.92817001860271,3.27920101945804
"2014-02-05",0.21024547153581,0.169446803913927,0.126551776825113,0.0957857139886575,0.188734354001932,0.93159414131184,1.43955004937853,2.0340647243633,2.98649835310236,3.33552862157853
"2014-02-06",0.209109130950119,0.164592791021186,0.116694455460601,0.0777129171821991,0.159709714407045,0.892356235476811,1.40062120472861,1.99769206940591,2.95645967529437,3.30805178607315
"2014-02-09",0.220188012033317,0.176109945764293,0.128889337958339,0.0913108705157052,0.176158218542271,0.9162640825345,1.42818433151342,2.02909845056699,2.99357937839044,3.34721750218072
"2014-02-10",0.209093246971991,0.166324128158198,0.120902779997218,0.0864030579519286,0.175774529736247,0.922156318562655,1.43554938952739,2.03733917384151,3.00235765087447,3.35609974437841
"2014-02-11",0.215769717248354,0.17064453321364,0.122694448196563,0.0859707820293656,0.177798888174173,0.943029649581149,1.4637933729517,2.06860878645486,3.02683225234528,3.37585747980493
"2014-02-12",0.20340958038366,0.158820259665542,0.111028524676106,0.0728983826116063,0.158314271902174,0.905337477154324,1.42221157200522,2.02899106904951,3.00293727077219,3.36005144177967
"2014-02-13",0.230751115783181,0.181563201501588,0.128147347949055,0.0824518550739078,0.16231102795527,0.916162755068082,1.43700038262929,2.04419723533279,3.00847398856845,3.3599411301384
"2014-02-16",0.219457941612574,0.172607350221325,0.122078012654188,0.0803686970836703,0.163575368298452,0.916190378476804,1.43639308807737,2.04495304995266,3.01658506275808,3.37179118086488
"2014-02-17",0.245280758053068,0.194823097605525,0.139134962143818,0.0880432014120182,0.156194936315531,0.887190026305113,1.40460716022938,2.01548355515571,2.99952449889545,3.36071763388438
"2014-02-18",0.239991252335078,0.188606320144646,0.131944299717928,0.0800634035358557,0.149357901815259,0.887184972034694,1.40632139386617,2.01632055977705,2.99294673151267,3.35026313526065
"2014-02-19",0.22681683848812,0.178077799130365,0.125097926254743,0.079663914595675,0.158907978344399,0.912670739728365,1.43671626878177,2.05066665359081,3.0318031907449,3.39057872034085
"2014-02-20",0.227464757017882,0.179065249517491,0.126406722949519,0.0810535225230883,0.158901656974056,0.904046833424502,1.42246643048163,2.02993229352971,3.00081292230408,3.35584940127804
"2014-02-23",0.227561116208746,0.181366585283574,0.131402432723915,0.0896652136118751,0.170137689160763,0.911890032704293,1.4283894373671,2.03570216913225,3.01149407134751,3.36939120245997
"2014-02-24",0.220458312226955,0.172778441516515,0.12074483405866,0.0753768829353512,0.150223576741984,0.882880761946599,1.39654416407992,2.00155564023111,2.97469946910499,3.3317378371579
"2014-02-25",0.216221812009286,0.171140441540523,0.121859716874635,0.0787256909228186,0.149810846344623,0.855144538980643,1.35554293454485,1.95055087069481,2.91954959235055,3.27745363573725
"2014-02-26",0.212852000886627,0.167925715886238,0.118190870135816,0.0722763626849265,0.133674619087611,0.809220225977283,1.29867927111296,1.88759651024621,2.86030698363877,3.22227737034357
"2014-02-27",0.214544074199093,0.171240161060769,0.124526165233326,0.0861035829628685,0.164689393082563,0.878678498484534,1.37771743830296,1.96708497456671,2.91988313567483,3.27053268643235
"2014-03-02",0.238142473145824,0.191102560082687,0.138979080216267,0.0904931020520092,0.152128494134138,0.83726365062767,1.3290435644008,1.91550771547851,2.87236261535623,3.22597687450587
"2014-03-03",0.225967322559763,0.180119814064462,0.129677184750549,0.0842023758868613,0.150699785156842,0.844518421280683,1.33938758918433,1.92860866620873,2.88900147358507,3.2438172973227
"2014-03-04",0.218431435636188,0.173922364900476,0.12505779390946,0.0815174934114333,0.148840837926126,0.839270817753634,1.33342140851517,1.92425755474545,2.893066510558,3.25221386264408
"2014-03-05",0.248247949534317,0.201592624478888,0.150430389941408,0.104910833651326,0.174745666926665,0.884148879762587,1.38627110035555,1.98115952912353,2.94481782307671,3.29967511314903
"2014-03-06",0.265233384071825,0.221391335959889,0.173584072223174,0.132224090968014,0.203475689868979,0.898018321523399,1.38979501347151,1.97426291615937,2.92579729817539,3.27721772757844
"2014-03-09",0.268928650241292,0.221499728152895,0.168960902001543,0.120151779001955,0.182577428033526,0.874516103168613,1.37104220376471,1.96312585678765,2.92910741344353,3.28608988540428
"2014-03-10",0.265443026941556,0.219723595090639,0.169351824783083,0.123742307373423,0.189698022121178,0.885862718899533,1.38561828009259,1.98360628322556,2.96461540418925,3.3283385672832
"2014-03-11",0.244734862041012,0.203598062188593,0.158613354032302,0.119477392004527,0.187246152268553,0.863344269171036,1.35299832840833,1.94581690447029,2.93528100444729,3.30588963096807
"2014-03-12",0.253053746587746,0.209793379614355,0.161596250735858,0.116079226156786,0.171984339909619,0.824340068446019,1.3067508534711,1.89571281190661,2.88731944740424,3.26036981576767
"2014-03-13",0.253928207981779,0.210944026394156,0.163246480986853,0.118904408073134,0.17717551699363,0.831704950285736,1.31162982982498,1.89448842820714,2.86931044983182,3.23466764142077
"2014-03-16",0.268288742183448,0.224941260161819,0.176757718335594,0.13162833007259,0.188891718681095,0.842740932718799,1.32292775655125,1.90633646428724,2.88233050922542,3.24815650778275
"2014-03-17",0.264679062415252,0.221309834120737,0.173075794485421,0.127792696886462,0.18460817043866,0.836811676775273,1.31603387617789,1.89834488878844,2.87258323759651,3.23776061231535
"2014-03-18",0.269353625027181,0.225155660338033,0.176123015115454,0.13051222257387,0.189847587018015,0.855283243107376,1.34073818938422,1.92771054500268,2.90343750325592,3.26783832917726
"2014-03-19",0.244766202544237,0.206270391570444,0.165149055626181,0.13323200956718,0.212730773982793,0.901791271109713,1.3877647488482,1.96849853415709,2.92345728903659,3.27833978355757
"2014-03-20",0.281469711579556,0.239433661983906,0.193355469232286,0.152665349499084,0.218335686906072,0.884120978064254,1.36244826883195,1.93675183525822,2.88402998152597,3.2363889571187
"2014-03-23",0.272399491418316,0.228105542915211,0.178978009994695,0.13324922346069,0.192115690728204,0.851317991244775,1.32975914164011,1.90566707949388,2.85715284207377,3.21125486703034
"2014-03-24",0.271298416213004,0.226044851349321,0.175660453633473,0.127984535772219,0.184662994235213,0.843951597588706,1.32418331273313,1.90276489272744,2.85921788252128,3.21523107322621
"2014-03-25",0.271473471012852,0.224728561927263,0.172095731965629,0.120004076702499,0.168778330580127,0.814962381668844,1.29340476981009,1.8740251219763,2.8414767740002,3.2030508403562
"2014-03-26",0.251864349070143,0.207902206711838,0.158499843433573,0.110134245000716,0.159256465880703,0.790192713330715,1.26077698835498,1.83652963714493,2.80724584389142,3.17259749718098
"2014-03-27",0.237281974980382,0.202503104376713,0.167517717971483,0.148844918118914,0.253417556279966,0.971630481053754,1.44437417071392,1.98694505170369,2.8375152820193,3.14596988278187
"2014-03-30",0.234959324990043,0.203040133337224,0.171621202414768,0.157967343736157,0.266936227174529,0.982818610028532,1.45299562220246,1.9940666170088,2.8463385676136,3.15625621149389
"2014-03-31",0.233038096225615,0.203625603762937,0.175599925597342,0.16758465785994,0.284306208773571,1.00866864686029,1.47965098857893,2.02019917861058,2.87019443404043,3.17913223969037
"2014-04-01",0.232806213303115,0.204328768647216,0.177901850257625,0.17354569851956,0.298129464638729,1.03986653715999,1.51600576405904,2.05885880097292,2.90630150667322,3.21325538576859
"2014-04-02",0.231766668543677,0.20302256577345,0.175691553101668,0.168225723453097,0.284166372769865,1.00479393299782,1.47584061863146,2.01895836881125,2.87813914114172,3.19139509477599
"2014-04-03",0.243076705168624,0.20894227032875,0.173789573251611,0.15176896932499,0.243450242846406,0.926223167533955,1.39083696571801,1.93578033582325,2.81288165290729,3.13525022709711
"2014-04-06",0.245153103070586,0.211996052425115,0.17818207641879,0.158436463461864,0.253408254637014,0.940497810513959,1.40598167042805,1.95131088659837,2.8283754027453,3.15065839970096
"2014-04-07",0.239507280320017,0.208969772600824,0.178706598659387,0.164874256176138,0.268003021576545,0.963990467399399,1.43021981279822,1.97479349116443,2.84895248861162,3.16998255069342
"2014-04-08",0.238952788678534,0.208801916592786,0.179505868309501,0.168576257890224,0.279097670353936,0.990736911279989,1.45887099461271,1.99954985693996,2.85580860521625,3.16809890012612
"2014-04-09",0.240038148020121,0.206479144508464,0.17227950319775,0.152331012977984,0.248014464180696,0.936184589440311,1.39952434979334,1.93964737472371,2.80272704141048,3.11877423174713
"2014-04-10",0.240433731399552,0.209834380306974,0.179033615396436,0.162884235336732,0.258460256111793,0.929118937426223,1.38335894959079,1.91704876701881,2.7795064035254,3.09732073388728
"2014-04-13",0.244048013843461,0.211957280597178,0.179383775798236,0.161030738792424,0.255673474192795,0.931661315309045,1.3887047926798,1.92386236788769,2.78427345787693,3.10040480302244
"2014-04-14",0.243780833297336,0.210392049750417,0.175472116118984,0.151424844921909,0.23305472435149,0.877896327590906,1.32481527226235,1.85479690046574,2.71921709725553,3.03914984398534
"2014-04-15",0.231347982584185,0.200758059568281,0.169568832893134,0.151524286838892,0.240716948357494,0.890238276877373,1.33497225241932,1.86068091426955,2.71634979526795,3.03284255092382
"2014-04-16",0.229356929366837,0.203339631643245,0.178120166800815,0.16932743093949,0.269328148997125,0.924681225025752,1.36768738824238,1.89115055718376,2.7456005458929,3.06240791590769
"2014-04-17",0.223184291617098,0.195859654489584,0.170005938301904,0.163538981836507,0.276010484074517,0.970052862067431,1.42311923666654,1.94531866477642,2.771217458522,3.07231857573874
"2014-04-20",0.221390957725727,0.191949665366355,0.163794889673929,0.155186086829433,0.269358727365745,0.978507561846359,1.43732628663668,1.96153543503246,2.78097030182547,3.07789251380988
"2014-04-21",0.2283363763882,0.201907722098352,0.176632105572419,0.169260538131796,0.275517973063364,0.950903061551982,1.40063488445497,1.92661845525559,2.77408961297007,3.08609940051325
"2014-04-22",0.242838623972772,0.213012218415932,0.183567240253402,0.170538535834463,0.272449711152913,0.951748174099484,1.40349002171076,1.92837425804432,2.76534263907931,3.07163848743665
"2014-04-23",0.222930653429777,0.199443442631212,0.177985174524875,0.176411066276585,0.288784190938988,0.961754586626077,1.40487470569412,1.92153484086743,2.75230410022543,3.0579772087855
"2014-04-24",0.233887982300951,0.207148214719091,0.181216095154723,0.171978718210068,0.273073685612319,0.930403426358954,1.36990098246683,1.8844836751842,2.71418606523362,3.01972106475925
"2014-04-27",0.238818772320876,0.210947840759808,0.183793594460122,0.173477571268626,0.275905250980851,0.944621644177877,1.39003565129621,1.90950196129935,2.74253148240328,3.048366181033
"2014-04-28",0.226302565955939,0.195967420545437,0.165865059609036,0.151847038558716,0.252743695362711,0.932586665058562,1.38551699705721,1.91203783389388,2.75187866810402,3.05925409585449
"2014-04-29",0.231188285278717,0.199124869507177,0.166536780338772,0.147909505973264,0.240879708613804,0.904602219010283,1.35096447246572,1.87113849996545,2.7021791567557,3.00647668209111
"2014-04-30",0.228786937320029,0.187780207113356,0.145125524193369,0.115788498407081,0.210302207492584,0.918853239076487,1.38111181692797,1.9032639086033,2.70375652012286,2.99074783482617
"2014-05-01",0.229296383518156,0.197787284947137,0.165429579613535,0.145622231881696,0.232583918346698,0.876728450304636,1.31673549304818,1.83486718274876,2.67340637931827,2.98254308627292
"2014-05-04",0.24823958920815,0.212000981482318,0.173776282774917,0.145835650037845,0.226194588464983,0.877196942547026,1.32316858604407,1.8453851782926,2.68224841886261,2.98895386228548
"2014-05-05",0.234041909366818,0.192831238871001,0.149523176524543,0.117975644635404,0.206328929356973,0.898812106748162,1.3559188807197,1.87552851934556,2.67762227977656,2.96607903185257
"2014-05-06",0.251231418065732,0.205619682532291,0.156779137370253,0.117309286634265,0.198319117623693,0.893597344944573,1.35534270433385,1.87922048747879,2.68450661511254,2.97342142648257
"2014-05-07",0.236879037992453,0.195137462995591,0.150784637374686,0.116540762970344,0.198597069622956,0.877284085926694,1.33109736588364,1.8504615680321,2.65808104181254,2.94949750953367
"2014-05-08",0.240513376981682,0.197467913152034,0.151385008039257,0.114378449497509,0.192995995996093,0.869494230023652,1.32410230703145,1.8450201572704,2.65567030306972,2.94824100833607
"2014-05-11",0.237625651344607,0.195442462672738,0.150375777181536,0.114663846889478,0.194315260121623,0.873419847632614,1.331868169314,1.85963342666417,2.68594189307406,2.98507579963969
"2014-05-12",0.207716550442122,0.172576610772231,0.136038036905637,0.11147320115943,0.197938228404797,0.85840296394227,1.3048852910877,1.82426095179214,2.65054751965262,2.95230708775123
"2014-05-13",0.195641238075732,0.16494133415246,0.133621557913454,0.115281648563931,0.203008329893461,0.838344665773063,1.26883703457028,1.77319414246157,2.58438470466355,2.88246434391761
"2014-05-14",0.176491894758493,0.150066513091271,0.123903861867285,0.112188466935912,0.203230595560741,0.821374903861389,1.23982889276187,1.7329685892669,2.53402802131339,2.83014125016106
"2014-05-15",0.182997280758878,0.152775172238268,0.122039927568359,0.104466090104137,0.192556458132685,0.824980491495677,1.25291552712919,1.75409645790266,2.55999172780392,2.85610508283749
"2014-05-18",0.180902541996114,0.151945110647475,0.122760885043788,0.107298709799128,0.197099707723011,0.829150032295492,1.25745067818333,1.76072985952647,2.57411213511499,2.87384996106167
"2014-05-19",0.179378275682788,0.14812735568831,0.116264378414712,0.0976890626613158,0.187327611501774,0.835428128019064,1.27445534106546,1.78877659302862,2.6159566907622,2.9199078407823
"2014-05-20",0.220904146896053,0.181030917232084,0.138325276259283,0.104217133275054,0.179433368771535,0.832100874944991,1.27855042056484,1.79772933947118,2.62094444295958,2.92086335360142
"2014-05-21",0.218340221749866,0.179198788874057,0.1373206476798,0.104054122362621,0.178660102769759,0.822404382578139,1.26244184634592,1.77407406358901,2.58523370741096,2.88075121751248
"2014-05-22",0.203384137305608,0.168158633502481,0.131071292439941,0.104251595830393,0.183583442140081,0.821277609131062,1.25766831480457,1.76852657892357,2.58704570492278,2.88701286158402
"2014-05-25",0.162949046672814,0.136819489536586,0.11113200710286,0.100516935663734,0.194487643634173,0.826184779205478,1.25510467154127,1.7625367046799,2.59148211443829,2.89890942820841
"2014-05-26",0.150315220300025,0.12766193604624,0.10619063860177,0.10107401649111,0.198159534784219,0.817961161720651,1.23876575581605,1.73956016431684,2.56598278712565,2.87441384984151
"2014-05-27",0.144813283615402,0.12627562138161,0.109603470249656,0.110042762757548,0.207387837179591,0.799539341548414,1.2030563696325,1.68791590351697,2.50067392036015,2.80702152985892
"2014-05-28",0.142721459678744,0.125035958186055,0.109389298778805,0.111151260728448,0.209276182375021,0.7997717867719,1.20295719376258,1.68903648558185,2.50817963786645,2.81798599914705
"2014-05-29",0.150274180840723,0.129328513593272,0.109788567609871,0.106724590956257,0.203315263930143,0.812307096643019,1.22843528214206,1.72742428749911,2.56016476638506,2.87307920824715
"2014-06-01",0.164925626752794,0.142237996715317,0.120338837972845,0.113356931016437,0.204604601579681,0.80830340113542,1.22450359446314,1.72481763703695,2.56117551417646,2.87562137141464
"2014-06-02",0.170566417441925,0.144717049025754,0.119071265465899,0.107531200465322,0.197580102139862,0.818969884730596,1.24670393241478,1.75767208773965,2.60301971302345,2.91876761491193
"2014-06-03",0.136061355435669,0.115646248637035,0.0971044683878155,0.0966289044160522,0.199941223219706,0.831850178338986,1.26110939702911,1.77499509636312,2.63163222014612,2.95340819729078
"2014-06-04",0.089042001429403,0.0768714031515498,0.0687770406993145,0.0834472292773448,0.200956841840773,0.825028847263253,1.24284552645541,1.74635902173404,2.59967192088914,2.92408058978307
"2014-06-05",0.0784243782129805,0.0721655096615551,0.0709999955320035,0.0938100743693824,0.212200860196966,0.799043494240536,1.19479521576561,1.68103661508751,2.53349316285683,2.86538516559054
"2014-06-08",0.0866633567600451,0.0800240877001691,0.0782831635476092,0.0999354243710974,0.2160431509464,0.79692858109937,1.18963826687333,1.67251871880337,2.51957139410346,2.84942948860996
"2014-06-09",0.108215740693615,0.0943959812026209,0.083808680778747,0.0935128074269698,0.20163986645731,0.805395687644633,1.21577722922597,1.7137415664865,2.56403690980587,2.88863056428154
"2014-06-10",0.0945099910110475,0.0821502377957759,0.0734611136340549,0.0860920107576372,0.197663724524518,0.804386315270158,1.21581788584893,1.71598460450016,2.57365303984216,2.90208822212838
"2014-06-11",0.063966742939314,0.055569617056815,0.0519854649615006,0.0723262963754454,0.192401721708988,0.803857011765183,1.21636232857602,1.72086485155607,2.59742586573438,2.93642556990038
"2014-06-12",0.0493878073333049,0.0432419206896074,0.0425278514151714,0.0670609506531313,0.1910155092065,0.798377301742145,1.20533205340816,1.70316461245296,2.57071840156879,2.90716961367738
"2014-06-15",0.0226324552226065,0.0213137774550874,0.0268123999284275,0.0606450935108191,0.194185723400314,0.799632496839677,1.20014723599577,1.69142157960493,2.55635724553267,2.89479839809822
"2014-06-16",0.0211760345344637,0.0183937595160929,0.022261266272136,0.0545143414398371,0.189528517518728,0.812186787245807,1.22361416032905,1.72584167600539,2.602079408325,2.94262174017918
"2014-06-17",0.0412950480536324,0.0390763162389611,0.0432661891612803,0.0746558719496754,0.204119712781254,0.803702072123716,1.2041202837868,1.69788201357211,2.57304906238705,2.91695623429841
"2014-06-18",0.0961727088791822,0.084089765396593,0.075217869582294,0.0857905526226315,0.189149857337959,0.766639821578659,1.16514745591522,1.65589994251954,2.51284323456684,2.84485245326568
"2014-06-19",0.0411197482633969,0.040584861617095,0.0465826472538818,0.0794721521602572,0.206271508857686,0.784332140739907,1.17309305560282,1.6576850987472,2.53303407135165,2.88197439628292
"2014-06-22",0.0331191883039452,0.0321678060981524,0.0376588885950377,0.0698779629041418,0.196224774853449,0.77475293841858,1.16323731027803,1.64623581207645,2.5146680312436,2.85961494897414
"2014-06-23",0.0324785032807842,0.0312883056674543,0.0364399801643536,0.0680423162002638,0.193366494987256,0.769961792823899,1.15771532227152,1.64003872735434,2.50758025513861,2.85222340004485
"2014-06-24",0.0303711124141831,0.0316006642169223,0.0395285732301783,0.0741169429863233,0.198222102505821,0.750103815013542,1.12141326552507,1.58712758009448,2.43910506555675,2.78227005276238
"2014-06-25",0.0489428421904637,0.0493244821627542,0.0559093744645552,0.0876292193062303,0.205698221172334,0.741589685705016,1.10547944476663,1.5642071760717,2.40891158805454,2.75065194772613
"2014-06-26",0.0439056984209642,0.043154640627447,0.0484703273688762,0.0789253724114926,0.197911758760611,0.74515882247587,1.11524725848283,1.57836758512459,2.41967580489319,2.75639100703559
"2014-06-29",0.0360495746101733,0.0340963600683781,0.0379631440073998,0.0665791226170107,0.184815153214224,0.73806068944679,1.11201277225482,1.57795044258861,2.41710051562708,2.75063202769656
"2014-06-30",0.0596187979530711,0.0522251332105249,0.0490031513643525,0.0667391205894717,0.172955601110956,0.725777292785137,1.1071113507368,1.58222362395396,2.43089613292276,2.76537174188887
"2014-07-01",0.0315201245882218,0.0273624775463831,0.0284763744625472,0.0532970995613111,0.169026845400584,0.733342166409786,1.11821955745798,1.59814674302886,2.46068354800107,2.80262687904694
"2014-07-02",0.0602556405829535,0.0498557865654748,0.0427874560786867,0.0548808595304483,0.15592791781917,0.71607707107662,1.10724729555991,1.59534695685091,2.46574281304129,2.80795360511431
"2014-07-03",0.0233450093305746,0.0197870192168806,0.0213868243894177,0.0459805939644142,0.158183398260424,0.706438059053834,1.08391641725589,1.55907985641671,2.42620310777666,2.77387330666616
"2014-07-06",0.030092935987718,0.0243848869886611,0.0231815621670937,0.0434777014378895,0.151012801867488,0.700248192537561,1.08193316628208,1.56281530490537,2.43860185920183,2.78883459675838
"2014-07-07",0.0523712328381654,0.0424095582006592,0.0354784622565005,0.0463419020281312,0.14109056254085,0.675754684405264,1.0543771790403,1.53211435614756,2.39835828949124,2.74293541914546
"2014-07-08",0.0721384146445282,0.0599995356214577,0.0500896043957664,0.0559148536262298,0.143534644303277,0.670396751747606,1.0488809915184,1.52852725427357,2.40103825675005,2.74853186319514
"2014-07-09",0.0515403960294382,0.0385946185100221,0.0277903882950215,0.0327469554491105,0.121020523358559,0.654776216822039,1.03614518220887,1.51643484073226,2.3811816368798,2.72300392948999
"2014-07-10",0.0446969066197902,0.0341673892139325,0.0263400411607179,0.0353142421065989,0.126252631764369,0.652458844263211,1.02845570714089,1.50525566003863,2.37544742249512,2.72309064501312
"2014-07-13",0.0384608622496538,0.0239679568015777,0.0112215156915206,0.0134461353611278,0.0995842721933977,0.638150641511263,1.02434328483672,1.51007496939683,2.38128505410254,2.72455097432584
"2014-07-14",0.0310917782959464,0.0156735614481207,0.0018100194621653,0.00261002829274948,0.0881431958730441,0.631379214237733,1.02080167769818,1.50937304901788,2.38156520551995,2.72400546335945
"2014-07-15",0.0273587095860136,0.0116056544881235,-0.00283304559795383,-0.0033988348847046,0.0788302064038708,0.61110536668182,0.994105553871109,1.47514631356878,2.33457273724371,2.67209802100547
"2014-07-16",0.0324074173006081,0.00966933127305922,-0.0129182439812635,-0.0230067448673411,0.057861669668832,0.625823876823521,1.02490355990898,1.50991936500095,2.33179429165738,2.64320464701212
"2014-07-17",0.0501380852618932,0.0224164516398635,-0.00661754381386298,-0.0265037288868398,0.043526501032817,0.607769147553575,1.00926181866279,1.49605433338422,2.31451743900637,2.62281082726153
"2014-07-20",0.049842213068658,0.0205066957356689,-0.0107500553199334,-0.0344507434268486,0.0299551047248112,0.586474186613417,0.986292782304197,1.47228792644591,2.29079392942014,2.59927158239067
"2014-07-21",0.0658746445668289,0.0382777640748484,0.00805309954752897,-0.0179399885853133,0.0319513978706929,0.540047694409352,0.927100366065989,1.41720553311263,2.28996841105697,2.63046100788047
"2014-07-22",0.0654352333090246,0.0375205456059955,0.0066351517191236,-0.021191110135709,0.0238635830912427,0.517275606181606,0.897671856907284,1.38216465251563,2.25107939323899,2.59154510756681
"2014-07-23",0.0592499899774676,0.0322657306949067,0.00285169237954125,-0.0218613633076875,0.0295328392472026,0.537718940073079,0.923514044905118,1.41158306008905,2.28017652330121,2.6189684726401
"2014-07-24",0.0520886543991056,0.029767102076801,0.0064218009978822,-0.00901926382166551,0.0523363244705595,0.557658253767792,0.933623092027323,1.40792154304765,2.25293712605441,2.58326524698014
"2014-07-27",0.0595621409369439,0.036431977116692,0.012054215328856,-0.0049255710827657,0.0547363259820604,0.558318661446353,0.932867661093677,1.40410629611249,2.23955661101251,2.56498630824014
"2014-07-28",0.0521681288092256,0.0246157319622544,-0.00397437311158799,-0.0225794577494466,0.0500744235901793,0.611834672865379,1.00371600247354,1.47212063624613,2.24492610069251,2.53286971271205
"2014-07-29",0.0430365706398738,0.0253543045995986,0.00792239839914383,0.00110550656763142,0.0703358035387573,0.566082577345216,0.929486739809221,1.38836121016189,2.211329063732,2.53498588520667
"2014-07-30",0.0272653041634698,0.00868398246468038,-0.00863137907475708,-0.0112076183123541,0.0753295207148664,0.622493060453233,0.998175257923314,1.45055111091263,2.20996443107066,2.49634281226941
"2014-07-31",0.0186647711175548,0.00327561095077428,-0.0100867767478554,-0.00724725349204836,0.083227960252668,0.62164848119976,0.989931917686579,1.43537428549063,2.18998592671554,2.47636247219861
"2014-08-03",0.0129002615513008,-0.000224546238812851,-0.0108429348454526,-0.00445234108138515,0.0878214653002801,0.616643889038001,0.978177991171391,1.41761740143389,2.16888127481268,2.45578931464835
"2014-08-04",0.00939179741342531,-0.00212536754682,-0.0108714387911172,-0.00232467186248453,0.0899918815629375,0.607946682558947,0.96302869020027,1.39718953953241,2.14690691290814,2.43519341999369
"2014-08-05",0.00905241393601385,-0.00223302313207605,-0.0108392703473694,-0.00261164746144205,0.0875469910275436,0.596359398282618,0.946909252550582,1.37723613172297,2.12460497186582,2.41306142470607
"2014-08-06",0.0102130478719349,-0.00122176787341136,-0.0102078927930124,-0.00317259338052689,0.0836136716390958,0.582092584819791,0.928235332966655,1.35529903762012,2.10203419979137,2.39148447700404
"2014-08-07",0.011641569579947,0.000361153205779702,-0.00867965763912282,-0.00256281820449333,0.0804396987864027,0.565586939187692,0.906173437650792,1.3298167180961,2.07924665920722,2.37198970835237
"2014-08-10",0.0163054016967772,0.00343744703273935,-0.00781067948096714,-0.00554729594654679,0.0715727918629281,0.547867624547927,0.886179621892007,1.30845538411713,2.05733822718839,2.35013353427582
"2014-08-11",0.0205211862084721,0.00660572204416704,-0.00621506959286822,-0.00704976480713371,0.0643374912408401,0.529012413232664,0.863732979220775,1.28426798770678,2.03576527318507,2.33092758253766
"2014-08-12",0.0251138495375717,0.0100386527845867,-0.00450241999992607,-0.00866613102744901,0.0567204783515612,0.50974553560574,0.841077465641164,1.26021047175984,2.01509233283212,2.31297685496075
"2014-08-13",0.0309050947817428,0.0139217030909672,-0.00325426452504801,-0.0119569129153624,0.0467105651969638,0.490698246498684,0.820382386390107,1.23923465041429,1.9959427741053,2.294884870576
"2014-08-14",0.0364965373453588,0.0176435798963152,-0.00211050033017046,-0.0152428164613417,0.0369065296858923,0.47232742255873,0.800585999662566,1.21939430837125,1.97829784992734,2.2784349131178
"2014-08-17",0.0415993933802916,0.0209895706479548,-0.00118466778737614,-0.0184667870912005,0.0276053326828996,0.455188256505356,0.7822466732075,1.20118433008262,1.96245084167614,2.26382810103498
"2014-08-18",0.0459248790384134,0.0237449627932133,-0.00059030726874626,-0.0215717702307472,0.0191039350525404,0.439835941058044,0.76592277477387,1.18509960000033,1.94869503072958,2.25126555277634
"2014-08-19",0.0503729031342609,0.0261192085751892,-0.000949797546972109,-0.0262407214667317,0.00923190059780354,0.42693526155271,0.753914704314967,1.17425660505177,1.93765694152537,2.23924732664269
"2014-08-20",0.052289143798599,0.0270546125181677,-0.00136172666555523,-0.0289504092016433,0.00319885825746147,0.416816331267991,0.743303586556089,1.16392251669478,1.92896837244277,2.23136971705776
"2014-08-21",0.0537823305027351,0.0271867667468615,-0.00297591814140746,-0.0331648423243602,-0.00367343968119904,0.410289925180839,0.73818801528822,1.15987994136379,1.92357279760116,2.22440401921413
"2014-08-24",0.0521225586739823,0.0254403212956176,-0.00484092918622736,-0.0352304277174099,-0.00602363578397813,0.407616916666112,0.735495301039042,1.15723947504631,1.92112307029392,2.22204276586168
"2014-08-25",0.0494783060803556,0.0224637669926311,-0.00814790355520195,-0.0387152831614185,-0.00864616321479295,0.409670123332097,0.739444796294545,1.16189444372538,1.92253838857145,2.22099362477133
"2014-08-26",0.0443226054616096,0.0176056939208076,-0.0124705023391457,-0.0417384126663162,-0.00867510815697836,0.416856314875441,0.748753548808868,1.17160850395045,1.92778701039451,2.2232284372775
"2014-08-27",0.0444245504199962,0.0222172388983742,-0.00299925584114052,-0.0280725734486955,-0.000854473725646177,0.379481099808894,0.693079127064961,1.11200624069461,1.91760251364175,2.2491155824869
"2014-08-28",0.0326234532047657,0.0120189252388699,-0.0108890609515894,-0.0316922063919256,0.00270597861087685,0.395435326332145,0.712045371446257,1.13149854526086,1.93100353435668,2.25825008289305
"2014-08-31",0.0176027369511444,-0.00662271975369241,-0.0327192376142736,-0.0535037120408092,-0.00328787598696634,0.458854988929873,0.800881471524884,1.22590047372975,1.96370852978746,2.24695122821225
"2014-09-01",0.0103655795886264,-0.0146025257365673,-0.0413909148234851,-0.0623524055030725,-0.0094777162421632,0.465668003083582,0.813393334910726,1.24188082790355,1.9770863518059,2.25729081835311
"2014-09-02",0.00475324064773268,-0.0217447949555386,-0.0502457989123308,-0.0729412637187248,-0.0191317239626366,0.468679781062354,0.82291315805049,1.25599377314852,1.99051430865189,2.26843659050077
"2014-09-03",0.000726856402167311,-0.0278499345881841,-0.0587711100767537,-0.0842694342087711,-0.0306892313827299,0.46953537023182,0.830757386659859,1.26910144687722,2.00419811475824,2.2803999959281
"2014-09-04",-0.00165170942524656,-0.0326877085033812,-0.0665073865918344,-0.0954955314165276,-0.0427983088297771,0.469923007837397,0.838419455445464,1.28229678770193,2.01835420428139,2.29303846051913
"2014-09-07",-0.00397435789383158,-0.0365027929766538,-0.0720744097570071,-0.103140476412097,-0.0507993294094247,0.470646502562658,0.844559995830268,1.29328266035536,2.03319258100127,2.3083905659673
"2014-09-08",-0.0030044733992713,-0.0381437016037874,-0.0767636675380593,-0.111413388366805,-0.0597124203381476,0.47503584439153,0.856101277458681,1.30971804466527,2.04897791582048,2.32208471188174
"2014-09-09",-0.00225123479830326,-0.0383926699996033,-0.0781043643200992,-0.113757033151011,-0.0610663921835448,0.482795590778059,0.868392895722996,1.32541950147579,2.06595163149808,2.3386663137792
"2014-09-10",0.000255403200429466,-0.0364764833046258,-0.0767090613569933,-0.112384876038237,-0.0573257933869276,0.496666591660785,0.886226340208377,1.34540374771652,2.0843220324771,2.35546187704258
"2014-09-11",0.0108923098205186,-0.0195292550728121,-0.053223271160178,-0.0840412819246876,-0.0390053372322382,0.457674675130766,0.829783186067438,1.29112308156003,2.08594114162077,2.38927534567772
"2014-09-14",0.0112498092445811,-0.0259091803879525,-0.0660088011279618,-0.0993575552778709,-0.0353687057148719,0.543704426391492,0.939676857409107,1.39856670186092,2.12232755199201,2.38524460045239
"2014-09-15",0.0193540903411677,-0.00730312322523108,-0.0363346160793149,-0.0607444650376157,-0.0108612240820132,0.477810683807437,0.84376032422447,1.30119573426686,2.10094178889398,2.40924836283842
"2014-09-16",0.024732897196843,-0.000998431605178846,-0.0294390360617688,-0.0549059828664356,-0.0124354639509592,0.449280796393852,0.806364493670168,1.26275001616317,2.08575505162586,2.4094620164233
"2014-09-17",0.0379573605821242,0.00732035709733092,-0.0267705253575342,-0.0585520031689034,-0.0156052231175118,0.477775434508039,0.850566125464713,1.31510494704345,2.12070332590541,2.42936399255921
"2014-09-18",0.0164542400841816,-0.0077988863662512,-0.0343563243679318,-0.0570682027662031,-0.0119742639775037,0.448144495944093,0.802853826370909,1.25700349133917,2.07949318125412,2.40410216697599
"2014-09-21",0.0208757308158812,-0.00609305219255604,-0.0364612004043501,-0.0659055794995149,-0.0311476107147874,0.415352759915077,0.769117061482763,1.22651589728575,2.06310152480337,2.39507438937995
"2014-09-22",0.0175407620547828,-0.00751297072639617,-0.0353220094329136,-0.0606417330434437,-0.0207499449589867,0.427695791851685,0.778435680725876,1.23039205607234,2.055085514295,2.38206363878136
"2014-09-23",-0.00124837960165465,-0.02441678713749,-0.0498512160632148,-0.0717776306843619,-0.0288668057476114,0.417506746252046,0.766267153831276,1.21783640342487,2.04963433628282,2.38183378313704
"2014-09-24",0.00267673115170794,-0.0222595839650478,-0.0502941599695714,-0.0771677187115298,-0.0428145160322047,0.389741632107401,0.736973662918203,1.19206344865249,2.04266328455815,2.3855339093452
"2014-09-25",0.0037058479401983,-0.017318777563376,-0.0404659677943054,-0.0605351318675765,-0.0210541986114532,0.399662923254394,0.736279811241941,1.18132844098734,2.02838003546344,2.37489488661195
"2014-09-28",0.0132708401526984,-0.0124580894369396,-0.0416265696072476,-0.0705846898280356,-0.0397671270283233,0.385737564917249,0.730119087731541,1.18244102233447,2.02913811638484,2.37062476185664
"2014-09-29",0.0216445339006823,-0.00228359465324296,-0.029507436883264,-0.0567950253254456,-0.0284959036311609,0.376606901367995,0.711302476417095,1.15865072473891,2.01922541948642,2.37341368303986
"2014-09-30",0.0064211773291109,-0.0175250557978119,-0.0449579019018992,-0.0731741282889361,-0.0479263793571574,0.347606157769092,0.678958941699361,1.12552949855168,1.99483050446283,2.3557094230991
"2014-10-01",0.00796073085648409,-0.0162266358737937,-0.0438950180920529,-0.0722109140038741,-0.0461751432888414,0.353895675035686,0.68754666424244,1.13574669725207,2.00387198942361,2.36290624420771
"2014-10-02",0.0177895265937546,-0.00111569947865861,-0.0220267015176494,-0.040409496942912,-0.00503038498395758,0.385979943565206,0.707334514141761,1.14219115058038,2.00134611695358,2.3631411310885
"2014-10-05",0.0437126998804016,0.0161572037392116,-0.0159189474757601,-0.0510873777799438,-0.0330817754355163,0.362204494305837,0.695837298107002,1.14209063255901,1.99590534783747,2.34518049426229
"2014-10-06",0.00467078072058389,-0.0160467778617005,-0.0390040811579126,-0.059481345334934,-0.0228514115281089,0.385645441036848,0.716425477054983,1.15729861036987,2.00645506029452,2.35688819640585
"2014-10-07",0.00630296686742036,-0.0115348238565011,-0.0309771367424816,-0.0468508734429676,-0.00785037346696282,0.387322040927904,0.708795297338909,1.14258697922895,1.99786692015869,2.35773395203738
"2014-10-08",0.0423658981856308,0.0167608335292932,-0.0129371673676777,-0.0449890544763265,-0.0253052225486533,0.362028911145025,0.690499610534556,1.13364877903748,1.99461745495218,2.35110760869893
"2014-10-09",0.0160405932954822,-0.00717189651644942,-0.0336186955130846,-0.0602293691393425,-0.0329403665564511,0.36344174262082,0.693536704618003,1.13771923268468,2.00141117986826,2.35980821309103
"2014-10-12",0.0258745137698537,0.00334266318935203,-0.0221735928899839,-0.0472141280794637,-0.0177247068828423,0.380859486547174,0.710757487765789,1.15395633534071,2.01473774445338,2.37176752665658
"2014-10-13",0.037509976121186,0.0138061565269012,-0.0139154270011032,-0.0445793702748105,-0.0288527213997516,0.333014634471778,0.650652697346165,1.09082803345982,1.98304556557241,2.36493584165334
"2014-10-14",0.017846846865499,-0.00083563662297359,-0.0225737113868238,-0.0459568653873754,-0.0289312354970175,0.297812060026363,0.593140162178272,1.01735063280482,1.93511026594024,2.35101003988076
"2014-10-15",-0.00284093012303546,-0.0164037878692992,-0.0303318097092695,-0.0379266402527477,0.00961867385543136,0.403087200834664,0.71956879939112,1.15047006352867,2.01993558283174,2.39377724489344
"2014-10-16",-0.0114948238862832,-0.0268282970520956,-0.0426891408408926,-0.0519828571890656,-0.00183735460892653,0.415469294951169,0.745830419524318,1.1881961189606,2.0554261717069,2.41949095117974
"2014-10-19",-0.00114129706063754,-0.0185278949473964,-0.0370133899337143,-0.0501585516464041,-0.00361095127235456,0.417315337885641,0.752448194917945,1.19986325337167,2.06974259341163,2.43212248070232
"2014-10-20",0.0292884613897196,0.00846051835734299,-0.0148488522707788,-0.0365156719626608,-0.00313767092112682,0.399210837297084,0.73173561278651,1.18122862927654,2.06560390962389,2.43649621238659
"2014-10-21",0.00454289405163837,-0.014189706376974,-0.0347534653398376,-0.0521498969115056,-0.0138195259069025,0.39063625693789,0.722214508049651,1.17150131157001,2.06239933717844,2.43883475162891
"2014-10-22",0.00309724079744906,-0.0153408805707652,-0.0354098358162042,-0.051676370015141,-0.0108231024745592,0.400171487629466,0.734219734144936,1.18486880721151,2.07322437083661,2.44698129097276
"2014-10-23",0.0068129828433418,-0.011360326672741,-0.0310043859671239,-0.0463654396229854,-0.00372516212028007,0.410220904524411,0.743946874025077,1.19199930560496,2.06916450300342,2.43631082438191
"2014-10-26",0.014526514149929,-0.00329945720860506,-0.0226864426414619,-0.0383131360693419,0.00171000676185595,0.403208119335868,0.730342107035104,1.17284976628371,2.04920148096467,2.41930410486308
"2014-10-27",0.00788631900713981,-0.0104854153800918,-0.0305695457856674,-0.0472241256350324,-0.00822380254553934,0.393325013428699,0.720626047702784,1.16252185085647,2.0341282530077,2.40092313006177
"2014-10-28",0.0214949422589709,0.000758297622182352,-0.022373677047358,-0.0436039185050787,-0.00937932742819825,0.392256253532741,0.721370606804054,1.16343070350492,2.02462670652043,2.38305466425431
"2014-10-29",0.00527982539670771,-0.0135154841121816,-0.0344157866155329,-0.0532184610706422,-0.0197652379908418,0.36434933345713,0.683225593292585,1.11771412494072,1.9852391555793,2.35357406878054
"2014-10-30",0.0269138112856652,0.00326045888954066,-0.0244294504218823,-0.0551680628028999,-0.040011416909244,0.318557103436015,0.633741478653006,1.07067376528587,1.95654661145954,2.3357601140518
"2014-11-02",0.0387622588729988,0.0141472658372807,-0.0144799545214327,-0.0456194720114941,-0.0274413678058304,0.3471894336917,0.66880070142613,1.10694632392718,1.97136515087054,2.33353797282549
"2014-11-03",0.0326247422234139,0.00963446713006072,-0.0171573867763999,-0.0464309800489076,-0.0295348041779824,0.32744014735251,0.638402480462413,1.0675630494852,1.93244304641783,2.30101524793186
"2014-11-04",0.0471330047905589,0.0216899885786998,-0.00812851386306218,-0.0414799436475786,-0.0271253334951088,0.339541768943064,0.657766474865328,1.09250253116976,1.95188231474275,2.31221765791559
"2014-11-05",0.0289744051357456,0.00554327895747017,-0.0218233987847779,-0.0519503848510103,-0.0356985506146456,0.325333402261823,0.641656527514434,1.07980274776025,1.96760616574543,2.34755589687528
"2014-11-06",0.0306194520679344,0.00755195325286892,-0.019424339278181,-0.0492387030235466,-0.0336798982168646,0.321477360865163,0.634090713385145,1.06858041282251,1.95376719256609,2.33425581555887
"2014-11-09",0.0123992265807718,-0.00641214324791353,-0.0277436711767843,-0.0485852898412586,-0.0221724402546285,0.337085187863083,0.644826333129443,1.07213214552726,1.9494028267668,2.33006786465323
"2014-11-10",0.0252857672354167,0.00444224830475934,-0.0197285871068914,-0.0455660221632627,-0.0268708584733658,0.320779580789938,0.62585652517765,1.05219872138097,1.93163215859177,2.31397042626302
"2014-11-11",0.00622073455832221,-0.0130006789168788,-0.0348648308427612,-0.0565252770222753,-0.0310703998518967,0.327159286241327,0.634101203230407,1.05948642342215,1.92924528234349,2.30524829683812
"2014-11-12",0.0155666099228183,-0.00399612544085118,-0.0264185601942609,-0.0493182066313811,-0.0265711744818133,0.324520736158833,0.62851756084959,1.05184600090071,1.92280035388662,2.30105274502974
"2014-11-13",0.0153097862160531,-0.00443021497911703,-0.0272274028903295,-0.0511974942914044,-0.0314396584186705,0.309134717887547,0.607331657569485,1.02466867542467,1.88886631502995,2.26598365845181
"2014-11-16",0.0495025595427599,0.0241122933825626,-0.00605656306197927,-0.0413532967504169,-0.0340544305202062,0.30680716204932,0.612830936150481,1.03841177371048,1.90075874319608,2.26904079230091
"2014-11-17",0.0162191641448837,-0.00224173601786615,-0.0232796202003976,-0.0442483126175306,-0.0201859154976649,0.325033561274128,0.62299479158371,1.03840794375668,1.89620379474793,2.27009636882613
"2014-11-18",-0.00565793291570549,-0.0226481499526137,-0.04088336933315,-0.0546201469496881,-0.0126624658132853,0.380763695872742,0.69473248773135,1.11339323204918,1.92470011657407,2.26166621099143
"2014-11-19",0.00820386842825475,-0.00898034769661407,-0.0283627558539964,-0.0468204507965737,-0.02009849056825,0.324727341752442,0.621057340947548,1.03529172046176,1.89688000147104,2.27510173185438
"2014-11-20",0.00504271080247011,-0.0125489552744694,-0.0326655292000581,-0.0529395004613352,-0.0306685390086764,0.300833871456773,0.591071846759162,1.00053793820435,1.86300454845427,2.24533159826752
"2014-11-23",0.0488007405247531,0.0237580019777932,-0.00612620712945278,-0.0415557937266055,-0.0364187267740395,0.293583883396676,0.593769446907695,1.01445990969654,1.87662958992296,2.24809909520367
"2014-11-24",0.0119811253640183,-0.00524757472536461,-0.0251149046712192,-0.0457832125471604,-0.0268157110718005,0.287811172235442,0.567768377643188,0.966631328645296,1.81948100627082,2.20228835285678
"2014-11-25",0.0207763626151573,0.00136795737606132,-0.0213966969522547,-0.0467004342505669,-0.033503270773289,0.277209394652471,0.557614839563341,0.956401077765121,1.80136853148949,2.17686222851446
"2014-11-26",0.00616277058116574,-0.00945394223411861,-0.0274146393056709,-0.0458636310275465,-0.0272655301654873,0.268433032919507,0.532806251086677,0.912147305510006,1.73436631723018,2.10808210540528
"2014-11-27",0.0426054013153683,0.0229447760393282,-0.000560776499899274,-0.028443954030573,-0.0234978176060585,0.254129479802925,0.514211934374315,0.889751984646297,1.70068254589509,2.06617645606321
"2014-11-30",0.0446395284279665,0.0264394123797725,0.00508435343139133,-0.0186694764003523,-0.00628823697528369,0.286376892878387,0.551269063627677,0.929012169448704,1.73315799614676,2.09197826703498
"2014-12-01",0.0109719044579249,-0.00497926770553929,-0.0232800985414086,-0.0419203387611293,-0.0223245485640778,0.280239252902636,0.548734417854817,0.931784511013482,1.75408464371661,2.12468948362669
"2014-12-02",0.0527474595137752,0.0292356366867677,0.000893027151990411,-0.0337475609048957,-0.0335848268807331,0.261680989530661,0.539084197027159,0.93509696275797,1.76917748244869,2.13641667266861
"2014-12-03",0.0197935228010187,0.00210177860145996,-0.0184714075824657,-0.040594934618251,-0.0247173654282037,0.279546676386784,0.552289609786516,0.940905392508686,1.76967648462136,2.14047020292309
"2014-12-04",0.0267989475743005,0.00802229511322217,-0.013985444526373,-0.0383692222531521,-0.0251206507035251,0.279120194416443,0.554075755272384,0.946015802005855,1.78014404049291,2.15229832260794
"2014-12-07",0.0363533745619593,0.0153661704533876,-0.00980390134421438,-0.0400001229878337,-0.0366000815476695,0.248118261118428,0.515291700429354,0.899807001549128,1.72387025802745,2.09259735974001
"2014-12-08",0.0181199171528074,0.000906883731399175,-0.0191992117352525,-0.0411723771973382,-0.0273655081209228,0.261899865201761,0.523309062159619,0.897284104649668,1.69936707135114,2.05985014280712
"2014-12-09",0.0366336803428295,0.0181194809786618,-0.00379627197770718,-0.0289373743756358,-0.02004272055596,0.260823071333299,0.518935304361006,0.889098217775524,1.68229193150999,2.03787465060798
"2014-12-10",0.0198562514384426,0.00430081450236697,-0.0137002007334276,-0.032660917173823,-0.0165043702562785,0.265258945157001,0.518282191292527,0.881095511948859,1.66501039790023,2.0200613259241
"2014-12-11",0.0234141054655149,0.00729517501832828,-0.0116572495551663,-0.0328374373894883,-0.0219753814509404,0.242269855278086,0.484994608820562,0.835789768585479,1.60022960192042,1.94847692330719
"2014-12-14",0.0139828893925311,-0.000757330980140775,-0.017900839639326,-0.0362683158253981,-0.0221961045356284,0.242745838051773,0.484253972459825,0.834399672316364,1.60499986583479,1.95974036292521
"2014-12-15",0.0148525142979139,-0.000614776162938327,-0.0187778582913338,-0.0389701970279347,-0.0279432595818394,0.229719672039965,0.466563271112619,0.809605254071682,1.5605102282993,1.90405512124256
"2014-12-16",0.0192239251653033,0.00317570994632434,-0.0157793779341654,-0.0372974176247026,-0.0280702735694461,0.228358539261715,0.46604211949587,0.811052655772338,1.5674901184894,1.91380405099737
"2014-12-17",0.0218715703536421,0.00407070789263679,-0.0171072749502145,-0.041789942773193,-0.0349255969629334,0.230523174051001,0.478243504055636,0.837047859368552,1.61809930068605,1.97296673827881
"2014-12-18",0.00394035907061413,-0.0124914765537889,-0.0318287960655352,-0.0534951170844782,-0.0426187263902312,0.226981104996343,0.475544586871667,0.835846213318807,1.62499502217464,1.98612682966195
"2014-12-21",-0.0267814170198396,-0.0390312845825309,-0.0528406231980442,-0.0657901273815942,-0.0446555295725978,0.227195844336393,0.47029449683654,0.824063190184082,1.61528773563126,1.98625772476633
"2014-12-22",0.00267028789818544,-0.0147910872845298,-0.0356048333877412,-0.0599879228232731,-0.0536687658741541,0.207825027000373,0.454171805865649,0.813755072792133,1.60696928807923,1.97166112773413
"2014-12-23",0.0178835399297537,-0.00345554173865228,-0.0290558263478517,-0.0598771976459345,-0.0574518986986224,0.2201503323781,0.477797686169786,0.843787894980133,1.60985660288997,1.9456142751371
"2014-12-24",0.0180019377585389,-0.0031626093278575,-0.028649242912584,-0.0596809530758782,-0.0588425298285398,0.211598413277675,0.465689029201433,0.829177490322765,1.59806294530783,1.93792982274095
"2014-12-25",0.00452679610756393,-0.01461287393427,-0.0374705013453069,-0.0645107195498141,-0.0594795613504023,0.209538926733552,0.459986990555432,0.819717144374915,1.58955690563086,1.93381812126132
"2014-12-28",-0.00179044993626768,-0.0190227433318768,-0.039782242523301,-0.0649209440561568,-0.0624668683272545,0.182193712595032,0.419717170021578,0.772382366869186,1.57103158938417,1.94665838930489
"2014-12-29",-0.008762267695887,-0.0246331222777077,-0.0435459299095432,-0.0656179035123372,-0.0590372273069869,0.188902595228687,0.425444208630797,0.775729870445325,1.5695825471726,1.94393721922505
"2014-12-30",-0.000146277186001451,-0.018507479895129,-0.0403818036181131,-0.0660346191292508,-0.0600062325221583,0.204958965760799,0.451059964666535,0.804954756278575,1.56478917468816,1.90569655177187
"2014-12-31",0.0199880086080976,-0.00196017956986325,-0.0286978981209557,-0.0624422375499573,-0.0674946085702963,0.185947711979498,0.431188127586685,0.785345063776317,1.54196781983653,1.87860135584598
"2015-01-01",0.0161929251350402,-0.00564802498147429,-0.0326548552319382,-0.0681797067478802,-0.0799047119018265,0.150251463603701,0.386684110734859,0.739117314765636,1.52845717220103,1.89368429242286
"2015-01-04",-0.0223530083831541,-0.0384592551656111,-0.0577586695924773,-0.0807079289102765,-0.0761901209342418,0.16459737826936,0.396502847598153,0.740760953179706,1.52236922179844,1.8912385221401
"2015-01-05",-0.0111690248929621,-0.0277323058668743,-0.0478561584647468,-0.0729011676070734,-0.0740052134016552,0.143841131630352,0.359155626306595,0.680276145656848,1.40987850106036,1.75351244557916
"2015-01-06",-0.0263993520547554,-0.0426907265276018,-0.0620648681307289,-0.0846019994725248,-0.0780301852696667,0.167384117455072,0.396764385626496,0.729769578648871,1.45785809009997,1.79001093962486
"2015-01-07",-0.0667416282810173,-0.0796963769602724,-0.0944635957246106,-0.109056747245077,-0.0906316044808796,0.172204860778425,0.406704398572167,0.744712207617942,1.4853360638914,1.82563244183192
"2015-01-08",-0.0726087550190318,-0.0853724692609968,-0.09996361601952,-0.114546768921274,-0.0971173507618172,0.159239766609383,0.389147764542641,0.721613708153375,1.45383480978069,1.79177289089656
"2015-01-11",-0.0445493401027268,-0.0623853772561436,-0.083821978856207,-0.109683807405229,-0.107297586519115,0.13554987281324,0.365900965684246,0.700272831737988,1.42729536219632,1.75671909770763
"2015-01-12",-0.0554962328849195,-0.072289578791886,-0.0924167553931371,-0.116454032147395,-0.112820694234562,0.124717335364207,0.349802205704246,0.677711983966966,1.39649328888932,1.72475245952716
"2015-01-13",-0.108176561509332,-0.117073701178773,-0.127023594635843,-0.135934718324911,-0.118029657364638,0.100195685774529,0.299126639014194,0.595656082568373,1.2908819149238,1.6323779407326
"2015-01-14",-0.0642264302822333,-0.0819801827977978,-0.103666534864257,-0.131155401706887,-0.135184954988582,0.0800702340150724,0.293912140781993,0.610792084871452,1.31948268402947,1.64795636094177
"2015-01-15",-0.116362411889286,-0.12918989877494,-0.144338685386519,-0.161442902866119,-0.153056899257502,0.0649967659889206,0.271351211352381,0.577768952515052,1.27866715266127,1.61260671565674
"2015-01-18",-0.135500682667675,-0.144754154463831,-0.155093065228134,-0.164338694233677,-0.14583471471345,0.0778210369903626,0.279891106076628,0.578534369254572,1.26756376672083,1.60071103226437
"2015-01-19",-0.0976533901060678,-0.109680471253816,-0.12368612810935,-0.138719418857913,-0.127081013425977,0.0941518137314121,0.29847985928562,0.598481867297758,1.27401764652681,1.59168919491152
"2015-01-20",-0.100633278989518,-0.112213415619383,-0.125237216885984,-0.137397480836664,-0.117680902306543,0.130711076248399,0.348186976167054,0.658447007060565,1.32802262322247,1.6317946819396
"2015-01-21",-0.114385521709392,-0.123295151541988,-0.133206144599016,-0.141894291078109,-0.123335659681359,0.0944475159420948,0.289752047049388,0.576894791377635,1.23356486989697,1.54845756434378
"2015-01-22",-0.107940040614426,-0.117439354765534,-0.128413980927362,-0.139770840124644,-0.12806026135139,0.0656147161725275,0.246559618915332,0.517339512697217,1.1511648338517,1.46094574614657
"2015-01-25",-0.0837314432348779,-0.093145133323482,-0.103935389773441,-0.114764123156596,-0.101618292225703,0.0963029121318321,0.278639583872004,0.549184163265138,1.1738078411051,1.47525991134003
"2015-01-26",-0.0813479574572286,-0.0900064865145353,-0.0998443400577556,-0.109328945882828,-0.0951737072600502,0.0997886251637238,0.279415279785194,0.547583966736433,1.17561712780487,1.48329646768217
"2015-01-27",-0.081555333823875,-0.0907119404478996,-0.101240187022638,-0.111924689977275,-0.0995959240588891,0.0924230958304254,0.270946015686013,0.537739809744089,1.16158087336478,1.46633825070526
"2015-01-28",-0.0586154185645151,-0.0794946144674021,-0.10594793102318,-0.143153682687068,-0.166735726955138,-0.00402806768683528,0.182688111106777,0.470086986308639,1.13598636190881,1.45144115072505
"2015-01-29",-0.053037750815189,-0.0689458315089261,-0.0886312820464973,-0.114538390934193,-0.122870914099992,0.0499940901806452,0.229516806974835,0.500442247328594,1.12129592711864,1.41477509780208
"2015-02-01",-0.0854776027289931,-0.0924355244250071,-0.0962031060564238,-0.0840999587335064,-0.00727810574292515,0.351917599709344,0.568339588304325,0.809246874587604,1.17739425125455,1.30959603383103
"2015-02-02",-0.0259086207596275,-0.0474504339988694,-0.0744271203346091,-0.111309732102373,-0.130742139739397,0.0492488454271605,0.241202286140729,0.525115726132736,1.14364351825718,1.42162769097707
"2015-02-03",-0.0250105932425464,-0.0484770965167188,-0.0777551434026504,-0.117483091634938,-0.137727507271864,0.0530435023668803,0.250772723246167,0.536249756145338,1.13349237241875,1.39289503789158
"2015-02-04",-0.0694190507971167,-0.0851976570300293,-0.104342898370841,-0.128168167871038,-0.129823925207986,0.0655607172607489,0.254282154857275,0.52884828376665,1.1249845327055,1.39427600068683
"2015-02-05",-0.0602791081695972,-0.077389421297367,-0.0981408340520478,-0.123983369970886,-0.126224236924325,0.0783741817459438,0.273701792090088,0.55421190767969,1.14921447106803,1.41251458783047
"2015-02-08",-0.0829751609573582,-0.0966187120102661,-0.11282335252644,-0.131600534612473,-0.125790386288891,0.0803551203942032,0.27219667014644,0.549866365945819,1.15398564325027,1.4284043066587
"2015-02-09",-0.0773808669578001,-0.093974747541921,-0.113789540953563,-0.137293683444855,-0.133713694063957,0.0891460121599116,0.293625809800052,0.582654008775455,1.18376175862966,1.44596490359702
"2015-02-10",-0.0868611100148707,-0.1021327445486,-0.1202510216749,-0.141255927189623,-0.135378003832354,0.0840899360365073,0.284109736213604,0.567507062294549,1.1611775931689,1.42199450954679
"2015-02-11",-0.073409794766935,-0.090333672304001,-0.110853816098235,-0.136399709474961,-0.138643271328519,0.0625678582122174,0.254130187391853,0.528476314705504,1.10761985998012,1.36284605368295
"2015-02-12",-0.0819203885950361,-0.0961303925489579,-0.113165810663665,-0.133547395563745,-0.130780387221038,0.0669304934773037,0.253550273170093,0.524111077988095,1.11186583061613,1.37808674934082
"2015-02-15",-0.0552974407474473,-0.0741575014044325,-0.0972852084355614,-0.127088884713287,-0.134743657208696,0.0647656505169627,0.260528535914594,0.542887206359317,1.14193263340446,1.40645866631408
"2015-02-16",-0.06863181248031,-0.0848136707094672,-0.104279503535668,-0.127886952425107,-0.126691970922504,0.0839019283918717,0.281832294695687,0.565663778532006,1.16900750150445,1.43689842694904
"2015-02-17",-0.0498186995390465,-0.0727441477483887,-0.10085497932986,-0.137209643073995,-0.148020065543437,0.0753106272226196,0.290420553773384,0.593222434564855,1.20840326558071,1.47029070409317
"2015-02-18",-0.0646626120709945,-0.0827792116147853,-0.104626574702384,-0.131373903667826,-0.131553067164343,0.093421710803118,0.304511613060473,0.605165822477789,1.2356716444496,1.51222463842935
"2015-02-19",-0.0582529409376398,-0.0776850879569934,-0.101464160104988,-0.131901663166049,-0.138652270173988,0.0734825465823403,0.280776631305404,0.580115798734865,1.21753434957815,1.50004676613889
"2015-02-22",-0.0543543979676828,-0.0748551741753268,-0.100214842639101,-0.133702762258266,-0.145950253267147,0.0555589036552667,0.26009518593779,0.559374268081545,1.20653206244329,1.49651705018963
"2015-02-23",-0.0595197915878413,-0.0803879503002696,-0.10621798473243,-0.140400201473155,-0.153323951967868,0.0484708181962843,0.253387212618735,0.552618794834965,1.19690834641214,1.48446470799943
"2015-02-24",-0.0681880435785333,-0.0871845452620257,-0.110752847824435,-0.142087139768828,-0.154208918818671,0.0337321592616371,0.228116565408155,0.516697537217884,1.1561106191596,1.44876467420522
"2015-02-25",-0.0744324412808548,-0.0951761711281988,-0.121080640240165,-0.156200860208113,-0.173218816615605,0.0102633977370993,0.204014312738613,0.491125868286822,1.1208522306518,1.4058531200586
"2015-02-26",-0.0772123217668812,-0.0953566791892679,-0.117801330372175,-0.147377066009825,-0.157503521087271,0.0300775676554069,0.222434056555765,0.508024079277915,1.14262694514943,1.43408829978691
"2015-03-01",-0.0822579943964806,-0.0993917159120362,-0.120281545031803,-0.146658271895266,-0.150330710406557,0.0537897190353782,0.253725737417681,0.546233316546056,1.18583883595161,1.47633265869142
"2015-03-02",-0.0558908809331344,-0.0783587086303286,-0.106124316211112,-0.142768085080083,-0.156587500221945,0.0549164114171391,0.266560004008888,0.571221232004328,1.211186769896,1.49084509375025
"2015-03-03",-0.0706023362014291,-0.0893282793897994,-0.112097713975885,-0.140693981753399,-0.144451299687314,0.0720706170720967,0.279649164414384,0.577426772961641,1.20677295486561,1.48425412169408
"2015-03-04",-0.0721731782241134,-0.0923591133052741,-0.117184466791322,-0.149463975538066,-0.159215935126754,0.0457652280721174,0.248320428528701,0.540353379749998,1.15804808555218,1.42990953708253
"2015-03-05",-0.0761124648364724,-0.0979530897692526,-0.124611346228608,-0.158605652450371,-0.166349822523219,0.0596247759871198,0.274728158358898,0.577382570954614,1.19383437482421,1.45706250568307
"2015-03-08",-0.0873366706612513,-0.106566874088198,-0.130211630159674,-0.160924591851889,-0.169981813997871,0.0274372942874481,0.222738520774126,0.504960285469283,1.10450108971454,1.36938437051348
"2015-03-09",-0.0906738487256549,-0.109364132545581,-0.132596270106897,-0.163726461382568,-0.177387456215502,-0.00782645132847148,0.166773408551352,0.421899623186098,0.96966306155222,1.213238507015
"2015-03-10",-0.118829744975585,-0.132346806150477,-0.148828820130313,-0.169646603259121,-0.172577966296725,-0.0117109886001485,0.145899572437008,0.376499225609646,0.880757750833185,1.10978439053253
"2015-03-11",-0.12966022598175,-0.14198055152794,-0.156670528441464,-0.173963624835769,-0.170352783231189,0.00382518955550815,0.165142337702413,0.396091465110387,0.887809457648766,1.10675925400104
"2015-03-12",-0.127342262802496,-0.140931003616968,-0.157172229643383,-0.176506102351449,-0.173980982301389,0.00569747255050868,0.170451976199232,0.402811340257854,0.883953343408267,1.09301841829983
"2015-03-15",-0.142478742630348,-0.151099688257977,-0.160683933854636,-0.169217440851396,-0.152934022915355,0.0347509010808373,0.194647179704978,0.418115950503115,0.884265467737721,1.08963431948306
"2015-03-16",-0.113170609721965,-0.125991739331953,-0.141040965478932,-0.157896554902104,-0.150340798309163,0.0418966793751329,0.212008649654084,0.448763677550478,0.931578633526779,1.13919302763764
"2015-03-17",-0.135409719113397,-0.144691425452575,-0.155382123109895,-0.166429040186547,-0.155694482655122,0.0184838217791802,0.174458090694605,0.398357175368569,0.88381358993973,1.10449409273545
"2015-03-18",-0.154625725790008,-0.163107856648257,-0.172757550357809,-0.182220403490251,-0.169849600898284,0.00310217710373417,0.156744435065268,0.377541211135403,0.858964749363679,1.07920856451653
"2015-03-19",-0.158799564170649,-0.166013076373734,-0.174060505353713,-0.181254691667346,-0.167161416484026,0.000590164818947247,0.149023029002763,0.364013366792603,0.84186652121653,1.06479616221862
"2015-03-22",-0.148494279050162,-0.155873565796947,-0.163846109131462,-0.16992327309717,-0.150952808488715,0.0374498373319788,0.197105848899916,0.421967945775279,0.900005509967918,1.11456088358936
"2015-03-23",-0.143750145277471,-0.152955072052826,-0.163210934313102,-0.172456542254142,-0.155729882652824,0.0397838045059569,0.205655288051347,0.43625614291835,0.912652014189108,1.1207553068856
"2015-03-24",-0.122306094097065,-0.133816719915551,-0.147162137126932,-0.16143669609316,-0.15128319658051,0.0381386604411003,0.203434387649977,0.433148117121397,0.90244998842555,1.10483370017519
"2015-03-25",-0.135018158037563,-0.147100706649086,-0.161230713410388,-0.176826845052763,-0.168445706385735,0.0204984432723827,0.187711153856509,0.421432686172067,0.90228908180601,1.11069078442857
"2015-03-26",-0.140945899361142,-0.150960416385231,-0.162452527817439,-0.174192603819646,-0.162220791037346,0.0238429384679447,0.187756309179738,0.41983192951931,0.91126939479141,1.1300716364624
"2015-03-29",-0.124013580570533,-0.137630697573745,-0.153770451043302,-0.172472469838319,-0.167518172752091,0.0221383649730871,0.192572116200743,0.430701856359641,0.917678188820626,1.12731481542389
"2015-03-30",-0.132250008221216,-0.145003195536911,-0.160157556674164,-0.177830794719895,-0.173500649588815,0.00618576142708072,0.170012325719463,0.401700654728458,0.885119362735686,1.09672411013031
"2015-03-31",-0.135820052866382,-0.147005274167546,-0.160135094352538,-0.174779855154758,-0.167479233487486,0.00932523878018221,0.168669223105763,0.394758842852908,0.87168529588887,1.08278089940099
"2015-04-01",-0.152453568701322,-0.160912534842501,-0.170350802073401,-0.178860290558563,-0.163117515573668,0.023497375157988,0.185030151298543,0.413908601637828,0.902718805628951,1.12253979802615
"2015-04-02",-0.158707871673427,-0.168732775185165,-0.179720764825808,-0.188955182089107,-0.16823348859432,0.0482663668013891,0.22504582562202,0.463835837075798,0.934999933730174,1.13330642253452
"2015-04-05",-0.14843547981929,-0.159837286785772,-0.172723246474555,-0.185211930027446,-0.169229468633598,0.0415843709794781,0.21798991016434,0.45786962388021,0.933492489899278,1.13406222991471
"2015-04-06",-0.143260696643877,-0.154709096992521,-0.168217938460254,-0.183534577547964,-0.17708047351055,0.00200621390808198,0.166163957598442,0.401883016284208,0.908825820314643,1.13692376504979
"2015-04-07",-0.160741735097594,-0.171761848562192,-0.184805986589039,-0.199720636626371,-0.193881937640819,-0.0197117992166187,0.142520916184672,0.378635770081362,0.898366021485621,1.13710120598098
"2015-04-08",-0.153272810608106,-0.165231569174008,-0.179544838682142,-0.196552602322431,-0.193473974826993,-0.0211038939832304,0.14219617754342,0.380568417442967,0.905365537320749,1.14604958728978
"2015-04-09",-0.142636682547406,-0.156456231498329,-0.173304683920462,-0.194575957043445,-0.197524777006946,-0.0328224916812503,0.128487388908904,0.364479076696215,0.880496508061453,1.11485787003127
"2015-04-12",-0.15888936865478,-0.169858053666425,-0.182885713885107,-0.197965744557808,-0.193114056894073,-0.0250198427984218,0.132139185521236,0.360774876419322,0.862889267912766,1.09292944060329
"2015-04-13",-0.124115292737448,-0.142208301947855,-0.164667049015193,-0.194697284468633,-0.207916227744081,-0.0485302097677208,0.113371128346999,0.346661411465952,0.835565501351595,1.04853634451639
"2015-04-14",-0.151561661382818,-0.163898618405021,-0.179068906283992,-0.19868367433731,-0.203435214666102,-0.0628403506440989,0.079641750117616,0.292195825168895,0.771201802255346,0.994449058177485
"2015-04-15",-0.164930704339409,-0.175034444768928,-0.18714042980897,-0.201551957956609,-0.198925825695763,-0.0507999157723414,0.0909429852881757,0.299845076937948,0.767778942055741,0.985816244060155
"2015-04-16",-0.162522429928798,-0.172343687794197,-0.184025827409345,-0.197605985515212,-0.193476544785726,-0.0429216366389025,0.0987250321344644,0.305800659113596,0.764358937724289,0.976011513099827
"2015-04-19",-0.15022633465115,-0.162206886100913,-0.176741083311262,-0.19481794385712,-0.196022886735912,-0.0474143394589467,0.0960659901160319,0.30479072587412,0.757939456613339,0.962633291511813
"2015-04-20",-0.159811325857292,-0.16843977886644,-0.178575130081289,-0.189819500612661,-0.183319806592088,-0.0344579898573646,0.104242103137384,0.308001288933795,0.765799250495655,0.980380929300301
"2015-04-21",-0.146177632881629,-0.158194528999485,-0.172529015985198,-0.189447210226208,-0.186261454968338,-0.0196769515726152,0.133959239759744,0.352735771119899,0.813989414278734,1.01760237947509
"2015-04-22",-0.157191892242523,-0.168873612610174,-0.182814035515375,-0.199256335825927,-0.195892701258979,-0.0296109324933039,0.125294299260372,0.34821720576322,0.827109631187036,1.04201840373566
"2015-04-23",-0.160373673104112,-0.169542116444688,-0.179904570573466,-0.189851883903474,-0.175908151631038,0.0074187911520277,0.165729456844501,0.387810073324207,0.852359639013155,1.05726245532289
"2015-04-26",-0.162201302628554,-0.170423811660118,-0.179563114515804,-0.187669588005464,-0.171844581882428,0.0106331442112244,0.167267674838376,0.387829027124706,0.854073326172367,1.06189920634569
"2015-04-27",-0.162862628196456,-0.172621659451267,-0.183793262363863,-0.195101395308327,-0.182983144766713,-0.000225962218774134,0.159956276006371,0.386006877016788,0.862245718482062,1.07337919080018
"2015-04-28",-0.170170216018211,-0.175635369596171,-0.180403460310583,-0.179125840914889,-0.143207622530771,0.0958743368238244,0.281225099257525,0.531279504742415,1.03358356955566,1.2495799789912
"2015-04-29",-0.138876588991707,-0.15217747921624,-0.16659704718267,-0.17826295616385,-0.150171025092619,0.121512432986574,0.331946898129258,0.60377621612404,1.10366382883822,1.303185750569
"2015-04-30",-0.150839628543864,-0.164371635161647,-0.178415306695617,-0.18730075967265,-0.148858445858267,0.157418766235946,0.381468088109477,0.660532547724851,1.14873413830722,1.33731373078625
"2015-05-03",-0.164548968854274,-0.172811995286151,-0.180302684665139,-0.180057793879695,-0.134014886969496,0.167848881850738,0.390758786122106,0.677523926586798,1.20947907178309,1.42412563331202
"2015-05-04",-0.145382161833583,-0.16058180314804,-0.176386127749556,-0.186490153225215,-0.143576329773758,0.201315090469532,0.454937181648117,0.772130941560162,1.33030142082201,1.54673194123033
"2015-05-05",-0.159318622789082,-0.172822057524206,-0.185825087854753,-0.189612762205891,-0.132461156292487,0.254286414180552,0.529693341757814,0.870168855019688,1.46271031347275,1.69118071223561
"2015-05-06",-0.150775214791144,-0.163675095213055,-0.17630460060779,-0.180885510320066,-0.129275330378462,0.233396668151603,0.496450149076839,0.825957589793289,1.41008645201649,1.63802495227229
"2015-05-07",-0.155303949205048,-0.166136481549217,-0.176503506622671,-0.179040149394461,-0.130047858409291,0.207713765327866,0.45623981240361,0.772690209850533,1.34868122126964,1.57770699632904
"2015-05-10",-0.148928087761118,-0.162919721139525,-0.176853956271659,-0.18303768282198,-0.131770480050385,0.238952864602469,0.508165812008194,0.84464124142888,1.43841772033074,1.66933229967438
"2015-05-11",-0.139785513187749,-0.15603958464637,-0.172472911798682,-0.180990171303552,-0.127062510272453,0.271960332525988,0.559364453030023,0.914864423075116,1.53193179057839,1.76922965199929
"2015-05-12",-0.160144331997194,-0.170708561906681,-0.179862087400866,-0.177570484032337,-0.112458860847675,0.288441090241078,0.574020072240613,0.931644863025959,1.56921825675378,1.81942004392332
"2015-05-13",-0.146966004533497,-0.159198730844786,-0.170887213857102,-0.173657813699587,-0.117980682665503,0.26501055292859,0.546701040976908,0.905337381367382,1.55805747304251,1.81758398728508
"2015-05-14",-0.154690308707084,-0.166258893284185,-0.177222857329706,-0.179411115926831,-0.125302661740744,0.241573815135273,0.509771065142193,0.849813289864461,1.46504686490009,1.70868083194653
"2015-05-17",-0.148940017923709,-0.162428174255368,-0.175695620323336,-0.180745538964049,-0.127376218774982,0.253251842630986,0.532073280316679,0.884073969136665,1.51527938020787,1.76350705794924
"2015-05-18",-0.156609209674851,-0.169480319392496,-0.182123551003291,-0.186855322213633,-0.135602366252602,0.229046562425979,0.496049941418184,0.83309026768982,1.43741700667953,1.67506699032336
"2015-05-19",-0.151387137383694,-0.166451351391997,-0.18160439851272,-0.189080655489834,-0.137349944162567,0.242181031389366,0.516246711815377,0.856392872476829,1.44998082960888,1.67907205165035
"2015-05-20",-0.158049436404985,-0.171981770557016,-0.18575180136495,-0.191352811234797,-0.138042453149466,0.243026652914193,0.520245235435725,0.867788029913889,1.48425494877113,1.72486339567627
"2015-05-21",-0.169852724606262,-0.181774835682171,-0.193044265468254,-0.195198578992269,-0.139408042669871,0.23502345020459,0.506314234379176,0.847733130661357,1.45858921597533,1.69861833619837
"2015-05-24",-0.176277781378118,-0.190414724481692,-0.204305104513761,-0.209663667410383,-0.15498510146231,0.227655908354871,0.501766120661845,0.841208028783076,1.43264481577597,1.66078241432241
"2015-05-25",-0.166373142724084,-0.180796036957374,-0.195632460684592,-0.204285694205695,-0.159182688899556,0.196975779800536,0.463237238630582,0.802155904141299,1.41528150363382,1.65761962726506
"2015-05-26",-0.157155955362414,-0.174048765907386,-0.192057388643493,-0.205434407819424,-0.165100339004644,0.192700829852714,0.462723115979912,0.805581685813862,1.42105208307698,1.6627392020139
"2015-05-27",-0.175091336612845,-0.188834532143865,-0.202787345639435,-0.210101296145377,-0.163642122167721,0.191144203511688,0.454977863945106,0.790307653841818,1.39630015516517,1.63572677624546
"2015-05-28",-0.175615689135818,-0.18740881548669,-0.199215864538546,-0.204550921657077,-0.16042423972196,0.1710688689676,0.421198887353721,0.744275536844591,1.34363915733574,1.58503306003844
"2015-05-31",-0.153296999427313,-0.170033919874998,-0.187654718724948,-0.199877042337218,-0.156686281700192,0.205470938464473,0.473435715783576,0.809131122090739,1.40054812491434,1.62996308081154
"2015-06-01",-0.161650023198942,-0.177275844479452,-0.192441368054161,-0.197554334194463,-0.135058768680064,0.287043989044328,0.582871316637131,0.943151166245289,1.55640498116784,1.78950892551249
"2015-06-02",-0.152125850935612,-0.173553834408977,-0.194658750724459,-0.203718437792854,-0.129028365956531,0.368722985625816,0.701444409359892,1.08985333985668,1.71310252799941,1.94196192697663
"2015-06-03",-0.151622824645143,-0.172099317410976,-0.192565228388297,-0.202504153507454,-0.134399538974909,0.341221187418358,0.667771331353117,1.05642973075643,1.69586406536091,1.93390469803796
"2015-06-04",-0.155321178609354,-0.175126350304973,-0.19449585402967,-0.201993127330741,-0.128443270363319,0.363217155360605,0.698276481054327,1.09625791573709,1.75015329290631,1.99347488557973
"2015-06-07",-0.16564370919823,-0.182448636652797,-0.197784775871365,-0.198633230990906,-0.115894326507952,0.388275428100764,0.72754900353882,1.13031820157497,1.79387317892509,2.04138884708161
"2015-06-08",-0.164233112130817,-0.181510806062842,-0.196899428127596,-0.19598625589589,-0.105126501630744,0.430299772988892,0.78503020287988,1.20186409724961,1.87975377306325,2.13080829766626
"2015-06-09",-0.15195944640394,-0.174064256962435,-0.195554411122895,-0.203394929937696,-0.120158587010497,0.425784018923837,0.793158328456321,1.2254029437346,1.92679911038962,2.18598723993309
"2015-06-10",-0.153959736389535,-0.17271926128173,-0.190580878767171,-0.195220883591189,-0.116287913357414,0.390912689499527,0.735682010977521,1.14612393189771,1.82359569681473,2.07645440419754
"2015-06-11",-0.151657543415195,-0.17055080296478,-0.188525825702375,-0.193129562230936,-0.113381703956229,0.398478942340833,0.746343908001566,1.1604474493043,1.84393680143505,2.09903838718777
"2015-06-14",-0.15475500232296,-0.173228052213906,-0.190085331118246,-0.191169070556769,-0.101849152924634,0.434958661035369,0.790363679460969,1.20666748607885,1.88021273075719,2.12888409180414
"2015-06-15",-0.155307331086591,-0.172701436176009,-0.188481166718838,-0.188939898534001,-0.102113904739236,0.42127801744203,0.77118045856542,1.18459664720974,1.86145193403719,2.11303670000029
"2015-06-16",-0.148501993129412,-0.1689135528127,-0.188500622956786,-0.194465735759975,-0.11299923968743,0.40990385729773,0.760417205666458,1.17239045281465,1.84043009777346,2.08723949079401
"2015-06-17",-0.163555137943424,-0.183883587405618,-0.203284203742434,-0.208695581589541,-0.125647805242263,0.402925851668569,0.756696852260534,1.17232486197758,1.84610482687793,2.09501388313867
"2015-06-18",-0.156257609650429,-0.173813769735987,-0.190616115966957,-0.195259414476884,-0.121579807758987,0.361427359037812,0.695301615061387,1.09809330769741,1.77513949708282,2.03056497870982
"2015-06-21",-0.143075764748973,-0.165206677709671,-0.187343506504021,-0.19812077714119,-0.124288425605625,0.394202405848738,0.752153928383697,1.18010080554925,1.88847365747388,2.15310432445392
"2015-06-22",-0.138631681408653,-0.159818259429852,-0.181141223308547,-0.191969637007459,-0.122171218817723,0.380378110178293,0.733435606334477,1.161277892431,1.88261689144593,2.15502351958254
"2015-06-23",-0.154495179344446,-0.173862792500083,-0.193000577061398,-0.201043062800949,-0.129845464938782,0.366764765830527,0.716772711195843,1.14370447272182,1.87119049107791,2.14781461581956
"2015-06-24",-0.154760947646168,-0.176116848969161,-0.197662158289641,-0.20879122759089,-0.138901578826288,0.368935310869213,0.72778631201436,1.16458655141339,1.90553900414961,2.18638556287556
"2015-06-25",-0.149216396413828,-0.172239409481265,-0.195604685000216,-0.208340956351326,-0.136038856654652,0.395167739291085,0.769578934685637,1.22370191547987,1.98981062526353,2.27918104918116
"2015-06-28",-0.13113282844036,-0.154714451797616,-0.179485011478632,-0.196585242005717,-0.136434893634619,0.35878884428387,0.718481786483424,1.16207819471098,1.92599765335539,2.21800589852328
"2015-06-29",-0.150860221875737,-0.171319516073124,-0.192536947124098,-0.205817538328182,-0.146589609003917,0.326958390290015,0.676395805184341,1.11508983383002,1.89167079944469,2.19400906365599
"2015-06-30",-0.13321605372373,-0.161935135296831,-0.193193599181896,-0.219534544418126,-0.166909008791925,0.344863700417621,0.723037857869369,1.19023191441861,1.99322152483933,2.29943337386758
"2015-07-01",-0.154167593721416,-0.179376433709946,-0.205624831439329,-0.222841577706141,-0.155299595561925,0.381005032775954,0.765202514128769,1.23459626925629,2.0328453427346,2.33566095324313
"2015-07-02",-0.16245921789452,-0.184456668192128,-0.207036753422524,-0.220311924610227,-0.15407921552198,0.3538642448355,0.720323600625139,1.17258962294693,1.9540254071012,2.2535408841326
"2015-07-05",-0.153460832349272,-0.175212960627817,-0.197616850601754,-0.211082370208511,-0.146547654108182,0.35463340524989,0.718385681091599,1.16926963120779,1.95303878380674,2.25459318653952
"2015-07-06",-0.137829744281999,-0.159595318146291,-0.182507952272021,-0.198465740185112,-0.143064418296417,0.318997691336448,0.657899850550636,1.07918352897501,1.81293999536923,2.09544212695051
"2015-07-07",-0.149119043514415,-0.171776052497181,-0.195478519658397,-0.211508108168721,-0.152840295106959,0.320574207231196,0.660514755563909,1.07609902246718,1.78314025237993,2.05139374130347
"2015-07-08",-0.162307385471283,-0.183688543406928,-0.205740705966169,-0.219206292745518,-0.157165179332689,0.323825237853977,0.670102769065325,1.09613347101353,1.82860623307092,2.10844035591883
"2015-07-09",-0.15964772243544,-0.180938209936431,-0.201952103341271,-0.210815816758404,-0.133628856039077,0.397589618590001,0.766364319289851,1.21051479672968,1.95394459812222,2.23356939577887
"2015-07-12",-0.144223757281784,-0.168464360184584,-0.193962514713194,-0.211717909841187,-0.150539176965775,0.35574271489455,0.723735066043506,1.17765561844199,1.95945839786396,2.25831590174251
"2015-07-13",-0.147141166375953,-0.171812262505449,-0.198076424541084,-0.217676680356615,-0.160762242489837,0.334594167270772,0.698553168935381,1.14995500268151,1.93253462049687,2.23283185688441
"2015-07-14",-0.176788762206866,-0.194536514454576,-0.212620104956778,-0.222394242576147,-0.163627363584972,0.289094427189108,0.626230606603133,1.05489647293545,1.82977952885649,2.13596590219516
"2015-07-15",-0.158084346834602,-0.179159561551209,-0.201188315623649,-0.215813830923863,-0.15885406184592,0.305583406535231,0.646494298151373,1.071511865495,1.81552649970956,2.10298401688807
"2015-07-16",-0.203603852555824,-0.214447209085745,-0.223682025409219,-0.220415271282561,-0.149420177768466,0.28864108304464,0.605073579712761,1.00674641420157,1.73830784294937,2.02979956619348
"2015-07-19",-0.20029066181043,-0.210651037211633,-0.219577536306014,-0.216908038163894,-0.150266520470354,0.268569297781627,0.575215471434964,0.968696188400256,1.69722992982925,1.99098292651623
"2015-07-20",-0.166842639526291,-0.185835355722708,-0.205459414136586,-0.217423353237915,-0.161087017341435,0.28441302943718,0.612606371677288,1.02444094607639,1.75324151115727,2.03694593161681
"2015-07-21",-0.162508339423191,-0.182139731755243,-0.202935906962848,-0.217816377855535,-0.168465383222717,0.258223371891836,0.579104305711141,0.986150675301174,1.71635676541872,2.00303065089666
"2015-07-22",-0.16559734165886,-0.184458589642108,-0.204455896182519,-0.218778601767502,-0.171034170007244,0.244977664877627,0.560510357256832,0.963754649656065,1.69531710812652,1.98476485934119
"2015-07-23",-0.174797017703218,-0.189670311155386,-0.204960080840215,-0.213688222882246,-0.165399776701136,0.221338582744836,0.517174543523814,0.901668299742319,1.62027167637805,1.91106233689318
"2015-07-26",-0.176532396183795,-0.191142559338731,-0.206007256463805,-0.213820019247159,-0.163685333550312,0.226543154634738,0.522714482725836,0.905896919789866,1.61762637121664,1.90440664641672
"2015-07-27",-0.175281571159657,-0.191641188578431,-0.208768482624841,-0.219989230160872,-0.173343524142375,0.218800941780567,0.518953534935999,0.907296597358945,1.62652200075359,1.91545094183706
"2015-07-28",-0.177287002610508,-0.1947865993472,-0.213243349016462,-0.225961393764672,-0.178946000917238,0.225477828647783,0.534981372923506,0.934444820651906,1.67079735528322,1.96552301814967
"2015-07-29",-0.192097659190159,-0.206111245738441,-0.220470333843676,-0.22839132651837,-0.181282639610494,0.195697172955348,0.486839465597759,0.868853830320662,1.59401545007778,1.8909472959496
"2015-07-30",-0.184250272429963,-0.198663617857282,-0.213420185696213,-0.221572010939823,-0.173621011445154,0.206391244740885,0.496600787927647,0.873604664643808,1.57796931107235,1.86296112998375
"2015-08-02",-0.17605725252464,-0.19256214384369,-0.210241740424039,-0.223520382531783,-0.183320652290122,0.187116669526685,0.477270234444542,0.857782433857732,1.57569787468753,1.86783493909779
"2015-08-03",-0.168394291955626,-0.18747828620781,-0.20837260118351,-0.226072138541086,-0.188815049316404,0.193549347369892,0.495040184016076,0.889257345262618,1.62707176266804,1.92521373788781
"2015-08-04",-0.165262251667994,-0.187926157110791,-0.212713688381007,-0.233820249038809,-0.191478117767324,0.236866462565985,0.565487833510274,0.984602466213485,1.73928283605511,2.03596091562107
"2015-08-05",-0.172616375220324,-0.191555584298094,-0.211989641066281,-0.228051042337568,-0.185601988506522,0.216451941962217,0.529265585293807,0.935823871113314,1.69122304110895,1.99505022195049
"2015-08-06",-0.17236196187491,-0.19227758544985,-0.214305855764058,-0.23388459776693,-0.19899484630991,0.184062230253493,0.489477726456187,0.890988454895138,1.64758869055967,1.95470775500117
"2015-08-09",-0.16819656182425,-0.189569433259238,-0.213232421511578,-0.234441845087469,-0.198337647670487,0.200137743603788,0.514669248352508,0.924050925408421,1.68319988836369,1.98772012362463
"2015-08-10",-0.165686487887152,-0.187620841979197,-0.21237822211994,-0.236511923522044,-0.208157290453773,0.163951738451845,0.463791427192287,0.857157516887805,1.59290225623708,1.88955178719308
"2015-08-11",-0.168729631708946,-0.189288619268785,-0.212376893862718,-0.23435622705191,-0.20500920824577,0.160221992866413,0.455179213949147,0.844268136469899,1.57924007263155,1.87785120422111
"2015-08-12",-0.155534994684909,-0.177509974944342,-0.202295893879751,-0.226386550524031,-0.197649382014432,0.176632253624262,0.478017688352042,0.873341348369704,1.61265528006892,1.91073017563253
"2015-08-13",-0.153478667017075,-0.177283963815179,-0.204168568965165,-0.230556542180189,-0.201361414564977,0.186187127573152,0.494135914321087,0.892597085180382,1.62176403878522,1.91116504068274
"2015-08-16",-0.177042573835208,-0.195384243742646,-0.215351917936683,-0.231785382024818,-0.19380183118504,0.183505017271408,0.479848263179629,0.866923990864747,1.5908256542303,1.88326299317831
"2015-08-17",-0.185178546662346,-0.201162308553335,-0.217845264951078,-0.228526150610547,-0.181714677577578,0.208944210780023,0.508655829821057,0.89760080537182,1.62162480077909,1.91360129160289
"2015-08-18",-0.177213089862908,-0.19383347787508,-0.211415571171049,-0.223711883034654,-0.179518403108725,0.206477594098753,0.504570622858466,0.892127921757001,1.6145252373551,1.9059910889831
"2015-08-19",-0.175914003621919,-0.192983235706975,-0.211343252365018,-0.22548514215572,-0.18562831864333,0.187750224853022,0.479845980872462,0.861865695718097,1.57908230380305,1.86980971724633
"2015-08-20",-0.18126200865531,-0.197700302298576,-0.2151059155534,-0.227349411671855,-0.183948629801211,0.196426518536833,0.490320612162087,0.872470074618452,1.5848560140416,1.87229299862139
"2015-08-23",-0.173171953310229,-0.191514218351645,-0.21100647028004,-0.225163310335679,-0.179585704505604,0.221202850624787,0.525573733957776,0.91468827470369,1.62078917217824,1.90018762531871
"2015-08-24",-0.183505420290744,-0.200164835154791,-0.216646986525182,-0.223429003511076,-0.159998763525993,0.294282417843685,0.624870416402632,1.03936001647792,1.77462490432222,2.06160723396133
"2015-08-25",-0.183737064435871,-0.200096098113107,-0.216409202242962,-0.223683555209059,-0.163462501872916,0.275961163852465,0.597942245105808,1.00344864020039,1.72720545952812,2.01083090318712
"2015-08-26",-0.17256318272466,-0.191717389062863,-0.211508781433517,-0.223576841052194,-0.1667703819384,0.282478916984137,0.613437822811651,1.02874400108959,1.76368958499471,2.04978632033154
"2015-08-27",-0.179698447329516,-0.195028883840915,-0.209994573913629,-0.215159482198634,-0.152355874045171,0.289717124460009,0.612804271221416,1.02042114388698,1.75101514144452,2.03827957031494
"2015-08-30",-0.17597495990827,-0.191424382907089,-0.206208234578982,-0.209972797241181,-0.141758568730298,0.320598923058333,0.653792414955984,1.07039020997708,1.80794225329991,2.09561509207451
"2015-08-31",-0.173750568201921,-0.191406935589558,-0.208983755970437,-0.216751332801714,-0.151923086935547,0.31648045443001,0.656580153563527,1.08163681408922,1.83171169514379,2.12340657227261
"2015-09-01",-0.16825871827759,-0.187225800348046,-0.206654917937801,-0.217754817866362,-0.158346222107826,0.300264477019006,0.636860972021542,1.05880587124092,1.80496123725175,2.0953478790044
"2015-09-02",-0.170430624201285,-0.191462390290628,-0.214126638127074,-0.231976015861862,-0.185983301285954,0.243392514750217,0.570845116655885,0.988882712895299,1.74444073446238,2.04241787100302
"2015-09-03",-0.175534396915066,-0.191846613672481,-0.208835640752561,-0.219549634739619,-0.171074187060576,0.230779678221726,0.538773254599258,0.938354341112861,1.68202773413059,1.98190545507587
"2015-09-06",-0.1494169110257,-0.172692419938541,-0.198659925247676,-0.222819943568404,-0.187922569068597,0.221510538413428,0.544354340247004,0.962328433694862,1.72986055669833,2.03545794979529
"2015-09-07",-0.174138003289673,-0.191513305542868,-0.20998561487577,-0.223255261853466,-0.178256042489257,0.223893542961717,0.537576125211049,0.948468793716691,1.72305593721812,2.03815382894345
"2015-09-08",-0.172878302406723,-0.191024225290115,-0.210527492330045,-0.225460795064356,-0.182527459033951,0.219000248611167,0.534123877217976,0.947606598589459,1.72803301438733,2.04565456531926
"2015-09-09",-0.151332697943293,-0.172831437952513,-0.196709409041024,-0.218399104347219,-0.183218063580976,0.214716110424874,0.530777170254494,0.943849713635759,1.71438831098589,2.024759377564
"2015-09-10",-0.164675967057166,-0.183120042305423,-0.203248088201567,-0.219925697104388,-0.181609993881628,0.206163423864514,0.515560788462124,0.925247248695543,1.70811328134521,2.02949510618278
"2015-09-13",-0.164382436041663,-0.182797327441201,-0.202988231219353,-0.220096148218896,-0.183388913974041,0.19876095225306,0.505802575331528,0.914168416800754,1.69950887408543,2.02341449259673
"2015-09-14",-0.158897669477834,-0.179207296839957,-0.20124477068519,-0.219100914018299,-0.175959428131585,0.24449268524038,0.572801316824942,0.999917767809946,1.79407007260361,2.11356723655873
"2015-09-15",-0.154857339217633,-0.177078000223619,-0.201402322659845,-0.222110087799016,-0.179969044256206,0.250127753452872,0.584202416676824,1.01499239531425,1.80385216448785,2.11762324380918
"2015-09-16",-0.152439240814957,-0.174227466821404,-0.197893799535636,-0.217296662330063,-0.172823742631151,0.260466965400972,0.593920322714014,1.02175467646882,1.80008812630943,2.10835094695947
"2015-09-17",-0.155285084861322,-0.175944101876761,-0.199074300571614,-0.220778131395543,-0.189663606364202,0.186742841720409,0.490962685814701,0.893332082098532,1.6571251988155,1.96864946735699
"2015-09-20",-0.159332908175413,-0.180900650062972,-0.204994615740751,-0.227433362979589,-0.194501799483477,0.196236055868616,0.509219801249419,0.92019627799482,1.69168347391629,2.00378077449673
"2015-09-21",-0.16197391914215,-0.180778200445863,-0.201947145903691,-0.222163221456867,-0.194669341349252,0.154622810475372,0.443896304578893,0.834292413170238,1.59932805150954,1.91902150577165
"2015-09-22",-0.159833380468498,-0.179819405055152,-0.202518422214642,-0.225041467565561,-0.199897921793971,0.150934969730971,0.443163819050562,0.837402212100699,1.60786004952518,1.92891638024714
"2015-09-23",-0.161814916983524,-0.181432285844625,-0.203422092722308,-0.224117549860868,-0.194566625304893,0.166612954005901,0.460793906609892,0.852510088288266,1.60404087272943,1.91303276766038
"2015-09-24",-0.184597002157794,-0.202302919722056,-0.221484577442878,-0.236778384116912,-0.197282303998467,0.187390421600475,0.49285968400475,0.896817029766248,1.66800760851633,1.98448164826839
"2015-09-27",-0.17182274889172,-0.190558956518074,-0.21147932237907,-0.230762964694798,-0.200225959369778,0.160879468408041,0.457015480471759,0.854864465566164,1.63005030066678,1.95270037116616
"2015-09-28",-0.176319865180648,-0.193874556117238,-0.213175733184103,-0.229737353688064,-0.195564336678222,0.166566593537145,0.45897748673233,0.849209806843818,1.60349704652006,1.91577610136213
"2015-09-29",-0.18191486633443,-0.199070762630887,-0.217952898722469,-0.234197796405762,-0.200738387952738,0.156774272427168,0.447517163272921,0.837964949559849,1.60036916238203,1.91851670873508
"2015-09-30",-0.184647433514824,-0.20187875905077,-0.221208452330131,-0.239308498603249,-0.211939334802768,0.124706239259659,0.406183666218899,0.790463431765864,1.55883681989965,1.88526068058122
"2015-10-01",-0.180709556732774,-0.198614097138062,-0.219048532324581,-0.239626424431518,-0.217841824334204,0.102173345356289,0.37491510238601,0.749971630451481,1.50597092589022,1.82883831875013
"2015-10-04",-0.151499749554561,-0.175032157354897,-0.202556244256691,-0.23316439755081,-0.219292068789838,0.119004539921774,0.410062569974845,0.805019596072066,1.57758153667039,1.89889647699424
"2015-10-05",-0.150624448789616,-0.175064337449924,-0.203511072418797,-0.234665029014165,-0.218373213541737,0.135689673672882,0.435427411478657,0.837618894085636,1.61115841795003,1.92885700865862
"2015-10-06",-0.154245066312772,-0.178670075258076,-0.206084680845904,-0.232398404736946,-0.200288763677172,0.199458978471497,0.511575087692015,0.910416411634211,1.62734076891016,1.90847553195857
"2015-10-07",-0.114507361222869,-0.146310278778285,-0.183211129807289,-0.223742831577178,-0.206649415597955,0.191092376449925,0.507850258122755,0.908839076835351,1.6136200698078,1.88530964995374
"2015-10-08",-0.11690602208362,-0.149167258022588,-0.186362089173691,-0.226367269256093,-0.205508224096388,0.20709059915699,0.530153140457063,0.935118798884376,1.63790613674324,1.9067588535209
"2015-10-11",-0.14643697451156,-0.172836034542694,-0.202772046382752,-0.232825218860868,-0.204633914148149,0.193467520302931,0.50499086030534,0.90103031657618,1.60580370659636,1.88014130078086
"2015-10-12",-0.144051488063581,-0.170609865335682,-0.200745198960141,-0.231073567228991,-0.203059859681074,0.195936543978281,0.508372164122027,0.9056396369097,1.61268035716072,1.88791148368851
"2015-10-13",-0.149669928594267,-0.173840224604746,-0.201360974009783,-0.22928457860398,-0.203869380419783,0.170907349258641,0.471289722124672,0.860824500471888,1.57474850551882,1.85825496885854
"2015-10-14",-0.16900258677533,-0.190273973282577,-0.213901557971339,-0.235455544523877,-0.201594710192361,0.181331432923958,0.482144980583135,0.871212739311457,1.58517164415639,1.86936761577054
"2015-10-15",-0.165623018847718,-0.18860814638054,-0.214526629572181,-0.239804123729971,-0.210862338587336,0.166665066605128,0.46619135354989,0.853600696023813,1.56234890012015,1.84361821081876
"2015-10-18",-0.161034371663923,-0.184155406040691,-0.210268529869282,-0.235875489789003,-0.207227004945522,0.17274801050348,0.475815615404191,0.869361865164866,1.59354112691518,1.8820941743207
"2015-10-19",-0.162245661479005,-0.183876033212093,-0.207531869505292,-0.22766926809885,-0.187233283808141,0.221686412262859,0.535392577703023,0.935480477101522,1.65589492589693,1.93910172313905
"2015-10-20",-0.167296779521823,-0.189041898565169,-0.21333066339297,-0.236046965723917,-0.203986344032422,0.176116503860698,0.476144031099674,0.864684665474831,1.57830324062912,1.86245418017198
"2015-10-21",-0.170590221251241,-0.199300930234834,-0.233011287746106,-0.271362314188265,-0.260764305523927,0.0952821877232355,0.391852744774039,0.779105783796397,1.48994975951839,1.77183862313231
"2015-10-22",-0.185932544277246,-0.213402305415075,-0.245465550429618,-0.281169216234467,-0.267117064525926,0.0931620065256011,0.391436442350015,0.781392805820172,1.50006853769059,1.78602690849596
"2015-10-25",-0.196931994117905,-0.22235893292433,-0.251764778452106,-0.28340548930627,-0.264927799376523,0.0950466512415671,0.390161525916983,0.776074365633003,1.48964338062731,1.77446302075827
"2015-10-26",-0.166033377943467,-0.197911743073418,-0.235957452859377,-0.281681155865312,-0.281867497422898,0.0582718868095133,0.349721421640766,0.731780964440617,1.43267009912609,1.71000690514748
"2015-10-27",-0.155662122033477,-0.191249882919877,-0.234107036621682,-0.287159627293423,-0.295349606281835,0.0439857265961017,0.339323157668346,0.725623663571497,1.42863575089903,1.70495994641532
"2015-10-28",-0.17618083788136,-0.207464819262576,-0.244028445973632,-0.28515159803825,-0.272421828553448,0.106941108149757,0.41488031850284,0.808796806102921,1.51046066992105,1.78316865703269
"2015-10-29",-0.198357960467475,-0.225762499087154,-0.257420432418135,-0.291473623011973,-0.272294194824249,0.102536910981892,0.404977936814188,0.794683437255691,1.49915647746781,1.7759539972894
"2015-11-01",-0.193392843107859,-0.220552882672399,-0.251497247577336,-0.283147951791482,-0.25685398571407,0.14097422675173,0.453935535631584,0.852334861384573,1.56194689051515,1.8382533665801
"2015-11-02",-0.188212140331869,-0.216534304021741,-0.248986968906205,-0.282918439914668,-0.258933109130845,0.141030855407458,0.45782700326674,0.861798107875141,1.58216257056214,1.86276637519385
"2015-11-03",-0.200896072859552,-0.226484019969673,-0.255374468644374,-0.283800320530875,-0.253357799637749,0.151445603590536,0.469364257475154,0.87623271520058,1.60833919794855,1.8955309474274
"2015-11-04",-0.200059715720843,-0.225560330492982,-0.254480105822942,-0.283388193211371,-0.254738030617019,0.146318162304436,0.4651840317772,0.876748912918311,1.62628492890493,1.92269039996028
"2015-11-05",-0.190019948819168,-0.213942643286361,-0.240551653422587,-0.265040334814285,-0.228346087014463,0.191177492502067,0.518611596983802,0.939211827378792,1.70267177120484,2.00422802928736
"2015-11-08",-0.214978568104849,-0.239919103489447,-0.268121513983446,-0.295855984252025,-0.264933760337517,0.149863371807273,0.483522314984113,0.91996623555477,1.73212718991995,2.05832983790118
"2015-11-09",-0.210111211243565,-0.238090415869873,-0.2704563693313,-0.305284282937705,-0.28476736118403,0.114640981066514,0.443342444684574,0.874714915629637,1.67679361876588,1.99821766041987
"2015-11-10",-0.217873646725444,-0.245560918133462,-0.277579066316514,-0.311992485305167,-0.29149802086585,0.10459774333198,0.430435617283575,0.858004750614304,1.65295375319657,1.97151226292001
"2015-11-11",-0.221425587169535,-0.248557695522796,-0.279775905167934,-0.312731524311564,-0.289993609493575,0.107546954391149,0.431305919778165,0.853970356986625,1.63460096536787,1.9460601751416
"2015-11-12",-0.231378737295282,-0.256986708403594,-0.286599588149434,-0.318340553326659,-0.298445998915508,0.0788400006484382,0.392371092866716,0.808012721914067,1.59349092014823,1.91203679051303
"2015-11-15",-0.219323276349852,-0.247460187021775,-0.280493546998768,-0.317913113097861,-0.305842455913684,0.0622555978640422,0.373952356500598,0.788052758931241,1.5693688933322,1.88540299275385
"2015-11-16",-0.227406208671382,-0.25578759340297,-0.289147699980783,-0.327093708260056,-0.315675337655766,0.0522176385856847,0.36435037476617,0.779229094407201,1.56227154037832,1.87904193983357
"2015-11-17",-0.238623376165971,-0.264102204728417,-0.2937689276916,-0.326353752080423,-0.31014964085732,0.0511741261607483,0.355265794045061,0.760692972490756,1.53225733579351,1.84660764303365
"2015-11-18",-0.224242912137394,-0.25288122974893,-0.286674879572934,-0.325659683438777,-0.316960135158427,0.0392900783014434,0.342595247863177,0.74503524273336,1.50132374776228,1.8061745333962
"2015-11-19",-0.23731098432546,-0.26683428557481,-0.301431556823417,-0.340528984058373,-0.32836581285125,0.0433362368837726,0.351947750015285,0.754607772933119,1.49334256433385,1.78623728946728
"2015-11-22",-0.223215150661394,-0.256896203348354,-0.296532444172146,-0.342129528839222,-0.333045865850285,0.0583156309723833,0.380950996011567,0.796392621049917,1.54203356466656,1.83312642017097
"2015-11-23",-0.241655850193318,-0.269201691751712,-0.301142568437062,-0.335878535255745,-0.317800791482771,0.0611237214534739,0.371812154331792,0.777027640245146,1.52261121725456,1.81910468383563
"2015-11-24",-0.250660628412804,-0.280646700984727,-0.31600309997186,-0.356744331999274,-0.347784262463348,0.0197150958041361,0.330144786913961,0.739080305824479,1.49901461122441,1.80288419406503
"2015-11-25",-0.237145203608752,-0.270135035649099,-0.309367764702626,-0.355948353993046,-0.353150996788009,0.0146032033623067,0.328335339824244,0.740338338847559,1.49950741685399,1.80096306585343
"2015-11-26",-0.295196793045379,-0.317316783198257,-0.342734385919718,-0.369210999037136,-0.347604937715801,0.00814520351103254,0.306356330445424,0.707483146430134,1.48516654332825,1.80691267520146
"2015-11-29",-0.302658436615579,-0.324899509104158,-0.350368124637747,-0.376541100934907,-0.353114806799982,0.0124003401678763,0.317587959252014,0.727677169836775,1.5221565584929,1.85075991034282
"2015-11-30",-0.298381088506685,-0.322871958636531,-0.35136337392549,-0.382456840487448,-0.365284982390633,-0.00240951316113525,0.306569876923098,0.723853879508523,1.53516155691272,1.87118246376358
"2015-12-01",-0.305950301470493,-0.331620060836897,-0.361596834201376,-0.39479428995166,-0.37930020494546,-0.012733445521284,0.300014711006441,0.721495150005557,1.53704332717269,1.87344194874248
"2015-12-02",-0.302619801287186,-0.309614269268363,-0.314308276326821,-0.305568089088966,-0.233118090025159,0.188747980530059,0.500578721445748,0.90960053459948,1.69900402366686,2.02829728575435
"2015-12-03",-0.227839890898065,-0.247976588663956,-0.269804443656508,-0.287397184511836,-0.244204182070957,0.17455062071476,0.501320799894373,0.92636030627715,1.71655107550194,2.03443952741309
"2015-12-06",-0.269334116860945,-0.284677621106942,-0.300810075160817,-0.311505820036818,-0.267110367566445,0.11826234379173,0.422513072184691,0.8269885008765,1.60906592912425,1.9336081547548
"2015-12-07",-0.270750921189215,-0.28616428359195,-0.302419211880876,-0.313436425259306,-0.270043707126504,0.109598533548557,0.408648692722841,0.805003894564178,1.56729373216825,1.88226965604402
"2015-12-08",-0.304453905643044,-0.31767529426351,-0.330805469224666,-0.336114254509935,-0.283158837301776,0.114984524264532,0.421225797428136,0.824350050618067,1.59576507245028,1.91388229618191
"2015-12-09",-0.31593090637411,-0.329289116533927,-0.342694476358696,-0.348745298651705,-0.297687672081556,0.0951926518791093,0.39958307207707,0.802063507451877,1.57718067945931,1.89832747913264
"2015-12-10",-0.322864407242633,-0.336172844065177,-0.349640352719019,-0.356223287667929,-0.307343311143201,0.0762964916007032,0.375262537140603,0.771954985707626,1.53972988383264,1.85900032455639
"2015-12-13",-0.34113149853077,-0.351028563811116,-0.359589899158828,-0.35708590069557,-0.292675209999296,0.121332120424354,0.431501394165162,0.837556966058163,1.61374271405067,1.93437782749724
"2015-12-14",-0.329545551218557,-0.342481988611323,-0.354594847545495,-0.356168279339064,-0.291466106234613,0.147702329837019,0.474191950032175,0.895043365803551,1.67687512458891,1.99252541627702
"2015-12-15",-0.328861513249919,-0.340512443296751,-0.350618382738845,-0.348036661414452,-0.27524037318949,0.179834202500412,0.509452502477674,0.928202977722099,1.69132256286205,1.99545704832723
"2015-12-16",-0.372364229462665,-0.378257622533887,-0.381524796669654,-0.37061294290213,-0.295769439487073,0.127029839133797,0.43886662554588,0.849149974168336,1.64693373404116,1.98201379535038
"2015-12-17",-0.386971936259791,-0.39048542358662,-0.390993335788957,-0.37699540355579,-0.302733669230656,0.100026447065127,0.400517309061578,0.803884953087303,1.61932714623944,1.97379440928126
"2015-12-20",-0.383071969618851,-0.388598614017013,-0.391701134923203,-0.381573793166101,-0.311107161416181,0.0948427442992803,0.40025141245185,0.809148174622416,1.62775448607149,1.97996356005782
"2015-12-21",-0.401513144546948,-0.404569326181906,-0.403971194657799,-0.386555201628162,-0.302483427134703,0.132269368536338,0.44716955574763,0.86060095727362,1.66732889369137,2.00799083720581
"2015-12-22",-0.399870634687102,-0.405181362513939,-0.407143538386909,-0.392384119891984,-0.306781177121147,0.151398026987401,0.480364336279642,0.905351454523211,1.7095235327691,2.04036365716115
"2015-12-23",-0.405800944004804,-0.410954675666788,-0.412568581228114,-0.39680725819382,-0.308565509380431,0.156520776151139,0.487270937620897,0.911547004538746,1.70576379177064,2.0298679347068
"2015-12-24",-0.418048457343942,-0.417918431372068,-0.413277139196802,-0.390023044593515,-0.300781192021902,0.128133446816649,0.437122765181228,0.847003152782776,1.66763470381681,2.02284050619232
"2015-12-27",-0.426017575524765,-0.422687414036345,-0.414112336541769,-0.385633601263529,-0.293549147309278,0.120103702699466,0.418371568560243,0.821398616914983,1.66370953401151,2.04416318502652
"2015-12-28",-0.432314083278762,-0.433047299110452,-0.42907272200121,-0.405275180494482,-0.30979985059182,0.150504087394668,0.477175855948262,0.903134983716642,1.72976220138206,2.07801259762064
"2015-12-29",-0.416354588451515,-0.422517745800721,-0.425549166470627,-0.412265761680696,-0.327551168824396,0.136524457335873,0.471710968331441,0.905556991411482,1.72769731470456,2.06613092582543
"2015-12-30",-0.408606487361266,-0.420860366820736,-0.431225824468634,-0.427265112765464,-0.346660780061281,0.143113639749813,0.492238639391204,0.930577469223652,1.7157807399002,2.02501358324459
"2015-12-31",-0.403157375983331,-0.414425737061929,-0.423638375530528,-0.418355195802254,-0.337892327872447,0.142822240749192,0.485405516067168,0.916515452182384,1.69227674443998,1.99885978498224
"2016-01-03",-0.404846316613099,-0.412983778679582,-0.418813172054438,-0.410610060475356,-0.334441736288611,0.111374988738243,0.437561721473539,0.860534023004691,1.66083589203888,1.98938840885572
"2016-01-04",-0.415500967770133,-0.424416923527798,-0.43140992774671,-0.42548577435052,-0.353503834420295,0.0840003485817007,0.407864116023348,0.830295570438114,1.63554155844023,1.96781043765548
"2016-01-05",-0.417762892125539,-0.424851965815503,-0.429769513212685,-0.421677473217974,-0.350797362404154,0.0692892373215637,0.383518935179343,0.79957968080041,1.61469131065557,1.95878000281897
"2016-01-06",-0.410448871025246,-0.419421704247414,-0.426530983005173,-0.420897522082665,-0.349436108567623,0.089445276999325,0.416757426116866,0.846263246828413,1.67283448364889,2.01643481533462
"2016-01-07",-0.409009718167468,-0.418646865419328,-0.426748128290704,-0.423093712578175,-0.355622691685627,0.0709243031743239,0.390153583908089,0.808667979664882,1.61138904429635,1.94398618509765
"2016-01-10",-0.372806697653897,-0.387912962598883,-0.40291065746588,-0.409077768849113,-0.349856257329164,0.0890189308739442,0.420499597843537,0.849759176868554,1.64991105709325,1.97337557121765
"2016-01-11",-0.357193510447803,-0.373550852911951,-0.390152282354279,-0.398718866242722,-0.342102879598713,0.0948316315966096,0.424883012671414,0.850325638497981,1.63615473577404,1.95152340301541
"2016-01-12",-0.349618941831275,-0.366741110078636,-0.384500933628818,-0.395404534214511,-0.343424621638873,0.081202133510893,0.404828512974014,0.823040680748069,1.59691769653764,1.90770117762148
"2016-01-13",-0.345149181229988,-0.363746477669247,-0.383205019498194,-0.395989709193143,-0.343699676473496,0.091903882067464,0.421382053055065,0.843176742688579,1.6116228454016,1.91670458085137
"2016-01-14",-0.344865817488485,-0.363909671021077,-0.384309800504775,-0.399715919492892,-0.354233949290603,0.0626198525070676,0.385559867539925,0.804785668695061,1.58306828789235,1.89600152116342
"2016-01-17",-0.338714814261279,-0.35768719875015,-0.378135913420504,-0.394065833776789,-0.350562085502601,0.0608381668095652,0.383072941537798,0.804652305264985,1.59633102040973,1.91727135168925
"2016-01-18",-0.329649127247988,-0.34968813393559,-0.371667624660528,-0.390401380301483,-0.35146092613367,0.0534566112453529,0.375442851126405,0.799453324915221,1.60182122179811,1.92869319319417
"2016-01-19",-0.331251746067196,-0.351067212886583,-0.372962876435035,-0.392282941766436,-0.356605224693746,0.0329266613062364,0.345443880599607,0.758935348594263,1.54634200433544,1.86852213701345
"2016-01-20",-0.321876659685873,-0.346947481008466,-0.375910220083599,-0.406811496513455,-0.386484416677064,-0.0111034061483195,0.301473055285691,0.717092139260099,1.50657151389939,1.82799701167159
"2016-01-21",-0.310988437537149,-0.337311639751482,-0.367912739701164,-0.401329848674878,-0.383654773441415,-0.00612779760328896,0.310887520238087,0.733306262863552,1.53689145878698,1.86423999482075
"2016-01-24",-0.323348808648039,-0.347991754277797,-0.376414658779892,-0.406530748617456,-0.385384412752709,-0.00895756856102414,0.304898158085775,0.723397851278921,1.5223768338068,1.84895507846543
"2016-01-25",-0.30649818312188,-0.335050695553618,-0.368884569180136,-0.408358304870552,-0.401158816870193,-0.043638085843432,0.26688599717352,0.685184596575528,1.4894543754234,1.81906365626736
"2016-01-26",-0.311104212433647,-0.337279719786709,-0.367903007201254,-0.402089914761387,-0.387931719069976,-0.0258278543147206,0.282051865900299,0.694618540333752,1.48499384654635,1.80847216478729
"2016-01-27",-0.303927530449167,-0.330089538471528,-0.360887046102787,-0.395996437398556,-0.385215882331929,-0.0365726106397304,0.263688842725954,0.66831618482031,1.44887202822999,1.76981201961745
"2016-01-28",-0.312799931264428,-0.340866933556173,-0.37476224505434,-0.416680821315526,-0.420514572385211,-0.108839445375613,0.176899622790453,0.571713612049808,1.35637920820619,1.68547149590484
"2016-01-31",-0.312535521344798,-0.338594334511694,-0.36970764957425,-0.406808186023814,-0.403448102183689,-0.0820755250909313,0.205253186473597,0.599894675024602,1.38097437933408,1.7080470778969
"2016-02-01",-0.313124744458239,-0.339599087351145,-0.371410396174305,-0.410113155481419,-0.410409668864094,-0.0995181094553459,0.182814604963335,0.572837941659718,1.34986907059815,1.67665353456334
"2016-02-02",-0.314954991014002,-0.34093516492757,-0.372306015713819,-0.411024149376593,-0.413800136691181,-0.116465746575259,0.158102572136219,0.540857934607968,1.31327393007413,1.64125180748011
"2016-02-03",-0.316225488251265,-0.342107768407101,-0.373092314028982,-0.410359540911145,-0.408612596176236,-0.0967714520331213,0.183546458573717,0.569061445877896,1.33277020833006,1.65267946515989
"2016-02-04",-0.316885870927137,-0.343592648829994,-0.375676963323487,-0.414706036561032,-0.415089789229678,-0.103424984746449,0.178860543819888,0.567785151093917,1.33921613433882,1.66251451436516
"2016-02-07",-0.312137138899548,-0.341974035123256,-0.378132840581893,-0.423435910000161,-0.431048110850101,-0.124214261595514,0.156651880893288,0.540678831395408,1.28891066156948,1.5977008831923
"2016-02-08",-0.31406155813081,-0.34171453736433,-0.375067951714859,-0.416179251782508,-0.419417872431952,-0.111913078280933,0.168361649950115,0.554066741503052,1.31593971490125,1.63398619335097
"2016-02-09",-0.310518563583706,-0.341354333516307,-0.378699810413243,-0.425423827667771,-0.433113943475506,-0.117283907682738,0.17058594261992,0.562807433926289,1.32281828774525,1.63518270204781
"2016-02-10",-0.324014814677295,-0.353802207948189,-0.389647326840602,-0.433664166193968,-0.437249625168108,-0.118966166896579,0.164907540672931,0.547742221343362,1.27977218784702,1.57792231786143
"2016-02-11",-0.326400757684953,-0.353443246748875,-0.385447949208347,-0.422683936556407,-0.415675712578268,-0.0804192677936668,0.208333910100158,0.594537803110208,1.32886366236047,1.62733546499969
"2016-02-14",-0.333975679369945,-0.359896557778334,-0.391044907530946,-0.428928530536883,-0.429029352615958,-0.122009883169121,0.157557220028004,0.544904569259383,1.32048900224823,1.64798110596384
"2016-02-15",-0.337098715582026,-0.362649839628703,-0.392941151067942,-0.428264169849237,-0.421289408530549,-0.0929576490374435,0.195045161666483,0.586896882658551,1.35272455404976,1.67053438532111
"2016-02-16",-0.332100065066065,-0.357396011461544,-0.387528574181438,-0.423186598491072,-0.418568950999538,-0.100334315996745,0.182900659692003,0.571490851559177,1.34000346108203,1.6617195138632
"2016-02-17",-0.339843173395375,-0.364671091740743,-0.394416840441097,-0.430267763221888,-0.428851181455445,-0.129435348707557,0.140767222465036,0.513469896780921,1.25521443946387,1.56703378025228
"2016-02-18",-0.348744659870788,-0.37178782569119,-0.39931499444199,-0.432120003312133,-0.428584965704278,-0.135342543763859,0.129888211200572,0.498582897246045,1.24324334960658,1.56018061473103
"2016-02-21",-0.341713988048725,-0.36386070138166,-0.390591387399131,-0.42342417387089,-0.424283194101343,-0.153732478258961,0.100024327269125,0.460641304377412,1.21351600908525,1.54242430232892
"2016-02-22",-0.350352975571555,-0.371802508495264,-0.397509014107888,-0.42838645641329,-0.425783204342344,-0.148740076802648,0.106652575004373,0.467316524740043,1.21483625184699,1.53976887414159
"2016-02-23",-0.357341633744878,-0.377678783848863,-0.401839586282577,-0.430058310733664,-0.423761749796186,-0.145722734453981,0.105142768641094,0.45600446139232,1.17403305076798,1.48322253805875
"2016-02-24",-0.365533090674541,-0.386527536355849,-0.411675461821955,-0.441830238180131,-0.439022315394104,-0.166621054486253,0.0842306639194637,0.438391153717202,1.17229787067582,1.49128996860035
"2016-02-25",-0.344792615153884,-0.370923316786978,-0.402845931621653,-0.443641912023318,-0.453244946905738,-0.182854153792883,0.0757528190935377,0.440862681471194,1.18853185505317,1.50915554066655
"2016-02-28",-0.372456393911932,-0.395752541716848,-0.424177870279206,-0.460275535529282,-0.467074340704574,-0.20919734212264,0.039795071666062,0.396864151193581,1.14930116901194,1.47997362239291
"2016-02-29",-0.372179970450821,-0.395152515037529,-0.422977329863891,-0.457517792989257,-0.460150678635212,-0.186381013759395,0.0730673745141992,0.443488501368251,1.22163030153319,1.56317314332046
"2016-03-01",-0.371591470682388,-0.394094092126736,-0.421019985166133,-0.453194437966285,-0.449620946257489,-0.154969606248485,0.11580655690288,0.497900755773397,1.28940357586389,1.63337958990735
"2016-03-02",-0.372838958697519,-0.396870853191061,-0.426064685145159,-0.462623580122132,-0.466904833272145,-0.186438757238845,0.0818149367152923,0.466418981324975,1.27895139998297,1.63714356916486
"2016-03-03",-0.378738721214071,-0.39862573737392,-0.422016814492139,-0.448358726902389,-0.437031805887177,-0.136385056287664,0.132576993587246,0.510332089274558,1.29237518495233,1.63287266434323
"2016-03-06",-0.375079138980523,-0.396519058040089,-0.422221732762737,-0.453063262722021,-0.449918480402523,-0.164918825983859,0.100413196821622,0.479129798116899,1.2789368173331,1.63224067662012
"2016-03-07",-0.378597547682242,-0.401783188854634,-0.430037106262363,-0.465728761376055,-0.471239303093258,-0.204343923840607,0.054120198814781,0.427444367932212,1.22512302816515,1.58004223619702
"2016-03-08",-0.381766730316676,-0.403317859899694,-0.429065036304904,-0.459640825356863,-0.455063253759918,-0.164522943932283,0.102957913711008,0.482156742572177,1.2747371647732,1.62191420460571
"2016-03-09",-0.371556950320574,-0.385640627883765,-0.40147681532523,-0.416273910511397,-0.392511266745545,-0.0937788184505677,0.166402983613122,0.53569327732401,1.32540377190868,1.68073834639127
"2016-03-10",-0.381782124367086,-0.396963970823851,-0.414416284447027,-0.432347285095917,-0.41453816586393,-0.131951825274411,0.118639851599444,0.475337463941278,1.23750778441728,1.57951457591422
"2016-03-13",-0.38306970753967,-0.398823190411145,-0.416919553269824,-0.435482844921241,-0.41702034541277,-0.126124591243321,0.130419721067032,0.493752649313175,1.26330482200933,1.60596303040844
"2016-03-14",-0.386187348101935,-0.400154661128782,-0.415698632636462,-0.429593042012524,-0.403377954138892,-0.0988945575166955,0.161409002153997,0.526249302448267,1.29097172524607,1.62927614568696
"2016-03-15",-0.399840248182598,-0.415701938963908,-0.433252169502248,-0.448687913548891,-0.418929636647025,-0.089094866656527,0.182843647096189,0.551894653937959,1.28453114100446,1.59423733146258
"2016-03-16",-0.390803432815425,-0.406195363650302,-0.423617480253594,-0.440521350387006,-0.418440439730739,-0.123508232720134,0.128013468733593,0.47615074937559,1.18730158924888,1.49462048219914
"2016-03-17",-0.396381934744733,-0.413418537645911,-0.43292247760266,-0.452826357550638,-0.433456288543553,-0.136744382083093,0.116237644288422,0.463428400044719,1.1602938531817,1.45679010065575
"2016-03-20",-0.401503027862453,-0.417662421271527,-0.436015769693964,-0.45411433349522,-0.432516779264954,-0.133144726914678,0.1215247937208,0.47231885287763,1.1823539784018,1.48675943350256
"2016-03-21",-0.399856545235876,-0.416716155846486,-0.435965630565531,-0.455397594743645,-0.43521358967974,-0.13681458115246,0.116881132948149,0.464787968833933,1.16270756304486,1.45958745239679
"2016-03-22",-0.402545941781333,-0.419288654887152,-0.438332457115381,-0.457277046606272,-0.436005374273569,-0.135340781237097,0.118540496602294,0.46531998512258,1.15699517811442,1.44993457606151
"2016-03-23",-0.400971337835235,-0.418435120667152,-0.438608755228623,-0.459919774620019,-0.443423841235762,-0.153682551200594,0.0966011059404353,0.441999745423433,1.14001476868864,1.43842579073488
"2016-03-24",-0.400332498654611,-0.421317890893186,-0.445780430485931,-0.472696541881578,-0.459184024094222,-0.155639712745477,0.102671531379572,0.450562643179618,1.123411484445,1.40090145697296
"2016-03-27",-0.393347003717797,-0.415951905340759,-0.442550094013161,-0.47284672433757,-0.463540750271698,-0.164105260063822,0.0928079813857156,0.437853603167427,1.09990756664595,1.37102500578879
"2016-03-28",-0.38701500102526,-0.406993148890133,-0.430822033390356,-0.459026984379523,-0.454700711344866,-0.190358732817492,0.0498786386872179,0.386479407316593,1.07620344644127,1.37335508940255
"2016-03-29",-0.385204536464831,-0.404358622765984,-0.42710262989716,-0.453606525284259,-0.447280979741316,-0.182197365100692,0.0573885249321903,0.393348797105896,1.08416493506444,1.38284837215172
"2016-03-30",-0.372505963528984,-0.393419650181728,-0.418427816019945,-0.448311521784769,-0.445401561678378,-0.179212016873951,0.062644655617506,0.399981190014129,1.08494371670965,1.37770899772648
"2016-03-31",-0.385206812419796,-0.404288620057187,-0.427007819369044,-0.453724372426289,-0.448624287023913,-0.190238572362093,0.044410886206851,0.373841135285967,1.05180604892599,1.34503242323951
"2016-04-03",-0.396639182813361,-0.413568011109114,-0.433442646941691,-0.455676250197628,-0.445302504085329,-0.185887121596414,0.0455524262631307,0.3703784124787,1.04250285923014,1.33508201877156
"2016-04-04",-0.401513611023882,-0.418837929545886,-0.439354213475538,-0.463003437318582,-0.455738174797133,-0.205031181795932,0.0222425708578753,0.343195572039961,1.01216856373921,1.3048718513199
"2016-04-05",-0.394417163337749,-0.414023449319776,-0.437402046286393,-0.465047437944183,-0.460669006021097,-0.200620076478967,0.0355881239438917,0.366499358101482,1.04450073724101,1.33659097010178
"2016-04-06",-0.402784063150444,-0.421739230729809,-0.444389731291772,-0.471321023634124,-0.467549551443518,-0.214493602026727,0.0180033664490752,0.346742524828135,1.03060176205082,1.32892954894836
"2016-04-07",-0.402791798651609,-0.422954722657178,-0.447210925698829,-0.476691846781536,-0.475891271555869,-0.222026878045447,0.0143758085446819,0.349745850699159,1.04904660785106,1.35439914629557
"2016-04-10",-0.399938192576804,-0.420583306800123,-0.445429118139266,-0.475648938205251,-0.474848111825874,-0.213666721983894,0.0303194492571011,0.377455756335953,1.10488547482657,1.42385370911159
"2016-04-11",-0.386166317616311,-0.407126551832966,-0.432269947239369,-0.462531857950232,-0.460102308765633,-0.18720225581979,0.0660325873103049,0.425737894618735,1.17862617670936,1.50860259058591
"2016-04-12",-0.420372342425665,-0.437847353959962,-0.458441503631516,-0.481738183272333,-0.471944782363378,-0.203497918380098,0.0398385260039351,0.385618350770404,1.11582041171771,1.4391647955409
"2016-04-13",-0.450519566449488,-0.463664199274014,-0.47825148779123,-0.491115836199843,-0.465624824444946,-0.175108550024261,0.0727328910818642,0.419902623877493,1.14726574210643,1.468983187118
"2016-04-14",-0.457678785646827,-0.472416980229563,-0.489208575090886,-0.505888114827616,-0.486141113166476,-0.204314020148207,0.0408868307002498,0.385561406728021,1.10765003673678,1.42634931494452
"2016-04-17",-0.45150170106563,-0.46725197278817,-0.485233409053892,-0.50329040593176,-0.483405720190911,-0.191958407872752,0.0600499188887054,0.41156840599917,1.13768895315211,1.45423431886313
"2016-04-18",-0.45375259616318,-0.470312788979129,-0.489298886374311,-0.508710098568081,-0.489555520617609,-0.19283271408776,0.0641621506599024,0.422065937903191,1.15845745978553,1.47827705644145
"2016-04-19",-0.462098909429751,-0.476047791273705,-0.491703187729613,-0.506271063225753,-0.482866898099189,-0.193386330934651,0.0550890800141006,0.403076894772512,1.13009976428464,1.45060844162141
"2016-04-20",-0.457328024921794,-0.471181032062207,-0.486359967299016,-0.498989150827143,-0.469065164252462,-0.154551715016812,0.107650279181309,0.469013552014727,1.206799628912,1.5262115842714
"2016-04-21",-0.453086725093264,-0.468957447957246,-0.486856620103855,-0.503938711994651,-0.479723033158666,-0.167412310668805,0.0987838833147587,0.467903630586742,1.22495995840211,1.55332734667288
"2016-04-24",-0.452321642383305,-0.467648788960569,-0.484700303062451,-0.499993686925204,-0.471971063451286,-0.148244682976107,0.124583453177074,0.50172908440806,1.27347245391912,1.60789517625467
"2016-04-25",-0.452743864881272,-0.467422591698275,-0.483413567264933,-0.496351561176822,-0.463168666985405,-0.125664010493983,0.153031323811715,0.534586480688369,1.30557165318862,1.63657480481198
"2016-04-26",-0.458946120381452,-0.473303240550083,-0.488903149939512,-0.50131782174591,-0.467708354709634,-0.129365860891411,0.15119792730489,0.537286388533517,1.32466749373003,1.66539273864956
"2016-04-27",-0.436278431216498,-0.452764621982475,-0.471409819119412,-0.48942059447381,-0.465291360451583,-0.145760332060904,0.127275334275496,0.506137861491243,1.28356878145015,1.6208431820878
"2016-04-28",-0.460087296616806,-0.465391087159845,-0.469154925688794,-0.463361185827813,-0.4100336372215,-0.0785453890833562,0.181314318064598,0.539982165363873,1.29429960329099,1.63267739487865
"2016-05-01",-0.4649301803041,-0.469972528586381,-0.473388332861243,-0.467051853532802,-0.41320337808493,-0.0835585737134397,0.173372402366642,0.526755569624414,1.26604656628625,1.59623028880559
"2016-05-02",-0.464661052484481,-0.471604298449754,-0.47785536607911,-0.47709368700191,-0.433797548910519,-0.129142901620149,0.116698602586533,0.459749381627142,1.18948389319209,1.51922293714016
"2016-05-03",-0.4607942856992,-0.46966474336261,-0.478394950037982,-0.481311918769654,-0.441531013388049,-0.133208269952971,0.117686757112764,0.46616891952678,1.19700458673902,1.52234490783191
"2016-05-04",-0.456051210535643,-0.466748244409903,-0.478015477380532,-0.485355075867889,-0.452321078760624,-0.154407299698084,0.0933901551818137,0.439197879006515,1.16521616882188,1.48789416364246
"2016-05-05",-0.459514016900075,-0.469391686680948,-0.479669592888905,-0.485762081538963,-0.452341232088547,-0.159876088019538,0.084132541853325,0.426856780850925,1.15581251908529,1.48375285632744
"2016-05-08",-0.463530403456512,-0.473304402167007,-0.483565377471277,-0.490041471555824,-0.45855099843097,-0.174870862413059,0.0640188254123424,0.401695689446036,1.12730579764651,1.45664322298976
"2016-05-09",-0.475080210308361,-0.481899918894569,-0.488303196059025,-0.488862934640264,-0.451040878445714,-0.169945810061629,0.0622651114318843,0.391821641495187,1.1127098534327,1.44663635204979
"2016-05-10",-0.48243052511303,-0.48797566373851,-0.492735713527736,-0.490846926387912,-0.450659118791265,-0.171922846576795,0.0570084205835416,0.383267375634786,1.10594968033689,1.44534533758003
"2016-05-11",-0.487091471219801,-0.492531186839201,-0.497003554300952,-0.494144420297994,-0.450887693459098,-0.159778331292767,0.0768118984444018,0.411795272589738,1.1462858825521,1.48814363382357
"2016-05-12",-0.475494386227396,-0.480204747928531,-0.483942504986482,-0.480722592124992,-0.440001265509066,-0.167161897110535,0.0570047351487664,0.378399230610704,1.10043692049561,1.44458650763192
"2016-05-15",-0.487552917322845,-0.492228162954517,-0.495784507579175,-0.491812525814406,-0.44849745604167,-0.165138056854769,0.0651349750643561,0.392690833148401,1.11885339076755,1.46073443758708
"2016-05-16",-0.48161375816835,-0.486938437781221,-0.491422007857895,-0.489147753202509,-0.448684052699725,-0.170810527093957,0.0573953751245242,0.383110433288181,1.10718831553356,1.44852241285739
"2016-05-17",-0.485436453525618,-0.490494804581522,-0.494474436451654,-0.490878182885326,-0.446903690459939,-0.156548061046602,0.0789455028489295,0.412685315267608,1.14679346001243,1.4897113508217
"2016-05-18",-0.479256133941746,-0.484134875470821,-0.487873692945036,-0.483897352929629,-0.439550160075866,-0.150586255900184,0.0826090043863078,0.412039652235263,1.13302895957148,1.46832082507024
"2016-05-19",-0.486787167071994,-0.490506773201184,-0.492696063944263,-0.486219891351726,-0.438744456753766,-0.148249528031353,0.0837257071656856,0.411330695120389,1.13161751873099,1.46872995933721
"2016-05-22",-0.479711354579032,-0.484762625723217,-0.488696248724856,-0.484909996578932,-0.440341689718032,-0.148522197282487,0.0868790926109012,0.419002645572298,1.14385962058532,1.48000276383803
"2016-05-23",-0.47873036814594,-0.484626121351997,-0.489743191817902,-0.488049343193746,-0.446737278804079,-0.159802637213533,0.0745896741255638,0.406617806515145,1.13362195373345,1.47125952615303
"2016-05-24",-0.473928742041464,-0.481155273846294,-0.48815606448308,-0.489865778335172,-0.45416998830647,-0.178220886422544,0.0514055931853906,0.378027008947833,1.09377553725202,1.42558859404978
"2016-05-25",-0.463153694148405,-0.473197473726449,-0.48390648992176,-0.4914051424341,-0.462281654577487,-0.186012833673616,0.0487914889424669,0.38201992563741,1.10164737693633,1.42949851696561
"2016-05-26",-0.459412367528395,-0.470069166182406,-0.481631134452387,-0.490617458373763,-0.463738984466485,-0.190470681879501,0.0439711690553859,0.377590604959051,1.09957585665649,1.42880216221201
"2016-05-29",-0.453169475514919,-0.463659805913001,-0.474908350468834,-0.483075742074118,-0.454025420549492,-0.17295551239473,0.0661663938162106,0.405181807613046,1.13535255175031,1.46709356373553
"2016-05-30",-0.455306751389553,-0.465205682309947,-0.47574929223774,-0.483073049158138,-0.454032604861351,-0.179130268344703,0.0549981558577024,0.388052080933443,1.11048315045303,1.44096428105725
"2016-05-31",-0.464536202012198,-0.474227288634305,-0.484494175178069,-0.491378036936769,-0.461828797119602,-0.187161275565806,0.0461589141489841,0.37781026366511,1.09677355365499,1.42558304397766
"2016-06-01",-0.472150773600818,-0.479721674056281,-0.487198880418321,-0.489739005820192,-0.455350920943377,-0.18217263788969,0.0457383960872673,0.369631102516551,1.07709470701487,1.40386965711
"2016-06-02",-0.450211230368567,-0.460532264011358,-0.47185078161395,-0.481168697263102,-0.457464933850152,-0.203389037861199,0.0165773312657893,0.330971592438721,1.0154285586711,1.32903946259272
"2016-06-05",-0.478328969936016,-0.485936818152091,-0.493366876971362,-0.495531478016036,-0.459795463626607,-0.18366494641741,0.0431218025695876,0.361302459259902,1.04103675554203,1.348763535748
"2016-06-06",-0.456958312118251,-0.4668384227635,-0.477529791052561,-0.48572388738878,-0.460321700327865,-0.205253015454276,0.0128340013852966,0.322473963254807,0.990118561804922,1.29359861266021
"2016-06-07",-0.465183400684325,-0.473256503400244,-0.481503216349819,-0.485664662616733,-0.454968310968438,-0.196923514089026,0.0184287990458466,0.322411215371782,0.976138419283089,1.27342116440787
"2016-06-08",-0.470003717708429,-0.478022958470099,-0.486189948173717,-0.490221955894912,-0.459528831997999,-0.204635875255643,0.00627423747077371,0.301784711220508,0.929125534591873,1.21111880421764
"2016-06-09",-0.465331173169706,-0.472645633017374,-0.479881881599306,-0.482469861892801,-0.450299913662059,-0.198198152822942,0.00788611154794105,0.295081373959811,0.900659505450522,1.17149963520591
"2016-06-12",-0.471515034150777,-0.478451823545491,-0.485103063872593,-0.486458060956564,-0.451602321703599,-0.19039804286954,0.0219282778272082,0.317834447842299,0.943392993564965,1.22407263786409
"2016-06-13",-0.492606083861061,-0.498250813586755,-0.503009813888525,-0.500770612243348,-0.459613089016818,-0.18704196122329,0.0276387794159824,0.322336397930221,0.933166352102139,1.20315083437145
"2016-06-14",-0.470460857593654,-0.478945764706906,-0.487616983875812,-0.492087862278246,-0.460784338944804,-0.201417559230893,0.0105337568765668,0.303783249073142,0.912428620887529,1.18056770979308
"2016-06-15",-0.506633711325263,-0.509093971791633,-0.509648441854623,-0.500818358561015,-0.452197594107045,-0.18180407784341,0.02396647631056,0.304777375955806,0.888534578511919,1.1485177447047
"2016-06-16",-0.429114725443162,-0.445191698662048,-0.463683298630908,-0.482955821632055,-0.46690887372792,-0.201543654466224,0.0237972410738695,0.330606603068847,0.937398331909384,1.19239590651021
"2016-06-19",-0.466622443678821,-0.477878879194253,-0.490147191490812,-0.500049693365129,-0.47417622135319,-0.209098740594256,0.0123645282413187,0.318932644529322,0.950236210791077,1.22563976611474
"2016-06-20",-0.498130492983269,-0.504677570566318,-0.510754830743351,-0.511000171832656,-0.474077756463759,-0.207816579836754,0.00706346479200448,0.305867134119952,0.936453357613852,1.2191734159003
"2016-06-21",-0.506281047285723,-0.512638642204324,-0.518361818560236,-0.517700863097434,-0.478497262088151,-0.20539109248702,0.0124574493775108,0.313202748954206,0.940925123087785,1.21978540430339
"2016-06-22",-0.516792258568267,-0.520876626894792,-0.523530303952017,-0.517789056034137,-0.471614718277967,-0.189748874842269,0.0311411393660598,0.336895387735458,0.984274187700043,1.27664113376789
"2016-06-23",-0.495819628182536,-0.505673820224015,-0.516151411223277,-0.523472410695717,-0.495618395020311,-0.238605191290304,-0.026846102006793,0.265128972051088,0.864586552425398,1.12577147416646
"2016-06-26",-0.527572430348497,-0.533920028456283,-0.539843773967705,-0.540310376383642,-0.505892625947336,-0.260459598361304,-0.0661398249025023,0.199144094265878,0.741090423803658,0.977204170297726
"2016-06-27",-0.53485983469573,-0.543038372543582,-0.551409356731304,-0.555806268855346,-0.526130646799412,-0.280458021764483,-0.0808013409242423,0.193906875895286,0.75849507103267,1.00510189538614
"2016-06-28",-0.571907411658887,-0.575057916757388,-0.576877283231517,-0.571258151822478,-0.5308805011629,-0.288562061778121,-0.0986252767313819,0.165159997245051,0.727949496419851,0.98405915947777
"2016-06-29",-0.534832296897904,-0.543596672565668,-0.553034468110648,-0.56010138441017,-0.537057441293496,-0.31169984531011,-0.12164142968054,0.145134820206885,0.709179281330234,0.961149416731417
"2016-06-30",-0.579356333542678,-0.585437828619259,-0.591351560076733,-0.592928292565906,-0.563602902780977,-0.33713159476993,-0.149980608711917,0.114316081601955,0.685814309325873,0.947458750139576
"2016-07-03",-0.558796184178502,-0.570042271899341,-0.582786687644394,-0.595133026548848,-0.578375716605848,-0.352559309570439,-0.155612451683299,0.122939819938814,0.71372794025587,0.977437917935983
"2016-07-04",-0.556059836410826,-0.569604514287984,-0.585488585600312,-0.603143338142014,-0.593996083211042,-0.378416462780976,-0.184392852599609,0.0908049592975305,0.671172051975415,0.928024681759813
"2016-07-05",-0.569619253543318,-0.582269421825567,-0.596919873762327,-0.612459271894944,-0.600242219300659,-0.381174530302124,-0.187179987411673,0.0868093329259335,0.662827730371248,0.917427544743427
"2016-07-06",-0.555483204438385,-0.569070382459037,-0.585013677507294,-0.602772081202328,-0.593782852974055,-0.37842769263825,-0.184445064061282,0.0907539477529226,0.671215062331738,0.928125985195968
"2016-07-07",-0.58977079069295,-0.599904242405194,-0.611365865067488,-0.622341805241975,-0.606393668359566,-0.395448379957404,-0.209863476001498,0.0552548803723026,0.627991052917592,0.887942284436175
"2016-07-10",-0.562903665646476,-0.576185591107354,-0.591812125448247,-0.609364368843317,-0.601171883359346,-0.391682482438587,-0.201338702161354,0.070369193493468,0.649211800343012,0.907577865168201
"2016-07-11",-0.556393308453682,-0.567732136351257,-0.580639167602426,-0.593363290310646,-0.57738657285826,-0.352300782560356,-0.154116392236987,0.128022611508593,0.732728436228056,1.00508055263697
"2016-07-12",-0.569273046238109,-0.579681704352264,-0.591474222703868,-0.602849528145774,-0.586863081198305,-0.372129419730902,-0.182932677105797,0.087455602972504,0.671756472213195,0.936991654289316
"2016-07-13",-0.554318720927828,-0.565667209311231,-0.578539408358609,-0.591058637074611,-0.574383472955916,-0.347652255490191,-0.14974236478979,0.130236032662919,0.724150651969006,0.989275354276251
"2016-07-14",-0.564646064717726,-0.573131251150032,-0.582026657940611,-0.587612194258154,-0.560343074656095,-0.317029845092934,-0.113923878323005,0.170886009007139,0.774337046334813,1.04478986079661
"2016-07-17",-0.547411458066043,-0.558352739851683,-0.57059810779464,-0.581818464349434,-0.562443540966935,-0.327811161825037,-0.125337005197729,0.160194515635628,0.764452945713884,1.03392505670198
"2016-07-18",-0.553524691513737,-0.562666250478241,-0.572525750627254,-0.579966591822643,-0.556124820821998,-0.321062234243416,-0.122058299993346,0.158144071812686,0.753703448780086,1.02098113890786
"2016-07-19",-0.552454262163224,-0.560359430336894,-0.568559000755591,-0.573292399098377,-0.545924596307241,-0.308000122553952,-0.10922433726209,0.170571202685209,0.768207043817552,1.03813596197461
"2016-07-20",-0.523465109486869,-0.535077334535048,-0.548224198870833,-0.56092754350444,-0.543594359075031,-0.312036172782875,-0.111238534147906,0.171306972183175,0.765282016412382,1.02837430380745
"2016-07-21",-0.519655054017386,-0.531094883542734,-0.544052027667201,-0.556594865912725,-0.539627819871985,-0.312033760451544,-0.114597984017451,0.163246127569088,0.747383490540552,1.00612679737139
"2016-07-24",-0.541500932960288,-0.551158185255249,-0.561754574383189,-0.57056662521814,-0.54922852113244,-0.321529916919446,-0.127830915234425,0.144231549062581,0.718242032268979,0.973896119771613
"2016-07-25",-0.548652654453767,-0.557864866847578,-0.567830329124907,-0.575501718297562,-0.552295575854624,-0.321225548638439,-0.126367309108588,0.146643962846333,0.721569099580797,0.977424959898333
"2016-07-26",-0.545572180371364,-0.556486592745138,-0.568977062867423,-0.581568121616617,-0.567524568150263,-0.357392072242287,-0.171403627185387,0.0937510152514458,0.662662937704941,0.919010242222093
"2016-07-27",-0.548382563123017,-0.557817057478035,-0.568354982465219,-0.577886589803752,-0.560359321132053,-0.350795847422904,-0.168319311220688,0.0916106865211607,0.651916554067333,0.905988382057171
"2016-07-28",-0.550699520206568,-0.561198096555638,-0.5732708839401,-0.585665405926702,-0.573130978631974,-0.374187901058414,-0.196344723350758,0.0588274865689568,0.611895913346895,0.863274109754298
"2016-07-31",-0.547350636767843,-0.557742054648975,-0.56956312804973,-0.58118532689521,-0.566392725220258,-0.359376469293752,-0.177211597830927,0.08207902105839,0.637745386889731,0.887997590758575
"2016-08-01",-0.599716967227162,-0.602017231716822,-0.602770059691991,-0.595658525927489,-0.55416172062,-0.314540507220857,-0.126698319873464,0.136145934625801,0.706918988671821,0.971398448980165
"2016-08-02",-0.593299379419781,-0.596761875971668,-0.59907957843307,-0.594528387186628,-0.556346922396957,-0.318728931381206,-0.129651428780074,0.135516424467344,0.710011452825261,0.974968666276778
"2016-08-03",-0.585373120542667,-0.591738345343412,-0.59823780966678,-0.601450466494306,-0.5765647885487,-0.364462008714677,-0.183915648610902,0.0758331358625582,0.65413955414181,0.925769497917074
"2016-08-04",-0.588827734601271,-0.595339949712319,-0.601887274581297,-0.604663754349113,-0.57734664319842,-0.352927613243086,-0.164190052314698,0.105139856963274,0.696856952940555,0.971486192096374
"2016-08-07",-0.552602963106536,-0.56654294580469,-0.582957458272103,-0.601450157943988,-0.593126433409502,-0.374590163359556,-0.175782428049297,0.108097658830066,0.713012648164508,0.983042202951097
"2016-08-08",-0.528768897705228,-0.546964537731838,-0.569097990578867,-0.596941354181301,-0.600898012200893,-0.393006563553493,-0.193903001086101,0.0910766350985037,0.690794171933772,0.954209560005442
"2016-08-09",-0.545568078317156,-0.562285717680453,-0.582636418896776,-0.608240044870319,-0.611544263938386,-0.413914422976132,-0.222255534780886,0.0558033701042634,0.655162027540739,0.923979143815104
"2016-08-10",-0.551394456848017,-0.567369424063803,-0.586650026738297,-0.610261428569021,-0.610103935903654,-0.405173323553845,-0.210361644884539,0.0709098175100094,0.675101316658438,0.945703126392728
"2016-08-11",-0.541528518019216,-0.559073712568045,-0.580485774110939,-0.607645705301937,-0.612316432581811,-0.411745572483329,-0.216359492716758,0.0668342197296857,0.675139322496728,0.946981665555617
"2016-08-14",-0.552779585650063,-0.567892497325004,-0.585901171004267,-0.607057372329624,-0.602408685687859,-0.387689270199496,-0.189039337849654,0.0952795590992557,0.700508436354187,0.969979914592526
"2016-08-15",-0.541170381232777,-0.557846902338974,-0.577666898228127,-0.600821097707886,-0.595517830510175,-0.364527275726631,-0.154891762884724,0.14000880884871,0.749537741185535,1.01419556859505
"2016-08-16",-0.555239861119124,-0.569793977424511,-0.586915902434121,-0.606177275581637,-0.597569441603772,-0.372970132859856,-0.170476584133191,0.116214652613113,0.718136292346017,0.983392240197076
"2016-08-17",-0.567581836338987,-0.58030267552649,-0.595136849728074,-0.611258029639397,-0.600671417392804,-0.385932169747647,-0.192757705978903,0.0827427620982283,0.670687264651171,0.9338106376029
"2016-08-18",-0.540145853989722,-0.557473112170424,-0.57815177966971,-0.602673762621848,-0.599150044027646,-0.370963695149662,-0.163365288648713,0.12758056321583,0.723864491173395,0.9807785218885
"2016-08-21",-0.553116538145675,-0.567992576553676,-0.585689017071466,-0.606370254795676,-0.601320113232716,-0.38865537706603,-0.192946446331843,0.086229172641698,0.677433099973827,0.939528130581556
"2016-08-22",-0.546005145163077,-0.562660235015153,-0.58267893298538,-0.606928722817832,-0.605783156469339,-0.39269028933589,-0.194151515562669,0.0881413446390334,0.6794186548841,0.938637957826206
"2016-08-23",-0.540749254861594,-0.557805866251073,-0.578352070296117,-0.603416943282622,-0.603132534850216,-0.389153628693449,-0.188865954203279,0.0962350427988601,0.693874118734176,0.955967070905316
"2016-08-24",-0.5354112690949,-0.552873313515896,-0.573894505920438,-0.599499100329304,-0.59908589347081,-0.380563376906995,-0.176779059517689,0.112418448049689,0.715591872138774,0.978996198567567
"2016-08-25",-0.539789132202487,-0.556854118628667,-0.577414122850208,-0.602498946593836,-0.602158968382375,-0.386789636336047,-0.184686634004552,0.10374729302984,0.711121930195208,0.978522305773122
"2016-08-28",-0.551181209304849,-0.567177267813968,-0.586291181103158,-0.608967178259888,-0.605230424971051,-0.384725208802071,-0.180174798848896,0.112198941155829,0.732250632444672,1.00729770550338
"2016-08-29",-0.542332538327241,-0.559725845409537,-0.580723012616611,-0.606504129028878,-0.606982504397164,-0.391425833077656,-0.188269497992125,0.101973105936666,0.713614923477279,0.982975371435263
"2016-08-30",-0.539727939807082,-0.557346458006464,-0.578453744700961,-0.603775869411145,-0.601482047820718,-0.373180819646997,-0.162877639743771,0.134056908407703,0.749409663635073,1.01687792709436
"2016-08-31",-0.553347538922088,-0.569325697278847,-0.588223328724835,-0.609909330630483,-0.602724263266928,-0.369181368188921,-0.157912296324714,0.140279925289249,0.761572567248457,1.03337134079911
"2016-09-01",-0.564425829869521,-0.57976249213652,-0.597706941626065,-0.617523945811131,-0.606777354841025,-0.364195436068406,-0.148250723253793,0.155285457146801,0.785824107177414,1.06133310928225
"2016-09-04",-0.541643176010557,-0.561127446755955,-0.584663703063801,-0.613675119062768,-0.615121102112752,-0.382835291572686,-0.16556527322471,0.14167409698914,0.777211345851624,1.05264569896246
"2016-09-05",-0.533129256600649,-0.555894267607694,-0.584085732441881,-0.621529083773204,-0.636849703365342,-0.430086925531434,-0.221977219772952,0.077298245958364,0.703631308622003,0.976322664512787
"2016-09-06",-0.557208555207243,-0.577549870264421,-0.602552331628057,-0.63502170639436,-0.644720640388156,-0.43871994313209,-0.235915653418049,0.0555842331884884,0.669029545273769,0.937874921970119
"2016-09-07",-0.555737782894234,-0.573437973994602,-0.594737915465237,-0.620626197712111,-0.619770670794712,-0.393972803947944,-0.18261862891865,0.11883204394584,0.75333737454301,1.03263256523864
"2016-09-08",-0.519519325989111,-0.542417815148101,-0.570188934370355,-0.60493444725604,-0.609749258856095,-0.358742276264373,-0.124439323089821,0.203015827918855,0.864999038644244,1.1462765244108
"2016-09-11",-0.508479202463202,-0.531820628318606,-0.560068228410622,-0.595215038881141,-0.599376857421507,-0.343362423734294,-0.106933295835518,0.220974776973732,0.876048983689883,1.15183191440128
"2016-09-12",-0.530635756882889,-0.549636046691896,-0.572131618953408,-0.598132581959619,-0.591090713265538,-0.328590896400886,-0.0943832168546164,0.230819481814713,0.889047016659292,1.17003431253485
"2016-09-13",-0.509014793076891,-0.534401348913533,-0.565424116329996,-0.605181440088786,-0.615539225288894,-0.364134255321784,-0.125667340907274,0.207109161451045,0.874720876726502,1.15623246174961
"2016-09-14",-0.51287968715877,-0.537434778111423,-0.567447668164868,-0.605878603462254,-0.615394591244787,-0.365125380412029,-0.125934801158458,0.21092117182793,0.897471128801823,1.19070320908283
"2016-09-15",-0.548290074046864,-0.568151554627704,-0.592056850542314,-0.621157213158661,-0.620600464080374,-0.371637251767906,-0.139556474291657,0.189766061141321,0.876580830382812,1.17650298099135
"2016-09-18",-0.5363059692873,-0.559405010287166,-0.587174469382047,-0.621013679208773,-0.621542027382258,-0.351537430342438,-0.106063900985696,0.233130683003214,0.909021275385318,1.19329047848714
"2016-09-19",-0.54311448248515,-0.566095736776741,-0.59378775055283,-0.627797381109284,-0.629744546143487,-0.369033325895857,-0.131274790631186,0.196835039646821,0.848372090250679,1.12154084369704
"2016-09-20",-0.541493203506124,-0.563919080834263,-0.590758536718006,-0.623032510419798,-0.621608309642497,-0.353566753984563,-0.113470557132201,0.215580973883835,0.863699711969018,1.1339683163846
"2016-09-21",-0.590568972386464,-0.606430791453911,-0.625072677148002,-0.646007169902796,-0.636681146762183,-0.395495020947575,-0.179980863169935,0.122615770955991,0.748926280735508,1.02159456007936
"2016-09-22",-0.540787750912339,-0.561889145800082,-0.587524040794959,-0.61973338294639,-0.624674903613288,-0.393107910031315,-0.175013242069237,0.131804873713282,0.758556049554537,1.02706938289979
"2016-09-25",-0.642322175624575,-0.651456635828969,-0.661212910646985,-0.668145636168455,-0.642296732972413,-0.396629881538292,-0.189177982201491,0.103230055537967,0.726861801976542,1.00775009746667
"2016-09-26",-0.573426803515228,-0.595440314316877,-0.622342202318444,-0.656756576102758,-0.66502369194052,-0.43806836730678,-0.220791047567406,0.0860372063438927,0.714455264657851,0.983956562066268
"2016-09-27",-0.659831097375255,-0.66857115223266,-0.677877659438331,-0.684345282342052,-0.658826493419308,-0.418169080572025,-0.214157701716823,0.07477959567735,0.696593341190413,0.979005560228692
"2016-09-28",-0.670242327938769,-0.67876274609835,-0.687585516827348,-0.69262920130731,-0.66304868916831,-0.407977168144858,-0.196161718113136,0.100406794786088,0.728029152456433,1.00917138035556
"2016-09-29",-0.637365161210839,-0.647531187244562,-0.658680567737136,-0.667909074421013,-0.645105929368016,-0.401843219095488,-0.193815569335611,0.0999358847074467,0.725666149896309,1.00674869380891
"2016-10-02",-0.662154832818609,-0.672937207784001,-0.684539046025177,-0.693255082533204,-0.665500886478891,-0.397340942337206,-0.174995868898799,0.132130932294944,0.763560284162783,1.03883265041816
"2016-10-03",-0.614979406717054,-0.631702629067834,-0.651170647715969,-0.672359595817962,-0.659668033544756,-0.398117919931837,-0.17060183816758,0.143279891638272,0.775675091652566,1.04514505767216
"2016-10-04",-0.609741048692632,-0.624082763170151,-0.640079300611341,-0.654675267612913,-0.630100851913139,-0.34147592743254,-0.101292079291208,0.226189373463328,0.880374599926093,1.1581833253345
"2016-10-05",-0.628735664009688,-0.640086238022414,-0.652203388798812,-0.660923030624981,-0.63022720675739,-0.344189407908999,-0.110039630543358,0.210384704147012,0.859409524014717,1.13891036850392
"2016-10-06",-0.577787190316618,-0.595909823751766,-0.616956085902462,-0.639710652929572,-0.625549101080606,-0.344687987191716,-0.103337538420676,0.226283519127977,0.879628804579795,1.15442606588564
"2016-10-09",-0.614434736994991,-0.629703417945891,-0.646699575354598,-0.662115580050475,-0.635863174893255,-0.332610323637411,-0.0830903017745518,0.253796053487295,0.916040924461684,1.19368013270219
"2016-10-10",-0.623861326424812,-0.638803211835004,-0.6554133121507,-0.670385609463039,-0.644261245691015,-0.345480684709145,-0.0999022463449616,0.23156634057171,0.883023688295648,1.15611764775132
"2016-10-11",-0.602882080779602,-0.619192165345452,-0.637498823682481,-0.654770942366393,-0.630035161000633,-0.324229900991563,-0.0723216968343681,0.266515988772193,0.927295178178903,1.2024195940494
"2016-10-12",-0.577009308908002,-0.596164346016924,-0.618388639986546,-0.642403926757112,-0.627820479695443,-0.338709488982501,-0.0934276853768229,0.237525941199911,0.88056710908184,1.1468308354416
"2016-10-13",-0.601907539906899,-0.619086307614461,-0.63858443729607,-0.657899934742878,-0.636267726841977,-0.336300181545445,-0.0874685896565814,0.247020229848458,0.896940229444147,1.1665542383117
"2016-10-16",-0.628117491764826,-0.643573170528573,-0.660691028620562,-0.675886907016398,-0.647990170238266,-0.337595393997004,-0.0846915941643598,0.254479511472028,0.914494565566235,1.18907163929173
"2016-10-17",-0.641290133073209,-0.654928284874824,-0.669773369235972,-0.681808586953167,-0.6516032989503,-0.347661678596188,-0.100617032678543,0.232662098428444,0.889652396735156,1.16606787919861
"2016-10-18",-0.644426402287812,-0.658018600756004,-0.672828606727061,-0.68489959432452,-0.655087596340087,-0.353531409876075,-0.108266670753458,0.222670916499274,0.875131831503083,1.14965616306266
"2016-10-19",-0.562600897132529,-0.590801489946568,-0.624740001862405,-0.666529970115861,-0.671111524301425,-0.383302374274969,-0.129476848998469,0.208298087854301,0.840275363939183,1.09358964483874
"2016-10-20",-0.641897991608109,-0.655610399879275,-0.670678025045276,-0.68350264242839,-0.655897734234328,-0.363212464679008,-0.123809173828499,0.199727164633572,0.83833181042103,1.10714938664829
"2016-10-23",-0.632017191823532,-0.645994769990101,-0.661417135643054,-0.674798656600465,-0.647731182893729,-0.353122402101649,-0.110725443575415,0.218048395896394,0.87045635527383,1.14620200145772
"2016-10-24",-0.64505145843127,-0.657223538779247,-0.670205434514942,-0.679551893796022,-0.647049952003154,-0.347375500993992,-0.105191506648682,0.222338186325305,0.872697244805068,1.14821389403694
"2016-10-25",-0.648367098969586,-0.660587337782085,-0.673223364613205,-0.680643762583865,-0.641000449463467,-0.313028213957274,-0.0552911500500431,0.28752275759276,0.952209644468559,1.22880900535821
"2016-10-26",-0.666342411236535,-0.675677685211668,-0.684040233958788,-0.683142309419808,-0.627957350807708,-0.263205624792621,0.0116219350930226,0.372029607422131,1.06185319916652,1.34696086374546
"2016-10-27",-0.672718324641185,-0.680411013647371,-0.686460203875455,-0.681464214176257,-0.620057889795274,-0.248793280859512,0.0241363818274236,0.377902022242583,1.04540407766948,1.31866248525557
"2016-10-30",-0.670426475545493,-0.68054549959696,-0.689632905420409,-0.688897554271569,-0.630870070376591,-0.253765436421613,0.0242189021580809,0.381649423890409,1.04443573982916,1.31183388575499
"2016-10-31",-0.680020132708187,-0.689023296625288,-0.696432770742366,-0.692369915352974,-0.628037117839606,-0.236710493268461,0.0469232684310288,0.408966142988062,1.07481045942966,1.34209380568813
"2016-11-01",-0.630482712995312,-0.648431808400531,-0.667804470402148,-0.683164158627486,-0.644193767326351,-0.276919339216285,0.00456208980363637,0.365311208947684,1.02108667118191,1.28073629703488
"2016-11-02",-0.667500095373226,-0.678410753369225,-0.688476061070468,-0.689081561311387,-0.632103648885411,-0.254295129066789,0.0235170248000944,0.378848338751186,1.03147405791706,1.29282784760816
"2016-11-03",-0.681250031067839,-0.69197774959414,-0.701756499185623,-0.701777277103982,-0.643754522353036,-0.265066117176975,0.0116189284716962,0.364027968364718,1.00745969683198,1.2640755628132
"2016-11-06",-0.69428237014509,-0.701866514204119,-0.7075835082453,-0.701480467273475,-0.63704584685899,-0.259578675446903,0.0125883496660455,0.360212893087821,1.00162734339186,1.25990877602816
"2016-11-07",-0.706157971452941,-0.712551471270117,-0.716517335189667,-0.707040290504195,-0.636379288377314,-0.244175921272397,0.035061417770256,0.390327048224684,1.04392298190779,1.3068108601639
"2016-11-08",-0.703906619680082,-0.714425272392294,-0.723615184180717,-0.721642865669132,-0.657438840701775,-0.255269283251235,0.0351870531635882,0.403014477249862,1.06986731429362,1.33462926116816
"2016-11-09",-0.703872321479811,-0.713210474191031,-0.719687811054646,-0.709641974529708,-0.623040119088278,-0.149997721917351,0.17346172648285,0.569638477431845,1.2565837456356,1.52156649271053
"2016-11-10",-0.706980520796204,-0.711692838224886,-0.711756740333359,-0.690572438812535,-0.587146934184482,-0.0895087849860337,0.239932217472214,0.639442650424998,1.32718764666624,1.59179577277405
"2016-11-13",-0.706298480168767,-0.709400033856916,-0.707118485558394,-0.681491336149376,-0.570116230813405,-0.054846358483165,0.282498036177142,0.690158555575412,1.39012654844154,1.65918779483593
"2016-11-14",-0.70201219673647,-0.706677177060225,-0.706831112240636,-0.686315566996711,-0.585618822023161,-0.100305672701906,0.221123145106526,0.610973237644312,1.28215877343087,1.5404054315774
"2016-11-15",-0.696883366501214,-0.703056205379154,-0.704939280716691,-0.686334237634215,-0.585431510611964,-0.0906383780600378,0.235144869573488,0.626681170936471,1.29068880365274,1.54356815474058
"2016-11-16",-0.69395423720589,-0.700686975997007,-0.703425513318387,-0.686533436212523,-0.588783596046421,-0.0993639823725458,0.225821106527013,0.618705733447466,1.28943495931028,1.54588595186802
"2016-11-17",-0.691256658839559,-0.701296746891413,-0.707983415341198,-0.696003504552708,-0.600045820881676,-0.094859987450299,0.240051474470389,0.640365815083425,1.31095672321627,1.56407214118676
"2016-11-20",-0.647597732719636,-0.669140009605025,-0.690482865582561,-0.700054250092605,-0.625549842317436,-0.116921423910318,0.229347137997925,0.639291198497373,1.30929505117033,1.55781273656196
"2016-11-21",-0.632779103480655,-0.662193122143892,-0.6939247526916,-0.719916174582453,-0.665371982191722,-0.16810889980972,0.183072818304663,0.601551654322597,1.28625496385615,1.53991459841664
"2016-11-22",-0.607178852339046,-0.64276996465119,-0.6815710674046,-0.715378723671858,-0.660250611766557,-0.1253185100255,0.245402415243958,0.67792033008919,1.36511802394894,1.61562692057667
"2016-11-23",-0.651456357491105,-0.681109558172364,-0.712449103014319,-0.73554793542995,-0.670180981033384,-0.134649267362347,0.234759481897666,0.669569090999932,1.37099485643574,1.62896979317013
"2016-11-24",-0.663328119350264,-0.691931035120299,-0.721827495093386,-0.742459314525826,-0.6734760613133,-0.132981579795575,0.237554638759601,0.672996049348417,1.3747228848686,1.63273007222204
"2016-11-27",-0.666567835590229,-0.694869825146931,-0.724627553439751,-0.74585587760857,-0.680135792108936,-0.151797156938043,0.213423923051655,0.644829805634854,1.34441686358234,1.60248344856361
"2016-11-28",-0.677436079507487,-0.703980905188086,-0.732137041745794,-0.7530508672605,-0.693538571284539,-0.191911753721438,0.163969693270468,0.592542124770042,1.30537136899149,1.57207205167585
"2016-11-29",-0.7121869749639,-0.737584694404347,-0.763767420892406,-0.780064368142685,-0.709996175248273,-0.179411722558349,0.189571550966954,0.630243031398352,1.35689740323603,1.62759936060863
"2016-11-30",-0.707074884212878,-0.734615497887129,-0.76311803128937,-0.781459560346407,-0.708730178914382,-0.154829093927987,0.227028085700234,0.679225656647367,1.41610946012575,1.68876407410481
"2016-12-01",-0.723440348365572,-0.743832912066064,-0.763896778938205,-0.772068492831964,-0.696975056493669,-0.183301751042461,0.172919641685768,0.601827569946502,1.31960455349314,1.58956358461253
"2016-12-04",-0.763519764863051,-0.768775093015828,-0.769210345199458,-0.747415205199497,-0.638854964229242,-0.113280923672516,0.235244292539941,0.658122674753754,1.38637796269627,1.66661142618963
"2016-12-05",-0.782408294000042,-0.784171700179771,-0.780033775159652,-0.751116328095752,-0.634176573919906,-0.104022053133089,0.24337822770925,0.665348537113346,1.39683400764519,1.67996796202043
"2016-12-06",-0.811158103135558,-0.804471632544678,-0.7897432950977,-0.745936704959669,-0.617050574546287,-0.107404090554835,0.22079537170923,0.625419260338589,1.35375246359801,1.6446972351929
"2016-12-07",-0.790517141410753,-0.792582438222792,-0.789188924072422,-0.762478832559127,-0.650985794305528,-0.128824733758107,0.223169903150813,0.660433946736591,1.44403428674528,1.75433969769605
"2016-12-08",-0.821231611238118,-0.817571245244744,-0.806914944303825,-0.769660576948402,-0.648224729201836,-0.129632294822823,0.218205382309381,0.657419455352234,1.47364670965436,1.80696384444379
"2016-12-11",-0.766517703503624,-0.77068461941441,-0.769959793370524,-0.747039457090227,-0.63820292895228,-0.102515396388122,0.264901630464541,0.724878677001864,1.55630604078511,1.88723354046766
"2016-12-12",-0.771660044890529,-0.774477593511002,-0.772407472460546,-0.748831565387957,-0.644339285642726,-0.137433680226912,0.21186826120938,0.652609701769872,1.46057249047952,1.7856992186609
"2016-12-13",-0.789693763985054,-0.789656252765407,-0.784137528460876,-0.756201742016289,-0.650283909358144,-0.162718018779343,0.171597327256501,0.596080838864572,1.38623233896112,1.70848068028291
"2016-12-14",-0.833702954696356,-0.829036900988828,-0.817030815363224,-0.777605697783226,-0.653639912475622,-0.136887887807971,0.20583526823549,0.636006764831771,1.42940712254988,1.75175503349808
"2016-12-15",-0.901238954681877,-0.890891588316321,-0.871159273223207,-0.818818091757416,-0.677067174219828,-0.143013249537584,0.198528482258325,0.622400944549369,1.39904459209042,1.71431435283812
"2016-12-18",-0.955485947469191,-0.942241314200206,-0.918686070754634,-0.860352482280721,-0.711770954209659,-0.178990827183831,0.15519382920104,0.567473229196636,1.32059681877799,1.62636361892258
"2016-12-19",-0.982104433646854,-0.962370228856567,-0.930236026503566,-0.858341242523305,-0.693506704942137,-0.15411848558214,0.174068043438965,0.57835277562191,1.32750738296785,1.63724894002584
"2016-12-20",-0.973196765727897,-0.954551390178751,-0.92399627235989,-0.855074607786305,-0.695516167482365,-0.167781826549534,0.155111720108956,0.553813402910521,1.294189884227,1.60060199283826
"2016-12-21",-0.968811236954178,-0.953845058213505,-0.927843041916935,-0.865077291108561,-0.709279691691736,-0.164478047457424,0.172761966863571,0.586097618340631,1.33551234519286,1.63836241694529
"2016-12-22",-1.02588584174123,-1.00291619090534,-0.966422236737437,-0.887375278508529,-0.71317026373298,-0.167176428607729,0.158370139296666,0.556969963147134,1.29442917778119,1.60007693000825
"2016-12-25",-1.03041839017238,-1.00763384455349,-0.971345570067261,-0.892492589045359,-0.718063256277314,-0.169637891389901,0.157426531469854,0.557412694356558,1.29521028431826,1.60009464641309
"2016-12-26",-1.04707615252523,-1.02196999165296,-0.982877149837896,-0.90048229820352,-0.724922211571178,-0.191925589259872,0.124093021842867,0.514261985541923,1.25437018600808,1.56932822965778
"2016-12-27",-1.12550501314536,-1.08667690862038,-1.02929921070353,-0.917594995730886,-0.705940117286427,-0.156378763124995,0.147490564257426,0.524599201450876,1.28560280527213,1.58410241763115
"2016-12-28",-0.898734441501843,-0.898025986630295,-0.891026434523502,-0.858878965014294,-0.742164165011069,-0.229277715776778,0.108727639607988,0.524596943038389,1.26241944644528,1.55296375936612
"2016-12-29",-0.855630242355677,-0.85739574959056,-0.853842660458378,-0.827683285119945,-0.71970627106008,-0.214667698671306,0.126659084777507,0.551929417346787,1.317814751892,1.62222262323965
"2017-01-01",-0.809719357265681,-0.817841705756365,-0.822940169266299,-0.81125710950304,-0.723203590582523,-0.236814365343207,0.106957713096142,0.541432933636108,1.33239789563616,1.6480877353487
"2017-01-02",-0.667280435065967,-0.700063256338094,-0.736435718913195,-0.770066320219372,-0.723809158610033,-0.20566987699614,0.179598793883156,0.653506427887793,1.46053144729903,1.76628812707282
"2017-01-03",-0.665204509202803,-0.695226321343695,-0.728211965785415,-0.757247641125289,-0.707407019101966,-0.19087937114038,0.19525262567328,0.675093291366444,1.50569331451179,1.82373759614804
"2017-01-04",-0.668266302134854,-0.693517342933279,-0.720722479175707,-0.742282896269615,-0.688686033286032,-0.192438175304887,0.179654673225885,0.647470203393552,1.47369214702175,1.79446503089277
"2017-01-05",-0.592294712741288,-0.626589807209191,-0.665333448711048,-0.703876341219829,-0.667067186565243,-0.166371717783254,0.215983540654221,0.692328013626014,1.51564014794965,1.83018155199998
"2017-01-08",-0.538846384778274,-0.573686790081333,-0.612635542970734,-0.65001035498888,-0.607993332691487,-0.0990617777019909,0.276749264066614,0.733970074033761,1.49954056956091,1.78657426555141
"2017-01-09",-0.548616431851044,-0.582789884856773,-0.620662324486084,-0.655733492296776,-0.609149503028376,-0.0917304025448251,0.285386762683119,0.741258468187376,1.49894079240937,1.78189603578401
"2017-01-10",-0.624150961328131,-0.639952421998645,-0.654703764653757,-0.656766433371603,-0.580868589505239,-0.0866884676469484,0.264042898495892,0.698345277129261,1.45728938554307,1.7508530373361
"2017-01-11",-0.619961981686438,-0.633291939321547,-0.645177962262552,-0.643952047155536,-0.567791577409893,-0.0860120355912881,0.260280515633725,0.696132224865632,1.47827288708017,1.78650189584772
"2017-01-12",-0.599422954648108,-0.614613009348902,-0.628898851624763,-0.631245593669657,-0.558450769901794,-0.0713858062124673,0.282555645276359,0.729458417329006,1.53328062986886,1.85032229293146
"2017-01-15",-0.560437125654673,-0.577596704180291,-0.594839899326452,-0.603011778426696,-0.540978748146397,-0.0754184969988971,0.272256442726127,0.716839260351964,1.52853618543979,1.85165085421552
"2017-01-16",-0.536491129860107,-0.561062868869797,-0.587889611779264,-0.610570187505858,-0.564166571401307,-0.100346724651455,0.253610419029838,0.703217311993745,1.5080703816345,1.8232290014097
"2017-01-17",-0.53703575824767,-0.561966280706843,-0.589043586401434,-0.611382150181673,-0.562066663534261,-0.084575326390405,0.277007316909466,0.734139513600482,1.54730147605939,1.86442148889295
"2017-01-18",-0.560890716443666,-0.579536163878634,-0.59832458362804,-0.607566594256221,-0.542229453516221,-0.0532711021867727,0.30783473263273,0.764768398619334,1.58548448400363,1.90843098865386
"2017-01-19",-0.53886212664123,-0.555611269642992,-0.571922304864577,-0.577300893788842,-0.507237182997377,-0.0128436932653544,0.351205354861883,0.813743615787742,1.65187147029062,1.98395702026012
"2017-01-22",-0.5186367029346,-0.53858075015495,-0.55941136570852,-0.57293461278792,-0.516156846469974,-0.0458928445597668,0.309499460759692,0.764361925733068,1.59291373621058,1.92183794991239
"2017-01-23",-0.54600157846348,-0.561855885664059,-0.576958698284465,-0.580379123429822,-0.508030652086228,-0.0157337135001914,0.343135308548823,0.796671661242785,1.612958756346,1.93499395529063
"2017-01-24",-0.543729584100126,-0.556637336115952,-0.5674522593489,-0.56278921269851,-0.476280946700913,0.0442075703379683,0.413180142208931,0.87457405053425,1.69629236567715,2.0186352102061
"2017-01-25",-0.542838987759293,-0.555886599216975,-0.566310446832545,-0.559180429176673,-0.463773025799241,0.0862103662141807,0.46692523733973,0.934940187733369,1.74858289918383,2.06273076831362
"2017-01-26",-0.487458382408643,-0.512063446578034,-0.537101630842668,-0.551101282598177,-0.475612832079273,0.080948670361227,0.471724087414619,0.943828909696556,1.73569580636982,2.03374010066457
"2017-01-29",-0.541403465404574,-0.548762179283105,-0.551684186744408,-0.532756865392535,-0.423438873544435,0.130221759307447,0.503211649460825,0.959187410060523,1.75118252914449,2.05744221239576
"2017-01-30",-0.543098167249366,-0.557340071200509,-0.568960832013993,-0.562559337379076,-0.464668219055749,0.0967797546207383,0.479323989010112,0.942725475786284,1.73093278703384,2.03096466044772
"2017-01-31",-0.564707965333147,-0.580704682657482,-0.593853654882375,-0.587341433765631,-0.48124831933181,0.119038632607384,0.520304449222314,0.99847822865673,1.79308312664276,2.09125160884126
"2017-02-01",-0.518321338178191,-0.549459366753629,-0.582170862403416,-0.605319224645561,-0.531801246757257,0.0589330163571313,0.469335110016783,0.956317636108988,1.75092741519598,2.04505886105917
"2017-02-02",-0.54772224291454,-0.573415501697557,-0.599336536909398,-0.612891382300162,-0.530570139356184,0.0612888936161655,0.473330268952681,0.968527789305822,1.79364831870457,2.1030405325986
"2017-02-05",-0.61438336980171,-0.629913184155987,-0.642127066964928,-0.633002660060176,-0.519413981544075,0.111295243475842,0.532895903754751,1.03669139035111,1.87797822370222,2.19467947124295
"2017-02-06",-0.617720578118574,-0.635751470469153,-0.65106427586851,-0.646232467148165,-0.536189207960166,0.096700620632197,0.519449415018698,1.02170446094173,1.85210494345015,2.16269856952179
"2017-02-07",-0.600188497840634,-0.620905773614483,-0.640208596432054,-0.643172926535056,-0.547767978624394,0.0502650946322618,0.456688478436402,0.941907470414707,1.74680319578991,2.04817955377334
"2017-02-08",-0.596871074777679,-0.617741117162684,-0.637523039038974,-0.642135311862377,-0.551587459863661,0.031392230452614,0.431316427556222,0.911402153997716,1.71319436158477,2.01455280911404
"2017-02-09",-0.609051155349882,-0.624721736810006,-0.637600750324849,-0.63111455126794,-0.526113804918555,0.073342991699457,0.478150187062529,0.96463536605658,1.78265899764142,2.09181438621124
"2017-02-12",-0.628521580537829,-0.638882984880171,-0.645043752215828,-0.628857070797992,-0.514939660873089,0.0782971878960201,0.474950567437253,0.953899705881871,1.76888005804265,2.07961757004711
"2017-02-13",-0.620489374530461,-0.632252919921146,-0.640216538995697,-0.626699118304972,-0.515280466660718,0.0815743695020132,0.483384279036712,0.969556982916991,1.79803873491799,2.11408403203929
"2017-02-14",-0.612884906557831,-0.626375410398739,-0.636623206662017,-0.626712718182622,-0.519548785035722,0.0767250301648259,0.481697927017483,0.972983570246763,1.81173502280733,2.13190347660053
"2017-02-15",-0.586009886474705,-0.603840554625763,-0.619909995735595,-0.619558372707533,-0.525522298365887,0.0525325768228457,0.450537496983567,0.932837363697299,1.75095897367895,2.06157472672683
"2017-02-16",-0.580187939326533,-0.599096130374631,-0.616320391516737,-0.616965518766543,-0.521674590457959,0.0655037774924827,0.466654542086423,0.949019512727359,1.7579970915907,2.06296964654543
"2017-02-19",-0.628874768806187,-0.627566652468093,-0.61901518652883,-0.58180696490048,-0.449553226340393,0.123886842363149,0.499057530181847,0.95855395140969,1.76877961019838,2.08653888489092
"2017-02-20",-0.606157918256948,-0.606211137262151,-0.599122327575925,-0.563166580018605,-0.42914955701953,0.157535074960555,0.537855066432551,0.998189820674451,1.79408148372355,2.10184603434205
"2017-02-21",-0.587827145668623,-0.592627061920752,-0.591940152780999,-0.566580685235079,-0.447218395894778,0.120427789510929,0.494994983709167,0.948765397018978,1.72933244189016,2.02957281937099
"2017-02-22",-0.591365071313658,-0.599449162754444,-0.603424721955903,-0.586484782575801,-0.480697866534872,0.0652273466634776,0.434784441949784,0.887236644782014,1.67396538294933,1.97830780879007
"2017-02-23",-0.6136999071298,-0.623708106952251,-0.630295061851309,-0.617742532809522,-0.518308044547747,0.0173714084847429,0.382460226182332,0.829182631036557,1.60321888320571,1.90172046438129
"2017-02-26",-0.620543982419942,-0.628513998853682,-0.632658979890425,-0.61706094309409,-0.516632109277948,0.00720714871027317,0.363997104884488,0.802692479268859,1.57005576182171,1.86805752885076
"2017-02-27",-0.640118373323418,-0.644204715031411,-0.643352248752417,-0.620267164048233,-0.512037294695494,0.011399568712491,0.364281427445525,0.799788772093634,1.57008764319632,1.872022464403
"2017-02-28",-0.652802690058636,-0.64814573113897,-0.635895659598225,-0.595267428571715,-0.467277060945687,0.0613857398951938,0.407335543418103,0.836274503725278,1.61189384306397,1.92229894021068
"2017-03-01",-0.652985343549387,-0.649125879301909,-0.63792059168581,-0.598901653601464,-0.47262465929724,0.057323918068145,0.406068604691475,0.839322081258762,1.62396489858734,1.93817864483009
"2017-03-02",-0.6514278321837,-0.651083317862087,-0.644143886024322,-0.610650342625847,-0.487114117737614,0.0581153896291012,0.416871417929106,0.857101914630707,1.63448989021103,1.93954087403362
"2017-03-05",-0.660497077126218,-0.665324668939805,-0.664566018596437,-0.638754672657996,-0.517820435174682,0.05430510031289,0.429985267390585,0.883320846278289,1.65874162390119,1.95591006461218
"2017-03-06",-0.785363516695113,-0.768783745733097,-0.740314897500608,-0.672467985485094,-0.506068429096672,0.0713479565066105,0.428868126684024,0.868400915538879,1.67070875359128,1.99687287218979
"2017-03-07",-0.826455974896876,-0.796833674231981,-0.750851847193356,-0.654431083282655,-0.450814462889549,0.155612361858662,0.507947159657775,0.935858281778232,1.72588835680537,2.05448092239436
"2017-03-08",-0.87520460659596,-0.846411452704565,-0.800912054491306,-0.703183113947875,-0.490725576485404,0.15751286660098,0.533758840594326,0.984802644526382,1.7919943939212,2.11786806858223
"2017-03-09",-0.890884721005725,-0.852619614403626,-0.794330476032557,-0.675523662430848,-0.435066853554471,0.235459494282494,0.606168242244637,1.04340555494231,1.82112810286237,2.13646394309541
"2017-03-12",-0.879530792809983,-0.843663478150442,-0.788667846243606,-0.675499498323807,-0.443416535320747,0.213918354801967,0.579567574164906,1.01058934639369,1.77273356791379,2.07956932757423
"2017-03-13",-0.86663621118733,-0.831302307804525,-0.776988806930893,-0.664832257124546,-0.433800627710196,0.223054716252652,0.588274682243722,1.01767714991635,1.7723996836424,2.07455398870236
"2017-03-14",-0.839125215874304,-0.809788562314662,-0.763679907593298,-0.665422931564352,-0.454290319911962,0.177738607043546,0.538634091642584,0.966382822256412,1.71942801107898,2.01982337523706
"2017-03-15",-0.837529755052848,-0.804902497178699,-0.754202299681405,-0.647882383525572,-0.424322336596383,0.226554761922239,0.592091956067401,1.02215351965249,1.77418145084319,2.0732575635496
"2017-03-16",-0.8397426306259,-0.805996758738209,-0.753835765579363,-0.645261163407583,-0.419151751754191,0.232402251730599,0.597095466285281,1.02655101876752,1.78079605032454,2.0821432429973
"2017-03-19",-0.779548246789464,-0.751237693056642,-0.70642049722056,-0.609978967276369,-0.400183085715956,0.236331907350742,0.601887646420499,1.03556929122197,1.79800938769913,2.10147021736665
"2017-03-20",-0.781368580066366,-0.753000564981475,-0.708229956774156,-0.61227739320926,-0.40454034136935,0.223154867755819,0.58352033794423,1.01165393249186,1.76699343832144,2.06859422988727
"2017-03-21",-0.772990656535315,-0.749281527237784,-0.710986026216916,-0.626318255708824,-0.435678383795145,0.167633105619306,0.523011834500952,0.949890594635874,1.71045108653776,2.0154682582001
"2017-03-22",-0.781864514582157,-0.754079943781128,-0.710557204642065,-0.618148886452653,-0.419948491606407,0.178844030314563,0.527226107825769,0.948074489553739,1.71401634300105,2.0280380203693
"2017-03-23",-0.782038370783119,-0.75816560063703,-0.719966987806486,-0.636489658322193,-0.450797539135885,0.133402399482959,0.479551727650411,0.899385955352211,1.66173071191468,1.97248733228445
"2017-03-26",-0.760884709901898,-0.737113009263851,-0.699223278065178,-0.616827583168914,-0.434529355972903,0.137071930178385,0.47629860258999,0.889163750606683,1.64430524566002,1.95413843733767
"2017-03-27",-0.74053677862764,-0.720710358974775,-0.688170699600119,-0.614671212003815,-0.444481977480341,0.115736745029297,0.455791821245617,0.872478060677677,1.63609169782026,1.94867271191384
"2017-03-28",-0.723418273285564,-0.70831229098587,-0.682216681389488,-0.61956561998004,-0.464538299883672,0.0801841009977592,0.420916362418571,0.842924290582661,1.62188119606326,1.94124525546238
"2017-03-29",-0.531926210295681,-0.542644224950651,-0.550386132658403,-0.540364563471566,-0.446292765149719,0.0763639242538539,0.436565495170663,0.879972337267737,1.6540240681145,1.95388805171927
"2017-03-30",-0.539788374305462,-0.552161110099672,-0.561687692792596,-0.553201030463471,-0.4568659061001,0.0845001309658744,0.454394654341031,0.905076815924237,1.67912653716916,1.97570598536099
"2017-04-02",-0.542542130740832,-0.558977983268127,-0.573814287770399,-0.573529499057367,-0.486428474724918,0.0540521540391028,0.42973428536367,0.888571345355773,1.67564991219982,1.97658464860328
"2017-04-03",-0.532400705912444,-0.544872357862295,-0.555115965947157,-0.549637203447068,-0.462889952003199,0.0489065765991186,0.407670856246427,0.852644042344806,1.63591095888301,1.9407837010988
"2017-04-04",-0.520386103865999,-0.539568795078975,-0.558370551071064,-0.565448652953212,-0.490822184611476,0.02729970441732,0.396507339272403,0.851831532742492,1.64053578285072,1.94362192829779
"2017-04-05",-0.517039590705021,-0.53636224050996,-0.555573214672574,-0.564029426317815,-0.493481756539938,0.0114398902899766,0.374546939006069,0.824683998886169,1.60958608437758,1.91242930618551
"2017-04-06",-0.51560876969703,-0.538653872552533,-0.562765665520247,-0.578919723043631,-0.517521902471336,-0.0165211080307333,0.349792750745362,0.804765810714613,1.59673862722638,1.90159385262915
"2017-04-09",-0.486300877350658,-0.504409349903595,-0.522451754326169,-0.530427251104716,-0.463480101582878,0.0241917591344958,0.381423237582018,0.831287841051219,1.63416998353462,1.94879651296567
"2017-04-10",-0.504834570855808,-0.520984570520989,-0.536170571198959,-0.538754466199086,-0.462420651087781,0.0428855516454851,0.405434034027448,0.858164342456805,1.65896867769282,1.97121222404006
"2017-04-11",-0.512708173828497,-0.528125811386174,-0.542452438947276,-0.544059073890968,-0.467987799228859,0.0283947970291585,0.383569409710624,0.82674277761906,1.61020331264898,1.91562299027395
"2017-04-12",-0.52119569068636,-0.533271532342317,-0.543323499605761,-0.538628272750957,-0.45645389073906,0.0359633245598665,0.384734617477514,0.8207552032286,1.59714042264853,1.90167928820994
"2017-04-13",-0.519889516965718,-0.534339258056538,-0.547377562009033,-0.546924029610627,-0.468340957107037,0.0287508840612913,0.382282612529879,0.822631617074786,1.6001234567485,1.90308005806755
"2017-04-16",-0.521626826285006,-0.52598500165271,-0.525938907854896,-0.505625135458504,-0.40591869129361,0.0868434332617689,0.423150930755001,0.841690939500716,1.59074229729235,1.88669324569466
"2017-04-17",-0.515980421676748,-0.507669772480245,-0.492027253892601,-0.450830368696136,-0.338639114005123,0.101162487275207,0.397690162147892,0.783878506476281,1.55185922448954,1.88565658036193
"2017-04-18",-0.519033035746804,-0.50872151954658,-0.490474408012499,-0.445316041328871,-0.329043181354876,0.107554575466294,0.398058580289074,0.776072217881257,1.5322671074726,1.8637357448804
"2017-04-19",-0.517933938323696,-0.513160669073893,-0.502208189042405,-0.468474133795008,-0.365425808806193,0.0690150727059881,0.366969977475428,0.754013573779178,1.51170359198117,1.83510057309943
"2017-04-20",-0.521782511970136,-0.512688681439168,-0.495765413579085,-0.451749182113702,-0.333610757932801,0.119088171611139,0.418031857671284,0.800867955383529,1.54126208851448,1.85554650385446
"2017-04-23",-0.567219662778763,-0.567288629902653,-0.56252148700638,-0.537848273884838,-0.443223188150109,-0.000519635897855197,0.307789452321655,0.704382353983655,1.45815591442129,1.77059315689401
"2017-04-24",-0.563468551485868,-0.56332192345886,-0.558037981740078,-0.531754039071424,-0.432332278898196,0.028441057640788,0.347438607165877,0.756053006210009,1.52773757602954,1.84604455760821
"2017-04-25",-0.559645369827239,-0.561116223559696,-0.557973727759121,-0.535081033208914,-0.439714441663685,0.0198677855339638,0.341064915347347,0.753049182726799,1.52997652374541,1.84967237866514
"2017-04-26",-0.54785694402913,-0.559660956101325,-0.570244934991098,-0.569278141139651,-0.500998680111051,-0.0564315419728212,0.272455029708984,0.696741983444851,1.48769720737888,1.80807694781236
"2017-04-27",-0.545896859149432,-0.55870827677288,-0.570690724288019,-0.572132644074318,-0.507264497877225,-0.06479201730509,0.266551712899269,0.696492569962557,1.50368233819252,1.83215839841262
"2017-04-30",-0.540431455105877,-0.556169985587245,-0.570887875969332,-0.573069527599251,-0.49794536016218,-0.0077770924622782,0.340245513051368,0.771242877306199,1.5244721515256,1.81583353309965
"2017-05-01",-0.526401884975536,-0.540983061209457,-0.555366635669747,-0.560823117754856,-0.501604816550412,-0.0666231142683087,0.262494430162227,0.689894836173695,1.49054767321574,1.81546570087665
"2017-05-02",-0.534840036211317,-0.547304874328416,-0.55897246465114,-0.560399828832393,-0.497213117839035,-0.0644983461120006,0.260775039006979,0.684231583042381,1.4834104008947,1.80991164503024
"2017-05-03",-0.544499950848485,-0.55472254971215,-0.563365704327204,-0.559804096919093,-0.489879391121923,-0.0501499113317809,0.275874982917134,0.699561017014783,1.50056085111625,1.82872471321248
"2017-05-04",-0.555110904396397,-0.562295004819328,-0.566829989879709,-0.556473399025064,-0.477396936151867,-0.0292972648521632,0.296063871194711,0.716960298497555,1.51188594648497,1.83799339294729
"2017-05-07",-0.554880342395609,-0.562307440615586,-0.567159894533854,-0.557288743618575,-0.478712481624568,-0.0300841344860732,0.296249143224718,0.71864192212258,1.51673848985161,1.84420351207535
"2017-05-08",-0.552381560741719,-0.561039105960903,-0.567335518179111,-0.559133820648038,-0.480419449368223,-0.0205022099144156,0.313917602568225,0.744927664299246,1.55225555433968,1.88111087360525
"2017-05-09",-0.562811132243485,-0.570637764058563,-0.575931393342696,-0.566466159068747,-0.487363379004601,-0.0332600066002584,0.296630976686897,0.722663010635328,1.52428707467952,1.8520887223166
"2017-05-10",-0.575450839695644,-0.582156054794473,-0.585795627130181,-0.573127767443821,-0.488061795942147,-0.019571662656501,0.317364576239721,0.751124107109935,1.56532513020724,1.89794993410588
"2017-05-11",-0.562928574116879,-0.57404696822308,-0.583631586680852,-0.580743857937613,-0.508789020051169,-0.0533794219943109,0.28261020931814,0.716646883375669,1.52883801192698,1.85892436438312
"2017-05-14",-0.564706852355932,-0.573695934337554,-0.580425712116243,-0.572862963563882,-0.494563917692157,-0.0306724208623763,0.30880120035423,0.748203476371305,1.57640969363341,1.91531347056921
"2017-05-15",-0.564237262811506,-0.571054828468278,-0.574991192327706,-0.563269554911157,-0.480867689682544,-0.0198063840211986,0.31496250108633,0.748992656793103,1.57254097020985,1.91173078413311
"2017-05-16",-0.569528974688968,-0.578934601460922,-0.586507601834819,-0.581256880486188,-0.509121543439388,-0.0651610740336863,0.264389298278408,0.694602684647437,1.51521148364862,1.85390717936951
"2017-05-17",-0.56756518845689,-0.577954580771691,-0.587007418087837,-0.584695922291063,-0.51815968025864,-0.0870746584816113,0.237209751691978,0.663015599314957,1.48068911734398,1.81964300999682
"2017-05-18",-0.568941958510772,-0.57920020972077,-0.587540888325258,-0.582371188168892,-0.506855811981865,-0.048994192896799,0.283671811954761,0.709558030801944,1.49674138199543,1.81393302485221
"2017-05-21",-0.553168633140883,-0.563576068183352,-0.571981449345979,-0.566474577888614,-0.489055215665764,-0.0229211472738158,0.314183102049181,0.744189213353518,1.53463271582507,1.85187207027064
"2017-05-22",-0.556726211240713,-0.568840559893856,-0.579391878141973,-0.576927275308565,-0.502060963807408,-0.0325822237769826,0.307688757038718,0.740055511973628,1.52810004424481,1.84218481891235
"2017-05-23",-0.55015338875861,-0.5651120709856,-0.579342881845353,-0.582445007931218,-0.513501021568633,-0.0436493217369773,0.300150533029414,0.736167176918142,1.52520179133292,1.83768419154592
"2017-05-24",-0.554869089262634,-0.570568734162423,-0.585992882180923,-0.591688684683407,-0.528256023685468,-0.0725167174375387,0.265304148798787,0.696371009152003,1.48219030973839,1.79482672372322
"2017-05-25",-0.553863192848312,-0.570550575912824,-0.587512237481057,-0.596407389390121,-0.539434353550053,-0.0994177826865268,0.231868947470516,0.657494397239251,1.43950235055693,1.7521199166022
"2017-05-28",-0.569797846828096,-0.582632021171689,-0.59487838849644,-0.597533490768156,-0.536965545566839,-0.111980292528885,0.208940142967921,0.627291221178517,1.41762205241772,1.74063423879595
"2017-05-29",-0.567955670445827,-0.581538365097717,-0.594794968211263,-0.599110474557425,-0.540713773924005,-0.117042711077201,0.204825731669857,0.625156726919409,1.42027019072728,1.74540334399689
"2017-05-30",-0.552761715703822,-0.571135212063002,-0.590587152306146,-0.604258052956911,-0.555695301249903,-0.130303074557811,0.198348859202614,0.625685046786281,1.42229430996797,1.74371235288073
"2017-05-31",-0.554790231628605,-0.573315429010232,-0.592869222725234,-0.606382506482254,-0.556598147556997,-0.126190673801263,0.204583051016449,0.633026346638466,1.42715971619298,1.74627716735668
"2017-06-01",-0.50461692521407,-0.533757321964232,-0.567209487542549,-0.602320722166727,-0.577583972645554,-0.157281683902741,0.180333811237156,0.616066857311552,1.40710125537226,1.7189682095149
"2017-06-04",-0.566862568158067,-0.581646035523488,-0.5964540242028,-0.603104485215041,-0.547116442918169,-0.122565516944382,0.201432097000401,0.624169119567409,1.42107283513565,1.74587507125848
"2017-06-05",-0.596956682110171,-0.607965214221098,-0.618202898065137,-0.61900373893682,-0.560575889778259,-0.156247884724877,0.153823402401734,0.565161131957931,1.36592725973815,1.70114049373855
"2017-06-06",-0.613558173760722,-0.6215151369286,-0.627585611119634,-0.621357284445795,-0.553000464801472,-0.137295227633816,0.173863285713127,0.584367562419529,1.38216119992007,1.71651983063731
"2017-06-07",-0.595359680039478,-0.608257534849874,-0.620971391444112,-0.625626423429626,-0.571685026006458,-0.169417271954674,0.141367137934389,0.552703780166878,1.34732878197878,1.67751767764417
"2017-06-08",-0.61896724286388,-0.627634121159658,-0.63491549954267,-0.631501219562506,-0.569553869601776,-0.170898319386579,0.133639893485444,0.540326441465747,1.34454617978898,1.6860577273769
"2017-06-11",-0.534973943982887,-0.70091536907379,-0.755753213779365,-0.542303873619992,0.0702849262697096,0.890413374370036,1.07149059883012,1.20758473563099,1.36637186988616,1.41930092546902
"2017-06-12",-0.528088378442851,-0.69230323871592,-0.746017195050081,-0.532924419234463,0.0767042997073959,0.892342709408284,1.07241063598615,1.2077459892152,1.36564780832971,1.41828175879658
"2017-06-13",-0.531718093521323,-0.690824485461435,-0.74138337150919,-0.529919140593794,0.0699012085503172,0.871010846897941,1.0478233959317,1.18071150090382,1.33575798366819,1.38744015513377
"2017-06-14",-0.532329606649515,-0.693552738171677,-0.743949991978679,-0.52686156133316,0.0860857414711359,0.903949280347764,1.08443302994886,1.22008000387502,1.37834536987077,1.43110050261947
"2017-06-15",-0.513269921183673,-0.685380614168263,-0.745814952691091,-0.536417349331984,0.0769962712397945,0.901618216914793,1.08380289565131,1.22073075491595,1.38049068400209,1.43374400465107
"2017-06-18",-0.584374309012185,-0.593870509768174,-0.602194034662389,-0.600312977890591,-0.540246948172929,-0.148168707621077,0.148050851116695,0.538300598191862,1.29159629742427,1.60511976039452
"2017-06-19",-0.578137898658707,-0.587971880201135,-0.596916475762588,-0.596606269510618,-0.540495046016819,-0.16101361182688,0.128707029945779,0.51253215305451,1.2589784468243,1.57132354215216
"2017-06-20",-0.588706786442073,-0.597189423452834,-0.604295478562046,-0.600915018941086,-0.540624648801757,-0.157767417154971,0.130785712871976,0.511567863641982,1.24988787449528,1.55845735234553
"2017-06-21",-0.592682458839544,-0.600961114194559,-0.607836630585409,-0.604216812618462,-0.544034484933746,-0.162753601088187,0.125211108006892,0.506172975461479,1.24813456777816,1.55936644101337
"2017-06-22",-0.591310899997337,-0.598859310918847,-0.604798768221939,-0.599781581345058,-0.538106300089108,-0.155822048584499,0.133059023878998,0.516778775574955,1.27039268019701,1.58884841950583
"2017-06-25",-0.611099788633129,-0.615736870336551,-0.617832044517164,-0.606755031871632,-0.537889271237591,-0.15315758688731,0.132700854813676,0.512530892302332,1.26461136075551,1.58542747561187
"2017-06-26",-0.619433415163447,-0.616507861369291,-0.607891576466186,-0.577521164579977,-0.477544895866524,-0.041913592475435,0.25652034086023,0.640218872260473,1.37448908234036,1.6813842104598
"2017-06-27",-0.609450935657859,-0.610604517638174,-0.607389572689841,-0.585591421188843,-0.496035059902314,-0.0657319810318319,0.235494644832048,0.622796016202841,1.35641562234786,1.65939723472612
"2017-06-28",-0.59876947107458,-0.600811944060022,-0.598090813454136,-0.574823602121265,-0.475900234218784,-0.00490144132521864,0.316960545723171,0.721122456225089,1.45728561297512,1.75222886133062
"2017-06-29",-0.488560854323193,-0.530699878949767,-0.581306382252414,-0.643377594390265,-0.649996886616536,-0.231561622379725,0.131144340355123,0.606513638968865,1.47561416401604,1.81843103557187
"2017-07-02",-0.511263984644052,-0.549230120739566,-0.594478326230089,-0.648538947930575,-0.646738661804829,-0.226797883884249,0.134230117194884,0.610519070411469,1.49366941412828,1.84582936349872
"2017-07-03",-0.5777832656115,-0.583977383702768,-0.586723130241036,-0.572000913841813,-0.482814364986072,-0.0109007060866887,0.32010344548679,0.738359748277244,1.50178689923263,1.80734970147321
"2017-07-04",-0.574885697923381,-0.580097262433365,-0.581633077996985,-0.565296157430672,-0.475211490041154,-0.00841747687522021,0.318192527685329,0.731459524692288,1.48861877816119,1.79267037216197
"2017-07-05",-0.589572174057109,-0.58928205571764,-0.582888907929741,-0.551857474379187,-0.436892810901726,0.0747182390490531,0.414234852184759,0.833817747269137,1.5827505119824,1.87887206250005
"2017-07-06",-0.569682541491675,-0.572751913087123,-0.570594174673835,-0.545617939480473,-0.435979686605631,0.0804965752407367,0.424987632731108,0.847735803177205,1.59025942320069,1.88004683098899
"2017-07-09",-0.565774931942244,-0.569250591365563,-0.567824596168165,-0.544649214265142,-0.439361030355605,0.0644274886627372,0.40303593732766,0.820522734076741,1.55841114853122,1.84756303549836
"2017-07-10",-0.576423314205742,-0.577767681861,-0.573482355174118,-0.545633677152132,-0.434135231022517,0.0760541673918369,0.415538893909606,0.833666264854997,1.57410851013875,1.86497440312032
"2017-07-11",-0.574592857584861,-0.576357345708134,-0.572994298543332,-0.547802615168177,-0.443470744303654,0.0451719045020121,0.375549544814567,0.787231962493324,1.52872084302361,1.82344364647464
"2017-07-12",-0.567188407258336,-0.569545990558431,-0.566890288646536,-0.542567466484447,-0.438456607875675,0.0538845098468955,0.386728643142797,0.800589638813777,1.54277920975823,1.83676673926173
"2017-07-13",-0.574325644697986,-0.574618711751472,-0.56936145463146,-0.541345653691378,-0.434221204947537,0.0523609531336457,0.379228115155083,0.786514879946524,1.52200669593965,1.81516197554493
"2017-07-16",-0.557730449412329,-0.559558843056975,-0.556530469945012,-0.532695244382327,-0.432798111111894,0.0401903448718975,0.362879460479376,0.767860385261939,1.50520709080635,1.80057587648897
"2017-07-17",-0.526140993752228,-0.533604631374786,-0.538097646634178,-0.526414096017032,-0.442114821383013,0.0180792049519566,0.341390016734221,0.748339940355878,1.48488937676643,1.77767372035276
"2017-07-18",-0.53622622922369,-0.542253544695624,-0.544946633008085,-0.530752214607884,-0.444631193430471,0.00970345854260912,0.327164791853937,0.726957069444417,1.45283493153283,1.74224964359196
"2017-07-19",-0.561787180768337,-0.56262207571574,-0.558840427549984,-0.53565564237299,-0.44271046665931,-0.00185798925405012,0.30477843393922,0.697455894158317,1.43703550481432,1.74120394940855
"2017-07-20",-0.55937203288585,-0.559754796074261,-0.555618736355674,-0.532670863734496,-0.442658941401147,-0.0151299906957441,0.285437026703002,0.674692946003409,1.42218192462962,1.73449347381114
"2017-07-23",-0.53328764714129,-0.539798171568615,-0.543701545269062,-0.533264576713598,-0.457608084829177,-0.0331192210050548,0.27435824483478,0.671819474927629,1.42205043977185,1.72975110699253
"2017-07-24",-0.55451306313241,-0.557155641641925,-0.555548039916724,-0.535070633071038,-0.44279224532107,0.0117159434086048,0.328988625654477,0.733527877661779,1.48726915488476,1.79427804147355
"2017-07-25",-0.545018279688465,-0.552505289878613,-0.557128891857394,-0.545950269972643,-0.46307077431106,-0.0050944917486655,0.31962765759346,0.731336719930697,1.48472993785319,1.78657366207949
"2017-07-26",-0.580589883011063,-0.583627878299183,-0.582575007014548,-0.56306414982282,-0.472142219281411,-0.0178085028208765,0.301428316929015,0.710079344185154,1.47563441166272,1.78866552747301
"2017-07-27",-0.583825738673313,-0.587189910456942,-0.586493436619358,-0.567296955668227,-0.475896735791185,-0.0170545590806644,0.304975736031225,0.716306776421707,1.48375490647732,1.79651991735944
"2017-07-30",-0.574454025858729,-0.58057382399271,-0.583398826115134,-0.569399175187057,-0.483172089198118,-0.0235802822025671,0.300354429833413,0.711188465493816,1.46521650278102,1.76821880444606
"2017-07-31",-0.564823181355361,-0.577336221731351,-0.588658783319677,-0.588286569713443,-0.519311158964001,-0.0739097705128231,0.24975181436861,0.660374058820154,1.40579806003213,1.70190173237577
"2017-08-01",-0.580561184623301,-0.59207887954664,-0.602012353040733,-0.599198665920868,-0.526444250497402,-0.0751367998996542,0.250151344859286,0.661842350162172,1.40789090784362,1.70404757066352
"2017-08-02",-0.591373367178448,-0.600094090509779,-0.606544193983025,-0.59892243106855,-0.52272222669392,-0.0810271452259831,0.23570175572073,0.638674474008946,1.37800117284306,1.67450605208698
"2017-08-03",-0.590512371178496,-0.598316704100867,-0.603444629796201,-0.593355974210062,-0.51285404500056,-0.062041176618446,0.258630292273588,0.66560853727387,1.41090094597541,1.70958509538177
"2017-08-06",-0.605624368890589,-0.610682197257732,-0.612299766404563,-0.597046690565828,-0.511578496625828,-0.0639202318455269,0.252033018810521,0.654616212993331,1.40016705439993,1.70193546538628
"2017-08-07",-0.605360289824349,-0.609091974881885,-0.608935690644041,-0.590801392074438,-0.501564910264716,-0.0502344503381406,0.266213177146851,0.669389350596321,1.41796401428598,1.72182213599841
"2017-08-08",-0.605246161027487,-0.610859615352389,-0.613360750275821,-0.599999353244359,-0.518489381321008,-0.0808413589713322,0.230923915337257,0.63016271814141,1.37433373901563,1.67687621769809
"2017-08-09",-0.602923216562905,-0.608682919684893,-0.611408036346792,-0.598506342332135,-0.517933124542983,-0.0828872167188368,0.227466598097586,0.625077673964937,1.36647095969497,1.66792559443106
"2017-08-10",-0.603862665364143,-0.611541803732519,-0.616942336616079,-0.608730067664225,-0.535359836456269,-0.11116686989718,0.196523608520784,0.59278419073732,1.33459766699897,1.63669810347334
"2017-08-13",-0.566594005765403,-0.583034965518458,-0.599562559160301,-0.607483226757688,-0.548805576472334,-0.110658809707064,0.213971560011483,0.626146620480496,1.37046128785645,1.66445970503281
"2017-08-14",-0.606287086925537,-0.613222286422665,-0.617327693874522,-0.606027930034395,-0.525368873784699,-0.0799298821184122,0.237786468496419,0.643119937011887,1.39245944623781,1.69499789141411
"2017-08-15",-0.600725410623272,-0.608986180361933,-0.614777750775614,-0.605920188180378,-0.527400085885178,-0.0785082183595833,0.243344927932969,0.653722097508984,1.40994551754242,1.71430523120159
"2017-08-16",-0.59756800003641,-0.605184224528001,-0.610279736443429,-0.600829768779364,-0.523272521058972,-0.0824041609116376,0.235182742197846,0.642460750113014,1.40040788513526,1.7077870443117
"2017-08-17",-0.602094225484236,-0.608859485768549,-0.612910182108761,-0.602078516310035,-0.52381390716025,-0.0877502101980452,0.225771967673317,0.6284335805808,1.38065714321442,1.68674381556134
"2017-08-20",-0.591917201028862,-0.60069723591498,-0.607512700703848,-0.601381940720739,-0.52983915837411,-0.101328478720184,0.212011621026619,0.616553228479785,1.37529417444158,1.68451769151474
"2017-08-21",-0.600222571923533,-0.608406374642892,-0.614440856551829,-0.607085184570146,-0.5340155904522,-0.103482788179168,0.211183918457516,0.61831913204526,1.38548127734824,1.69936899846876
"2017-08-22",-0.61725130058633,-0.622128873224107,-0.624219295563264,-0.611986281641563,-0.537311535666164,-0.121985788964282,0.186253383094273,0.595670528895167,1.40609834527453,1.75176084838174
"2017-08-23",-0.618136557005694,-0.624022529345406,-0.627414400049767,-0.617125514438324,-0.544342324250562,-0.126983229408319,0.184366133350447,0.597840441958169,1.41408091314137,1.76113706604809
"2017-08-24",-0.630072971429449,-0.633228216083938,-0.632997571270887,-0.61693876267743,-0.537076364672758,-0.115744987143402,0.194063582651039,0.605759041594725,1.42506518984014,1.77667102919196
"2017-08-27",-0.622695491233843,-0.627498753868719,-0.629539290345248,-0.617370442109435,-0.543142437816492,-0.128218328659214,0.181592106290966,0.595369098854207,1.42213914655972,1.77756441232806
"2017-08-28",-0.616694892629829,-0.622605838028034,-0.626302759099385,-0.617401385945807,-0.549376369674622,-0.149089728765125,0.154299445905822,0.562144058895351,1.38322264913944,1.73800478020219
"2017-08-29",-0.622524592573581,-0.628356010156358,-0.631801374209773,-0.622012499033658,-0.551232215599142,-0.141338256735283,0.166680764655172,0.578174002748904,1.39846105758292,1.7500491133208
"2017-08-30",-0.61713236257815,-0.624782256270288,-0.630691357252377,-0.624993191833815,-0.559770115169128,-0.155187884059278,0.15300773726884,0.565782274582956,1.38820775662066,1.73995942869059
"2017-08-31",-0.618846050938074,-0.626350137280811,-0.632017675750567,-0.62575154194604,-0.559053649980487,-0.147886857999282,0.165650449663211,0.586470239696638,1.42842423247037,1.78986100206505
"2017-09-03",-0.605465678849608,-0.616304512536761,-0.626374159987646,-0.627038532427816,-0.568506434962779,-0.159481391483083,0.15821721202197,0.584637157518007,1.43117567193107,1.79124062877664
"2017-09-04",-0.608015605566592,-0.61929016263287,-0.630152307530923,-0.632794670943304,-0.57914640285171,-0.18488810724386,0.12589377201229,0.546517223496918,1.39139587212901,1.75398033913104
"2017-09-05",-0.600470619790346,-0.610114070221329,-0.618808834656727,-0.617997658120718,-0.560177932420133,-0.164823478269051,0.143350173992222,0.559797372943644,1.39742898075835,1.75781607578409
"2017-09-06",-0.599012849501584,-0.611879633428213,-0.625028790157875,-0.631889246512506,-0.585338161585252,-0.20375447363154,0.103498224767051,0.522754141852967,1.37233946098667,1.73901134721028
"2017-09-07",-0.601749790424617,-0.614047847651554,-0.626440412455355,-0.632081458172318,-0.583937319773125,-0.200352137400209,0.107894749164464,0.529069235473449,1.38569846693517,1.75674654430409
"2017-09-10",-0.610042248021859,-0.620586410602236,-0.630595110916043,-0.632252144116782,-0.578603130346255,-0.189233674462988,0.119302360464741,0.539848959912951,1.39571736976475,1.76724400832372
"2017-09-11",-0.608757467928024,-0.617111974921725,-0.623928312674179,-0.619534623934407,-0.555106523512695,-0.142789660697177,0.175026810387124,0.603820042886431,1.46746665597664,1.84001506441801
"2017-09-12",-0.60887974238366,-0.616219200499369,-0.621728602736289,-0.615396550394808,-0.549155454728535,-0.139532498652974,0.174545925310082,0.59831683394179,1.45393992651634,1.82410937362742
"2017-09-13",-0.606055608637958,-0.611649146703349,-0.614874203277193,-0.605016321876176,-0.534878889323293,-0.125687977130248,0.185358895185308,0.605455574318232,1.45888683926931,1.83066084817536
"2017-09-14",-0.609793762162071,-0.612329535360486,-0.611451432129467,-0.594921671464395,-0.516259252278484,-0.102267309149387,0.205426530034121,0.619314772396815,1.46149929105677,1.83008231905658
"2017-09-17",-0.602866453067547,-0.607633380075906,-0.609575451758821,-0.597058418630327,-0.521589962084559,-0.0999329476151918,0.215567555853718,0.637932798345015,1.4854382490148,1.85111802001882
"2017-09-18",-0.61054453660493,-0.613726932958291,-0.613623789244909,-0.598048606500825,-0.519577031747838,-0.100696838985843,0.210478847866873,0.627592972651043,1.46985299019605,1.83579292532867
"2017-09-19",-0.611163110444182,-0.614870752311607,-0.615444744605386,-0.600884673995629,-0.523455758226735,-0.104390296902906,0.207287813408028,0.624432231859774,1.46336967843382,1.82641961278482
"2017-09-20",-0.622682886851607,-0.62455156043368,-0.622576898920889,-0.603603225087453,-0.519610149165234,-0.0921222548430669,0.220422473610122,0.636339661510778,1.46894997683411,1.82853486334691
"2017-09-21",-0.622905528998766,-0.624577909556944,-0.622348382888606,-0.602991893230309,-0.518639401517525,-0.0918937280101452,0.21956379985669,0.633789211937884,1.46261449481294,1.82048932759478
"2017-09-24",-0.636601143327069,-0.640512248874978,-0.641371974362231,-0.627319497065554,-0.550691322547235,-0.132915941388477,0.178408800772073,0.595348340064053,1.4343070964464,1.79744789028301
"2017-09-25",-0.643014885611773,-0.646539662721426,-0.646843947122363,-0.631761360891212,-0.553356488819028,-0.131898959111501,0.180982721507197,0.599483449005633,1.44073715689349,1.80471193687098
"2017-09-26",-0.642394788903947,-0.64453093676621,-0.642763141983566,-0.623603845053929,-0.537474386931989,-0.0976370422408936,0.223526854733877,0.650008273422141,1.50022624264254,1.86604276108198
"2017-09-27",-0.64135671908282,-0.643520868617287,-0.641722989429116,-0.622291031673464,-0.535053526402676,-0.0907998103118268,0.232632456327932,0.661006671864524,1.51122768491678,1.87567814240796
"2017-09-28",-0.643007402722807,-0.644757911499906,-0.642504202291057,-0.622668657464535,-0.536124641024906,-0.0991291749441994,0.218918712049764,0.640796750907649,1.48108636667292,1.84249019031707
"2017-10-01",-0.573342135538536,-0.588211265101076,-0.603178893049062,-0.610173526550487,-0.554509389932357,-0.124673721674737,0.207437719371935,0.645188598198999,1.48367686761939,1.82958574665593
"2017-10-02",-0.588244135156356,-0.60040537646552,-0.61177203469164,-0.612993300929084,-0.550066686469294,-0.114821138081683,0.216860908257931,0.654080166297672,1.49614279405014,1.84561879318783
"2017-10-03",-0.574249843126478,-0.58737302770684,-0.60002902489745,-0.603355752797395,-0.543237631131508,-0.111217503109385,0.219529796849334,0.655337357233094,1.49245844977791,1.83893716890873
"2017-10-04",-0.577624312349025,-0.582805358029932,-0.584954986996231,-0.571683745230341,-0.491932416583317,-0.0561897063148367,0.26167667445959,0.677626040182426,1.48090453444235,1.81668331641931
"2017-10-05",-0.579852383599164,-0.584920565437906,-0.586915457817022,-0.573381773668286,-0.493258598414686,-0.0571294500317361,0.260710621431658,0.676495691886196,1.47926086109836,1.81479106455258
"2017-10-08",-0.597414912555295,-0.598596088220041,-0.595625906618121,-0.57482431822687,-0.487998858587289,-0.0592485979734446,0.249379336976402,0.65587596228414,1.45706148276567,1.79879190015485
"2017-10-09",-0.592258090671857,-0.595365880273853,-0.594880680672885,-0.577800650839801,-0.49472758428312,-0.0640660894709516,0.248086995884978,0.658005739621711,1.4580254262865,1.79588079441928
"2017-10-10",-0.609591046008657,-0.608344257543531,-0.602044794983191,-0.575583941664008,-0.480626959841851,-0.0419681654931603,0.267987549098471,0.674323210330459,1.47408777658363,1.81566057952183
"2017-10-11",-0.617279383291482,-0.61695182988251,-0.61196782418392,-0.587913532553404,-0.496916965789811,-0.0645945048497436,0.244287503779973,0.65142055220897,1.4581626335733,1.80435338098863
"2017-10-12",-0.626372413552867,-0.626764318985492,-0.622974111857329,-0.601616821808226,-0.516635413326631,-0.100521334780361,0.201627827092663,0.604189048690317,1.4150009115838,1.76756662694412
"2017-10-15",-0.64229790633747,-0.641641988048954,-0.636607487180855,-0.613759464583738,-0.528662366202581,-0.12107858097757,0.175284912569817,0.572838754194259,1.38570649255875,1.74431762400834
"2017-10-16",-0.63705605611509,-0.636252417415346,-0.631091801999594,-0.608283681133132,-0.524111343473955,-0.121932476114213,0.170867094997848,0.564426973848843,1.37237088525055,1.73016280215409
"2017-10-17",-0.629878057106749,-0.630648790463805,-0.626519888698289,-0.601899396448716,-0.504105915392071,-0.0445480505152447,0.272584681847027,0.676120283556342,1.42855721410803,1.73563789911347
"2017-10-18",-0.624359656833102,-0.628522388977298,-0.628721596419312,-0.610435344675464,-0.518561684692298,-0.0536977289602528,0.270447189248481,0.681020220068014,1.4359043016594,1.74002672958183
"2017-10-19",-0.630993230956737,-0.633290835120886,-0.630728824844816,-0.607087816059214,-0.505361266472166,-0.0187865312949376,0.31416798903016,0.732443765170797,1.49457434667842,1.79996240386938
"2017-10-22",-0.65785079420874,-0.657445049941713,-0.651418117528722,-0.62264825993542,-0.515887795401589,-0.0320221631248093,0.29638961691189,0.710328796143679,1.47246626496455,1.78078746212087
"2017-10-23",-0.656660077128049,-0.656218545909569,-0.649795266706678,-0.619263718419771,-0.506663525761886,-0.00362579708979516,0.332533075151954,0.750665082554222,1.50471788205475,1.80511091125483
"2017-10-24",-0.646891674124028,-0.648863554664554,-0.645481543799138,-0.619285905468378,-0.510412435918495,-0.00301329639728298,0.3375100041481,0.759001982512481,1.51024286645969,1.8065935572516
"2017-10-25",-0.641474116888843,-0.649349709722156,-0.653864969171316,-0.64047713614835,-0.548146361418529,-0.0539719781019727,0.288207176095017,0.714064900974783,1.47201242565649,1.76979973872488
"2017-10-26",-0.64310652898034,-0.654930719195666,-0.664904973896756,-0.66091403473036,-0.582295667676325,-0.10370407829648,0.238741404628415,0.670196156271345,1.44726012042659,1.75445833144958
"2017-10-29",-0.637813463267548,-0.647087150511052,-0.654073692734888,-0.646614971095309,-0.568017595102988,-0.109298885659154,0.220150615028998,0.639507572050474,1.40916770265764,1.71787989863383
"2017-10-30",-0.637796126985617,-0.647644493980123,-0.655310132448905,-0.648688568907634,-0.570483585088981,-0.111159373698608,0.21710397767208,0.632456735844232,1.38714251531738,1.68757902227618
"2017-10-31",-0.643278141484424,-0.651449203964402,-0.656973206727008,-0.647197085402114,-0.565875274101487,-0.10724579266397,0.21953360508588,0.634478713551569,1.39465573120419,1.69935062450177
"2017-11-01",-0.640139295915252,-0.648968335591842,-0.655376671279823,-0.647042158958902,-0.56756734231489,-0.109882661029099,0.217821060725742,0.634565847646161,1.39889829487163,1.70539132184628
"2017-11-02",-0.638493245810596,-0.646870445268905,-0.652775140039085,-0.643952581574179,-0.564928776799469,-0.11244034373304,0.212111661876862,0.625977218696634,1.38869414631644,1.69567750633533
"2017-11-05",-0.635643998401203,-0.645527692341131,-0.653610963628899,-0.648845620072818,-0.576729575354392,-0.136572355739114,0.184696592165633,0.597481635324209,1.36467916204922,1.6750727859985
"2017-11-06",-0.661378176295201,-0.668131792711902,-0.672341863725058,-0.662313634029588,-0.586708977516426,-0.15783030258526,0.154615017532006,0.560130123437178,1.33019656283273,1.64746302306153
"2017-11-07",-0.659173707265486,-0.66671950363972,-0.671871579581548,-0.662992315597635,-0.587662567583427,-0.154146558788593,0.160972448520398,0.568001549740737,1.33397567715793,1.64721656703735
"2017-11-08",-0.673298859272091,-0.676294615574202,-0.675213242446095,-0.655732903602384,-0.565006880455622,-0.110306443655771,0.210398828470805,0.622325759708365,1.39828872258828,1.71693960423872
"2017-11-09",-0.674028324128194,-0.676054497407101,-0.673577113621322,-0.651501290609649,-0.556277561929391,-0.0921578777402063,0.2325770022211,0.648577275315995,1.43058980272617,1.75145259517261
"2017-11-12",-0.657633149272303,-0.662106792590446,-0.662853541051516,-0.645842027056494,-0.556609689808098,-0.094859711255709,0.23191808796744,0.650440802845409,1.43293951455347,1.75210646566826
"2017-11-13",-0.639569297404634,-0.653065863925857,-0.664757788524936,-0.661955290063219,-0.580212549148245,-0.0847794019375674,0.261869697151353,0.689352349862565,1.43420143056656,1.72201671342398
"2017-11-14",-0.648160382753366,-0.660773256798858,-0.671545083785298,-0.668081003527702,-0.588075629398747,-0.104265171549848,0.236669342151873,0.660185731175493,1.40651633315087,1.69712914133558
"2017-11-15",-0.65165284610335,-0.665416435547748,-0.677627679691808,-0.676181312901921,-0.597792715933025,-0.111349176205968,0.232029736654377,0.657737053472756,1.40468188130229,1.69457149495439
"2017-11-16",-0.654889763529201,-0.668527946051407,-0.680608129852548,-0.679075293229313,-0.601030930586486,-0.117408126171267,0.223881728622161,0.646963754801129,1.38925802098934,1.67733663500758
"2017-11-19",-0.660372368688087,-0.673082721168278,-0.68396929690299,-0.680669484267697,-0.600986476221889,-0.120003792153144,0.217590454962627,0.635429195824896,1.36769596030981,1.65176848830475
"2017-11-20",-0.661266636269531,-0.672512291633162,-0.681668724562422,-0.676324499608526,-0.596601949747941,-0.12854399883846,0.199212068405605,0.605598061875251,1.32077952925049,1.59912848112869
"2017-11-21",-0.668869870925202,-0.676454853418822,-0.680806891365512,-0.667985860588347,-0.579731845562268,-0.111048034762841,0.210702659668463,0.608216863543067,1.30796617931648,1.58081165409498
"2017-11-22",-0.657181614357742,-0.666361613968057,-0.672585056100189,-0.661984295547012,-0.5741619828305,-0.0974811565385343,0.227978618074273,0.626425750630608,1.31708361898543,1.58346773165172
"2017-11-23",-0.662460878499432,-0.670816327939986,-0.675832580898602,-0.662924575714458,-0.57091074403455,-0.0846748069557862,0.245170573397951,0.648197834753796,1.34581008945953,1.61474138643153
"2017-11-26",-0.657392917852543,-0.668204535350454,-0.676594442193353,-0.669441342923422,-0.585770098010081,-0.110034839854863,0.218277150103679,0.621506777226226,1.32206527016127,1.59248900869354
"2017-11-27",-0.66545698917572,-0.674665356488265,-0.681067477177266,-0.671172428067405,-0.585365239600502,-0.112325918500081,0.21423285273929,0.61741006113218,1.32475846709768,1.59975206804009
"2017-11-28",-0.663276397623413,-0.672216860145076,-0.677869224479999,-0.665522661973842,-0.572727794136734,-0.0794281016671471,0.254501970618165,0.661255695301518,1.36174237736194,1.63084095674459
"2017-11-29",-0.664465136021525,-0.672687419400959,-0.677656052886067,-0.665082968043968,-0.574777434362051,-0.0948228873796728,0.232470679149519,0.634081019680185,1.33354768151472,1.60429250774981
"2017-11-30",-0.664399140810683,-0.673451704115821,-0.680104034279917,-0.672101182949203,-0.593578356801619,-0.147755605760272,0.165318408378571,0.556633170647625,1.25530794006972,1.5301305056216
"2017-12-03",-0.81517729704453,-0.795552807365577,-0.7645592832115,-0.697856011257692,-0.551315337637117,-0.0845253319724375,0.202987680101367,0.567077104402017,1.28399498503781,1.59842631894766
"2017-12-04",-0.821890762459641,-0.801150701934151,-0.768806575990038,-0.700399520421575,-0.553400692769396,-0.0953214575471665,0.185498977360304,0.542903531535745,1.25889601261178,1.57937118961414
"2017-12-05",-0.830588666179863,-0.811701572104333,-0.781831554254755,-0.717408485886024,-0.575385173429748,-0.119912265933441,0.162507319156655,0.522060371275995,1.2364488315513,1.55231118580421
"2017-12-06",-0.871540773630537,-0.848107499187947,-0.812172298931099,-0.738000237017906,-0.58386600116824,-0.12231217058107,0.156214559658206,0.511085486837621,1.23416692954059,1.56593196448038
"2017-12-07",-0.881685592902232,-0.855120187629954,-0.814936539922824,-0.733711108089484,-0.570097608570035,-0.100964746089113,0.175632271587623,0.526232915113729,1.24630495034043,1.58294564616186
"2017-12-10",-0.903549348871918,-0.873184879227632,-0.827880770149147,-0.738277461803857,-0.563922624794765,-0.0900118106269803,0.180577659137696,0.520839536912995,1.22863450618664,1.57077517323698
"2017-12-11",-0.906825258380904,-0.874997993039703,-0.827658605291255,-0.734503590790545,-0.554765659933579,-0.0732079035607733,0.199046563037747,0.540291059104899,1.25192903553552,1.5993923333186
"2017-12-12",-0.946510738222646,-0.90999792540964,-0.856167677101842,-0.751797144077424,-0.555554230935508,-0.0545269047651078,0.218240792693499,0.554883719776519,1.26132774270017,1.62250240534198
"2017-12-13",-0.986066978239005,-0.947267144535519,-0.890175852634876,-0.779859367279999,-0.573789924928077,-0.0557822365000813,0.221268345483671,0.558325552314636,1.2483694048647,1.59297819145455
"2017-12-14",-0.95323995954847,-0.916243643213433,-0.861770550900134,-0.756390580897817,-0.559091669976829,-0.0602705470938637,0.208424215842402,0.537409931791821,1.21975573915672,1.5660170948396
"2017-12-17",-0.946615975310922,-0.909800369232125,-0.855594185201209,-0.750733427516651,-0.554417179870264,-0.058147677490371,0.209127809061769,0.53632644809198,1.21475606584001,1.55889852162778
"2017-12-18",-0.908862781187878,-0.873635764913417,-0.821483544951443,-0.719660508365729,-0.525905891515467,-0.0208085558142808,0.257859584775336,0.602024605596945,1.30789625674027,1.64987662963565
"2017-12-19",-0.925751511180655,-0.886342121118187,-0.828359271999579,-0.716338515690401,-0.507153282566679,0.0182592937592627,0.298987706083419,0.640212019223468,1.33751329605832,1.68497229743104
"2017-12-20",-0.873041984667317,-0.83675438948525,-0.783170996949793,-0.679006237103476,-0.482286447820661,0.0234255029088181,0.299457049014596,0.638986921418656,1.33731222674471,1.68037844593971
"2017-12-21",-0.879076451791826,-0.841895395898301,-0.787071942562869,-0.68075778899313,-0.480860129416636,0.0285425740996137,0.304478714375122,0.642579139555343,1.337071550397,1.68018974023568
"2017-12-24",-0.903847299444424,-0.864927690043503,-0.807662389813434,-0.697017363019059,-0.49036243414656,0.0289389230358646,0.30656360930336,0.644191084653164,1.33487061909932,1.67947318178085
"2017-12-25",-0.924335074370439,-0.884356445426187,-0.825565755459048,-0.71208639169305,-0.500551387978949,0.0284139079136767,0.309495652699241,0.649481290534574,1.33742074535192,1.676133728443
"2017-12-26",-0.89691153271269,-0.858814053271564,-0.802738979722099,-0.694326678609133,-0.491595883793049,0.0194009244719517,0.29361911606296,0.628233566686777,1.31747177560206,1.66426170528479
"2017-12-27",-0.80100817189282,-0.772924862864809,-0.730390646712395,-0.644281333131547,-0.470676279968952,0.0242770558457275,0.312193871512884,0.67146436821915,1.38500588164879,1.70664011734397
"2017-12-28",-0.756056625208028,-0.732780323050381,-0.696643933657609,-0.620753846129688,-0.459529554859051,0.0321365364638939,0.327429454749013,0.697374751303754,1.41943346100774,1.73519010938036
"2017-12-31",-0.751742617841993,-0.729425812538367,-0.69454178603054,-0.620572686613663,-0.461420062995792,0.0307879990869578,0.327844581233997,0.699640824727588,1.42067333773212,1.73338894341185
"2018-01-01",-0.679729209762341,-0.667056588031256,-0.644814607470701,-0.59044042524742,-0.453249267983589,0.0394349745556924,0.351966615523449,0.742401637442152,1.4716947204697,1.77329219050432
"2018-01-02",-0.635640891481369,-0.630081840702758,-0.617280615399633,-0.577979759752616,-0.459539850409967,0.0200294215937099,0.334032653074727,0.725705978242924,1.44286158695867,1.73289329787632
"2018-01-03",-0.600645137135838,-0.60111569461208,-0.596071261586823,-0.56838263900432,-0.46201930110066,0.0176614149135329,0.336384011651998,0.72959889120532,1.42868822942771,1.70420143624115
"2018-01-04",-0.595413114359033,-0.596680314572379,-0.592693180914331,-0.566683001595966,-0.462310733208952,0.0172536698454526,0.337727613885089,0.733849644367914,1.43912271687009,1.71722666968212
"2018-01-07",-0.552269923805168,-0.560493246237247,-0.565685057178344,-0.554172582471222,-0.467386370201069,0.00167916028098425,0.32508079854293,0.725161584761927,1.43010829814345,1.70507733816376
"2018-01-08",-0.559398671785014,-0.566816136157756,-0.570711332039825,-0.556384018600516,-0.463621992074259,0.0208203303213346,0.350878591339251,0.756744198827746,1.46673108716799,1.74245796300105
"2018-01-09",-0.562554093841428,-0.56928873347113,-0.572251261005766,-0.556350700823561,-0.4613708821835,0.0255214289426672,0.355684152364546,0.761086387501275,1.46950611668276,1.74451758583414
"2018-01-10",-0.563146982579472,-0.564221841882811,-0.559343500307516,-0.52990783153482,-0.415133046197094,0.093696113110061,0.422609189374641,0.818459159261885,1.49609743511699,1.75629133563814
"2018-01-11",-0.569811467534504,-0.567485135178457,-0.55827380855844,-0.522516688626883,-0.401901537822076,0.100907002235529,0.421701620842072,0.807939400780469,1.47306170256662,1.72987895129567
"2018-01-14",-0.581926480946933,-0.578973829633497,-0.568932010702765,-0.53183212631899,-0.409372916780471,0.0968131916098073,0.419823980806324,0.809606381258698,1.48376780814018,1.74492601256764
"2018-01-15",-0.581395881694182,-0.581037222523243,-0.574318588981451,-0.542171323627132,-0.42492605993077,0.0796328283574542,0.402765461929624,0.790481578137448,1.45270155067272,1.70676766765953
"2018-01-16",-0.579096909205596,-0.578673096617058,-0.57188745100949,-0.539700562149306,-0.422652915306947,0.0803683432391167,0.402375789141443,0.788686580216207,1.44843589866541,1.70154433302622
"2018-01-17",-0.578259510759242,-0.57890323933657,-0.573403669572204,-0.54284130640865,-0.426379504646578,0.0830529181834241,0.409909277760308,0.801423459215044,1.46747185188334,1.72222965368113
"2018-01-18",-0.586308222781546,-0.587144407953962,-0.581956181153942,-0.552051519145486,-0.436800460759999,0.0715993033841293,0.399730721668693,0.794443496240762,1.46988563674806,1.72920163375329
"2018-01-21",-0.572225563961297,-0.576796279305837,-0.576292983915089,-0.553032624969988,-0.443576937819318,0.0691842691165361,0.401505957221386,0.798039765272103,1.46531525690725,1.71837913145426
"2018-01-22",-0.569142651180018,-0.574220766273333,-0.574305513836775,-0.551724169572824,-0.442366368714424,0.0725686561615819,0.405552837695642,0.801604103008831,1.46465684138722,1.7152770613241
"2018-01-23",-0.572510842518337,-0.578018978815082,-0.578386656976448,-0.555349324020569,-0.442612128298602,0.0855491315846618,0.424032181344579,0.823441300867366,1.48455553308462,1.73269982374781
"2018-01-24",-0.581055482546039,-0.5831933908435,-0.578726364726329,-0.546879947467892,-0.420149596105247,0.125180467318495,0.462245928542739,0.852456321438538,1.48427867064641,1.71864343374282
"2018-01-25",-0.570254181093213,-0.572515377541712,-0.56776866599023,-0.534156870335888,-0.40162341551461,0.156717506136522,0.494084219817658,0.877706896688402,1.4842467743429,1.70626313349017
"2018-01-28",-0.573943404366735,-0.576290581557919,-0.571047061548167,-0.534741584808708,-0.393103087209927,0.193027614159684,0.540860208378813,0.930958503144862,1.53691776726409,1.75666162654401
"2018-01-29",-0.572923880008383,-0.577065333890471,-0.574049800481484,-0.540842672922992,-0.401764887352882,0.186732995387803,0.536751962354236,0.928443428999877,1.53428741907393,1.75343078884037
"2018-01-30",-0.570882028589748,-0.575613797396438,-0.572989674956532,-0.539280585221354,-0.396712860527842,0.199545760834838,0.548098297606145,0.932697172405224,1.51710527781711,1.7266324580286
"2018-01-31",-0.57004437390075,-0.575719223353066,-0.574312937289378,-0.542437473440846,-0.401773494770956,0.195175665007222,0.545603835582799,0.932752489926911,1.52151040520218,1.73264512703588
"2018-02-01",-0.560931705923,-0.570918184245542,-0.574176788483759,-0.546626084060751,-0.402787058012487,0.221129587647819,0.580434458770708,0.969034844731164,1.54389809993182,1.74734283964403
"2018-02-04",-0.56856759939286,-0.578110381727576,-0.581164297011636,-0.55439613549856,-0.414410340293773,0.200240181355063,0.559102996870519,0.95126736298905,1.53849267154723,1.74744555116254
"2018-02-05",-0.579051014260351,-0.585124159292423,-0.584440095771001,-0.554298753318698,-0.417426035966737,0.172017590026934,0.521152455430443,0.909072931758411,1.50289303997767,1.71650408141575
"2018-02-06",-0.563175234349349,-0.57314056944424,-0.576726128163782,-0.550786443240711,-0.412179828374977,0.196280612353414,0.549665450954352,0.934026375218184,1.50623523963367,1.70930053541344
"2018-02-07",-0.559748232382767,-0.571285209828669,-0.576315222439806,-0.550824898598142,-0.407909320476837,0.215580779446865,0.571341069341518,0.952610904642188,1.51036687647102,1.70678328382463
"2018-02-08",-0.564247704109878,-0.574844845728287,-0.578882695883659,-0.552554764044358,-0.410607417233585,0.206564929280766,0.560346860001862,0.941252309097787,1.50162355757749,1.69944978104185
"2018-02-11",-0.555412368908222,-0.570145509906736,-0.579135163451429,-0.559153838836041,-0.420962399258909,0.205001239726248,0.563521520967982,0.946812765535737,1.50509484256779,1.70127891156357
"2018-02-12",-0.547395893032649,-0.562983533203588,-0.573404437495537,-0.556504901671501,-0.423836480641637,0.198498846628055,0.562133888413169,0.955719481629929,1.53661633118399,1.74185671818976
"2018-02-13",-0.556369042393009,-0.567528511924209,-0.572535654230363,-0.548333180452584,-0.41011269117291,0.206679597165609,0.566448311532666,0.958227215711361,1.54192086249286,1.74910310327057
"2018-02-14",-0.562569176214173,-0.573268300412879,-0.577420110342079,-0.551125888405757,-0.408293211171936,0.217601196817983,0.579020997964708,0.970205831429933,1.54916474980506,1.75408391052914
"2018-02-15",-0.579825515844391,-0.587570291849792,-0.588703034200165,-0.560260615856911,-0.422124782277437,0.178678896621882,0.532067228183245,0.92149906229156,1.51106785093074,1.72197119200127
"2018-02-18",-0.579853662598849,-0.5883852360952,-0.590170361255113,-0.561541868610975,-0.419383197336978,0.199583421303351,0.562023402444258,0.95971441075423,1.5584908066132,1.77212228478207
"2018-02-19",-0.548664849368827,-0.566946127576702,-0.580675369630101,-0.568197898570982,-0.438211708965568,0.195633491731258,0.569376511842065,0.974899899302171,1.57431188021395,1.78617419102273
"2018-02-20",-0.5945563729959,-0.60117506344392,-0.600563759312381,-0.568508853307348,-0.423062099643076,0.196482876121195,0.558785274882765,0.957367592360475,1.56013512820193,1.77569525713626
"2018-02-21",-0.569227087920286,-0.581897287378269,-0.588964755955856,-0.568162412510544,-0.434136381305582,0.183695385734603,0.548995946880105,0.949619286250975,1.55085545680766,1.7649218693972
"2018-02-22",-0.569195085353925,-0.580536447974592,-0.586455285642406,-0.565703650554774,-0.437315325058028,0.156311143579067,0.511167770916287,0.904032347591226,1.50056306748467,1.71413146501247
"2018-02-25",-0.607292653214384,-0.60997053588049,-0.605074922854356,-0.569074348539396,-0.427251433353868,0.159131234082037,0.505499662191203,0.89230212683893,1.48975541594502,1.70577549478531
"2018-02-26",-0.616003968854701,-0.615904739908441,-0.607270616445675,-0.565125733386587,-0.415080120785868,0.179244359594501,0.525657662723533,0.910938386956533,1.50441737115393,1.71882731895278
"2018-02-27",-0.619259805424685,-0.620553446004913,-0.613858414110308,-0.575111026846807,-0.430317522162662,0.155549178129922,0.499330671159875,0.882472140818201,1.47347307480095,1.68707513964043
"2018-02-28",-0.602416042415092,-0.60995027631713,-0.611087536124628,-0.583527071110983,-0.449097468149385,0.139545208232252,0.488140283463963,0.874252272979159,1.46241105516861,1.67342955427324
"2018-03-01",-0.597526068122468,-0.60606611787632,-0.608476953167446,-0.58274793149906,-0.449908553754087,0.141185858636237,0.492762651847821,0.882669864037762,1.47709565981055,1.690411570087
"2018-03-04",-0.653361492489095,-0.649034602328707,-0.635494455839268,-0.587646719841059,-0.436602276124995,0.138804167399629,0.476696534792506,0.858518130296527,1.46129111505811,1.68212960907636
"2018-03-05",-0.657943910654089,-0.654573075333466,-0.641789480191739,-0.593565143162901,-0.437308370111546,0.158903078345132,0.505025547897339,0.891606035065519,1.49202351382009,1.71002181432566
"2018-03-06",-0.666896049224859,-0.660995482273301,-0.64521713623868,-0.593340896409817,-0.435986532974707,0.147491561715564,0.485522943286288,0.864813027223957,1.45897586364353,1.67583274125202
"2018-03-07",-0.685145196515071,-0.67459751794384,-0.653254009573198,-0.594346690766529,-0.433753996910944,0.132243100975539,0.459872405740052,0.832013270145313,1.42799515246727,1.64857350238141
"2018-03-08",-0.697685683120111,-0.683832072289698,-0.65813232645504,-0.592328450726525,-0.42310812434859,0.151208967305589,0.480709091440674,0.855536775932994,1.45958473667747,1.68424708558323
"2018-03-11",-0.717145876038386,-0.701071936629996,-0.672678017950173,-0.603360180457964,-0.432161302237177,0.13459273734056,0.459211392001092,0.8306793619441,1.43654333557461,1.66379048645333
"2018-03-12",-0.718159119561368,-0.701573582069101,-0.672650193940316,-0.602952045328438,-0.432677983255468,0.128555914068567,0.451147141274483,0.822243349782318,1.43283311613497,1.66320953398204
"2018-03-13",-0.714785680566512,-0.698194905701078,-0.669560480220255,-0.601265502508183,-0.43569706367909,0.110586610200408,0.427389752902691,0.795295988027475,1.40973289627472,1.64389842526982
"2018-03-14",-0.719986797144898,-0.703618601812205,-0.675391164281692,-0.608105545777566,-0.444948921093131,0.0948329021312726,0.409085814673989,0.775277520160584,1.38999007239904,1.6250647607446
"2018-03-15",-0.7157801061461,-0.700882876878479,-0.674593123835559,-0.610358944981797,-0.450884069465403,0.0867057090992087,0.401536687892516,0.768502063036121,1.3831697447448,1.61768493653469
"2018-03-18",-0.690105440573159,-0.678647321165276,-0.656828875371436,-0.59945916458425,-0.447780225120869,0.0862813527303532,0.402204997614112,0.769467594879219,1.37870521586003,1.60926184573128
"2018-03-19",-0.624577823850748,-0.593601218846805,-0.547622548101217,-0.457481649891543,-0.284842751622271,0.168984674865274,0.419600501980773,0.727147037228637,1.3425377999304,1.6296559983075
"2018-03-20",-0.67215176084958,-0.661749046267982,-0.641155504934665,-0.585213111251229,-0.433837510649655,0.103818379949262,0.420157867824253,0.784872280237897,1.3816411485496,1.6054172373921
"2018-03-21",-0.658753560358709,-0.652038114611911,-0.63668428022757,-0.590233323260285,-0.45434095698603,0.056752929133341,0.365214526043591,0.724808478693799,1.31966212532785,1.54391212624593
"2018-03-22",-0.632075341978935,-0.631044842406232,-0.623002574569708,-0.587521236622482,-0.463261906207355,0.0463189362776738,0.358940840061166,0.721865918356255,1.31397356866172,1.5348065584279
"2018-03-25",-0.644025291009984,-0.64010774222549,-0.628369834986333,-0.587400900109863,-0.457511396278895,0.0519113299179843,0.361977091035046,0.722780479517288,1.31566235761449,1.53798390652575
"2018-03-26",-0.630270830418345,-0.627686650446992,-0.61801988830613,-0.581315650045895,-0.459729390699851,0.0322475822686215,0.337013222200555,0.695429426801215,1.2922171104563,1.51771502819052
"2018-03-27",-0.585628117964238,-0.59203041968545,-0.593863181518119,-0.57422158947066,-0.470096320888896,0.0226248822993156,0.335509078300956,0.700741245372931,1.29555554668838,1.51660885686579
"2018-03-28",-0.603305116344578,-0.606171963331543,-0.603770893924417,-0.578765870065909,-0.472007250592341,0.00968614971664927,0.317416345320757,0.68204660508065,1.29083806894595,1.52073395519479
"2018-03-29",-0.60412672210248,-0.607044469669941,-0.6047089902883,-0.579801646444966,-0.473137064986958,0.00866877644028097,0.316571035730339,0.681442533994459,1.29068168835275,1.52075246810071
"2018-04-01",-0.583040348341839,-0.590301111887779,-0.593509693963018,-0.576784633540273,-0.478350921011246,0.00438711875300779,0.31633346339123,0.68438081404562,1.29177091756225,1.51917085570149
"2018-04-02",-0.563869902142936,-0.574286771703457,-0.581479822554515,-0.570487978872826,-0.477315376695132,0.00864665178040125,0.32488803034628,0.696732620850965,1.30535975608897,1.53191285290225
"2018-04-03",-0.563553714786421,-0.574734944055284,-0.58297864885549,-0.573783417817674,-0.483240671991826,-0.000820312122157274,0.314683098967995,0.686198334600646,1.29489036965309,1.52153997640712
"2018-04-04",-0.57212220497073,-0.580156108359564,-0.584182174345814,-0.568089639208141,-0.468260582877912,0.0251336752539773,0.34331528811838,0.717474742733504,1.33173224127758,1.56095471237872
"2018-04-05",-0.556484126762439,-0.567998896675237,-0.576653419937734,-0.568004923252926,-0.477746993272503,0.0067005178946109,0.324064002798865,0.697952219282168,1.31073680898279,1.53893479094241
"2018-04-08",-0.561624490880384,-0.570646535458829,-0.576089320296023,-0.562610556735132,-0.467240687776529,0.0171827306051086,0.331723960449619,0.702355997802803,1.3116811652797,1.53916772700967
"2018-04-09",-0.558211610931378,-0.566046994578066,-0.569776328890812,-0.553138338642981,-0.4526170032224,0.0389578448922181,0.353813996053939,0.72229875744285,1.32348457805133,1.5470351098253
"2018-04-10",-0.561165321073226,-0.570676413289851,-0.576567441824171,-0.563204754874202,-0.466326172638438,0.0233970289422307,0.338357604406784,0.706385419945957,1.30442064182987,1.52617943857504
"2018-04-11",-0.557715605614173,-0.569092108740965,-0.577261810768351,-0.566909254016465,-0.4717721882582,0.0255059273014601,0.346501983932839,0.720915402419707,1.32679549755941,1.55083216618474
"2018-04-12",-0.560605964107586,-0.572047423238457,-0.580315991639798,-0.570163738538285,-0.475422835598642,0.0208444110538463,0.3413475145852,0.715239764142699,1.32033542898809,1.54408888435293
"2018-04-15",-0.556126344033582,-0.567450559200883,-0.57554043395549,-0.565025434035839,-0.469565108252239,0.0285445971226593,0.349948260603856,0.724793545152482,1.33132477927359,1.55559667732544
"2018-04-16",-0.561309301189345,-0.572281359977975,-0.580091232281631,-0.569718585882944,-0.476258056944831,0.0132985468482113,0.330843391106039,0.702814326441242,1.30828292578335,1.53291933609789
"2018-04-17",-0.561166530857025,-0.571210237504856,-0.577637248826182,-0.56459500373821,-0.466472104567032,0.0304686758174698,0.348846478955932,0.719396330351394,1.3181378148521,1.53943184551641
"2018-04-18",-0.553646840959834,-0.565932632656495,-0.574448331413855,-0.562004250369455,-0.456468888970524,0.074869430267143,0.407234502217518,0.785812863830352,1.37997784220248,1.59610631585267
"2018-04-19",-0.592701814914294,-0.560000466532552,-0.511848460857305,-0.418687209545049,-0.244229493092861,0.19706901079973,0.434929260698145,0.726327576825836,1.33141960900178,1.63892194761657
"2018-04-22",-0.592334405954078,-0.558521787404739,-0.50876201983363,-0.412588611226616,-0.232851940720502,0.219506881294961,0.461807258054731,0.756981932350913,1.36292411121251,1.66653859222645
"2018-04-23",-0.594433238966953,-0.560310396681395,-0.510108931242775,-0.413132925487889,-0.232083759384316,0.222395655191544,0.465050325200753,0.759807039312927,1.3613686290671,1.660647662991
"2018-04-24",-0.59859506304768,-0.564035829458435,-0.513201834093642,-0.415036605312976,-0.231886921485176,0.227112196848055,0.471683503371922,0.768230507690354,1.37123295547269,1.66989709001489
"2018-04-25",-0.595961244241267,-0.562905506382885,-0.514246852445963,-0.420157723223737,-0.244154971255716,0.19982874331597,0.438322656987622,0.729604579580976,1.33068043693913,1.63378988072587
"2018-04-26",-0.590819901208511,-0.558806215566597,-0.511651996351396,-0.420370173250462,-0.249243928226345,0.184827596426796,0.419596139121271,0.708096153441176,1.31098293513086,1.61978942048321
"2018-04-29",-0.599234729400749,-0.567126643223925,-0.519830087267264,-0.428261365310876,-0.256555375178579,0.179254611471605,0.415143015859728,0.705218306219971,1.31225538737991,1.62373689945018
"2018-04-30",-0.607122394437415,-0.574650184473212,-0.526826161340191,-0.434266964299958,-0.26081693907473,0.178696150794475,0.416104759904302,0.707514000759803,1.31504164681382,1.62531031666327
"2018-05-01",-0.602784859338929,-0.570070686719583,-0.521893609764174,-0.428662499998131,-0.253995321595102,0.188334257501675,0.427085252768749,0.719944562274754,1.32964924184626,1.64049367302448
"2018-05-02",-0.603866243649578,-0.572770401250738,-0.526926436233176,-0.438036932912368,-0.270862842515115,0.156612916130774,0.390133355756552,0.679700679231227,1.29624705849325,1.61956879694917
"2018-05-03",-0.580818308747896,-0.550217221131952,-0.505081093829923,-0.417489377533172,-0.25247916961406,0.171259120184763,0.403960175154214,0.693894861387094,1.31743927701245,1.64863172711849
"2018-05-06",-0.451398032311777,-0.425557648593299,-0.387349718674874,-0.312876871747051,-0.171361779744861,0.200118716906047,0.409766806881764,0.67759793994855,1.28528394161717,1.63147663571833
"2018-05-07",-0.510923680023914,-0.498149251980764,-0.476744440980991,-0.427032050768483,-0.307536512580961,0.109550426171381,0.375832303595668,0.714643515602391,1.37315980548535,1.65579987548032
"2018-05-08",-0.505286024371631,-0.493519332462907,-0.4734633037588,-0.425938992780629,-0.309265117210477,0.105521004264733,0.371859985807493,0.710686887238634,1.36657129988761,1.64663356338598
"2018-05-09",-0.505376963382448,-0.4941123947898,-0.474721022378022,-0.428250066484709,-0.312847855122004,0.101341239139321,0.368031902712149,0.707216295020802,1.36225428672137,1.64116458856334
"2018-05-10",-0.509126103381054,-0.49670173006316,-0.475788255452257,-0.426955221490333,-0.308916225690908,0.104890843244277,0.369256594558692,0.705326000477225,1.35678887811123,1.63562524968629
"2018-05-13",-0.550429956490736,-0.562875265358928,-0.571612224552665,-0.559500547153801,-0.454004338771054,0.0820378741401863,0.419608202738113,0.805986090533164,1.41608433128712,1.6387058536286
"2018-05-14",-0.552597306784576,-0.564501452306597,-0.572270483671956,-0.557832048600393,-0.447050394044555,0.101790817488129,0.443784623987838,0.832902587973287,1.44316797809734,1.66510564786149
"2018-05-15",-0.538442130546531,-0.55234494508064,-0.562964606142542,-0.553684012198483,-0.451082695292782,0.0865661687505129,0.427568972398142,0.818666537293509,1.43704236762583,1.66277433319299
"2018-05-16",-0.552213224652,-0.564515886254178,-0.572881080143192,-0.559565262360741,-0.450458872884039,0.0987709037510679,0.443881039781914,0.838638925242288,1.4617085834199,1.68903486409898
"2018-05-17",-0.523099068242204,-0.506910676341338,-0.480893219030194,-0.423558063766827,-0.293782605763997,0.133517743312514,0.400576852050945,0.739804633538045,1.40590181451013,1.69614258973293
"2018-05-20",-0.512621120284462,-0.499605407857507,-0.477821719009821,-0.427292846734021,-0.305952465015983,0.117784295601243,0.388821201881554,0.734407485857818,1.40875098540096,1.69922958016022
"2018-05-21",-0.516535953276675,-0.50251228417949,-0.479377631724926,-0.426650335654895,-0.302447576620797,0.123827982679545,0.395035250048017,0.741007447348271,1.41931319244512,1.71323992893582
"2018-05-22",-0.527881846757905,-0.514833988113749,-0.493164741376559,-0.443324659028373,-0.324442258072269,0.091928719742849,0.361587649598446,0.71031325737371,1.40949468445199,1.71842318218186
"2018-05-23",-0.542208245948624,-0.549119643336797,-0.552736858219915,-0.539297994329831,-0.452337682833114,0.00346058316189157,0.315343630348257,0.700279020884125,1.3773858826936,1.6413312775804
"2018-05-24",-0.545977267038945,-0.551048372623355,-0.55285332788947,-0.538532677230749,-0.45682092624052,-0.0295260889728477,0.270165452557761,0.649661350599332,1.34535070083859,1.6247811560002
"2018-05-27",-0.575311779103163,-0.579191035594869,-0.57947360092022,-0.562905177550525,-0.478930080146257,-0.0515720836175703,0.247738697978828,0.628174960379509,1.33137803126034,1.61579210731393
"2018-05-28",-0.573452002821846,-0.577706832893313,-0.578981708861011,-0.565591456497414,-0.490682311419166,-0.0900537630069121,0.199864862181232,0.577580618187334,1.30274114283733,1.60458145229377
"2018-05-29",-0.598036229569231,-0.589564918645577,-0.573952593319709,-0.533691461518948,-0.426197310327318,-0.0130204957750946,0.262301524181117,0.618276396752258,1.31880689895109,1.62077817927142
"2018-05-30",-0.570115295393992,-0.568886604033329,-0.56282423224225,-0.537591255403006,-0.44797574703363,-0.042995411367722,0.236571139360323,0.595720128584795,1.27921871657132,1.56317857095749
"2018-05-31",-0.568377420523986,-0.567042666630095,-0.560459727554722,-0.533159667913056,-0.436942631282872,-0.0104646600111126,0.277753328875228,0.641272093712035,1.31281969752741,1.58540166380117
"2018-06-03",-0.590964277484402,-0.586915064805088,-0.576602116136842,-0.542928634845153,-0.437401211605668,0.00159055075634906,0.2925271422108,0.657603275188082,1.33080142410507,1.60428894261685
"2018-06-04",-0.60208239587912,-0.598139918577833,-0.588192461375781,-0.555822025426565,-0.454202612525944,-0.0267482035544352,0.26050667314367,0.625446146008988,1.31211091060516,1.59552386758186
"2018-06-05",-0.597970549367778,-0.592390841452713,-0.579463134297443,-0.539709413837534,-0.420352879522186,0.0554735081777429,0.361227825268389,0.736435489439511,1.40593156459366,1.67151844099836
"2018-06-06",-0.608121029389455,-0.602061958977377,-0.588343070792249,-0.546814009222304,-0.423524630841334,0.0630654494155493,0.373739050969356,0.753376273711731,1.42680556769631,1.69287837742977
"2018-06-07",-0.607656263660153,-0.603407681651692,-0.592101671985364,-0.554457297572955,-0.436097133100934,0.0468623521876905,0.358146578609123,0.73903431820604,1.41366746547197,1.67960937349628
"2018-06-10",-0.600938714732444,-0.596778658273571,-0.585312500893892,-0.546517324179141,-0.423847261180325,0.074029417251642,0.391603824676651,0.776408366308349,1.44758112266164,1.70927167836109
"2018-06-11",-0.618403581351674,-0.609974036409427,-0.593193005831501,-0.547041621928604,-0.418840564732525,0.0678640707300359,0.376352670533395,0.754495084261083,1.43200527095568,1.70213572377354
"2018-06-12",-0.611963072917946,-0.605032158791471,-0.590497214012774,-0.548771912530389,-0.428838464637189,0.0401499431452856,0.342369916953267,0.716429657516356,1.39519436904568,1.66815892622918
"2018-06-13",-0.608407766549004,-0.602734519194782,-0.59056604485022,-0.554881123681174,-0.449786214824369,-0.0210875249032318,0.266918606429596,0.635869988676369,1.34323865855478,1.64023594034203
"2018-06-14",-0.605815430828424,-0.600717482956051,-0.589545704381573,-0.556217209652191,-0.456583508593999,-0.0425859672957147,0.239810505720041,0.605911479709467,1.32139568282292,1.62654769545552
"2018-06-17",-0.600907417529102,-0.595894829977694,-0.58503505651147,-0.552853342546082,-0.456764082682289,-0.0538707178963371,0.224641565765726,0.590294788095547,1.32090719965464,1.63858191362706
"2018-06-18",-0.60493793838999,-0.601005819792985,-0.591666352165516,-0.56219490967382,-0.470411743466376,-0.074589380064083,0.201918972353046,0.566352434932656,1.29694344719704,1.61509125907003
"2018-06-19",-0.604204732083836,-0.611672176673095,-0.616694627952473,-0.6075850430651,-0.532286102411819,-0.105150956903918,0.201483672260889,0.593466566818092,1.31922566215474,1.61241771785652
"2018-06-20",-0.616898344035954,-0.623390855287523,-0.627263455202204,-0.616771360666048,-0.541134492197893,-0.118421822139971,0.186692093746875,0.579932193181877,1.3187178103973,1.62063820220355
"2018-06-21",-0.61389333266128,-0.623467750111908,-0.63061940232436,-0.6227680667316,-0.54220826763504,-0.0838593635309209,0.237080588350423,0.636932334244756,1.3471390710616,1.62546422933833
"2018-06-24",-0.598249106319406,-0.611173784298767,-0.622572345342894,-0.620869908613802,-0.545981065117,-0.0836202006636448,0.242420606416318,0.646510688284709,1.35537317406123,1.63046189159325
"2018-06-25",-0.595613132128186,-0.608611697948793,-0.619845083791849,-0.617043158794703,-0.538173221140994,-0.0629046060265981,0.268006149599567,0.674463357474151,1.37862240636963,1.64969893638778
"2018-06-26",-0.59568498557468,-0.609153167976135,-0.621046000321044,-0.619451047853478,-0.542812870888999,-0.0748380178399679,0.250650288516655,0.649296997008218,1.33649919503486,1.60013957989456
"2018-06-27",-0.569397931242063,-0.60032113998776,-0.631966086523134,-0.651621464396321,-0.572210633403269,-0.0116589844169031,0.348684146488372,0.752744794465905,1.36748901774563,1.58715827126954
"2018-06-28",-0.575320243142952,-0.606206619892998,-0.637603342658982,-0.656378629035195,-0.575198588002648,-0.0183988648434927,0.333746737074692,0.724190281167624,1.3105714227343,1.51889780659965
"2018-07-01",-0.564108163770217,-0.585809038416616,-0.608344687035382,-0.622995111524922,-0.565133291632458,-0.113798283107281,0.204398859470481,0.58811001542007,1.22891324763405,1.46936647296228
"2018-07-02",-0.562619995721602,-0.58435622585148,-0.607014272084878,-0.622115623864407,-0.565715787938833,-0.12012200894906,0.194616343174438,0.574345785862307,1.20870977517367,1.44677196019984
"2018-07-03",-0.558278154404299,-0.578986692272895,-0.600383208761553,-0.613779697607355,-0.5561389028397,-0.112361702904265,0.201314044054639,0.580955638287292,1.21850204796796,1.45855659848018
"2018-07-04",-0.559996406894167,-0.581491347173385,-0.603822180189341,-0.618378636695148,-0.561230110645172,-0.11486148220595,0.199896427873115,0.579480207540837,1.21341284782086,1.45129063056836
"2018-07-05",-0.594929968936861,-0.594326325292456,-0.588450358838472,-0.561504343086489,-0.463726990075347,-0.0341699975236788,0.248895481339834,0.597159067823982,1.21502433353208,1.45832913105741
"2018-07-08",-0.583173682649885,-0.582173512666292,-0.575923141252125,-0.548852012008637,-0.452328558637174,-0.0280934933100877,0.253918654433684,0.604079195369991,1.23468401342402,1.48576254729651
"2018-07-09",-0.588526553958656,-0.586149485053995,-0.578005984696673,-0.547702318492706,-0.44650096824936,-0.0166217056882235,0.265914357698786,0.615369642555828,1.24280295470189,1.49232007118312
"2018-07-10",-0.589299987643157,-0.585097846163223,-0.574685008032352,-0.541263078846293,-0.437887635906498,-0.0145673346950715,0.262297857175589,0.606165192505508,1.23035671824449,1.48098108336101
"2018-07-11",-0.58950358446753,-0.584459133656375,-0.573039733762342,-0.538378835242965,-0.434704262792083,-0.0169895845745287,0.256010207471995,0.596312878462529,1.21907527034201,1.47087671821929
"2018-07-12",-0.558956632669583,-0.570689951467754,-0.578947811196118,-0.567681092614266,-0.469103363755568,0.0295174124258449,0.341759296638547,0.697527505468163,1.25600723228128,1.45916742488946
"2018-07-15",-0.565805984619188,-0.562017047226638,-0.552312233647313,-0.520538219901603,-0.420888864537032,-0.00710420007617829,0.266332071785404,0.608523221422629,1.23673599274831,1.49107528405161
"2018-07-16",-0.569929186217613,-0.565423665731419,-0.554973775120639,-0.522686765515856,-0.424649569373277,-0.0220249731977252,0.245441036504168,0.583127510010473,1.21344856562243,1.47217078301945
"2018-07-17",-0.558131302262987,-0.555415123777738,-0.547370669056418,-0.519015636712389,-0.42611088662529,-0.0273310065359583,0.241178512183647,0.581212937765628,1.21595037328529,1.47603282173621
"2018-07-18",-0.564884395800492,-0.56223347285641,-0.554218905373617,-0.525724318999948,-0.43201723016602,-0.0298028054227149,0.240452540667127,0.581914807775834,1.21679842751991,1.47611532265634
"2018-07-19",-0.561592749170452,-0.557903534410253,-0.548218097276963,-0.516096499094379,-0.414707113058766,0.00676115489122786,0.284610275631217,0.631315271939268,1.26458673453482,1.51994458601427
"2018-07-22",-0.567233257023101,-0.560108163370127,-0.545782949186245,-0.505996700612563,-0.394259121325944,0.0374812149585936,0.315728688824802,0.661376691732937,1.29353014439611,1.54946347160553
"2018-07-23",-0.562687502141447,-0.557227640953263,-0.545111263659309,-0.508852382692446,-0.401532988320497,0.0266767910660659,0.304756515705781,0.649898376837481,1.27760627308692,1.53027378107072
"2018-07-24",-0.561307975656156,-0.556396532242065,-0.545011682977414,-0.509941381490627,-0.404223268500309,0.0216608142311384,0.298535179716129,0.641682063844404,1.26350223077941,1.51300056229549
"2018-07-25",-0.564193657018652,-0.559082491070366,-0.547387592407603,-0.511668371690505,-0.404591573110987,0.0252022656357875,0.304241343162275,0.64990460102429,1.27604225089771,1.52723321457805
"2018-07-26",-0.5609438096558,-0.556199906793361,-0.544929894464321,-0.50968239326568,-0.402495620403321,0.0306383920195489,0.311833022444962,0.659508056446371,1.28678113753623,1.53759100613537
"2018-07-29",-0.493349701982798,-0.499973878483024,-0.502975616556546,-0.487929217653738,-0.397781816668807,0.0555928716293463,0.356084427404981,0.717956530106887,1.33254894402142,1.56672747818229
"2018-07-30",-0.5433538954797,-0.537404507330991,-0.524455139957074,-0.486284032658978,-0.374777255778891,0.0628766813910431,0.343188068085138,0.687436772823973,1.30360925147032,1.54876407743516
"2018-07-31",-0.54716628928747,-0.537707829762411,-0.519928483302736,-0.473476654926057,-0.349773880018727,0.104784212341507,0.389067545949476,0.735820589722843,1.35458952770967,1.60089129157391
"2018-08-01",-0.546601941144124,-0.540393205220293,-0.526713822873733,-0.486115053671411,-0.367416660594091,0.0937945649308201,0.384957139639894,0.737929818992016,1.35698615732254,1.59967298261837
"2018-08-02",-0.543464404263936,-0.54103339516051,-0.532477311688067,-0.500412916148234,-0.393463550200696,0.0552533184407037,0.345628505366279,0.69995839624907,1.32297050959404,1.56704085781135
"2018-08-05",-0.547527668732749,-0.544806055622736,-0.536051969894307,-0.504284030517583,-0.39972233506124,0.0383637257252932,0.323351424574299,0.673178642775597,1.29434649620835,1.53945174054508
"2018-08-06",-0.543886207947068,-0.540663913767771,-0.531154411555121,-0.497891429008867,-0.390570479243734,0.052746659545991,0.338914004560677,0.688538386247355,1.30546930554181,1.54789805562672
"2018-08-07",-0.540561710173023,-0.539506970683701,-0.532844861566376,-0.504021399478024,-0.401793608746077,0.0409801622974281,0.330561496203129,0.685189298535648,1.3104447708847,1.5556528427263
"2018-08-08",-0.543616904222398,-0.545067470939447,-0.541724370902382,-0.518172695074536,-0.422352198912303,0.0175518363015906,0.309663038646595,0.668413370974494,1.30062052987447,1.54808482425392
"2018-08-09",-0.538648384132224,-0.543818491183387,-0.545534526864056,-0.530465998184602,-0.446553702193944,-0.0208736652104461,0.268922185983878,0.626864537724025,1.2586062761148,1.50560173794595
"2018-08-12",-0.534049974007229,-0.540520738485356,-0.543791078367397,-0.53064900974207,-0.447333371313995,-0.0142555465576983,0.28045918294517,0.642731950138877,1.27629291770202,1.52231565768767
"2018-08-13",-0.533449449848804,-0.540011661472889,-0.543401350955494,-0.530441979870732,-0.44731921863828,-0.0141140543075615,0.280881844541875,0.643573890551817,1.27796230861871,1.52431966138136
"2018-08-14",-0.538039002261412,-0.546270346392853,-0.55183967967551,-0.54224871548019,-0.462967988165121,-0.030934870646249,0.265462152170253,0.629826764109005,1.26526637459136,1.51134532175072
"2018-08-15",-0.553213051398115,-0.555100453899593,-0.552601598353931,-0.531242047900795,-0.440805981690694,-0.0149114772249845,0.272659304258252,0.630084228358533,1.27087010298216,1.52466098486917
"2018-08-16",-0.549444125732911,-0.553960600923433,-0.554899529276737,-0.538862547898346,-0.454501300223981,-0.0302454003517154,0.259775665873259,0.620095639924816,1.26235877678162,1.51528344182743
"2018-08-19",-0.562643311241567,-0.56385184243471,-0.560643660410039,-0.538766063086014,-0.449638348997269,-0.0324182587528832,0.251257040370813,0.60687557057989,1.25378761964897,1.51284124432281
"2018-08-20",-0.561106698106392,-0.560649727497663,-0.555163242187509,-0.529434956321088,-0.434875559588083,-0.0118842740520018,0.271692511956149,0.625520318736802,1.26683078089883,1.52327083616096
"2018-08-21",-0.56617149393868,-0.562005367036421,-0.551632008335558,-0.518227377835049,-0.414601738449173,0.0116065961157745,0.291508650448557,0.640304488292733,1.2767059669278,1.53321226381002
"2018-08-22",-0.564981976113734,-0.561457277086961,-0.55202117178242,-0.520385670914136,-0.419803723319302,0.00132878407074188,0.280445280526611,0.630109814905366,1.27258180246649,1.53278413724735
"2018-08-23",-0.56843780142571,-0.564420238784948,-0.554300485078112,-0.521477897833624,-0.419111636321992,0.00450148618899537,0.284087748572783,0.633822710521372,1.27565935349982,1.53547678066142
"2018-08-26",-0.560948879890417,-0.556642153993983,-0.545967572988403,-0.511700691092679,-0.405702708114735,0.0283799641980069,0.312289581250738,0.664908519644037,1.30498954409649,1.56199440689095
"2018-08-27",-0.567220360583578,-0.561756319538159,-0.549580693615518,-0.51302236995602,-0.404463955099745,0.0308181633560866,0.314783259384811,0.668523668446289,1.31553498634914,1.57708363125669
"2018-08-28",-0.554096557112739,-0.552107362395371,-0.544142821106716,-0.513014427598477,-0.407037731583761,0.0438513453888157,0.337862875240604,0.698313119155737,1.33605279020766,1.58691879980424
"2018-08-29",-0.567567615409317,-0.566984706181652,-0.561115895089237,-0.534069862266073,-0.435512160365802,0.000993090298999411,0.291060279401595,0.650442381287838,1.29487521039581,1.55057927792783
"2018-08-30",-0.573058562280451,-0.571048269628768,-0.563388333542171,-0.533822061912816,-0.433266359155988,-0.00067950045856302,0.285640785150626,0.641340848360321,1.28385399424091,1.5404274892269
"2018-09-02",-0.565485739034511,-0.565160053335767,-0.559568786464024,-0.532761531775257,-0.433853046547533,0.00546247679929146,0.296824575694565,0.656823657365463,1.29930177842491,1.55331662887287
"2018-09-03",-0.577578953793132,-0.572080126789006,-0.559886113639258,-0.523396026695813,-0.415288475992375,0.0175192947382217,0.299706411546308,0.651158549415831,1.29387551300365,1.55366993820558
"2018-09-04",-0.572367809941041,-0.565880967525557,-0.552257424200151,-0.513104448621284,-0.400472404966507,0.0402193999459048,0.324268552004098,0.675866784658094,1.31391534616533,1.57051296248111
"2018-09-05",-0.575416051048502,-0.570301310861573,-0.558631099877224,-0.523020482164464,-0.416130337395095,0.0155394188902289,0.297903988612227,0.649989467461119,1.29447687403426,1.55508956234902
"2018-09-06",-0.576331617246481,-0.569149531098185,-0.554623913556565,-0.514096081633733,-0.399957111437608,0.041035609945358,0.324630906919395,0.676075154148932,1.3161619128589,1.57445469109999
"2018-09-09",-0.570651274579795,-0.562265670254982,-0.546308759995883,-0.504041002583067,-0.389551896587371,0.043579624824066,0.322197122009649,0.669818220518647,1.31234657033353,1.57497705631521
"2018-09-10",-0.57234278307702,-0.563111593406188,-0.545901201622826,-0.50119959655439,-0.382237231556404,0.0605319025998835,0.342791465526563,0.693177273297713,1.33659004743314,1.59840173735953
"2018-09-11",-0.571638992302681,-0.562802801328511,-0.546208079463023,-0.502789994397292,-0.386423604938023,0.0500959698097619,0.329901270499609,0.678538690104338,1.32222514165005,1.58520243036577
"2018-09-12",-0.570403073045142,-0.561614343520749,-0.544989851744304,-0.501223708928788,-0.383453140764677,0.0580019332873588,0.339727593145825,0.689087426320759,1.32878173157165,1.58838549367807
"2018-09-13",-0.572450892573777,-0.561633950070672,-0.542171582943627,-0.493395917108815,-0.367814057600762,0.0859587429634037,0.371027680561214,0.722427605837116,1.36264528623804,1.62190709469788
"2018-09-16",-0.570477074674684,-0.558833136406717,-0.538261265841213,-0.487685778330103,-0.359842596892942,0.0946812683503501,0.378172024635913,0.726655822349316,1.36007100268223,1.61631971412785
"2018-09-17",-0.574207368468989,-0.561124338575426,-0.538552595854463,-0.484492528098722,-0.351372732654845,0.110661955283271,0.395678539438755,0.744531423665591,1.3762992132958,1.63147843196904
"2018-09-18",-0.579679546361435,-0.566318218748715,-0.543275266179044,-0.488125908977358,-0.352515869272444,0.116501045104649,0.404672630375313,0.756201340388442,1.38941299309988,1.64412679057071
"2018-09-19",-0.587332964096231,-0.573037675830908,-0.548850322596725,-0.492183396771531,-0.355696495305567,0.109665267771425,0.39540119337492,0.745510511680965,1.38274704025435,1.6414768515193
"2018-09-20",-0.58876013102457,-0.575056550137356,-0.551696476453306,-0.496487631620377,-0.362265665876712,0.0995787309978229,0.384400700218492,0.734003027930553,1.37128226978854,1.63020167617691
"2018-09-23",-0.590700496638382,-0.572656553879401,-0.543280284407472,-0.477654032951153,-0.327965367515348,0.15334061147435,0.439717545877656,0.785603456336782,1.40596906928577,1.6558260124172
"2018-09-24",-0.594712635658118,-0.574091120465224,-0.541195968672931,-0.469639462147318,-0.311604567822502,0.178953668428508,0.465859846957355,0.810367529611774,1.42632499932519,1.67443772044326
"2018-09-25",-0.58709484755703,-0.569090006053507,-0.539592631429983,-0.473218313152068,-0.320843208237608,0.169049208717451,0.45823881275577,0.804262045548009,1.41458342353038,1.65710550587859
"2018-09-26",-0.590829570450728,-0.572563375443054,-0.542596784184063,-0.475093232176414,-0.320190104252875,0.174757925877311,0.464176312686156,0.807470138969841,1.40451175211781,1.63925691685602
"2018-09-27",-0.582936608962693,-0.569269797242523,-0.545556701047203,-0.488509439029702,-0.348052884819108,0.132162424811025,0.421713850003358,0.768772723262294,1.37631326172484,1.61546318129971
"2018-09-30",-0.586239361538962,-0.574416919180781,-0.552939269648507,-0.498753485311079,-0.35942706911777,0.132036407952694,0.430347921807658,0.786853150821848,1.40499958457674,1.64623903963816
"2018-10-01",-0.576596491184435,-0.567590142510089,-0.550084376515682,-0.50299873503113,-0.374950514042334,0.0986804940361604,0.39272715684996,0.747752748909247,1.36995501333269,1.61420487615562
"2018-10-02",-0.588450483721581,-0.57605931278508,-0.553788737692933,-0.498230735578922,-0.356965962492182,0.135406037067228,0.431951400097307,0.784647186576896,1.39234606865752,1.62854454987175
"2018-10-03",-0.589580287922232,-0.57611803018104,-0.551845306158247,-0.491253170342943,-0.338032565447321,0.183808290075897,0.489040695568643,0.843164420619953,1.43115016173118,1.65406579205611
"2018-10-04",-0.591359806871929,-0.579983803467421,-0.558026499133513,-0.499697051178637,-0.344820706508869,0.195810298958581,0.510655018318628,0.871524746411428,1.45788890186806,1.67690891160366
"2018-10-07",-0.623920132686827,-0.606266533829902,-0.576543337232672,-0.507566292564662,-0.344676832326905,0.183328614471458,0.489316427846678,0.846590126058084,1.45013967697515,1.68219833328959
"2018-10-08",-0.634263837935294,-0.61594677581082,-0.585186909956318,-0.514063564259473,-0.34700404848494,0.18915609166046,0.496828522721979,0.853372725824774,1.44922009070095,1.67668768553868
"2018-10-09",-0.645652205331959,-0.626920250107949,-0.595403475518318,-0.522411164765624,-0.350929053042899,0.196761089426666,0.508627721554715,0.867528295132105,1.46105082613261,1.68604825652065
"2018-10-10",-0.665139750388637,-0.645427894861579,-0.61271027882152,-0.5381082721342,-0.365532801479726,0.179942869065254,0.490622441771224,0.849601316557493,1.44809292078641,1.67635948950528
"2018-10-11",-0.676011752145672,-0.656489797177294,-0.62408428250797,-0.550165389421437,-0.37897744277291,0.163977314570864,0.47451874025321,0.834589665811527,1.43800239312614,1.66894057026353
"2018-10-14",-0.689185267234306,-0.6694602218491,-0.636657367648241,-0.561686317868336,-0.387808419869322,0.163223344363847,0.477474924196027,0.840765488873522,1.44669639360933,1.67783748342658
"2018-10-15",-0.692109933660573,-0.671676314647149,-0.638225310275711,-0.563158744211592,-0.392170039657161,0.144408931113087,0.451843035812509,0.810472548863678,1.41862184965328,1.65349393700963
"2018-10-16",-0.703013519184522,-0.68235957583367,-0.6487921762673,-0.574101792956005,-0.405352678766606,0.122781860635533,0.426991200861626,0.784439815997915,1.39839423785664,1.63781263765638
"2018-10-17",-0.70145720221315,-0.683459572415867,-0.65347959999556,-0.584697671356532,-0.423744666939571,0.0989758959253685,0.405795364618801,0.769061364259431,1.39703430987394,1.64257180824313
"2018-10-18",-0.702478780938037,-0.68171074869098,-0.647845962663387,-0.572209296405236,-0.400762953676425,0.135556292713308,0.44304015310141,0.802439210918642,1.41427669189557,1.65129541374514
"2018-10-21",-0.703866442973104,-0.679362649111037,-0.640899106477263,-0.559092872934221,-0.383841153396747,0.137901703982778,0.434286941536789,0.784236567175626,1.39683925824321,1.64019773395396
"2018-10-22",-0.707805210760138,-0.68381575539124,-0.646232394713256,-0.566481698934421,-0.395955694542661,0.112759064200048,0.403575414652321,0.749313234526834,1.36189990699892,1.60764318396359
"2018-10-23",-0.710901989206539,-0.689999377243005,-0.656507093243393,-0.583252088878041,-0.420568742010036,0.0852557160959051,0.379756123909716,0.731193586095954,1.35227664624876,1.60004723823067
"2018-10-24",-0.712802059426721,-0.690105485709973,-0.654282796383433,-0.577478451787431,-0.410987737939059,0.0942916519790351,0.386056860161615,0.734461865465484,1.35427332077169,1.60337286286879
"2018-10-25",-0.716654364173946,-0.695238857018148,-0.661288384278124,-0.588031775410126,-0.427765517605517,0.0657344644253247,0.354142963122016,0.701379036536692,1.32642292189968,1.57979949250214
"2018-10-28",-0.748528465512623,-0.719529118003,-0.675690535024209,-0.587270708635,-0.410479039860214,0.0815090434201259,0.358825453817217,0.695028906275523,1.32822241389454,1.59941205962764
"2018-10-29",-0.743786146265841,-0.715367710396838,-0.67230237581353,-0.585121536643683,-0.409867924639715,0.0812109921111543,0.358816551582628,0.695257418048921,1.3266678591192,1.5957928928977
"2018-10-30",-0.750039620036476,-0.720466573268892,-0.675842069059994,-0.586094005088214,-0.407453924246263,0.0860621713674729,0.362744154306253,0.697226828652794,1.32526661933111,1.59379637804221
"2018-10-31",-0.742063723450158,-0.714232173341437,-0.671900530414128,-0.585731544262415,-0.411137000981587,0.0829284722097232,0.363311243792465,0.702888724098325,1.3368760491356,1.6052605032136
"2018-11-01",-0.742803355535215,-0.714556550322782,-0.671469953640442,-0.583417893624215,-0.404184471215029,0.103636883611549,0.39004352476419,0.733770683065864,1.36333220223757,1.62494888065851
"2018-11-04",-0.708663983696915,-0.686599778176094,-0.651574540237774,-0.575897509292299,-0.410267598872366,0.0975417767746029,0.391960550111733,0.743668096731744,1.36832310306897,1.61880988358839
"2018-11-05",-0.691266188113756,-0.672159873951058,-0.640899518473946,-0.570704895854554,-0.410127550460782,0.1022525150704,0.402302182994645,0.75900927123545,1.38197225717258,1.62772185038102
"2018-11-06",-0.678246562167586,-0.65992932702822,-0.629643729893825,-0.560773340474045,-0.401107114512615,0.113556603392783,0.41519088108688,0.772709416917293,1.39271542551623,1.63582774716311
"2018-11-07",-0.658572156597841,-0.644202642481259,-0.618914868171852,-0.557248846285829,-0.404059618558102,0.116557881356183,0.425011838170016,0.78822902054322,1.40605512604905,1.64424430597641
"2018-11-08",-0.664444123949331,-0.648425965141416,-0.621358550000051,-0.558159322884705,-0.407218278526681,0.0951963660209881,0.395015128990028,0.753553548913801,1.3814292140864,1.62901203249096
"2018-11-11",-0.655375702432746,-0.641149868152698,-0.61659554848877,-0.55783508629786,-0.413733586917752,0.0792923681719077,0.378052675533444,0.738106082494907,1.3742351481093,1.62640351798027
"2018-11-12",-0.657869431200131,-0.641959713516935,-0.615236875795595,-0.553224017871797,-0.405727529739253,0.0872802172741227,0.384723237545331,0.74441551779961,1.38622467296269,1.64297392254196
"2018-11-13",-0.647598549760051,-0.634835255655826,-0.612226633777356,-0.556568070678816,-0.416177653320921,0.0766210271325136,0.378760143721561,0.74453630241119,1.39321977654384,1.65076896338387
"2018-11-14",-0.644498409668601,-0.635525342495484,-0.61808271600699,-0.5710908386329,-0.442690313999344,0.0387378610114716,0.342348625476427,0.713823631794798,1.37838633712323,1.64319115539739
"2018-11-15",-0.637010571570973,-0.63080401335109,-0.616712292479712,-0.57403899151609,-0.447705117965218,0.0458980652852844,0.357299074326648,0.733956904043604,1.39170868777612,1.64870826545143
"2018-11-18",-0.636853570234283,-0.631759498879086,-0.618970640524928,-0.577810670543065,-0.451485065040597,0.0506177683227463,0.3675744581617,0.749452650251261,1.41087713688876,1.66765741159748
"2018-11-19",-0.773142601593873,-0.742434947266049,-0.696352341215082,-0.604417834378211,-0.423406832549086,0.0724425764817681,0.352174360469542,0.695390176094627,1.36419057638747,1.66225684756889
"2018-11-20",-0.781982714971038,-0.748533910460767,-0.698794696244377,-0.60099776914452,-0.412845216274349,0.0847501844356536,0.359935203390863,0.696636300588283,1.36230081275663,1.66743181592362
"2018-11-21",-0.774726972966333,-0.742661671686691,-0.694839705495558,-0.600362646182899,-0.417150246917053,0.0739819863626081,0.348249296520327,0.685166025171646,1.35185953173384,1.65628437346011
"2018-11-22",-0.78594717070168,-0.752312128658015,-0.702487809856215,-0.605123961433496,-0.419628912459543,0.0641799522950049,0.330444919114623,0.65775609242557,1.320016612266,1.63480241700775
"2018-11-25",-0.779642962785078,-0.745594846270493,-0.695178967603204,-0.596726654466486,-0.409389505741143,0.0779767391231545,0.345539224413534,0.673898852873344,1.3367490210758,1.65126906938057
"2018-11-26",-0.782011573072764,-0.748661839798244,-0.699221119700032,-0.602477258875877,-0.417718811955464,0.066562815816403,0.334355391032893,0.664593490512421,1.33571630412654,1.65576263191412
"2018-11-27",-0.773710768985171,-0.741237263683249,-0.692995358387325,-0.598272024409205,-0.416305406592011,0.0657379858065195,0.334456065281541,0.666992961210779,1.34320264627889,1.66423118347923
"2018-11-28",-0.772137781077275,-0.741968039490166,-0.696954540898317,-0.607935947875432,-0.434816467005563,0.034349217030067,0.300846029570846,0.634044665455184,1.31833967094075,1.64413317334991
"2018-11-29",-0.734003527617082,-0.709754701810416,-0.672740350772382,-0.59689722986625,-0.441140383404385,0.01553849461423,0.286127975802155,0.626540989337369,1.30671857439424,1.61351011932252
"2018-12-02",-0.737112997626451,-0.710246794277256,-0.669798905272595,-0.588644489290023,-0.427085104340359,0.0276212588991867,0.29241082778278,0.626336110424015,1.3106064503665,1.6313136133342
"2018-12-03",-0.731806272117333,-0.707012263060996,-0.6694178584555,-0.593154467876515,-0.438773008143746,0.0060231732736396,0.268067761161334,0.598759757418369,1.26938678975583,1.57802640804491
"2018-12-04",-0.739237440087413,-0.711840664105712,-0.670746036435049,-0.58877457231281,-0.427090213436443,0.0215671646027869,0.280644639511045,0.606691241778634,1.27696343955869,1.59372248092627
"2018-12-05",-0.748317217970101,-0.721617258845529,-0.681494650603261,-0.601228386352172,-0.442162913270459,0.00257026409174804,0.260664317498433,0.586065231673636,1.25499002784471,1.57033058593298
"2018-12-06",-0.744766843376515,-0.716519867041221,-0.674243076155775,-0.590212550952324,-0.425430607254185,0.0273409241183162,0.286944646398514,0.612613886061938,1.28092718072248,1.59714634747877
"2018-12-09",-0.782259346136593,-0.747423169635581,-0.696115694230732,-0.596811349317648,-0.410731705293983,0.0603789672599648,0.314299177310483,0.624978532214436,1.26613647870991,1.58774813911974
"2018-12-10",-0.781595795885266,-0.747485739514747,-0.697093297709443,-0.599057305619501,-0.413704160614873,0.0632054313694615,0.323135918490243,0.64173130683723,1.28948502437053,1.60207864827636
"2018-12-11",-0.78846934042487,-0.752919184454226,-0.700521465671019,-0.598987212019148,-0.408379637217843,0.0751019455753902,0.335270078893961,0.651904263269415,1.2923833673582,1.60251719469013
"2018-12-12",-0.810937603777174,-0.774132219842656,-0.719973936072798,-0.615320420604306,-0.419822555893403,0.0715083104217496,0.334099709100021,0.653189083265996,1.30385810800937,1.6264314953932
"2018-12-13",-0.844765747672462,-0.807210516195654,-0.751966548489404,-0.645274619320854,-0.44617747171604,0.0530332610425581,0.319192338882973,0.642089969963099,1.29939362549111,1.62538565801467
"2018-12-16",-0.890643053027925,-0.849860479472425,-0.789969237696499,-0.674645911322039,-0.460695405436432,0.0679728766970652,0.344790964768042,0.675274006309391,1.32682173697408,1.63785452220674
"2018-12-17",-0.894815919899063,-0.854438131162047,-0.795140538796245,-0.680957577605963,-0.469112755856815,0.0544137785405892,0.328579266538241,0.655937337041505,1.30148698636359,1.60974758483621
"2018-12-18",-0.880594034388558,-0.841205387614048,-0.783325822643988,-0.671754658356704,-0.464322696905066,0.0509801810958102,0.322583693409256,0.648737449822734,1.29921345910505,1.61398782647552
"2018-12-19",-0.886124834692048,-0.847015838829719,-0.789556190042882,-0.678825313237601,-0.473068049633551,0.037376946136968,0.30596645043411,0.628018911117491,1.26841080155012,1.57721707719711
"2018-12-20",-0.869955461619741,-0.831022195202741,-0.773807340356716,-0.663502226915966,-0.458368364702049,0.0515719342273959,0.320574690403536,0.643845966623483,1.28952895594872,1.60253404159408
"2018-12-23",-0.893377500776729,-0.853576998283152,-0.795107046573856,-0.682448671328481,-0.473180712783252,0.0455341669779469,0.318189762861094,0.644814867307799,1.29310713691062,1.60504500568801
"2018-12-24",-0.861457663780974,-0.82407740177473,-0.76901849328547,-0.662450518728193,-0.462833199554851,0.0408929438523959,0.310369331385517,0.636778951550673,1.29155195621769,1.60594414411794
"2018-12-25",-0.829784414319123,-0.796884680774878,-0.747880277248839,-0.651273939169656,-0.464648113578977,0.0316561326675861,0.306608935283958,0.642391800979505,1.30067331118892,1.59875022383001
"2018-12-26",-0.833442187315612,-0.798472379847159,-0.746779394653408,-0.646118741562843,-0.455522410038478,0.0357618216060935,0.303473784084568,0.630880762906648,1.2911030768308,1.6056157279894
"2018-12-27",-0.867388919219459,-0.828571279944456,-0.771516273291964,-0.661484729304254,-0.456733276268451,0.0530430103688826,0.322472915243293,0.646806559618419,1.29680300625956,1.61316904653843
"2018-12-30",-0.872998067871975,-0.832954476150149,-0.774148028979648,-0.660912025576179,-0.450828516450242,0.06831811700384,0.340172294645117,0.664752057339909,1.30475071156369,1.61032021912075
"2018-12-31",-0.717411690346227,-0.70260739418516,-0.677459398101516,-0.61826736091782,-0.474985592488688,0.0159479289458625,0.318097347437567,0.688668348036646,1.3636993340585,1.63787287582886
"2019-01-01",-0.527328174605292,-0.544253501691624,-0.560921044396425,-0.567594730495361,-0.503582263661448,-0.0569081192175617,0.260403004861945,0.650343262984092,1.32210955779483,1.57933195842685
"2019-01-02",-0.585887462259288,-0.589452288238015,-0.58918431418041,-0.571318007542702,-0.484455835306615,-0.050863851690494,0.249463862629087,0.628246340961558,1.3205135885266,1.59823796710028
"2019-01-03",-0.568452013793256,-0.573675848367017,-0.575133555491517,-0.558489186972343,-0.468225369817235,-0.011974984861081,0.299345590012151,0.685032568789998,1.36916320874128,1.63760961175902
"2019-01-06",-0.574784638696286,-0.573019742277827,-0.565485425313223,-0.535400933559564,-0.431409137957833,0.0210937745471707,0.322570221093441,0.698699199458558,1.38218149255579,1.65625525014978
"2019-01-07",-0.534323346391814,-0.541254774632667,-0.544844807364707,-0.531177075850996,-0.443257168100574,0.0169693031634709,0.331778865041436,0.720286849934011,1.40362710265672,1.66999509154512
"2019-01-08",-0.526651645676688,-0.537005361737623,-0.545093062112574,-0.538477106797006,-0.458983315140673,-0.00365776075644619,0.312323573811583,0.702102867026315,1.38355462554004,1.64768714584307
"2019-01-09",-0.533646404609895,-0.543170262165384,-0.550610860043101,-0.544397609237002,-0.469847528446409,-0.0344728829150869,0.274250733851565,0.662168027665298,1.35943834529891,1.63488857060111
"2019-01-10",-0.564071843943745,-0.56577644331889,-0.563243310512887,-0.542418353056389,-0.453997311530646,-0.0280840992988809,0.267308037907524,0.643144381925015,1.34223997528574,1.62679907654316
"2019-01-13",-0.547596871762145,-0.554237856827426,-0.558223096097927,-0.547698443789391,-0.471734200430307,-0.0527212746659595,0.245150441638416,0.623944650382967,1.32057848591053,1.60073813564124
"2019-01-14",-0.556831243284747,-0.564234350607997,-0.569387691844625,-0.561220782966008,-0.489687409758587,-0.0787293029204531,0.218051593046631,0.598942663986153,1.30819872280865,1.59589783154098
"2019-01-15",-0.54682528070099,-0.555329992143837,-0.561884194529434,-0.555745621684912,-0.485991666633297,-0.0722555382423885,0.227831120077733,0.612660363262645,1.32687267600762,1.61566805458686
"2019-01-16",-0.55289786649246,-0.559065204890436,-0.56250233184428,-0.551347970328962,-0.475295766636903,-0.057876489284302,0.240273114828616,0.621610268904537,1.3298538362674,1.61684848947678
"2019-01-17",-0.548105336938464,-0.554687494083737,-0.558461860666954,-0.547161358734991,-0.468750381394487,-0.041093686171482,0.261162065713928,0.644004975335765,1.34405166965564,1.62444135728479
"2019-01-20",-0.557425390802391,-0.561742967441103,-0.562696212935172,-0.547483022365258,-0.466088852582162,-0.0438967181477938,0.254156181336558,0.634736843172087,1.34256334559028,1.63007672417495
"2019-01-21",-0.546184261226084,-0.553598728451705,-0.558712156925157,-0.550310237980443,-0.477974802734146,-0.0649096473029385,0.232090470075928,0.611941904570727,1.31549729318924,1.59976017678458
"2019-01-22",-0.548418334817987,-0.553575004516135,-0.555761412792335,-0.542921664823338,-0.465901629887837,-0.054060955296265,0.239010443698974,0.61418447927335,1.31331992337582,1.59752418578576
"2019-01-23",-0.551773134858715,-0.554047485053622,-0.552955375207389,-0.536696046377722,-0.461577817859895,-0.0799674317365673,0.194366429703174,0.552962562560549,1.24842553814209,1.5407628406881
"2019-01-24",-0.546264444335181,-0.550205872062123,-0.551150278209388,-0.537557110665203,-0.46376405820987,-0.0737212758151995,0.206780298461954,0.570652965214469,1.26472616379486,1.55220362182568
"2019-01-27",-0.540924338651702,-0.545671326822078,-0.547669749978305,-0.535692851050975,-0.463576884086523,-0.0717799235655303,0.21201236346679,0.581006159628129,1.2861160102324,1.5783806408278
"2019-01-28",-0.538790257665046,-0.543298920658559,-0.545060462476055,-0.532968778930602,-0.461601796243761,-0.0744827356470933,0.206693692159189,0.573455707831449,1.27824083245482,1.57171269917566
"2019-01-29",-0.538731746495929,-0.542211740545292,-0.54276405507007,-0.529264107414759,-0.457945146659039,-0.0796031165637666,0.195650336365802,0.556868483186743,1.25960787475907,1.55539313843724
"2019-01-30",-0.528641762839341,-0.532636493358458,-0.534151376479613,-0.523108787004064,-0.457916501168699,-0.0974510122862079,0.17029933571778,0.526657311109745,1.23492893748497,1.53812044882388
"2019-01-31",-0.523817880660401,-0.530451026460371,-0.535264923442431,-0.528796632218256,-0.466816777966924,-0.0955234281890118,0.182182747996688,0.549181095069761,1.26525756504607,1.56644919082488
"2019-02-03",-0.506165603260887,-0.513529830248712,-0.519292691142654,-0.514282640590698,-0.454014741179792,-0.0846203230393925,0.19165157658784,0.55536317894663,1.25930398680211,1.55328704712556
"2019-02-04",-0.49374140498362,-0.502500249206965,-0.510113807501283,-0.508053865128177,-0.451412579092756,-0.0840132899157457,0.193201407762466,0.558269710331287,1.26274720485216,1.55591697288264
"2019-02-05",-0.481111216463474,-0.491667624669972,-0.501643713364311,-0.503277262430029,-0.450951502588969,-0.085089846404156,0.193596046698845,0.560256655474429,1.26376940684795,1.55481900689969
"2019-02-06",-0.476311278915228,-0.488258795867254,-0.500372837122208,-0.506365948482977,-0.462525516642005,-0.115102881553992,0.157805134392454,0.522418507752629,1.2360218408048,1.53539188563379
"2019-02-07",-0.464075420577843,-0.476020143427591,-0.48827118554033,-0.494945296132489,-0.453486797747662,-0.114476500386055,0.154667003335315,0.516804947128725,1.23315019321029,1.53615327013763
"2019-02-10",-0.484543304893584,-0.492240905996002,-0.498758796019052,-0.495972100092868,-0.441787885675299,-0.0903845785017114,0.179202337655208,0.540379612133377,1.25828862489937,1.56441687649056
"2019-02-11",-0.460572834030149,-0.473408540543777,-0.486625183770647,-0.494117001460763,-0.451195580952733,-0.0992593726078037,0.177737989896691,0.547104108401074,1.2665942002398,1.56714214482831
"2019-02-12",-0.483246774888644,-0.491870954532114,-0.499666412542199,-0.49907051609252,-0.448072324507743,-0.10040376378172,0.169054451946447,0.531190785571306,1.25274608055783,1.56073952826935
"2019-02-13",-0.483868904888464,-0.49160791773692,-0.498415439490803,-0.496865781339083,-0.44681182688652,-0.109818964910761,0.153331789206825,0.510416497571711,1.23461624856441,1.5485242899096
"2019-02-14",-0.49072146143194,-0.497779198865211,-0.503626027213768,-0.500356400104169,-0.447542154194346,-0.105843734074941,0.15877185338197,0.516920154497538,1.24181769570194,1.55575915230293
"2019-02-17",-0.465686892663846,-0.479245515662578,-0.493545988730589,-0.503154920113855,-0.464005837289433,-0.117840739640047,0.159457754532215,0.532761590344892,1.26944320619046,1.58011737303277
"2019-02-18",-0.499350920353959,-0.506990193796953,-0.513520872708003,-0.511046336896588,-0.458186646604253,-0.111342772799031,0.156754172121255,0.518109285993134,1.24347598637193,1.55529828867247
"2019-02-19",-0.474502214395834,-0.486437144180941,-0.498652583561882,-0.505190503093342,-0.463265487714044,-0.122181575141106,0.148388918658425,0.512361329833002,1.23220836159037,1.53667082800536
"2019-02-20",-0.479538045383384,-0.489577655043541,-0.499144047755281,-0.501032751094373,-0.452058538931519,-0.102129042180229,0.168564252493058,0.52928447030898,1.23571673389832,1.53271467368796
"2019-02-21",-0.502694989360593,-0.508978611581341,-0.513834528323043,-0.5091153022914,-0.455020296628355,-0.115754504886439,0.145830766372028,0.500026160480116,1.21898298994378,1.53135826627524
"2019-02-24",-0.504142595258268,-0.510462261285991,-0.515270738390139,-0.51016245956621,-0.45454400377535,-0.109730881128163,0.154199525292091,0.509510426235399,1.22392639591165,1.53187664196498
"2019-02-25",-0.506634784945465,-0.512785127977775,-0.517386330679928,-0.512000130525586,-0.456182181572516,-0.111442924474852,0.152811582082275,0.509325813003903,1.22910268732347,1.54049147776647
"2019-02-26",-0.509647097681107,-0.513579402477354,-0.515072471177505,-0.504199130851752,-0.439917352361532,-0.0834251673483405,0.182215422064176,0.536765154224657,1.24481959063265,1.54914048497611
"2019-02-27",-0.510544983977191,-0.514464553760621,-0.515857351970134,-0.504542407186008,-0.438727321463537,-0.0762235633009403,0.192771286866507,0.550668796345469,1.26181581192098,1.56620438652547
"2019-02-28",-0.508109899390966,-0.510827002352221,-0.510562924795888,-0.496410895241822,-0.426487652495641,-0.059302734098426,0.209710874963413,0.566134337730913,1.27198436197177,1.57367156370886
"2019-03-03",-0.530686696405737,-0.53267516050445,-0.531509568256199,-0.516128267211613,-0.445335526319507,-0.0798269832730865,0.188505571685444,0.546083497697938,1.26271263918217,1.57236055340504
"2019-03-04",-0.513011334009998,-0.518033001592772,-0.520855455808514,-0.511711791468706,-0.448211143027581,-0.0854753317858088,0.184870152735466,0.543782580753968,1.25214413365867,1.55330119054527
"2019-03-05",-0.510225954313354,-0.515702910768263,-0.519540996357446,-0.513375106100209,-0.458103225207609,-0.121040413576318,0.138496360666637,0.491084252142857,1.21251425200873,1.52839381150497
"2019-03-06",-0.518734147123108,-0.525607675213132,-0.53177985316237,-0.530924994296373,-0.487537583767925,-0.181693357058983,0.0661595569649314,0.41348762024053,1.15804823299305,1.49688214042338
"2019-03-07",-0.517490218204495,-0.523703583192746,-0.529083167389236,-0.527267836358357,-0.483898669727033,-0.185973845818431,0.054736172372013,0.392302879459731,1.11818802013958,1.44969022871897
"2019-03-10",-0.539811350458868,-0.542164341715057,-0.542290600652844,-0.53166127062094,-0.475898288072047,-0.162312273070721,0.0827642243714857,0.426387486338767,1.17738825473141,1.5278980691488
"2019-03-11",-0.542952797448002,-0.545914612291853,-0.546831612799562,-0.537394898060785,-0.48279820924078,-0.167579583621248,0.0800073928607943,0.427210226473928,1.18434583679979,1.53660832732772
"2019-03-12",-0.547370853415283,-0.549382682138678,-0.549109842521333,-0.538015519200706,-0.48220791943038,-0.170126543848701,0.0751778393756435,0.421742159023661,1.19085415329719,1.55533916885859
"2019-03-13",-0.543398318341147,-0.544999918263701,-0.544210345933797,-0.53239524467444,-0.476122957565586,-0.166685791538766,0.0758335241717334,0.418586915946529,1.18113456083838,1.54365762536079
"2019-03-14",-0.543429128317968,-0.545112203884597,-0.544466122498668,-0.533005298271021,-0.477649530941096,-0.171749731115257,0.0683272876621022,0.407789904218836,1.16331973892126,1.5225751842264
"2019-03-17",-0.528223282420766,-0.529601726181199,-0.52863122421536,-0.516935774101964,-0.462363890292148,-0.163397947570148,0.0714683979948082,0.404566013585144,1.15104204001876,1.50857746318287
"2019-03-18",-0.511089750449022,-0.516723607446091,-0.521193408841927,-0.517446604362438,-0.469975935604244,-0.160341362010232,0.0865416593217521,0.430744950843591,1.16559127281448,1.49939271573413
"2019-03-19",-0.520271073090845,-0.525683492729894,-0.529920015933808,-0.526003513894102,-0.479014188176445,-0.172868518953562,0.0722415405089285,0.415556692408813,1.15492364282958,1.49353898703133
"2019-03-20",-0.496090998849888,-0.504611564108289,-0.513309073566927,-0.517630032581657,-0.484661857754056,-0.205815392074211,0.0292923784467214,0.364480203067105,1.0984621800023,1.43786730985599
"2019-03-21",-0.527137808649573,-0.532730831373183,-0.537678187626998,-0.536516894017776,-0.498797307536494,-0.230385292303154,-0.00789359541788426,0.311074849810224,1.02435474306164,1.36221032405319
"2019-03-24",-0.48819692780587,-0.498253615763751,-0.509249932997395,-0.518133869876202,-0.494059276812228,-0.23894916576115,-0.0168132850134046,0.302894895006276,1.00817808918287,1.33538321984085
"2019-03-25",-0.521720644190512,-0.526418144602835,-0.530213444904133,-0.527354578707441,-0.488136747506282,-0.223129786487468,-0.0049958716951064,0.307935481707222,1.01130335348437,1.34663040290218
"2019-03-26",-0.494016221038202,-0.507045261247216,-0.522222369963774,-0.538541662395368,-0.526137380194701,-0.288405165561457,-0.069254074732148,0.251775515255891,0.971503232462957,1.30854338741402
"2019-03-27",-0.510519225569924,-0.520603732915543,-0.531759147053988,-0.541301106096416,-0.519393944468579,-0.271540634890567,-0.0521184438824086,0.267224120080172,0.984677587382749,1.3230345474145
"2019-03-28",-0.513621900917429,-0.523107349103624,-0.533516925308459,-0.542028832200279,-0.519357284313501,-0.272700253731783,-0.053481774464302,0.267985665602548,1.0016645076738,1.35316409676304
"2019-03-31",-0.490339950238861,-0.504236952165865,-0.520120609921589,-0.536037257461744,-0.517620988404591,-0.246375307673454,-0.00599913378550043,0.337447838826649,1.07753225590893,1.41235004491602
"2019-04-01",-0.488326233699933,-0.502091645505634,-0.517946462177415,-0.534309009967819,-0.518159875153014,-0.256872416522201,-0.0218756830635514,0.316975099978438,1.05768580260347,1.39692042350767
"2019-04-02",-0.506088720210854,-0.518021582198401,-0.531178255389685,-0.54234694091659,-0.516720431290705,-0.234666733861609,0.00864110874035184,0.354308721024726,1.09793331837412,1.43483957572864
"2019-04-03",-0.503170335869534,-0.513981136792455,-0.525826886859029,-0.535525813404389,-0.510381525857979,-0.24172464795631,-0.00866546923041767,0.325226628757512,1.05535988634056,1.39128930087204
"2019-04-04",-0.499865483973217,-0.507626352593512,-0.515597058184324,-0.519729887772916,-0.49005585159106,-0.232483241969809,-0.0111954407466051,0.309575206821931,1.03329094708795,1.37748719292155
"2019-04-07",-0.491560887641014,-0.499710346386661,-0.508233153955976,-0.513367750839793,-0.485344178476815,-0.230770196431299,-0.0105017354682269,0.309472411189183,1.03261411621193,1.37680182179867
"2019-04-08",-0.496182148152413,-0.505130732753676,-0.514776585007314,-0.521907191300746,-0.497024831140634,-0.247335557114409,-0.0281875869028447,0.291508069431913,1.01643791511034,1.36199859782978
"2019-04-09",-0.49465363784487,-0.504850060547544,-0.516327630343207,-0.526958070283794,-0.508319601420811,-0.270805821053067,-0.0549925791683079,0.264479059492094,1.00249589748728,1.35953230368222
"2019-04-10",-0.498693965769616,-0.507681290130575,-0.517459018272448,-0.525066439803862,-0.501666061412346,-0.256749841761584,-0.0392614654441302,0.280565831830979,1.01558098775433,1.37033128300925
"2019-04-11",-0.501017683876426,-0.507969868113565,-0.514707764868907,-0.516328063042432,-0.481590700000295,-0.210287520853465,0.0181881995714106,0.346866776387989,1.08219762811964,1.42984907667605
"2019-04-14",-0.511028407237871,-0.515888382605611,-0.519772239565894,-0.516585275199392,-0.47505038171808,-0.195278021885577,0.0352784225811992,0.366627352765316,1.1141771212884,1.4719197915775
"2019-04-15",-0.513722039239969,-0.518822611326335,-0.523010424977945,-0.520246628980871,-0.478953658849923,-0.19705457227234,0.0359281679006024,0.371076469377782,1.12777706670638,1.49002825166261
"2019-04-16",-0.492420021821735,-0.500770784891173,-0.509249305096799,-0.513228992239689,-0.479775076643452,-0.198980246185121,0.0385411355033934,0.378645575952114,1.12976994242053,1.47996785300193
"2019-04-17",-0.489949682125756,-0.499854767500135,-0.510699716574601,-0.519473743040321,-0.4954712683536,-0.237834712816705,-0.0101949150935638,0.322017948412919,1.07375860955298,1.43100235753878
"2019-04-18",-0.510954966966866,-0.519208370604103,-0.527759326960258,-0.532540929819142,-0.502508665570317,-0.236318620076574,-0.0068703156908273,0.326060679745037,1.07780702072922,1.43546310325245
"2019-04-21",-0.509387258497294,-0.517741834747328,-0.526434600965237,-0.531466973273303,-0.501824770051194,-0.236214481113735,-0.00687860237205751,0.326058143306972,1.07812041705112,1.43599226886024
"2019-04-22",-0.509961485429911,-0.516403675059148,-0.522505382785288,-0.523240263702516,-0.48780207218955,-0.217029390243606,0.011861721304831,0.343483936267995,1.09659429279362,1.45810225904357
"2019-04-23",-0.504877962027215,-0.51586210727662,-0.528145114808626,-0.539225246094224,-0.518066915471447,-0.26170891150485,-0.0329911398068988,0.300616965087606,1.05140608510372,1.40575431679856
"2019-04-24",-0.536537364769814,-0.542288808772872,-0.547503359727615,-0.546927195771242,-0.510255352734092,-0.240763199750985,-0.013386200064773,0.317255703403841,1.07550332272741,1.44340256546014
"2019-04-25",-0.499372788646183,-0.512067289086974,-0.526579120813744,-0.541061815335782,-0.523488792763661,-0.265391853210936,-0.0328085912584327,0.305188288836287,1.05637274847158,1.40600915380784
"2019-04-28",-0.529505218679547,-0.536048343391404,-0.54224645577826,-0.543011936408828,-0.507208004266094,-0.234636580726259,-0.00526614706467921,0.325611240502909,1.07096741936492,1.42594395644724
"2019-04-29",-0.528989591577479,-0.538521676687289,-0.548623956245568,-0.555385345917301,-0.526061075332169,-0.251809196384847,-0.0169886659015476,0.319324949770198,1.0584198660132,1.40073473226281
"2019-04-30",-0.540256999493713,-0.55076571780851,-0.562007435021422,-0.570052034095495,-0.540415722067619,-0.256216035894929,-0.0147281315578315,0.327519600747073,1.06444919016732,1.3992208720392
"2019-05-01",-0.541077658790073,-0.548364850343113,-0.555457812044081,-0.557330987775963,-0.521738605045181,-0.243165542153372,-0.00946143643918729,0.32527917674642,1.06792625099775,1.4161915448468
"2019-05-02",-0.542511345090463,-0.548825473559203,-0.554666246158449,-0.554690509403114,-0.517435377206543,-0.242176837881118,-0.0127594005490781,0.316213549598413,1.05029960642423,1.39695198382532
"2019-05-05",-0.534758837771828,-0.544873898296084,-0.555676425524744,-0.563308526514217,-0.534214327615306,-0.256182586786603,-0.0190733564218057,0.318352018829347,1.05048596799348,1.38544999210776
"2019-05-06",-0.538083760880455,-0.548864359266671,-0.560749626601523,-0.570767665479882,-0.546825633989382,-0.281721428977371,-0.0490882790394027,0.287061131678656,1.0328467834458,1.38049287911023
"2019-05-07",-0.565965268002099,-0.574138843516455,-0.582452220518217,-0.586417507667278,-0.553899654007066,-0.279573431194367,-0.0469620381234573,0.28675147713138,1.02621736422055,1.372040091677
"2019-05-08",-0.5642237658366,-0.572730860673108,-0.581382502373273,-0.585530326478845,-0.551962184200673,-0.270303946016911,-0.0331349063389456,0.30485915563537,1.04475767981724,1.38685165646575
"2019-05-09",-0.557184395328463,-0.565273410602197,-0.573425678468694,-0.576967042990542,-0.543329741142792,-0.265160742455189,-0.0304400309506677,0.305403781580598,1.04668097803155,1.39219628232639
"2019-05-12",-0.539924130296016,-0.551953338573192,-0.565391358541472,-0.577535067825125,-0.55500636171463,-0.285116086667604,-0.0490153041921215,0.288833227028113,1.02308521126311,1.35852328951894
"2019-05-13",-0.538738675388608,-0.551585772195654,-0.566125851738149,-0.580076618772394,-0.559908870016029,-0.291637447915636,-0.0548601047334539,0.284346944733062,1.02077404942341,1.35651233660344
"2019-05-14",-0.51949711199789,-0.535479945505289,-0.554343983486149,-0.575726638344373,-0.566529170604336,-0.313316383829692,-0.0799785193012549,0.256897122276778,0.988462403462264,1.32051221732994
"2019-05-15",-0.516110832897499,-0.53303040808939,-0.553149606006261,-0.576569036062084,-0.56997342460445,-0.318422621364912,-0.0844054691816467,0.253628079629437,0.985991621795244,1.31734163678156
"2019-05-16",-0.539591087418207,-0.550784290376527,-0.563428826451724,-0.57538255151735,-0.556429356579061,-0.308318601706936,-0.0851642628458308,0.241071915511961,0.976563828304883,1.32396329307879
"2019-05-19",-0.519018248455737,-0.533104171663876,-0.549308899616462,-0.565984417333143,-0.549430423135629,-0.284854221628921,-0.0488119350633948,0.289057229817218,1.01811675318597,1.34813831389397
"2019-05-20",-0.53316421824928,-0.543637022910299,-0.555027084862615,-0.563971368865859,-0.537770992792064,-0.267417573092349,-0.0333569061844674,0.302368524601571,1.03911177103657,1.3793648013188
"2019-05-21",-0.524546095866375,-0.537875055853166,-0.553173054000565,-0.568726520493498,-0.551875416444822,-0.291873430962959,-0.0583350449899225,0.278909456936471,1.01889385100884,1.359101410666
"2019-05-22",-0.492181966875329,-0.511922523417578,-0.535830842293781,-0.565423392023792,-0.566754445359172,-0.319870928818857,-0.0829148721773947,0.260615057355648,1.00254929579464,1.33623465781561
"2019-05-23",-0.49551682570455,-0.515238235403899,-0.539070561594311,-0.568373983867078,-0.568779426773176,-0.318698488975841,-0.0803109506282527,0.264107490919947,1.0043008764311,1.33588010559606
"2019-05-26",-0.540983397257526,-0.553275963316398,-0.567408326645912,-0.581821083360654,-0.566133302005104,-0.320358763753889,-0.0962024098791023,0.232201747930011,0.971872648739018,1.32030875954956
"2019-05-27",-0.538673172297607,-0.551463053320236,-0.566277019750222,-0.58184923199766,-0.56784406399405,-0.324416189095924,-0.100989449480691,0.226499827665645,0.962986263985009,1.30912613828573
"2019-05-28",-0.541427175352789,-0.554385085774464,-0.569548211759554,-0.586110356936285,-0.574887520973358,-0.34161101409096,-0.124032537759875,0.197241229445829,0.927085126571443,1.27297556663001
"2019-05-29",-0.550294005010032,-0.5636442541978,-0.579216694848232,-0.596047964128395,-0.583768251614037,-0.342327218983619,-0.119387472075369,0.207337706889591,0.940081237964047,1.28326678600385
"2019-05-30",-0.535603595150412,-0.553744012044412,-0.575781844937124,-0.60326414257853,-0.605161958372957,-0.376060981222032,-0.152245791149578,0.176962913389274,0.905782581214726,1.24081677085104
"2019-06-02",-0.543361818531921,-0.557095363547196,-0.573376801571072,-0.592032318102865,-0.58454335867311,-0.360361805342449,-0.147907124051631,0.166569977180697,0.880400620204142,1.21780800243541
"2019-06-03",-0.544943787909269,-0.558070737265473,-0.573599424822735,-0.591247864483697,-0.583303106582834,-0.364220441183356,-0.156825527391216,0.150621078532598,0.851134096557949,1.18355582454804
"2019-06-04",-0.540675762336693,-0.555507203549211,-0.573469702467848,-0.595566560328021,-0.595010684437455,-0.389008369549979,-0.185346613470094,0.120493392463176,0.825969939995734,1.16332148368039
"2019-06-05",-0.55422329643578,-0.564814952142422,-0.577275670429574,-0.591080290508691,-0.582355947770779,-0.386086463493691,-0.197345811714947,0.0890622893089686,0.773113086985398,1.11340704620152
"2019-06-06",-0.520997063393064,-0.538937533367547,-0.561324771369141,-0.591500340740204,-0.604590280835693,-0.427221854083992,-0.237222950674787,0.0521014074185087,0.721250791154478,1.03954260589144
"2019-06-09",-0.530111831205435,-0.546232903776661,-0.566015260559318,-0.591381283212092,-0.596153449118122,-0.400231578678625,-0.200780079760331,0.100345976358974,0.795802188951604,1.12775827100001
"2019-06-10",-0.53464291808716,-0.549240801380971,-0.567051146105728,-0.58946262463427,-0.591404696488833,-0.399652966827507,-0.206242278630422,0.0866619176298781,0.770029159024873,1.09990631550014
"2019-06-11",-0.514512088607601,-0.531711456688859,-0.55300709617513,-0.581071563436018,-0.590224092629615,-0.403156181682171,-0.208201254773122,0.0868159904401616,0.766085438151504,1.08858235540085
"2019-06-12",-0.501874054522625,-0.521171711325436,-0.545255815828827,-0.577771280985529,-0.592379672720455,-0.408073000789343,-0.211693403828474,0.0846397407142039,0.757912073871996,1.07276712541449
"2019-06-13",-0.517516024804441,-0.535816300762908,-0.558531146061444,-0.588732108954851,-0.600180132730257,-0.414408655971132,-0.220771486226712,0.0694060017330076,0.723607420704446,1.02784248307429
"2019-06-16",-0.536716525904875,-0.551945196925332,-0.570570836207629,-0.594212925666113,-0.597462606478437,-0.406052548728148,-0.212857062027959,0.0782205492401646,0.749454940898277,1.06964223180005
"2019-06-17",-0.55431890376774,-0.57543846033522,-0.602169324872311,-0.639673711200924,-0.663094766346371,-0.497315653419316,-0.308336040875963,-0.018443744292878,0.649709415530556,0.964781319580171
"2019-06-18",-0.553545304164396,-0.571411617137065,-0.593713680386469,-0.62380268255046,-0.636988448730012,-0.461104739711585,-0.272456410978469,0.0148931717255075,0.679609768557581,0.995819923375365
"2019-06-19",-0.556490694896954,-0.574374236783454,-0.596813386692374,-0.627524192560688,-0.643003779422441,-0.477776257324391,-0.296585886170147,-0.0188554640702248,0.627775627743605,0.936748180177068
"2019-06-20",-0.544473980895986,-0.562258339371585,-0.584410416817611,-0.614132792371316,-0.62650067135789,-0.44940970205863,-0.261571022963405,0.0227175099345038,0.673682141125513,0.98055735477641
"2019-06-23",-0.499248904378633,-0.525932859636012,-0.55993347422994,-0.608640448015167,-0.644508203139197,-0.479794331618439,-0.285077027137633,0.00822605218488026,0.653179217125943,0.943429918844194
"2019-06-24",-0.519803109732054,-0.543537223216223,-0.573813878539118,-0.617237280928768,-0.648946619742281,-0.494324734118565,-0.309503133785326,-0.0261965656647112,0.617328692835357,0.915533792891686
"2019-06-25",-0.515236629443319,-0.53724976271373,-0.56518033369517,-0.604665952507296,-0.630915773805053,-0.470927757246478,-0.286462015743626,-0.00503817967908993,0.63416469989732,0.931111724936441
"2019-06-26",-0.504440939632919,-0.530019350605593,-0.5627373022843,-0.610028402371705,-0.646395741396617,-0.493876186936611,-0.307744138023759,-0.0232617433108095,0.615739417613342,0.908364376948977
"2019-06-27",-0.499434825338858,-0.526406960016267,-0.561035130623503,-0.611560013303056,-0.652461775976744,-0.50407743719885,-0.31688300103635,-0.0290723109847804,0.619934668434557,0.917596766043856
"2019-06-30",-0.514364902631962,-0.540916463532039,-0.57515079108024,-0.625593938132164,-0.668248342576943,-0.529453473659818,-0.346953533927471,-0.0617064825806589,0.596718199005605,0.904569629115691
"2019-07-01",-0.515949127510435,-0.542948059726696,-0.577886858638895,-0.629820354663111,-0.67554976920907,-0.544243091972132,-0.364473844050326,-0.0805063030063542,0.582970067268884,0.896007341508131
"2019-07-02",-0.525676130790231,-0.550089411914409,-0.581749552463499,-0.629019318754921,-0.671288874462022,-0.553425366605081,-0.388495183019252,-0.124718547300334,0.504199898697192,0.806362416612557
"2019-07-03",-0.52121984780742,-0.546397106734804,-0.579218052689903,-0.62883876438098,-0.675782265944854,-0.570095824165579,-0.411170409293262,-0.15356774708637,0.467842848255825,0.768547159847344
"2019-07-04",-0.521263000397267,-0.545308590908215,-0.576428889245241,-0.622669892528711,-0.66313194561462,-0.542108019296293,-0.376712306627056,-0.113791647503781,0.5087119934217,0.806202278699489
"2019-07-07",-0.532117434507443,-0.553339663517129,-0.580623259200663,-0.620456398174807,-0.652083097812647,-0.521736490764907,-0.35554783114315,-0.0924896165604144,0.535486912591341,0.83940682908982
"2019-07-08",-0.528623294600009,-0.549478782478314,-0.576241519374158,-0.615121622230186,-0.645094981118023,-0.510593917933096,-0.341744220449937,-0.0746977614122339,0.56429081494623,0.874605224649725
"2019-07-09",-0.526760877301534,-0.548789720007578,-0.576932754461717,-0.617394364227173,-0.647008549904,-0.498953424035498,-0.319617769993819,-0.0406121147733113,0.610579733705274,0.919989880999361
"2019-07-10",-0.538918094246756,-0.558235240145323,-0.582588717594546,-0.616367008508137,-0.635518341591159,-0.469888045349141,-0.284372844575991,0.000884064703835841,0.665161756071341,0.982042451235871
"2019-07-11",-0.540485326276796,-0.559209411063826,-0.582639566207285,-0.614479846824672,-0.629574894443932,-0.452549724217765,-0.261079472434534,0.0305440092512237,0.703213888895747,1.02206033332184
"2019-07-14",-0.521286178404895,-0.544915858952127,-0.57500483764369,-0.617944391815327,-0.648284997448749,-0.487209131235499,-0.297067541225461,-0.00564207087901702,0.658351350855623,0.967203616749143
"2019-07-15",-0.532280383968607,-0.555556561049275,-0.585204048283463,-0.627538009549882,-0.657508991907404,-0.498518795709203,-0.310384394335701,-0.0214512731296548,0.63918668498303,0.947455862950163
"2019-07-16",-0.523751810627243,-0.550288323034445,-0.584435652683428,-0.634513121035792,-0.675918676816323,-0.532294927639414,-0.347183656737405,-0.0595254277143425,0.599834316885047,0.906477279403345
"2019-07-17",-0.524670886567117,-0.55264202601023,-0.58875299755287,-0.642156283315335,-0.68829903551756,-0.550276303938639,-0.365865572931904,-0.0781819293109899,0.580912660953852,0.886632344190793
"2019-07-18",-0.52595358554006,-0.553583207261044,-0.589326214685291,-0.642430493020579,-0.689209065463019,-0.556569243102684,-0.375363706375454,-0.0903297124401937,0.57033227523833,0.879733002649993
"2019-07-21",-0.537103219621918,-0.563144999060771,-0.596842237363269,-0.646898433263257,-0.69070598328706,-0.56056355036826,-0.382944571140067,-0.101273142075497,0.562557444954586,0.878418711225516
"2019-07-22",-0.539603741408762,-0.564865796613296,-0.597594118889487,-0.646328918860821,-0.689293475573639,-0.562513477922473,-0.387457109505664,-0.107496312765014,0.562000012845441,0.884852988693713
"2019-07-23",-0.542726781256369,-0.56751001427877,-0.599691366879983,-0.647866701004492,-0.691326049948466,-0.571955234583481,-0.402695838897225,-0.129833751695838,0.529477187486769,0.850128521057857
"2019-07-24",-0.52852487802169,-0.554498242987408,-0.588226871765883,-0.638752042858266,-0.684644015098025,-0.563855374455355,-0.391840874021654,-0.115957767257238,0.543030072276404,0.859869964189111
"2019-07-25",-0.535507198955907,-0.559286614612465,-0.590212898802919,-0.636662673050531,-0.679056525299168,-0.565529823517884,-0.401816904116252,-0.135552699306812,0.517174450760889,0.838850806901048
"2019-07-28",-0.534677645292141,-0.557602225444223,-0.587524306176128,-0.632833179386475,-0.675561639127822,-0.572570254071852,-0.417162515868018,-0.160619067233223,0.481477582598809,0.803673310001068
"2019-07-29",-0.521701172014742,-0.545522979130025,-0.576654059166232,-0.623948658849031,-0.66930664087134,-0.56868741149455,-0.413381263266192,-0.157116183632062,0.480563440478073,0.798254817946101
"2019-07-30",-0.538198622876186,-0.560800670308959,-0.590483552092325,-0.636074194979625,-0.681635204155034,-0.594946536677355,-0.450848408165471,-0.207735726789086,0.416120490499597,0.735402355544439
"2019-07-31",-0.539219411454845,-0.562705378138501,-0.593507760427096,-0.64070125221927,-0.687599905347929,-0.598774117462094,-0.452986063029732,-0.20980683213052,0.401225764922181,0.707574925287806
"2019-08-01",-0.546226025562555,-0.567338063208908,-0.595164310188331,-0.638254148077899,-0.682681710781043,-0.609566300775792,-0.479539788770791,-0.256921087299385,0.324367721958917,0.626123742705783
"2019-08-04",-0.52409102837627,-0.551711663458894,-0.588178026490861,-0.644993419182766,-0.70579103373108,-0.63583934399216,-0.495568738579519,-0.259283904214316,0.32579897711978,0.612358120906087
"2019-08-05",-0.530412772424849,-0.557593954808769,-0.593581697059716,-0.649994832458265,-0.7116073071199,-0.649279060106132,-0.514120456832785,-0.28299647404695,0.299939651242008,0.589746923615357
"2019-08-06",-0.531934883015906,-0.563434918578455,-0.605250742509962,-0.671262494082796,-0.745655356923552,-0.694728720893796,-0.559320720045149,-0.327271061365267,0.246224412187849,0.524134575227033
"2019-08-07",-0.535302552575053,-0.566692150871211,-0.608222477157972,-0.673283975719019,-0.744600267160605,-0.679842334172726,-0.534458336017898,-0.28892745395292,0.312745787569241,0.603383780058163
"2019-08-08",-0.530277122685016,-0.561831856463759,-0.60355179480331,-0.668816502544057,-0.740041556397567,-0.673607298136595,-0.527263720444283,-0.281165942622775,0.318413704869677,0.606642009227689
"2019-08-11",-0.546949936309094,-0.578982548650769,-0.621335108137755,-0.687602865491746,-0.760043525380283,-0.694280563987397,-0.547778152245128,-0.301757616997163,0.295183731972037,0.580946505227296
"2019-08-12",-0.548485559551792,-0.580462837891038,-0.622799196340301,-0.689257308552921,-0.762842614141153,-0.704454960340748,-0.564382171343778,-0.328161150760107,0.244543243935424,0.517902544986417
"2019-08-13",-0.562204128895955,-0.592565214659337,-0.633014926004577,-0.697361207448064,-0.77163630380754,-0.732129796488556,-0.606111213120696,-0.385266844887809,0.174387397482276,0.450902197830258
"2019-08-14",-0.583722965873148,-0.61665469863993,-0.660684922464094,-0.731311759888493,-0.81533986944528,-0.7923132399584,-0.672551351392388,-0.458855022216046,0.0831670375703082,0.349066792307474
"2019-08-15",-0.563260177646246,-0.598520136176302,-0.645510310830764,-0.720399910024153,-0.807967527681126,-0.777117824530005,-0.648912828878096,-0.425829878000177,0.121341986529659,0.382376657237209
"2019-08-18",-0.571824201907845,-0.604506704764067,-0.647908489287499,-0.716492558122691,-0.794124805925283,-0.744481147475572,-0.607163977686097,-0.371722554023462,0.20839027132432,0.488434167868196
"2019-08-19",-0.566515489409318,-0.601121874827498,-0.647290668602922,-0.720999006505014,-0.80737734394464,-0.774561227044158,-0.643055991450471,-0.411726027801447,0.168478083845284,0.451169545740188
"2019-08-20",-0.575756897359402,-0.605304444018713,-0.644759231945223,-0.707810129096512,-0.78153380004579,-0.747138116262486,-0.624908321293116,-0.40718306707009,0.156849365404723,0.440844591686607
"2019-08-21",-0.564002600622727,-0.59412636886204,-0.634173434529307,-0.69756840326832,-0.769500290126445,-0.721451718606545,-0.589749206482196,-0.361425452414745,0.213617533100205,0.497079971812118
"2019-08-22",-0.573924952291088,-0.605738841443586,-0.648028801757452,-0.71498609025914,-0.791173656341866,-0.74404719136957,-0.609739153520772,-0.377776103152219,0.199983680177565,0.481531149958131
"2019-08-25",-0.579522005464259,-0.610479161688516,-0.651633257413195,-0.716793401001785,-0.79088089463634,-0.743872290526724,-0.611573477962694,-0.382719617824236,0.189711355025271,0.469862821492477
"2019-08-26",-0.588899148707251,-0.620763252053439,-0.663176270651262,-0.730540435348589,-0.808102172955696,-0.768075740787723,-0.639672876601953,-0.416663717145637,0.138703979006907,0.408589655244643
"2019-08-27",-0.603748467018937,-0.633156097864853,-0.672303439396427,-0.734477504846074,-0.805937708960911,-0.766687916230145,-0.645065790519798,-0.433240559664154,0.0986619734226751,0.359355551078623
"2019-08-28",-0.595490332133272,-0.627831061089778,-0.670779312745173,-0.738675592127247,-0.815820009140563,-0.770911933130995,-0.64027408960535,-0.417027852133111,0.127019069412204,0.386691102693285
"2019-08-29",-0.574655559183251,-0.611157343538658,-0.659596182505399,-0.736106489658182,-0.823155133591656,-0.777948341750917,-0.638992047922621,-0.403859999283846,0.156174793866513,0.417696393568014
"2019-09-01",-0.621110641651822,-0.650953628269561,-0.690538071370556,-0.75289463510777,-0.822516402977521,-0.768202564558342,-0.633917060605764,-0.404023496411765,0.167570941721016,0.446685559232086
"2019-09-02",-0.603704303512984,-0.633656886009889,-0.673447738006929,-0.73634951595448,-0.807468082173928,-0.75916091001219,-0.629037118181011,-0.404698013093944,0.155361373981466,0.429261162963885
"2019-09-03",-0.591941825798264,-0.624586682745264,-0.66781060853559,-0.735694465052261,-0.811109313320942,-0.75473729770493,-0.615571110510332,-0.381370795934807,0.182398457606811,0.449523611995573
"2019-09-04",-0.608281855504481,-0.635405216785052,-0.670967114287416,-0.725509449839623,-0.780565815030048,-0.691934280117609,-0.541935647844334,-0.296435910726209,0.293870563844291,0.576964656290483
"2019-09-05",-0.593588715776647,-0.621762267495072,-0.659085112238556,-0.717684992839331,-0.78217759811039,-0.722422125915907,-0.58738205342091,-0.35658007848683,0.221744880921221,0.507038043362425
"2019-09-08",-0.593378599689935,-0.621356279994875,-0.658135983116631,-0.714882547058522,-0.773431389421482,-0.688903039484367,-0.537802461352673,-0.287625824015765,0.322077705211439,0.61753851892281
"2019-09-09",-0.594492039627617,-0.620464927098679,-0.654493829691568,-0.706552318965462,-0.758278402699269,-0.66428720020705,-0.510405206295139,-0.256964827183226,0.363873911984827,0.667464889783181
"2019-09-10",-0.589152776822879,-0.617387848095517,-0.654461503055943,-0.711509874154462,-0.769807584137621,-0.6814976803684,-0.527527539559426,-0.273979877664892,0.339926497505127,0.635898306354015
"2019-09-11",-0.589596824302119,-0.603446634014373,-0.621444556079618,-0.648295009158886,-0.671185804154042,-0.582424301880396,-0.457868955725275,-0.24555527153173,0.33483239223814,0.656284934608302
"2019-09-12",-0.557230336558467,-0.575653396672572,-0.599547036475377,-0.63512714235057,-0.665892835730095,-0.56118502626237,-0.41630253268694,-0.17791388674501,0.427045686653922,0.736706506827473
"2019-09-15",-0.550871282300464,-0.570048413491298,-0.595099559358658,-0.633066825195628,-0.668750999632231,-0.578113080160064,-0.441098681881488,-0.211929139155044,0.377527099376312,0.681650961798564
"2019-09-16",-0.55600733796125,-0.573177261778151,-0.595501048937096,-0.628918385070949,-0.658370866237816,-0.561551777127531,-0.424301729433751,-0.195183468429672,0.401023745832375,0.713788219143842
"2019-09-17",-0.554433156625087,-0.571298251710532,-0.593375207801646,-0.626967595693111,-0.658863647005455,-0.577891681991943,-0.453003739653946,-0.240594656587059,0.32309371852825,0.623234308540527
"2019-09-18",-0.557527385363007,-0.573801163066772,-0.595030806672402,-0.627066464139547,-0.656362113539052,-0.570905624567451,-0.445000182900767,-0.23278588196331,0.325636463023889,0.621243159188416
"2019-09-19",-0.561148589361317,-0.576248398512458,-0.595941294398837,-0.625617585620989,-0.652444544506746,-0.569087029183307,-0.447121908134229,-0.240153311516955,0.313599221903354,0.612163489331483
"2019-09-22",-0.550728604964915,-0.567277764305474,-0.589193143660366,-0.623440684507562,-0.659612306382332,-0.602102610078426,-0.493695510550176,-0.301212681962658,0.235676469205218,0.533586917206693
"2019-09-23",-0.565801081164367,-0.58069511749833,-0.600400625124377,-0.631111670850215,-0.663087898639186,-0.606447347344272,-0.503345253010804,-0.319724644020942,0.199494832296429,0.492518775356065
"2019-09-24",-0.567216690006817,-0.582215243950799,-0.601907016027642,-0.632059353558131,-0.66132891737188,-0.591223824736285,-0.479162352567551,-0.285364445335485,0.243498251966917,0.532979551587669
"2019-09-25",-0.632498953627732,-0.640435995701348,-0.650559208738749,-0.664890579633675,-0.673333391647861,-0.591464758615961,-0.489519295545505,-0.314715532411425,0.189309485636031,0.489708240286224
"2019-09-26",-0.596083651166088,-0.609465127921624,-0.626986645917436,-0.653620698024153,-0.678503078988601,-0.607242765693405,-0.498344554213637,-0.309687070436477,0.212938637535875,0.504695064825549
"2019-09-29",-0.612352329874721,-0.624220956818115,-0.639659945620869,-0.662727367641234,-0.682386108096524,-0.603872453510418,-0.492739791520582,-0.300871805034087,0.237817014783894,0.54501375333266
"2019-09-30",-0.617249393952359,-0.629370267084141,-0.645099486839351,-0.668461353751549,-0.687774203124955,-0.603866546644985,-0.487693288606128,-0.288283630531021,0.267793064412119,0.583105186122369
"2019-10-01",-0.625135857387224,-0.636710735233286,-0.651599740388702,-0.673231187420547,-0.689047703648917,-0.596361550717309,-0.476630232830208,-0.275197005703519,0.27281269130215,0.577001232027566
"2019-10-02",-0.610505401593022,-0.624362188165273,-0.642486043336462,-0.669964237331592,-0.695345510306934,-0.61985233955176,-0.506031090442634,-0.309569341315701,0.232100694957076,0.533215527086302
"2019-10-03",-0.604224635228428,-0.618837490783504,-0.63797450073948,-0.667086657549047,-0.694452400274735,-0.618835598905011,-0.502730438408519,-0.302309774025442,0.247790321740993,0.551661164173174
"2019-10-06",-0.572673116893398,-0.589764830391526,-0.612281934704135,-0.647059770035677,-0.682190913437406,-0.61309320470203,-0.49522751998784,-0.290392874705257,0.2663567307072,0.568527504150067
"2019-10-07",-0.53917393248332,-0.561871008087454,-0.592033456555098,-0.639641691990295,-0.692466543561152,-0.639477924966406,-0.51914118495276,-0.306825396646807,0.259628212049966,0.557002987193327
"2019-10-08",-0.548732073273805,-0.567254201859258,-0.591697034642908,-0.6296199222653,-0.66877426959635,-0.601553609810355,-0.481614297873725,-0.273262270377185,0.287311926543169,0.587495743155716
"2019-10-09",-0.568573079560218,-0.581644613633626,-0.598430186598012,-0.622750432549352,-0.640504954531669,-0.539784803739589,-0.411745071459587,-0.200341560684819,0.353392961507737,0.648581691249134
"2019-10-10",-0.561034926558174,-0.575632016827455,-0.594432469322692,-0.621906293338778,-0.64317226579628,-0.54067094474607,-0.407686205539166,-0.188921148514583,0.375912196398632,0.67184402424457
"2019-10-13",-0.575977455063815,-0.585519182008135,-0.597640540355411,-0.614646014336453,-0.624147149385232,-0.525899843474448,-0.406908013082505,-0.207159480314454,0.34566458508334,0.660733082937121
"2019-10-14",-0.538249410725784,-0.548261278411424,-0.561055140438293,-0.579292420080727,-0.590838527200482,-0.496031465618984,-0.377717896314207,-0.177535617106656,0.380922049555409,0.701059756341146
"2019-10-15",-0.57682625825423,-0.586443172445586,-0.598482128933578,-0.614714450365445,-0.620849501546885,-0.506448883044662,-0.376852882831972,-0.165268541038716,0.396710919076375,0.704674819384697
"2019-10-16",-0.583225003828233,-0.592173140811408,-0.603324078390933,-0.618154336890402,-0.622711208835213,-0.509402504069376,-0.382645223415466,-0.175792262729701,0.375713578344858,0.679714170625875
"2019-10-17",-0.591926812162872,-0.598728224714753,-0.606598270123239,-0.614737111604098,-0.605942731972125,-0.459304155297393,-0.318520713483112,-0.101968779645115,0.432530984044448,0.708195774958255
"2019-10-20",-0.588931322452216,-0.596667074288584,-0.605605368574306,-0.614840089555344,-0.605098593175734,-0.444347109036295,-0.292973915230966,-0.0645867146993764,0.478469728609219,0.748080458403604
"2019-10-21",-0.609551450637293,-0.615998128799629,-0.623236287149453,-0.629815885776996,-0.617123961472668,-0.457723157608128,-0.310252464553232,-0.0875737198713944,0.447149399309494,0.716125706559294
"2019-10-22",-0.61249261792743,-0.617971402526325,-0.624025683841755,-0.629081199402579,-0.615932840944152,-0.46514759304536,-0.325180834606029,-0.111403721486031,0.415518905631113,0.688216998148549
"2019-10-23",-0.620570296223815,-0.626062412366463,-0.632176623916586,-0.637471049029453,-0.625120238940908,-0.477270184953437,-0.338646405324076,-0.125495709501172,0.406019954567177,0.684292955688729
"2019-10-24",-0.626831036819048,-0.631581567356788,-0.636542207651015,-0.639416049773846,-0.621989598016366,-0.4597993117818,-0.313723774536073,-0.0929048209881069,0.445730276624702,0.72255811029834
"2019-10-27",-0.643568224846041,-0.645208979861751,-0.645826334080228,-0.641064021036121,-0.611859531064703,-0.431895571400348,-0.281436521493877,-0.0580763363254418,0.483921280813398,0.764514259295111
"2019-10-28",-0.629751547590876,-0.632283615590567,-0.634223043160761,-0.632043269469679,-0.607711350967096,-0.439613330056893,-0.29480231613199,-0.0771638474777938,0.458590990544633,0.739001289901024
"2019-10-29",-0.614240599074778,-0.619028986083382,-0.624034474564742,-0.626962703151537,-0.609551852083024,-0.447266468154089,-0.301311133958102,-0.0810463728473937,0.4543833011771,0.728559298739946
"2019-10-30",-0.619901513139521,-0.62551715571411,-0.631807255329852,-0.637421957455244,-0.62560176763832,-0.478718221465656,-0.340413748402803,-0.127489429490398,0.403992273105769,0.682378795530132
"2019-10-31",-0.623156795383606,-0.627341441501796,-0.631601709452126,-0.633537169984967,-0.615619453627544,-0.456770312742553,-0.313241648708233,-0.0942082019934074,0.451924088767081,0.73955261462715
"2019-11-03",-0.60913854036582,-0.614588380860613,-0.620506598303532,-0.624990215751841,-0.60972514540214,-0.448189863140197,-0.299767612395835,-0.0737607265040986,0.481950287223216,0.769216705500861
"2019-11-04",-0.590735276302503,-0.596808684918512,-0.603476743956094,-0.608882417167242,-0.593730468500336,-0.426485483794842,-0.273791119447547,-0.0437968809488458,0.508614252834033,0.787092842201888
"2019-11-05",-0.591121853829497,-0.597578457934883,-0.604859991874094,-0.611605742298952,-0.599420939927432,-0.44123739606707,-0.293582089064055,-0.0691379065009886,0.476239483473073,0.753804964023902
"2019-11-06",-0.59753538289435,-0.600546486006954,-0.602707697695025,-0.599443529658887,-0.568496036710402,-0.367095544260448,-0.201499647785311,0.0373100705451046,0.581227231712807,0.844287032753465
"2019-11-07",-0.580966894917515,-0.587875478849593,-0.595316001549452,-0.600813018375232,-0.581762311143384,-0.392245192389012,-0.227546081056693,0.0104696661672331,0.54092109226104,0.789634199852606
"2019-11-10",-0.571588955962836,-0.579461800661092,-0.58810605846911,-0.595253566494229,-0.577217426728949,-0.382239724127362,-0.212446841568239,0.0315057753522779,0.567551557899656,0.815257080759884
"2019-11-11",-0.559544420893261,-0.570029160817824,-0.582163641891781,-0.594942454347932,-0.583986302438597,-0.392981521490255,-0.221022696587102,0.0261778822148769,0.562735031917381,0.806757184334492
"2019-11-12",-0.567806805499032,-0.577799745037559,-0.58938553841852,-0.60164921804369,-0.591372974288295,-0.408114734011317,-0.241683986073663,-0.000627941726312642,0.529491292208537,0.773449680889851
"2019-11-13",-0.572449298048801,-0.582571261434521,-0.594554489241066,-0.608218017645883,-0.602360172252551,-0.435434092089659,-0.277569774036362,-0.0440255492048993,0.485878436556049,0.736304307397696
"2019-11-14",-0.573352813082824,-0.582929502260653,-0.594178563975762,-0.606639905767088,-0.59921481889656,-0.431184661502586,-0.273686351499589,-0.0408191482865701,0.488717960244844,0.739787865026788
"2019-11-17",-0.618401355654236,-0.618923269432542,-0.618149666331681,-0.611521039152515,-0.581467986117216,-0.410989922896458,-0.269766512633243,-0.0585690810020998,0.466823625832584,0.747465267387403
"2019-11-18",-0.603231309576971,-0.60789460727477,-0.61265780850428,-0.614940777101473,-0.595823640685399,-0.427969007488582,-0.279394924634694,-0.0573866480600149,0.473564011154115,0.741234642172071
"2019-11-19",-0.605995741007865,-0.609981574035047,-0.613869145039349,-0.614846288596368,-0.594505914718436,-0.428643941427281,-0.282737910145987,-0.0640491762493985,0.464578832236395,0.734550878983336
"2019-11-20",-0.599768292208595,-0.602701007940824,-0.605096034583801,-0.60337544055774,-0.578613211889671,-0.404650997243554,-0.255788169987772,-0.0343599718902368,0.498596419187572,0.770756727114618
"2019-11-21",-0.61110777622044,-0.61373739353151,-0.615855691979773,-0.614135693428191,-0.591032439410656,-0.427699314391417,-0.286081702878323,-0.0725498615224205,0.455560005676842,0.733139887685894
"2019-11-24",-0.626610448758892,-0.626663997184812,-0.62526677830318,-0.617642141677856,-0.586386372314309,-0.41557349772726,-0.274919074141533,-0.0641702390405761,0.464842034888278,0.750890494260144
"2019-11-25",-0.651524925147693,-0.649390915746626,-0.645067056237355,-0.632734682437437,-0.595773546756988,-0.424775962992674,-0.289480935483706,-0.0869207861314275,0.435026892858929,0.729641938074978
"2019-11-26",-0.663434374737906,-0.660223879438873,-0.654403484376152,-0.639469166807564,-0.598635389390637,-0.423063080109847,-0.287911391666447,-0.0873769182067862,0.427159844960477,0.718357919773733
"2019-11-27",-0.659047582245715,-0.657043502331638,-0.652822659649298,-0.640409539674152,-0.6024273896635,-0.425519898711446,-0.286417261270379,-0.0802121473618285,0.438791064228458,0.723608916679496
"2019-11-28",-0.659042851163693,-0.656441283764434,-0.651393764999191,-0.637557601624351,-0.597514187596301,-0.418588919322309,-0.28003991847126,-0.0757490681294173,0.436614560308125,0.717713054762833
"2019-12-01",-0.669059483794492,-0.663692409829557,-0.654633772733501,-0.633249832084522,-0.579867385391729,-0.372376010293207,-0.221899141565597,-0.00670912934201107,0.514205874954874,0.792781350079743
"2019-12-02",-0.662868548261088,-0.660417595824476,-0.655564832346869,-0.642016711312521,-0.602215432735463,-0.422421714737311,-0.282722637563461,-0.0766155440553172,0.439812394481779,0.722530652354728
"2019-12-03",-0.677773844013852,-0.673923149077036,-0.667028540635682,-0.649599262310347,-0.602803118604172,-0.407278358615741,-0.260542703860677,-0.0474909825122591,0.476489665126074,0.759450294503692
"2019-12-04",-0.685404629072165,-0.68023581468469,-0.67140226046815,-0.650239974257007,-0.596595133522094,-0.385613705791013,-0.232427152358278,-0.0141066492735972,0.508687042351817,0.784338257075183
"2019-12-05",-0.708893597765088,-0.700150004534581,-0.686422384989257,-0.656994619936593,-0.591825240247698,-0.370268181557069,-0.218924260633551,-0.00582344238969251,0.514813641316858,0.802988030736676
"2019-12-08",-0.697272812879664,-0.690397368256008,-0.679295888586186,-0.654535635028779,-0.596696475418607,-0.386292309382735,-0.237250042268082,-0.0243203754767283,0.500601125890256,0.790459791406533
"2019-12-09",-0.717333028367178,-0.708720268510511,-0.695199842668996,-0.666216495013952,-0.601995944391148,-0.382972012593045,-0.232631873201888,-0.0198666065114341,0.505780758273556,0.8006553029846
"2019-12-10",-0.65589222000237,-0.655844809391019,-0.654078694892622,-0.645045876956005,-0.609018764982165,-0.418137555872108,-0.265161743732805,-0.0414220154371046,0.494481662030957,0.77011999923524
"2019-12-11",-0.66520312289624,-0.661996222801607,-0.655765737253013,-0.638716167060208,-0.58977976811239,-0.377132312746314,-0.217858117270438,0.00963285230370281,0.54480293365921,0.818515592177298
"2019-12-12",-0.660051467008614,-0.657890097330657,-0.653241578151525,-0.639381912309253,-0.59678413704736,-0.401051833665176,-0.250517447445438,-0.0324135134130175,0.491137981634291,0.763694004736749
"2019-12-15",-0.663953048261894,-0.662594605507588,-0.65889353034422,-0.646119473090897,-0.603207718261498,-0.397066796172952,-0.23813530157939,-0.0102090291595014,0.521258534147726,0.788420988230213
"2019-12-16",-0.664208731791833,-0.664574917981368,-0.663184549987695,-0.65415271023025,-0.615957028445547,-0.412202123764947,-0.251545673552822,-0.0213440390938368,0.506847842709094,0.766322002139206
"2019-12-17",-0.680313556193979,-0.678758031614399,-0.674487418985298,-0.659745944233722,-0.610586483562169,-0.380194140314863,-0.207583048460143,0.0333999105894714,0.567252316138283,0.822016476636815
"2019-12-18",-0.669853524415186,-0.669352900653888,-0.666518088950492,-0.654176939170041,-0.608300405989723,-0.380790511787094,-0.207636760835454,0.0348837391747039,0.571425685854003,0.826319696773169
"2019-12-19",-0.615830184237557,-0.621724373519347,-0.627564263782822,-0.629645463482189,-0.603333268131786,-0.393627127071749,-0.218966785902005,0.0287017457323967,0.567353645639622,0.815136064755435
"2019-12-22",-0.621053445583364,-0.629183822756899,-0.637828408387506,-0.643814638109703,-0.620224795535624,-0.400380870696296,-0.216200480954938,0.0418292355932803,0.586579648387073,0.829777618043978
"2019-12-23",-0.642845899964675,-0.651854319831903,-0.661562252754084,-0.668890562063414,-0.645656367672084,-0.418669117347711,-0.228641333190782,0.0361290523728653,0.588623960579896,0.832581175414048
"2019-12-24",-0.662217627283111,-0.670936905873775,-0.680186553055932,-0.686534451462292,-0.661231076276744,-0.428783346572878,-0.236321662010802,0.0304922895928327,0.583665874684075,0.826749015303856
"2019-12-25",-0.643265715908934,-0.653575903454742,-0.665087089541906,-0.675544407425035,-0.657044317657969,-0.437282457828379,-0.249444466391689,0.0133142496076122,0.561795540103732,0.80350578845545
"2019-12-26",-0.624111450281058,-0.630528746744837,-0.637038375617234,-0.640095470834826,-0.61460319961995,-0.402686741319258,-0.225331602713139,0.0260936879172989,0.571405549263712,0.821396359949293
"2019-12-29",-0.642710520684956,-0.643751068185899,-0.642815900963185,-0.632984325415299,-0.588208249345495,-0.349234434982575,-0.165873625413432,0.088839060926004,0.638605953812824,0.892633190252014
"2019-12-30",-0.625583602665373,-0.632057512850778,-0.638146438274278,-0.638865428968945,-0.604702344636872,-0.358904185508015,-0.163965660292844,0.102299931053181,0.64646876770605,0.883591065468929
"2019-12-31",-0.636075713272296,-0.64022208716256,-0.643275431573178,-0.639343574721808,-0.600172099009089,-0.35573509302274,-0.16527360844165,0.0957342563760726,0.637346282599153,0.87733924061247
"2020-01-01",-0.586249824869436,-0.594851747687283,-0.604224181055463,-0.611706994018401,-0.591081271698781,-0.377954898558508,-0.195968982756323,0.0613673120561241,0.61155062602725,0.859619952560819
"2020-01-02",-0.587419977913689,-0.597666891575168,-0.609511735296408,-0.621904049449834,-0.610651019393577,-0.419192669767107,-0.245904061213914,0.00485509754976721,0.555933339732575,0.809461907327353
"2020-01-05",-0.610944255920319,-0.616729567837157,-0.622678632018737,-0.625786350651727,-0.60368676983121,-0.410680659527608,-0.244036934890634,-0.00138265147168593,0.55064169811026,0.815284074038819
"2020-01-06",-0.589433857716742,-0.598129931725227,-0.607968037734511,-0.617342070192911,-0.603051047547904,-0.413636364679846,-0.2437477448199,0.00368970175250938,0.557454865797121,0.817164416867408
"2020-01-07",-0.577744196708926,-0.586571587843885,-0.596433429100615,-0.605332524211143,-0.588634749653637,-0.388292160218984,-0.212143938007873,0.0411806050853676,0.596762363677964,0.852709586981734
"2020-01-08",-0.578853851538504,-0.586846505422997,-0.59558536188471,-0.602650413325948,-0.583590724022289,-0.381918807051367,-0.206761804137135,0.044706129593959,0.596940494109688,0.852060793679303
"2020-01-09",-0.578255754646974,-0.585948087491195,-0.594380900116238,-0.60127486192425,-0.583140753869274,-0.388056566227512,-0.217071393890435,0.0303379400631281,0.581248110164608,0.839042207938141
"2020-01-12",-0.581067903448038,-0.586375412292467,-0.591511535717588,-0.592708061622616,-0.566028998518925,-0.35810128273087,-0.183063472674144,0.0687112272787486,0.631936911725486,0.898208598000414
"2020-01-13",-0.566542462088442,-0.574059426631089,-0.582118342518507,-0.587935686923243,-0.566769953052872,-0.360978041986731,-0.184218850003986,0.0687333308406834,0.622842130125487,0.878547322238703
"2020-01-14",-0.576361900743874,-0.581545487152692,-0.586701183818872,-0.588567221820567,-0.565054910283782,-0.372176298601822,-0.206722270283163,0.0344315421412957,0.586003801926482,0.852194008636991
"2020-01-15",-0.560986647918292,-0.568786557397254,-0.577518736790953,-0.585419782488955,-0.570383052257004,-0.386457160224956,-0.221101120212384,0.0218040911616881,0.575607699500391,0.840241326627715
"2020-01-16",-0.578128029844843,-0.582294236769041,-0.586197609446116,-0.586409616855735,-0.562130794660843,-0.375863240464039,-0.215678384023277,0.020609215977618,0.57620813304862,0.852384583037661
"2020-01-19",-0.565148395289055,-0.569446804895604,-0.573600418627046,-0.574470660097396,-0.551952957390898,-0.372069541517134,-0.215680158414345,0.016406870659471,0.567184730044805,0.843277375527198
"2020-01-20",-0.553868754713809,-0.558650218512552,-0.563642640860879,-0.56653247663885,-0.548981654421611,-0.385677804470072,-0.238605425262892,-0.0162823738491723,0.526016035890349,0.804725242839486
"2020-01-21",-0.562899209188071,-0.566615830890599,-0.570240431890441,-0.571120809609526,-0.551806928414316,-0.392250904594189,-0.249607133779178,-0.0323955544283352,0.509284753232504,0.795152029562156
"2020-01-22",-0.557027777378003,-0.562592168270674,-0.56892356762677,-0.574980422432193,-0.565061057888484,-0.426418776448802,-0.292575876708356,-0.0830110133097968,0.455854324973393,0.746736385089688
"2020-01-23",-0.559324698292244,-0.565926510903823,-0.573704540815882,-0.582296272510304,-0.576251886330034,-0.443213827861589,-0.310556076267103,-0.101439341934616,0.437013400769305,0.726699764146294
"2020-01-26",-0.550522147525056,-0.559473802326078,-0.570605541627286,-0.585333287372721,-0.589577065114197,-0.476231610883202,-0.350941524928554,-0.14836938864641,0.382394958258006,0.669659410165502
"2020-01-27",-0.576495631264768,-0.57923651682836,-0.581749738479527,-0.581529180452962,-0.563539706575387,-0.422458675472369,-0.295316302117877,-0.0984858740281184,0.411398814685677,0.692412870533686
"2020-01-28",-0.568720035102027,-0.573851533577746,-0.579696134956528,-0.585306793256453,-0.576218462052063,-0.448101129318256,-0.323941090691243,-0.128869622765958,0.376087728565904,0.65061706315437
"2020-01-29",-0.566731577129953,-0.573483349320325,-0.581637033303635,-0.591458319552278,-0.589362176938593,-0.474003153166606,-0.354015992659887,-0.161778742513734,0.343599716638213,0.6203706479468
"2020-01-30",-0.571649491552069,-0.58026063965382,-0.59096750466669,-0.605130571313575,-0.609219272106738,-0.500554750629106,-0.380625368472965,-0.187047061180015,0.31843326441892,0.591021275156063
"2020-02-02",-0.570700638843078,-0.579073128731417,-0.589462739039786,-0.603119480446287,-0.606588772093722,-0.497572259590174,-0.377669408472135,-0.183791793982823,0.325298257122331,0.601679924077092
"2020-02-03",-0.567311071065807,-0.574549881903513,-0.583322886771738,-0.594013605827295,-0.592394155216259,-0.471780872717811,-0.345351964124425,-0.142130118485213,0.394589250526575,0.689765275585482
"2020-02-04",-0.576759980450334,-0.582284432818441,-0.588569969171337,-0.594578267305822,-0.584686960908357,-0.446493258637311,-0.312886857285955,-0.103359879856532,0.437157867237281,0.729961829196806
"2020-02-05",-0.580112881308462,-0.584632362893267,-0.589646394339894,-0.593860885458023,-0.582721982411028,-0.450218619086428,-0.322339445975829,-0.119422165585948,0.420351687827463,0.723603099231412
"2020-02-06",-0.580909320548223,-0.586321802648463,-0.592595157560878,-0.599064870283334,-0.591551419998785,-0.465366682422495,-0.339682689998831,-0.138869853363071,0.396151209299155,0.695710637524927
"2020-02-09",-0.572149871264603,-0.577788206831582,-0.584509500211224,-0.592212871536617,-0.588157921036516,-0.475269471482375,-0.357808833561879,-0.166153895365069,0.361067639350166,0.665596951458953
"2020-02-10",-0.580385213463571,-0.584537509645505,-0.58915932818665,-0.593091046923234,-0.582938196741472,-0.459324756688758,-0.338147241810668,-0.143013925340336,0.391783134197342,0.702414084602854
"2020-02-11",-0.581089019517341,-0.584894620184411,-0.58903057815895,-0.592107082500234,-0.580663002662819,-0.455714716819988,-0.335053342678231,-0.141815279293635,0.384483416206834,0.688684225608774
"2020-02-12",-0.589303990475565,-0.592808824095933,-0.596529512513313,-0.598893474345474,-0.586420951189359,-0.460414508741251,-0.339908503500829,-0.147312886911019,0.377229725220942,0.680962926551806
"2020-02-13",-0.582594242255033,-0.588285699865457,-0.59500092145743,-0.602423936570015,-0.597000407401087,-0.477262710464655,-0.355274615961978,-0.158658820313103,0.37100542999764,0.670395924291118
"2020-02-16",-0.577450138770335,-0.58227501277442,-0.587874398877782,-0.593656089995462,-0.5868334442966,-0.471039698097861,-0.353855680156476,-0.163567357949676,0.360634822380348,0.66531699853826
"2020-02-17",-0.572092056661158,-0.576745987955463,-0.582141107693212,-0.587681403892993,-0.580907818807295,-0.467521666597371,-0.352487651911343,-0.165026288009422,0.355487049112881,0.660816932415379
"2020-02-18",-0.563319728638169,-0.569813224666005,-0.577775783644555,-0.587820019446482,-0.587933719811401,-0.484344395031081,-0.37116359838744,-0.184070027725186,0.335912467921952,0.637728029428362
"2020-02-19",-0.562161846627011,-0.569089029407545,-0.577719986697457,-0.589155000979674,-0.592197955685857,-0.497602278418411,-0.389963440858834,-0.210012975407941,0.295382413526761,0.590720100555973
"2020-02-20",-0.562498760117936,-0.569402477705013,-0.577973934994447,-0.589219469646285,-0.591710076255845,-0.495485936842304,-0.387535004638147,-0.208552527974402,0.286875589585036,0.57200259858934
"2020-02-23",-0.574700659712604,-0.581629242642376,-0.590289003011821,-0.601871300383744,-0.605521965716217,-0.514484847069259,-0.410022035908664,-0.235204097001513,0.255281974379065,0.541241177067129
"2020-02-24",-0.559832712318823,-0.570050967323157,-0.583195050286093,-0.602289073951598,-0.61622112312389,-0.533924713200146,-0.427566238034712,-0.248375221093992,0.240669979650657,0.513085119681755
"2020-02-25",-0.584792221312526,-0.592409237938458,-0.601942615148675,-0.614761640092892,-0.619254417977955,-0.523655730061654,-0.414226916647159,-0.232681198122625,0.266447120899121,0.550676856402824
"2020-02-26",-0.583836769989669,-0.591596979805273,-0.601376061959895,-0.614780576709933,-0.620709006536663,-0.530005502024957,-0.423422121047128,-0.244930554004692,0.251922564340923,0.538035007737286
"2020-02-27",-0.583019456357032,-0.59219736136105,-0.604023163565191,-0.621253817616456,-0.633901300833223,-0.557992849518938,-0.458380355449549,-0.2878289214052,0.193119647182304,0.470777578924332
"2020-03-01",-0.597895580151561,-0.6114713411094,-0.629076922050912,-0.655262742096349,-0.677605665639644,-0.596109861576631,-0.483691118466116,-0.296919906913354,0.187522838051296,0.441310299952671
"2020-03-02",-0.603018195711615,-0.618030729433309,-0.637609006894315,-0.667151447343797,-0.6942989330726,-0.618302836300417,-0.50628586861368,-0.319005182056607,0.165171500997042,0.416730698429293
"2020-03-03",-0.612467143933431,-0.626036732529795,-0.643683429312611,-0.670102778516003,-0.693327714158827,-0.61534412215137,-0.504679260038312,-0.319038268337977,0.169088969629011,0.427990479349313
"2020-03-04",-0.613894019021525,-0.630908263242075,-0.653214616628396,-0.687325236248791,-0.720716320278545,-0.649777619459971,-0.536036942935956,-0.34442584382232,0.149439587531484,0.403859274106093
"2020-03-05",-0.618211324132806,-0.629485654796105,-0.644138849423802,-0.666010358571668,-0.684724376140268,-0.613216773137925,-0.512712565184711,-0.341589179406088,0.124789518644006,0.38219956214937
"2020-03-08",-0.657105538828,-0.667043194507738,-0.679769561766221,-0.6980825379024,-0.710921161264057,-0.631526323179996,-0.532511814233225,-0.37014734105254,0.0511214744304204,0.273785998303755
"2020-03-09",-0.653624824616921,-0.661027414816971,-0.669917188339898,-0.680528485062985,-0.678412351164439,-0.56380208993928,-0.451107195711399,-0.280411055714179,0.121872888938928,0.31865771642714
"2020-03-10",-0.705372936933688,-0.711091190280748,-0.717799731342476,-0.725138218843779,-0.719846460596902,-0.609190175687663,-0.502192758020354,-0.338386582981273,0.0601184164010155,0.262199638285868
"2020-03-11",-0.693708771079581,-0.699181772424633,-0.703592082825335,-0.700687254515883,-0.66023694655939,-0.41955792255078,-0.247620201799074,-0.0305905432674007,0.361934853199348,0.517640641822726
"2020-03-12",-0.744446747367547,-0.72705774430962,-0.701346518476444,-0.651232906835477,-0.556010807471239,-0.306083925193344,-0.165059052570877,0.0150764026186166,0.423651877331664,0.656309422274265
"2020-03-15",-0.661899515815606,-0.65954397706126,-0.652489195185412,-0.62776480625528,-0.548587087485953,-0.229935014676391,-0.0303757127722776,0.207293246671354,0.610971255160665,0.76553080742016
"2020-03-16",-0.707959397312072,-0.69162127368581,-0.666117350224164,-0.612302319603517,-0.498274300891773,-0.163965912861993,0.02392542035997,0.244448587566783,0.627703499559751,0.779263047092826
"2020-03-17",-0.653747634221021,-0.648590320311579,-0.635621508772507,-0.594717710807589,-0.475627859695315,-0.0629893623628583,0.16072112645737,0.399842262325027,0.752850415869454,0.877980591519015
"2020-03-18",-0.606250500982162,-0.585034918996861,-0.55384980995598,-0.493701972131139,-0.381751333138643,-0.102868744221658,0.0446295117728725,0.222293350665244,0.578784772290107,0.752549644698219
"2020-03-19",-0.576202863415088,-0.562768475594888,-0.542548331599753,-0.501979399900765,-0.421100182251627,-0.191286300207107,-0.0551810666752457,0.119658192277571,0.49253706012909,0.675471367237814
"2020-03-22",-0.568296340676069,-0.553588008747664,-0.531798486361446,-0.489182200292948,-0.407653416630221,-0.1899112748104,-0.0643589486384967,0.0992716217290199,0.48724545690301,0.72187159752521
"2020-03-23",-0.531496531243223,-0.521525474903388,-0.505852618229938,-0.472291437070511,-0.398695232226924,-0.160139811330391,-0.00819000701015477,0.19118259656019,0.612149572752755,0.810158942701587
"2020-03-24",-0.503928503489986,-0.50013391984344,-0.4925213272423,-0.471262560170056,-0.410337202126966,-0.15994442346953,0.0134711199683063,0.243033368838249,0.710374163408245,0.917349284127479
"2020-03-25",-0.503369126761076,-0.511025704296646,-0.519836805384152,-0.528820611559659,-0.518785948293621,-0.360641940016689,-0.214077154977615,0.00409170454609409,0.510259447203783,0.75560613953958
"2020-03-26",-0.501524904783766,-0.513409346296224,-0.52790044349985,-0.54614653834224,-0.548075135743173,-0.398128397832679,-0.24896393976682,-0.0265704484870958,0.477203972347286,0.713615182404564
"2020-03-29",-0.476648298071775,-0.487726201346789,-0.501372933671503,-0.519039002306634,-0.522944781148166,-0.387587827467136,-0.246723542725148,-0.0303244638846719,0.485049644733384,0.738317405888437
"2020-03-30",-0.488502953356458,-0.495666036340889,-0.503934468403497,-0.512425206235066,-0.503027938912978,-0.350408444402492,-0.205750664115525,0.0141855392597195,0.545181962702788,0.812948209804394
"2020-03-31",-0.52111409092086,-0.525747318775259,-0.530280744255932,-0.53156389165149,-0.509061910601941,-0.329550505197815,-0.176606348381001,0.0455241039852851,0.550976262508559,0.793824443290454
"2020-04-01",-0.529379901271041,-0.526842171548789,-0.521677210757907,-0.506967173527839,-0.463440111951988,-0.270935325603876,-0.126602040992221,0.078611102375304,0.555117860950102,0.795014972328254
"2020-04-02",-0.514945085045733,-0.513262567137205,-0.509211570401965,-0.496193064001712,-0.454368407915396,-0.259998211134884,-0.112666375012153,0.0963791198348268,0.57562303195668,0.812743128857544
"2020-04-05",-0.525171363999186,-0.520209864722259,-0.511865925684433,-0.492251203614137,-0.443479758042691,-0.25416685225838,-0.116528501498049,0.0810635783141946,0.563795505104869,0.824814386400076
"2020-04-06",-0.522256872673011,-0.515527881586929,-0.504373792731302,-0.478687531611723,-0.416734322384133,-0.189419770779649,-0.032833273798705,0.181868266793082,0.662631833173685,0.899633345598687
"2020-04-07",-0.547905674452862,-0.535695535273392,-0.517111595862256,-0.479128337968309,-0.400923843685584,-0.163801093853493,-0.0143576633732299,0.186814657189452,0.651659448914804,0.898849638364873
"2020-04-08",-0.542232799402643,-0.536432395555591,-0.526691651075736,-0.503878854837717,-0.447692249412311,-0.235798886880024,-0.0870218987065774,0.11961667545818,0.592081877032432,0.829650183379985
"2020-04-09",-0.559997468001988,-0.554219857873164,-0.544431885847273,-0.521272504598198,-0.463648475839593,-0.245074615864987,-0.0919944108033487,0.119422654447869,0.596191463025586,0.832125265954373
"2020-04-12",-0.527717792409512,-0.522080301338714,-0.512579944587363,-0.490233697852387,-0.434924400204106,-0.225249378259798,-0.0776503932742036,0.127582496783547,0.597351693302178,0.833706653391438
"2020-04-13",-0.483901650812102,-0.482299424113497,-0.478398582155465,-0.465769895988582,-0.424971741083674,-0.23420180406054,-0.0889047705704232,0.118061033289779,0.595926416254524,0.834060419239978
"2020-04-14",-0.489583888863739,-0.48377268724302,-0.474453489713025,-0.453850752098088,-0.406187221704761,-0.233583901481285,-0.110541058237802,0.0671925397557753,0.517861953303642,0.775818506282301
"2020-04-15",-0.496652300972655,-0.491399963611102,-0.482859898053519,-0.463622667156079,-0.418054608550573,-0.248674512298742,-0.126637370861518,0.0499146919437992,0.49505920399951,0.746827425560878
"2020-04-16",-0.483137680164244,-0.481707857351794,-0.478392722644729,-0.467943442147817,-0.434442164238615,-0.274235529828341,-0.147801168713169,0.0389340021123548,0.502876147100586,0.753150415875767
"2020-04-19",-0.480309335153255,-0.475998998403031,-0.468691391253804,-0.451329105372328,-0.407555122349312,-0.234035610964646,-0.105694255163437,0.0810706182622511,0.549074813812925,0.809168386584638
"2020-04-20",-0.482777821328623,-0.478250283244803,-0.470598041863582,-0.452494074043739,-0.407125322797858,-0.229212337715159,-0.0989418213247818,0.0889968636787024,0.552032851261233,0.804569987378607
"2020-04-21",-0.483084139838768,-0.476599838047606,-0.466081649573423,-0.442501689736126,-0.387233996372325,-0.187867598549729,-0.0492933826346286,0.144467949626411,0.600017550478848,0.837976794647351
"2020-04-22",-0.473234863702413,-0.47430824391002,-0.474114202399358,-0.467912556686148,-0.436786880759615,-0.260330363272064,-0.119221760214326,0.0834451548018554,0.54740888580772,0.774154830334365
"2020-04-23",-0.476184340964295,-0.478747837835017,-0.480818045411684,-0.479198299113154,-0.457137832070303,-0.303536116393153,-0.172754406117375,0.0209901083702134,0.483850146845081,0.718436622689686
"2020-04-26",-0.476871984633383,-0.478445165260642,-0.479193577708067,-0.475453709750739,-0.450817090157042,-0.2967450633859,-0.167821519945844,0.0231937147867449,0.48414274917425,0.72121164688062
"2020-04-27",-0.479481818991833,-0.483888633713667,-0.488459949169393,-0.490990935835265,-0.474472861621832,-0.324682777024185,-0.191871850570008,0.00616254000660765,0.476941409488323,0.712644877431249
"2020-04-28",-0.486891301122036,-0.495496634337829,-0.505746962941391,-0.517656107771377,-0.513584861402462,-0.373106428905457,-0.237362084833538,-0.0333394058399293,0.442352054696381,0.67293173245764
"2020-04-29",-0.485640865538555,-0.498351602940181,-0.514388273085553,-0.536633079124666,-0.548974002423188,-0.434374831160442,-0.304473136963718,-0.101339487169035,0.387431587961034,0.628143690444304
"2020-04-30",-0.508581772975205,-0.521703657058952,-0.538133529345458,-0.560481181388787,-0.571058217506185,-0.44527332158249,-0.308377679419439,-0.0984878183844671,0.391653935090748,0.626711092884113
"2020-05-03",-0.498187976225157,-0.508073593211663,-0.520205241356261,-0.535700561777514,-0.537901181714928,-0.407670684773994,-0.272264278431804,-0.0622950312667571,0.448662167645638,0.705536381112436
"2020-05-04",-0.511407376788598,-0.519775408426234,-0.529906318456339,-0.542269233273362,-0.540886785770795,-0.410542457870292,-0.277397001583687,-0.0694343427632064,0.448846943780205,0.716771981152309
"2020-05-05",-0.518549765162226,-0.520828365096507,-0.522524219205434,-0.520289518641471,-0.497186530422902,-0.337992500030338,-0.199977828148912,0.0090280299669081,0.531797009034229,0.810223687706653
"2020-05-06",-0.517818380759847,-0.523110984440343,-0.529018813242958,-0.534193953574118,-0.522511626924812,-0.380188291896832,-0.245833756702206,-0.0380725162182211,0.48556912931567,0.762779194443667
"2020-05-07",-0.515507030355297,-0.520633966387447,-0.526340410691438,-0.53126116094565,-0.519525509636335,-0.378773057786928,-0.245728023781925,-0.039419478690826,0.483825347004101,0.762763291271749
"2020-05-10",-0.504683832889011,-0.508983845723913,-0.513487518593854,-0.516137455569415,-0.500387321406487,-0.351360370795207,-0.215310807452988,-0.00702960131091379,0.513654527359448,0.788226226382338
"2020-05-11",-0.486816937183932,-0.493767645982674,-0.501882626592456,-0.510588915527986,-0.503243397111615,-0.363171791045331,-0.22804901661888,-0.0207429793839489,0.486673574138671,0.745789735308154
"2020-05-12",-0.498059128948366,-0.504440026644503,-0.511867805813655,-0.51972858690902,-0.51232625004678,-0.378496414124137,-0.248756456968029,-0.0481216444624051,0.451313810787804,0.710982503129094
"2020-05-13",-0.493236653586578,-0.499709823969859,-0.507260194673355,-0.515314165461181,-0.508123641689989,-0.374042614987162,-0.243767611707567,-0.0421799158298342,0.45987292612215,0.720961695783378
"2020-05-14",-0.505453460793515,-0.50807017367687,-0.510360404949962,-0.509591033307049,-0.490277736625948,-0.345743990341934,-0.217867044921815,-0.0224957259631327,0.471690851865901,0.737368718714322
"2020-05-17",-0.520920257911578,-0.521737197955417,-0.521472158604214,-0.516069308995797,-0.489110559948884,-0.33028993676297,-0.196993537997559,0.00367086110029702,0.507549891572249,0.778972205503876
"2020-05-18",-0.505508154016428,-0.510618270980018,-0.516121475725102,-0.520109397133574,-0.505124563737877,-0.35274256894811,-0.215105253131503,-0.0084489607488627,0.486645298379658,0.735933346041815
"2020-05-19",-0.50950212563129,-0.515228865298349,-0.521613908264701,-0.527220968689279,-0.514968773691937,-0.367883947322395,-0.23224243163841,-0.0273346838775671,0.465971575826385,0.714924128587539
"2020-05-20",-0.509871508120163,-0.516836623451363,-0.524954834982291,-0.533615903639405,-0.526062651127792,-0.385500486646433,-0.250634292831689,-0.0446010307974748,0.455806514066674,0.709370817529934
"2020-05-21",-0.521444816939502,-0.526846422996291,-0.532777629176748,-0.537578355039554,-0.523990735217508,-0.373538460870549,-0.235421198385254,-0.0262400957409008,0.481563863234404,0.740373851131908
"2020-05-24",-0.52226596098837,-0.527103985318132,-0.532330917793942,-0.536167049420169,-0.52201199406989,-0.375073258304481,-0.24019082577411,-0.0346022399831907,0.472349837113155,0.735296394539129
"2020-05-25",-0.524275598329727,-0.526634316521809,-0.528361096196607,-0.525920292234802,-0.501672601908932,-0.337603675873368,-0.197525597838183,0.011661034443882,0.520859896740932,0.784372247718611
"2020-05-26",-0.520907499031812,-0.523781734994622,-0.526298266307795,-0.525477450374175,-0.504514276644116,-0.349219875947069,-0.213442660789522,-0.00838924812972097,0.498458495583712,0.764272516635119
"2020-05-27",-0.517421394814786,-0.522091872451967,-0.527186967099778,-0.531129965799615,-0.518286545188212,-0.378854952325899,-0.248871655593123,-0.0483755267114515,0.456939942484215,0.72497893750062
"2020-05-28",-0.511217906065021,-0.516683564316452,-0.522960542265891,-0.52921721470855,-0.52073661635242,-0.391649093545333,-0.26621336226645,-0.0696741578910408,0.434980876425279,0.706671580985879
"2020-05-31",-0.509155339868898,-0.516779460133704,-0.525752732857364,-0.535683505446235,-0.529180375594893,-0.384097314920806,-0.242998596999421,-0.0263420930437872,0.503134057871668,0.772755360993441
"2020-06-01",-0.507006300429016,-0.513743661989864,-0.521585857379082,-0.529886592595189,-0.522102001394926,-0.381340614908547,-0.245116941241335,-0.0348334941553579,0.486764617956237,0.756950846137078
"2020-06-02",-0.509318828784023,-0.51309000042813,-0.516798801659095,-0.517867291919463,-0.49907263173162,-0.34279377857183,-0.20375489417881,0.00665828256700851,0.524578887467048,0.794059057238909
"2020-06-03",-0.505699956079099,-0.510240584202698,-0.515109075942596,-0.518487612158095,-0.504099959342557,-0.357428075213664,-0.221242633398606,-0.0106981907671596,0.524089957590049,0.810516129514427
"2020-06-04",-0.510286790900543,-0.513756828665176,-0.517118300662512,-0.517801691288119,-0.499056645392158,-0.344131997305879,-0.204230811823497,0.0111596392087457,0.560575032192907,0.857748394636228
"2020-06-07",-0.494150672236342,-0.504462861612832,-0.516846579822376,-0.531650848009419,-0.528968155125943,-0.372961674093274,-0.220690918513939,0.00801534343524968,0.538347045192783,0.79366932078609
"2020-06-08",-0.485398028067705,-0.496944358750943,-0.510697444060472,-0.526774876538288,-0.522460831029759,-0.34942329215323,-0.1868736433508,0.0498922387358044,0.570327949523248,0.808852285692144
"2020-06-09",-0.484135260039774,-0.495718697673756,-0.509538294374509,-0.525791058215906,-0.52200910780528,-0.351893388791728,-0.192022565520439,0.0403949836372833,0.549076816535895,0.78123657224821
"2020-06-10",-0.480416055192882,-0.494110442173636,-0.511108192570181,-0.533692447333857,-0.542085130417588,-0.400786377101715,-0.253031580573303,-0.0305675913486453,0.475518351701109,0.712879465010701
"2020-06-11",-0.476836346532532,-0.493178218813109,-0.513901674551031,-0.543119434206303,-0.561958336293214,-0.436512337550634,-0.291795596438573,-0.0688042998991998,0.448245583517513,0.693260660767081
"2020-06-14",-0.481841785949539,-0.496841447104019,-0.515806650630136,-0.542300843435308,-0.558071713973535,-0.432140371468519,-0.288586755476189,-0.0658505839207525,0.4601443491834,0.714195802774593
"2020-06-15",-0.49028463370583,-0.505015126283242,-0.523653787589694,-0.549737607257079,-0.565432201442502,-0.442167196938115,-0.300968715599645,-0.0812501195505795,0.440099627878198,0.693009760488486
"2020-06-16",-0.495064460690689,-0.509697977816117,-0.528128988718951,-0.553613548662962,-0.567622443677185,-0.438488212957174,-0.294238907528639,-0.0718158358960612,0.449678314712123,0.700192061235653
"2020-06-17",-0.511065381910413,-0.522279633030073,-0.536266268748214,-0.555029666501541,-0.562353010362576,-0.44105951716581,-0.309281644768466,-0.103771626659893,0.394783551606273,0.643423197540708
"2020-06-18",-0.532183906067311,-0.542071588916307,-0.554301049436318,-0.570287618418502,-0.574360363694498,-0.452862492528955,-0.323456682651778,-0.120969172615468,0.377558944237449,0.630633930091689
"2020-06-21",-0.512547780383415,-0.5279449178163,-0.547613015385936,-0.5758426886145,-0.596053517943727,-0.486456944265498,-0.353483317294075,-0.144138474672742,0.356620439411914,0.600360216964282
"2020-06-22",-0.516206057488603,-0.528019330981948,-0.54286289492499,-0.563191034750617,-0.573063102709219,-0.455402687081662,-0.323570134337706,-0.115856928457629,0.39431059231189,0.651261578420484
"2020-06-23",-0.513614864349198,-0.52712715454865,-0.544297488376882,-0.568570927214117,-0.584083807760965,-0.473398272836045,-0.34294286671132,-0.136539299551759,0.36680997634303,0.617264705005905
"2020-06-24",-0.506826762068866,-0.521948759172397,-0.541323414628878,-0.569338192593542,-0.590239981029099,-0.486768268309087,-0.358371063504209,-0.154591714689406,0.338210147357903,0.580298008637582
"2020-06-25",-0.501583173593971,-0.517954916478747,-0.539055401939249,-0.570033140344996,-0.595220238504504,-0.496189762595614,-0.36709475973788,-0.16031684543153,0.342862467511754,0.590685771114736
"2020-06-28",-0.506396076956225,-0.521254259557031,-0.540351275929911,-0.568163910563297,-0.589624680276161,-0.489933549071988,-0.362990241373848,-0.158685272612068,0.346784730153938,0.600414536186591
"2020-06-29",-0.507960116717431,-0.522516149605797,-0.541134474555006,-0.567916405726981,-0.587137830471271,-0.480762404254849,-0.3501344056937,-0.141736588834331,0.369419132977309,0.624379242882055
"2020-06-30",-0.51874058774448,-0.530304509584311,-0.544675266490091,-0.56376319605629,-0.57036068358901,-0.441421463580876,-0.303426389294409,-0.0896729159580788,0.423770120433798,0.677594891863748
"2020-07-01",-0.515946951712281,-0.530605827564425,-0.549315240180579,-0.576087013440458,-0.59474037397287,-0.485129877076491,-0.352608105948491,-0.142587909752725,0.367506264498959,0.619715035149359
"2020-07-02",-0.519289343134915,-0.533242682129388,-0.550996309626798,-0.57618097729647,-0.592671460047556,-0.480787277111908,-0.347933068286735,-0.137411053228592,0.376534255545639,0.632377915316722
"2020-07-05",-0.524025779779269,-0.537563615628028,-0.554800337025714,-0.579285921063398,-0.595407210213393,-0.486433747655199,-0.356326552512664,-0.149213939441873,0.360639104279949,0.616517999039585
"2020-07-06",-0.529299415929666,-0.541159521723531,-0.55616800664355,-0.577120826447869,-0.589124953827324,-0.480881681005658,-0.355415817008217,-0.155615475096791,0.341307953336145,0.59407774434646
"2020-07-07",-0.532241397274802,-0.543380292310648,-0.557424696221699,-0.57682608507541,-0.586927091680134,-0.478261893551229,-0.354169106743946,-0.156545658396597,0.337475024931229,0.59050119632323
"2020-07-08",-0.540308846105874,-0.551130527171317,-0.564790159343776,-0.583710255991922,-0.593744942103112,-0.488488336725527,-0.367453471482104,-0.173808715596609,0.314196963772664,0.56613829074758
"2020-07-09",-0.54070602408902,-0.551608157619266,-0.565349531731537,-0.58431497747539,-0.594107341750918,-0.487262794523371,-0.365424281076309,-0.17145256401976,0.313328356036832,0.561597316248734
"2020-07-12",-0.537039061756092,-0.54606213012486,-0.557227476555762,-0.571817654795673,-0.575338634206953,-0.460735870616763,-0.337374611261477,-0.141878077944955,0.351799036013177,0.609074481249356
"2020-07-13",-0.535160809323133,-0.54571175021447,-0.558986268115062,-0.57721031384821,-0.58613567896919,-0.479442833901221,-0.358590180236017,-0.166178317202965,0.315869407700442,0.563546744109822
"2020-07-14",-0.531567043202819,-0.54419955627117,-0.560228446949999,-0.582794168015486,-0.596754381094995,-0.48999469592584,-0.365083189486191,-0.167412103065727,0.315947723131942,0.557285860880287
"2020-07-15",-0.536921502479396,-0.550882344737334,-0.568777265756691,-0.594646177582498,-0.61368632687487,-0.513223621643648,-0.387838759030829,-0.186117514129349,0.315421324302002,0.568772187932608
"2020-07-16",-0.537806847850501,-0.550700595259235,-0.567092448634638,-0.590278953674203,-0.605063029343815,-0.497842567905293,-0.370847648457666,-0.168681035412991,0.33027673436585,0.581536392172493
"2020-07-19",-0.534831006820943,-0.548483397663017,-0.566020993483056,-0.591507194720796,-0.610803669654659,-0.515084597609652,-0.393604089483426,-0.196860932368598,0.297058208874318,0.548737672929824
"2020-07-20",-0.537725222610894,-0.550929163853858,-0.567869301160695,-0.592397296930382,-0.610505342881396,-0.514090039399045,-0.392778442599839,-0.195956925805503,0.301364225368364,0.556687509873249
"2020-07-21",-0.539398735122512,-0.555348126414109,-0.575977823949764,-0.606521921460603,-0.632374324975548,-0.540909052584295,-0.417564092042291,-0.217684147017684,0.276515647671664,0.523262575895139
"2020-07-22",-0.538343697833962,-0.552104222484575,-0.569842917678227,-0.595850867502171,-0.616537542851454,-0.525997062985877,-0.407778976070945,-0.214960838122112,0.272691262438983,0.522524863090339
"2020-07-23",-0.540361101815351,-0.551858522104046,-0.566418607873831,-0.586781115981237,-0.59858260250075,-0.494019171118604,-0.372265130499719,-0.177847138831974,0.307920342360657,0.556113048364859
"2020-07-26",-0.536020748483972,-0.548380565592258,-0.564290920589502,-0.587508986811736,-0.605336059831598,-0.517603661296754,-0.404257542422377,-0.217949582830938,0.262812139067694,0.514635928791441
"2020-07-27",-0.532216789529201,-0.546198712841918,-0.564326977661931,-0.591287871978601,-0.614364780517352,-0.532096445107842,-0.418763280240226,-0.231446107326395,0.249111793987176,0.497989171216287
"2020-07-28",-0.535592495008806,-0.548739577850975,-0.565690067534255,-0.590534651616289,-0.61014870587098,-0.521064985760561,-0.404553930326559,-0.213176230473634,0.278152038193229,0.533848606248832
"2020-07-29",-0.535037217138378,-0.550132109375757,-0.569829574333756,-0.59959561919993,-0.627137405563807,-0.552001817843738,-0.440371658760516,-0.253497069430944,0.230042565232713,0.481359906414108
"2020-07-30",-0.5340544582531,-0.549809227436326,-0.570264838147865,-0.600824699360716,-0.627779909339196,-0.543111572836989,-0.424308211515034,-0.229399071093539,0.260402211818837,0.508349776163927
"2020-08-02",-0.532350452320163,-0.546657255290274,-0.565265928606874,-0.593153881499926,-0.61789962607943,-0.538733007672305,-0.425935286240184,-0.23778240433102,0.250356557662094,0.505521284378083
"2020-08-03",-0.533471981667527,-0.547443160898583,-0.565793998545521,-0.593932958795653,-0.621488439224571,-0.558850016918405,-0.457582684271004,-0.282970615622983,0.189205437619096,0.444928418325148
"2020-08-04",-0.538840124862613,-0.550624851885044,-0.565871569791964,-0.588385990431364,-0.606700539650596,-0.527383180586032,-0.420479737168524,-0.24143432200056,0.234447556145519,0.490872760231173
"2020-08-05",-0.542430119300408,-0.553483067496587,-0.567841170059254,-0.589241638330212,-0.607397840070174,-0.535959678523216,-0.436069619762917,-0.265910166202289,0.199034812632481,0.456498487112575
"2020-08-06",-0.542310081067043,-0.553039841059351,-0.566898471204278,-0.58726351270195,-0.603305030592582,-0.526411835146964,-0.424174128976306,-0.252385010963402,0.209447851115252,0.461740060596627
"2020-08-09",-0.550003063400525,-0.562032602620449,-0.577720298612756,-0.60134440966523,-0.622544460792328,-0.553857077363686,-0.453664971013997,-0.282699920437357,0.18076470661134,0.434302097294988
"2020-08-10",-0.547677664729438,-0.559845057868313,-0.57556370596852,-0.598702119104349,-0.617292555736676,-0.535221624291233,-0.426022578882139,-0.244676907788764,0.230019522019836,0.481882692349594
"2020-08-11",-0.543485086659771,-0.55397210713632,-0.567374323481032,-0.586544632317804,-0.599393129551851,-0.510849345006145,-0.401641914912666,-0.222175196240366,0.247428662519049,0.498207072786903
"2020-08-12",-0.546440341651907,-0.555750021369361,-0.567280240527325,-0.582410043667453,-0.586523808081754,-0.473169005021123,-0.351790508567259,-0.161332485702756,0.30965528398499,0.549741170603942
"2020-08-13",-0.546655983113668,-0.55603950065804,-0.567687957071718,-0.583073758560316,-0.58773215732278,-0.475739269135944,-0.354822522904836,-0.164428136946251,0.308719826810836,0.550959458902715
"2020-08-16",-0.548495910335833,-0.559572768793434,-0.573602136654701,-0.593225478386213,-0.604586122935494,-0.503376807170127,-0.385345179195688,-0.196510168422316,0.277097855930894,0.520016715962908
"2020-08-17",-0.550386934340808,-0.561993823473648,-0.576795886952989,-0.597883699813367,-0.611851912570218,-0.51612518732496,-0.400178690212248,-0.212896085728938,0.261167111776119,0.50583648372427
"2020-08-18",-0.550121546820701,-0.562052273719828,-0.577334340011514,-0.599356684039798,-0.615064987955097,-0.523295868429257,-0.408963403351029,-0.222931349766587,0.251543945308851,0.49777650878496
"2020-08-19",-0.544313267503121,-0.557906683217565,-0.575484722235002,-0.60145787898947,-0.622975527853459,-0.538657744641951,-0.425455540673918,-0.239528111790581,0.234239611401247,0.478339865503821
"2020-08-20",-0.54478248741193,-0.558110844561459,-0.575353521349409,-0.600850432212708,-0.622003949258675,-0.538751949176668,-0.426559838660647,-0.241551905008435,0.233530409582999,0.480234518056928
"2020-08-23",-0.539170807012705,-0.552722677305089,-0.570232492359012,-0.596050560154682,-0.617200787677796,-0.531573240005455,-0.417490893454436,-0.230379797747341,0.245949795100641,0.491271460615881
"2020-08-24",-0.541278224633042,-0.552486041935641,-0.566677677887137,-0.586510108543055,-0.597881804655363,-0.494408098426862,-0.373777632410918,-0.180497563057019,0.305942235766193,0.556374915782841
"2020-08-25",-0.539017209122176,-0.55016493025916,-0.56421152791213,-0.583590620083951,-0.593618893786243,-0.485370789770012,-0.362363219125494,-0.167324128840936,0.316254918505643,0.561906400394456
"2020-08-26",-0.538415218782901,-0.550414488841799,-0.565529444862436,-0.58637899201035,-0.597244078481931,-0.482547734568526,-0.352798774600488,-0.148268475001043,0.353011619534919,0.604685587614554
"2020-08-27",-0.538006392461125,-0.551018587813729,-0.567448436333938,-0.590282196482291,-0.603117135874854,-0.486286837765433,-0.353223206392472,-0.144569959981841,0.359763447394524,0.609189305711156
"2020-08-30",-0.539238100456853,-0.551178094165919,-0.56614864976644,-0.586541766674605,-0.596026631051428,-0.476073820356706,-0.343308218965592,-0.135724115916015,0.367541917211028,0.617897480142527
"2020-08-31",-0.533842976443557,-0.549907382575699,-0.570429481503642,-0.599904510158604,-0.621180169603618,-0.509101041887641,-0.373170532410391,-0.160025965499322,0.345557901648446,0.589604158434029
"2020-09-01",-0.534910315784113,-0.550509689246824,-0.570746023137983,-0.600908111294964,-0.627175901637834,-0.540658856930969,-0.420513634641879,-0.223398198200658,0.273264634354108,0.525556096521114
"2020-09-02",-0.539134220204147,-0.555822862073,-0.577510201578546,-0.609998001513006,-0.639139068125571,-0.554120958400035,-0.433270570560479,-0.235666933395826,0.255831061653623,0.501831754196985
"2020-09-03",-0.538531997593604,-0.556635150830577,-0.58002517334756,-0.614614641146163,-0.644050202237596,-0.545917342086659,-0.414585257950635,-0.205338483246011,0.294885631987431,0.536512616451374
"2020-09-06",-0.550206724344942,-0.564043620189408,-0.581818021494461,-0.60764758062247,-0.62720056111178,-0.530165764753982,-0.407026275868833,-0.207599713042382,0.29305018363692,0.548158077791331
"2020-09-07",-0.550466342732996,-0.565008592035816,-0.583860209183677,-0.611889692190636,-0.635879023042806,-0.550714661848453,-0.433552414029219,-0.240278904893427,0.25366793453923,0.508481905417802
"2020-09-08",-0.546926439465266,-0.561857769720251,-0.581065871669202,-0.609109649221657,-0.631090516202488,-0.533569973624881,-0.408506082605055,-0.207315067546895,0.288995793649958,0.537145576405737
"2020-09-09",-0.552783938586424,-0.563682326743086,-0.577450083838187,-0.596563365372317,-0.606905082030932,-0.502135141712753,-0.381212646900072,-0.187589709297547,0.300648139534262,0.552774154947059
"2020-09-10",-0.551088569653943,-0.564735590374138,-0.582346140376974,-0.608229548179348,-0.629066335963556,-0.54043725902032,-0.423676308135847,-0.232568689474131,0.253245741528204,0.503302699650055
"2020-09-13",-0.551837742582577,-0.565226513862134,-0.58252878076449,-0.608044250886647,-0.628906533172295,-0.543257982726093,-0.428971277365647,-0.240849757523207,0.241631571878526,0.492047016117918
"2020-09-14",-0.557625548508018,-0.569811031335997,-0.585550606196905,-0.608706993585293,-0.627230954761293,-0.54415790695654,-0.433762368780925,-0.250191011895552,0.231904472104538,0.488624956330693
"2020-09-15",-0.549022936134172,-0.561257357719413,-0.577137243698049,-0.60078014466333,-0.620875810491528,-0.544277496200075,-0.437896196927203,-0.258739678556923,0.21925181819516,0.477235046195528
"2020-09-16",-0.549623212636496,-0.563027321057898,-0.580515747769079,-0.606903531279044,-0.63095153950498,-0.558962445709573,-0.452968923249597,-0.273475059777666,0.203809812400424,0.459317968583911
"2020-09-17",-0.547532506583852,-0.561367849442294,-0.579414485486245,-0.606635670985724,-0.631454413763436,-0.557937899569258,-0.449860759363723,-0.267467551111274,0.214065349480266,0.469905786825538
"2020-09-20",-0.543660053867214,-0.558888251609267,-0.578901171069091,-0.609653160263458,-0.640197369832078,-0.577098461349924,-0.472998600999243,-0.29472763147894,0.178130032144729,0.428694668324491
"2020-09-21",-0.542032525531435,-0.556953891771673,-0.576544978661254,-0.606576122935054,-0.63606933634494,-0.571542764033929,-0.467048249397633,-0.288288702642242,0.186734337005145,0.439222234313013
"2020-09-22",-0.537374690966152,-0.553550294163793,-0.574808342771278,-0.607486372612914,-0.640079709930297,-0.575142414800771,-0.467339123591305,-0.283481711212816,0.19930814615277,0.452354513896552
"2020-09-23",-0.551113617238025,-0.565036828102484,-0.583203831025671,-0.610631894507736,-0.63577455058673,-0.563073387684934,-0.455679836857367,-0.274588949336961,0.202073094361535,0.454429800978374
"2020-09-24",-0.550132258919454,-0.565472763421019,-0.585562993828251,-0.616190807383974,-0.645685762961116,-0.577162979884696,-0.469858352153273,-0.288735872620765,0.182471764367397,0.427930026805147
"2020-09-27",-0.563565229954396,-0.576968755562232,-0.594461313486772,-0.620877240138641,-0.645070182358147,-0.574242063551584,-0.469511787821915,-0.292312481874016,0.177456214899179,0.428052839848523
"2020-09-28",-0.562077493847043,-0.576207532429134,-0.594721680469187,-0.622957747498643,-0.650047314308818,-0.584134003229042,-0.481028238764267,-0.305279169818794,0.161800755794038,0.410652424570888
"2020-09-29",-0.566106746530608,-0.578936594577128,-0.595606983468439,-0.620507533264413,-0.642123192224311,-0.566197532478101,-0.459488832366889,-0.280503722167881,0.191225746613326,0.442245390464442
"2020-09-30",-0.544395562174124,-0.562189242679832,-0.58553719422661,-0.621339511627321,-0.656974723764216,-0.589122777507686,-0.477332011199596,-0.290032420232394,0.184557996442799,0.424465446968981
"2020-10-01",-0.553824055452525,-0.57017045844056,-0.591646793489228,-0.62464656358092,-0.657560428920685,-0.592739002070495,-0.485219033997851,-0.302513294138967,0.173644352769137,0.421275277322097
"2020-10-04",-0.572010985466389,-0.585660180153567,-0.603371104545034,-0.629759668631116,-0.652531313932927,-0.573059384686046,-0.462709965274649,-0.279765413489547,0.191726679053457,0.43694133712582
"2020-10-05",-0.572310329249262,-0.587924369946543,-0.608270167079469,-0.638927167196826,-0.66703540213063,-0.589302903011259,-0.475499430355696,-0.286793901346154,0.193312240776105,0.438751429539735
"2020-10-06",-0.578182961363532,-0.591715793282892,-0.609215446129219,-0.63506832174105,-0.656438842484873,-0.57178813693124,-0.458156397510932,-0.271216963842528,0.20685973311604,0.454123130170223
"2020-10-07",-0.581433918742574,-0.596620533821459,-0.616418853179002,-0.646276846345356,-0.673704440069821,-0.597617353689337,-0.485750435547432,-0.299472635520489,0.178256874748958,0.424438142166512
"2020-10-08",-0.580889912709052,-0.597476908583842,-0.619148351622192,-0.652027421913439,-0.68320423533416,-0.608455205718165,-0.494510520597611,-0.305052674972556,0.175267644073054,0.41929758737796
"2020-10-11",-0.591535925274734,-0.606579319321386,-0.626235236637002,-0.656033717411644,-0.684015810705085,-0.611918021258311,-0.502849006055045,-0.319733305887192,0.15498597304363,0.401914369506763
"2020-10-12",-0.594131291091356,-0.609932421299823,-0.630622995286276,-0.66216476556345,-0.692595652566446,-0.623247777985502,-0.514516524946793,-0.331625737932907,0.140531609918346,0.384505556754204
"2020-10-13",-0.604805904139205,-0.621334558604874,-0.642982138902959,-0.676013443604712,-0.708105669759817,-0.638391138824612,-0.528113237024457,-0.343382535913978,0.128489505547421,0.369539121227191
"2020-10-14",-0.600794292988286,-0.617906963012741,-0.640461127511556,-0.675388678155311,-0.71143783496079,-0.652844990907461,-0.548380447835023,-0.369796546677469,0.0948235730032803,0.335087309045353
"2020-10-15",-0.586974620139416,-0.605527495023398,-0.630134533593613,-0.668803960551221,-0.711042469692929,-0.663363938915422,-0.562033821735721,-0.384842563936019,0.0839440796346039,0.328579323953135
"2020-10-18",-0.619521384504943,-0.634861041478998,-0.655054436593681,-0.686205354445802,-0.717637442672233,-0.657144457390803,-0.554346106196578,-0.377258971292967,0.095450967836205,0.347178226739797
"2020-10-19",-0.613864236018864,-0.62950544537326,-0.650037968938732,-0.681515075821552,-0.712547436386689,-0.647229967327114,-0.541004411045466,-0.360375647241028,0.113025203218105,0.360954984934597
"2020-10-20",-0.616839216052667,-0.631688187692803,-0.651117635865853,-0.680666582520724,-0.708762681929982,-0.639203472505951,-0.532054536490407,-0.351032382282732,0.122602663435165,0.371062031905954
"2020-10-21",-0.621871333920618,-0.635613604401326,-0.65343550917444,-0.679952852000761,-0.702675596010519,-0.621596721187822,-0.509658253291536,-0.324266239773953,0.153207791234175,0.401462318526799
"2020-10-22",-0.612395010207629,-0.627263913181315,-0.646694703838,-0.676158244021103,-0.703825374727193,-0.632172399416388,-0.523682072654912,-0.341200265002866,0.133663043670393,0.381628939379012
"2020-10-25",-0.615030469497562,-0.629077146254748,-0.647392336368591,-0.675003671382185,-0.700188392049214,-0.626685949308763,-0.518901516973373,-0.337938918661581,0.134770043443747,0.383148357052274
"2020-10-26",-0.607615882693333,-0.62391604861813,-0.645373353531189,-0.678488804844738,-0.712074469790566,-0.650503894033912,-0.544907768086446,-0.36399117608182,0.112471104524223,0.36250029315591
"2020-10-27",-0.619419095090489,-0.633749810922101,-0.652531811065507,-0.681194598084764,-0.708771835082595,-0.642464183978272,-0.538323856615282,-0.360700900953807,0.111552560528802,0.363203531264013
"2020-10-28",-0.619413706867547,-0.635704510185012,-0.657158482900347,-0.690301900029373,-0.724055771376878,-0.663498538752207,-0.55873125887006,-0.379020456144505,0.0946274951975334,0.343257129928393
"2020-10-29",-0.603156235581559,-0.619635941929144,-0.641457267848285,-0.675584664608297,-0.711968153427732,-0.660299988421065,-0.560043483448392,-0.384013812105243,0.0928095702235437,0.348849977146174
"2020-11-01",-0.599093482704461,-0.61678291735502,-0.640265470487964,-0.677217304862303,-0.717615083875093,-0.670102448715682,-0.569550663388139,-0.391850443142285,0.0889642977040486,0.345813516826901
"2020-11-02",-0.604415685151631,-0.621566538419532,-0.644259449634202,-0.6797037518051,-0.717405287955197,-0.664497929101616,-0.562332793890511,-0.384281579240637,0.0909604736326114,0.342302541565815
"2020-11-03",-0.592565527436619,-0.611068217971822,-0.635707907585436,-0.674768084692422,-0.718690833947859,-0.678144730117011,-0.580550452841743,-0.406084417830583,0.0681623115132112,0.321417860910287
"2020-11-04",-0.593156008158381,-0.611365167866665,-0.635604992732661,-0.673994736952361,-0.716987980215657,-0.675465954540232,-0.577796223076714,-0.403292646175363,0.0720345389664525,0.326629170751586
"2020-11-05",-0.588586645768388,-0.606627767034459,-0.630635465458272,-0.668622631845691,-0.710993469330579,-0.668233477405111,-0.569804756439346,-0.394003929416511,0.0860171604027121,0.343990982295644
"2020-11-08",-0.593974597311415,-0.607605603169826,-0.625327820370814,-0.651843974827334,-0.675082843151342,-0.596266378515789,-0.484719944955444,-0.297687628829345,0.193942226076645,0.454666565054662
"2020-11-09",-0.575341528781327,-0.590443055553707,-0.610130774778443,-0.63981378116574,-0.666984390785202,-0.589820372300622,-0.476577011539324,-0.287381052522244,0.201515328376964,0.455476639049642
"2020-11-10",-0.562747421339526,-0.578662559701161,-0.599571588076564,-0.6316883330561,-0.663616807667198,-0.598994743003435,-0.492353604052803,-0.310633780363378,0.166279547449843,0.416189289810318
"2020-11-11",-0.566808473929527,-0.582475456659305,-0.603120804329228,-0.635050630610823,-0.667641588093484,-0.608842523061627,-0.506577109362882,-0.330141364048602,0.140095634324867,0.389762315770614
"2020-11-12",-0.565695613821006,-0.581777158727567,-0.603031679934981,-0.636135301652039,-0.670903864256818,-0.617446019160222,-0.517924155041714,-0.344679555237703,0.119685886228833,0.366807461603221
"2020-11-15",-0.570483874656578,-0.58632558590456,-0.607265760342785,-0.639885526740825,-0.674144307844404,-0.621117093013409,-0.522432334293881,-0.35035479742067,0.112558057428632,0.359851222788477
"2020-11-16",-0.559755539035132,-0.57662296051106,-0.599060276275678,-0.634527659532151,-0.673917817361089,-0.632353135511309,-0.538716812075883,-0.371543722347762,0.0859942017220288,0.332703720928034
"2020-11-17",-0.56416203959269,-0.580928896400431,-0.60314628876633,-0.637963077723045,-0.675451601377938,-0.626596765164627,-0.528605206268564,-0.356751909351556,0.104949752323228,0.350356032321953
"2020-11-18",-0.577788665027047,-0.591440374912907,-0.609574755048461,-0.638105588419145,-0.668955944132853,-0.625343344699469,-0.537598430662056,-0.379314500307036,0.0719426223579628,0.327478980851011
"2020-11-19",-0.602474115553307,-0.616163511944067,-0.634283431037284,-0.662562680811781,-0.692233711137946,-0.642664500829934,-0.550793152898523,-0.387522260079641,0.07031701075541,0.326080353537073
"2020-11-22",-0.582531669926936,-0.597946657110458,-0.618449365620615,-0.650818511177721,-0.68639931717192,-0.642922308647788,-0.550085608830985,-0.382767326747927,0.0883477424596291,0.350773022774723
"2020-11-23",-0.584003953733648,-0.598074219161596,-0.616706537977498,-0.645815996823045,-0.676487666597453,-0.626478339436237,-0.532811132929274,-0.366119492073339,0.101724676173174,0.363172662558922
"2020-11-24",-0.608855833314078,-0.621247347319524,-0.637572724727894,-0.662754222814179,-0.687820707240267,-0.631798957052406,-0.538227191391782,-0.373122270944812,0.0930493538960564,0.357149900908883
"2020-11-25",-0.607099989912141,-0.619112794854253,-0.635010916129229,-0.659782627674648,-0.685401528842048,-0.63628384744902,-0.548064193505738,-0.389207957048249,0.0724040987059179,0.341164735736462
"2020-11-26",-0.615474544125756,-0.626989983616122,-0.642182097361808,-0.665676247460537,-0.689211084401598,-0.63653906426393,-0.54735701363192,-0.388137479218643,0.0719251403662018,0.339142373714119
"2020-11-29",-0.664429761600831,-0.669676362957105,-0.676174990822159,-0.684610193447184,-0.685813346369658,-0.60543766233977,-0.514137177969836,-0.359240685922439,0.0925268154470099,0.368893365981974
"2020-11-30",-0.666536903652982,-0.669545691288759,-0.672879480378223,-0.675624032660031,-0.667648855208127,-0.571828180811043,-0.476114632204292,-0.318593572975478,0.134058907606153,0.411912441572784
"2020-12-01",-0.673377372099834,-0.6769150784432,-0.680944914479759,-0.684765595118458,-0.677909746271285,-0.580642743104077,-0.48238660579437,-0.321083951648667,0.136536738918928,0.412389268040723
"2020-12-02",-0.681730320126503,-0.687571296198905,-0.694763290105697,-0.703952748941622,-0.704671491163153,-0.614694166863052,-0.515379404121679,-0.350608699000364,0.10943750922197,0.377533907299009
"2020-12-03",-0.688325208187797,-0.69375646846216,-0.700370518623471,-0.708523427203799,-0.707563079405848,-0.614475888306281,-0.51385680744192,-0.347478122840891,0.11754107116989,0.389708449302274
"2020-12-06",-0.608560454754666,-0.624022334908441,-0.644386588641002,-0.675837837102677,-0.70772896047121,-0.64784982827621,-0.545099981325367,-0.367855467130339,0.10568937331703,0.357952079292883
"2020-12-07",-0.712614136630935,-0.717822235229443,-0.724227074522762,-0.73235963294152,-0.732594993002628,-0.647857719432099,-0.553416225934774,-0.394365152913345,0.0648480882037814,0.343109082403728
"2020-12-08",-0.723062867559657,-0.727742860028986,-0.733420134987926,-0.740307118973943,-0.738736011186209,-0.651781231752731,-0.556960610080872,-0.397481800549363,0.0661490337516769,0.350443601368011
"2020-12-09",-0.706993712562023,-0.712541738738646,-0.719449343514658,-0.728556683799892,-0.73058806397785,-0.649697331754396,-0.55649482613721,-0.397649612154039,0.0680689478327853,0.354202364805932
"2020-12-10",-0.727664070401191,-0.731636846084383,-0.736399978350756,-0.741935934063476,-0.739229871537162,-0.656242511258016,-0.56654161273086,-0.414738206202451,0.0357395388632193,0.319549491765077
"2020-12-13",-0.763369786053135,-0.763866263028174,-0.763797275969283,-0.760931941145243,-0.745702524509507,-0.647359621122537,-0.556977063313446,-0.408570897034848,0.0382972208037035,0.335478151372468
"2020-12-14",-0.746246750526412,-0.747422204714439,-0.748316206132706,-0.747190560205206,-0.734788285133476,-0.641212427781008,-0.552104456083186,-0.404222469525952,0.0437585069939804,0.341344853108406
"2020-12-15",-0.75081419442954,-0.749284437502135,-0.746356305252478,-0.738375251077721,-0.715006071496028,-0.603857546525624,-0.510606584567127,-0.361579739374913,0.0833701827567688,0.384209947468797
"2020-12-16",-0.765217849281894,-0.762825654212126,-0.75869773759085,-0.748628981015645,-0.722152251129679,-0.607354834472884,-0.514179731409497,-0.366434200535128,0.0774637455328212,0.384127494114883
"2020-12-17",-0.764006200482076,-0.7618011542698,-0.757913081215813,-0.748190252989197,-0.721962075087083,-0.605802337732877,-0.511039382953132,-0.361068853110391,0.0844480109917141,0.386635326848656
"2020-12-20",-0.757576872809012,-0.754994057763636,-0.750622593198702,-0.740207168008718,-0.71351490141744,-0.600544579424668,-0.50959716507282,-0.365466779111845,0.0703449385300535,0.375279178276795
"2020-12-21",-0.739967198421846,-0.738465631912383,-0.73566460510995,-0.728212437301969,-0.706790392742078,-0.605338743274287,-0.519357715116823,-0.379896589066542,0.0525541122902138,0.360039200655663
"2020-12-22",-0.699870776340926,-0.699997899173858,-0.699423276205599,-0.695706932882842,-0.679320839561726,-0.580358082326236,-0.490784918314905,-0.344108957271119,0.0990039170592326,0.396267765017978
"2020-12-23",-0.68926731260984,-0.689665649547346,-0.689458126494792,-0.686346585307951,-0.670744696445752,-0.572145477897099,-0.482180881593987,-0.335023414402818,0.105472680740913,0.396659463558673
"2020-12-24",-0.743472670273276,-0.740565051111389,-0.735695044679735,-0.724250258202203,-0.695427242418916,-0.576328269145553,-0.482068075553956,-0.334551800190848,0.100962099191319,0.397347266828798
"2020-12-27",-0.74309277143491,-0.740676091034197,-0.736563648764841,-0.726694956395466,-0.701166135565558,-0.591580511070086,-0.502354780996603,-0.359644447361162,0.0801087021402126,0.394964640482606
"2020-12-28",-0.706682303399958,-0.706933134273798,-0.706608900320542,-0.70359974156739,-0.689271350005413,-0.598860326638981,-0.515012551750765,-0.375071965037301,0.0642817712263901,0.37285850176776
"2020-12-29",-0.721019244547559,-0.72158845663371,-0.721660252100245,-0.719175071631182,-0.70499690329541,-0.610607672334622,-0.522500731604081,-0.376094692909217,0.0753751063894145,0.384167918666612
"2020-12-30",-0.714848500445867,-0.715748299585628,-0.716282992658517,-0.714615621300922,-0.701714189006996,-0.609411285021677,-0.52206578935882,-0.376723682717043,0.0688950756828882,0.370215284412581
"2020-12-31",-0.704257199472468,-0.707481656743565,-0.711102739698865,-0.714305768524628,-0.706877845162297,-0.611127797367503,-0.515083661407425,-0.357337715534585,0.0924720737540982,0.365696471950494
"2021-01-03",-0.580818804846392,-0.594907021555757,-0.613760760364061,-0.643911273004399,-0.678398940170635,-0.644746229156032,-0.560786879083073,-0.403412776958309,0.0668107563119903,0.344431928826667
"2021-01-04",-0.575106347967283,-0.58881782501379,-0.607060031694294,-0.635851736668426,-0.667279716052744,-0.624363988091115,-0.535613744339428,-0.373805721739502,0.0958886686299967,0.366810442936585
"2021-01-05",-0.591681117515388,-0.603224307387767,-0.618465764760343,-0.64207718285255,-0.665863736025704,-0.613400291648115,-0.52361840884402,-0.362479848383051,0.107511422412612,0.383199235004326
"2021-01-06",-0.558215990359535,-0.574999821195639,-0.597274635114157,-0.632297678186446,-0.670417150790896,-0.623398195965563,-0.525735888678172,-0.35289143741884,0.117632788387223,0.370798009322025
"2021-01-07",-0.568464331517637,-0.583780053837934,-0.604061862468818,-0.635773435976552,-0.669452457571795,-0.619185836783607,-0.522880977701308,-0.352910296008151,0.11367125867404,0.36793799319176
"2021-01-10",-0.558580481008923,-0.574080704311922,-0.594518349876963,-0.626163454369737,-0.658566835184148,-0.600403389502844,-0.498517262733617,-0.32196489234504,0.152298004922387,0.406097364410806
"2021-01-11",-0.577455260666038,-0.589186764607164,-0.604455043144348,-0.627323238623398,-0.647238975791991,-0.575206350346757,-0.472549143213174,-0.297323593106283,0.181054894406664,0.445283475092492
"2021-01-12",-0.57664360101796,-0.590467762740416,-0.608707211753384,-0.636962017987204,-0.665753519030358,-0.610102370450186,-0.513405696083402,-0.343587010259589,0.126754080472783,0.386975108849719
"2021-01-13",-0.567756559868047,-0.583636950958794,-0.604673327791274,-0.637597189660619,-0.672749071864058,-0.622643020206889,-0.525084969853184,-0.353136372902023,0.116122814717898,0.370054648386992
"2021-01-14",-0.567895426407601,-0.582895730434962,-0.602773628047615,-0.633890682519895,-0.667004407149327,-0.616987740266276,-0.520747169438748,-0.349691601296725,0.126597145539752,0.390089240021397
"2021-01-17",-0.576593919747177,-0.589589880532516,-0.606683274252031,-0.632956082471412,-0.658785205612417,-0.598854967341907,-0.500922667252051,-0.329699707388473,0.146459783530939,0.412125921067044
"2021-01-18",-0.573897703709182,-0.5883563982954,-0.60739117941826,-0.636740589633116,-0.666175342040728,-0.606215217128033,-0.505302322433254,-0.330266402924911,0.144894749802217,0.402650405780666
"2021-01-19",-0.5845002582855,-0.595806705494231,-0.610637927165844,-0.63326202870471,-0.654610753020701,-0.593898844235564,-0.49945456003533,-0.333561927250937,0.138360452464446,0.409372551728377
"2021-01-20",-0.595687409880131,-0.605198888102293,-0.617438059602317,-0.635220390409035,-0.648120417486813,-0.569676809767295,-0.467852256401043,-0.294976619941871,0.184680634164835,0.456790217425966
"2021-01-21",-0.576130871007183,-0.58756918349074,-0.602557054859754,-0.625360568925791,-0.646628114086341,-0.583586287592161,-0.486863485595869,-0.317497174552103,0.162658848721762,0.437633891388182
"2021-01-24",-0.568726831379117,-0.582340931279702,-0.600409099161092,-0.628764547496225,-0.659049807487448,-0.611725639168243,-0.519987702160284,-0.354275752003127,0.122939260203691,0.396741049931549
"2021-01-25",-0.567393855762376,-0.581050515882978,-0.599112723407482,-0.627236809590699,-0.656389699594163,-0.603232379756647,-0.507412155690602,-0.336735366877779,0.147033804623749,0.420929701938976
"2021-01-26",-0.572472380155782,-0.587554366891807,-0.607536096709236,-0.638792720110283,-0.671913856672497,-0.619976459093701,-0.52124240171381,-0.345469922918907,0.146809476959508,0.42104872730652
"2021-01-27",-0.589024454994031,-0.602590168655926,-0.620487048037981,-0.648186888813451,-0.676187563746004,-0.61821478472049,-0.518818674470107,-0.343019349177417,0.152976814622084,0.433252117993324
"2021-01-28",-0.585086366973559,-0.596232211092809,-0.610696432060457,-0.6322002608771,-0.65020029800204,-0.576503542864997,-0.474429164058654,-0.300851852899484,0.172859635883727,0.435040492945374
"2021-01-31",-0.57926880799702,-0.590254731936326,-0.604512855339726,-0.625709972283639,-0.643414238575724,-0.569949738242343,-0.468115138001206,-0.294436645909848,0.182620990499849,0.448541137785985
"2021-02-01",-0.606063404180185,-0.613536400315466,-0.622894090483223,-0.63549986215497,-0.64006582886904,-0.547701956812659,-0.442030620661103,-0.267189311009396,0.210475020664762,0.480506453821279
"2021-02-02",-0.584838030196682,-0.593887827128572,-0.605420683537399,-0.621751837097703,-0.631666920972854,-0.544569428612126,-0.437770298231379,-0.258903371763932,0.231201796146373,0.506947594585186
"2021-02-03",-0.586316914021022,-0.595236705519367,-0.606605842552461,-0.622709442966679,-0.632485030563835,-0.54629385083888,-0.440421201950787,-0.262751867744522,0.226075564500603,0.502345291656953
"2021-02-04",-0.587061598401555,-0.595631025946633,-0.606437293479094,-0.621306637168464,-0.628344749376713,-0.53395669253151,-0.423807229046465,-0.242024974292052,0.247760764570646,0.519609435671838
"2021-02-07",-0.580846256570802,-0.590652947824146,-0.603138819832762,-0.620795013366242,-0.631530968711331,-0.539291905585444,-0.427262818756351,-0.241698801184352,0.255375565765802,0.528241966065631
"2021-02-08",-0.595156881626511,-0.604200573569013,-0.615666990060101,-0.631683297938005,-0.640400729092576,-0.547462924925534,-0.436401955608503,-0.251896645777942,0.248690469426789,0.527979529171395
"2021-02-09",-0.604372719237731,-0.612330658298155,-0.622293152256928,-0.635706798021646,-0.640549366700756,-0.542387728747966,-0.430293996146843,-0.245150797662824,0.258894283948702,0.542755665478686
"2021-02-10",-0.604097800397656,-0.613965761984174,-0.626522174973904,-0.644246436821073,-0.654855488691286,-0.560672355887538,-0.446544131774613,-0.257345700244404,0.250860567374109,0.530770967219713
"2021-02-11",-0.595191393378276,-0.605620378416608,-0.618879903442615,-0.637568176470685,-0.648705008081153,-0.550157185903491,-0.431577345490207,-0.236353979942664,0.280907946503775,0.561680965837271
"2021-02-14",-0.583673170135341,-0.591529410848626,-0.601153864274942,-0.613314236438262,-0.613930545168496,-0.497485638634503,-0.373520125781501,-0.174691977234031,0.344195382834072,0.625103585681632
"2021-02-15",-0.582199204351351,-0.589765810555549,-0.598800684370774,-0.609310471912447,-0.605297634991916,-0.471766503571378,-0.337959451671419,-0.129160131792073,0.394266263770272,0.667293629446638
"2021-02-16",-0.58422428278205,-0.591903122948177,-0.601158853689801,-0.612269086990242,-0.609898645952135,-0.482274989173858,-0.351799838165226,-0.146302493204679,0.375905733498029,0.651725579408135
"2021-02-17",-0.581717382323134,-0.588090928085755,-0.595440888212651,-0.602926310754057,-0.594036415354717,-0.452088456984853,-0.31558690122296,-0.104699835516405,0.420970805472959,0.695016312981573
"2021-02-18",-0.591222933495598,-0.595937318311298,-0.600948295266922,-0.604248095800742,-0.588644306143171,-0.435175417492973,-0.294914753363788,-0.0808843103690994,0.449542465019735,0.726432965223854
"2021-02-21",-0.580492190119152,-0.587224234985148,-0.595072514978735,-0.60342739355867,-0.595864352896468,-0.455972470706342,-0.320130208299248,-0.109961501904562,0.413396276890264,0.685548590558062
"2021-02-22",-0.577827040552795,-0.585766198316082,-0.595078200603593,-0.605274355720615,-0.598098028064268,-0.447225087727665,-0.302435109552924,-0.0825187548129455,0.444311526349051,0.707311249001832
"2021-02-23",-0.5832881291084,-0.589270301797585,-0.59592333196523,-0.601684723584869,-0.588442389464952,-0.431658170959443,-0.286788972189915,-0.0672267499560562,0.465041751147175,0.735641017879275
"2021-02-24",-0.571501801483508,-0.57222361143501,-0.571439389415526,-0.563843461941851,-0.529168084163927,-0.337819162568768,-0.184981845260872,0.0355476724055686,0.546662386534956,0.799967297328933
"2021-02-25",-0.563596049895725,-0.570041769068145,-0.577241690893028,-0.583653320450675,-0.570506118972537,-0.411505381668528,-0.2666872157724,-0.0508724116074364,0.455016313758385,0.703487644570085
"2021-02-28",-0.594875180020376,-0.601936719843489,-0.61021412413117,-0.619228492576507,-0.612415489983523,-0.473151914435254,-0.337962370340864,-0.129937508776768,0.381435683753565,0.643586116354392
"2021-03-01",-0.582330269769688,-0.59108237407674,-0.601705254363939,-0.614784420633988,-0.613993134854567,-0.481900069502917,-0.346681655848714,-0.135932872530543,0.386201123102184,0.654308928478912
"2021-03-02",-0.598755617208711,-0.606472526210713,-0.615323276761816,-0.62421261371648,-0.613365687988807,-0.44919869588584,-0.29694342864856,-0.0695603956852135,0.461846242251111,0.721385999855027
"2021-03-03",-0.605119117422463,-0.611375953461473,-0.618283333760494,-0.624063968186329,-0.609403384550676,-0.443443545162556,-0.292299330878998,-0.0657691632991338,0.47249396212512,0.740763834596998
"2021-03-04",-0.601428575891547,-0.608050296035199,-0.615501133476077,-0.622348052149425,-0.609698569605722,-0.448430709512395,-0.299266897383976,-0.0743583901016718,0.463904482923046,0.733678141232972
"2021-03-07",-0.615014211380175,-0.619339788324632,-0.623583418843868,-0.624796374631118,-0.603513226627466,-0.430091694421729,-0.279040610463708,-0.0550390926774347,0.47510251650941,0.73997101276856
"2021-03-08",-0.615413426303349,-0.619160516338705,-0.622860410563747,-0.623981379331024,-0.605402711603803,-0.448670634975257,-0.307620444194661,-0.0918956126897725,0.450136330091768,0.738357654475736
"2021-03-09",-0.616736363744416,-0.620030568376319,-0.623168125054882,-0.623532298426115,-0.604565111728954,-0.450868788217488,-0.31239110250272,-0.0991200604099938,0.446047564272765,0.741789883460712
"2021-03-10",-0.609908449956341,-0.614790428468862,-0.620251575004262,-0.625043946170284,-0.61400812221089,-0.476634548337831,-0.34354083721176,-0.132346691641792,0.428333945960997,0.742378126359696
"2021-03-11",-0.610686125258778,-0.615481596791333,-0.620595055326656,-0.62403048222913,-0.608423919126029,-0.453022553829465,-0.310297257550086,-0.0916548701468362,0.454128669308601,0.741163190949712
"2021-03-14",-0.567396986256512,-0.579945389071052,-0.595597596793244,-0.616601556145347,-0.624829067442074,-0.489274685936375,-0.341950282665544,-0.112176139494402,0.445275874306301,0.723295829498246
"2021-03-15",-0.559710427416011,-0.572867510754905,-0.589349483288149,-0.61174536232077,-0.621895716937656,-0.488168713816889,-0.340675687943723,-0.110246418968308,0.448088520472477,0.725770800973933
"2021-03-16",-0.578128962482367,-0.589285932121252,-0.602860515605493,-0.619764622080868,-0.620138372758478,-0.465042446802065,-0.308263840656532,-0.0687384872319176,0.500804359103804,0.781118820635166
"2021-03-17",-0.556066876728157,-0.57212454886757,-0.592054476059767,-0.618547582735093,-0.628565794759338,-0.465426404908388,-0.29541962114462,-0.0406673539533227,0.53364663739405,0.800726021762203
"2021-03-18",-0.560834971414715,-0.576406077319009,-0.595833692450824,-0.622008572282426,-0.633309015116234,-0.479060865976408,-0.313925808722682,-0.0624964838697762,0.518954794634783,0.795520692517291
"2021-03-21",-0.559046488019009,-0.576740168702207,-0.599015530715427,-0.629818283769007,-0.647019626621731,-0.496088855125305,-0.32878053135153,-0.0736244659020429,0.512096086059557,0.787837864146701
"2021-03-22",-0.588483078191672,-0.60122407081257,-0.617163184369271,-0.6387114545318,-0.647782075779807,-0.511665239464555,-0.361401587698151,-0.124691969114956,0.459447892524234,0.75557476743855
"2021-03-23",-0.608664587194017,-0.618335560777555,-0.630195533910998,-0.64526458070129,-0.646697398054504,-0.510686119276774,-0.36726370543507,-0.140491394069281,0.433744605798529,0.734654273620963
"2021-03-24",-0.605172091082607,-0.616570494276933,-0.630743172147093,-0.64955285331371,-0.655690970075802,-0.522151017829206,-0.377234595096625,-0.148775106248391,0.419473497987897,0.710516802082468
"2021-03-25",-0.619257220274164,-0.628097370254062,-0.63870811240495,-0.651288459677968,-0.647906940861584,-0.500116161130748,-0.351468517141097,-0.120227251852064,0.454294032869755,0.750876000726881
"2021-03-28",-0.597903615756118,-0.60964511812393,-0.623996322962759,-0.642126678815047,-0.643869674104842,-0.487562220804627,-0.327894830762544,-0.0833202071916428,0.499354679955954,0.786376072415289
"2021-03-29",-0.604659803789286,-0.61336686782192,-0.623584813300829,-0.6347945687303,-0.627033075441654,-0.462130982182956,-0.303775472364285,-0.0632127913766197,0.513155545096803,0.800902829911043
"2021-03-30",-0.610677707564359,-0.619132443954182,-0.628975095907542,-0.639451950581406,-0.630330824726614,-0.46251912534817,-0.303200677064752,-0.0622828741564473,0.511571730169078,0.796698969134394
"2021-03-31",-0.602050437698382,-0.612537439270033,-0.625256836518692,-0.640916042030781,-0.640192330216393,-0.486739610674904,-0.331629133713105,-0.0931605553920595,0.482073150968825,0.769509234545524
"2021-04-01",-0.605159693554197,-0.616500001207783,-0.630313176716381,-0.647575893603227,-0.648276077773732,-0.492272351139608,-0.334181180843668,-0.0924996159906728,0.482437454485712,0.765464642740329
"2021-04-04",-0.608988900658895,-0.618866449243643,-0.630772582845072,-0.645125474727623,-0.642791439920146,-0.488700398930604,-0.334305451586887,-0.0967553113227578,0.479288364411719,0.769056967857235
"2021-04-05",-0.599581879118134,-0.610761114455091,-0.624368008618041,-0.641327355776029,-0.641743506138589,-0.485981082762919,-0.328132842369812,-0.0864356352947626,0.490634857273476,0.775796567259902
"2021-04-06",-0.588166167267304,-0.601604076492835,-0.618208633150167,-0.639927331055931,-0.646008407995039,-0.491253363087534,-0.329774597549631,-0.083222067799231,0.495452044927218,0.775512599470452
"2021-04-07",-0.603139793935032,-0.614535784871476,-0.628533429868651,-0.646466476306952,-0.649323386591635,-0.50138739246522,-0.347455212642763,-0.109082604122326,0.469029300962804,0.758594779841255
"2021-04-08",-0.59057511805143,-0.602184977375678,-0.616235184126066,-0.633464169583577,-0.632660525140313,-0.468256938675134,-0.305376189940732,-0.0598044748642411,0.511246309350078,0.786511268407089
"2021-04-11",-0.59351457717425,-0.604194377012274,-0.617004133156251,-0.632237835821397,-0.628932195069722,-0.462884310146003,-0.300259331430582,-0.0545826980469372,0.521851691768211,0.802657766089202
"2021-04-12",-0.611979218132985,-0.618504675834574,-0.625844317131506,-0.632547982113162,-0.619685706637173,-0.455709389492796,-0.302165208023682,-0.0676579881821178,0.507912114935886,0.803982370612105
"2021-04-13",-0.613863240316643,-0.620614365500954,-0.627999138889886,-0.633895079968003,-0.616833024324648,-0.432844332848805,-0.267219346451202,-0.0208772625080722,0.557007203813926,0.841538586994286
"2021-04-14",-0.614059686513045,-0.621862234551876,-0.630825976788723,-0.639865783076277,-0.62891071374006,-0.460439319232579,-0.302413944575708,-0.0639033958913556,0.504683162401463,0.787897891968156
"2021-04-15",-0.614968796219804,-0.62250320149526,-0.630933950931785,-0.638516218687778,-0.623579669395767,-0.441030223502695,-0.275227965946196,-0.0290716032879488,0.543567725836869,0.822663903630367
"2021-04-18",-0.594800905215835,-0.610710918974065,-0.630324535301117,-0.655877132958796,-0.663010370484777,-0.486686588861874,-0.306650903350904,-0.0376016443792899,0.569485991616008,0.852577007910652
"2021-04-19",-0.596018397838051,-0.612157421234812,-0.63219290842816,-0.658817679245787,-0.668677532838345,-0.501167658402088,-0.325618656371808,-0.0606539807044202,0.544887037715222,0.830117197348252
"2021-04-20",-0.598705112939168,-0.614481767805138,-0.633602928820607,-0.657342937444636,-0.658899997486482,-0.465760668024198,-0.280819783593692,-0.0138642024219302,0.557887011001334,0.813090387534519
"2021-04-21",-0.599065825049659,-0.613938821765888,-0.631813174605612,-0.653413413000656,-0.651859716846356,-0.45516508437868,-0.270242322185257,-0.00450632781097471,0.562807095297438,0.815697590345644
"2021-04-22",-0.599005027844328,-0.614772823996753,-0.633817209657795,-0.657214754697735,-0.657575634301219,-0.459729377904406,-0.272171388364047,-0.00264632059102199,0.571151788522123,0.826080748835178
"2021-04-25",-0.595084758547114,-0.610899662371216,-0.630010026748138,-0.653524179761768,-0.654066873056866,-0.456501518909518,-0.269012112090954,0.000483553109951629,0.574324325775846,0.829291252599774
"2021-04-26",-0.594169632495568,-0.610594548218275,-0.630442917333476,-0.654892613433926,-0.655745737950573,-0.454115477934855,-0.263649575552713,0.00861331238042717,0.582591622797242,0.835405567741713
"2021-04-27",-0.591408881495035,-0.607931738000652,-0.62779874727828,-0.651905295242261,-0.65104855605825,-0.442057809327362,-0.247651802897247,0.0280676472169913,0.602879906985017,0.853855276097079
"2021-04-28",-0.595612468341444,-0.611976313627528,-0.63136909708718,-0.653830504511467,-0.647826884042779,-0.41967815242341,-0.214699277412963,0.0716808546284322,0.657306101656984,0.909405741161356
"2021-04-29",-0.586400446331214,-0.60421193497832,-0.625571536162813,-0.651306511269803,-0.649709802933647,-0.424721857657844,-0.218076313199601,0.0722112071711206,0.668131002173239,0.925056193188881
"2021-05-02",-0.587254569733116,-0.605231359185768,-0.626870445698426,-0.653246855026997,-0.653080591748402,-0.431652202203956,-0.226157170912865,0.0638821055525218,0.663040108613813,0.92257098034319
"2021-05-03",-0.589938041259896,-0.607538172616612,-0.628843835859449,-0.655245110718548,-0.657025194235104,-0.446145990370468,-0.246562603127244,0.0382972211620713,0.636566246752626,0.899135480272624
"2021-05-04",-0.590899976047915,-0.608682350615424,-0.630151610424831,-0.656546286699131,-0.657359586179502,-0.44071421867683,-0.237383689241227,0.0516175302105224,0.655044634897823,0.918675552776512
"2021-05-05",-0.590322070732033,-0.608244923264782,-0.6298911032942,-0.656531830099946,-0.657496143175347,-0.439828907148272,-0.235383253355105,0.0552564685885485,0.662183890655537,0.927357871825599
"2021-05-06",-0.598409922048439,-0.614743968804407,-0.634098406049964,-0.65647699961679,-0.650127973611137,-0.4183896809436,-0.209160213310436,0.0847871530482726,0.691780682804539,0.955239328531967
"2021-05-09",-0.602155695475614,-0.618209879460767,-0.637184340051342,-0.658931524511972,-0.651737159156498,-0.419431739633209,-0.210565260114618,0.0825623644890972,0.687404201876034,0.949849032038889
"2021-05-10",-0.600893395875618,-0.616647087573592,-0.634862090164094,-0.654201271781503,-0.639974608005408,-0.384182269776526,-0.164229664473446,0.137648288471579,0.741849746408608,0.998092352769993
"2021-05-11",-0.604617159244228,-0.619108850142846,-0.635404938202931,-0.650877730230543,-0.629169601313976,-0.356273953042311,-0.129796633317104,0.176689502263683,0.780190122590196,1.03336924064006
"2021-05-12",-0.606743616916953,-0.621301970424106,-0.637566984293905,-0.652599294314658,-0.629056381765398,-0.349326146560299,-0.119812071668861,0.188573299200396,0.789501830922936,1.03963133582085
"2021-05-13",-0.602169428572327,-0.617115043330767,-0.63392423679712,-0.649924896187223,-0.627918514674732,-0.350748584606057,-0.122016369043983,0.185796618097486,0.786282928928317,1.03633752618641
"2021-05-16",-0.598668325529859,-0.614090258947485,-0.631377984427624,-0.647631740466016,-0.624199607466705,-0.337733335675979,-0.103545326610206,0.209389581418052,0.813240208149873,1.06261678955595
"2021-05-17",-0.599396054139517,-0.615026370681358,-0.632581265587812,-0.649225556824321,-0.626125285980548,-0.338766924398807,-0.103450746502669,0.211134348846515,0.818366672150185,1.06917118311834
"2021-05-18",-0.599030002343829,-0.614932483487228,-0.632823640998675,-0.649933214918043,-0.627240426545302,-0.340232112888456,-0.105691423115901,0.206885423533223,0.806959195928875,1.05373868483534
"2021-05-19",-0.596041694635439,-0.61388721063246,-0.634377984581063,-0.655719436715872,-0.638639841109364,-0.358019056681529,-0.125313207471214,0.184547115477072,0.775537880117325,1.01701343623254
"2021-05-20",-0.598397721970099,-0.617185831356799,-0.63899731470977,-0.662676806639978,-0.649269262080699,-0.374613113309328,-0.143660763156112,0.164959875255491,0.755053568723372,0.996387369243925
"2021-05-23",-0.608627203474169,-0.620774339307214,-0.633904910666072,-0.644201721171196,-0.616013995152832,-0.343103736618574,-0.124395376489902,0.16758199161775,0.733878171434972,0.969161119827245
"2021-05-24",-0.61368861239144,-0.625607846011044,-0.638745465795811,-0.650073447348541,-0.626577038156172,-0.372266656236147,-0.162536771358704,0.12271497638237,0.691506010004643,0.932874850910847
"2021-05-25",-0.619612886201273,-0.634286788039787,-0.650882327108506,-0.667078149946865,-0.647448160724737,-0.385911654973717,-0.169722174953949,0.120617010638318,0.684376697908523,0.918187580268716
"2021-05-26",-0.620921760053144,-0.634811927671892,-0.650426840515579,-0.665247838807105,-0.644512260976568,-0.384521951775587,-0.169477569681,0.1206424422645,0.689033874834593,0.926530821326533
"2021-05-27",-0.612859737764628,-0.625277674493889,-0.639186685558569,-0.652096687981828,-0.631668578533052,-0.383500060362038,-0.175019522361431,0.111177994683956,0.689023346761301,0.936507605610178
"2021-05-30",-0.60229458432468,-0.616729802743425,-0.633115111014162,-0.649307103474536,-0.630656314835725,-0.372653405724712,-0.156644123884286,0.136364367370593,0.714308255018675,0.956927823612256
"2021-05-31",-0.600246951975397,-0.615881430579801,-0.633594555040386,-0.651043869812156,-0.631112996526058,-0.35983015174577,-0.136654959746054,0.16130116659893,0.734027681228897,0.969673854532402
"2021-06-01",-0.604048490953569,-0.61942604118608,-0.636775055557827,-0.653566199581083,-0.63255575785686,-0.359292088132349,-0.135400873081965,0.163189637773962,0.736695764391048,0.972593747734672
"2021-06-02",-0.613321471636824,-0.627138340564753,-0.642536452003597,-0.656606910398852,-0.633516534436643,-0.36458125154656,-0.144379490231682,0.151328389947449,0.727320847039934,0.96703332088776
"2021-06-03",-0.62234833357343,-0.634881564424332,-0.648703771269351,-0.660682482663363,-0.636432755177091,-0.373499157954983,-0.157872593037648,0.133739602192396,0.709633052106614,0.952103127540536
"2021-06-06",-0.625928818716395,-0.636564091829623,-0.64818710524795,-0.657716491766731,-0.634018035562283,-0.388089415395273,-0.182818651989708,0.100739275215857,0.682263251523008,0.935020083769097
"2021-06-07",-0.625456244457238,-0.63561954455931,-0.646808357101853,-0.656292175466425,-0.634790067328728,-0.401492855080219,-0.203590140252163,0.0731865299376104,0.652373577330462,0.908422754615626
"2021-06-08",-0.6261543415535,-0.636942983994234,-0.649138904094932,-0.660818569546652,-0.644033903531873,-0.423090131653901,-0.230327097418376,0.0428405156346077,0.624591912116378,0.885273504042483
"2021-06-09",-0.633167361670207,-0.643303841686018,-0.654676455614536,-0.665178496616177,-0.647365409499678,-0.427214189256063,-0.234844232268504,0.0394476825096662,0.631153159656032,0.89954914444548
"2021-06-10",-0.624413579906251,-0.635858712553661,-0.649043583326577,-0.662686525337964,-0.649600944647542,-0.436415719932949,-0.245939035270719,0.0268174117691067,0.615552666836593,0.882088022369965
"2021-06-13",-0.628808121933609,-0.638527293402088,-0.649275870664191,-0.658550025715759,-0.638436537927214,-0.413272865106288,-0.219132428537517,0.0561496766320552,0.645942083646269,0.912111383008342
"2021-06-14",-0.622798359527132,-0.634088987358301,-0.646775516149516,-0.658642252348101,-0.639988767915003,-0.407076506187786,-0.206964301578143,0.0733654590240802,0.659151745254543,0.917417486785356
"2021-06-15",-0.62283210775016,-0.633103965833891,-0.644546211984397,-0.654792951252177,-0.635418229698292,-0.408510892888125,-0.21290975366816,0.0633567915475576,0.650230391043853,0.91292693048379
"2021-06-16",-0.623823164844487,-0.634214278602706,-0.645530827063585,-0.654649225698797,-0.630836918425025,-0.388404213608772,-0.187085524511922,0.0900635634214334,0.655445599814199,0.90013498951966
"2021-06-17",-0.62555995304778,-0.634549940965497,-0.643877038547336,-0.649410041048985,-0.6198990828734,-0.369627028298796,-0.168106277765632,0.105815693104475,0.656340586220337,0.892173083222611
"2021-06-20",-0.634022635106439,-0.638584573333434,-0.642229323609017,-0.639356992857339,-0.601778357688376,-0.35815001225836,-0.165779917042876,0.0999058540415143,0.65757983758385,0.907016120270478
"2021-06-21",-0.633969816480891,-0.640823146889632,-0.647442496711,-0.649075349128798,-0.616127483053573,-0.369558528917779,-0.171541931884269,0.101007425056629,0.664422077919614,0.912209250089698
"2021-06-22",-0.630327098896163,-0.637626842018624,-0.644939710324451,-0.648011631210394,-0.61795138437873,-0.378098976881536,-0.182409617956397,0.0891289614813027,0.656722381132479,0.908513919052512
"2021-06-23",-0.632791688800965,-0.639275971752731,-0.645539655547576,-0.64705385270588,-0.615500524075726,-0.377173999190872,-0.183620533383296,0.0855790472319018,0.652335111838974,0.90564206638617
"2021-06-24",-0.631840906499701,-0.638734507757482,-0.645234458029876,-0.646083788018693,-0.610029573083374,-0.34985313503663,-0.143395802611448,0.138651227942848,0.715148665754978,0.966372277339372
"2021-06-27",-0.618963718139352,-0.628448629064614,-0.63864357788661,-0.646233363868318,-0.621356843651766,-0.381277232199822,-0.181132752951607,0.0968781651720444,0.674127622115357,0.927950330474687
"2021-06-28",-0.615620820127737,-0.625997568456832,-0.637293435198804,-0.646362162982187,-0.6223565995119,-0.378181646768757,-0.174882314337686,0.105755020794019,0.680986209392813,0.930953317197074
"2021-06-29",-0.617320067310937,-0.630939141249961,-0.646585566284193,-0.66275202378325,-0.648054326437922,-0.412312653512589,-0.209365186613067,0.0710750659557906,0.640026883014188,0.884174992438687
"2021-06-30",-0.623504849179965,-0.633599348362596,-0.644798757366068,-0.654644656011727,-0.634804794480684,-0.408779528667558,-0.215027165656807,0.0576974464778526,0.634044584547818,0.89091706869973
"2021-07-01",-0.622400806544391,-0.632247844879579,-0.643361885058852,-0.653890465659901,-0.637744255522955,-0.428149119606613,-0.24326403994631,0.0219128136329528,0.5992464850855,0.863199118500151
"2021-07-04",-0.616692089313801,-0.626257501694287,-0.636829895009239,-0.645934614694651,-0.626118191934687,-0.40524396202955,-0.215373653663572,0.0531346817851001,0.625737153427038,0.883078073127651
"2021-07-05",-0.614789015931971,-0.625573336224402,-0.638073645571286,-0.651301251653565,-0.640245174946525,-0.443422556246902,-0.265146582641901,-0.00759177447501647,0.556219207046531,0.814595340678749
"2021-07-06",-0.622410821547186,-0.632177529372694,-0.64344434158177,-0.655114524628218,-0.643663600190256,-0.455413676873961,-0.284192244695282,-0.0347351528481876,0.520744207873741,0.779507683863816
"2021-07-07",-0.62442320641343,-0.635097230324985,-0.647509585920019,-0.660799961616438,-0.650569408199961,-0.458514299272176,-0.283480070765051,-0.0297233616242958,0.528722377826309,0.785794746310046
"2021-07-08",-0.621524455571255,-0.630605848530531,-0.640931909617837,-0.650990998356835,-0.637126306806821,-0.444629956769363,-0.271207941176465,-0.0183107023879308,0.548212088687657,0.814016030529378
"2021-07-11",-0.626651809609196,-0.634454660779223,-0.643111575280902,-0.650613672856257,-0.634032416984829,-0.442843774269462,-0.272453424484435,-0.0231708618866703,0.542006945357007,0.810825250793964
"2021-07-12",-0.626469523419244,-0.634655127233357,-0.643874686626488,-0.652455188320875,-0.637814303994568,-0.450568283572503,-0.281431263976767,-0.0326390551465652,0.535176113367007,0.806631318923356
"2021-07-13",-0.629056670040045,-0.638284071797332,-0.648960245309795,-0.660110362732639,-0.649484083118802,-0.468813870251853,-0.301807441040386,-0.0549634858790995,0.509119461946904,0.778360768223046
"2021-07-14",-0.639224360246384,-0.648175340936284,-0.658468439805691,-0.668962547212685,-0.657434371537204,-0.476637003317344,-0.310950496415849,-0.0670453490069826,0.487197848365471,0.75050006011295
"2021-07-15",-0.647844085681655,-0.656921750366037,-0.667523927346607,-0.678979391090275,-0.670220045944986,-0.498162153208371,-0.335751440522575,-0.0923976762073719,0.476430418772788,0.753670051595088
"2021-07-18",-0.64664522652688,-0.655269102397647,-0.665418167958189,-0.676670772597026,-0.669579957543595,-0.509340447510073,-0.354902003012011,-0.120058602763634,0.443034089681378,0.724250190627674
"2021-07-19",-0.642914038656198,-0.653758584987533,-0.666943634183703,-0.683319851257773,-0.683424557736962,-0.530790563016364,-0.376483266817675,-0.140349945889607,0.42318356871401,0.701600873831804
"2021-07-20",-0.642261514806176,-0.652998850009666,-0.665957854851771,-0.681679454385448,-0.679872835204552,-0.519512515789092,-0.360083428584773,-0.117529201954792,0.457408540664631,0.739987114921639
"2021-07-21",-0.642258762453091,-0.65333944362377,-0.666960965156401,-0.684445959430272,-0.687337061965613,-0.543044720489886,-0.392138840833175,-0.15744154518464,0.41630576313876,0.705961535998086
"2021-07-22",-0.626006269927557,-0.640032377001555,-0.657636130324235,-0.681689855771605,-0.693264620400746,-0.555173561329624,-0.401892155115308,-0.162478462193692,0.416062656274426,0.702810775789893
"2021-07-25",-0.635250470013959,-0.647883910038345,-0.6635431575584,-0.68417919250086,-0.690481381928157,-0.544395683101992,-0.389124500074556,-0.148603616345743,0.430588882230752,0.717873029331255
"2021-07-26",-0.632715606371236,-0.646536847101177,-0.663895344810263,-0.687647890881633,-0.699162964008235,-0.562477274656017,-0.409971556340033,-0.170697325437692,0.412301384662389,0.703603424943891
"2021-07-27",-0.62338547967456,-0.634492207801936,-0.648416988733634,-0.667299984972347,-0.67514348386191,-0.549970141845501,-0.408468061909444,-0.179693107115443,0.414548392022326,0.732221063892442
"2021-07-28",-0.616028815467381,-0.628922958714713,-0.645239062016802,-0.667980841171717,-0.680624612401128,-0.557395645918293,-0.413682793150229,-0.182027318530558,0.408948186626211,0.717653860744609
"2021-07-29",-0.624463857716498,-0.635439329212912,-0.649209784591023,-0.667923308456314,-0.675889952063613,-0.553343709497059,-0.414434814782699,-0.189710987645038,0.394279129588257,0.706536614376896
"2021-08-01",-0.62149251042722,-0.638782650682768,-0.660923425856733,-0.692880592929851,-0.716384940097099,-0.594765253993551,-0.444332677214433,-0.204855646166063,0.378584973785167,0.667432723582548
"2021-08-02",-0.626314915763943,-0.642092290755581,-0.662244094177551,-0.69111189356054,-0.711216210099629,-0.590985693264311,-0.444592934961689,-0.210625864421739,0.366939866067449,0.657144030937529
"2021-08-03",-0.626582775402891,-0.643299581368991,-0.66479261184338,-0.696109814085324,-0.720265430001397,-0.606964497504329,-0.46225065016744,-0.228393513472052,0.354831512897658,0.649827360948143
"2021-08-04",-0.631063300178412,-0.646333466709676,-0.665905746390278,-0.694179884966498,-0.714798693678086,-0.602205397420254,-0.461559175991062,-0.234101509167015,0.337791509390754,0.630055665110526
"2021-08-05",-0.635492897329964,-0.648095288237261,-0.663914479578274,-0.685501923830234,-0.695520853119405,-0.565752300745731,-0.420441492677993,-0.190399348577531,0.380824801167929,0.671893782928463
"2021-08-08",-0.655313175398131,-0.663994961954105,-0.674588683965494,-0.687819743511809,-0.687774526137615,-0.556702365457624,-0.419097862443945,-0.200305074056513,0.362146430769452,0.662045789167765
"2021-08-09",-0.637671444519426,-0.645404994598791,-0.654877353702724,-0.666815491231225,-0.667111411599299,-0.548297737512354,-0.420615046701336,-0.213336431749917,0.341493761619357,0.650336149995713
"2021-08-10",-0.649958796041419,-0.660581060038217,-0.673747423748254,-0.691043624122121,-0.695702906566225,-0.563942820313838,-0.421607791303863,-0.196171333221753,0.37158290709348,0.666472848262209
"2021-08-11",-0.646911314821181,-0.657096142167155,-0.669694232323498,-0.686133504509922,-0.689957960446005,-0.559378711895354,-0.418789710581411,-0.195664673989174,0.36966706250021,0.665359188233488
"2021-08-12",-0.634700086574667,-0.642847471973494,-0.652879631194712,-0.665737923474993,-0.667210365680873,-0.548627784979415,-0.419778012831463,-0.210243231550494,0.350355518402631,0.661768989857479
"2021-08-15",-0.644469004627739,-0.654898191146349,-0.667827432510979,-0.684816561393475,-0.689387896389055,-0.559566153602602,-0.41907516621442,-0.196145120136394,0.367349455674338,0.661136070346672
"2021-08-16",-0.638223902597133,-0.650465528312927,-0.665819516641389,-0.6867196545663,-0.696138109984409,-0.56795580545927,-0.424711796140049,-0.197694180154241,0.367815785595777,0.657012708259935
"2021-08-17",-0.638382919915143,-0.651294978689063,-0.667547525478472,-0.689904010619887,-0.701162272983997,-0.573929821323213,-0.430008590455404,-0.202040095153696,0.362772123659201,0.649598090959671
"2021-08-18",-0.643287801317178,-0.655513205222905,-0.670873414088766,-0.691884616124639,-0.701843892282665,-0.576711993480867,-0.435915773314234,-0.212431519359656,0.344902931873803,0.630059283317103
"2021-08-19",-0.644319888880875,-0.656933514586023,-0.67283960238554,-0.694821536957558,-0.70630733290628,-0.583502570289826,-0.443174275172119,-0.2196638595466,0.339125430652043,0.625337150072772
"2021-08-22",-0.641932720404185,-0.655037548762373,-0.671545527095979,-0.694307668674712,-0.706059822575915,-0.579142132089101,-0.43524777027696,-0.207568946632348,0.354716005126976,0.639226131384593
"2021-08-23",-0.647062788650666,-0.659381633365711,-0.674756429187355,-0.695412081501506,-0.703550261132431,-0.569716784917652,-0.423587377824847,-0.194694041763185,0.365114031171204,0.646547367172149
"2021-08-24",-0.651237218444249,-0.662411847206031,-0.676013884512012,-0.692970149919636,-0.693401621086842,-0.537782912576688,-0.380061107252226,-0.138550140001839,0.438088788705959,0.72304009229356
"2021-08-25",-0.655123558668807,-0.665216030296374,-0.677336769855628,-0.691785666627145,-0.688660783318077,-0.528978280852765,-0.370834077859831,-0.129343510222371,0.448831674271366,0.736147003429628
"2021-08-26",-0.657602371913197,-0.667145905928605,-0.678617622417091,-0.692309138860654,-0.689275643338788,-0.535326048047117,-0.381309585770328,-0.143707466816397,0.436425159996938,0.730468623095232
"2021-08-29",-0.668650837097619,-0.676550447995185,-0.685923805890353,-0.696578672628272,-0.6910564719787,-0.543795235567735,-0.39713300515155,-0.168046818359397,0.409150063151143,0.712185231517665
"2021-08-30",-0.676982313469665,-0.682114485078674,-0.687497805511233,-0.690725199067086,-0.67236054162883,-0.49917053109318,-0.342620628304417,-0.105409505922046,0.475522838454484,0.775258171620649
"2021-08-31",-0.678478229163208,-0.68431783207819,-0.690638539698977,-0.695342057200074,-0.678643693356923,-0.50459764161712,-0.345532331892295,-0.104318500325613,0.484338779157991,0.786330046174406
"2021-09-01",-0.6641426813772,-0.672027868350483,-0.68121545599942,-0.690987776417762,-0.682173095922749,-0.5198848808243,-0.363177822091841,-0.122068317892268,0.47188185297202,0.777296045903998
"2021-09-02",-0.674766305925929,-0.680210171717168,-0.686025246407816,-0.689993817589983,-0.672670036092084,-0.499944008382397,-0.342277292875022,-0.102365778446516,0.488412856803166,0.794639800633746
"2021-09-05",-0.63252093876747,-0.644190317883788,-0.658379191357877,-0.676018012540756,-0.676290019669461,-0.514063443426793,-0.350584650201686,-0.101418949981413,0.488541112677982,0.777724411151262
"2021-09-06",-0.595203094323947,-0.605980837207268,-0.618916418737549,-0.634327269767215,-0.631093544864992,-0.463446719355125,-0.298769415690529,-0.0494023806720291,0.538171048894358,0.825568631724292
"2021-09-07",-0.611008033347172,-0.623334339511378,-0.638233829061183,-0.656455140692397,-0.655485099536992,-0.482432677291611,-0.312366671491986,-0.0578204989174302,0.52633377913066,0.804402510719487
"2021-09-08",-0.642390960581464,-0.651681541396678,-0.662767692574006,-0.67567541598816,-0.671081185801422,-0.513163228441452,-0.357343766654364,-0.11817789895169,0.462183161165564,0.754898529223674
"2021-09-09",-0.610813803205276,-0.624198965029016,-0.640539544347948,-0.661175500281364,-0.663564974535591,-0.494255392100483,-0.324690900824465,-0.0705098413021922,0.510743976203127,0.785904945423205
"2021-09-12",-0.630225986402136,-0.640910519232925,-0.653658089611689,-0.668551709410727,-0.663919767417745,-0.491652471332679,-0.324756724313364,-0.0737431184917317,0.511810727273257,0.795707658939737
"2021-09-13",-0.634965559013857,-0.646064568787985,-0.659387635351652,-0.675286394815062,-0.672212089939679,-0.502728007925009,-0.337117255245309,-0.0878910618155474,0.49230999871414,0.772742574179962
"2021-09-14",-0.644295408934149,-0.653891491180644,-0.665010703681537,-0.676691858753965,-0.665978216770193,-0.479794621541786,-0.307410349991652,-0.0525038844834222,0.530202150154104,0.808374385183246
"2021-09-15",-0.64076561628372,-0.651270182919629,-0.663527706743329,-0.676786729385124,-0.667127668184706,-0.476437387238851,-0.299882958600615,-0.0404870249426037,0.543906609318526,0.818778664980049
"2021-09-16",-0.638044516744975,-0.648997686180245,-0.661761334569605,-0.675520840211811,-0.665373808136617,-0.468472953737074,-0.28771908126329,-0.0241938292924325,0.561345991267793,0.833238058868257
"2021-09-19",-0.627386259876281,-0.641425430165442,-0.658442031174098,-0.679495167616451,-0.680006496221803,-0.496545870773602,-0.317621719343723,-0.053671784342891,0.534724759070763,0.807070000443526
"2021-09-20",-0.627633974338047,-0.64080281175128,-0.656693211237396,-0.676055834729966,-0.674901778065943,-0.493128197672203,-0.316806297971129,-0.0560488951750922,0.529514810739685,0.802656190201372
"2021-09-21",-0.629694359004669,-0.641892343780555,-0.656521101111202,-0.67397386071823,-0.670895093415235,-0.491001842317334,-0.317837547675036,-0.061284372746739,0.518782785532815,0.791417735236183
"2021-09-22",-0.6298313010568,-0.642402773186817,-0.657034503483646,-0.672829592101067,-0.661902009760743,-0.448224805653541,-0.256893828593266,0.0151806007667791,0.593175923760696,0.850862289308401
"2021-09-23",-0.627659793295519,-0.640660216437045,-0.655694189763673,-0.671562413200704,-0.658706437277165,-0.43323272267479,-0.234493295005359,0.0452255901417851,0.629975836712294,0.887207640800173
"2021-09-26",-0.624104772896203,-0.637199951180409,-0.652336307704081,-0.668294288441408,-0.655326949692937,-0.429117834475178,-0.230360038938312,0.0485954448766771,0.628947645291403,0.883197053160447
"2021-09-27",-0.626149056545809,-0.640200932381525,-0.656248677639441,-0.672478755144603,-0.655888529789289,-0.409460088935086,-0.200511654671345,0.0852080997087785,0.655550441309697,0.897179154088618
"2021-09-28",-0.629993248198365,-0.64308184205915,-0.658006043279864,-0.672952754145141,-0.656470179792517,-0.417670309969008,-0.213146238308154,0.0696803184702302,0.645410515843684,0.893329781438284
"2021-09-29",-0.634636604052407,-0.648290947384862,-0.66389281202685,-0.679665434874592,-0.663257301770208,-0.418999100328118,-0.209949148780432,0.0784742629678929,0.662958918331576,0.913658167917998
"2021-09-30",-0.635072694150925,-0.648323077447804,-0.663636541017774,-0.679771893744245,-0.666605453291075,-0.437497493043606,-0.236227933164663,0.0462396794618871,0.633878650246697,0.891316756151504
"2021-10-03",-0.670768560985009,-0.678104203455281,-0.685592486801192,-0.68934738705343,-0.661351949376384,-0.426369743624081,-0.230312675189819,0.046413028237438,0.641489315386278,0.912093701350226
"2021-10-04",-0.678572389515235,-0.685058209835942,-0.691221831677615,-0.69220385771048,-0.658504718836207,-0.408842895802238,-0.206328285530147,0.0757215791672761,0.671684705847609,0.939025903892978
"2021-10-05",-0.673291220930614,-0.680846712566067,-0.688387501237839,-0.691421336964743,-0.659742318413874,-0.408736418278332,-0.204190440664558,0.0795367500459867,0.672444533986763,0.935434665023274
"2021-10-06",-0.678345543901941,-0.687222429283521,-0.696527989906752,-0.70239827441189,-0.674195175917294,-0.423934461600776,-0.216727534099593,0.0715842169766822,0.674138468263661,0.940928723881423
"2021-10-07",-0.672886415970359,-0.681298730042991,-0.689793060984477,-0.693730614483174,-0.661025849255791,-0.39880766232703,-0.187355053975023,0.102376101651196,0.694396193202576,0.951825092185071
"2021-10-10",-0.668323882338209,-0.675686018330763,-0.682634927353387,-0.683611386188514,-0.645616516627257,-0.373105234415617,-0.15871472391401,0.131813934511356,0.717442668174638,0.969636086481762
"2021-10-11",-0.654118110703935,-0.663044683454811,-0.671839255462278,-0.675007209623151,-0.637249106180734,-0.354310754478996,-0.134147525671345,0.159185221687562,0.732093190695932,0.972238233191761
"2021-10-12",-0.66903086437108,-0.674631171640315,-0.679235427715917,-0.676491120204787,-0.634234024117762,-0.364164155250703,-0.157084078705115,0.120830592170454,0.675437801716147,0.912802448119082
"2021-10-13",-0.659792722180163,-0.66824083564425,-0.676954051563657,-0.681856788498162,-0.652747286652538,-0.40820037134757,-0.209994948199151,0.0615055948478099,0.614771316334681,0.854610092903002
"2021-10-14",-0.68744917661991,-0.691457342797508,-0.694038420966137,-0.688374224042678,-0.643611430198262,-0.377871335097298,-0.175554099116929,0.0972908758707377,0.649363223389214,0.888901929578765
"2021-10-17",-0.670136846007791,-0.670356644533244,-0.667802186964975,-0.653644386778942,-0.597736333858621,-0.32684494036349,-0.132110958335266,0.125109050139488,0.635679668751775,0.854943577951064
"2021-10-18",-0.667385814511172,-0.670100642247987,-0.670576419028567,-0.660296994656443,-0.605791308809812,-0.317904532404125,-0.109754637715976,0.161840379444332,0.685160797992817,0.903709171936929
"2021-10-19",-0.66189230249685,-0.670028107752288,-0.677632476912826,-0.67849144591082,-0.636854915543955,-0.351260925597428,-0.135793024264726,0.145686535188875,0.679926780681401,0.899139882608624
"2021-10-20",-0.671537051750841,-0.675064196949347,-0.676344646558652,-0.666468496642834,-0.609643217430823,-0.308983268398017,-0.0956140729024945,0.177291697086788,0.685511345016239,0.892051908529983
"2021-10-21",-0.66933506400766,-0.672070458245352,-0.672467873908636,-0.661739711465495,-0.605755225058902,-0.314764591908828,-0.107452505032855,0.159701982357447,0.66423908606156,0.871644361208728
"2021-10-24",-0.662463198210858,-0.670670425329923,-0.678193274950067,-0.678369968415513,-0.634222085027335,-0.341569424628516,-0.124991941578494,0.153805946111722,0.671227144785752,0.880047227243231
"2021-10-25",-0.677102743039262,-0.683327492638608,-0.688218030424572,-0.684199475526534,-0.634937434184147,-0.340260698757135,-0.126124593039425,0.148640777107631,0.658803945466644,0.865125745035413
"2021-10-26",-0.697305613021931,-0.697714818523965,-0.695378904086474,-0.681476095499856,-0.625668038349312,-0.355203981710595,-0.162046170352911,0.0912542919538595,0.587545008482284,0.798294321108902
"2021-10-27",-0.700973362552618,-0.699371595282302,-0.693863500085441,-0.673266569556808,-0.603879689900903,-0.302864435839864,-0.100423359516118,0.154916225334168,0.627711841128522,0.82011444627136
"2021-10-28",-0.699953836034027,-0.696417439774902,-0.687843791797026,-0.660777220486018,-0.578491358611832,-0.251458376642665,-0.0438347382766499,0.20785476585624,0.648138470174247,0.820283525592633
"2021-10-31",-0.683567092568622,-0.686055306126255,-0.685360999851966,-0.670493315055301,-0.602087916214803,-0.277938841118304,-0.0634744866502581,0.197226673475824,0.648168429409821,0.822282854699859
"2021-11-01",-0.705571320856974,-0.707417379262297,-0.706630640725773,-0.694012785788611,-0.635770770589595,-0.344778256418607,-0.139718204566939,0.123593285829441,0.619491569040149,0.823114503339211
"2021-11-02",-0.71283928609923,-0.714254486371673,-0.712868541937257,-0.699218455073084,-0.639536135277048,-0.34805640161567,-0.144587739464941,0.115308307440547,0.601370362778913,0.79998237561944
"2021-11-03",-0.708231803577776,-0.716874605045013,-0.725529744893226,-0.729312842640146,-0.69548926004229,-0.43431357781969,-0.230036124001199,0.0425423451255,0.57551836763792,0.799027245255922
"2021-11-04",-0.711682186119277,-0.719414853765534,-0.727189157363949,-0.730675832177843,-0.7004020375277,-0.461944684020836,-0.272197544961742,-0.0151695971244318,0.50005225814154,0.720523634919771
"2021-11-07",-0.697351561125561,-0.708700261057631,-0.720868582767931,-0.730012492564515,-0.702081243024268,-0.442182861901092,-0.236288455614916,0.0364876163115553,0.559592240950941,0.775105600793417
"2021-11-08",-0.718293036136638,-0.731290083418115,-0.745627719855342,-0.758211374489984,-0.734712031162902,-0.481421035232927,-0.279880395967447,-0.0150727324121752,0.483731738336927,0.686176670338602
"2021-11-09",-0.732715340023878,-0.741901478241256,-0.750650713994493,-0.752588600732836,-0.710242954606987,-0.420249700654017,-0.207134302042001,0.0641306282406884,0.557749245864816,0.754003216189962
"2021-11-10",-0.743861525974046,-0.753095070766257,-0.761627552701229,-0.762329225166844,-0.715655850284706,-0.411936609845297,-0.193946344402292,0.0789738231845053,0.564039697147089,0.753838658809078
"2021-11-11",-0.741602987265531,-0.754007141383615,-0.766992212080109,-0.775572057228159,-0.741034826979614,-0.453552759270718,-0.236920778177993,0.0394345618918605,0.540161558534549,0.738186641959328
"2021-11-14",-0.897214534177192,-0.880059513187494,-0.854058401145233,-0.80131886684262,-0.694394531267685,-0.383138149375003,-0.196495277275315,0.043514219002119,0.549697143821543,0.792849043604258
"2021-11-15",-0.923245323783648,-0.905458216059153,-0.878694997117077,-0.825006844443943,-0.717879663164736,-0.411303137512715,-0.227310699602426,0.0126212152286997,0.542029547395206,0.81264811905979
"2021-11-16",-0.925977986092112,-0.907714830362895,-0.880322384878137,-0.825648214828572,-0.717419744609869,-0.411314811511272,-0.22864713532299,0.00971008473280799,0.540990917653454,0.817644105219587
"2021-11-17",-0.92255132082599,-0.904148911597712,-0.876749698342239,-0.822706616111392,-0.717763864993408,-0.429479715929155,-0.259705388392914,-0.037039747976753,0.480367562472844,0.771877701696724
"2021-11-18",-0.93238256059552,-0.914495901775905,-0.887922322127244,-0.835691546170868,-0.734840511121852,-0.459885210002469,-0.29799597408013,-0.0839243539826105,0.432503381290037,0.745034998566564
"2021-11-21",-0.964617632666002,-0.943490983213801,-0.912231176311551,-0.851225686820941,-0.735017616529351,-0.428056726079385,-0.253469755690507,-0.0288199072516637,0.488973454327252,0.790256030235951
"2021-11-22",-0.973345541345241,-0.949540124343392,-0.914376004257859,-0.845957283605133,-0.716399906014003,-0.379322020497236,-0.19118140412259,0.0467375327963187,0.574800667701651,0.86698408368749
"2021-11-23",-0.983620432088211,-0.959749811027182,-0.924481412034787,-0.855832114086056,-0.725734679861199,-0.386566176219646,-0.196782345870802,0.0437693672267138,0.580332549272254,0.879165054688918
"2021-11-24",-0.93723705743224,-0.917836671085314,-0.888842477604376,-0.831309157952598,-0.718533727335263,-0.4049864513434,-0.220186749230136,0.0196874296039735,0.553910844442377,0.834134017936975
"2021-11-25",-0.879926909406361,-0.867784302194854,-0.84907608129184,-0.8101049908818,-0.727462837310079,-0.465005008579729,-0.294342598429316,-0.0610914598425124,0.485190751991177,0.776703435945317
"2021-11-28",-0.958827613093929,-0.938226133317524,-0.907731280300609,-0.84817638068505,-0.734572297596623,-0.433411262212559,-0.261356913497108,-0.0390460628598955,0.478058885094727,0.782689058468571
"2021-11-29",-0.955217199291426,-0.934877145431917,-0.904795585722319,-0.846139611909911,-0.734595258266397,-0.44121943901818,-0.275250140477941,-0.0627459962736259,0.42175954871757,0.699580827674153
"2021-11-30",-0.987983897764633,-0.965194470414965,-0.931576267901964,-0.86632199190925,-0.743338931351074,-0.427177070583647,-0.253316076618161,-0.036424502931191,0.431249392258413,0.680483817216473
"2021-12-01",-1.03541219799524,-1.01170020135431,-0.976744026932372,-0.908972190756322,-0.781538811134238,-0.45584305474902,-0.278031224052397,-0.0576649178760905,0.410997741469552,0.656408883380438
"2021-12-02",-1.02934411206309,-1.00613008342397,-0.971905161030919,-0.9055411866874,-0.780718534824748,-0.461459353196122,-0.287001697923768,-0.0706125504027372,0.390390505689477,0.632322173863277
"2021-12-05",-0.962826988121857,-0.942554695892901,-0.912582753671169,-0.854173272019233,-0.743220491182421,-0.452223181133718,-0.288176119030747,-0.0788133391620373,0.395169489780439,0.66440135043364
"2021-12-06",-0.967659117442948,-0.946752360308909,-0.915869587635718,-0.8557796754807,-0.741988478940627,-0.445896009066538,-0.280607567719724,-0.0715592844219344,0.392557419003213,0.649454662013887
"2021-12-07",-0.994316249947068,-0.970570124691315,-0.935562636408124,-0.867687850065771,-0.74004806751578,-0.413741967510157,-0.235540857509868,-0.0146291112006244,0.455473135925698,0.701823728923011
"2021-12-08",-0.958007327464631,-0.936910565156077,-0.905746946979782,-0.845109969798938,-0.730280520022505,-0.431471314207258,-0.264655808373042,-0.0536639788946289,0.414825834690311,0.674186034141726
"2021-12-09",-0.889445325959375,-0.870589618631206,-0.842688515706946,-0.788232621540113,-0.684481441987603,-0.410294778885511,-0.254256202614734,-0.0533632527278196,0.410232186240701,0.680419571812612
"2021-12-12",-0.822874385028211,-0.807763351599015,-0.785329710546495,-0.741286749501944,-0.656393069827143,-0.425234353342215,-0.288694271040556,-0.106661992099523,0.347704625903741,0.64293325708136
"2021-12-13",-0.831628941036006,-0.815587303868891,-0.79179395722211,-0.745158267237139,-0.655559188320225,-0.413628302774621,-0.272212978224575,-0.0855348006963172,0.370028806866854,0.656774932513021
"2021-12-14",-0.854183542805446,-0.837117252047565,-0.811826380191905,-0.762333492327582,-0.667540825378254,-0.413629928682737,-0.266686225853636,-0.0745204073606598,0.384614408817916,0.665223645829867
"2021-12-15",-0.84665984457386,-0.829950273710114,-0.805163503606383,-0.756571101550453,-0.66317626403685,-0.410742746114305,-0.263003519338715,-0.0677472485253593,0.410028403371283,0.711886098084758
"2021-12-16",-0.873088919433093,-0.856466787774444,-0.831806166022315,-0.783448579833607,-0.690457522986118,-0.43878388240985,-0.29124731002091,-0.0959568023850453,0.383589195025856,0.688066775839523
"2021-12-19",-0.816528768479663,-0.80196411504341,-0.780289085881505,-0.73755247942457,-0.654490216541552,-0.423700564894766,-0.284181273380148,-0.0944669579633811,0.397368698926479,0.73010476268251
"2021-12-20",-0.806867656977747,-0.791230736789564,-0.76795007348001,-0.722017146204535,-0.63265626819193,-0.384258057250885,-0.234459663685314,-0.0318726411427383,0.482085130833463,0.81502711288926
"2021-12-21",-0.824449288720842,-0.807558337064508,-0.782453427380328,-0.733069318162773,-0.637543326010035,-0.375606000465985,-0.220034195542877,-0.0122946102668229,0.502229984311541,0.826878519302619
"2021-12-22",-0.76684047159635,-0.753753021352006,-0.733868519897473,-0.69331883107961,-0.609991363608839,-0.356056773512502,-0.193632845899011,0.0292210204347038,0.568967566236486,0.874073240274599
"2021-12-23",-0.765398506874297,-0.752234672088304,-0.732248515060539,-0.691538868375274,-0.608042905007529,-0.354454091784396,-0.192679857892995,0.0289362989175774,0.564630030112615,0.86703108805314
"2021-12-26",-0.793033177671364,-0.776500567686386,-0.7518113428945,-0.702859237111147,-0.606870037244131,-0.337238622261955,-0.174598266459592,0.0428808966042404,0.566594034952478,0.87343631977236
"2021-12-27",-0.77244474971946,-0.757546474602649,-0.735115688906679,-0.690042834962192,-0.599653918106659,-0.33570641948028,-0.172216042101735,0.0483289778549461,0.5740915327028,0.870305617321909
"2021-12-28",-0.802867815439172,-0.786335522357407,-0.761384910773806,-0.711076472501231,-0.609770375844651,-0.314173845972636,-0.133270614770175,0.10626653694999,0.649359795435227,0.934953225273853
"2021-12-29",-0.817241126936444,-0.796586245717786,-0.766006474140046,-0.706265221338789,-0.592228307805116,-0.289394163947506,-0.11600957945811,0.108471264437709,0.632953056126998,0.943806798779086
"2021-12-30",-0.792221292375929,-0.775356151220255,-0.749999199069604,-0.699175437641746,-0.597780670421584,-0.305828917637108,-0.128174087894764,0.107464737106499,0.649293263796228,0.941377755358268
"2022-01-02",-0.59916180455875,-0.608095577286313,-0.617001672057568,-0.620721543557846,-0.585148274627887,-0.313682868701962,-0.102512141788626,0.178120560302793,0.723382607617797,0.950920714658358
"2022-01-03",-0.595122535556099,-0.606070532461155,-0.61770674903412,-0.625964951483983,-0.596582305993938,-0.331196953696678,-0.119938068869984,0.162087194308463,0.710391060884332,0.938803841903162
"2022-01-04",-0.649118389180324,-0.655021096051283,-0.659752797692677,-0.65631196072133,-0.610200831462665,-0.324371501172997,-0.110066276646283,0.172283286275991,0.719075338376615,0.947484228274955
"2022-01-05",-0.653808585105297,-0.661633397643977,-0.668521662354881,-0.667248508967703,-0.619719500750232,-0.316079354230008,-0.0930218017022976,0.193489024245101,0.724363752203804,0.938480034305492
"2022-01-06",-0.603709191199614,-0.616508200765903,-0.629701756198586,-0.637563653099279,-0.598534541962319,-0.290249540213429,-0.061453714537879,0.227726539007133,0.745167783264881,0.948126275704992
"2022-01-09",-0.586653366379446,-0.597677002740696,-0.608797965509366,-0.614268361213506,-0.575244442038137,-0.279850334558142,-0.0589412832961438,0.223655419183759,0.739755027585254,0.945222308966421
"2022-01-10",-0.566484351658125,-0.579384960695375,-0.592882195298668,-0.601788344021007,-0.565955193080664,-0.268976187540365,-0.0461498039194428,0.237056319898235,0.747325268340134,0.948339447975277
"2022-01-11",-0.629713127014856,-0.634690596339221,-0.637899973788298,-0.631110518218621,-0.578102887936333,-0.279394370349062,-0.0646606354448367,0.210539307364726,0.722438176560333,0.929994625166169
"2022-01-12",-0.609717185815408,-0.619176379805245,-0.628405978503404,-0.631481242701077,-0.591675249295664,-0.307242559474867,-0.0951742174041194,0.177165881694369,0.678840146435606,0.8799667848698
"2022-01-13",-0.644805300199501,-0.637495342525903,-0.624176117116652,-0.590355437417797,-0.502160153876878,-0.179402901389521,0.0248675771124686,0.277743802247979,0.741027723936701,0.929356149229101
"2022-01-16",-0.660699762096787,-0.652901015410951,-0.638676750386289,-0.602575311172139,-0.508804917541096,-0.17045742890566,0.0400052933348939,0.296648873812338,0.755605302719764,0.938755715645928
"2022-01-17",-0.654426341500875,-0.647935899512753,-0.635192067990767,-0.600624361462926,-0.506061620067277,-0.155623002842511,0.0615398585344499,0.323055389651775,0.77929130997604,0.957776735214843
"2022-01-18",-0.649844198438115,-0.645143122725564,-0.634725686071327,-0.603713739479181,-0.513040925098352,-0.162675514227784,0.0568237444814914,0.321130209454116,0.77989003819333,0.958426330909458
"2022-01-19",-0.660822158001253,-0.65521038216924,-0.643702707150841,-0.611340379117009,-0.520301529601401,-0.175914800957242,0.0392571450177495,0.299145220032293,0.753614808729873,0.93157478321707
"2022-01-20",-0.657780685210906,-0.658081612585374,-0.654237245157161,-0.633532825087122,-0.555208839040843,-0.212496953651018,0.00813913346481665,0.273327195912348,0.726847302780896,0.900924528574362
"2022-01-23",-0.649104936044643,-0.650299878921249,-0.647920803149921,-0.630430406155506,-0.558762966237648,-0.229898900499295,-0.0122330186545323,0.254213737962989,0.721330632857473,0.903506538842333
"2022-01-24",-0.654873838288661,-0.655964460626454,-0.653178078582277,-0.634168270868024,-0.557797258608197,-0.213682236513009,0.0106618392998198,0.282089507961338,0.749948066826035,0.930364729399426
"2022-01-25",-0.661679044331031,-0.657201502315754,-0.647378442019085,-0.618245107219899,-0.532698393958526,-0.194875324290065,0.0225646352302484,0.290589200024946,0.772970141546155,0.96565383733301
"2022-01-26",-0.656216660416156,-0.652838654881147,-0.644275689974211,-0.616549946687045,-0.531055760835405,-0.189257662027895,0.0275880927705811,0.289851036708911,0.746628055027226,0.924627190315139
"2022-01-27",-0.658703358555075,-0.654423319905654,-0.644478855671385,-0.613953793112855,-0.523075309347236,-0.169769738736922,0.0508083110846639,0.314993649319612,0.769297444375267,0.944904970549581
"2022-01-30",-0.674801569508291,-0.660122390479445,-0.63632028268205,-0.583492748319109,-0.464365450353375,-0.0908676786280232,0.12539285643334,0.380878888968792,0.823676217785014,0.997522156783146
"2022-01-31",-0.674787155810528,-0.658961119220617,-0.633580927848509,-0.578054863578218,-0.455010177626671,-0.0767362484505354,0.13999628185499,0.394923665096284,0.835087404481368,1.00762314110244
"2022-02-01",-0.687077206684626,-0.665898174407015,-0.633481768853927,-0.566973337677929,-0.431295448790781,-0.0513561989223433,0.157440819438751,0.401229802816328,0.825972203730708,0.99503930935083
"2022-02-02",-0.678550062553598,-0.642073310777401,-0.588965718548494,-0.488260735419192,-0.306942143072077,0.109270762308382,0.308363573815095,0.528354092744393,0.904376863327892,1.058626678175
"2022-02-03",-0.65576606467401,-0.613490066688976,-0.552335399296679,-0.437688978468989,-0.235791574168026,0.203672246837723,0.40077591221548,0.607557607180471,0.932398654076033,1.05626766298697
"2022-02-06",-0.671620860130216,-0.628833178755518,-0.566886103344694,-0.450580940089414,-0.245171489479474,0.205007974971583,0.408589924686361,0.62355730987678,0.964663046017244,1.09577431624735
"2022-02-07",-0.679506894690538,-0.635053889828602,-0.570694052779544,-0.449853164981579,-0.236413303134902,0.231468849743461,0.443112638232288,0.666639643990998,1.02144382314001,1.15785635030841
"2022-02-08",-0.693565569523176,-0.657559635054718,-0.604032213759986,-0.499259390176149,-0.301777972811254,0.173401278912979,0.398909654744474,0.636693270025259,0.997725999889433,1.12926457775313
"2022-02-09",-0.703644121163858,-0.661413132042892,-0.598819877213022,-0.477080966601062,-0.251069631476685,0.269047042950901,0.501867586346839,0.736323198071885,1.07152583380319,1.18976406732471
"2022-02-10",-0.679804872975131,-0.651586957115121,-0.606423397130224,-0.509104579443366,-0.304299329260911,0.228003696301474,0.475042829704754,0.721178614378762,1.06262208486516,1.1809719106746
"2022-02-13",-0.684088480719792,-0.652723361915815,-0.604180680942195,-0.503760039919069,-0.301023288046765,0.21575791995865,0.460012629000637,0.709624778668478,1.06780216185882,1.19387836205705
"2022-02-14",-0.712108970084417,-0.677673292423694,-0.625015168100406,-0.517800345543174,-0.3053684347125,0.228059993081467,0.480229899172253,0.739546023844141,1.11560053652436,1.24872975824197
"2022-02-15",-0.695977384337182,-0.666149965642183,-0.619837849258321,-0.523469325171909,-0.326655143843437,0.189040071356124,0.44050554942401,0.703345804004647,1.09075249473334,1.22884574873492
"2022-02-16",-0.678072309814542,-0.65863535815833,-0.625767126409484,-0.549885521627782,-0.376104807438639,0.129480447135691,0.385496908667329,0.653790657545572,1.04563543709735,1.18426167300283
"2022-02-17",-0.677960698074675,-0.657550814844054,-0.6241738853479,-0.549802897516125,-0.384280687434595,0.0980803068923724,0.35023191355518,0.623185214033428,1.03979036106476,1.1905811876716
"2022-02-20",-0.665011653546181,-0.652582429339402,-0.628225982200486,-0.563597256913088,-0.397324660059899,0.123695256330227,0.390556875284997,0.667532838547866,1.06469925334209,1.20385775855388
"2022-02-21",-0.692584163406474,-0.663767750523399,-0.619036851377984,-0.525917563277186,-0.335209551070775,0.170062855099143,0.420197174257343,0.684815589232733,1.08091242928088,1.22322783178572
"2022-02-22",-0.695703747573387,-0.664857878997952,-0.617248927296997,-0.519018515018166,-0.320759734731428,0.189995133003737,0.435887304455641,0.691096901802886,1.06451475028421,1.19719471407146
"2022-02-23",-0.699772602487102,-0.670612434391342,-0.625975968112132,-0.534743291219472,-0.351770158102731,0.126793211353237,0.365534491540987,0.6217312586412,1.0143553538172,1.15746013896016
"2022-02-24",-0.687847795776378,-0.66329025746901,-0.623855841407692,-0.538171887183507,-0.354106512301602,0.152015054840867,0.403017318912175,0.665343956025089,1.04946949032541,1.18572647403464
"2022-02-27",-0.721281980157752,-0.7038365596675,-0.675144813027976,-0.610557764562247,-0.463926706621824,-0.0157648330172915,0.231358647113667,0.510121394490187,0.959697562746,1.12763505270474
"2022-02-28",-0.70284457855833,-0.707544576085303,-0.709221327184439,-0.696203324702339,-0.623108207056779,-0.257093656635683,-0.0121723129188359,0.2858374815353,0.800106714974409,0.998143786631999
"2022-03-01",-0.729925516483014,-0.711232580027032,-0.681862857302764,-0.619298761265473,-0.484879536655477,-0.082035843289381,0.148488762313131,0.422300045318691,0.906097689088789,1.09964859830253
"2022-03-02",-0.746367946311488,-0.724921095377259,-0.691726917418538,-0.6225153819655,-0.478133357774504,-0.0621796348283349,0.169913169634031,0.442175134478608,0.916980787407119,1.10557524215587
"2022-03-03",-0.735732185901058,-0.731480156871563,-0.720538676726553,-0.685089895859566,-0.577347301743039,-0.166562410075766,0.0801086944336471,0.365165381668071,0.829954367794305,1.00352218328152
"2022-03-06",-0.772926611114398,-0.759632314996336,-0.736612117158504,-0.68162418003401,-0.548794717885292,-0.11886541722429,0.124162386028424,0.40033583214354,0.847263263715435,1.01419387652543
"2022-03-07",-0.789430843272725,-0.769273974345685,-0.736733834232746,-0.665188546386911,-0.507236608583885,-0.0396770635534083,0.21325053652541,0.495883633683388,0.947259599344899,1.11504710082166
"2022-03-08",-0.805599751604995,-0.771758296385218,-0.721176349243854,-0.621167354303823,-0.428690729355843,0.0603601337787198,0.308566873457856,0.584777799207344,1.0381085122699,1.21187916217991
"2022-03-09",-0.804268990121874,-0.757354580162209,-0.689252560395587,-0.560790419153704,-0.331840274471574,0.180943831966676,0.419005866811445,0.67570560318048,1.09688467380211,1.26336684854423
"2022-03-10",-0.811240911137305,-0.763622100989712,-0.694587211560559,-0.564664063334003,-0.334138045377716,0.17670095951457,0.410818302217676,0.660661702346118,1.06379040876084,1.22088095956009
"2022-03-13",-0.761937164983406,-0.711569114231342,-0.638618143961753,-0.501556287290162,-0.259156339937515,0.273826733380323,0.515804317178976,0.772110334529398,1.18079485063378,1.3385008146817
"2022-03-14",-0.772413023706431,-0.73188860761083,-0.67169411379006,-0.553952687598605,-0.331841918095527,0.207604876340467,0.467977451485473,0.746912118674943,1.18070223511884,1.34119366918173
"2022-03-15",-0.784124221430174,-0.732434891222859,-0.657571205921609,-0.51691892217165,-0.268180168436377,0.278682834297006,0.526930429297633,0.789851310281983,1.20901739584563,1.37074743946042
"2022-03-16",-0.784099684018676,-0.735867900914598,-0.665434157750269,-0.531331002487864,-0.288981932006587,0.261437690571982,0.515226896998687,0.782638142612499,1.19592243260004,1.34938951439478
"2022-03-17",-0.747781452181013,-0.710984520337979,-0.65524335109294,-0.543113582981968,-0.323686344232343,0.227098702130471,0.492244899691477,0.770547611034314,1.1861988205791,1.33571921739088
"2022-03-20",-0.764375303971501,-0.713219560956614,-0.638685521661833,-0.497299598998422,-0.24335420872978,0.3275092871826,0.588769083332418,0.863313439394478,1.28738306367086,1.44505932073778
"2022-03-21",-0.773314270891318,-0.716244575895635,-0.633733892357513,-0.47921687614344,-0.207790861918381,0.378093677095596,0.637345226826345,0.905668981936141,1.31659348374683,1.46969910760138
"2022-03-22",-0.7722736322884,-0.717383552217048,-0.63800786115941,-0.489288529006148,-0.227679439383894,0.340251733412125,0.594164308227686,0.859881845244979,1.2757189835585,1.4338161436116
"2022-03-23",-0.784388071015042,-0.72348955084042,-0.635739740690858,-0.472365568003561,-0.18845556149448,0.410462091554397,0.669181931041492,0.932872895320316,1.32971478295961,1.47630679116855
"2022-03-24",-0.781048452323005,-0.713042964163281,-0.615595043547041,-0.435929072567083,-0.129508146185836,0.489393007378012,0.74331977513488,0.992494179728604,1.34858496192193,1.47583175462282
"2022-03-27",-0.669916970004989,-0.623117890562713,-0.552070954078608,-0.409627924864147,-0.13718693170755,0.485162931597639,0.747841872313477,0.997354478060764,1.32935938643363,1.4429020028125
"2022-03-28",-0.684862113284237,-0.615830690508798,-0.517215430694835,-0.336373461810729,-0.0311031501920311,0.571160207248234,0.811556649848675,1.04292432753481,1.36559915041598,1.47934451144293
"2022-03-29",-0.692971717074908,-0.622324443360347,-0.520812802510193,-0.333132525683748,-0.0133713560145486,0.614502618903663,0.856770939230901,1.08094096716024,1.37613426849836,1.47706405085057
"2022-03-30",-0.701577358694427,-0.637301837241589,-0.545218238842738,-0.375505684688313,-0.0862662290008232,0.496979817006153,0.735819684240254,0.969869077706486,1.30375549175584,1.42294527775915
"2022-03-31",-0.674132278695727,-0.607989184324383,-0.513372453493493,-0.339451471334049,-0.0445333264880348,0.54332835414924,0.78081581451042,1.01131278866779,1.33613524877713,1.4512865082311
"2022-04-03",-0.715126997130322,-0.646993895271113,-0.549589449768119,-0.370734331232545,-0.0680641013855509,0.532465890515951,0.773762600244639,1.00707011357999,1.33430268126636,1.4500074891807
"2022-04-04",-0.731026464538122,-0.651720968012579,-0.538936633741721,-0.333733977998568,0.00750445324914009,0.658369600273124,0.908201360633163,1.14236271079981,1.45894501860606,1.5688349007297
"2022-04-05",-0.719855437216091,-0.644305991932101,-0.536408668949868,-0.338639380106183,-0.00509821816875585,0.651583094494384,0.913070340531377,1.16431681516612,1.5140019356222,1.63713551055891
"2022-04-06",-0.72487782950031,-0.643360948951219,-0.527422224295254,-0.316450224293512,0.0344775221600927,0.704230184529282,0.961491398618382,1.20272759315442,1.52904427998875,1.64234024858937
"2022-04-07",-0.70468116819758,-0.617737124393154,-0.494638754390319,-0.272406686813801,0.0917427545356383,0.763971529954927,1.0125556321518,1.24000957584926,1.53966267230174,1.64252156900149
"2022-04-10",-0.72545798532458,-0.633631152788005,-0.503865776569813,-0.270371395296718,0.109850459362268,0.802207833390183,1.05431170472706,1.28278294796835,1.58086900768561,1.68280435684564
"2022-04-11",-0.724629195571357,-0.637218096087833,-0.513183276001974,-0.28838991984846,0.0826708677357888,0.778854421044476,1.04108536267567,1.28385758272111,1.60766535696757,1.71938689636501
"2022-04-12",-0.715830354475646,-0.630667637727485,-0.509737150171975,-0.290296784887442,0.0727839003069009,0.757575314395879,1.01706534566181,1.25823419098423,1.58125888016233,1.6929142957514
"2022-04-13",-0.692856676672952,-0.611322673696199,-0.495042364899344,-0.282433660634494,0.0744497560435748,0.769638980414074,1.04305207262091,1.30353281568536,1.66239041331678,1.78809133782229
"2022-04-14",-0.737379255974127,-0.654103496133456,-0.533862362140353,-0.310163831379772,0.0730293954787974,0.818601794727435,1.09821284641807,1.3505254699903,1.67396202664671,1.7835264274047
"2022-04-17",-0.731198038571136,-0.648009685851816,-0.529331076617108,-0.31221239349049,0.0526410612822717,0.765117266720485,1.0461355940694,1.31438769426852,1.6848141714596,1.81472081539164
"2022-04-18",-0.725033075889317,-0.640626807314163,-0.520181501866976,-0.299737060777331,0.0710049414021086,0.796304321526757,1.08298732017608,1.35704334183528,1.73613764036729,1.86920088054028
"2022-04-19",-0.734003794118433,-0.648639949772226,-0.527156311097329,-0.305859933982732,0.0629827773786553,0.770103431351248,1.04312912995924,1.30002937568921,1.64888683739084,1.77022843720153
"2022-04-20",-0.729394920074254,-0.635284360659285,-0.502009544702466,-0.261311593361437,0.133387743467011,0.863198814043331,1.13357430161633,1.38125455987923,1.70794551225791,1.82013948753363
"2022-04-21",-0.719181465797244,-0.615667036773297,-0.470132131241509,-0.210587288897742,0.205026812730974,0.934860177853875,1.19008241234009,1.41587206405824,1.70382026241249,1.80150619331412
"2022-04-24",-0.668787557285565,-0.584124096619359,-0.46379312814932,-0.24509284982416,0.117857112332753,0.807016905530483,1.07017971697765,1.31599426612858,1.64706541187206,1.76178421903687
"2022-04-25",-0.673779187379884,-0.593225274398448,-0.478409724750148,-0.268693768177973,0.0826493038002673,0.764048179516717,1.03067761558901,1.28381905688509,1.6311489216829,1.75256487723247
"2022-04-26",-0.671553288319072,-0.592754442805917,-0.480229303248376,-0.274018890124353,0.0736253710753324,0.75748010458539,1.02951331225105,1.29071098698125,1.65393995514724,1.78178619445746
"2022-04-27",-0.697956413570779,-0.609886587359189,-0.484669176117256,-0.256944553454543,0.121433695110449,0.841805984579348,1.11773072336452,1.37598531253593,1.72459148852905,1.84550952638246
"2022-04-28",-0.675166263413849,-0.584263333956508,-0.455176469850529,-0.220918681968377,0.166731487950219,0.89808464591715,1.1753149802707,1.43303002999735,1.77830252333082,1.89766108172303
"2022-05-01",-0.669165227077486,-0.577938730625297,-0.448272708852609,-0.212583460077111,0.17863227846874,0.92176496421295,1.20567091613777,1.47094312852029,1.82834362980734,1.95220520948541
"2022-05-02",-0.705579388157645,-0.606130920218956,-0.465527586656609,-0.212320054838003,0.200653958604109,0.955249674455951,1.23108495901565,1.48166186738575,1.80937027000383,1.92153722040593
"2022-05-03",-0.70785279775693,-0.610607864273469,-0.472899281532729,-0.22420954931629,0.183546021414551,0.937299445045078,1.21646111117939,1.47214145234527,1.80931789903086,1.92510356386427
"2022-05-04",-0.716713956965402,-0.615174303231782,-0.471536539473808,-0.212619581068476,0.210420953555017,0.986438469210278,1.27135735061211,1.53089421464524,1.87125581677817,1.98787757593865
"2022-05-05",-0.720143951561259,-0.610152330489488,-0.455114461644725,-0.177387149177073,0.271081039599756,1.07293350854643,1.35899999324876,1.6150618979551,1.94516408120729,2.05755737231521
"2022-05-08",-0.688256989979588,-0.590068121906902,-0.45070438290298,-0.198017379529143,0.219438727195389,1.00413773274071,1.30034358664841,1.57494998320403,1.94176699260081,2.06840985192926
"2022-05-09",-0.711618645231772,-0.616369422209378,-0.481063590402272,-0.235370792935527,0.171670615217347,0.94157648071461,1.23427638684108,1.50689067651918,1.87288503618997,1.99952325529675
"2022-05-10",-0.689927324224894,-0.60385983544846,-0.481090929415442,-0.256544208665753,0.120615387511524,0.856344736588438,1.14617819138855,1.42261205512389,1.80395309342712,1.93761883371502
"2022-05-11",-0.666833622157433,-0.590929058727255,-0.482083249803474,-0.281146605445576,0.062389745074954,0.760163926634089,1.04835097196999,1.33249199166158,1.7410768535796,1.88761904721353
"2022-05-12",-0.684375314161504,-0.607287540864232,-0.49634914583904,-0.290307964597901,0.0657285181026224,0.802551292386039,1.11014405679683,1.41137584816848,1.82241330247997,1.95549898293084
"2022-05-15",-0.652932860174884,-0.569000180310557,-0.449215868518407,-0.229933658648409,0.139006269651619,0.861457343468245,1.14732675849648,1.42081075954098,1.79945664851088,1.93242478798405
"2022-05-16",-0.646755539403573,-0.552662368053925,-0.419103489425941,-0.176915105460871,0.223279379331769,0.975877118530137,1.2601146533912,1.52371498905137,1.87595960135226,1.99759076068758
"2022-05-17",-0.630938129696322,-0.535949825953377,-0.401410421893196,-0.158360518892187,0.240406777245734,0.978601275186311,1.25244550561979,1.50351369507895,1.83496184093855,1.94882980236575
"2022-05-18",-0.631784035981423,-0.537335872505491,-0.403697422371716,-0.162703260302299,0.231367368134932,0.955508285280813,1.22190639830275,1.46487169322377,1.78390044831348,1.89326639790519
"2022-05-19",-0.593964789195822,-0.507796658438709,-0.38512495526851,-0.161525644096101,0.211595357314905,0.928813197111205,1.2065839288335,1.46848210977937,1.824955037175,1.94908241678516
"2022-05-22",-0.580482936412678,-0.49029029552367,-0.362096923075463,-0.129094526564994,0.257629617363979,0.992095563135912,1.27263126215145,1.53471795908622,1.88777185659099,2.01011842324826
"2022-05-23",-0.61957503380644,-0.530910412138724,-0.404686177874821,-0.174616463086384,0.20928601193623,0.947160466905357,1.23290110703257,1.50229479751224,1.86894047308421,1.99660523043577
"2022-05-24",-0.614814072729055,-0.53123873799963,-0.411823860528612,-0.192765808402106,0.177251878599809,0.908316460247665,1.20061968129429,1.48227599824648,1.87565192859163,2.01442653267954
"2022-05-25",-0.618800550991901,-0.536054316747744,-0.417574576156654,-0.199425898717673,0.171670423122094,0.916788718720131,1.2203875812994,1.51683464836099,1.93779848007721,2.08767549103415
"2022-05-26",-0.619516986581772,-0.535362933641914,-0.415045516927123,-0.194088022077159,0.179925286245884,0.922435105251207,1.22098070558305,1.50977698324938,1.91507187793966,2.05842350095879
"2022-05-29",-0.59123288915879,-0.500214434799569,-0.370634374847974,-0.134432414245344,0.259751871195904,1.01760077708098,1.31117123353262,1.58800639396765,1.96487252418592,2.09611131308861
"2022-05-30",-0.623814986926311,-0.522790321325721,-0.379594366853397,-0.120568809963015,0.30545788577852,1.09841075864998,1.39438753808359,1.66680957411978,2.02791857218552,2.15218415625105
"2022-05-31",-0.626381485057568,-0.522388352429753,-0.375004420998969,-0.108465298739227,0.329726406221227,1.14453149033744,1.4483306970269,1.72775775634707,2.09788184157932,2.22521136571356
"2022-06-01",-0.637892678349328,-0.523230115749407,-0.361632275149983,-0.0722284055957676,0.394868010361396,1.22914886798554,1.52643481826169,1.79235255460449,2.13493234902787,2.2515468746035
"2022-06-02",-0.644340016556092,-0.524132029513827,-0.355128460054567,-0.0537344381047496,0.428880055960233,1.27631777111963,1.57264661761594,1.8347924366534,2.16909403260413,2.2825040302759
"2022-06-05",-0.572092906670808,-0.458043773030643,-0.297079419818767,-0.00808759249325102,0.460546273824333,1.30616946400663,1.61095476420347,1.88545465158824,2.24141376698527,2.36286477140552
"2022-06-06",-0.598730797250281,-0.479252666682837,-0.311314025730781,-0.0119395081092357,0.467079888781729,1.30684596280647,1.59996879646407,1.85901139681854,2.18905019383757,2.30098075906476
"2022-06-07",-0.571302481584776,-0.450049967186338,-0.279709078684224,0.0236633469475935,0.508227853225691,1.35452997851956,1.64871622467309,1.90808328286338,2.23784022991945,2.34960061130658
"2022-06-08",-0.627821094911545,-0.479519126483196,-0.274030408602464,0.0833042601863738,0.629269510156176,1.49854158124033,1.77229376043892,2.00146228084974,2.28128204187233,2.37511719525334
"2022-06-09",-0.66690267028041,-0.49142431182615,-0.25144681404946,0.156562349646753,0.754739920246352,1.63239064750619,1.88708939776062,2.0928752158558,2.33886681325994,2.42104945188037
"2022-06-12",-0.706281224924928,-0.46299743737079,-0.141402403323949,0.374779679244821,1.05778328676889,1.89043699786344,2.09600720517979,2.25407956566436,2.43931859114269,2.50107573975568
"2022-06-13",-0.617782824779511,-0.369168664379984,-0.0405430717063134,0.486881491783884,1.18466404190855,2.03513627443925,2.24506776018338,2.40648731429268,2.59564676570564,2.65871091255243
"2022-06-14",-0.607625795726366,-0.41172198077895,-0.14640232199791,0.297270269303468,0.928515994290628,1.80356481517628,2.04434194582383,2.23515004482638,2.46114634033083,2.5365606887518
"2022-06-15",-0.657122518801298,-0.415567587975972,-0.0962036791510347,0.41654328202211,1.09533810318979,1.92355029716955,2.1281553982401,2.28550784173071,2.46991025013953,2.53138861343651
"2022-06-16",-0.62560474337128,-0.425977265776841,-0.155823106254847,0.295340944193673,0.935734126356259,1.81959807852196,2.06184064354745,2.25355776227039,2.48050349050017,2.55623007001305
"2022-06-19",-0.576957980504456,-0.380984217891644,-0.114431309122909,0.334568288473178,0.981848798468528,1.90150600638806,2.16037753337701,2.36715348507584,2.61293447534928,2.6949849203871
"2022-06-20",-0.630029539767114,-0.43202981131978,-0.162358644669498,0.292938401535033,0.952028084449105,1.89585116013578,2.16348911173412,2.37783971656292,2.63294704750671,2.71812447383274
"2022-06-21",-0.637097591793968,-0.450009930881601,-0.195045463861197,0.235870190442411,0.860843090321401,1.75903197853075,2.01459667050079,2.21953568561094,2.46359084844082,2.54508452268965
"2022-06-22",-0.636792626786459,-0.486384655575377,-0.277856013125112,0.0851306896390678,0.640764160648832,1.52877579130644,1.80952245938019,2.0449837523198,2.33284895777055,2.42940748442207
"2022-06-23",-0.59456207105528,-0.452320603671682,-0.254476621145653,0.0918369333822933,0.627445765260534,1.50172537205252,1.78429770070183,2.02387124995559,2.31900821280058,2.41817406171926
"2022-06-26",-0.510447711062619,-0.349554785126522,-0.128463789699541,0.250545477185519,0.814619960074946,1.66682913118815,1.92133033043985,2.12936721888344,2.37963969128984,2.46333447682694
"2022-06-27",-0.464227609700238,-0.303144497003083,-0.0814440562720272,0.299637178402281,0.869602649450957,1.73913340015904,2.00133122669018,2.21654479390312,2.47607132759927,2.5628955867705
"2022-06-28",-0.475100212552415,-0.329009842265022,-0.126580442220235,0.225449505487535,0.763352822118134,1.6199278028688,1.88972651500305,2.11560335270435,2.39141860117005,2.48391189768576
"2022-06-29",-0.450068541327247,-0.335450901144415,-0.173812397478123,0.115988980793658,0.58471430872186,1.42573575876844,1.72695263668861,1.99720676336257,2.34637758944979,2.46535580216487
"2022-06-30",-0.370357995621845,-0.285896649057068,-0.164891508626451,0.0581324821907582,0.438257025444905,1.20489582020134,1.51889525777608,1.82663881459397,2.26573218535537,2.42249456774294
"2022-07-03",-0.383966271363632,-0.285290336764694,-0.144892349362937,0.110761587598395,0.536562118922903,1.35156215258657,1.66565727695389,1.96083697474593,2.36111626536544,2.50025258131813
"2022-07-04",-0.390721674484609,-0.306552933245872,-0.185841662451465,0.0370474053989194,0.418272510614032,1.19333484796643,1.51380206423216,1.83002654486288,2.28523234069253,2.44860055641499
"2022-07-05",-0.375395917240903,-0.297217936433619,-0.184685921590859,0.024447807806518,0.386610189470917,1.14438972434887,1.46856460371539,1.79655942937158,2.2850755871541,2.464252433398
"2022-07-06",-0.374664066436304,-0.285434224633153,-0.157867129982478,0.0763804799035236,0.472813703045754,1.25948884091493,1.57563112802953,1.88134074926665,2.31018318394872,2.46182733594283
"2022-07-07",-0.360591566281318,-0.272859242185101,-0.147212037915219,0.0842247390806545,0.478222373059597,1.27069080816308,1.5942380176116,1.91061990711098,2.36072270340241,2.52114429795331
"2022-07-10",-0.315212815008497,-0.239167763722478,-0.129638733925554,0.0741344951432361,0.427749000255301,1.17124701744836,1.49115848357079,1.81624893716504,2.30342367549632,2.48285770357748
"2022-07-11",-0.31490051872381,-0.246525432801257,-0.147784532391273,0.0367711168039466,0.359908123704466,1.0537155499873,1.35982215939507,1.6768824037009,2.16542603870293,2.34898509162174
"2022-07-12",-0.317257258220877,-0.243466679779672,-0.137410279591235,0.0591655030688524,0.397846395943297,1.09812146970918,1.39349615965107,1.68923222068818,2.1233364611138,2.28103600741741
"2022-07-13",-0.251852187937211,-0.179188871427079,-0.0746993858960821,0.119146049427892,0.453698949348427,1.14821306876459,1.44255215269664,1.73828787894668,2.17449167878392,2.33345066729223
"2022-07-14",-0.287466060958299,-0.215753923782953,-0.112530642531693,0.0792982088755509,0.411476036044478,1.10643242620871,1.40368891308607,1.70441561105668,2.15225028717144,2.31648914483003
"2022-07-17",-0.279169661680662,-0.202045782028999,-0.0913289879607394,0.113460036927153,0.464891710226644,1.18487318001573,1.48526887652513,1.78363819962963,2.21689610047559,2.37321632787052
"2022-07-18",-0.218489237625786,-0.135320763668248,-0.0165642988450768,0.201038064778642,0.567799666306392,1.28886823632883,1.57552364657342,1.85064120691656,2.23302600275098,2.36757747648428
"2022-07-19",-0.210461301034417,-0.132574565246703,-0.0209769327728717,0.18474613269629,0.535506747205533,1.24349788653394,1.53375284464131,1.81841867783202,2.22494110380095,2.37014940634395
"2022-07-20",-0.0762694325696204,-0.00706845472035713,0.0923800194800571,0.276670582559875,0.594061545972413,1.24972342427058,1.52598411359808,1.80236430265086,2.20761849978377,2.35473539897434
"2022-07-21",-0.0675666382142633,-0.0152681964665368,0.0606660149609,0.203957641012998,0.459529277006512,1.03297125613784,1.29977678224547,1.58797912347972,2.06221417551859,2.25014056431877
"2022-07-24",-0.0126712014224881,0.0347083420028872,0.10369651252141,0.234538081312958,0.470198372213754,1.01160273262012,1.27084351891558,1.5575365884228,2.04828078520367,2.24986626820932
"2022-07-25",0.0027287793035095,0.0425881635109422,0.101064213075858,0.213441671882203,0.42100259802117,0.926185395863582,1.18381629413248,1.48106660124806,2.00254144904328,2.18806483391891
"2022-07-26",-0.00990945836623504,0.034564897385204,0.0994051624854992,0.222657074514781,0.445622267716441,0.963346243788809,1.2144921964033,1.49525459605998,1.9849655114276,2.18980150858463
"2022-07-27",-0.00493837218404606,0.0269760284089258,0.0740933287525723,0.165666744110036,0.338571136188573,0.783029017379177,1.02516457866349,1.32049135212919,1.88122531005705,2.05452087649503
"2022-07-28",-0.0011544299669202,0.0312471637148328,0.0790466718264792,0.171815583200694,0.346478998617789,0.791966901254527,1.0320250893302,1.3213470613317,1.8504325909187,1.99119436977201
"2022-07-31",0.00176770333123866,0.0326478620232306,0.0782280386692634,0.166777702317569,0.333830873504304,0.76219504010688,0.994705346485852,1.2770492167278,1.80450982501807,1.95538839181579
"2022-08-01",-0.0090835185515774,0.0292685402560944,0.0852968220775263,0.192183686084095,0.386909847431465,0.846909622411474,1.07480245845582,1.33413312143699,1.80102777341377,2.00265164698433
"2022-08-02",0.0231163479083777,0.0581249087313274,0.109618850464681,0.209033958130489,0.39427206928171,0.854289393128438,1.09388374549592,1.37364696246485,1.85308503596711,1.9745287284271
"2022-08-03",0.0186677952444613,0.0510799197507616,0.0987909868697498,0.191031233414729,0.363398756724348,0.795067747578265,1.02279933207323,1.29282772337684,1.78203925377445,1.94009725119317
"2022-08-04",-0.0130605071467951,0.0319625639748616,0.0974118878340361,0.221180798420101,0.442844521040505,0.945168800669912,1.18172077496441,1.43976032339542,1.87130771957267,2.04480311727487
"2022-08-07",0.00153591206773783,0.0443387020035551,0.106617243800267,0.224580560963787,0.436511300133473,0.92043764352583,1.15043974223394,1.40324144340355,1.83145837370668,2.00563907816119
"2022-08-08",0.0412469012997915,0.083734128363727,0.145576002775596,0.262787718023048,0.473632037370854,0.956539798045633,1.1869070482245,1.44088202087321,1.87332200714186,2.05007233788178
"2022-08-09",0.0121035004067824,0.0545299776600884,0.116316610883027,0.233535198812759,0.444782723948339,0.930791946658468,1.16391174702238,1.42208841110213,1.86511420591782,2.04752567758822
"2022-08-10",0.0021399239091437,0.0499645844889952,0.119413168913812,0.250499626366386,0.484418443367398,1.00990297193627,1.25474933596956,1.51954138438767,1.95609287035632,2.12937769030445
"2022-08-11",-0.0135772652164851,0.0360033715829908,0.107894498872125,0.243233352531214,0.483507089277366,1.01668133499587,1.26144275330315,1.52299349868056,1.94591220756277,2.11100915841043
"2022-08-14",0.0371850839021056,0.0792313252195228,0.14048829552217,0.25678309010155,0.466650269548557,0.95107723030922,1.1843739745516,1.44361046531636,1.89103011469446,2.07627015083447
"2022-08-15",0.0150709227140883,0.060272131110428,0.126050204875001,0.250674994680921,0.474688616562244,0.986841446441139,1.2306278988336,1.49891465356433,1.95432579117136,2.13993334004689
"2022-08-16",0.0223777689627759,0.079025236349067,0.160759947952082,0.313298033532651,0.579596116958371,1.14744124448491,1.39591509406393,1.65165402085066,2.04203235336739,2.18770018347817
"2022-08-17",0.018433784457646,0.0788784759939689,0.165847778461772,0.327354313931482,0.606638793840831,1.18905718925939,1.43722471146426,1.68757185454271,2.05889055171957,2.19470254632837
"2022-08-18",0.00757565774019048,0.0767217083017884,0.175746849006578,0.358135773325818,0.668598104271795,1.29288011726614,1.54768024752559,1.79678158582011,2.15106517434782,2.27731478239418
"2022-08-21",-0.019454846638942,0.0575959110805029,0.167582866858758,0.369007221240054,0.70815041485103,1.37335850219666,1.63708598373235,1.88972220397164,2.24006138953055,2.3631903531774
"2022-08-22",-0.0997685444745947,-0.0156499377860482,0.104155073529979,0.322692318250158,0.687884499915864,1.39210345853966,1.66584570993634,1.92458320456397,2.27775449677983,2.40089972074484
"2022-08-23",-0.140505317218136,-0.0469858464202665,0.085539520286085,0.325160643258764,0.718953644200592,1.45060439301635,1.72314727413593,1.97367820158686,2.305322396182,2.41938509097182
"2022-08-24",-0.164806074878319,-0.0755133998827623,0.0513720471095767,0.281905680851273,0.664244394440141,1.38916423980077,1.66552155833804,1.92337923780554,2.27025172305315,2.39038059336257
"2022-08-25",-0.187275872339021,-0.0785579596453972,0.0742579718473532,0.346679906954416,0.782590770369974,1.54684907312428,1.81364098290429,2.04942697568514,2.34984998826308,2.45173816283588
"2022-08-28",-0.113678384262361,-0.00346977986816034,0.151209210715251,0.426233909982133,0.864163586353616,1.62398545282654,1.88620312410761,2.11643419298229,2.40809100386249,2.50682768330059
"2022-08-29",-0.084842431918556,0.0264597951905148,0.182337024948218,0.458455659272721,0.895057818119415,1.64140284757596,1.89483151614879,2.11534619592636,2.39255874743535,2.48619282730123
"2022-08-30",-0.0733003767841561,0.045827108648031,0.211820207272213,0.503286608115381,0.956679431528554,1.70563992529846,1.9507799521072,2.15995242988218,2.41886141121477,2.50595330271736
"2022-08-31",-0.0326511810316193,0.0778439142332743,0.232808527004884,0.507981624601608,0.945078592803605,1.69952549755798,1.95841329367431,2.18499546694954,2.47124018544806,2.56806407875836
"2022-09-01",0.00392396342994843,0.0943523172611271,0.222785217691833,0.455919601948162,0.84190960332924,1.57096534836224,1.84768721005276,2.10514894501167,2.45040326843947,2.56980452447356
"2022-09-04",0.0316400096450083,0.129271199343594,0.267295042930451,0.515825309270301,0.921072448463412,1.66115551830597,1.93152332360391,2.17704193231205,2.49801476470186,2.60786045142343
"2022-09-05",0.0578560362093771,0.156435499711842,0.295585036815135,0.545468793585779,0.950860859467756,1.6830608070491,1.94724523661027,2.18533147693293,2.49426337961631,2.5996928740015
"2022-09-06",0.211492856856773,0.293997350888478,0.411113499482635,0.623506499318251,0.974532433256111,1.63493871644622,1.88447597731204,2.1159663413381,2.42540536395364,2.53227096114776
"2022-09-07",0.365613645375391,0.466591163742272,0.607586723837607,0.856052842490225,1.2451515000704,1.89691917261786,2.11343868780666,2.29962564327363,2.53145932021328,2.60956130057267
"2022-09-08",0.415837946891434,0.509425062648307,0.64070889634697,0.873930248197687,1.24468257956391,1.88569517489632,2.10606423351267,2.29913448072404,2.54326100002473,2.62586037719392
"2022-09-11",0.587500084957736,0.656735178511753,0.755246903330379,0.934637862135099,1.23344723366277,1.8054987427029,2.02601561834928,2.23328526993762,2.51440424048003,2.61212886593245
"2022-09-12",0.570315096785765,0.655442589691119,0.77493590602182,0.987448535261331,1.32598562515964,1.9139038942042,2.11700407169428,2.29543249215156,2.52158021334639,2.59815157568389
"2022-09-13",0.477065417834821,0.581467776229133,0.725767292546142,0.975616970099428,1.35433542044027,1.94771613373992,2.13152740334879,2.28422110745551,2.46972014690811,2.53186233139788
"2022-09-14",0.475486729369399,0.612957298107651,0.797258873897558,1.10018815581323,1.51813110362293,2.06594817041287,2.20942026996628,2.32139406913616,2.45322470790673,2.49719062176719
"2022-09-15",0.493127710439779,0.679387927708774,0.916249253946294,1.27278320917894,1.69574553469416,2.13076369793941,2.22651434163778,2.29878874969556,2.38315810209001,2.4112814726693
"2022-09-18",0.360862290778541,0.658036130727642,1.00368299490584,1.45520430420227,1.88506280683476,2.22507035865933,2.29214234424266,2.3424569141767,2.40115749716324,2.42072435830901
"2022-09-19",0.390662489637072,0.666009041561176,0.997712245886314,1.45539369870533,1.92806431819859,2.33521064378515,2.41770342860217,2.47962494141028,2.55186892980744,2.57595026240648
"2022-09-20",0.343755849934053,0.670196916637527,1.04527085892263,1.52614924000294,1.97188306933938,2.31572599749748,2.38312816846556,2.43368634075136,2.49267100227549,2.51233255617357
"2022-09-21",0.34870303361649,0.666601879303612,1.03830117308525,1.52779965154253,1.99930978113915,2.3765494873996,2.45119713071131,2.50719733233257,2.57253127488359,2.5943092559859
"2022-09-22",0.330369263144657,0.668127995679369,1.06021975300734,1.57089811457849,2.05502239415693,2.43642105032053,2.51158005820489,2.5679603573011,2.63373762824004,2.65566338536665
"2022-09-25",0.400631509191968,0.715637001245877,1.09094606425707,1.59986763075585,2.11176438783734,2.5400088960568,2.62590312378813,2.69035870074664,2.76555810788182,2.79062457823851
"2022-09-26",0.38694341459708,0.683427830742195,1.04596579402141,1.55817781379176,2.10689149709692,2.60020612644656,2.70182613856125,2.77815459907934,2.86721070262693,2.89689608303655
"2022-09-27",0.424069201963386,0.693923750978679,1.02677344066795,1.50360494120052,2.02567356690929,2.50776959372543,2.60821932186918,2.68371188946222,2.77179638520426,2.80115790801909
"2022-09-28",0.473631152749741,0.714618546864431,1.02088844100324,1.48143981480018,2.0268963763714,2.58656720423579,2.70958599699443,2.80242956897161,2.91080819065294,2.94693470735623
"2022-09-29",0.480561114461471,0.719054357698799,1.02091474634847,1.47180551455033,1.99995478469663,2.53346625709571,2.64971195716981,2.73736792073696,2.83967961753014,2.87378372971167
"2022-10-02",0.525800873750614,0.76441725993689,1.05841647960209,1.47886108641915,1.93793950308556,2.36044395902459,2.44834878180235,2.51440819871812,2.5914856732391,2.61717818442153
"2022-10-03",0.550142447890848,0.755571434324298,1.01541959897876,1.40315910732686,1.85656987059417,2.31349522130101,2.41292242026091,2.48788683436674,2.5753836441961,2.6045494207603
"2022-10-04",0.57827969033257,0.774766666536517,1.02778151069264,1.41655166023917,1.89389152657461,2.41030699886851,2.52750185937506,2.61628545822101,2.71998384229013,2.75455078686978
"2022-10-05",0.556272147150746,0.780857279065018,1.06505262796573,1.48940679734151,1.98618273139057,2.48759070307345,2.59679179474979,2.67913215230294,2.77523898036196,2.80727478659828
"2022-10-06",0.559007189847143,0.796914310081675,1.09690648589786,1.54227624221207,2.05874935342663,2.5732191100208,2.68446544200586,2.7682931617061,2.8661284028761,2.89874030192577
"2022-10-09",0.808113700691614,0.951007577871769,1.14444791666205,1.46767800127102,1.92693798967032,2.56198156531551,2.73632320355171,2.87437926290697,3.03784268809128,3.09238809396776
"2022-10-10",0.772283312892231,0.937983023242036,1.1586950173717,1.51752038378136,2.00309110769544,2.61822846192862,2.77481003120515,2.8960866708429,3.03850689100492,3.08599510003563
"2022-10-11",0.770180816353772,0.924943983537373,1.13335773753155,1.47852139135519,1.96119062929939,2.60936412874155,2.78271881018942,2.91885208266402,3.07949270144987,3.13307771887786
"2022-10-12",0.790241391896618,0.978134636404335,1.2228446298697,1.60598921656496,2.09167760380569,2.6437148281008,2.77316982984477,2.87172658417001,2.98694627530067,3.02535500404244
"2022-10-13",0.82225153934198,1.00254461889681,1.24009700685987,1.61930683237058,2.11632118077766,2.71266752066249,2.85811382788537,2.96966265438638,3.10029275326547,3.14384206555339
"2022-10-16",0.696246000190754,0.994470144542652,1.35072144287259,1.83580569718981,2.32680058228003,2.74039755761443,2.82354719101653,2.88594716730399,2.9587485447742,2.983015672215
"2022-10-17",0.781634571732779,0.999831281998232,1.27711603449126,1.69403046980893,2.18770553837684,2.69409790504136,2.80538706110259,2.88937666948297,2.98741960553061,3.02010086243441
"2022-10-18",0.625910651249558,0.916403462168101,1.27196542973063,1.77511100081157,2.31543497538489,2.80264291043772,2.9031268017623,2.97860607922552,3.06667172954157,3.09602695968814
"2022-10-19",0.605095106185799,0.940054316801667,1.3366330915968,1.86914507101152,2.39699727390791,2.83183411935859,2.91862528197372,2.98374645284381,3.05972204418861,3.08504724213157
"2022-10-20",0.68866463452509,0.950111175430649,1.27606773665919,1.75116374038062,2.2859040333465,2.79757103578275,2.90596288063858,2.987508363883,3.08266391113465,3.11438248821897
"2022-10-23",0.624362254077709,0.987765258189188,1.40071978152458,1.9213502737967,2.39269353805568,2.74873106294087,2.81818982104995,2.87028817981559,2.93106966734217,2.95133016320757
"2022-10-24",0.537709889661984,0.964184013041229,1.41672957826803,1.93262286338108,2.34217324702266,2.62268858261466,2.67653015344037,2.71691152992427,2.76402313683732,2.7797270058084
"2022-10-25",0.57545311614116,0.998791494618118,1.44255226366656,1.9396352095827,2.32587213139045,2.58691586327861,2.63694390862178,2.67446504595982,2.71823970659745,2.73283126014334
"2022-10-26",0.566956229594607,0.999491743418081,1.43166569024361,1.88462283811057,2.21090701145493,2.42275653481379,2.46321568116943,2.49356005104952,2.52896181592655,2.5407624042189
"2022-10-27",0.610090679703882,1.04160094564536,1.48171136385913,1.95625291235305,2.30907741598729,2.54181391443764,2.58631605805593,2.61969269534775,2.65863210559681,2.67161190901317
"2022-10-30",0.772862461364725,1.21186430328694,1.64413759727898,2.0884947368197,2.40216938313722,2.60402136494881,2.64254976634115,2.67144607294368,2.7051584306543,2.7163958832245
"2022-10-31",0.810053843333131,1.25782355725283,1.68877972617958,2.11860951511014,2.41280763918588,2.59972192258651,2.6353741149996,2.66211326115778,2.69330893167734,2.7037074885172
"2022-11-01",0.793851243712331,1.24883149900455,1.68715474387374,2.12488044028696,2.42484782859604,2.61551518465506,2.65188402607212,2.67916065908586,2.71098339760369,2.72159097710963
"2022-11-02",0.864807048177639,1.29547229931995,1.72265147366061,2.16609644683071,2.48237648042864,2.68684087621443,2.72587908639671,2.7551577517904,2.78931619476188,2.80070234241904
"2022-11-03",0.832671487142465,1.25666737154811,1.68894383918722,2.15478977964424,2.50094522642067,2.72921508099255,2.7728621234669,2.80559743393781,2.84378862955971,2.85651902810034
"2022-11-06",0.86264914962377,1.32196548651934,1.77396158867019,2.23820367186909,2.5656227896988,2.77623521565012,2.81643475775179,2.84658441993614,2.88175902582549,2.89348389445527
"2022-11-07",0.907971859655451,1.34357563193192,1.77152011365101,2.21006290722599,2.51860787306638,2.7168635720684,2.75470201147109,2.78308084581128,2.81618948588096,2.82722569923752
"2022-11-08",0.938807374345603,1.25404159600111,1.76467867291404,2.21882795038475,2.46997137786939,2.62100661796443,2.64977525378308,2.67135173064706,2.69652428698838,2.70491513910215
"2022-11-09",1.03076121862431,1.27455537076944,1.72375701986667,2.13174843539432,2.35814810173414,2.49431461460175,2.5202511107548,2.53970348286959,2.56239791700351,2.56996272838148
"2022-11-10",1.0104956787767,1.22842476393016,1.82759847679222,2.26962440442285,2.49759695904589,2.63439966122896,2.66045731882342,2.68000056201926,2.70280101241442,2.71040116254613
"2022-11-13",1.1028371255862,1.27874313253989,1.85741675896718,2.28804519105647,2.51028539692614,2.64364863173876,2.66905115269116,2.68810304340546,2.71033024923881,2.71773931784992
"2022-11-14",1.14344427256928,1.26214327738299,1.78863324673567,2.22000829907941,2.44724194756227,2.58364100809532,2.60962178190764,2.62910736226687,2.65184053935265,2.65941826504791
"2022-11-15",1.05908143517746,1.25794936442743,1.77240802070419,2.15067081988179,2.34570829341281,2.46274703344198,2.4850401268112,2.50175994683811,2.52126640353618,2.52776855576886
"2022-11-16",1.19295620864432,1.3189765064751,1.81475768104853,2.18636158745544,2.37824347848863,2.49338941370362,2.51532197282361,2.53177139216359,2.55096238139358,2.55735937780358
"2022-11-17",1.05216295366536,1.3095370305467,1.81227497798929,2.17512524699256,2.36194894366926,2.47405795717811,2.49541205501686,2.51142762839592,2.53011246400483,2.53634074254113
"2022-11-20",0.950189673523021,1.41651397836044,1.80966995200643,2.14331513136496,2.34212947652112,2.46343477462122,2.486543266895,2.50387463610287,2.52409456684539,2.53083454375956
"2022-11-21",0.941719710117028,1.469154421639,1.87335796144318,2.17613916332044,2.34158003762966,2.44118660641102,2.46015935098938,2.47438890942316,2.49099006092922,2.49652377809791
"2022-11-22",0.915263213236605,1.5129863995064,1.92624315794974,2.18988383421086,2.30954818386364,2.37802320975624,2.39105547057282,2.40082966615859,2.41223289434199,2.41603397040312
"2022-11-23",0.941078709367329,1.52021799493646,1.93832176037506,2.19523394127762,2.28054844036118,2.31749561754578,2.32443283376689,2.3296357426924,2.33570580310346,2.33772915657382
"2022-11-24",0.869757898506867,1.50612671915457,1.94778479024989,2.23151392472086,2.36142282240344,2.43593930618028,2.45012189684025,2.46075883980739,2.47316860660239,2.47730519553405
"2022-11-27",0.85103435730317,1.53267416460078,2.01143779511122,2.30707119162276,2.42245197710685,2.48266042808005,2.49408495588741,2.50265335129775,2.51264981260969,2.51598196638033
"2022-11-28",0.7785555080686,1.49547995337741,1.98788275907027,2.27679239356217,2.37829462793584,2.42841259273547,2.43790788486477,2.44502935344969,2.45333773346529,2.45610719347048
"2022-11-29",0.789478241372061,1.49329657599116,1.97498832260337,2.2552374712751,2.35183899439485,2.39901479105354,2.40794983933629,2.41465112503893,2.42246929169186,2.42507534724284
"2022-11-30",0.756808591260474,1.50490061148742,1.98559241968358,2.22160052207467,2.26852028665762,2.28156711483662,2.28398424027862,2.28579708369552,2.28791206768171,2.28861706234377
"2022-12-01",0.740488783978057,1.4421878312909,1.95189250243895,2.24778880400137,2.30885941667215,2.31367711829771,2.31429185781434,2.31475288711934,2.31529075461156,2.31547004377563
"2022-12-04",0.800289545613215,1.52856482267133,2.00385813252762,2.24811283675158,2.3068559224588,2.32825019968509,2.33226239004765,2.33527153220143,2.33878219804733,2.33995241999596
"2022-12-05",0.775978719601933,1.46788372237648,1.9439316249063,2.20079745909117,2.25365900860921,2.26389689105536,2.265701719565,2.26705533636026,2.26863455595188,2.26916096248241
"2022-12-06",0.798406240375882,1.53167952345741,1.99538920695226,2.21197613235308,2.24467696777365,2.24862373808534,2.24930553618267,2.24981688407489,2.25041345661562,2.2506123141292
"2022-12-07",0.83739577800867,1.5497326035621,2.01028688990225,2.24062310745489,2.29035451428425,2.30614035405312,2.3090837116507,2.31129122922722,2.31386666639965,2.31472514545713
"2022-12-08",0.874644725477009,1.56945891010825,2.03194330478995,2.28282209813073,2.35494981545843,2.38606168093991,2.39193176067955,2.39633431993006,2.40147063905549,2.40318274543064
"2022-12-11",0.963555671403952,1.5988750172862,2.07915137745331,2.37111551359395,2.42563038058619,2.41705327177747,2.41489523161995,2.41327660204919,2.41138820067693,2.41075873355285
"2022-12-12",0.99818279105601,1.6228451952816,2.07538504127098,2.33604527732153,2.38749811321729,2.3896886083876,2.38983341283362,2.38994199341121,2.39006867072452,2.39011089649562
"2022-12-13",0.954398480756694,1.61555374146192,2.07869568092365,2.3417506024888,2.40951404820632,2.4312173696567,2.43522146471515,2.43822453187752,2.44172811023103,2.44289596968221
"2022-12-14",1.03720710069359,1.62216216882121,2.1014843061601,2.4464592915688,2.5621633368983,2.59187511458295,2.59684996072122,2.6005808260505,2.6049335013658,2.60638439313754
"2022-12-15",1.08557542539706,1.64449856354943,2.11243986426035,2.46736942287385,2.60868349152024,2.66131707370939,2.67076622198228,2.67785285214071,2.68612058654869,2.688876498018
"2022-12-18",1.11976394408502,1.74764554586702,2.2146755593803,2.52252210817734,2.64374002910556,2.70364422615935,2.71496061212487,2.72344789850495,2.7333497326131,2.73665034398248
"2022-12-19",1.06822454819171,1.76207871966229,2.22784432411205,2.54403038377087,2.71087013178307,2.81112313179513,2.83021895895144,2.84454082931866,2.86124967808043,2.86681929433435
"2022-12-20",1.0606164469563,1.76638905958964,2.23481868140357,2.54979260968429,2.71538895461531,2.81487414253884,2.83382371460598,2.84803589365633,2.86461676921508,2.87014372773466
"2022-12-21",0.999886066265757,1.65714357042395,2.1526063055127,2.52586366576798,2.73220851488905,2.85666537667412,2.88037170758105,2.89815145576124,2.91889449530481,2.92580884181933
"2022-12-22",1.0457361288336,1.69690783470232,2.19170643845193,2.56716238477146,2.77544539451578,2.90111290320104,2.92504986433306,2.94300258518208,2.9639474261726,2.97092903983611
"2022-12-25",1.09448727347475,1.5722666446127,2.01669429035495,2.44094931439719,2.71937533486426,2.89361229706013,2.92682506326799,2.9517346382854,2.98079580913921,2.99048286609049
"2022-12-26",1.03809981235408,1.68668184325343,2.20803630517439,2.62773650443663,2.86897043181192,3.01521747923243,3.04307529311858,3.06396865353344,3.08834424068411,3.096469436401
"2022-12-27",1.05042853371832,1.62564290000871,2.12783548137356,2.57137515386222,2.84363534236591,3.0108017236662,3.04264984068488,3.06653592845945,3.09440303086311,3.10369206499766
"2022-12-28",1.14483232722255,1.66665220111974,2.12812995124175,2.54216276233942,2.79966289542335,2.95830611097234,2.98853276113562,3.01120274879087,3.037651067722,3.04646717403237
"2022-12-29",0.951228602581929,1.59215556415913,2.14092816809574,2.61470910019865,2.90050012589176,3.07529449430854,3.10859370646865,3.13356811559499,3.1627049262424,3.17241719645821
"2023-01-01",1.5317058662615,1.98439463705012,2.36050143304513,2.67434657653079,2.85906990455184,2.97149979730115,2.99291679380984,3.008979541192,3.02771941313785,3.0339660371198
"2023-01-02",1.58180390830931,2.03043942955469,2.38211284256696,2.6578277337674,2.81374444823947,2.90804617714037,2.9260088808823,2.93948090868877,2.95519827446299,2.96043739638773
"2023-01-03",1.73856601629811,2.06025870698012,2.36290312445673,2.59793901091585,2.72476883039297,2.80099504643498,2.81551433231815,2.82640379673054,2.83910817187831,2.84334296359424
"2023-01-04",1.77025687571095,2.08327876248895,2.38714142775017,2.62564547112063,2.75461288043608,2.83212797743982,2.84689276481197,2.85796635534109,2.87088554429173,2.87519194060861
"2023-01-05",1.74436258818371,2.11092005550623,2.40225530123115,2.61399590649213,2.70643898537834,2.75256302239474,2.76124789908222,2.76776154763738,2.77536080427424,2.77789388981985
"2023-01-08",1.95819823116413,2.22674571310361,2.47689031736878,2.64228870470853,2.72684284268676,2.77758025783744,2.78724452739896,2.79449272957011,2.80294896543645,2.80576771072523
"2023-01-09",1.87475789313313,2.21808263718461,2.4988997328725,2.68006830937375,2.77248739949695,2.82794366708214,2.83850676567852,2.84642908962581,2.85567180089765,2.85875270465493
"2023-01-10",1.86454476298263,2.23441087645607,2.49710765765264,2.65195706714521,2.69740128840669,2.71474977534304,2.71798549191484,2.72041227714237,2.72324352657312,2.72418727638337
"2023-01-11",1.85559747223009,2.22490445398261,2.48098148924253,2.62231930168604,2.65468398460988,2.66301585397407,2.66452749723583,2.66566122729436,2.66698391236116,2.66742480738343
"2023-01-12",1.82366211776256,2.22598209771,2.50662295110514,2.6641641970401,2.70291933365065,2.71441262363219,2.71652151197396,2.71810317568008,2.71994845000229,2.72056354144303
"2023-01-15",1.97023176226389,2.29953402146908,2.52998290449593,2.66051497721051,2.69378783025305,2.70426722449176,2.70619836744653,2.70764672259787,2.70933647027314,2.70989971949823
"2023-01-16",1.95228722008527,2.2927118480166,2.49475330742775,2.5846337530072,2.60311493568922,2.61013951174834,2.61146631100648,2.6124614104239,2.61362235974423,2.614009342851
"2023-01-17",1.93711241829927,2.26180413265997,2.47854459922733,2.57188696606028,2.55400003053419,2.52299064813799,2.51690003888563,2.51233206696757,2.50700276637869,2.50522633284906
"2023-01-18",1.94782602701418,2.31899140599333,2.5482092549436,2.63019799821088,2.6038715146322,2.57157762257878,2.56532022016206,2.56062716509121,2.55515193417322,2.55332685720055
"2023-01-19",1.94168996264199,2.27522795399011,2.51789727383676,2.65943885185161,2.68941364067944,2.6923851434379,2.69280805821555,2.6931252323243,2.69349526877019,2.69361861425216
"2023-01-22",1.92350618398602,2.3579465797718,2.6106292121006,2.71600444073795,2.73190243014809,2.73591867200901,2.73666855664154,2.73723097008083,2.73788711909333,2.73810583543082
"2023-01-23",1.93738274267814,2.32627132234106,2.565214337949,2.66627638281605,2.67117874953154,2.66499521112615,2.66377717027512,2.66286363924833,2.66179785305031,2.66144259098429
"2023-01-24",1.93645672975633,2.29188482274545,2.53196933523055,2.65440588249462,2.67223754729143,2.67105454198659,2.6707497765772,2.67052120002785,2.67025452738539,2.67016563650458
"2023-01-25",2.07023232160538,2.33445798281589,2.535077481416,2.66631067180335,2.7102886043747,2.72721580944402,2.73034593248693,2.732693516711,2.73543236496274,2.73634531437999
"2023-01-26",1.98166633292708,2.31485344885973,2.55181684691241,2.6919882344277,2.73359034156787,2.74967758148131,2.75268022259006,2.75493220144829,2.75755951011499,2.75843527967056
"2023-01-29",2.03033348315862,2.38444829108009,2.63335048379437,2.77604218333593,2.81409961260751,2.82694235577539,2.8293199452827,2.83110313522609,2.83318352349201,2.83387698624731
"2023-01-30",2.0991431060633,2.3807754148634,2.58190159985617,2.71060258568863,2.76418135067666,2.79298759457302,2.79845790262907,2.80256063350021,2.80734715284983,2.80894265929971
"2023-01-31",2.10785587461195,2.38481512782704,2.58464873073979,2.71525574670784,2.77158779646111,2.80233931951996,2.80818134488296,2.81256286374519,2.81767463575109,2.81937855975305
"2023-02-01",2.4763273349978,2.47202977225482,2.46618027654629,2.45650373336285,2.44435170800411,2.45050154557034,2.47746925367078,2.53520825298049,2.75147143630866,2.91465668630384
"2023-02-02",2.46800085621615,2.4694920905011,2.47195971003611,2.4776720115436,2.49182562604174,2.54967969333863,2.59562047629451,2.66821843481841,2.88883665418663,3.04529444702314
"2023-02-05",2.53540515390341,2.53844091346356,2.54313117878123,2.5529634509895,2.57415391261037,2.64525555120269,2.69509193160437,2.76858963628907,2.97256440294477,3.10710386821104
"2023-02-06",2.55178902102593,2.5557966087138,2.56185282395556,2.57410622675844,2.5990340706298,2.67482487213402,2.72428158242454,2.79450727568734,2.98246551818414,3.10554200048643
"2023-02-07",2.28024353732815,2.51987398911583,2.6885032365145,2.79306548990048,2.83419747989835,2.85574290369874,2.85983155692134,2.86289804668306,2.86647561807168,2.86766814186788
"2023-02-08",2.2349039938645,2.5355092097823,2.73673035907899,2.83637352166583,2.8476250373878,2.84397820342942,2.8432144092736,2.842641561493,2.84197323908095,2.8417504649436
"2023-02-09",2.30030122311394,2.56276526794161,2.75433912511971,2.86712215349483,2.89219500813341,2.89560325849725,2.89614126650399,2.89654476319105,2.89701550931481,2.8971724246894
"2023-02-12",2.24534554371648,2.57969007101448,2.79874765380348,2.89944306790052,2.90202942227675,2.89111309664505,2.88895174259478,2.88733072450566,2.88543953673344,2.88480914080936
"2023-02-13",2.23937838543227,2.57890276548425,2.81171640264036,2.93608236279437,2.96037522862775,2.96426112854214,2.96492917581824,2.96543020900043,2.96601474771157,2.96620959394861
"2023-02-14",2.33719104326588,2.60166684009455,2.80308972218626,2.93584590241902,2.98134672652045,2.99935690421899,3.00269462763571,3.00519791223705,3.00811841092905,3.00909191049304
"2023-02-15",2.31951423659874,2.61909638524462,2.83250049775605,2.9592611588109,2.99737955466774,3.01233640290356,3.01513031194881,3.01722574196884,3.01967041032444,3.02048529977631
"2023-02-16",2.32756910730374,2.63894443364455,2.84904873693642,2.95583335807006,2.97098769881614,2.9696284752059,2.96929974777703,2.96905320001517,2.9687655609583,2.96866968127268
"2023-02-19",2.41428644241573,2.73904906984999,2.94749769466663,3.03606595806748,3.02952245170503,3.0126615273948,3.0093655388033,3.00689354474928,3.00400955168465,3.0030482206631
"2023-02-20",2.4324499575464,2.74631046475409,2.96034283267882,3.07278313862457,3.09276536216074,3.0946477441058,3.09493834140624,3.09515628724254,3.09541055738356,3.09549531409723
"2023-02-21",2.43951529932048,2.74791279686628,2.94877139873608,3.05139289311171,3.07553725628978,3.08411049771795,3.08571667282467,3.08692130389133,3.08832670680236,3.08879517443937
"2023-02-22",2.41185775766901,2.74582053988942,2.96044887590796,3.05211210310594,3.04595738468739,3.02901554846188,3.02570205440124,3.0232169311798,3.02031762075313,3.01935118394424
"2023-02-23",2.45607265851932,2.75320236594838,2.97269132775562,3.09684451191911,3.10824012714414,3.09361400216427,3.09056024771255,3.0882698815665,3.08559778762526,3.08470708964485
"2023-02-26",2.28624602940769,2.72032487139185,2.99512221186842,3.12391559857505,3.1437959239029,3.14647978403654,3.14694970728934,3.14730214932709,3.14771333170435,3.14785039249677
"2023-02-27",2.29244367375641,2.73587616966904,3.02106347326256,3.16146482608294,3.18973371924346,3.19777138417651,3.19926218450034,3.20038028435028,3.2016847341751,3.20211955078337
"2023-02-28",2.31187474070874,2.74240496771325,3.03608880341718,3.20560144666915,3.26296507099343,3.29067305744802,3.29591925062148,3.29985389518616,3.30444431384485,3.30597445339774
"2023-03-01",2.30543777537089,2.76076597756481,3.06667400368518,3.23667675407471,3.28898691195048,3.31273050640768,3.31721766789475,3.320583038658,3.32450930454836,3.32581805984514
"2023-03-02",2.28990783340727,2.75651075129978,3.07573283571659,3.24508941428561,3.27694842470401,3.28123410263667,3.28195051414521,3.28248781962801,3.28311467602265,3.2833236281542
"2023-03-05",2.55155738762581,2.84351866944082,3.10266216538035,3.30417269342056,3.35319586114319,3.32317776679278,3.31533129538149,3.30944030840195,3.30256740938486,3.30027644302818
"2023-03-06",2.49649770131525,2.84215139732893,3.13377347871622,3.33545410808191,3.35514103090413,3.29845245194944,3.28563739291132,3.27602230802519,3.26480467147773,3.26106545928988
"2023-03-07",2.52006084431288,2.84692979731745,3.13377596440716,3.34283062602027,3.35687346729795,3.26809131323628,3.24729500352526,3.23168194322565,3.21346643792175,3.20739460273533
"2023-03-08",2.58603762137314,2.87491472670966,3.1229124020714,3.29731593818501,3.30811260987173,3.24255150364742,3.2275833987974,3.21635031836074,3.20324496591018,3.19887651507332
"2023-03-09",2.59329397795205,2.83984515109984,3.04208072849277,3.16933480698279,3.15948370045819,3.0973595461923,3.08391003403427,3.0738199019102,3.06204805150795,3.05812410136964
"2023-03-12",2.75399270226303,2.74770461099267,2.73917453760238,2.72513590770566,2.70758006703889,2.71369676614537,2.74655662036766,2.81401143848718,3.04006264903225,3.1886847003649
"2023-03-13",2.55119052672504,2.77984591635666,2.9383098278022,3.02563636513475,3.04549615558576,3.05053132006109,3.05144363562694,3.05212787082034,3.05292614521171,3.0531922366755
"2023-03-14",2.66510132636804,2.65744266987211,2.64706973322715,2.63003642499863,2.60874940093968,2.61421810901701,2.65021977444276,2.72266831191558,2.95250047284935,3.09399377636971
"2023-03-15",2.80920642912228,2.79369176590329,2.77260025468919,2.73758908547111,2.69168916460263,2.67762018108531,2.72104404519184,2.81136328170162,3.07607152810752,3.2207242641252
"2023-03-16",2.82528423247795,2.7912367092042,2.74500681136428,2.66821005765811,2.5656882996749,2.50118120935209,2.55085496468127,2.66052413075486,2.95090046216916,3.08971312266318
"2023-03-19",2.82485391705407,2.78901227355203,2.74027113335563,2.65906763318759,2.54994955842829,2.47869932131769,2.53048805089159,2.64753086993022,2.96420558337739,3.11802165890549
"2023-03-20",2.81632977937652,2.80589877362035,2.79157965165246,2.76737171339402,2.73428127243259,2.71935483565474,2.74991455503616,2.82081994251825,3.06372568825109,3.21832378806383
"2023-03-21",2.84806747523769,2.8393198160014,2.82729467869476,2.80691036675193,2.7788682081052,2.76542103801688,2.79090633302176,2.85109963996839,3.06191243788375,3.19900000631826
"2023-03-22",2.8714206859744,2.84846940012171,2.81665821614518,2.76171515292377,2.68153077618189,2.60055410854039,2.62097347852548,2.6964760468814,2.97599989894016,3.14640223576562
"2023-03-23",2.83041510463065,2.80225846647008,2.76350138992067,2.69743101373712,2.60383054742619,2.52191613725937,2.55417725881249,2.64835359288574,2.95519814750391,3.12571834135379
"2023-03-26",2.91156329232454,2.88535467757277,2.84929083913874,2.78786132941725,2.70107661756411,2.62741253350275,2.6601523807445,2.75258885414312,3.05295564910177,3.22074382649044
"2023-03-27",2.84089476749788,2.82647505057141,2.80657618151528,2.77255523961343,2.72450168522281,2.69052461093567,2.72107284614757,2.80049546262081,3.08381552080724,3.26538863506791
"2023-03-28",2.90053525213244,2.88158426423744,2.85550277891363,2.81110793085426,2.74881204218513,2.70282677666739,2.73649922231403,2.82352609781857,3.11387575206708,3.28542988281003
"2023-03-29",2.86152573673426,2.85366162747753,2.84281529348119,2.82432616546841,2.79865430614896,2.78711922719714,2.81352163001316,2.87774672940038,3.12263554991515,3.2990937341638
"2023-03-30",2.86143964809452,2.84867196000036,2.83086699280997,2.79979589461228,2.75365745700276,2.70784509235898,2.72564938118213,2.78792384985355,3.05282999279786,3.24641973128759
"2023-04-02",2.94922429725687,2.92853767138495,2.89961562517639,2.84883404235105,2.77189384263009,2.67974735932669,2.68800695376881,2.74889317456456,3.02356958245829,3.2138774510823
"2023-04-03",2.95266620118564,2.92696068403682,2.89130830534282,2.82965025599245,2.73937732261706,2.64651972906259,2.66793335768543,2.75075590866977,3.06151421747761,3.25221401792983
"2023-04-04",2.95584379229578,2.92581555714104,2.88405420973821,2.81142799779129,2.7035332958269,2.58165640982581,2.59554298878041,2.675490503427,2.99576634834013,3.19516889683345
"2023-04-05",2.90829600520285,2.88295049442031,2.84766089306425,2.78617563448432,2.69459020852001,2.59213369374386,2.60703303751624,2.68321443427759,2.99438402257744,3.19536157619312
"2023-04-06",2.83701271210092,2.81051361567768,2.77407977496963,2.71213704936706,2.62515506861526,2.55593149261735,2.59424332835455,2.69660145773422,3.02695149221411,3.21277782418781
"2023-04-09",2.86676442911464,2.84350017559992,2.81164058127554,2.75790503567607,2.68399367357025,2.63437238974783,2.67537423299437,2.77396979256197,3.07625753447905,3.24163312716851
"2023-04-10",2.98436246104004,2.96452822680174,2.93683006779884,2.88831595572338,2.81530061931081,2.73170639444076,2.74414832623991,2.81022281579631,3.09799592629679,3.29708920655143
"2023-04-11",3.0035141851959,2.98809843734283,2.96650873647163,2.92850058657301,2.87072591279693,2.80314941152666,2.81357181130874,2.87061759944894,3.13568647382516,3.33292684551018
"2023-04-12",2.99558114964341,2.98110120402252,2.96085216919392,2.92531454918284,2.87174809261895,2.81267339209092,2.82665777264633,2.88744356728974,3.16008922367017,3.3624388796412
"2023-04-13",3.02474928250263,3.01404023311557,2.99903552644422,2.9726161371063,2.93257832827019,2.88868298700751,2.90101145207532,2.95258774325358,3.19516499487882,3.38793331534585
"2023-04-16",3.03033312833074,3.02087009157498,3.00765085536468,2.98451930526147,2.95004816931839,2.91682406821627,2.93292048327853,2.98731680674336,3.23039390500821,3.42172318690337
"2023-04-17",3.04472371911555,3.03607036391322,3.02395740311135,3.0026796597977,2.97069377304783,2.93852263367459,2.95257517168364,3.00277605354994,3.23700126959857,3.42899995250763
"2023-04-18",2.65450464734039,2.99638737630118,3.17693916107352,3.20745585795863,3.15919783257706,3.11878791249378,3.11104225197913,3.1052330061355,3.09845555265113,3.09619640148967
"2023-04-19",3.02923177272096,3.01967284136573,3.00628627623815,2.98274451122838,2.947211784198,2.90981232255793,2.92297959766302,2.97345918806228,3.20944037264467,3.3995613333209
"2023-04-20",3.06494674408137,3.05521308764785,3.04159978619736,3.01772151959665,2.98191294418641,2.94573979664935,2.96057414455449,3.01383338638959,3.2565483153308,3.44911027536612
"2023-04-23",3.12523595641833,3.1146188564886,3.0997237454823,3.07343532287051,3.03339840572774,2.98876654664347,3.00088482921383,3.05330679597485,3.30748143500136,3.51594810617899
"2023-04-24",3.09818557016852,3.07764167056441,3.04882447207227,2.9979183121063,2.91977620112999,2.82171408117247,2.82729328855689,2.88812176120891,3.18665848000126,3.40736616301898
"2023-04-25",3.10694353241903,3.08467134383559,3.05359608811235,2.99925664123683,2.9177707286255,2.82584192741113,2.84065271066768,2.91496083652066,3.2320213486811,3.44798484249012
"2023-04-26",3.10311184553028,3.08634592697643,3.06298504514523,3.02226961460127,2.96188050433553,2.90052417084332,2.92067100871158,2.99399403962187,3.29853706765045,3.51228077658405
"2023-04-27",3.08835987005204,3.06201585972063,3.02526160981887,2.96098193340241,2.86443567811201,2.75280527922011,2.76608069028495,2.84485689517183,3.18217067107304,3.40763151314409
"2023-04-30",3.02325791557539,2.99638708967152,2.95927174881218,2.89560604195665,2.80427835332309,2.72160156821169,2.75398027559564,2.8530372587574,3.19770644337288,3.40174800649771
"2023-05-01",3.07472255734681,3.04663568295436,3.00741225769017,2.93868153678688,2.83494026321553,2.71149027097483,2.72195999547487,2.80037610593302,3.14574368220037,3.37823764742314
"2023-05-02",3.10649881050738,3.07436003298011,3.02950249563273,2.95096142357871,2.83249382115132,2.68990292000939,2.69839726317734,2.77945632577644,3.13519205933289,3.36913484785368
"2023-05-03",3.05495618251895,3.01670001065731,2.96370506350173,2.87223466066222,2.73869499844832,2.59982620072456,2.6268170031184,2.73701485898041,3.14084286695499,3.3799081544331
"2023-05-04",3.05920810930726,3.02612509073683,2.98027534421445,2.90110065633302,2.78561075235224,2.66937541282484,2.69920185095985,2.80861172857487,3.21292208606544,3.45926896863119
"2023-05-07",3.11813639679792,3.08452710724958,3.03797126507033,2.95764281010226,2.84061339512404,2.72236750297727,2.7510065900778,2.85761261038705,3.24756510633967,3.48175721587408
"2023-05-08",3.10856611812768,3.07818838591991,3.03610112937423,2.96348105011848,2.85784300281155,2.75445921582986,2.78557839377819,2.89296711468433,3.28784943128711,3.53016615806867
"2023-05-09",3.12261385118683,3.08543304001126,3.03389909824417,2.94486387615599,2.81464208830525,2.6788554502385,2.70571710893421,2.81547065982452,3.22209373812188,3.4657110889774
"2023-05-10",3.13338934739303,3.09297281678755,3.03681009301675,2.93927235377682,2.79469397991532,2.63111947068142,2.64760075567731,2.74842795692226,3.14676882499688,3.38944440083265
"2023-05-11",3.14257936745398,3.10522677144895,3.05335030168703,2.96336549832543,2.83045241930746,2.68393555440447,2.70369321086638,2.80457206754007,3.19607099121106,3.43495381775518
"2023-05-14",3.13798743810682,3.10112219528047,3.0499275439701,2.96115143401694,2.83017862547781,2.68758292722346,2.70949459083009,2.81368362744583,3.21626540170132,3.46310621594718
"2023-05-15",3.12695767083503,3.09683966021788,3.05493754959762,2.98205144989899,2.87398277850026,2.75701855078278,2.77923305957378,2.87733369041816,3.27023435120041,3.52401123897509
"2023-05-16",3.11596942206269,3.09035316980766,3.05457097931844,2.99186147564916,2.89732792280085,2.78781595003235,2.80234624102532,2.88497649769521,3.24761810402529,3.49836023758304
"2023-05-17",3.13202124814352,3.11035832042634,3.08027739106138,3.02818739364625,2.95204809426788,2.87992005448624,2.90884345151022,3.00330661719073,3.36971583370877,3.61262159555869
"2023-05-18",3.20264724635048,3.17350268081444,3.13304598348864,3.06297087364147,2.96004698878823,2.85313180751432,2.87736446460155,2.97298423675185,3.33809139173865,3.56581432631035
"2023-05-21",3.16779161351689,3.14522944775981,3.11376659134955,3.05882131975669,2.97678396622662,2.88784919531338,2.90763820574257,2.99210949927272,3.34765451812126,3.59265564294052
"2023-05-22",3.16930572479355,3.14754261602577,3.11715818790933,3.06398001863242,2.98420400895836,2.89612079747996,2.91447730693215,2.99665705823161,3.35173865650957,3.60201562452728
"2023-05-23",3.20891305080255,3.18598782671157,3.15397620877885,3.09792178067631,3.0136422658561,2.91812488378666,2.93386972964108,3.01297922264797,3.35637583379839,3.59500919730052
"2023-05-24",3.22934733005311,3.20861738247621,3.17971588344402,3.12926791927829,3.05405160282133,2.97343391976106,2.99273493633923,3.07235666583919,3.40595879965954,3.63611556032804
"2023-05-25",3.24981885886978,3.22728132761617,3.19585020702724,3.14094504568662,3.0588677881228,2.96860989092426,2.98653130739433,3.06711308815219,3.40695096981332,3.63943151639329
"2023-05-28",3.24448520314833,3.21814173778996,3.18128008789792,3.11644721423778,3.01777629362611,2.89634756321016,2.903203174801,2.97479883035407,3.30720281376096,3.53851708117372
"2023-05-29",3.271073048773,3.2336023015029,3.18126129944077,3.08945432008675,2.95023957221169,2.77613201461707,2.7778676859825,2.85774436779423,3.22398378196778,3.46374160762331
"2023-05-30",3.24931426425712,3.20942930273471,3.15370102794806,3.05590021811489,2.90739765899208,2.72035766994265,2.72080967616223,2.80376332795158,3.18850791609677,3.4410189377999
"2023-05-31",3.29405303785069,3.2475453849225,3.18263975241412,3.06895702497506,2.89690870192077,2.68023897026865,2.67792189647547,2.7649030012715,3.16334828910901,3.41688394079222
"2023-06-01",3.2980978041432,3.25955918494313,3.20554656165835,3.11020332194329,2.96351345916987,2.76849056933512,2.75994824011453,2.83058314503037,3.19798499800037,3.45097271566179
"2023-06-04",3.34022740139157,3.30438877327137,3.25405444035837,3.16485954620344,3.02649884958345,2.83750600319389,2.82600094834052,2.890326049321,3.24942984037475,3.50720814796163
"2023-06-05",3.33000678822884,3.29281858249132,3.24054844488688,3.14779237384554,3.0034829525772,2.80455074670104,2.79140824510087,2.85802618363661,3.23947612591311,3.51778955661859
"2023-06-06",3.37362251508562,3.33934821447669,3.29125028605022,3.20615664865235,3.07468378070156,2.8986266706646,2.89154286509621,2.9590252039339,3.3179217568851,3.57312205845376
"2023-06-07",3.36123344077514,3.32576687551635,3.27593920076798,3.18759020286699,3.05037020248414,2.86215261154296,2.85018400452129,2.91355467278632,3.27139373942457,3.52991504931426
"2023-06-08",3.37528058543955,3.33836402087793,3.28643271093375,3.19411875151332,3.04983704899946,2.84573822249307,2.82627963185868,2.88135845871325,3.22439148953923,3.47619907963176
"2023-06-11",3.38164696405388,3.34311767583271,3.28890416282157,3.19248716366477,3.04162672288124,2.82724577491369,2.80593883640917,2.86211599451661,3.2178762347806,3.48014047012574
"2023-06-12",3.39305280961084,3.36041722321396,3.31439413411216,3.23220972472214,3.10252369961906,2.91338970528746,2.891794671541,2.93812524815363,3.25919532908241,3.50779745465734
"2023-06-13",3.40803231113338,3.37531377352775,3.32919688375939,3.24692224991063,3.11736000234646,2.92979634761357,2.90943270201099,2.95718391635518,3.27871365284703,3.52514816049562
"2023-06-14",3.44075826021545,3.41336089258851,3.37447468387188,3.30419465289323,3.19035983072071,3.00850489360938,2.97534579496978,2.99820097699808,3.26838317237437,3.51021684175862
"2023-06-15",3.45410965064368,3.42384827641275,3.38087887731912,3.30314429047955,3.17687485637058,2.97159429654599,2.92981871577561,2.94484916053386,3.2016877128673,3.43329416305154
"2023-06-18",3.47545408526006,3.44737326771285,3.40751247669312,3.3354505713233,3.21862044006961,3.0307740096951,2.99497401528022,3.0146603425174,3.2756045019085,3.50937628953986
"2023-06-19",3.4757043440766,3.44321178353949,3.39701648113943,3.31324622060808,3.17643341785896,2.94933598163536,2.89903504770126,2.90713933371483,3.16389937028062,3.40357801944538
"2023-06-20",3.4831682500837,3.45187145427187,3.40733529744912,3.32643534452452,3.19381993510818,2.97091969738591,2.91946628877238,2.92349724894839,3.16629694371716,3.39908953973878
"2023-06-21",3.48049004964044,3.45614879399466,3.42136716189998,3.35770718043722,3.25169903253666,3.06495303944387,3.01631989930412,3.01082672260316,3.20891212493327,3.42417599520662
"2023-06-22",3.48924956580592,3.45613986797804,3.40896422768831,3.32306299555027,3.18148338498981,2.9386506658727,2.87842375221608,2.87403079256793,3.10978179927611,3.34561294805483
"2023-06-25",3.47629512282273,3.44072745661954,3.39006333548099,3.29785662674459,3.14605167659578,2.88665586147135,2.82306684026454,2.81983779947011,3.07559742887485,3.32914785165553
"2023-06-26",3.47201112762635,3.44193199857882,3.39892095167653,3.32009035081535,3.18839639604772,2.95336817762924,2.8892918627743,2.87576038736907,3.09854514420018,3.34838360328246
"2023-06-27",3.4622635459269,3.42933708697085,3.38234525772762,3.29651866545103,3.15415078419981,2.90499091232141,2.83973652040161,2.82901862830702,3.05947699771365,3.3028616009801
"2023-06-28",3.08207588510149,3.41649847154908,3.58229724533254,3.52573468333597,3.31524344318575,3.13066684045136,3.09484976359109,3.0679868392247,3.03664676055839,3.02620006766962
"2023-06-29",3.07939086780092,3.42113678929467,3.58991672104465,3.53054593607413,3.31365963267656,3.12369685233581,3.08683652798795,3.05919116496929,3.02693824120248,3.01618726661354
"2023-07-02",3.18116821158384,3.47693615957548,3.63073613948543,3.57993156225484,3.36467564810237,3.16392466575762,3.12464801073097,3.09519014972809,3.06082264401033,3.04936680877104
"2023-07-03",3.53157641218235,3.5038178921085,3.46413445392009,3.39143199962592,3.2700640087887,3.05370424330383,2.99461529809351,2.98148200770733,3.18025927534252,3.40211440892726
"2023-07-04",3.54573578379507,3.51834180096708,3.47924280221549,3.40782531288416,3.28936180336475,3.08247336406047,3.0290394864385,3.02230223874233,3.22565603591386,3.4399213716183
"2023-07-05",3.21743521577045,3.49750449481725,3.64375875737723,3.61427625269011,3.45834491721909,3.31908621513857,3.2920409666828,3.27175693806674,3.24809223782571,3.24020400441204
"2023-07-06",3.5434352020003,3.52209134518809,3.49167543182877,3.43629247665456,3.34513120067741,3.19134582536672,3.15705072090783,3.16487624842298,3.36992590890312,3.57397564005021
"2023-07-09",3.64945411270565,3.62220344457692,3.58339076912541,3.51277553184386,3.39665057219633,3.19983965286901,3.15366459006717,3.15660794016249,3.37671680113596,3.5929965853172
"2023-07-10",3.65390017159484,3.62721773049035,3.58924734243235,3.52027479416668,3.40723252515458,3.21765096683833,3.17450785287804,3.17961385398494,3.39462388142066,3.60063088103924
"2023-07-11",3.65851629586881,3.62515455090351,3.57775842624377,3.491920031827,3.35205619268343,3.12077495205172,3.0692490004054,3.07538695677454,3.31846766539505,3.54121592784678
"2023-07-12",3.68831202856684,3.64651453054669,3.5872141223814,3.48006838611224,3.30624930997138,3.02110325389222,2.95733689865866,2.96140291964125,3.22772391526028,3.46397463496904
"2023-07-13",3.68988851127802,3.65024792400573,3.59404554371823,3.49262173494556,3.32849869903828,3.06118871403789,3.00247896118353,3.0077306493529,3.25652351889456,3.47327574354531
"2023-07-16",3.68466641920616,3.64330514911461,3.58468160338736,3.47894734573951,3.30803360984944,3.03034285241466,2.96952457076973,2.97479169734394,3.22886754194842,3.44853921022618
"2023-07-17",3.65857724558935,3.61209478892379,3.54633139678052,3.42810452137489,3.23824733827697,2.93516654849867,2.87132437017923,2.8796364824623,3.14712606106336,3.36809124685093
"2023-07-18",3.66444156505263,3.61828288443983,3.55302246768141,3.43585352565162,3.24825249330966,2.95211513850162,2.89246326793243,2.90598903034386,3.18302813567651,3.40745149141044
"2023-07-19",3.67552571483478,3.63398310582483,3.57516242865852,3.46927184078522,3.29878809908768,3.02531279321105,2.96776314954147,2.97692322186388,3.23378856336969,3.44978108282289
"2023-07-20",3.67941280457822,3.63566227875696,3.573785128619,3.46261834441202,3.28437425839416,3.00161205582405,2.94361278582211,2.95461177354002,3.21457850754611,3.42713206250735
"2023-07-23",3.70044341530279,3.65242146888082,3.58455945373548,3.46282397997764,3.26823790034574,2.96228315900448,2.90100579840684,2.91481973554152,3.19485404718184,3.41915104162284
"2023-07-24",3.70508030534255,3.65546345690535,3.58544588670372,3.46016662472908,3.26099650563038,2.95302193704904,2.89452067112751,2.91328056741407,3.19991492485201,3.4217091202463
"2023-07-25",3.70123099473188,3.6564136230829,3.5930128837875,3.47906438516934,3.29623929781286,3.00607364060661,2.94695492007171,2.95972334953595,3.2355073450602,3.46207956014104
"2023-07-26",3.69119899043856,3.64380488927848,3.57703009491886,3.45791439655682,3.26984092782345,2.98662216030902,2.93897674014574,2.96812561234866,3.26456674378042,3.4854194444
"2023-07-27",3.69070332902463,3.64163433470974,3.57267805373689,3.45026330215583,3.25900798311288,2.98145742021362,2.9422204644685,2.98360756104621,3.29966256328436,3.52256498824735
"2023-07-30",3.72013370873681,3.66711904081679,3.59275201649641,3.46115990245773,3.25691287991361,2.96574620930726,2.92681677977525,2.9717250437775,3.290659582437,3.50727483628162
"2023-07-31",3.7268659531077,3.67535063486034,3.60323964665953,3.47615463758159,3.28071719293984,3.01222581334327,2.98452273092339,3.04100196671952,3.37272986192608,3.58979156193874
"2023-08-01",3.70323271582619,3.65019392111072,3.57601040490547,3.44547589543688,3.24545337490429,2.97474239422718,2.95026654222155,3.01360888132416,3.36433337925838,3.59088249078516
"2023-08-02",3.70389089532065,3.65161544549993,3.57875424198663,3.45137696621947,3.25893313395796,3.01127031742478,2.99759291525621,3.06888050058529,3.40817538673276,3.61491019701631
"2023-08-03",3.70338106806986,3.65044962169514,3.57647958916385,3.44651885227031,3.24797068891298,2.98115617944632,2.95742807034205,3.01903466014134,3.35368811900906,3.56619315094908
"2023-08-06",3.67372383792299,3.62059135152752,3.54673403855013,3.41826900988237,3.22638508198062,2.99041363943508,2.98586137916261,3.06783961868592,3.41858314395149,3.62419889890129
"2023-08-07",3.69175676718743,3.63072566499385,3.5458206481898,3.39787179128827,3.1756907882513,2.89244754553497,2.87523744937781,2.94921861752029,3.29377398226934,3.49605674538693
"2023-08-08",3.71391129057451,3.65201656748008,3.56606095038202,3.41676680205394,3.19412498626311,2.91702581330932,2.9044567228333,2.98270217273519,3.3250475377877,3.52068715658083
"2023-08-09",3.70192922801925,3.64622195336036,3.56865310857668,3.43327357507616,3.22936265032954,2.96800828907113,2.95251789813153,3.02340618876635,3.35772402010748,3.55740308856153
"2023-08-10",3.68512169836838,3.63552411935224,3.56651799972594,3.4462869189599,3.26602724052951,3.04118399612515,3.03449166121955,3.10897577033605,3.43765133175548,3.63291926362781
"2023-08-13",3.71155675420726,3.66191326381552,3.59282400365823,3.47238129945808,3.29155689100699,3.06446303692643,3.05618787689558,3.1285157521416,3.45251914535534,3.64558197653498
"2023-08-14",3.71578813950305,3.67037231661169,3.60709420885689,3.49655792691148,3.32995215329884,3.11890835569384,3.11116450150455,3.18021520205959,3.49641836977408,3.689028825786
"2023-08-15",3.70136597615121,3.65458185267457,3.58946762896206,3.47595108093913,3.30558735670371,3.09298566460388,3.08727675291576,3.15969870424875,3.48009119340942,3.6718937893915
"2023-08-16",3.7213486807166,3.67150833247292,3.60237653603025,3.48262726970546,3.30546698369092,3.09654933933466,3.10011448502387,3.18581856381578,3.52539412136757,3.71919568784196
"2023-08-17",3.7160883599608,3.66208375584964,3.58722702140583,3.45770665870632,3.26642767622857,3.04042647461132,3.04201010743001,3.12844508799766,3.46943044704209,3.66105441076774
"2023-08-20",3.77059766531248,3.71767141722012,3.64424615167309,3.517006908924,3.32852245436162,3.10413565106525,3.1053801639184,3.1920647046191,3.54005628914908,3.73851859375684
"2023-08-21",3.75336066594684,3.69988946749228,3.62557337608351,3.49633088142921,3.30322547069479,3.06365163417187,3.05569817389742,3.13119919220895,3.45945379539156,3.65041734268358
"2023-08-22",3.71484890809967,3.65438283479565,3.57024508010593,3.42358401283224,3.20325675578506,2.92315971897164,2.90780802851275,2.98514285858037,3.34209035057776,3.55288145173893
"2023-08-23",3.72545282799415,3.66419323225511,3.57911073523503,3.43131133455349,3.21087597464973,2.93709839428904,2.92573812298922,3.00558012998279,3.35311971961438,3.55231952843706
"2023-08-24",3.7012430721092,3.64922226367742,3.57661671756712,3.44935407885083,3.25592776379807,3.00075891999678,2.98140596353433,3.04555282302472,3.37367216680894,3.57764623063259
"2023-08-27",3.71741544310365,3.66666067324834,3.59561058920883,3.47038741915152,3.27781683092761,3.01372159337933,2.98723114777866,3.04466642451708,3.37854577489283,3.59744410379213
"2023-08-28",3.75496106247055,3.69960147373614,3.62206043699461,3.48523071772657,3.27412107305273,2.9792984957433,2.94404053442331,2.99612236915499,3.32937944835723,3.54938438834056
"2023-08-29",3.75468266335147,3.70140059443002,3.62680136567339,3.49527331223974,3.29275343091376,3.01250057505229,2.98134121627399,3.03547893965036,3.36560788543755,3.58206001697741
"2023-08-30",3.75949733773512,3.695668739298,3.60662388301637,3.45065103072798,3.21373660225684,2.89905585814544,2.87089572509435,2.93916301426418,3.30044615683882,3.52216165262289
"2023-08-31",3.7322244784591,3.67279713888406,3.59007290005029,3.44578817536111,3.22885337886746,2.95382765448683,2.9408405171974,3.02225551401394,3.39515158327636,3.61748865940344
"2023-09-03",3.73385038973214,3.67809965809663,3.60041943107007,3.46469673781106,3.25989521114494,2.99734026333149,2.98339891309754,3.05958483449581,3.41858328731856,3.63613127390175
"2023-09-04",3.72821164906165,3.67530570264733,3.6015632735458,3.47265603737232,3.27806366424464,3.0302600380821,3.02030307041676,3.10018976418952,3.47067500545436,3.69777179498553
"2023-09-05",3.73374545384914,3.68615728595193,3.6196876091033,3.50303988963269,3.32546251502871,3.09249813050842,3.0783963612267,3.14658479081514,3.48782126559519,3.70440669828876
"2023-09-06",3.73456093524915,3.68318468117559,3.61139976364909,3.4853348951665,3.293052641281,3.03798706397019,3.01945790508043,3.08763913014498,3.44036961805774,3.66481336622532
"2023-09-07",3.73004751789122,3.67980690206083,3.60960895466876,3.48633177507574,3.29830422453291,3.04889993924087,3.03079871420151,3.09749931692297,3.44249462902515,3.66200802638003
"2023-09-10",3.76985859830618,3.71665524455861,3.64250351811553,3.51288603789353,3.31715713388786,3.06641252624191,3.05405780803769,3.12955227813073,3.48459848329488,3.70121837153308
"2023-09-11",3.81705773001447,3.76468611162029,3.69142942596832,3.56250381315639,3.36486492653225,3.09686336648595,3.07214448691367,3.13389400117589,3.47834520242632,3.70111093570645
"2023-09-12",3.82532032959348,3.77292223413679,3.6997021170916,3.57106916908296,3.37455099127441,3.10999686331633,3.08567275327676,3.14479530582852,3.46886525544531,3.67420498095384
"2023-09-13",3.90313097005628,3.84224908235458,3.75715881364875,3.60759983151233,3.37871118995493,3.06636136610558,3.03242992080497,3.09065490092413,3.43297934652172,3.64972457811673
"2023-09-14",3.90489047229404,3.84988605209684,3.77295224629804,3.63756390526649,3.42998012091684,3.14733292558434,3.11947228427422,3.18027504041393,3.52672812592815,3.75001882692711
"2023-09-17",3.90688942875603,3.85556195576162,3.78362325292919,3.65654662619829,3.46015192031779,3.18592024906249,3.15479843703598,3.20845548429683,3.54423314172865,3.76921950391313
"2023-09-18",3.899718159822,3.85134277883786,3.78354403638575,3.66379341527581,3.47879888728715,3.22137800629724,3.19330069764477,3.24628442545892,3.57120603457197,3.78903355841852
"2023-09-19",3.89496633299175,3.84304710171789,3.77035030232712,3.64216711831811,3.44482965060572,3.17283654926056,3.14427689714472,3.20091044102362,3.53745845300745,3.75885715360307
"2023-09-20",3.87334697857953,3.82531881984009,3.7580319242111,3.63927302611158,3.45613747938623,3.20338419736993,3.1777667597864,3.23366881127158,3.56413515674718,3.78443684669638
"2023-09-21",3.85631996443599,3.80968888800115,3.74431281435101,3.62878612940827,3.45025143874486,3.2032928113948,3.17920600612053,3.23745622507753,3.58121486941983,3.81427085304602
"2023-09-24",3.88278944682377,3.83186015675323,3.76088744783123,3.63689009349836,3.45007738211731,3.21599766215245,3.21147250827431,3.29770278184967,3.68492625809066,3.92319626260903
"2023-09-25",3.89394538774023,3.84068722744697,3.76669721164897,3.63816779996744,3.44693914720233,3.21818960968048,3.22139087364041,3.31680839095317,3.70751766212651,3.9368566895935
"2023-09-26",3.89279858934096,3.84329448508784,3.77454503994692,3.65521943024537,3.47814097015477,3.27027487126684,3.27804513233723,3.37498139448177,3.76286800819424,3.99093207894404
"2023-09-27",3.88702838522751,3.84193930313237,3.77942075842878,3.67125597667179,3.51203245872567,3.33335603457486,3.34871014840108,3.44875502666718,3.82864052242085,4.04926138574992
"2023-09-28",3.90777379301087,3.8518893704297,3.77464390289205,3.64174039689201,3.44823132478515,3.23665172503949,3.25512853710123,3.36787076711067,3.77096287796392,3.99250730477489
"2023-10-01",3.91742609183437,3.86544224211709,3.79350861434402,3.66951498626334,3.48842910789226,3.29080188786392,3.31126078906772,3.42566419258549,3.84136031720352,4.07549177082827
"2023-10-02",3.9108102490889,3.85563467252775,3.77984885817863,3.65106109048783,3.469119157485,3.30040967318145,3.34438446562341,3.48556349848402,3.92607968409774,4.15528865084528
"2023-10-03",3.911055991768,3.85379557688287,3.77512118559596,3.64131626847403,3.45174563782221,3.27087258301332,3.31054606248301,3.44689061062957,3.87512535485946,4.09683072847158
"2023-10-04",3.9087869061627,3.84674488416012,3.76159389710512,3.61706351480955,3.41315983623325,3.22144110614994,3.26506078990204,3.41059530066997,3.85890192582921,4.08765183897812
"2023-10-05",3.9173886269795,3.85473374871266,3.76898090045955,3.62419282561338,3.42234801940345,3.24279139687129,3.29248045201348,3.44148500453828,3.87884068458475,4.09555834082367
"2023-10-08",3.91736841413377,3.84638403315586,3.74888725780016,3.58310792649912,3.34787201190228,3.11508915338164,3.15202994864578,3.29733879584157,3.75341231730688,3.98481014133295
"2023-10-09",3.91644214567241,3.84925542978476,3.75674189969297,3.59868272857022,3.37194982140133,3.13644141708697,3.16411971649148,3.29646871207182,3.73401213456489,3.96208599466315
"2023-10-10",3.9072465810473,3.84439498194623,3.75729856120759,3.60668108237147,3.38454233876469,3.12391080474265,3.12756170780421,3.23065788757678,3.63289704493479,3.85840900960429
"2023-10-11",3.90131481505165,3.84371609104147,3.76393958301481,3.62613912463663,3.42360140560717,3.19168872784073,3.2017065362712,3.30723949763035,3.70690839517885,3.93114582372714
"2023-10-12",3.89190586348715,3.83419185024565,3.75408673216403,3.61516511972958,3.409132969656,3.16428994981193,3.16750776213728,3.26717996519535,3.66826903531213,3.89957075226089
"2023-10-15",3.90460045035819,3.84562492820643,3.76420579384187,3.62442744321483,3.42180854416205,3.20298237087008,3.22292916071316,3.3388830549029,3.74372168791486,3.96201656581562
"2023-10-16",3.897669856007,3.8469607940979,3.7769859899521,3.65698930858236,3.48369218917949,3.30240878538842,3.32657401844946,3.4382503107981,3.82085652058164,4.02821222696354
"2023-10-17",3.89127792394668,3.84049915143464,3.77064692145033,3.65158511055508,3.4821121279049,3.31767000559772,3.3520449492058,3.47456316640263,3.86781292652207,4.07468771698014
"2023-10-18",3.89385365541349,3.84370788394476,3.77473016461512,3.65716263535485,3.48977141240829,3.32634129931876,3.35879386413289,3.47685160989404,3.85565770239804,4.05422977251975
"2023-10-19",3.8970989195261,3.83924163147743,3.75994203532537,3.62569279837607,3.43743288689068,3.26565386224164,3.30967264547511,3.44772692504654,3.86286679299084,4.07187150265022
"2023-10-22",3.89031554501999,3.83437781483541,3.7573646329418,3.6258641243591,3.437754901543,3.24857994941726,3.27967159147106,3.40439419716279,3.81229722536845,4.02718001788115
"2023-10-23",3.89673420753406,3.83621396196039,3.75299913868755,3.61125063187709,3.40955187469998,3.21100809969598,3.24685777803469,3.38193988429966,3.8129280166707,4.0364164065399
"2023-10-24",3.9077463301363,3.84928164500835,3.76905172995399,3.63292446293391,3.44113385523498,3.26327235575343,3.30728503542433,3.44938269974025,3.8857898478419,4.10903203797255
"2023-10-25",3.88823603045312,3.82660985007502,3.74192839957891,3.59787718731468,3.39367926165031,3.19815820018999,3.24022218314113,3.38610100749521,3.84519165884768,4.08299622125394
"2023-10-26",3.92567580842623,3.85587712979309,3.76011213745583,3.59764731904548,3.3685602386452,3.15171559773319,3.19780766354759,3.35495492025501,3.83661535572312,4.08033382937525
"2023-10-29",3.89799507327894,3.82952212788435,3.7356660492603,3.57673713172983,3.35364782004834,3.14769439277091,3.1968538029731,3.35510799060592,3.83174709426736,4.07102851718095
"2023-10-30",3.89673732575566,3.82748106546704,3.7325992817237,3.57208695730929,3.34726320498385,3.14178851565446,3.19266747615844,3.35320078060192,3.83246720757507,4.07180818477058
"2023-10-31",3.90107189828667,3.82723640257031,3.72588980265021,3.55380706671347,3.31060907252604,3.07702251659523,3.12271577872866,3.28484316853808,3.78598590455674,4.04011838883459
"2023-11-01",3.89148344446261,3.82161059381205,3.72521004222239,3.55990563585084,3.32084674923919,3.06425534250454,3.08799922092967,3.22319926239087,3.68942301240211,3.93826669618573
"2023-11-02",3.89413523432621,3.82067407965888,3.71928817786663,3.54528962031435,3.29296016262996,3.01586299015948,3.03343502235016,3.16311333370464,3.61823784658475,3.860404739511
"2023-11-05",3.90582303488638,3.83540568755842,3.73854183071874,3.57336290280394,3.33740388915598,3.09638072506636,3.12772170156976,3.26723679916712,3.71902141821839,3.9517020108549
"2023-11-06",3.90926897470989,3.83424935511084,3.73095400428732,3.55443100788288,3.30070028160292,3.02977724035386,3.05069964366625,3.18004100734911,3.61287691458105,3.83590157045586
"2023-11-07",3.90626714519558,3.83428613512825,3.73478984133895,3.56349678502745,3.31305940786457,3.02495689637433,3.02923550895314,3.13791873032844,3.54256826230266,3.76012128748663
"2023-11-08",3.90800262748066,3.83413384274569,3.73229366786994,3.55783963695831,3.30572863121445,3.03046515358233,3.04692876631231,3.17121408512531,3.59993486536469,3.82405872334631
"2023-11-09",3.9127066767091,3.84113829821276,3.74273077702887,3.5750024943138,3.33536932172865,3.08637324956727,3.1113765821042,3.23932596428889,3.65388837691608,3.86448825913036
"2023-11-12",3.88282157022549,3.81660348596581,3.72522767460308,3.56844737253544,3.3411775203617,3.09150356416708,3.1067810998669,3.22213117223323,3.62630170104944,3.84070483899185
"2023-11-13",3.88279810853149,3.80540828713187,3.69872684678724,3.51598325654592,3.25164637706824,2.9584476081933,2.96916202152833,3.08699322299935,3.4981348538089,3.71129941740535
"2023-11-14",3.87516445234725,3.80223579930219,3.70162413815608,3.52905452312502,3.27894170462268,3.0024511504472,3.01619654510957,3.13668143676129,3.55955515339246,3.78229509673625
"2023-11-15",3.86474959108092,3.78677153660503,3.67924790340738,3.49498014039667,3.22830540977917,2.93367947198591,2.94696678499825,3.07130818031941,3.50500490555228,3.73138607587498
"2023-11-16",3.88293926621293,3.80512888926228,3.69784784953118,3.51402121383039,3.24799112649767,2.95308077120973,2.96466370038221,3.08528711497373,3.50677015726188,3.72606991083802
"2023-11-19",3.84193666404612,3.77671040267885,3.68610978772589,3.52872164483404,3.29415048207789,3.00604507243549,2.99877091710084,3.09332908830395,3.49539659838837,3.72742934240855
"2023-11-20",3.79819966063652,3.7344403733753,3.64579278503675,3.49152999791572,3.26079264681335,2.97436534820304,2.96570171176652,3.05867871014436,3.46390848378277,3.70149028232566
"2023-11-21",3.88077785694607,3.80929505680314,3.71014990912194,3.53835132928982,3.28344295219742,2.97172633271911,2.961134185871,3.05400255348231,3.44356204791943,3.66205777564976
"2023-11-22",3.86742001982682,3.79884636852296,3.70399585381808,3.54048860824505,3.30070921022616,3.02112211838718,3.02204485090453,3.12208018975502,3.50313515629067,3.70955762402354
"2023-11-23",3.87615985766009,3.80858752212047,3.71495596517688,3.55302090429841,3.31388168528503,3.02831762049414,3.0251118136267,3.12223364302141,3.5102820100797,3.72584897823718
"2023-11-26",3.87462396285008,3.79919848142111,3.69475862849389,3.51434749616793,3.24848885249937,2.9316350487225,2.92667291550422,3.02972767026045,3.43854520537122,3.66270173870924
"2023-11-27",3.86173186957974,3.78291456115695,3.67379591479705,3.48536379293056,3.20790920228036,2.87858645349631,2.87472143734234,2.98420732614896,3.41516988145325,3.65109956081448
"2023-11-28",3.87713961768439,3.77429204331568,3.63382648168817,3.39728002209448,3.06731113813442,2.74429227070871,2.77930562662323,2.93306458235321,3.37780178016556,3.58498643723214
"2023-11-29",3.86938603180006,3.76716706072172,3.62791038074871,3.39451049797348,3.07241105923593,2.7714714370937,2.81502020282087,2.97355144120276,3.41062499176978,3.609846896633
"2023-11-30",3.86210575427919,3.7383220823619,3.57101364149167,3.29467481306833,2.92529732056259,2.62089734440096,2.69032197896526,2.87906809661777,3.33868354717831,3.53481542107402
"2023-12-03",3.87338911273543,3.75131012587668,3.5861513998619,3.31284116400499,2.94566546576971,2.63289198083783,2.69325400505963,2.86962638346007,3.30610698355037,3.49306337884339
"2023-12-04",3.86456718559894,3.73391542299265,3.55737412892992,3.26577291096206,2.87487193979263,2.53558797519366,2.5879637744913,2.75292249558018,3.15701763575282,3.32740653070582
"2023-12-05",3.85760564046198,3.7302890830726,3.55750781922073,3.2697702587804,2.87681081563047,2.50693089018366,2.54169812181023,2.69165403389011,3.08843304154804,3.26090029540178
"2023-12-06",3.86672565397255,3.73597175569792,3.55858544549194,3.26338027031018,2.86092857948578,2.48592751396306,2.52477201974977,2.68256087472959,3.09655878743577,3.27618909916344
"2023-12-07",3.84652991478555,3.73077346532053,3.57311839514914,3.30887454812653,2.94323011921104,2.58580350843155,2.61478888892798,2.7593287435147,3.16423800138129,3.34621441515168
"2023-12-10",3.86856410470441,3.74944745014554,3.5874210408637,3.31647611843493,2.94336347864905,2.58426197456042,2.61603897115506,2.76325905224346,3.16677311798964,3.34599469125379
"2023-12-11",3.86421759407683,3.74849790391917,3.5905995379412,3.32498622277233,2.95422986085437,2.57603257321368,2.59294407006208,2.72441377819229,3.11108900770353,3.28728945126453
"2023-12-12",3.86748480407988,3.74518085630109,3.5784479478786,3.29841269965638,2.90867817954724,2.51320942279581,2.53015009593003,2.66405813414767,3.05323557180861,3.22884228785469
"2023-12-13",3.84042897440204,3.71754249061697,3.5496971903832,3.26681539629352,2.8702529354411,2.45843106223869,2.47144857943243,2.6068862625723,3.01539771217146,3.2031993964483
"2023-12-14",3.84463305947148,3.7112450986127,3.52938386611201,3.22384309659845,2.79805129277416,2.36061583244934,2.37301440010473,2.50950262759964,2.91150558800265,3.09270513827485
"2023-12-17",3.88418745539432,3.74546404822936,3.55682739569287,3.24146311494827,2.80673209546911,2.3782568188954,2.40192304686862,2.55038985776716,2.9626977431075,3.14435842362739
"2023-12-18",3.8364894190741,3.70143760506675,3.51716032839512,3.20709947879879,2.77360811101683,2.322989903735,2.33251095920656,2.46909683066932,2.87890946779136,3.06499789624616
"2023-12-19",3.81950450739085,3.67651456440316,3.48194492885159,3.15621977967522,2.70565747852911,2.25324180135982,2.27066130216328,2.41525318662049,2.82564877341854,3.00725367758794
"2023-12-20",3.71754436028842,3.58755576906246,3.41009438592045,3.11125731442024,2.69301159066544,2.2602408075186,2.27395824785027,2.4151102764812,2.83780556939531,3.0311216783976
"2023-12-21",3.77863450848304,3.6368418177272,3.44387383618212,3.12081964852045,2.67440672356268,2.23374183956293,2.26066176953358,2.42027935593228,2.86714680529746,3.06579369519824
"2023-12-24",3.75905517881038,3.60361582379668,3.39406214974478,3.04932653191194,2.59075306500147,2.19870094167415,2.25747107898905,2.43922439598056,2.8717411286561,3.05066480689706
"2023-12-25",3.81349667235862,3.66342651676163,3.45981125483831,3.12082510357776,2.65792411528913,2.21934688437929,2.25597465919094,2.42482228843737,2.8722623305712,3.06607134419422
"2023-12-26",3.84394643478433,3.6820485890484,3.46286497674662,3.09936207528908,2.60664650900378,2.14692734102156,2.18446270136861,2.35398285830013,2.79035638082209,2.97570213361541
"2023-12-27",3.81214502241576,3.65145029606076,3.43469719908313,3.07773445177965,2.60156497195901,2.18746734059017,2.24276918879456,2.42429490641252,2.86096241402303,3.0420142088814
"2023-12-28",3.76526954214242,3.61584899523292,3.41408656169969,3.08124831661214,2.63625750138315,2.25352639603207,2.31435409209402,2.50177586170316,2.95629058163443,3.146942151466
"2023-12-31",3.72163921601287,3.59322322432116,3.4178048822945,3.12218872818426,2.70847461247426,2.28920990718089,2.31608271201732,2.48034734776222,2.96578827517449,3.19050701892182
"2024-01-01",3.96854376575175,3.79728177307558,3.56719832600547,3.19109417490601,2.69752606938191,2.29531272331787,2.3657961762659,2.56109195191576,3.00391278386824,3.18294225551151
"2024-01-02",3.94397102742537,3.77269379452134,3.54211864318437,3.16377305311079,2.66308994257882,2.24111251707829,2.30585904797844,2.50033447412443,2.95446769858668,3.14037980141145
"2024-01-03",3.9321909088821,3.78249473065968,3.58017865893476,3.2458173733714,2.79666028256643,2.39896625824362,2.45092306882696,2.62806723283446,3.0656594301599,3.2499420555207
"2024-01-04",3.93370026180003,3.79296273885527,3.60244162929843,3.28661408252017,2.85954333620507,2.47188143206262,2.51664658452482,2.68283758887529,3.10443236006101,3.28413998579726
"2024-01-07",4.00041646535993,3.83706042775011,3.61754745534482,3.25855247623298,2.78685118125911,2.39942417715236,2.46435717180023,2.64800012493622,3.06614480233934,3.2353457178249
"2024-01-08",3.99898664873557,3.84627783778849,3.64036656847437,3.30149326768603,2.85026731435947,2.46212662828898,2.51801770996705,2.69442104350293,3.11579488236262,3.29024809883451
"2024-01-09",3.9983249225038,3.85203053826222,3.65455997117032,3.32893330089242,2.89342332484838,2.51181383013671,2.56188113490817,2.72926532658699,3.13592356245745,3.30544408823353
"2024-01-10",4.00356461171261,3.85145802139397,3.64635482240123,3.30879812456564,2.85927927117465,2.47236521228108,2.5278471944935,2.7033344487049,3.12268433849906,3.29631395477338
"2024-01-11",4.00473425448556,3.83954576971688,3.61767671849795,3.25518341769033,2.78010943492152,2.39624103231039,2.46670396835795,2.65792068018851,3.08960801614278,3.26397670768813
"2024-01-14",4.00332146856979,3.84590626039816,3.63412981182372,3.28709031495171,2.8294266248421,2.45199489951337,2.51788397172512,2.70401304598681,3.13340104856388,3.30873255362533
"2024-01-15",4.00388691103001,3.85165007357959,3.646543112771,3.30955579930423,2.86279290614462,2.48874672214489,2.55246767027855,2.73767409929847,3.17310820477253,3.35277450067613
"2024-01-16",4.00563193213687,3.86552509059669,3.67626970090349,3.36378146727477,2.94472030873443,2.5745522511424,2.62203224505838,2.78413509093034,3.18203377948059,3.34881813374205
"2024-01-17",4.0101504025869,3.86468852925031,3.66888201568306,3.34769715283487,2.9233692216989,2.57270286718148,2.63509746882412,2.81133041631524,3.22055818730843,3.38842373831669
"2024-01-18",4.00525018602377,3.86677016803699,3.67954806427019,3.36991455016752,2.95321639288923,2.58022876064701,2.62508468767872,2.78516241122947,3.18362487714673,3.35169990191037
"2024-01-21",3.985873844702,3.8456812906889,3.65613927122534,3.34265356446122,2.92071738327999,2.54275550788547,2.58793829479953,2.74972618242223,3.15266578936196,3.32264887117336
"2024-01-22",3.9800735945154,3.84106477186314,3.65349019066274,3.34443997234287,2.93229589018814,2.58044030025096,2.63721079184547,2.80942425364539,3.22312448615236,3.39573574853352
"2024-01-23",3.95586664138793,3.82000375138373,3.63671117609095,3.33484017632863,2.932703111899,2.59169391125936,2.64898749309894,2.81943295166855,3.22731057398976,3.39735021289315
"2024-01-24",3.93860952909851,3.78959920180543,3.58918011506617,3.2609784661077,2.82928746244964,2.48256363816963,2.55419542484161,2.74370211397044,3.17757601657141,3.35500803191946
"2024-01-25",3.96422443046948,3.81508096673618,3.61446541154063,3.28588370695814,2.85348998349705,2.50513056870057,2.57600785149183,2.76473172854662,3.19743764139207,3.37444771066743
"2024-01-28",3.9950555430002,3.82721821236421,3.60247381195057,3.23741322013051,2.76547627262409,2.4097283470523,2.49563108985972,2.70050832861421,3.14380669685833,3.3201884775459
"2024-01-29",3.99881679122248,3.83582662936804,3.61739680527348,3.26207681494748,2.80136179434319,2.4508955649878,2.53446400639411,2.7364229039403,3.17764771376379,3.35409097575931
"2024-01-30",3.99048145306036,3.82118839669585,3.59416055578156,3.22434884465044,2.7430970523471,2.36792669147281,2.44799059028912,2.65005805112676,3.09605360656616,3.27479475800984
"2024-01-31",3.99487362584019,3.82994638465701,3.60820899414845,3.24526582682653,2.76769540627861,2.37567992533871,2.44376704937265,2.63487837902309,3.07227287386977,3.25001153464499
"2024-02-01",3.95725365822735,3.8169577358835,3.62678649571688,3.31079575019225,2.88144202544757,2.48616162362022,2.52986063027425,2.69906670939912,3.1367711411499,3.32540423008896
