"time","01M","03M","06M","01Y","02Y","05Y","07Y","10Y","20Y","30Y"
"2007-02-01",3.53301477479267,3.62251234480589,3.72738649870631,3.86596995435326,4.0001338561384,4.1080198441385,4.1293992487525,4.14543836160885,4.16415078315543,4.17038825709337
"2007-02-04",3.63816018922349,3.6714722078868,3.71655585209268,3.79185453077242,3.89875543837877,4.0463505825243,4.08681519437996,4.11884334762643,4.15675848835377,4.16940996236482
"2007-02-05",3.47905747945484,3.61889102473881,3.75706747515883,3.89978145450372,4.00103132726676,4.0663324363468,4.07879849724944,4.08814804505651,4.0990558508346,4.10269178609396
"2007-02-06",3.45466932925152,3.61623051686453,3.7796998773217,3.92181289258207,4.00302574371771,4.05203904106378,4.06137496772785,4.06837691272591,4.07654584855697,4.07926882716732
"2007-02-07",3.60179454013641,3.67370444816374,3.7570831333665,3.86548192469778,3.96797573792428,4.04852036605282,4.06438232427235,4.0762810161962,4.09016287384395,4.09479015975471
"2007-02-08",3.57244421587934,3.65820716165892,3.75518656119091,3.87655265816066,3.98531826059438,4.06676884607984,4.08263008052933,4.09452681573745,4.10840635220858,4.11303286436926
"2007-02-11",3.5858353668329,3.65561338921935,3.74081384406536,3.86091144196606,3.98910190953209,4.10384460890593,4.12743807314099,4.14515804185106,4.16583266964156,4.17272421481859
"2007-02-12",3.6878405778253,3.71581326434118,3.75438717011179,3.82091359672991,3.92102489784309,4.07562073644233,4.12280982072982,4.16175046206761,4.20886036755013,4.22462986491395
"2007-02-13",3.65808038966578,3.71044335343382,3.77732535090504,3.87872799736543,4.00047402382504,4.12787814260606,4.1562059733311,4.1776120060638,4.20260413536096,4.21093495043986
"2007-02-14",3.60588244348942,3.67277405993007,3.75461697432278,3.87035820379739,3.99453077653423,4.10636565351368,4.12941988350565,4.14673687302583,4.16694148724406,4.17367636163196
"2007-02-15",3.60858824837216,3.67740080760434,3.75882976227501,3.86808085115281,3.97624505136672,4.06523644332591,4.08299167409117,4.09631366779836,4.11185617096312,4.11703700551372
"2007-02-18",3.64964311157402,3.7051659010939,3.7734892939849,3.87100061745562,3.97713326603791,4.07442463335526,4.09463184012968,4.10981592988542,4.12753245316128,4.13343796502569
"2007-02-19",3.6000710313773,3.68834069076973,3.78720406520038,3.9091633687254,4.01633725216429,4.09529869588376,4.11062535030328,4.12212086868896,4.1355323134838,4.14000279508367
"2007-02-20",3.62592171400584,3.70469756616219,3.79381268512799,3.90540627376821,4.00550018423502,4.08051231654108,4.09512204153721,4.10608009428498,4.11886450055944,4.12312596932108
"2007-02-21",3.59492950124641,3.68482468758669,3.78364608120363,3.90222564010446,4.00266716566094,4.07458798460597,4.08847828669727,4.09889623685318,4.11105051411538,4.11510193986976
"2007-02-22",3.66214446698209,3.72126955119434,3.7940397906615,3.89792983141104,4.01106056308714,4.1148303466206,4.13638885434972,4.15258856620728,4.17149011933058,4.17779064148751
"2007-02-25",3.69865111473465,3.76130419655334,3.83317459447188,3.92509225070521,4.00999800457235,4.07529126108832,4.08808109665655,4.09767464070694,4.10886713091203,4.11259796098994
"2007-02-26",3.57136732195429,3.68670535990478,3.79677655217506,3.90535949111767,3.97888009103721,4.0253982677877,4.03426946634344,4.04092286557684,4.04868516468272,4.05127259771801
"2007-02-27",3.77450395169871,3.77870141565238,3.78491117910435,3.79702544563155,3.8200766643988,3.88064881753702,3.91472136463501,3.9578350823524,4.05048882633879,4.09431283898471
"2007-02-28",3.78459491101447,3.7906393168413,3.79947559645178,3.81635333977283,3.84717419213963,3.92040737870453,3.95694866038518,3.99878467363154,4.07494663339971,4.10821928905868
"2007-03-01",3.79747634848359,3.80187869810184,3.80838524145517,3.82105599736813,3.84507859837447,3.90755901375687,3.94219165745631,3.98529338814637,4.07310306147765,4.10864559131949
"2007-03-04",3.75245407646632,3.75722170210554,3.76427164872513,3.77801319220116,3.80411493307312,3.87236520226315,3.91048763018963,3.95834798119495,4.05867612766324,4.10298915277371
"2007-03-05",3.76707227048768,3.77015791171817,3.77479003600418,3.78405267181099,3.8024718770222,3.85539157758671,3.88771269938781,3.93092409199785,4.03269494665881,4.08951661720109
"2007-03-06",3.78425923026411,3.78838279160784,3.79448552313976,3.80639915707805,3.82910041203948,3.88898708369619,3.92286058265604,3.96598434128362,4.06041065209949,4.10724995905557
"2007-03-07",3.79176545530237,3.7946725929675,3.79903395048253,3.8077481424995,3.82506850347076,3.87502987491571,3.90586428286933,3.94766442500831,4.04982789158088,4.10995472907481
"2007-03-08",3.80748310086026,3.80945459033233,3.81252377272085,3.81902071498012,3.83314677569195,3.87991157664405,3.91131785491566,3.95515570675745,4.06121797125836,4.11956909161489
"2007-03-11",3.82027350020227,3.82465638581813,3.83113659405775,3.84376471191469,3.86774019403695,3.93034719212407,3.96525054867263,4.00897493596173,4.09999542012065,4.13938481596601
"2007-03-12",3.82952757631998,3.83267302868839,3.83733857291664,3.84648341411946,3.86405215047887,3.91145307764442,3.9391008240166,3.97546668822845,4.06285682359224,4.11567611433154
"2007-03-13",3.8502997498864,3.85010543377129,3.84998823890913,3.85033938197472,3.85309060437091,3.87285651348665,3.89160674437765,3.92287209951488,4.01915093316523,4.08459628480718
"2007-03-14",3.94161266555778,3.9342822272564,3.92424724210751,3.90735067263872,3.88432116020704,3.87163756179318,3.88825668641655,3.92648980338322,4.04653533418934,4.11513636842459
"2007-03-15",3.88182951421245,3.88102598984569,3.88003802154156,3.8787928333576,3.87886469158547,3.89359389129981,3.91059687811962,3.94052995865826,4.03598780820019,4.10116634551142
"2007-03-18",3.88021960740875,3.88010963747158,3.88009073106105,3.88054454593817,3.88317893460943,3.90088006268358,3.91750499511703,3.94527959466023,4.0319141300612,4.09200256351476
"2007-03-19",3.89284063327892,3.89340213393359,3.89433400698268,3.89649921899687,3.90188617511913,3.92397176886722,3.94150064062377,3.96914150013783,4.05258121380605,4.11118409215661
"2007-03-20",3.89677766248879,3.89654028600606,3.89634251049135,3.89647860155911,3.89861008488045,3.91543919288263,3.93170498884835,3.95895323977588,4.04290274411919,4.09973359028533
"2007-03-21",3.97653876327667,3.96758139694555,3.95519768338864,3.93391644217682,3.90324715051116,3.87461502661368,3.88465868340331,3.91673322929502,4.03006174433355,4.09764746673558
"2007-03-22",3.86049027495745,3.86283560768266,3.86640884506472,3.87372869672117,3.88888755262969,3.93578441450247,3.96619338686764,4.00833369479542,4.11214864347023,4.17187257513363
"2007-03-25",3.89694983095979,3.89973541413607,3.90391710419692,3.91228290647514,3.9289587805363,3.97750690405563,4.0078672157182,4.0496002594503,4.15504002141441,4.21995901973521
"2007-03-26",3.92139141929151,3.92389727101795,3.92767807713616,3.9353064587419,3.95074325442379,3.99708022941344,4.02688243186097,4.06865495152152,4.1774218909704,4.24621810677485
"2007-03-27",3.89833086767214,3.90233732113419,3.90827462780499,3.91989333812208,3.94214160409293,4.00163445933338,4.03592106560516,4.08045857507685,4.18388010371187,4.24237998072372
"2007-03-28",3.95888206200809,3.95879310061495,3.95898194283952,3.96041781055133,3.96682718447162,4.00353100402052,4.03447621507899,4.08161473605613,4.20345542556769,4.27137852587822
"2007-03-29",3.89950408487338,3.9044862629525,3.91185248783915,3.92620701816829,3.95345950328236,4.02461834471843,4.06428504210589,4.11397049691128,4.21735886750091,4.26204763862707
"2007-04-01",3.91120516580658,3.9159188468122,3.922890918328,3.93648739832036,3.96233980882477,4.03013145631765,4.06815250753034,4.11610445248663,4.21809939714239,4.265028301768
"2007-04-02",4.05992197097313,4.05671030191364,4.05245786059558,4.04581699773027,4.0388361268729,4.05043631911834,4.07203464318876,4.11050040140909,4.21876612444605,4.27947651791412
"2007-04-03",4.05690179088657,4.05279928287778,4.04746144852263,4.03944647898663,4.03221023097338,4.05327263919252,4.08355879006455,4.13354050354464,4.25997114009433,4.32429858580808
"2007-04-04",3.91849649871184,3.92358141183811,3.93108500050285,3.94565841324697,3.97315667881348,4.04405822385878,4.08319132335505,4.13217361619959,4.23854121167317,4.29574493386703
"2007-04-05",3.54403803437981,3.69839864243962,3.84254459832329,3.98080877598741,4.07193460200556,4.12903689981566,4.13992213771844,4.14808606627942,4.15761064960063,4.1607855107077
"2007-04-08",3.84071411897125,3.84982494041341,3.86308886823609,3.88823786671858,3.93350917088924,4.03737680455081,4.08703112250753,4.14186988964976,4.23552348927583,4.27391037269788
"2007-04-09",3.91804150910968,3.92391126497875,3.93254796705257,3.94923568328082,3.98040502946511,4.05873786705508,4.10062060224195,4.1515609329158,4.25579169444468,4.30780975080719
"2007-04-10",4.01037770587558,4.01418200183867,4.01982041388308,4.03085666337029,4.05199908678672,4.10860430396801,4.14128108646443,4.18380197161875,4.28302582951814,4.33970954901631
"2007-04-11",3.99999800091195,4.00473333880121,4.011744014368,4.02543912069504,4.0515699627231,4.12076142829485,4.16010227512661,4.21047168756398,4.32265910221852,4.38062161533529
"2007-04-12",3.90662111534004,3.92210580546414,3.94419774535958,3.98461773018516,4.05255200385243,4.18526166145184,4.23762828603875,4.28763076515569,4.35670301240152,4.38093064612962
"2007-04-15",3.80130816478625,3.85632585579251,3.92630153083741,4.031660039621,4.15670386906576,4.28539336165575,4.31372916942535,4.33511839276725,4.36008717799284,4.36841018226748
"2007-04-16",3.80425747647412,3.86245815682394,3.93455218246853,4.03854353589549,4.15365298933112,4.26143847360052,4.284039209236,4.30103094980691,4.32085745898079,4.32746630309266
"2007-04-17",3.97015927766561,3.9785712026548,3.99082683461351,4.01409497773086,4.05608898676671,4.1530443146871,4.19975054635148,4.25166215178217,4.34129368416475,4.37841739760009
"2007-04-18",4.01897446741262,4.02317743816716,4.02940310679476,4.04157595741136,4.06484591878152,4.12678254286673,4.16225180841105,4.20801624352173,4.31227239403626,4.36892658842048
"2007-04-19",3.98715988519532,3.99506448391678,4.00661076428477,4.0286328810931,4.06873467485378,4.16336238608232,4.21017948793263,4.26339390000283,4.35900111790158,4.40019963186483
"2007-04-22",3.97753449275704,3.98662949472672,3.99983887728623,4.0247789501818,4.06930757853346,4.16946829593389,4.21621109886101,4.26682618288595,4.35044835945111,4.38370266100083
"2007-04-23",3.97046540724563,3.97910320251277,3.99164256679647,4.01529762917629,4.05746287588709,4.15193502729179,4.19581313765664,4.24314301367553,4.32084373602724,4.35157225863281
"2007-04-24",3.97867319495222,3.98591475496996,3.99647762652641,4.01657373137127,4.0529901615115,4.13790195139201,4.17930265273811,4.22578349780987,4.30746841242623,4.34188993399274
"2007-04-25",3.99938346165811,4.00513254627665,4.01361969724583,4.03011252480826,4.06124518180846,4.1412115043957,4.18472618377552,4.23772739893194,4.33785695684808,4.36809387968505
"2007-04-26",3.86443310726306,3.93105129664337,4.00825089385182,4.10852963166939,4.20322753841518,4.27755697679171,4.29219040115568,4.30316747296381,4.31597410169767,4.32024297796705
"2007-04-29",3.81084237171422,3.88804471076655,3.97653916124237,4.08959021229069,4.19385102268993,4.27391297257548,4.28959043032253,4.30134991224092,4.31506933382715,4.3196424743669
"2007-04-30",3.87295235544784,3.91737292431317,3.97241994838968,4.05187452729797,4.13991662417799,4.2224680245474,4.23978834748674,4.25281064327928,4.26800552488469,4.2730704915277
"2007-05-01",4.01556735671961,4.0211268083738,4.02925051365756,4.04475492009747,4.07302415569793,4.13993988295615,4.17317377513677,4.21107235511993,4.27956722178173,4.30926418231543
"2007-05-02",4.02922464524964,4.03780776475662,4.05021408232576,4.07344020828931,4.11423399106885,4.2024717448537,4.24174891870932,4.28271206537716,4.34648558652749,4.37063472680111
"2007-05-03",3.78608064237308,3.87989557606267,3.98314482736445,4.10724807432181,4.21260241637392,4.2881663097259,4.30276415212183,4.31371278045071,4.32648618250732,4.33074398319321
"2007-05-06",3.66319747039898,3.86159729466005,4.02979777202561,4.16499409490104,4.23209799243526,4.26711993577653,4.27370737534967,4.27864793744973,4.28441192652929,4.28633325622248
"2007-05-07",3.67254158749394,3.86908123155543,4.03649480852357,4.17233276092847,4.24097950533317,4.27730818875015,4.28414879698549,4.28927923633157,4.29526474886635,4.29725991971128
"2007-05-08",4.04202948773525,4.04854902065132,4.0580734223693,4.07624360755832,4.10934668204201,4.18754974240567,4.22629547661662,4.27038852389109,4.34978055643212,4.38406863465017
"2007-05-09",4.02526069906934,4.0331779612619,4.04470772696225,4.06658035548912,4.10599470652739,4.19665266519717,4.24012540354367,4.28825944708925,4.37082287945425,4.40480440801866
"2007-05-10",3.83959097296912,3.91309654590062,3.99617621814265,4.10007293178747,4.19309037089689,4.26268823452283,4.27623889070114,4.28640255982682,4.29826018379801,4.3022127251247
"2007-05-13",3.89518659090745,3.94454972507542,4.00571430009596,4.0939817636911,4.1917589739148,4.28340213600546,4.3026265289097,4.31708024205568,4.33394533705557,4.33956704210599
"2007-05-14",3.87901021502542,3.93800643064565,4.01011786255327,4.11193632512245,4.22090305675867,4.31875152215469,4.33889784121889,4.35402973276228,4.37168481507625,4.37756984492672
"2007-05-15",4.05640491842425,4.06976915712195,4.08880116477903,4.12351164096676,4.18149654148069,4.29322993912631,4.33662595137455,4.37762000698662,4.43353945469278,4.45303153484586
"2007-05-16",4.10800976504147,4.12032814561634,4.13777640544965,4.16929969227603,4.22102686629144,4.31681443498029,4.35236116555598,4.38495889195051,4.42800308079803,4.4427922026377
"2007-05-17",3.89165142456604,3.97683077633115,4.07238656732119,4.19054624867506,4.29471000175567,4.37164583478076,4.38658621878433,4.39779205035275,4.41086552752827,4.41522335325514
"2007-05-20",3.90927383606952,3.98281765964141,4.06833275782601,4.17999259609866,4.28622854267333,4.37020877653616,4.38677269798377,4.39919822562204,4.41369473575999,4.41852690584238
"2007-05-21",3.92560495165359,4.00278894035027,4.08927873420839,4.19605153517078,4.28997108643003,4.35922047679378,4.37266390513373,4.38274694724759,4.39451050237724,4.39843168742189
"2007-05-22",4.05807984999513,4.08941311005268,4.13070467062263,4.19663842597115,4.28309876455769,4.38692643332327,4.41226580667944,4.43170223766611,4.45446420290516,4.46205257490131
"2007-05-23",4.15656631858383,4.09050224287874,4.17387652225194,4.30276897148953,4.38523195545656,4.43527789984974,4.44481058993307,4.45196010749557,4.46030121131848,4.46308157925945
"2007-05-24",3.93343645644621,4.00695128698893,4.09217226814279,4.20292902335047,4.30760172224176,4.3898205909071,4.40601031325183,4.41815485384981,4.43232353533178,4.43704642918734
"2007-05-27",3.88051935486552,3.96626922244765,4.06490835977688,4.191594646477,4.30931046222085,4.40031714445522,4.41816598087843,4.43155441402908,4.44717428833504,4.45238091311991
"2007-05-28",3.89998939761823,4.00072198486499,4.11147412939406,4.24440038303715,4.35702806060782,4.43769289961114,4.45327253438322,4.46495751291811,4.47858999023103,4.48313414933569
"2007-05-29",4.61294557987328,4.12606160189449,4.10196115009197,4.2569545830767,4.37299184988928,4.44388987743904,4.45739456159329,4.46752307470898,4.47933967334394,4.4832785395556
"2007-05-30",4.12094545303363,4.1429584571298,4.17309329891414,4.22441805470288,4.29990436048293,4.41134288016729,4.44387668448304,4.47022490761256,4.501760305691,4.5122977952994
"2007-05-31",4.26375573557893,4.02588575622167,4.09436034583222,4.26998355517021,4.3884677997559,4.46054748273876,4.47427717399338,4.48457444243435,4.49658792228214,4.50059241556474
"2007-06-03",4.3143745301104,4.02544636702094,4.09488677633126,4.29111229073789,4.42445486341421,4.50559924635783,4.52105558195523,4.53264783365328,4.546172127301,4.55068022518357
"2007-06-04",4.14540858046127,4.02163680865879,4.10344941732108,4.28554088966423,4.4184621409602,4.50049230158539,4.51611852838134,4.52783819847837,4.54151114692489,4.54606879640707
"2007-06-05",4.84256971272782,4.14973176781434,4.0944892803787,4.28896856127669,4.43796006899009,4.52907474228947,4.54643032067333,4.55944700446122,4.5746331355471,4.57969517924239
"2007-06-06",4.47528691259257,4.15156923166225,4.14025863301368,4.29181911179827,4.41847282603429,4.49733413424439,4.5123571784291,4.52362446156771,4.53676962522941,4.54115134644998
"2007-06-07",4.13904454507579,4.04306979350376,4.10504637879592,4.29483256534172,4.46691288156897,4.57905649878703,4.60043882912412,4.61647557692358,4.63518511602294,4.64142162905607
"2007-06-10",3.96956037191907,4.04125314893011,4.13153117806959,4.26525971919862,4.41977450196828,4.57292278863077,4.60595123723825,4.63083358130405,4.65987298928226,4.66955283261631
"2007-06-11",5.21878801316248,4.04924674034094,3.92828422585799,4.22207739734015,4.45224378868064,4.59312032026051,4.61995459638461,4.64008030347768,4.66356029508627,4.6713869589558
"2007-06-12",3.9512306033569,4.04214349149861,4.15350610044388,4.31128484763316,4.48104451284914,4.6344651651888,4.66613683535652,4.68992827419332,4.71768707934754,4.72694001884556
"2007-06-13",4.06760295232637,4.13306522295807,4.21635987294598,4.34185774590767,4.49097233587085,4.64468294915315,4.67855954973414,4.70413371617788,4.73398819946406,4.74393978752233
"2007-06-14",3.96591483974755,4.05360996801456,4.1622810096959,4.31912960769084,4.49291888728906,4.65585595807465,4.69004086155966,4.71574274182232,4.74573261113814,4.75572924627451
"2007-06-17",3.92535934338021,4.03380233792125,4.16341405846993,4.34004395810965,4.51904906613332,4.67004132786915,4.70041068475801,4.72320177342471,4.74979190511342,4.75865528295856
"2007-06-18",3.96195248171235,4.05160207136971,4.16277590691109,4.32342446220226,4.50175518533655,4.66934628185708,4.70454585622972,4.73101235309856,4.76189457593815,4.7721886632866
"2007-06-19",4.14541581651194,4.16953047301071,4.20356809835597,4.26468842052639,4.36383245576544,4.54285130161348,4.60742259253657,4.66560393172975,4.74108392878954,4.76684133020871
"2007-06-20",4.11794930911559,4.16709284384902,4.23203910889435,4.33623868939899,4.47401328747687,4.64176907017633,4.6831462754468,4.71495647253773,4.75223154049795,4.76465869716876
"2007-06-21",4.01737457729092,4.08238261406669,4.16677812982707,4.29821722252079,4.46333092483776,4.64834261884143,4.69130655927909,4.7239640648115,4.7621308466187,4.77485366847605
"2007-06-24",3.97173178357176,4.06763953859799,4.18302865225579,4.34191815680222,4.50550090522108,4.64591026673546,4.67432252957434,4.69564871491976,4.72052997548813,4.72882372997956
"2007-06-25",4.0080970224211,4.07253114510569,4.15527387365051,4.28183478106372,4.4360426911474,4.60096299748344,4.63811950411181,4.66624154995391,4.6990827227338,4.71002998886152
"2007-06-26",3.99564489324013,4.07197461457428,4.1669436619037,4.30490786032956,4.4593657263849,4.60612404923495,4.63710744033181,4.66041143876054,4.68760431154387,4.6966686172682
"2007-06-27",4.32431428566919,4.33126684152728,4.3415173134893,4.36138935104502,4.39871553456277,4.49321575263878,4.54351878155121,4.60316209899021,4.70454553330164,4.719188124445
"2007-06-28",3.96249178069034,4.0549634943695,4.16455416518821,4.31193405581245,4.45835637458646,4.57926281566633,4.60341283563207,4.62153338087695,4.64267427866177,4.64972124483832
"2007-07-01",4.30367655183194,4.05838294630884,4.14994938123292,4.35713980362215,4.49545749874242,4.57956366695992,4.59558414589761,4.60759950510087,4.62161742417135,4.62629006386151
"2007-07-02",3.94824446806837,4.04095361264018,4.20027028332615,4.36337460364623,4.46042338309053,4.51911523935651,4.53029474242451,4.53867936972551,4.54846143491002,4.55172212330485
"2007-07-03",4.68978481160284,4.16597977166901,4.16188936830075,4.35582134447008,4.49747333701078,4.58393650586675,4.60040602382091,4.61275816228652,4.62716899049641,4.63197259989971
"2007-07-04",3.98570426655472,4.08165822318441,4.19497388922498,4.34652315976473,4.49585200705517,4.61809699832589,4.64244872494791,4.66071952499422,4.68203567239905,4.68914105505153
"2007-07-05",3.9475631260608,4.05902927544997,4.18927907842482,4.36064228383762,4.5254724290568,4.6571564556891,4.68320301546541,4.70274283852454,4.72553942361856,4.73313828539857
"2007-07-08",3.89671221148591,4.0350335128645,4.19139942775898,4.38699907211181,4.56218364237747,4.69330381884615,4.71883459184442,4.73798395756199,4.76032490328317,4.76777188519592
"2007-07-09",4.32208494336149,4.05668224833431,4.17117713425934,4.41455130971205,4.57608343247484,4.67428002697687,4.69298443346537,4.70701273833174,4.72337909400918,4.72883454590166
"2007-07-10",4.6641881851346,4.19093101120391,4.19665406797353,4.38359653383671,4.5188315633808,4.60134545253237,4.61706270329474,4.62885064136651,4.64260323578357,4.6471874339226
"2007-07-11",4.60450808075545,4.19758481122912,4.22293903093164,4.40911580000809,4.54112979857135,4.62161180851207,4.63694201082679,4.64843966256283,4.66185358958821,4.66632489859667
"2007-07-12",4.33425233528328,4.07301121667395,4.17941297880549,4.41113097204699,4.56528077012566,4.65899922574412,4.67685064234363,4.69023920479327,4.70585919431784,4.7110658574927
"2007-07-15",4.35527146090292,4.0751981086778,4.17269223705447,4.40047676921537,4.55297350544372,4.64571310094078,4.66337807134245,4.67662679914371,4.69208364824517,4.69723593127899
"2007-07-16",3.88880916799828,4.06368121498188,4.2316361539591,4.39870220942603,4.51275148422406,4.5851389927638,4.59894560477254,4.60930056444118,4.62138135072186,4.62540827948208
"2007-07-17",3.85599629212149,4.04568513355236,4.22882091259024,4.41220875145489,4.53821551424328,4.61838885386488,4.63368223228705,4.64515226698377,4.65853397413078,4.66299454317978
"2007-07-18",4.03755941991453,4.14929698273313,4.26879749454761,4.40654679666805,4.51738043335092,4.59393309269854,4.60864102092358,4.6196720389153,4.63254156031066,4.6368314007758
"2007-07-19",4.00550299989249,4.06830269384137,4.23258667666535,4.41323903951949,4.5223809902704,4.5884365133048,4.60101864447977,4.61045524286101,4.62146460763911,4.62513439589848
"2007-07-22",3.86512926122512,4.05626019855513,4.22659009971719,4.36600838608956,4.44432969054325,4.49155519261048,4.50055057427717,4.50729711052719,4.51516806948554,4.51779172247165
"2007-07-23",3.87846880865293,4.07674754977747,4.23972275441557,4.3672694692735,4.4379515363428,4.48053962073363,4.48865167247162,4.4947357112751,4.50183375654584,4.50419977163609
"2007-07-24",3.94349908826388,4.08328884533907,4.22760722474911,4.35415182660651,4.42663652172989,4.47038756137673,4.47872114803755,4.48497133803317,4.49226322636139,4.49469385580413
"2007-07-25",4.07962167136299,4.17743540811153,4.27111873495432,4.36397029919072,4.42713206251635,4.46716705670083,4.47480252594319,4.48052912820075,4.48721016416818,4.48943717615732
"2007-07-26",4.19978468639245,4.20317667016728,4.20819904107275,4.2180119575134,4.23674277550936,4.28639385066234,4.31466714814824,4.35092573655598,4.43207624674001,4.47447356177887
"2007-07-29",3.95856280981425,4.09013544292636,4.20088892179447,4.29471013749481,4.35054467113672,4.38460300589249,4.3910910483712,4.39595708023089,4.40163411740052,4.40352646312374
"2007-07-30",4.19539758728037,4.199871997793,4.20648400038101,4.21935641228465,4.24374685159718,4.30707696899118,4.34209445869877,4.38555241220327,4.47325354426429,4.50765804248541
"2007-07-31",4.239076521567,4.2409922471935,4.24389691024739,4.24979864021427,4.26184044600342,4.29789088086132,4.32047554361321,4.35088287081986,4.42172352234141,4.4599744223188
"2007-08-01",4.25475401541154,4.25657611577534,4.25942473692262,4.26548747524536,4.27873763751794,4.32241993559557,4.35126778825483,4.39068059752987,4.48137008886774,4.52830340254555
"2007-08-02",3.95121198244252,4.1001317450908,4.22755401341138,4.32959598659479,4.38654637326828,4.42087380691174,4.42741239763006,4.43231634066881,4.43803760754734,4.43994469650685
"2007-08-05",3.98513872721382,4.10825176451907,4.21249396586242,4.29548504602679,4.34172031327091,4.36958642372054,4.37489427955213,4.37887517142581,4.38351954527845,4.385067669896
"2007-08-06",4.21532407009277,4.21944813203503,4.22554906899504,4.23745019780492,4.26009260644632,4.31956660792635,4.35300237873324,4.39528360066067,4.48596942364536,4.5286402924863
"2007-08-07",4.2733029214179,4.27488042918562,4.27731456092932,4.28240350828083,4.2933005869926,4.32910977037155,4.35352099388603,4.38852088252738,4.47959311326791,4.53487776844478
"2007-08-08",4.29346191087572,4.29827747642714,4.30538064575899,4.31916315277075,4.34509811802627,4.41110857370975,4.4465356473114,4.48897008320058,4.56416394744183,4.57983779266468
"2007-08-09",4.20018885297334,4.20611840004165,4.21486561946334,4.23184125981366,4.26379709328817,4.34522324706821,4.38899877586543,4.4415433641889,4.53543213568541,4.55617848045064
"2007-08-12",4.15096696547964,4.15747856840126,4.16708926527549,4.18575786361616,4.22096797851696,4.31118763045727,4.36010254776752,4.41942115566539,4.52967872257143,4.56041886549604
"2007-08-13",4.1612529161114,4.16688579633332,4.17520719267716,4.19139853474644,4.22204267710315,4.30135222044986,4.34499694689689,4.39886400517594,4.50554280004315,4.54470633347097
"2007-08-14",4.08567326034139,4.09324783223628,4.10442336279653,4.12611724386101,4.1669770177438,4.2712554460557,4.32745157769244,4.3951031494658,4.51738326013994,4.54649289770094
"2007-08-15",4.20264698446706,4.19165916351425,4.17771549981327,4.15777000335494,4.14211229897447,4.19087432110812,4.24675640064405,4.32429744302334,4.47175485111326,4.53081620909833
"2007-08-16",4.10389079687785,4.08522217569552,4.06137530190066,4.02661067866283,3.99611234611858,4.05525587780853,4.13025106873944,4.23336881937601,4.42340692885208,4.49764830158578
"2007-08-19",4.07255091074694,4.0589338502154,4.04223674248988,4.02033078611169,4.01050522760162,4.10369055720478,4.1879849084158,4.29636196064194,4.48618825700283,4.55875251873185
"2007-08-20",4.10405362585026,4.08297717806685,4.05640124172152,4.0188026826592,3.98983756142629,4.07377286575129,4.16517179987204,4.28574311803297,4.49860581814018,4.5798590142017
"2007-08-21",4.10102265645025,4.06848552501556,4.02743387896305,3.9689118647067,3.92003402265124,4.00933820368173,4.11151084389636,4.2405501727985,4.45276547755538,4.53048054462784
"2007-08-22",4.12245102599981,4.11007488117935,4.09456538012025,4.07307836630425,4.0590208528442,4.12893664174415,4.20113007367993,4.2991934859605,4.48261169088899,4.55551915095829
"2007-08-23",4.10659719022567,4.0987801013208,4.08900817124454,4.07566277387755,4.06838500927578,4.12815985814579,4.19041144615478,4.27972892314174,4.46407875944016,4.54319614355364
"2007-08-26",4.08269705247884,4.07991930359111,4.07688493091442,4.0744225637441,4.0808610388493,4.14806799431063,4.20522791448859,4.28565447508108,4.45601339262771,4.53217604088164
"2007-08-27",4.0639568698047,4.05967656797529,4.0546319969998,4.0489276059153,4.05135795614095,4.11755925786063,4.17771909173711,4.26343090490526,4.44528013002169,4.52613573018106
"2007-08-28",4.12820460345015,4.10318845279977,4.07132273052944,4.02501052227925,3.98393537303603,4.05023930030249,4.13471709263361,4.24683203615349,4.44234216486048,4.51612954003903
"2007-08-29",4.14551048614891,4.12456538332089,4.09777283526226,4.05857984330415,4.02366654076239,4.08705623280848,4.1693276845737,4.2828097824034,4.49232659293009,4.57422296920834
"2007-08-30",3.9941042680108,3.99328920366339,3.99297955295368,3.99528349329439,4.00918791082479,4.09071531705168,4.15525599789191,4.24627525498652,4.4466268978157,4.54064218940985
"2007-09-02",4.00989588961606,4.0115424454489,4.01463778143617,4.02280782634757,4.04527699478872,4.13625461424471,4.20001700304981,4.28603927493503,4.46825148235011,4.55218951044878
"2007-09-03",4.03354052050255,4.03410751426966,4.03572179315691,4.04137877667783,4.06029678465569,4.14778418752848,4.21206859407116,4.3001335426522,4.48840036917541,4.57517666188382
"2007-09-04",4.05725829862267,4.0589853120022,4.0621114478696,4.07007171813356,4.09136443838405,4.17694665308071,4.2377688732309,4.32144144474804,4.50613825059438,4.59494119518745
"2007-09-05",4.16611537365704,4.13972484817866,4.10569806076938,4.05488064231785,4.00498705452742,4.0533814091566,4.13300365942088,4.24364080093828,4.44465556243846,4.52203137167335
"2007-09-06",4.03652860592807,4.03475966932465,4.03304094393434,4.03261591105898,4.04147807912652,4.11158546795079,4.17134135689695,4.25826558748354,4.45676441741909,4.55249007370207
"2007-09-09",4.02696826449599,4.01358749615993,3.99614927583273,3.96969352579115,3.94359719413502,3.98408614893929,4.04905304826183,4.15011100278661,4.37254108230744,4.47123428404782
"2007-09-10",4.05867480073038,4.03479111533154,4.00343479039643,3.95485572677979,3.90177399312271,3.92868230720678,4.0019681871824,4.11541448267656,4.34936182743881,4.44668610704737
"2007-09-11",4.04659929156984,4.03175710944045,4.01224339263351,3.98203934975195,3.94991901968504,3.98129489761618,4.04495929713983,4.14746740509223,4.38007364984193,4.48520472593869
"2007-09-12",4.06621068402267,4.04809310530942,4.02440189429108,3.98809285046429,3.95030602493468,3.98683290419103,4.05686891217831,4.16482416269439,4.39302413810789,4.4904246900072
"2007-09-13",3.97923933914229,3.98060268382382,3.98308724441154,3.98948260389234,4.00692362669902,4.08036249981935,4.13529546206831,4.21449551815796,4.40591183772037,4.50713397547558
"2007-09-16",4.01112183701245,4.00884162235452,4.00631856697484,4.00417694550464,4.00934292456759,4.06840953568529,4.12196472088597,4.20178726510215,4.38935113071403,4.48177184909694
"2007-09-17",4.00670288300679,4.00339842871853,3.99947840120199,3.99498504816492,3.99683331421358,4.05183487271356,4.10444273691245,4.18304364429843,4.36458758229231,4.45183871839669
"2007-09-18",3.96923929503717,3.96869649017588,3.96880891070733,3.97197515093497,3.98749729299017,4.07130105468469,4.13494105897179,4.22211786116291,4.40513381305404,4.48746937629
"2007-09-19",4.00158999383295,4.00445874942623,4.00934237436236,4.02092162635761,4.04952030584347,4.15365293539526,4.22261204275237,4.31286096709218,4.49657699682321,4.57866526469967
"2007-09-20",3.95796914504683,3.96903582770236,3.98536989949083,4.0170998708537,4.07694978387781,4.23034354061218,4.31354180602598,4.41448190003975,4.60242665798706,4.6552917794363
"2007-09-23",3.94953362438982,3.96024294810508,3.97605881967529,4.00681508504231,4.06495710670624,4.21492965702562,4.29705332756864,4.39782690472295,4.59339115116386,4.65977791755864
"2007-09-24",3.94953611638645,3.96044224666655,3.97654864228005,4.00786942500824,4.06707686400319,4.21978457906473,4.30339545719942,4.40597877142675,4.60495020133194,4.67234923021855
"2007-09-25",3.91043353792468,3.92169944307215,3.9383344775227,3.97067371108704,4.03176909147159,4.18906982684853,4.27497115365269,4.38004106510225,4.58160440219429,4.64680807270145
"2007-09-26",4.00186681979756,4.01147777194147,4.02567770709484,4.05331351479315,4.10564236621487,4.24125596471718,4.31603273909042,4.40853509294005,4.59317788827357,4.66291992402485
"2007-09-27",3.93145320976291,3.94283927018781,3.95964144408083,3.99226902346457,4.05376624970554,4.21104205183944,4.29606815147952,4.39882146677318,4.58732263875837,4.63629815519026
"2007-09-30",3.91390320446968,3.92492116713091,3.94118700983027,3.97279754293895,4.03247338531073,4.18580136476098,4.26927466852343,4.37100088480957,4.56356401562309,4.6222549495955
"2007-10-01",3.97361251802215,3.97099207938873,3.96881419150511,3.96994040419973,3.98883083041812,4.10779476842769,4.19700141733111,4.31425662959416,4.54019970173384,4.63417152473262
"2007-10-02",3.90947391299658,3.92013261086227,3.93586411966267,3.96642218431431,4.02405618238206,4.17173025582436,4.25179329572306,4.34888158772819,4.52931983942327,4.57959329980288
"2007-10-03",3.91542416012372,3.9264820053464,3.94279917873557,3.97448260138315,4.03419106668195,4.18682389383192,4.2692839905765,4.36885461049319,4.55094519359951,4.59742217992832
"2007-10-04",3.89763604090228,3.90763437535397,3.92239626721656,3.95108879758866,4.00527437602659,4.1446330683416,4.22061307655405,4.31336953439473,4.49007840961589,4.545525151462
"2007-10-07",3.90880696747535,3.92022025970959,3.93706026075357,3.96975289832946,4.03133990869449,4.18860126877065,4.27341975856745,4.37563029638427,4.5610925340631,4.60630274329486
"2007-10-08",3.91375542940576,3.9240439850619,3.93924171893292,3.96880754577913,4.02474452702976,4.16936561845462,4.24883181494347,4.34673806477483,4.5394516786151,4.60860700135172
"2007-10-09",3.94793708908881,3.95795425913586,3.97274347710782,4.00148740049449,4.05576331218878,4.19530446989275,4.27134337048022,4.36411292769752,4.54043932717109,4.59519465631168
"2007-10-10",4.05228437647018,4.04043860379539,4.02563859237807,4.0054020955436,3.99392454512003,4.07784304835697,4.16413559742308,4.28541675721763,4.52684864392587,4.62748743366244
"2007-10-11",3.94253139251604,3.953937844132,3.97075834907382,4.00337965172269,4.06470129100075,4.22031100125866,4.30344004178577,4.40244526534267,4.57388182852986,4.60358474893954
"2007-10-14",3.9476183548584,3.97201163132391,4.00667344295403,4.06964548046773,4.17407239419704,4.37201737217702,4.44745707341912,4.51783347440637,4.61248475764237,4.64526133683151
"2007-10-15",3.98689649009965,4.00364126700012,4.02786382383442,4.07327465972078,4.1532482132792,4.32734003444313,4.40543043797267,4.48736224144037,4.61608905970291,4.66518055057907
"2007-10-16",3.9568517831329,3.97482974001948,4.00084820513121,4.04966573913159,4.13577466065099,4.32392619336931,4.40870505254776,4.49797006997864,4.63898723492495,4.69299845679381
"2007-10-17",4.04343243776006,4.05273405647412,4.06646785170163,4.09316407087226,4.1435874059313,4.273327716016,4.34411059802617,4.43059037968329,4.59581272484006,4.64831593448135
"2007-10-18",3.98933987689695,3.99809526969228,4.01103473259221,4.03623020281654,4.08398812050929,4.20812489211476,4.27687153513075,4.36234136715572,4.53586689442369,4.6053185906955
"2007-10-21",3.9919194124628,3.99373436417724,3.99686669463683,4.00445292267389,4.02387569959482,4.10053132053269,4.15588831830981,4.23412566451517,4.41785786507696,4.51255537879239
"2007-10-22",3.98852459007529,3.98899476305825,3.99025960827465,3.99460363322855,4.00920335778984,4.07999855787142,4.13525366857228,4.21544848829791,4.40690786132882,4.50558420015055
"2007-10-23",3.9944106713422,3.99165745650409,3.98865013048495,3.98623926080574,3.99295210586691,4.06389053951643,4.12592718205497,4.2156341283187,4.41528597547786,4.50869074302529
"2007-10-24",4.10979484905749,4.0866429026078,4.05645227196649,4.01032647119914,3.96197230148678,3.99629793207564,4.06883470569255,4.17662140792277,4.38893895072363,4.47474795201776
"2007-10-25",3.99534508936642,3.98997438130811,3.98336888519831,3.9748167643454,3.97265010358131,4.03278375839993,4.09354009415946,4.18375691348443,4.38526001917327,4.47838910450923
"2007-10-28",3.99910542694578,3.99627918291144,3.99308210660685,3.99004762840094,3.99481903317764,4.05803184229899,4.11533548703717,4.19971132585447,4.39243160770749,4.48459748304219
"2007-10-29",3.98830975236351,3.98692005012368,3.98564123091781,3.98569169692093,3.99427313080023,4.05891455866687,4.11430931794675,4.19593094865389,4.38767801296756,4.48295019094903
"2007-10-30",3.99769389310523,3.99671085937326,3.99595333085733,3.99676713848647,4.00601732257765,4.06933742192877,4.12321651901019,4.2032116588123,4.3954530449895,4.49354929297471
"2007-10-31",4.08776641209946,4.09100881340468,4.09605539633885,4.10673080370068,4.12989322481094,4.20597822941777,4.25652702386602,4.3263245559401,4.49133293622239,4.57967551016458
"2007-11-01",4.00193889012233,4.00188790834206,4.00239226926837,4.00528846774059,4.01726133285935,4.08191654494411,4.13417164987987,4.21099543425731,4.39653424000268,4.49272367258551
"2007-11-04",4.00907616923128,4.00467972416398,3.99932550193433,3.99262396883389,3.99221097996517,4.05060018299636,4.10914359811666,4.19752151195016,4.40270923142671,4.5013286887294
"2007-11-05",4.0269001778677,4.01945497137061,4.00994357081074,3.99626984883863,3.98626610402311,4.03633063434043,4.09696077633436,4.19128401766005,4.41142640568168,4.51602474727474
"2007-11-06",4.03249869007322,4.02375517681234,4.01258914263658,3.99652078984383,3.98450075596429,4.03905649645138,4.1047785291429,4.20523286932328,4.43162899017495,4.53571563879335
"2007-11-07",4.09582216790656,4.06481570653433,4.02456818882415,3.96356082631151,3.90047618341099,3.94157634268999,4.02734081867193,4.15008806007463,4.37850174192118,4.46741345023323
"2007-11-08",4.02443951256032,4.00620575283945,3.98233580945467,3.94569787081474,3.90760067736837,3.94747191045598,4.02267977496901,4.1402028737931,4.39515761598717,4.50632733928652
"2007-11-11",4.03229680012401,4.0086650068989,3.97753338227881,3.92900352580976,3.87527716163808,3.90253219160184,3.97994630006447,4.10311051750178,4.36806203188605,4.48181634238478
"2007-11-12",4.08370297159888,4.05384666822001,4.01443671053698,3.9526210408355,3.88208170610188,3.89592979640563,3.97362294230866,4.09743408721098,4.35557885387992,4.4630720168091
"2007-11-13",4.06048428371957,4.04003794189289,4.01318931879322,3.97165967416988,3.92704521138428,3.96070094130172,4.0356822382107,4.15360405539149,4.4075665848358,4.51719620223071
"2007-11-14",4.14358550158261,4.0977890967425,4.03899399262645,3.95164009774407,3.86517679369079,3.92202643876957,4.02644774378797,4.1648906517493,4.39824781724776,4.48423497142954
"2007-11-15",4.09334015224209,4.05670470557993,4.00906161614261,3.93651158180669,3.860104387415,3.89918437845456,3.99354959929242,4.12942592042044,4.38197539819785,4.48003178198292
"2007-11-18",4.08546135396681,4.0521439098243,4.00856560062661,3.94148675656798,3.86903412841296,3.90310201780254,3.99560791543464,4.13440976525139,4.40689347411988,4.51636435739433
"2007-11-19",4.11423167874694,4.06111983841109,3.99194285805991,3.88602535204132,3.77114115132594,3.79666895243653,3.9052609185069,4.06138241870817,4.34367687355496,4.45104222546207
"2007-11-20",4.09612432483025,4.05211213713811,3.99448476163833,3.90542588883881,3.80704982273522,3.83008736735766,3.93113761212099,4.08235974748943,4.37141903145503,4.48506113334742
"2007-11-21",4.21927459513303,4.14069117438741,4.03858568732024,3.88271282990995,3.71314886769211,3.72808858823689,3.86000627055368,4.04575067776502,4.36777497391389,4.48724772077448
"2007-11-22",4.15245124901308,4.08825199231189,4.00401425106533,3.87306833371969,3.72474558553529,3.72774608541025,3.84928496579327,4.03328471761164,4.38055088800143,4.51533827634447
"2007-11-25",4.09513491443327,4.04203076614006,3.97244928197979,3.86471477288202,3.74478545838568,3.76522939457635,3.8811189290501,4.05513565392755,4.38682920681387,4.51682552529467
"2007-11-26",4.14005836791621,4.06782109942431,3.97431415797669,3.83270602255082,3.68240196232416,3.71435937950903,3.84393600104068,4.02205989255986,4.32608970725807,4.43824810839705
"2007-11-27",4.08479682429813,4.04118203064568,3.98381828000241,3.89441457861599,3.79366553312106,3.81266796447886,3.91733434377797,4.07930625613257,4.40228920384901,4.53265563315442
"2007-11-28",4.13866118234895,4.09450483105906,4.03681718395727,3.94813479571746,3.85206687401775,3.88814123653053,3.99886758284104,4.16274931118248,4.47565981677408,4.59892634076136
"2007-11-29",4.05395106804974,4.01556464977488,3.96528049202655,3.88763711224189,3.80298671819727,3.83880088320466,3.94433451884128,4.10415447568717,4.42083093543462,4.54874509343295
"2007-12-02",4.0401818831353,4.01481771011785,3.98166912922056,3.93090702834645,3.87809104519538,3.92758216433275,4.02300132919985,4.16918217971195,4.4747438841797,4.60400702889536
"2007-12-03",4.06795933558703,4.03127482276871,3.98284782470996,3.90687509620957,3.82012950974737,3.83681575484074,3.93205969188636,4.083918319756,4.40062460253897,4.53251385942866
"2007-12-04",4.05994472502173,4.0267404376723,3.98252927514033,3.91197805886389,3.82770012455979,3.82767278098586,3.91178440616182,4.05530436566199,4.37791424335903,4.51916076375681
"2007-12-05",4.15362809917937,4.09746240270678,4.0236065146467,3.90834775371448,3.77669960633923,3.77813098192457,3.88817103492526,4.05758228752766,4.38434335556097,4.51282713757961
"2007-12-06",4.04466134483039,4.01942249242228,3.98604205478366,3.93360043984065,3.87433374361349,3.89979488802255,3.98380014329128,4.12129716072904,4.42844895965892,4.5640604109294
"2007-12-09",4.01749609657225,4.00435385337153,3.98757586990176,3.96337525223061,3.94454785289202,4.01598090075136,4.10174170864341,4.2291212561268,4.50063799632231,4.61940711840362
"2007-12-10",4.00607237375179,3.9998406715677,3.99251615938114,3.98430315952419,3.98812110753177,4.08492507841463,4.17208500127938,4.29544396398214,4.55437702410179,4.66847242549665
"2007-12-11",4.03895064423047,4.02589129359784,4.0095088535886,3.98682721381518,3.97250923092697,4.05454689705167,4.14045562303088,4.26030103810117,4.49461068956405,4.59080501335452
"2007-12-12",4.10267991845239,4.087387731476,4.06817182882774,4.04140470074848,4.02354880267796,4.111306772934,4.20390152021449,4.3317490262052,4.57671350041245,4.67571728671816
"2007-12-13",4.0442910962057,4.03913771971973,4.03315381365508,4.02675483045946,4.03155565712684,4.12103912075677,4.20110777291785,4.3151384799012,4.55823701375284,4.66698365462807
"2007-12-16",4.02865855186649,4.02731121022291,4.02660273381602,4.02933899540399,4.04770952424147,4.15432688644728,4.23579928626319,4.34656449642909,4.57439294512415,4.67475374831509
"2007-12-17",3.9879234423854,3.98924642618793,3.99213054792903,4.00073754479082,4.02669734233784,4.13792877172312,4.21660970933143,4.32201555378257,4.54017604051966,4.63806736272903
"2007-12-18",3.9482723266633,3.953652774209,3.96207625090884,3.9800035696885,4.01893877217621,4.14295610945052,4.2207006486202,4.3214715775489,4.52988424503165,4.62601631098636
"2007-12-19",3.96270637603918,3.9590188953059,3.95558659767141,3.95522730295384,3.97390248674313,4.09897607550505,4.19112278450634,4.30904814574245,4.52572740294378,4.61251343313443
"2007-12-20",3.96481550957319,3.96780894814191,3.97281474162565,3.9844568692547,4.01277182409634,4.11642220577613,4.18684991648772,4.28182759916407,4.48719343743005,4.58470459451113
"2007-12-23",3.97597306112648,3.98032664912668,3.98704405294449,4.00106802876572,4.03090469784086,4.12609863562041,4.18815811379416,4.27304772260396,4.47182266435308,4.57773875660448
"2007-12-24",3.97557002919192,3.97946547150285,3.98557192089894,3.99862414360188,4.02735336776196,4.12340832769504,4.1877161010726,4.27656612458208,4.48534514590449,4.59584921664246
"2007-12-25",3.96157578655642,3.96550590990297,3.97179332965146,3.98561051910426,4.0170827756477,4.12550844579495,4.19806405476688,4.29666789828378,4.51724218741024,4.6268134167295
"2007-12-26",3.91561968331979,3.92559788387883,3.94035252801936,3.96911096993413,4.02373358553483,4.16653474742076,4.24627901292847,4.34636484496592,4.55598185482344,4.64832381542274
"2007-12-27",3.89646528268785,3.90885047815311,3.92712725781306,3.96261904709659,4.02951762799847,4.200628093413,4.2931506448013,4.40498846489688,4.61033093060365,4.66393804002523
"2007-12-30",3.90617437344125,3.91980049433048,3.93988753920838,3.97882005099695,4.05191215637916,4.23669482916315,4.33483446080183,4.45086838766023,4.64576375868893,4.67023022317895
"2007-12-31",3.93554875560175,3.94822518169789,3.96691685031765,4.00316133649265,4.07127149550665,4.24394117044578,4.33604646592284,4.44553907312139,4.63369232157312,4.66406478938015
"2008-01-01",4.00868099272617,4.00692840772525,4.00599153325964,4.0093638906064,4.03174227237418,4.15385649918646,4.2409529561044,4.35229983068221,4.55902889497737,4.64278829118848
"2008-01-02",4.07537441077067,4.05235194355629,4.02244992205728,3.97726117317059,3.93224716594815,3.98574201562254,4.07470885921707,4.20672408230586,4.47270240590358,4.5825206814357
"2008-01-03",4.03567702241876,4.00675284383361,3.96965601075269,3.91500298946726,3.86455833125537,3.93968472561188,4.04351342594577,4.18678872732542,4.44930610603547,4.55125065571829
"2008-01-06",4.0523279228128,4.01631929283661,3.96953268525882,3.8985197542813,3.82512856758373,3.87713577254577,3.98267892523008,4.1353245853898,4.42454975144925,4.53848905065472
"2008-01-07",4.07236417262429,4.03693117436049,3.99046585187013,3.91856289069385,3.83968838587503,3.87092053618784,3.96813009449538,4.11638539356265,4.41244388281533,4.53260182463467
"2008-01-08",4.16808693678603,4.1179748281281,4.05261734354277,3.95234526714578,3.84340771270723,3.87190469181337,3.98132819403224,4.14044356154923,4.43372572070168,4.54658146441183
"2008-01-09",4.31585620131957,4.21879779163477,4.09554580541514,3.9155827819222,3.74103336413825,3.81428295454591,3.96415573270112,4.14744215156016,4.42613464506488,4.52418016571869
"2008-01-10",4.18843312166252,4.13130593650279,4.05639978907761,3.94017148316215,3.80948442298971,3.81984411793327,3.93423160097381,4.10657897815946,4.43264072551854,4.55957449665646
"2008-01-13",4.12138544968571,4.06844930045172,3.99923534575098,3.89251499197368,3.77499068356743,3.79946870653695,3.9146010360176,4.08488762722771,4.4042194262398,4.52823372825172
"2008-01-14",4.05553710646342,4.00855250283298,3.94700070661272,3.85184106433596,3.7470427321752,3.7781271561152,3.89385992180885,4.06819182851733,4.40679636726224,4.54144785214836
"2008-01-15",4.04028018764062,3.99204881036324,3.92873877307862,3.83042762287597,3.72053937147688,3.74256774684424,3.85511778372074,4.02665295764234,4.36176797515251,4.49525679256621
"2008-01-16",4.11900778907916,4.04313394676917,3.94434848201674,3.79307761787245,3.62806653930063,3.65103454356745,3.79185060342178,3.99324910298367,4.35160079905319,4.4864889984367
"2008-01-17",4.06620234007609,3.99001814899874,3.89090579609055,3.73939730409287,3.57507583766522,3.60358159747581,3.74816762028552,3.9539594850051,4.31930867209868,4.456753198573
"2008-01-20",4.08775421717555,4.00726171082322,3.90287526032957,3.7443165195909,3.57535012376243,3.6166125492659,3.77130115499602,3.98697395524417,4.36273722476758,4.50287254621622
"2008-01-21",4.16215637804747,4.04185965594458,3.88799469817326,3.66013248776924,3.43058531100746,3.5005571770897,3.68989839980683,3.93090798532359,4.31039067574209,4.44557147895007
"2008-01-22",4.0331700707653,3.93940194959093,3.81973614074288,3.6437955347389,3.47308636020317,3.57856040583707,3.76533754458395,4.00303582896323,4.38412337567,4.52126031425382
"2008-01-23",4.15341824535432,4.01773031994481,3.84488235736426,3.59113061877536,3.34256952899073,3.45187107025321,3.67755596124224,3.95911593536761,4.39672078701641,4.5519795322876
"2008-01-24",4.09962285731394,4.01211373362992,3.89925432087691,3.72974956958413,3.55488640172479,3.62154998953797,3.79440498977433,4.02751362586295,4.42187865095317,4.56705381783015
"2008-01-27",4.09558883899279,3.99952408613109,3.87645700299723,3.69391993920679,3.51107598019739,3.58951015634373,3.76471487919705,3.99115417140458,4.35678731235261,4.48857132136656
"2008-01-28",4.09794893464484,3.99587335836702,3.86529649200908,3.67216589938547,3.48011171999282,3.56616574794587,3.75058796631456,3.98691105312724,4.365287363878,4.50118870529447
"2008-01-29",4.0866816694061,4.00191405832414,3.89239014854383,3.72728113025866,3.55511640357393,3.61309703074408,3.77934748822741,4.00596745262554,4.39306537815267,4.53616806777717
"2008-01-30",4.19489752715501,4.07291192754264,3.91851439193711,3.6947726722463,3.48366370316139,3.60473173420467,3.8079327883924,4.05330339592842,4.42435169776469,4.5547503972148
"2008-01-31",4.0767785524381,3.97476971177931,3.84404301454334,3.64999377811625,3.45507971608246,3.53554958805917,3.72005949007343,3.95888533208391,4.34478470351853,4.48389437581701
"2008-02-03",4.08599238908677,3.987647762613,3.86081907069494,3.67010970079853,3.47122141146485,3.52249107119508,3.69468531782415,3.92571860869613,4.31035866939097,4.45066044002959
"2008-02-04",4.11132464737035,4.00904195265545,3.8774679324991,3.68057445732726,3.47765459461174,3.53568181960464,3.71138511500846,3.94336479635921,4.32330607660511,4.46090846033749
"2008-02-05",4.11578446616579,3.98870196073349,3.82571951310601,3.58301599248381,3.33452992876245,3.39380805373478,3.59006368196171,3.8436838614826,4.24761320916904,4.39207661085506
"2008-02-06",4.1186997953096,3.9803339338688,3.80428332384854,3.54623129169435,3.29327175384575,3.39092130357793,3.60529345556982,3.87021040828102,4.27660247799228,4.42000789983244
"2008-02-07",4.11528893189759,3.96289301518288,3.76891083557586,3.48446911421351,3.20614200995826,3.32319554579502,3.56887629623594,3.87368366662565,4.34413403349557,4.51057197915325
"2008-02-10",4.07583027454771,3.91639623463589,3.71574753574915,3.42802088891544,3.16298880414624,3.32014955504617,3.56482054197748,3.851041204986,4.27083375878015,4.41682227774096
"2008-02-11",4.11705375980177,3.95450947936923,3.74896145071423,3.45132839487435,3.16927672591876,3.30864133001872,3.55795527755361,3.85635799636058,4.30203033591877,4.45789412682535
"2008-02-12",3.98624554493429,3.85038512658966,3.67864971488762,3.43068758686629,3.20072717365847,3.36172854584707,3.60580821028782,3.90010631503179,4.34672454578877,4.50399075133031
"2008-02-13",3.99632112032301,3.86389656489647,3.69762008787419,3.46096016577308,3.25182084576462,3.44502194136323,3.6926696493843,3.98333382091801,4.4155628550592,4.56678365835119
"2008-02-14",4.04454491179191,3.91566794949558,3.75333887508729,3.52075057507404,3.31056807305083,3.4835581464611,3.72129898946159,4.00386273858596,4.42817026135086,4.57708341089432
"2008-02-17",4.06092919566426,3.91995839757658,3.74190161990201,3.48511437681857,3.2471686161507,3.40819181982257,3.6538174847369,3.9483026911332,4.39222437785125,4.5481383207451
"2008-02-18",4.05169983922615,3.92459523650783,3.76450307521317,3.53513503373119,3.32791630533512,3.49878437452536,3.73338719097582,4.01219803907422,4.43085446812107,4.57778326688751
"2008-02-19",4.07718772192903,3.94434089537064,3.77727516952964,3.53862058870564,3.32462814792008,3.5038827313811,3.7449358460966,4.02909966771609,4.45248541651653,4.60066739286027
"2008-02-20",4.05311623757341,3.92605048646442,3.76760756812358,3.54529039501777,3.35741544735005,3.56184143434738,3.7959199895806,4.06264562840654,4.44945181830605,4.5836974019842
"2008-02-21",4.055405850583,3.93845548515046,3.79078536780015,3.57811436929259,3.38280652173701,3.53074997849119,3.74568035989189,4.00392397359603,4.39521192974191,4.53295201419064
"2008-02-24",4.05078976103351,3.95062627966888,3.82196487131301,3.63032120844214,3.437428689883,3.53160599697154,3.73346772603236,3.99971857507571,4.44151258146063,4.60282217718509
"2008-02-25",4.0303539043287,3.92388614044133,3.78905421929447,3.5940068534753,3.41437802544613,3.56811324576524,3.78798182127824,4.0581674409145,4.47883202813795,4.62856220652505
"2008-02-26",4.04056443158877,3.9448027077136,3.82284752385595,3.64449954175915,3.47541736351651,3.60812492584089,3.81566341929878,4.07862119778797,4.50115742005184,4.65352941947409
"2008-02-27",4.06840027840593,3.94388140424626,3.78816449274164,3.56849871158484,3.38048010246064,3.58400757615622,3.82363532258939,4.10086404268877,4.50882500583599,4.65110656073682
"2008-02-28",4.06313878162094,3.93406680101772,3.77104623969072,3.53611713548033,3.31983414657602,3.48052367546297,3.71639620542722,4.00004787463014,4.43000081144477,4.58136328569734
"2008-03-02",4.05282242138491,3.92411019389978,3.7591383609548,3.51405233494897,3.26648042312219,3.35501681429606,3.57675924115663,3.8633835507417,4.32410068248369,4.4897174495528
"2008-03-03",4.03518173160589,3.92315606590608,3.77814777130133,3.55855349372926,3.32550357189953,3.37522523190916,3.57626494753239,3.85260020869293,4.32424119558123,4.4982305636397
"2008-03-04",4.06379666761944,3.9401798858787,3.78000055984452,3.53686468744806,3.27680020073294,3.32043053479455,3.53588599807448,3.83384767948507,4.34381261832142,4.53206372349473
"2008-03-05",4.08293870508189,3.97116605138783,3.82547174943851,3.60179102426769,3.35570709814569,3.37757465118981,3.57799462545294,3.86683519717996,4.38257601899215,4.57687814939836
"2008-03-06",4.07045064728714,3.97520815433353,3.8493673106664,3.65096852794814,3.41727705669076,3.37928141886971,3.5431536906646,3.80611650825078,4.3253909861094,4.53139021713129
"2008-03-09",4.05236194114061,3.94845594159158,3.81192892673402,3.5989938103887,3.354883775855,3.33886051439231,3.52012153210713,3.79764982275153,4.32164707555126,4.5245801627356
"2008-03-10",4.08389601680114,3.96455946212242,3.80778606350299,3.56323134589789,3.2819153797281,3.25013047295422,3.44404885599366,3.74091700938156,4.29600875331169,4.50945202310111
"2008-03-11",4.05853703482257,3.96516974187746,3.84186317808905,3.64765379488811,3.41960158350649,3.38673765586839,3.55011803076256,3.81111111425242,4.32546361769076,4.52939911382731
"2008-03-12",4.09328070805615,3.9696792904671,3.80895110000759,3.56314662680822,3.29418681362279,3.30888610543488,3.51134139060103,3.79797422134141,4.29612570517654,4.48105034714146
"2008-03-13",4.08763836392507,3.96571553391077,3.80687026688902,3.56310371413923,3.29435524998582,3.30631919113862,3.51133918057092,3.80559542010713,4.32510955177237,4.51948619078809
"2008-03-16",4.10597638793306,3.96819358960974,3.78964276230219,3.51835643726487,3.22605780745924,3.2524956261508,3.47235368988319,3.7761591692976,4.2910781713057,4.48001648660985
"2008-03-17",4.13952303011505,3.9574606626494,3.72567052151622,3.38544213721793,3.0502765650794,3.1705604638277,3.44840066856231,3.79267374327342,4.32141138192427,4.5080315200492
"2008-03-18",4.14734365353171,4.00511275248389,3.82191185655328,3.54695697772689,3.26073282546341,3.32623346847788,3.56221998727004,3.87593334504941,4.39131764586821,4.57810039526217
"2008-03-19",4.02984607605257,3.91679916192882,3.7698603715153,3.54544579297579,3.30143165439399,3.32776959886507,3.52351635784335,3.79994297322869,4.28211928383423,4.4616313732581
"2008-03-20",3.87223672417157,3.79452518736503,3.69164309648977,3.52892555448912,3.33647998751134,3.31156170952223,3.45844789406498,3.69763980236248,4.1841260965572,4.38112463068743
"2008-03-23",3.76643014610172,3.71717673139964,3.65100042756068,3.54343327587781,3.40823076106935,3.37165621601178,3.47943175858725,3.67998814146264,4.1650011999831,4.38722453190101
"2008-03-24",3.71425468350114,3.685141595107,3.64609396125626,3.58301989123288,3.50623818910759,3.51413878063526,3.61069643704071,3.78683745524244,4.23890734295399,4.46162248446459
"2008-03-25",3.71807367294584,3.69535814531954,3.66560181011431,3.61998588260562,3.57356772908694,3.63940044467011,3.75329896355343,3.93629628333298,4.35922845530079,4.55456091956972
"2008-03-26",3.81179694878454,3.76491175015624,3.70257932774303,3.60349421804373,3.48690745013174,3.50245068802598,3.63529656667,3.85962947291217,4.36724780295846,4.59177924002865
"2008-03-27",3.94914910137657,3.88573100254741,3.80237742611568,3.67269742150954,3.52762767273773,3.56406532029296,3.72375259854176,3.9701089726696,4.46288890277961,4.66250338134744
"2008-03-30",4.06789890069069,3.9823217011492,3.87020299298727,3.69649764192846,3.50185625615279,3.5185762790839,3.68835623847354,3.94258750002869,4.41996188628465,4.60499569238504
"2008-03-31",4.08490571711278,4.0046931091281,3.90011424939525,3.73969084431035,3.56489376922771,3.60179584185012,3.76713647797782,4.00651127225838,4.44282094446399,4.60948032936611
"2008-04-01",4.08490571711278,4.0046931091281,3.90011424939525,3.73969084431035,3.56489376922771,3.60179584185012,3.76713647797782,4.00651127225838,4.44282094446399,4.60948032936611
"2008-04-02",4.12200637973927,4.03295456362987,3.91650727454783,3.73669809890179,3.53646915859063,3.55228247906349,3.72073378838696,3.9692897781362,4.42639339492099,4.6014053222092
"2008-04-03",4.11468822129771,4.02793438332764,3.91526667216487,3.7437026176935,3.56003656558459,3.60627285129227,3.77900090154441,4.02237683916705,4.45241200610673,4.61399798466333
"2008-04-06",4.08865878872443,4.00760923598308,3.90183832604732,3.73924055509193,3.56081125092446,3.59072519117819,3.75336233776086,3.99019416186589,4.42305856615509,4.58852205275403
"2008-04-07",4.07981475757117,4.00544820973526,3.90893784002241,3.76232185111042,3.60721917531253,3.66312069262438,3.82516610611248,4.05329675038316,4.45993836485657,4.61371675595526
"2008-04-08",4.07210035299012,3.99712082758586,3.89988482184485,3.75240619822048,3.59726926735033,3.65865129292564,3.82501341444293,4.05838740877497,4.47365522937682,4.63062455392105
"2008-04-09",4.09557521644862,4.00856459876662,3.89591483277175,3.72545065027202,3.54613085900706,3.60386501116768,3.77868965898819,4.02025195904957,4.43934591792214,4.59547668104316
"2008-04-10",4.09557521644862,4.00856459876662,3.89591483277175,3.72545065027202,3.54613085900706,3.60386501116768,3.77868965898819,4.02025195904957,4.43934591792214,4.59547668104316
"2008-04-13",4.1415706565466,4.04914024433841,3.92828343031063,3.74157979747039,3.53270722082259,3.53725222132523,3.70009648580559,3.94013771887008,4.37732427198809,4.54357494487457
"2008-04-14",4.11761926562106,4.03962947108819,3.93755642448335,3.77972799850019,3.60374883011866,3.6215709084701,3.77575324483503,4.00488122557442,4.43161015509506,4.59627484667001
"2008-04-15",4.11465441516841,4.05100861788532,3.96735412953262,3.83706684067726,3.69000737292002,3.71029617007248,3.85325961266294,4.07302074191659,4.504151847728,4.67609481926772
"2008-04-16",4.08224214065827,4.0343415978098,3.97130475938656,3.87305229111796,3.76301755792256,3.79570224126254,3.92476324408541,4.12624979263527,4.53855713250771,4.7083980755689
"2008-04-17",4.04365875941496,4.01633052621525,3.98039470087923,3.92466429424413,3.8644389610687,3.90959735988496,4.01215525615465,4.17522687395118,4.53251112395267,4.68883591980387
"2008-04-20",4.05818109347332,4.02638631536837,3.9842883452783,3.91799751084929,3.84255473788668,3.87199710759005,3.9767700180919,4.14951160362295,4.53834747413499,4.71091623526936
"2008-04-21",4.12640840568743,4.09746069086075,4.05891254170099,3.9974824863935,3.92504246385708,3.93853852600779,4.02796288967379,4.18139624307954,4.54069918342723,4.70446811467311
"2008-04-22",4.12233778174324,4.09472849065943,4.05787243365886,3.99887216029349,3.92859124885597,3.94052346327834,4.02889631904464,4.18373241613541,4.55838978967259,4.73391377947847
"2008-04-23",4.11979890227957,4.0909366753842,4.05280280050968,3.99305250699991,3.92627983516163,3.96198331098397,4.06409920189457,4.23078610127305,4.60530218085112,4.77183407226834
"2008-04-24",4.12367448449499,4.09006947354531,4.04570223835667,3.97623531663399,3.89838884286415,3.93377284921977,4.04401354370794,4.22207267216441,4.61243394013968,4.78232430707602
"2008-04-27",4.12760123771723,4.08835121322424,4.03713428933631,3.95880650094189,3.87664768582233,3.93726511996661,4.06410002257688,4.2538360795409,4.63193376422713,4.78602481694059
"2008-04-28",4.14617605592,4.09495875189884,4.02783596848029,3.92402840352386,3.80990014860008,3.84833137833464,3.98018924808977,4.17976004118711,4.57164355961272,4.72872406590971
"2008-04-29",4.1564530119563,4.10025188714443,4.02711173628659,3.91548169194491,3.79655531715787,3.84439183149262,3.97840249850206,4.17132671921061,4.52676049461533,4.66381673063363
"2008-04-30",4.13153380035776,4.08422112737338,4.02302548792359,3.93092762321483,3.83763728765499,3.90617944538043,4.03626334971212,4.21859118414228,4.54997309423959,4.67727279910394
"2008-05-01",4.10010273407105,4.06465790955715,4.01875463148201,3.94967239580412,3.88089214083175,3.95152949194259,4.07092201606338,4.24269653634567,4.57110787074566,4.70168930329105
"2008-05-04",4.10738948450074,4.07086143896611,4.02308954142484,3.94965452110589,3.87118107493517,3.91872213456393,4.0309601906182,4.20046567109166,4.5399810154094,4.67857043190713
"2008-05-05",4.12142292475503,4.07722090399843,4.01932250837853,3.92993561860325,3.83253327305489,3.87409004282539,3.99581650688954,4.18009579253799,4.5451727924887,4.69262932811281
"2008-05-06",4.0209221317468,3.99615316920807,3.96445300815812,3.91813976133295,3.87780787559391,3.96561322316373,4.07718814415317,4.23449566066927,4.53649906414473,4.65783850772921
"2008-05-07",4.06087279146063,4.02050441469648,3.96727175514077,3.88396015067537,3.78959213710075,3.8128103217347,3.92083449346153,4.09190575499413,4.44745534526396,4.59536235537481
"2008-05-08",4.05953722925229,4.01611390239109,3.9583173282447,3.86609445483418,3.75555315243542,3.74852562051228,3.84965015920209,4.02164322852125,4.40127417600548,4.56472689102075
"2008-05-11",4.03176350793661,3.99869046766395,3.95450352498177,3.88357356946797,3.79793842229543,3.79966147562144,3.89207464932197,4.05457183209517,4.43992121159833,4.61631198211903
"2008-05-12",4.01542811231062,3.99472372271552,3.96720271226536,3.92363319061202,3.87407442950977,3.90486337676904,3.99235981427453,4.14344295232378,4.51970669466586,4.70305517650198
"2008-05-13",4.0557756360246,4.03887920442492,4.01668142275654,3.98246180756931,3.94712459903041,3.99603780942932,4.08386672853452,4.22799820691528,4.57292931266713,4.73719387506937
"2008-05-14",4.13685111456042,4.11672725004538,4.09005692278083,4.04806785573399,4.00092614871466,4.03125841419152,4.11282525482417,4.25032034904527,4.57942114819355,4.73422175129479
"2008-05-15",4.05895311316169,4.04815711039636,4.0339815461873,4.01223719368555,3.99074608655772,4.03545606434307,4.1084821762397,4.23273587660278,4.5585189204123,4.7291667618149
"2008-05-18",4.05545750640431,4.04878419166423,4.04027977475958,4.02820214991663,4.02047898645884,4.07876242816563,4.14940417082714,4.26473250659162,4.56371847081664,4.72204146162683
"2008-05-19",4.02351999525628,4.01659604140932,4.00776940999062,3.9952257521033,3.98718034098995,4.04772237059015,4.12128187355554,4.2416121573189,4.55472734924326,4.7211661283545
"2008-05-20",4.05839605155633,4.05828933775471,4.05882497539703,4.0621869191919,4.07661125345795,4.15851742057182,4.22793422464995,4.33454826562435,4.61542888510703,4.77559305289519
"2008-05-21",4.05813370937125,4.06302690100469,4.07049909115969,4.08586886766189,4.11795541169179,4.2192762182581,4.28658191178981,4.38197157680966,4.62849393795711,4.77890866545707
"2008-05-22",4.08532789767344,4.08759335056246,4.09128836335395,4.09966480491745,4.11979064253061,4.19773863953886,4.25674417172756,4.34629538368113,4.59661948853203,4.75700860688353
"2008-05-25",4.07101862375799,4.07556376287883,4.08251069848698,4.09682426167823,4.1268132103333,4.22248583878483,4.28687302560197,4.3793031700885,4.62515141187442,4.780792346929
"2008-05-26",4.06158522345954,4.06720231952961,4.07569483324891,4.0928860303184,4.12785387489912,4.23358642178516,4.30176993102042,4.39715169724722,4.64249488332469,4.79420922919054
"2008-05-27",4.0615218143324,4.06901198302752,4.08020850472334,4.1024447401542,4.14617340120291,4.26969368943733,4.34454748116991,4.44489256459789,4.68696883422998,4.82860654262683
"2008-05-28",4.0847989488341,4.09666730163312,4.1141278870571,4.14785674460883,4.21082532668748,4.36888337613069,4.45326738356045,4.55576353624984,4.7649184255074,4.86895742212552
"2008-05-29",4.09423316788052,4.10433592173863,4.11927854682633,4.14841690717222,4.20381381187394,4.3490277921852,4.43043063595116,4.53303823154076,4.75090317386444,4.85066282467816
"2008-06-01",4.09590941159382,4.10359405074984,4.11499305216243,4.13733825354659,4.18027573446999,4.29618560404346,4.36384204559244,4.45289907685656,4.66733869819134,4.797423915785
"2008-06-02",4.11829601320493,4.12751895544121,4.141165573964,4.16779549931294,4.21849665916414,4.35194092931813,4.42717684634741,4.52261807464832,4.72934050629395,4.8291241018573
"2008-06-03",4.1006460643252,4.10957793765549,4.1228103818268,4.14869069268964,4.19819271192441,4.33015883788178,4.40589616100937,4.50384320585567,4.72846185032084,4.85226435184535
"2008-06-04",3.89345790734234,4.09394808956707,4.30029071687698,4.48098435514647,4.58444899378676,4.64689806499622,4.65879320483227,4.6677145597093,4.67812280706585,4.68159222285136
"2008-06-05",3.74448200946943,4.07253485719275,4.3507204031828,4.55375356291603,4.60398633631053,4.59047227638984,4.58678632825253,4.58402053069679,4.5807937572333,4.57971816607795
"2008-06-08",3.81367045850199,4.09011540448672,4.31337690376767,4.48115081532222,4.55943163643522,4.60038502765868,4.60811790920125,4.61391756420491,4.62068382836838,4.6229392497562
"2008-06-09",3.91761374922892,4.10552537306939,4.28579567769459,4.46484401012001,4.58689426082999,4.66431694239839,4.67908353688843,4.6901584834319,4.70307925439987,4.70738617805586
"2008-06-10",3.82489286283071,4.11652390451193,4.36025835785212,4.55287056310451,4.65993260380276,4.72445124207796,4.73674056309512,4.745957553858,4.75671070974802,4.76029509504469
"2008-06-11",3.87700090661144,4.09793669458121,4.30757606152668,4.51281886628082,4.65073560713295,4.73774336659723,4.7543337921231,4.7667766116682,4.78129323447104,4.78613210873866
"2008-06-12",3.91912990029792,4.12666340813399,4.35904430950784,4.56947626979255,4.69104390381635,4.76445345215491,4.77843632394411,4.78892347778602,4.80115849060157,4.80523682820676
"2008-06-15",3.9394727820197,4.23200281885312,4.45923292903039,4.62322973035045,4.6998630984869,4.74170144688925,4.74963731188902,4.75558920949136,4.7625330900267,4.76484771687181
"2008-06-16",3.77254803773639,4.16250640059887,4.42856181532098,4.59413099722418,4.6669002844179,4.70816183750215,4.71601371213562,4.72190261809216,4.72877300837478,4.73106313846899
"2008-06-17",3.88240373788821,4.24147129497565,4.47742580822853,4.61355525125031,4.66710699595992,4.69644008852257,4.70201906483482,4.70620329704894,4.71108490129874,4.71271210271534
"2008-06-18",3.9100163406976,4.19803430759268,4.45222474810989,4.65806987156198,4.73986947033445,4.76064662498306,4.76383121103695,4.76621868920163,4.76900407340749,4.76993253480882
"2008-06-19",3.97157481403901,4.23907105989762,4.44735075134334,4.59836988508471,4.66948064841903,4.70845408187794,4.71584763758027,4.72139280332285,4.72786216335519,4.73001861669931
"2008-06-22",4.01159031423415,4.24420075921815,4.43349432095961,4.58075958353048,4.66221666331087,4.71129205609089,4.72063978984412,4.72765059015905,4.73582985719313,4.73855627953782
"2008-06-23",4.07556221452336,4.25512114887681,4.41299171796042,4.55363346444192,4.64059262656384,4.69408622106335,4.70427812522699,4.71192205335736,4.72083996950946,4.72381260822683
"2008-06-24",4.47959955836155,4.48472356843513,4.49229178958105,4.50701256843571,4.53485368241629,4.60676218759821,4.64621548678743,4.69473924809772,4.78966977578651,4.82294678964938
"2008-06-25",4.41654053034694,4.41902508019428,4.42284473820436,4.43078208017032,4.44760045669799,4.5016725947274,4.53774682641297,4.58855571427008,4.71624344304522,4.79069997218896
"2008-06-26",4.39043489497042,4.39320791105138,4.39753678029652,4.4067432916764,4.42693398460241,4.49513625362856,4.54196420521634,4.60863957013557,4.77661296776892,4.87347234175242
"2008-06-29",4.00214636382372,4.23375944403241,4.42914010673422,4.59505096236388,4.69395971641081,4.75431369720738,4.76581106200122,4.77443408559789,4.78449427979401,4.78784767785938
"2008-06-30",4.02367714083796,4.24743288024512,4.43426890615515,4.59108497017891,4.68378158602329,4.74024919205083,4.75100595079697,4.7590735198572,4.76848568376081,4.77162307172867
"2008-07-01",4.50336109985191,4.51157540400719,4.52351774004576,4.54610593519894,4.58657575562871,4.678371625458,4.72164839369437,4.76889977854199,4.84804534677084,4.87990882434858
"2008-07-02",4.37825360913111,4.38453690981164,4.39383046377916,4.41195356523944,4.44641064662976,4.53674923598589,4.58740243222678,4.65126718215964,4.78698302338434,4.84926895301013
"2008-07-03",4.39564559002159,4.39692809797931,4.39911147765991,4.40433922485927,4.41772790513271,4.47305640734203,4.51597741502595,4.58134269126763,4.76163527337817,4.87385900238097
"2008-07-06",4.38214494304345,4.37972140841901,4.37670446720536,4.37272211468539,4.37176523102569,4.40593467317624,4.44493494158239,4.51059224514689,4.69798561499606,4.80957347534535
"2008-07-07",4.4070522038615,4.40270299386482,4.39694521881041,4.38798156954034,4.37884474149757,4.39909511465043,4.43465954867417,4.4999798701801,4.69957631944699,4.82287408200933
"2008-07-08",4.46484146790641,4.45867142269279,4.45027790877374,4.43635726979086,4.41836946175833,4.41771323776283,4.44209023027952,4.49284062700706,4.65522282817871,4.75454689403565
"2008-07-09",4.40400190477377,4.39946174177664,4.39339313711773,4.3837333781158,4.37299434161981,4.38799373765743,4.42045433675254,4.4822628738203,4.67823345377978,4.8029268661125
"2008-07-10",4.37801176307843,4.37973787866216,4.38252660978798,4.38876621864033,4.4035022459027,4.45933744189059,4.50107495804489,4.56400720073673,4.73850391687685,4.84961933750267
"2008-07-13",4.39874256597202,4.39439382043873,4.38863477546478,4.3796597264536,4.37045429768851,4.39003830203812,4.42478149013153,4.48845634739445,4.68158651206047,4.79977634846135
"2008-07-14",4.42514229945671,4.41437925790542,4.39986199791131,4.37618511470402,4.34688095578864,4.35167963820672,4.39438792708448,4.4766526078659,4.71251033001953,4.84231863713009
"2008-07-15",4.39283421332737,4.38639815022832,4.37789337122851,4.36467006625649,4.35098847657664,4.375416054742,4.41923943244624,4.49654327510942,4.71126318200178,4.83020082003736
"2008-07-16",4.34624141436534,4.34846786769432,4.35204299088952,4.35996566446662,4.378382842611,4.44593201563307,4.49480673163178,4.56640717372571,4.75344389894559,4.86435683603417
"2008-07-17",4.40263610823782,4.40987395902398,4.42057404875576,4.44142106976112,4.48098337671524,4.58416365225834,4.64158356758144,4.71336913012412,4.86181872620573,4.9247959271557
"2008-07-20",4.23863609092372,4.31679644491888,4.40920071111092,4.53299632549735,4.65529382748428,4.75568356522082,4.77569868952745,4.79071607489697,4.80823654671477,4.81407670415601
"2008-07-21",4.40743992590922,4.41908246352003,4.43600099194329,4.467974793357,4.52516794545706,4.65439331192567,4.71502890340455,4.78097859682423,4.8907351691649,4.9346669378078
"2008-07-22",4.46901287214535,4.47599969407408,4.48630898344754,4.50632461834316,4.5440363628821,4.64037660912446,4.69237350675653,4.75508516067751,4.86924673899236,4.89762155245878
"2008-07-23",4.37690304083617,4.38124422152512,4.38782964499467,4.40121974762442,4.42856786490721,4.51050321672808,4.56179675474634,4.63074145408718,4.79058350738687,4.87631040274643
"2008-07-24",4.37038252404689,4.37809241570531,4.38949072772961,4.41169944756868,4.45385117219949,4.56382360656688,4.62505454505728,4.7016488452012,4.86034214093697,4.92805191409187
"2008-07-27",4.36691783959427,4.36563921515863,4.36453966871223,4.36498363207225,4.37442617263404,4.44145016440146,4.49790629284819,4.58029788286917,4.77105866375684,4.8646044503954
"2008-07-28",4.37133889603879,4.36815843098744,4.36428032518813,4.35944251848697,4.35945471096805,4.40688164604551,4.45632240085234,4.5343761178328,4.73222953642093,4.83617620407014
"2008-07-29",4.34292018085213,4.33890626194732,4.33373143338258,4.32616779345027,4.32042253637396,4.35104144086113,4.39121614568665,4.45892406029882,4.64295676844354,4.74485036524236
"2008-07-30",4.39750294860264,4.38258539301094,4.3624180605778,4.32928742821439,4.28686499936164,4.27685609696989,4.31689408780773,4.39556452165714,4.60790517425783,4.71551820595036
"2008-07-31",4.40839082086262,4.39464828768473,4.37595614333815,4.34487750680293,4.30383528513132,4.2877812425457,4.32207898330737,4.39433581936175,4.60335505912749,4.71520976600792
"2008-08-03",4.41187824760702,4.39579282490322,4.37391232442152,4.33751109396442,4.28925579082437,4.26778365166821,4.30453372088481,4.38259437935504,4.6055094585182,4.722640006345
"2008-08-04",4.40914891826995,4.39211224511749,4.36887483809428,4.32999991416835,4.27767031276471,4.24934500548741,4.28453023666482,4.36266878404703,4.59164403767826,4.71368464264247
"2008-08-05",4.50266328892338,4.4746873868463,4.43700617807149,4.37538986197061,4.29630063596737,4.26110402595858,4.30941907876287,4.40346812148531,4.63071056206865,4.7333322576317
"2008-08-06",4.40759462251932,4.37021250043421,4.31984130894637,4.23742445323716,4.13158353986233,4.0856679679835,4.15242699856887,4.28253336845365,4.59966413190069,4.74407263918208
"2008-08-07",4.41550037345923,4.37803458240258,4.32754457970884,4.24492301739295,4.13884744159535,4.09377638875561,4.16206737485757,4.29506982752675,4.62050762971152,4.7692965729064
"2008-08-10",4.41197444194654,4.37786381531421,4.3318294511671,4.25629906992114,4.15876020166506,4.11576535529063,4.17855966979403,4.30275274434726,4.61250353578062,4.75622551651397
"2008-08-11",4.45441275738861,4.41061315666365,4.35163339230283,4.2551723849558,4.13087603705243,4.06784903999127,4.13371307600635,4.26371037718518,4.57266235440646,4.70948333744238
"2008-08-12",4.53249270042454,4.47385650684155,4.39535056381751,4.26825916941101,4.10775769643106,4.03008100232048,4.10834475748897,4.25495654871838,4.57740884313427,4.71232936932572
"2008-08-13",4.45785170384642,4.4087951092153,4.34279541926019,4.23502414989427,4.09658193713071,4.02680284543466,4.09910394373278,4.24066020271513,4.57283449510115,4.71850652124857
"2008-08-14",4.46495857312192,4.41544837120865,4.34843696336402,4.23769985919627,4.09104696197222,3.99496494775869,4.05500882463606,4.1865525479645,4.5157970137766,4.66505325475905
"2008-08-17",4.46269351103055,4.409361614182,4.33733019417824,4.21877829477779,4.06326600111798,3.96739191566601,4.0345128864829,4.17624365789802,4.52175049178672,4.67587819039324
"2008-08-18",4.48507291731778,4.42929483815481,4.35410188566218,4.23080031036606,4.07049895981911,3.97797758824137,4.0512448017094,4.20095257798042,4.55802633136787,4.71534767840816
"2008-08-19",4.55387038467857,4.48818169577786,4.39986767011096,4.25566977415371,4.06925026087069,3.95501043776122,4.02626361266326,4.17187697417245,4.50415959322266,4.64498368393044
"2008-08-20",4.44093873922861,4.40093577077821,4.34659742418106,4.25623506908833,4.13512674080115,4.05449381185069,4.10805003285725,4.22899747981015,4.54921762893736,4.70139594455306
"2008-08-21",4.43794579560376,4.40540820159459,4.3611236190095,4.28722385644251,4.18750847793921,4.12024680107096,4.16587004229471,4.27084104260479,4.55774573524801,4.69790179609044
"2008-08-24",4.4427816163947,4.39130343231728,4.32188877227246,4.20799951028851,4.059704138297,3.97271202254135,4.03924379245122,4.17604320706826,4.50308335179277,4.64726623542235
"2008-08-25",4.46648921417009,4.41110842892716,4.33623999489336,4.21277863621767,4.04994508707754,3.94420130532802,4.00967189417743,4.15149289633542,4.50035066020836,4.65636690611386
"2008-08-26",4.49812713756608,4.44697902043629,4.37793229343048,4.2643811932862,4.11555337933184,4.02235483968714,4.08387227790131,4.21402471514596,4.5283900288144,4.66738413986769
"2008-08-27",4.39651597446294,4.36758572257428,4.32798521345577,4.26117471442235,4.16867123078593,4.09569683511416,4.13119055331719,4.22332416352485,4.49669774278475,4.63786438733791
"2008-08-28",4.39802532136786,4.36748965457789,4.3259122850463,4.2564632076739,4.16246387552772,4.0967406261617,4.13721969202724,4.23207556313846,4.49204731567466,4.61880657219937
"2008-08-31",4.43246890059014,4.38627766214906,4.32380939237308,4.22072944502796,4.08460680906446,3.99601614451472,4.05112013893371,4.17087649498918,4.46706139226023,4.60008814861282
"2008-09-01",4.43628944401942,4.39728864370635,4.34417649950405,4.25538438798024,4.13463552736917,4.04322952570984,4.0863033901183,4.19219152578944,4.48063779915101,4.61884548324769
"2008-09-02",4.51656834068551,4.46792309228945,4.40179328894763,4.29155576321614,4.14228988738297,4.02726718173797,4.07459291109563,4.19181837223958,4.50167516116708,4.64567684301917
"2008-09-03",4.45869097837754,4.41111031314715,4.34599959908452,4.23611148283022,4.0831554167829,3.9492808710305,3.98952615525986,4.10687402678879,4.45040576581551,4.62106274452041
"2008-09-04",4.48224542446362,4.42774149356552,4.35331293347139,4.22817844879629,4.05539409120821,3.90834427488316,3.95474397592041,4.08456716690392,4.45182382602327,4.62963795514824
"2008-09-07",4.46335445311657,4.41232703691902,4.34264719840334,4.22551192845181,4.0638964113049,3.92789642220995,3.97328385429797,4.09827013856121,4.45186329059577,4.62358724355398
"2008-09-08",4.47301067170958,4.41863463248163,4.34441175786555,4.2197302492473,4.04796584813221,3.90420048429395,3.95259150697609,4.0848739777702,4.45672615987486,4.6364570503343
"2008-09-09",4.45653144142373,4.40481592904252,4.33436801886039,4.21651064647915,4.0558498906345,3.93093915832979,3.98455852455772,4.11937966159858,4.48755396360171,4.6635264101212
"2008-09-10",4.47639603129581,4.40908524695894,4.31860020616565,4.17098588450397,3.98118458289531,3.87698850442924,3.9638187723578,4.13550398562894,4.53045838626766,4.70019334315029
"2008-09-11",4.46126412283426,4.40373830027462,4.32651455958884,4.20096347220057,4.04145979767467,3.96937999062326,4.05842422289958,4.22727112908729,4.61487255490353,4.78279964564721
"2008-09-14",4.49812417521931,4.40340875832427,4.27768422002236,4.07743723814062,3.83391895883358,3.74592891636776,3.87539080644879,4.09553930786305,4.53887056844009,4.71521199200826
"2008-09-15",4.42661624842944,4.33826788184738,4.22130392994721,4.03601694515868,3.81404128852768,3.75055349746711,3.88074248415839,4.09514019616958,4.51910138800249,4.68651014654103
"2008-09-16",4.48821991557707,4.37397522935616,4.22332733659296,3.98634398791266,3.70623118713563,3.62735006091401,3.78104478549623,4.02635670853142,4.49083849397048,4.66957684558668
"2008-09-17",4.1695072856976,4.11612930050566,4.04480616503642,3.93011163611515,3.78976357794104,3.76721810124701,3.88693789191122,4.09791135464524,4.57956798062854,4.79149247388094
"2008-09-18",4.16793737257774,4.15593666770715,4.14001955259518,4.11504781718906,4.08822436593225,4.12618331103361,4.20127025331117,4.33496808931873,4.70675901264396,4.91186118358005
"2008-09-21",4.19729763012521,4.17920827579926,4.15514846827468,4.11706027511623,4.0740961393865,4.1080876891288,4.19438920691192,4.34576710685752,4.73914512501551,4.93948692042149
"2008-09-22",4.18258811073554,4.15381232662994,4.11577090400337,4.05614122990576,3.98973835012014,4.03082185333012,4.14014379972408,4.32031636857517,4.73462646413819,4.92277262329731
"2008-09-23",4.22494013176873,4.17301352187672,4.10463033798834,3.99782744766044,3.87709830621896,3.90231461825761,4.03281446961083,4.23698244766792,4.65175094201085,4.82138223831915
"2008-09-24",4.02819525533568,4.00613705554924,3.97780087332148,3.93622493175669,3.90052831193209,3.99613383083624,4.11921495531154,4.30169765637353,4.68373149973416,4.84774618049656
"2008-09-25",3.94204059476339,3.90786410179175,3.86403336486407,3.79969497687988,3.74257790787161,3.85894698899411,4.01096020971198,4.22685670688304,4.64467112755109,4.81335511516445
"2008-09-28",3.84729490205095,3.76885377282342,3.67070604414105,3.53295201195196,3.42231992704272,3.62510578329349,3.84075277133009,4.10013236507291,4.50308392599679,4.64684662967765
"2008-09-29",3.41560721736207,3.41969784479389,3.42756301287894,3.4486841876791,3.50710557366262,3.73822212233759,3.89409829138279,4.09658068037134,4.49667726257989,4.66946945569664
"2008-09-30",3.48093450759146,3.47167930838377,3.46199556687725,3.45561858085808,3.48148061589224,3.69639122939927,3.85829732607215,4.06482537439734,4.43901465981423,4.58699464437781
"2008-10-01",3.93336667224969,3.75989775675972,3.55727378248071,3.30974456107557,3.18782411633719,3.59454796780797,3.84516084509149,4.07869965322611,4.37223887325291,4.47077314905982
"2008-10-02",3.43023568934263,3.37951229761972,3.32045050345476,3.25173880839258,3.2443202910541,3.56047554092228,3.77251839395729,3.99802042810145,4.3158299582126,4.42565174224251
"2008-10-05",2.73117465929694,2.75864859746882,2.79913935440792,2.8775819672941,3.02470881899626,3.39559974924147,3.59170726346754,3.82226975700005,4.20021416498436,4.23283813060702
"2008-10-06",2.77621370498138,2.80340826311998,2.84345308487517,2.92090989844579,3.0657099760684,3.42716680790831,3.61532227788858,3.83210871377585,4.15561794623791,4.1316256195686
"2008-10-07",2.63690926054367,2.66891829531567,2.71602965185524,2.80707310998165,2.97695122344904,3.3986019040537,3.61607219740289,3.86357109338673,4.21042216093003,4.14443258102793
"2008-10-08",2.57160252040862,2.61057226973189,2.6677455101128,2.77760121479182,2.98024648798059,3.46839709870654,3.71028246129909,3.9747865169335,4.30894902976978,4.23470163197308
"2008-10-09",2.42129944407996,2.46773892986065,2.53584600654413,2.66662622477589,2.90757786228966,3.48650844130447,3.77276057438297,4.08588135551698,4.49191221103161,4.4329090086766
"2008-10-12",2.60630778777353,2.54277053299767,2.51391919338391,2.60229526393253,2.97950266343989,3.80868491484005,4.05425774433347,4.24564750478576,4.47016508124427,4.54501503537592
"2008-10-13",3.01065772304449,2.8663618133019,2.75044431256303,2.74261152120888,3.06105720563074,3.87218986234988,4.11196476936125,4.29779597322538,4.51548508815679,4.5880544635634
"2008-10-14",2.48111964384063,2.53556125874849,2.61500544022606,2.76620202301928,3.03994786568821,3.66995248581893,3.96539547417342,4.27497079884313,4.66645296733168,4.6779069703242
"2008-10-15",2.35354389918026,2.40284149069838,2.47529050418432,2.61492759992951,2.87411308331964,3.50895446727045,3.83096852537348,4.19209987830949,4.68906749277686,4.62070551351135
"2008-10-16",2.457686705199,2.50337202497953,2.57051516173245,2.69993538799398,2.94019145688894,3.52886861514209,3.82758009563118,4.16265792356074,4.6234044601215,4.55805510958077
"2008-10-19",2.49516821606361,2.53681768875538,2.59814457695261,2.71675473193543,2.93844271554348,3.49149076457054,3.77909338412491,4.11002681213207,4.60070007708501,4.55862251302549
"2008-10-20",2.47586266770573,2.51663108756633,2.57666368544878,2.69278137109826,2.9098531068242,3.45170192919554,3.7337466265033,4.05868878478706,4.54344914692561,4.50723109815423
"2008-10-21",2.48828684507382,2.52453729400098,2.57795116283538,2.68138831004289,2.87523270921211,3.36268240097402,3.6194141377822,3.91974973636337,4.40125745796974,4.42520056860151
"2008-10-22",2.43726826699818,2.47514959692109,2.53091712556285,2.63873605750344,2.84010135152212,3.34130053746253,3.60097532219428,3.89830806097822,4.32838983050537,4.27209748954439
"2008-10-23",2.31172526731955,2.35151117557785,2.41010039788592,2.52343837281861,2.73536130868721,3.26471468502333,3.54055453036117,3.85880224724292,4.33691020592928,4.30716124683488
"2008-10-26",2.18855955307571,2.23089227949568,2.29323505467729,2.41384507193885,2.63940860199404,3.20315712457821,3.49719051289532,3.83683904172767,4.35010527173063,4.32351742385763
"2008-10-27",2.17939049049928,2.22151456911517,2.28355132404817,2.40357377426803,2.62805598160066,3.18923333351133,3.48203572851032,3.82042892886905,4.33301849400118,4.30862330458642
"2008-10-28",2.15544103605848,2.19875685923181,2.26255464532739,2.3860053229152,2.61698253099136,3.19501870301122,3.49713847595762,3.84708849378164,4.3829570143425,4.36763640039888
"2008-10-29",2.12685488561938,2.17025176217599,2.23416083316674,2.3577979722158,2.58901071607189,3.16678780629622,3.46806227894721,3.81596050849381,4.3408531675585,4.31217745402103
"2008-10-30",2.24375970352788,2.28651987872228,2.34951886504764,2.47149371906922,2.69998389379517,3.2738493298475,3.5755069617248,3.92751726925813,4.48549713499992,4.50261988926014
"2008-11-02",2.22893649157217,2.27043320739771,2.33157322135738,2.44995774203074,2.67175720011907,3.22907950466784,3.52225863324254,3.86470205313735,4.40988668843984,4.43061062285006
"2008-11-03",2.27231379064143,2.31175847810503,2.36988199659624,2.48245033344613,2.6934494048559,3.22435498392736,3.50423897900734,3.83205606967312,4.36049389701891,4.39155495637731
"2008-11-04",2.42986906576745,2.41053316342935,2.39499408329343,2.40296534530858,2.5204635440619,3.10078752807261,3.43796768982116,3.79857263576009,4.32244620295798,4.50623799711605
"2008-11-05",2.33222993518229,2.31562125696158,2.30331356765379,2.31545516135097,2.43635869281029,3.02275001793284,3.36808470776415,3.74265925241213,4.29621322730401,4.49185700895966
"2008-11-06",2.3332134332954,2.30795494452322,2.28543654193744,2.28477458806112,2.39794230422193,2.99090071224405,3.33320640859836,3.69469479447158,4.21157667245757,4.39171950208308
"2008-11-09",2.25700314148282,2.23936197532839,2.22682023311501,2.24181633906504,2.37438990521559,2.98591655456288,3.33137512898065,3.69541671907276,4.21669234084118,4.39858564279913
"2008-11-10",2.18812704204712,2.16813410788554,2.15308603638861,2.16605088718519,2.30245834076005,2.94545117846945,3.31051441799347,3.69572171590537,4.24772449128293,4.44037344212286
"2008-11-11",2.28255372403535,2.23593377312887,2.1884597880995,2.15777695751434,2.25976457849215,2.92249953351901,3.3027785598058,3.69431435669327,4.23713573636656,4.42411563618629
"2008-11-12",2.19997724110803,2.17343617440522,2.15004588707148,2.15076756723527,2.2752297690053,2.924019737028,3.30044000467734,3.69985319976444,4.27405221148508,4.4745954340052
"2008-11-13",2.26829041732341,2.22695723440638,2.18441020097569,2.15584894020333,2.24697190049346,2.87946225539137,3.26244541442908,3.67163835433193,4.26057665464304,4.46613398955479
"2008-11-16",2.31242632105291,2.26190208970073,2.2074947904787,2.16087017875333,2.23125090263175,2.84964281029062,3.2325236961478,3.6420357587715,4.22995919484913,4.43484438452424
"2008-11-17",2.50183279393938,2.39764713542592,2.27906618446871,2.14933923483933,2.16235932200396,2.83487419239885,3.24591186974756,3.66293313357181,4.22708488725546,4.41969556003595
"2008-11-18",2.48721701491057,2.38294207348852,2.26358581283667,2.13057779583444,2.13324763346781,2.77282216121632,3.16845759960748,3.57074634336764,4.11552513327203,4.30155305651657
"2008-11-19",2.31781087802877,2.2119806472752,2.09213332583598,1.96259979442552,1.97947229053518,2.64842754055661,3.04696782148291,3.4453176176739,3.9774897582428,4.1585789554548
"2008-11-20",2.25848285614243,2.18696590157638,2.10721275140819,2.02673202183418,2.06880329957752,2.67577039480797,3.04559622846333,3.42793393179454,3.95604215621134,4.13753944278987
"2008-11-23",2.23569007790254,2.1774195233439,2.11505324136753,2.06170671494857,2.1354661141876,2.75386722230368,3.11131158586763,3.47515569852532,3.97244259650882,4.14288913881458
"2008-11-24",2.24677430001648,2.19626767518667,2.14253771714772,2.09801416000601,2.16866614404696,2.73489720091058,3.06335634704845,3.39944576378661,3.86129786118187,4.01987375773357
"2008-11-25",2.29575144167415,2.22457974707986,2.14600683070935,2.06860568220099,2.11278720690325,2.6764939718311,3.00157904226963,3.32612936303883,3.76068950995363,3.908707788283
"2008-11-26",2.17326648565368,2.13805117815761,2.10291213891016,2.08317490287784,2.17173937636285,2.71177285655437,3.01866302881209,3.33393826189396,3.77052882253689,3.92088251270632
"2008-11-27",2.16403587143902,2.12406674422228,2.08370241926408,2.05854918077917,2.14701943045604,2.69732337245354,3.00359993415791,3.31280544151663,3.73369038436463,3.87784286694362
"2008-11-30",2.18887222705813,2.14429682977971,2.09526494153903,2.04905419681797,2.09309757511732,2.56839276509449,2.86638734674328,3.18467881140066,3.6399234160408,3.79829118421001
"2008-12-01",2.14261028297957,2.10386613959689,2.06199146620116,2.02528873762888,2.0746595669139,2.52147645055826,2.79489928969604,3.08417098506111,3.49457609971694,3.63697082432287
"2008-12-02",2.18024698196245,2.12267860867567,2.06098926766952,2.00629526510422,2.06274368347536,2.55064212190882,2.81274768141452,3.06590252625816,3.39642413702962,3.50832454987863
"2008-12-03",1.91001288310468,1.94094720113508,1.98650412379572,2.07464125297524,2.23948013711106,2.65150358970135,2.86643833078156,3.11477220892729,3.49044966315577,3.47170172319849
"2008-12-04",2.17167090437782,2.12016504719109,2.06428235061308,2.01304079916736,2.06161433981679,2.53038547075087,2.79765748971169,3.06518489046033,3.4248327123702,3.54749428963027
"2008-12-07",2.15968107849803,2.12350100646568,2.08973980641803,2.07863465642696,2.18837940157092,2.72298151068717,2.98925537276524,3.2425482272443,3.57105254825744,3.68216320292951
"2008-12-08",2.02563530074602,2.05816769046431,2.10608902842222,2.19883952019362,2.37245975117257,2.80757997013,3.03552431786857,3.30034434541104,3.71161480607904,3.7099049981272
"2008-12-09",2.18588223309777,2.14328864441039,2.10054969294719,2.07433576575391,2.16620133709604,2.71304370697738,3.00503208817994,3.29198968035953,3.6734132898643,3.80317818259125
"2008-12-10",2.12617347132487,2.09851886014524,2.07230422001075,2.06361683405722,2.15746192542019,2.67619939839862,2.97049510051213,3.27518420947442,3.70123309602184,3.84848134647171
"2008-12-11",1.94592509070859,1.98190551579503,2.03492927730839,2.13763866017736,2.33022778360007,2.81533249528636,3.07150489631493,3.37219941776897,3.86160981327267,3.89815671679114
"2008-12-14",2.10538702076639,2.07899885195206,2.05376484084422,2.04492543134555,2.13585388023715,2.66221010698555,2.97374607143222,3.30596980434585,3.78494153398106,3.95233524030854
"2008-12-15",2.10633142264841,2.07592951691083,2.04530645659495,2.02753793120155,2.10565064661523,2.6106927852488,2.9132746951085,3.23574550084844,3.69921214954344,3.86092502303677
"2008-12-16",2.16498562296128,2.08469816210032,1.99292942799783,1.89154894168636,1.89952534380759,2.42980297883686,2.76148402085259,3.10278410588444,3.57027075905748,3.73044030062912
"2008-12-17",1.64059880930863,1.67578690437561,1.72765219100251,1.82815024828474,2.0167211100557,2.49266188215061,2.7447908906849,3.04192955157256,3.53413065696691,3.58496753559136
"2008-12-18",1.75085148654303,1.73395358261688,1.72215916482335,1.73728220327775,1.86495749257907,2.43750601677546,2.75285844320636,3.07945330044359,3.53874554386469,3.69794261561921
"2008-12-21",1.84744702081265,1.80017147632915,1.75035548543797,1.71110204132032,1.78627637638457,2.35422524451117,2.68412134637703,3.02326142272675,3.49173829014171,3.65286972314835
"2008-12-22",1.5491409931355,1.58518680958786,1.63833925509241,1.74141313451573,1.93513748073475,2.42647656816794,2.68874642650134,3.00079349658153,3.53891732160152,3.62873581371826
"2008-12-23",1.50503595688559,1.54208857223221,1.59672316420121,1.70266247735718,1.90173800555004,2.4063934154707,2.67556020187693,2.99550080626164,3.5450158826236,3.63329449126949
"2008-12-24",1.48164196200654,1.51821907966367,1.57215872552425,1.67677253096649,1.8734435105449,2.37264653559274,2.63943636749767,2.9573381573317,3.50894910850568,3.60627198007889
"2008-12-25",1.63959659042625,1.63195977400703,1.62934186943271,1.65018714389056,1.76203574934462,2.27031665767088,2.57729732854738,2.92137320864793,3.45262454822106,3.64444361863158
"2008-12-28",1.72098716843654,1.69734613452178,1.67489188385945,1.66813725735335,1.75639866748265,2.27668792327184,2.59561676608766,2.94521269122758,3.46513687143736,3.64918846084597
"2008-12-29",1.79052682493955,1.76255947803776,1.7348572885131,1.721142030357,1.80442113925344,2.33055599763029,2.65294806083096,3.00371428706062,3.51994295290026,3.70180669624752
"2008-12-30",1.79159654159208,1.76879446587331,1.74740339411832,1.74218564935881,1.83183906488428,2.35063077837384,2.66755750764109,3.01465412865405,3.53059101132113,3.71320709285749
"2008-12-31",1.76097421929226,1.74209197197861,1.72563331894784,1.72749848529048,1.82379614955464,2.34035936903894,2.65305253582645,2.99587113603443,3.50725500999268,3.68862337996941
"2009-01-01",1.73978523185963,1.72078247247982,1.70420444512717,1.70601161660085,1.80267940826751,2.32161664293872,2.63579522633445,2.98025635102199,3.49410305111197,3.67634604245197
"2009-01-04",1.74675429349601,1.7194373265181,1.69342045111664,1.68488466313319,1.78181334761766,2.34261457697582,2.67679906543065,3.03520470881012,3.55521484151451,3.73741027431396
"2009-01-05",1.72412718731795,1.68309586908245,1.64387743772033,1.62874893847734,1.75610852572511,2.45121828292455,2.83303213576077,3.21898413175978,3.74609619818354,3.92687078612689
"2009-01-06",1.72712765262644,1.66884351944798,1.60932959396638,1.56931736887988,1.68582813703359,2.43583877326252,2.8516450022416,3.2691348078229,3.83424647903557,4.02746159055117
"2009-01-07",1.69082409366697,1.61871347054389,1.54262243244452,1.48098578835918,1.58201766657176,2.34515252916465,2.76956280854602,3.19221227239722,3.7590278088767,3.95226820164207
"2009-01-08",1.56659212849524,1.50462879666629,1.44055370708722,1.39421371382126,1.50554487780013,2.26157266690824,2.68381265655669,3.10844241954648,3.68367110074531,3.88037264742506
"2009-01-11",1.50736036224731,1.46015211229834,1.41281860000161,1.38545007344213,1.50223376625492,2.22817332828137,2.6451216371596,3.07629839396605,3.67715030329631,3.88449690770929
"2009-01-12",1.41136747142705,1.39196207037107,1.37769502740746,1.39243212313263,1.53561619256743,2.22795604303163,2.63539836746111,3.07725530056868,3.73016529465887,3.96091795826221
"2009-01-13",1.49529126755832,1.45558366686857,1.41512859130451,1.390199142335,1.48951994725188,2.16656062992652,2.58644377487327,3.04464183366622,3.72014591152625,3.95822050712104
"2009-01-14",1.39251953718454,1.38364718140859,1.38086762365494,1.40655518061053,1.54296096195752,2.17058415545314,2.55611312764093,2.99420984692227,3.68266194935631,3.93351322063669
"2009-01-15",1.37574515080923,1.35799397521166,1.34486368305418,1.35837616998572,1.49226002925897,2.16165597743293,2.56945936729236,3.02334352525386,3.71485246540782,3.96265406439485
"2009-01-18",1.3802266629933,1.36507695753364,1.35648882810873,1.38041405691814,1.53551462513644,2.23846642155653,2.64575074693471,3.08556201689509,3.73376848316407,3.96270851068736
"2009-01-19",1.34661049467466,1.32715526707244,1.31428920176459,1.33561527135055,1.49907271821318,2.24269402195584,2.66409534417492,3.11021498399272,3.75263544912592,3.97732287652475
"2009-01-20",1.33004196798969,1.29667727288858,1.26691168605909,1.26579177753807,1.4134898888617,2.18253456026516,2.62295812617332,3.08534214692108,3.74239515429368,3.97085737317262
"2009-01-21",1.2393876542509,1.22250155034519,1.21491208431404,1.25032938571881,1.44784375601927,2.27450165751148,2.7249057825891,3.19172917764058,3.85028342399173,4.07889934445889
"2009-01-22",1.21786667734736,1.1963431402762,1.18421027601846,1.21736077192898,1.42720403288722,2.32342356905294,2.81120989329314,3.31482578717484,4.02183319060508,4.26679925205629
"2009-01-25",1.0758077693901,1.1350285187227,1.22225267231938,1.3910409027859,1.70690152701898,2.49832954389875,2.91333270332316,3.39701303112879,4.16947409619321,4.2179596079323
"2009-01-26",1.08173909177263,1.14017745688249,1.22620644177257,1.39253151643669,1.70321010964985,2.47768579003904,2.88080279082244,3.34666591700586,4.06778386255503,4.08373874565846
"2009-01-27",1.06818842598006,1.12621395325449,1.21161492670687,1.37665475046056,1.6846624482282,2.45061750511434,2.84789921660197,3.30517666710545,4.0025326851511,4.00452688397898
"2009-01-28",1.3402849689404,1.28353233769846,1.23887854867941,1.25628760122875,1.51823661043,2.50174159692999,2.93113637284152,3.31487625927091,3.79215807948386,3.9522887762786
"2009-01-29",1.36125853089653,1.29312924257948,1.2343536312831,1.23234658155208,1.47993360321812,2.49204488376461,2.9465234679605,3.356684572483,3.86963131063628,4.04187606448332
"2009-02-01",1.34381778112435,1.28109737375089,1.22642117087934,1.22337351952942,1.45553198336987,2.4479978234479,2.91184474150366,3.33954519441511,3.88216963085859,4.06486318374888
"2009-02-02",1.33313170877692,1.26016563190398,1.19628478906231,1.18989555586434,1.44205596905653,2.48937698595444,2.96114038694675,3.38715780208851,3.92005707783091,4.09900639823897
"2009-02-03",1.35902281208133,1.27600903104795,1.20086303492019,1.18178919320349,1.42919850268741,2.49029218650309,2.96605300899415,3.39338432514452,3.9258853196262,4.10457851686712
"2009-02-04",1.27783874727096,1.19721423406134,1.12456439937352,1.10811980618846,1.35796204915155,2.43409476316511,2.92221378488907,3.36358775837565,3.91597631547577,4.10148072420859
"2009-02-05",1.16757935299158,1.11021051489416,1.0649436355242,1.08345415576262,1.35954092339109,2.43672748369477,2.92571705176081,3.37192438163307,3.9344990948844,4.1236995902157
"2009-02-08",1.16992614280501,1.09940218312254,1.04338825125179,1.0613296711085,1.3683044472704,2.49745668484886,2.97762245823974,3.40081165812279,3.92271945985474,4.09758788442037
"2009-02-09",0.879074293592705,0.945449651752263,1.04298138971665,1.23091120693999,1.57955425960504,2.43254099726565,2.86475876918607,3.34941396928818,4.02204215145927,3.94810660397295
"2009-02-10",0.804198494749996,0.868491820622613,0.963014423300397,1.14532205760826,1.48420304885065,2.31788987837811,2.74378882681406,3.22595367492638,3.92140195607078,3.88172343024281
"2009-02-11",0.728748798710532,0.791769636090303,0.88443274369369,1.06319373487457,1.39563481614019,2.21455752383409,2.63375886341348,3.10951821975532,3.803126103896,3.77476732171584
"2009-02-12",0.737645639502032,0.80122654555529,0.894693448217688,1.07493609371334,1.40987147476225,2.23315965794475,2.65327119809336,3.12834127780694,3.81144735161852,3.77132416038123
"2009-02-15",1.16453298186416,1.08451799447003,1.00809755512598,0.973594933948726,1.17415213035268,2.16024620586073,2.63303584506407,3.07121206659008,3.62828579113311,3.81589333251867
"2009-02-16",0.700824624724111,0.760295089346745,0.847792847931776,1.01678169293895,1.33177966540532,2.11272707196689,2.51622578412904,2.97905348588702,3.68102755008264,3.68754240644067
"2009-02-17",0.750044383543251,0.809205971560787,0.896264801301137,1.06446006265522,1.37818241550319,2.15733037416219,2.56088377319577,3.0249938276683,3.73492452437284,3.74763809277633
"2009-02-18",0.740774120603136,0.804490118867093,0.898179470329427,1.07893467806615,1.41513943407124,2.24371547872391,2.66815032097357,3.15024313696944,3.85542017442351,3.82987746854923
"2009-02-19",0.751128498191391,0.81168958912612,0.900795689819843,1.07290373323543,1.39376403354417,2.18955750614072,2.60094151305522,3.07305899734882,3.79007105676938,3.79715937401552
"2009-02-22",0.76658379777485,0.826824410564464,0.915470991504244,1.08673345855053,1.40617572924595,2.19952117497857,2.61042121678711,3.08297019643246,3.80573835004041,3.81856576868338
"2009-02-23",0.72398041579044,0.784823054982828,0.874342720575176,1.04724727617036,1.36958478538129,2.16900668569377,2.58225889544847,3.05654618537991,3.77742020769876,3.78602927411791
"2009-02-24",0.700581199903707,0.761476973894542,0.851075981414275,1.02413792298758,1.34678500987899,2.14709422114557,2.56090384669472,3.03597740551761,3.7590728298561,3.76937989530534
"2009-02-25",0.670498391894509,0.738414453386808,0.838221527959345,1.03057675663827,1.38759393795043,2.26234197239563,2.70670332846164,3.20674691187228,3.91417245234781,3.86093188744944
"2009-02-26",0.649451875853454,0.717367519128108,0.817175824218757,1.00953998612733,1.3665993391716,2.24163888592873,2.68630364313879,3.18691923605097,3.89675283032087,3.84600621905363
"2009-03-01",0.632653134256075,0.6966229782694,0.790716868432696,0.972362609527476,1.31064442596663,2.14728052038488,2.57811360883632,3.07057321543626,3.80972465521084,3.81007476677181
"2009-03-02",0.583583680512043,0.649727640668699,0.747001165298416,0.934721307361572,1.28407593400186,2.14649847540342,2.58945939490386,3.09436007621677,3.84521187840747,3.8384037426418
"2009-03-03",0.576606228544299,0.645209543830509,0.74609832417485,0.940789913714377,1.3030992642959,2.19738424013008,2.65663839183262,3.18004632244872,3.9584113500257,3.95196108137987
"2009-03-04",0.563251702558517,0.629049797957728,0.725833595491898,0.912675030458227,1.26064680978203,2.12139796956122,2.56481973368612,3.07200059165965,3.83638122967645,3.8430150454128
"2009-03-05",0.572847009274361,0.635630700446701,0.728015766768662,0.906488634381678,1.2393404466331,2.06584823541966,2.49395820573317,2.98660576146144,3.74494160820808,3.77012873668068
"2009-03-08",0.611330833770887,0.675442306780017,0.769739453541913,0.951759900368972,1.29067309674266,2.1284266565524,2.55951462184672,3.0518681733291,3.78889475394065,3.78719578874429
"2009-03-09",0.616332543408564,0.682767714386141,0.78043610105093,0.968801182536468,1.31891191916404,2.18015611317606,2.62022705468515,3.11883146244785,3.84336801608953,3.81472743114897
"2009-03-10",0.669686684992741,0.736208128025434,0.834010608858235,1.02265955676331,1.37339217826559,2.23678406824615,2.67838678780868,3.17924322607825,3.90933019623958,3.88237224752344
"2009-03-11",0.606978857996567,0.673103104916247,0.770352892297627,0.958045545575033,1.30741782005338,2.17034270129182,2.61389200842545,3.11987141948947,3.87432517871201,3.86954130766441
"2009-03-12",0.596760397440324,0.663300234380315,0.761207548850035,0.950331525865667,1.30298351865646,2.17822235904119,2.63125361843217,3.15217102926221,3.95185709064151,3.97592680330261
"2009-03-15",0.589751978190873,0.659304399803121,0.761609461626097,0.959105969701577,1.32690704023478,2.23660059270724,2.70514648932507,3.2409324964751,4.04750953846104,4.05303053099104
"2009-03-16",0.542396049223741,0.616174270013264,0.724636368170457,0.933813830588806,1.32259667786537,2.27900058069053,2.76783235147742,3.32207664100811,4.13213913310998,4.11056260855348
"2009-03-17",0.546769917383772,0.621247743735593,0.730710150915497,0.941718122600732,1.33352988317179,2.29484418711003,2.78429513165702,3.3367849999075,4.13076061631571,4.09240392624316
"2009-03-18",0.554250283195898,0.623479796704468,0.725296696330804,0.921804845856787,1.287592836642,2.19116186223041,2.65573390791191,3.18597468031847,3.97942541529934,3.98023639379327
"2009-03-19",0.530096378901386,0.597897486386359,0.69763682348529,0.890216538731484,1.24899981653615,2.13736513063287,2.59568243574041,3.12081121541808,3.91773456383965,3.93232842133574
"2009-03-22",0.527312600198894,0.596420836017108,0.698054440045484,0.89419167645306,1.25922514512533,2.16050897235827,2.62360923629687,3.15181633164077,3.94064633140645,3.94014912432642
"2009-03-23",0.537353004165047,0.610357906208636,0.717682287891699,0.92466254406023,1.30934977674807,2.25559149470826,2.73915756418815,3.28732548874745,4.08777370571704,4.06525692591861
"2009-03-24",0.539708693363909,0.613656660302406,0.72234552836023,0.931880665518254,1.32102722072531,2.27628369426269,2.76301677568609,3.3129306052622,4.10608651952325,4.07178941604567
"2009-03-25",0.515138284813993,0.591313273647117,0.703150210854234,0.918322972782565,1.31635811348988,2.28358809600477,2.77004333152699,3.3130701690372,4.0790245516696,4.05517259251462
"2009-03-26",0.502070402217792,0.574981802530239,0.682129121524388,0.888629637858035,1.27190473987344,2.21117950746155,2.6886373655888,3.22666623438048,3.99570240463668,3.95480631173518
"2009-03-29",0.506277564513666,0.577295436217969,0.681692825722641,0.883007821851691,1.25708930615924,2.17673725889213,2.64635165030119,3.17826343963059,3.95288451998381,3.92902954154193
"2009-03-30",0.51350910408504,0.582768466353259,0.684600088086072,0.881034671518705,1.24630091704776,2.14598139930575,2.60664497680167,3.12999393461124,3.90029713386391,3.88602329921331
"2009-03-31",0.495278511860403,0.564384244983151,0.666013281556792,0.862138744134838,1.22714017467596,2.12829582322575,2.59131506913905,3.11945014990888,3.90875422253364,3.90982333898099
"2009-04-01",0.570246261507011,0.647267916757545,0.760166237206079,0.976758096892616,1.37515443031098,2.32951422000416,2.80087465622001,3.31864625803847,4.031497391185,4.02999525960515
"2009-04-02",0.552891718715104,0.636540714575721,0.758858287592902,0.992511332122684,1.41863995640553,2.41752892332101,2.89720231668282,3.41065044141547,4.08399989178557,4.09227044278111
"2009-04-05",0.672305396213204,0.744596833532783,0.85081464500836,1.05546036782999,1.43506144356318,2.36391233237655,2.83517678921341,3.3653639125724,4.12188106518441,4.08590971993234
"2009-04-06",0.603242373572313,0.677546144978773,0.786701652776085,0.996941580349223,1.38667699833554,2.33879135850703,2.82083574579548,3.36203942343596,4.13064556794261,4.09365722367478
"2009-04-07",0.574780506591171,0.651307379668586,0.763637002979225,0.979674356406522,1.37899684704117,2.3472922009602,2.8328002766966,3.37293487279372,4.12576181391791,4.09239535623267
"2009-04-08",0.583040116613311,0.656395338895617,0.764207485820254,0.972032871816375,1.35792779181759,2.3046415861815,2.78655997291571,3.33035040533899,4.10995255341502,4.06849203671465
"2009-04-09",0.588236594457254,0.661019201107447,0.767998410777092,0.974248416874893,1.3573322673269,2.29792076327705,2.77728967370993,3.31893256810168,4.09934819724735,4.06265522449548
"2009-04-12",0.59424977464581,0.667222024585842,0.774472444003707,0.981219053141911,1.36512664434194,2.30708084114618,2.78667192469966,3.32797780497156,4.10499673735102,4.06528966071586
"2009-04-13",0.593281006299187,0.665666772707921,0.772072714608646,0.977252595988522,1.35848172116551,2.29542191419408,2.77360722588232,3.31479437540166,4.0994355934509,4.06887441248276
"2009-04-14",0.586127433814066,0.65673662398021,0.760577144879719,0.960971583261057,1.33391967865403,2.25465639372795,2.72765313735471,3.2669580679499,4.07059398628593,4.0665865812612
"2009-04-15",0.612487162916083,0.683265863480891,0.787342708731757,0.988147704861074,1.36168671297368,2.28268566867092,2.75490933877586,3.29212192673412,4.08559872598554,4.07215083856201
"2009-04-16",0.681091588867426,0.753520056277758,0.85996392957886,1.06512971072736,1.44600029134165,2.37975633151065,2.85455806544536,3.38954686559444,4.15119734972534,4.10188553524395
"2009-04-19",0.677619233847991,0.74550411485018,0.845335602066063,1.03798379325968,1.39647572903429,2.28117928255638,2.73533227554139,3.25257467859011,4.01845929783794,4.00548763180535
"2009-04-20",0.660120449474276,0.729060896874214,0.830421456024668,1.02593905370062,1.38946341634781,2.28450415671748,2.74242620802025,3.26198715183701,4.02069824334884,3.99492545514937
"2009-04-21",0.714024892223469,0.783655957099655,0.886009890952962,1.08336637239647,1.45001580998533,2.35072116882302,2.81000064511825,3.32904313121107,4.07500465935123,4.03318264018026
"2009-04-22",0.653725661117967,0.726405489149778,0.83317963544341,1.03884519201079,1.42012719056115,2.35140196017797,2.82236526885544,3.34971467029353,4.08265708967765,4.01266883268572
"2009-04-23",0.648224137223514,0.719226396910568,0.823573286530157,1.02469377727605,1.39804121579669,2.31325437502108,2.77854576045144,3.30269769338412,4.04808236830796,3.99843092677337
"2009-04-26",0.6334479272085,0.704154363618231,0.808079279909324,1.0084312789876,1.38052255419978,2.29383044260661,2.75904373568139,3.28429716904326,4.03814810654705,3.99753666508815
"2009-04-27",0.596122001471355,0.667224087417081,0.771706995952351,0.973052869881446,1.34668416344604,2.2617633179419,2.72645912236965,3.24942212851211,3.992204207511,3.94494223933808
"2009-04-28",0.579037058023956,0.650114965286411,0.754549086691785,0.955754686446813,1.32895171436024,2.24180325699759,2.70452054573116,3.22419010849465,3.9568295909516,3.90380669077091
"2009-04-29",0.61251476832152,0.683554728775976,0.787927192578433,0.988993016996056,1.36184900434681,2.27326610292605,2.73476174328151,3.25232684237726,3.97695111089449,3.91613194110491
"2009-04-30",0.623360856522831,0.696722060613821,0.80444676815033,1.01176918450875,1.39548251264962,2.32867541220316,2.7979597007773,3.32061150220398,4.0386205607948,3.97100786031049
"2009-05-03",0.602150898707087,0.678966429855411,0.791622005338467,1.00794810459843,1.40655417098579,2.36513265939447,2.84032311374542,3.36276642074926,4.06600179011594,4.01684075582806
"2009-05-04",0.592327224794495,0.66718109853263,0.777064461011127,0.988427770767082,1.37920982744784,2.32715852627265,2.80241170103315,3.33048090546279,4.05647721409408,4.00100016641181
"2009-05-05",0.58720174875675,0.661003272493637,0.769438225909352,0.978348549300836,1.36582313012698,2.3135011152399,2.79379182252306,3.33307954184836,4.09256212183358,4.03624435324737
"2009-05-06",0.511100560057114,0.595472128041318,0.719074727291947,0.95596185235058,1.39079144703733,2.42654721227726,2.93389973061457,3.48601658803783,4.22071366205596,4.19142250290778
"2009-05-07",0.494993970998489,0.578443131399837,0.700894549410629,0.936261811331402,1.37079545619069,2.42093662690145,2.94481987454052,3.52412418958303,4.31158980440261,4.24995412078035
"2009-05-10",0.511992745827084,0.596232831358555,0.719625039585813,0.956049443006608,1.38982411235848,2.42201365394261,2.92716694859936,3.47687488969944,4.21390037914585,4.19947974090264
"2009-05-11",0.500433278449036,0.58553585617221,0.710181252920007,0.948971772775735,1.38695886899024,2.42836443831307,2.9374846992227,3.49090145881523,4.23056835210845,4.21451798990505
"2009-05-12",0.50313826802345,0.58178510810895,0.69731587013444,0.919818246623506,1.33222599680814,2.33939195559311,2.84912845327671,3.42131881689891,4.23482525623316,4.19931844959979
"2009-05-13",0.49627936748172,0.572896881955787,0.685525013449046,0.902709101945087,1.30626964355026,2.29835614502805,2.80496417453711,3.37883337729228,4.21547137400713,4.19193832277235
"2009-05-14",0.461794944373471,0.542523933247146,0.661045857293144,0.889076340564662,1.31087640553047,2.33564329752646,2.85079628507864,3.42539773113568,4.2317402313831,4.19869658331935
"2009-05-17",0.634062598124586,0.635824910771302,0.665547769838449,0.79617158884593,1.20392371134225,2.43197958288073,2.97140086470106,3.46816383988528,4.10182968701446,4.3155586794216
"2009-05-18",0.686953427650234,0.693381624654659,0.728798526857342,0.867089186775565,1.28064255111945,2.50136519611164,3.03405191259717,3.52383944209099,4.14816329704444,4.35872010534592
"2009-05-19",0.549208449189958,0.633040652236436,0.755937434426207,0.991762928255192,1.42571504885734,2.46612583364954,2.98031305460105,3.54497983168277,4.31582192870165,4.29761615219086
"2009-05-20",0.56199241868315,0.642330694637158,0.760297237129752,0.987322665772079,1.40750101669658,2.42989219845767,2.94496943191205,3.52085831272576,4.33561150198977,4.30918602259123
"2009-05-21",0.737374474479108,0.740738613911903,0.773495438314278,0.911373512660037,1.33358195734845,2.58252129378833,3.12357824899036,3.61831719606505,4.24620794490093,4.45776414301102
"2009-05-24",0.586760386367644,0.672753379877453,0.798784698971796,1.04050966723238,1.48488607473732,2.54744244716867,3.07051713855001,3.64237292894599,4.41009188856644,4.37715895449995
"2009-05-25",0.774871199737889,0.779013392723208,0.81527423818701,0.964935646371568,1.41381989817921,2.69180207366351,3.22517304071163,3.70319106913535,4.301467951939,4.50249571980113
"2009-05-26",0.607236622956952,0.698210339745307,0.831187351254559,1.08502537054178,1.54731682984311,2.62689440079632,3.14253273558295,3.69127805169493,4.39750790335634,4.39457989276765
"2009-05-27",0.568140218198278,0.662956173127859,0.801444290253397,1.06544396691585,1.54495411219015,2.65715821488429,3.18370926341671,3.73956841451667,4.44449476146816,4.44498017664362
"2009-05-28",0.693954042098194,0.710512486248487,0.760577168477518,0.925365151256821,1.3785043829784,2.63752837683802,3.16743481777907,3.64690974782842,4.25155873758491,4.45504409878742
"2009-05-31",0.542733265983085,0.635871264445849,0.772085493975553,1.03235621260074,1.50728752680515,2.62208238412738,3.15832210178037,3.73314430107375,4.48820540414694,4.49496742282464
"2009-06-01",0.719725296715128,0.724408594497847,0.76126342923585,0.911962213747313,1.36458518071557,2.6668549910801,3.21690410520334,3.71312907955011,4.33699589059515,4.54680107057804
"2009-06-02",0.751304680392438,0.753719765615385,0.786580398825144,0.927908520894428,1.36000461215734,2.61345950028239,3.14429989725767,3.62348756330123,4.22608958311567,4.42875008580842
"2009-06-03",0.775488131010502,0.793911791850045,0.846569777430321,1.01549870421642,1.4721138589186,2.71760691449856,3.23428192240729,3.69845432303819,4.2809912880225,4.47685314202537
"2009-06-04",0.644902512159311,0.744780283432347,0.890194133850962,1.16580910056986,1.66075982052489,2.77613036244939,3.28451068857578,3.80267899124389,4.41611957300405,4.4205278949246
"2009-06-07",0.682218750873971,0.781456185050142,0.925755910611093,1.1986455891224,1.68654196356137,2.77398955013056,3.26269856447294,3.75477727398495,4.32749940027178,4.34033416726772
"2009-06-08",0.650566140324457,0.752049818975787,0.899449356613926,1.17764232775047,1.67307158867708,2.76675639740071,3.25241656790247,3.73673381811889,4.29617398712669,4.32112230533644
"2009-06-09",0.603050413206836,0.71068377490642,0.866786034033878,1.16063446419329,1.68126475383598,2.81610278514985,3.31193989610179,3.79969205001475,4.35347425086144,4.38736160700437
"2009-06-10",0.554957088666042,0.66848224738687,0.832720818927022,1.1405274813898,1.68125289434508,2.83621145408293,3.32873301783478,3.80495202870144,4.34715375962806,4.41169960553879
"2009-06-11",0.525244254825409,0.637790511707043,0.80062632350657,1.10585355453063,1.64225157931883,2.78956572847997,3.28023471301718,3.75673230786226,4.31026949009692,4.38691098449777
"2009-06-14",0.561028659118111,0.661246416453827,0.806850220164642,1.08181022442341,1.57211246806316,2.65932874586482,3.1463508673258,3.63837694244683,4.24384462460712,4.31443016797618
"2009-06-15",0.562346771067663,0.660123394431977,0.802396171898768,1.07179191117106,1.55471746899693,2.63956286762696,3.13349107789546,3.63921068348644,4.27077710342484,4.33242064896302
"2009-06-16",0.567256313418507,0.65821813500638,0.791011502618161,1.04393729450742,1.50258671169681,2.56263997367531,3.06285097294197,3.59059590267743,4.27347046556474,4.30753961425374
"2009-06-17",0.501801412600393,0.601963369464632,0.747748487679049,1.02393366320243,1.51950974874449,2.635291449094,3.144598479926,3.66688031217069,4.31728359995195,4.37338939969275
"2009-06-18",0.50351992638579,0.594923942609581,0.728485365895036,0.983290942572782,1.44684132785582,2.52690488208074,3.04182436578386,3.58999296828109,4.3088044079489,4.33675602275604
"2009-06-21",0.499826796675369,0.59127675449937,0.724823167521367,0.979321691052764,1.44132495991261,2.51216543245846,3.01943716247573,3.55672881511499,4.25917166446097,4.29818726497947
"2009-06-22",0.528272721721626,0.617756804702267,0.7485709759596,0.998334322866689,1.45343007206341,2.51808609984316,3.02836938837098,3.57433050856192,4.29784842670396,4.32664269929899
"2009-06-23",0.550019620474004,0.633009180046835,0.754685666912016,0.988223135813738,1.4181754176372,2.45056312082033,2.96210351806072,3.52584765436662,4.30895334701508,4.31154256738818
"2009-06-24",0.439611605507941,0.525555742548679,0.651538363488654,0.89325015954342,1.33790629372901,2.40320376020091,2.92919756044949,3.50633765686419,4.29303191691657,4.27517626670857
"2009-06-25",0.437878123311245,0.523757269664282,0.649579791794209,0.89076321986968,1.33365190327349,2.39003728800659,2.90883728894674,3.47563900739841,4.24669105455712,4.24403192758103
"2009-06-28",0.530466410789174,0.610925458816614,0.728955684577646,0.955714278351324,1.37398685974129,2.38323546695298,2.88645542874091,3.44422183191514,4.22712324260104,4.22583745704397
"2009-06-29",0.581455103467563,0.659388159604969,0.773821109364258,0.994038962288723,1.40158473621599,2.39290659348751,2.89197231166238,3.44928749592787,4.23182263203394,4.19515018107673
"2009-06-30",0.532889924747892,0.61322538919252,0.731146520567545,0.957941274077925,1.37715945572344,2.39374773169902,2.90347448769081,3.47050024201542,4.2598889067082,4.22270245252181
"2009-07-01",0.474075542694655,0.551659562641781,0.66566103554202,0.885328366057609,1.29288606067012,2.29073288154671,2.79739711112323,3.36784011685016,4.18322384294759,4.14466785374402
"2009-07-02",0.388561856848004,0.473357468740376,0.597638119078518,0.836020258667649,1.27430895518865,2.32272114738389,2.83916499214725,3.40424836653626,4.16591832019746,4.1377877942072
"2009-07-05",0.365636808013998,0.44919915573743,0.571738364074687,0.807006489613989,1.24038861214394,2.28196702337685,2.79806575505636,3.36559101170848,4.13441146619273,4.0936979371519
"2009-07-06",0.355085759279461,0.440097091366187,0.564708112000988,0.803771845188378,1.24348196753599,2.29620690317374,2.81522923617774,3.38332923207522,4.1461162730822,4.1082889855773
"2009-07-07",0.332340099249235,0.415742342327033,0.538067389475292,0.772996650711324,1.20602909915489,2.24865004765106,2.76669954478861,3.33829655213097,4.12376416703476,4.09745374151467
"2009-07-08",0.311715638696611,0.400064146125737,0.529407729018104,0.777007294651808,1.23045842102998,2.30446691376326,2.82691695510679,3.39226455250187,4.14201591685529,4.12931485605395
"2009-07-09",0.318945187341475,0.404025545068248,0.528706115357679,0.767795649793983,1.20716838456583,2.25686537275559,2.77312064593756,3.33719380479322,4.09578885739118,4.06945651027427
"2009-07-12",0.319789177131218,0.405525402216715,0.531155654670254,0.772025173441784,1.21450571598308,2.2703842560521,2.7886065560937,3.35317270017051,4.10083269442765,4.0563982730379
"2009-07-13",0.322261163119266,0.410711514150373,0.540158575099845,0.787797132914836,1.24072206876326,2.30950123318452,2.8264671231529,3.38209187253557,4.09885179517256,4.06216562817905
"2009-07-14",0.309103875201779,0.403100725642703,0.540420740448394,0.802286724340693,1.27823108947649,2.3835498254805,2.90721635051998,3.45945025816642,4.14752813894902,4.12243201749578
"2009-07-15",0.281761420182824,0.372310504887582,0.504778735262845,0.75802422605196,1.22057548558226,2.30823141726279,2.83183931245598,3.39198154404146,4.10622175743908,4.0667479488378
"2009-07-16",0.258563848986027,0.355176064484557,0.496308424669628,0.765416209172479,1.25442502417654,2.3895792314072,2.9271457656677,3.4939617022581,4.20179584597167,4.18033701785981
"2009-07-19",0.24609735845744,0.345268226655786,0.489965793155914,0.76528818773802,1.26352749855884,2.40854386216263,2.94423488483008,3.50383043804671,4.20190554277325,4.21067009090885
"2009-07-20",0.24854591909946,0.343757080234198,0.482862785979496,0.748177401475045,1.23057078521276,2.35238130857707,2.88528917084615,3.4496203363338,4.16954099847446,4.16908904371316
"2009-07-21",0.256467446228671,0.353213470849946,0.494471829876163,0.76358742988828,1.2518075492781,2.38097011408508,2.91374123951206,3.4747867853905,4.18713260681218,4.19802994381975
"2009-07-22",0.231208275774286,0.334421600356045,0.484826636023576,0.770361812718254,1.28478117653078,2.45379491582071,2.99284429658765,3.54872639889535,4.22763891558087,4.24359723329768
"2009-07-23",0.216933787129116,0.323987482363774,0.479766090631,0.774749149306142,1.30352233081738,2.49006536698361,3.02829274559409,3.57525731009299,4.22703583539493,4.24861653441016
"2009-07-26",0.229582504062419,0.33859703400702,0.497045676120544,0.796468843492352,1.33105049506562,2.51893969286752,3.05129569083317,3.58712884832076,4.22165316684595,4.25836371636504
"2009-07-27",0.232509077426754,0.336819631706937,0.488630314917948,0.776180142130768,1.29191447880616,2.45082782791724,2.9775045968634,3.51366056296343,4.15481202147102,4.17615482008651
"2009-07-28",0.225507020164481,0.331543464002781,0.485687303503002,0.777057030739726,1.29755649139753,2.45596329008938,2.97633140529922,3.5015027929707,4.12919509616901,4.17049432112786
"2009-07-29",0.202414278200968,0.312086542888188,0.471262311861598,0.771291566928568,1.30428078002624,2.47418090091507,2.99044736346112,3.50356608966019,4.10349020724173,4.15084178047841
"2009-07-30",0.20812102326852,0.309534135234004,0.457011616650143,0.735964251947055,1.23492962080638,2.34901662920744,2.8515768185233,3.360640597398,3.97259328689024,4.01130985186675
"2009-08-02",0.210350681634505,0.320989602329529,0.481204160023092,0.781980328551197,1.31215385263037,2.45461556661278,2.94789803023121,3.43080538170239,3.9981244192368,4.07412644891383
"2009-08-03",0.219356269753084,0.337378107459386,0.507487281848898,0.824217940269008,1.37372771182304,2.51506064041931,2.98739702991083,3.43749052054476,3.97488132403393,4.09275659360167
"2009-08-04",0.253751078304462,0.369593941230206,0.536626123742269,0.847829837300378,1.38837804298555,2.51338339649441,2.97931935540362,3.42221335131495,3.93960069816335,4.04137452876888
"2009-08-05",0.215416372493366,0.339811486372319,0.518585943915343,0.849737988820912,1.41852781848648,2.57179451559742,3.0349213411096,3.46612007875687,3.96860541538714,4.08481651266351
"2009-08-06",0.178385067352991,0.32346065971751,0.530189904374926,0.907452378892948,1.53729826787785,2.73590451002455,3.18460589427263,3.58661905833128,4.065883832462,4.20819113831893
"2009-08-09",0.194257160959403,0.329816965175133,0.523860212976328,0.880761445393619,1.48541428880492,2.67202786840765,3.12959017436895,3.54290433800335,4.01108016266859,4.1261348085704
"2009-08-10",0.199509202957754,0.326514053426588,0.509167758247765,0.847910472181648,1.43097011307429,2.61734555906916,3.09414252792461,3.53556136231801,4.02816391149764,4.12236681018491
"2009-08-11",0.193498441029354,0.316116907340498,0.492830005256013,0.821766474898428,1.39201210336119,2.57216433505189,3.05639206811956,3.51147746244775,4.02316525091212,4.11046702073211
"2009-08-12",0.175226166386996,0.292914579570155,0.46302516052364,0.78133305361265,1.33877156162508,2.52032198873392,3.01918589808612,3.49744327454622,4.03510861421754,4.1010816971708
"2009-08-13",0.181278017708424,0.291402783853493,0.450883740337853,0.750318484847046,1.27824577990024,2.41640716128208,2.9080429765804,3.3893552973601,3.95348519334377,4.0269018090754
"2009-08-16",0.199615646013428,0.311413392867407,0.473040248722748,0.775588352697156,1.30590653272538,2.4337999355925,2.9134196022041,3.37826002893464,3.92727017285304,4.01972124560713
"2009-08-17",0.218976534521121,0.327070351133417,0.483636339196124,0.777686793038122,1.29643556487202,2.4165987252951,2.90157288409064,3.37749362129965,3.93895573733812,4.01412280782744
"2009-08-18",0.223220363918319,0.327321689047514,0.478316993012118,0.762614449181718,1.26661136034834,2.36792068490583,2.85185419711754,3.33240747970293,3.90574065831694,3.97306659548461
"2009-08-19",0.245621613154155,0.344660694267235,0.488659737950772,0.760946850600694,1.24769978735446,2.33312836512525,2.82218555274974,3.31749457920657,3.91704832234093,3.96336169315409
"2009-08-20",0.226397050818508,0.338282290839331,0.500005456456552,0.802629856180255,1.33270047995993,2.457701450989,2.93443016155843,3.3944962849086,3.92966322903119,4.01352085163514
"2009-08-23",0.25600765147129,0.358585319015572,0.507500073737359,0.788313279301958,1.28763178606512,2.38665281818475,2.87387163049559,3.36095607643169,3.94402321261882,4.00333754464473
"2009-08-24",0.229299941957529,0.332340041322783,0.481922134438989,0.763979906875252,1.26545973984353,2.36890250062163,2.85783507730409,3.34632085300853,3.92958031333092,3.98749445055836
"2009-08-25",0.228365337321195,0.328082130626366,0.473031845686509,0.747000616623287,1.23635939656425,2.32549928077673,2.81513988127465,3.31031675499762,3.91066959284012,3.96204022188511
"2009-08-26",0.209337261946581,0.310263464860971,0.456946648101669,0.73411017611147,1.22889612790544,2.32869543121064,2.82243949633162,3.32140436815567,3.92802963381681,3.98465437983733
"2009-08-27",0.211211993292186,0.310765611554686,0.455528446231367,0.729314445177805,1.2189517971292,2.3121648497318,2.80573889974467,3.30692821140808,3.92012184133036,3.9742249174367
"2009-08-30",0.22021868786957,0.318746490265684,0.46212304363835,0.733640323387365,1.2204457659181,2.31385471937024,2.81097783225887,3.3181954104309,3.93672855324808,3.97626593374128
"2009-08-31",0.226019244127925,0.31964197986481,0.456208397324093,0.715938273151869,1.18553837740311,2.2624705566026,2.76512422970554,3.28945900844634,3.9459329009625,3.96381045624468
"2009-09-01",0.215325551233899,0.310959699934,0.450304676367883,0.714796985541455,1.19118944435194,2.2739355687232,2.77416119936453,3.29253262221253,3.94828593397504,3.99899477889396
"2009-09-02",0.220844839219502,0.31243934289255,0.446228488883973,0.701294739640884,1.16468636914181,2.2404992070196,2.75083106551842,3.29131566468541,3.98966529568688,4.00987049204888
"2009-09-03",0.220504570793809,0.311237912869619,0.443872796655381,0.697090870528797,1.15838456692038,2.23662258955363,2.75247014366834,3.3027268600319,4.01938793411618,4.02867653932409
"2009-09-06",0.178853775287981,0.269682906690948,0.402495672887975,0.656184152783568,1.11881741481526,2.20325095781319,2.7241894803818,3.28238903025286,4.02053032131294,4.04064962344326
"2009-09-07",0.177553619444996,0.268964780692803,0.402666141263157,0.658179905693765,1.12460137356976,2.2206133161668,2.74875691955503,3.31620749733662,4.06934484233316,4.08642234294394
"2009-09-08",0.297100033491786,0.332128203505024,0.405013924048435,0.602189186930093,1.08905478947685,2.37940321532745,2.92126038501117,3.41477934879699,4.04115593435783,4.25227574755732
"2009-09-09",0.182409653897841,0.275150848259183,0.41072562967929,0.669574044081908,1.14119778610313,2.24418299488061,2.77242825604171,3.3368169319791,4.07830247841813,4.09752636929908
"2009-09-10",0.201010056715467,0.291730693771385,0.424320647918598,0.677365529291958,1.13804758808616,2.21343211275074,2.727391202062,3.27582799394771,3.99874026066087,4.02756219724622
"2009-09-13",0.206842929400515,0.302544303886709,0.442054875730464,0.707091950791765,1.18529261153185,2.27701146920044,2.78443862721074,3.31336872743609,3.9918864616656,4.04800899404741
"2009-09-14",0.213599405292071,0.310721084812749,0.452240459988645,0.720883496711896,1.20483432425854,2.30520922299483,2.81382773101472,3.3410870374754,4.00809040225009,4.058718447429
"2009-09-15",0.214848189153261,0.314213740152466,0.45894308319912,0.733475987589815,1.22730446139936,2.34578726040514,2.85999379282401,3.39013438404696,4.05093121941317,4.09542135373082
"2009-09-16",0.220592342321024,0.321907765923511,0.469365528641768,0.748696544411399,1.24982265683818,2.37733482498724,2.89130094282453,3.4172780509965,4.06553406284112,4.11321030306838
"2009-09-17",0.214965361034249,0.31694763037229,0.465409792800398,0.74675925365867,1.25192552571696,2.39105177249929,2.91197246843321,3.44688859708527,4.11305980322541,4.16716711524728
"2009-09-20",0.208494932693031,0.307620737335229,0.452133197547608,0.726704405367865,1.22220779214501,2.35379136832555,2.87973766466137,3.42753176997357,4.12476426674293,4.17324637256222
"2009-09-21",0.181766026057088,0.283787613688506,0.432419622777719,0.714468197808115,1.2221976259345,2.37402033467931,2.90432161018327,3.4511209381012,4.1261663967188,4.15781947029184
"2009-09-22",0.282319550812247,0.329597709009599,0.422373931798662,0.659695900728086,1.20902662253012,2.52417502168726,3.0277384760926,3.46557548437039,4.0044775064011,4.18507766347477
"2009-09-23",0.308200684873119,0.353112290954571,0.43861997320554,0.653987880363686,1.15557765797179,2.41349271060637,2.92308575447636,3.37991104410377,3.95365824437547,4.1466398984188
"2009-09-24",0.314220567018089,0.361710710661867,0.450208760656258,0.668766969332925,1.16838616517439,2.39498669112797,2.88405728708505,3.3192643575558,3.86322810253934,4.04602555278688
"2009-09-27",0.219215259299199,0.317923514439798,0.46161630740201,0.733911655311068,1.22272968700665,2.32386590986254,2.82610390943899,3.33944265367679,3.9616489348982,3.98945079936539
"2009-09-28",0.217830796276773,0.318298620746594,0.464286916907719,0.740038812998725,1.23194463013315,2.32311938510159,2.81146626186885,3.30319739705215,3.89345685563702,3.94199349151911
"2009-09-29",0.223291113026158,0.324489245023266,0.471515645167171,0.749150617993487,1.24414297117229,2.34066301652234,2.8305395996558,3.32306244647135,3.91294854191676,3.96214455368464
"2009-09-30",0.26150918195972,0.354309186872648,0.48952942962152,0.746208423543916,1.20858175103376,2.25972903196392,2.74546737413632,3.24884139575093,3.88475131036913,3.93204943084416
"2009-10-01",0.266515786051231,0.356909194408324,0.488733194760597,0.739337064349625,1.19206789894028,2.22837553339691,2.71110365943858,3.21414595514797,3.84715762573281,3.87427357326348
"2009-10-04",0.262247266297546,0.353460877071829,0.486447876024474,0.739149837143907,1.19526648964685,2.23695275302065,2.72071088289462,3.2233605077537,3.85173928761625,3.87762268172233
"2009-10-05",0.279334428282774,0.369709889059091,0.50158880559774,0.752569971491383,1.20693713833571,2.2521691363014,2.74182058944188,3.25395431575395,3.8944720648234,3.90259876863732
"2009-10-06",0.306508115673644,0.394501391031125,0.522925926541833,0.767407333549941,1.21027515991556,2.23063917394741,2.70963886488365,3.21163979241895,3.84241091134363,3.85120014125155
"2009-10-07",0.306363137260722,0.395252784643917,0.524887323330131,0.771340577114659,1.21661230040957,2.23603144583138,2.710960969962,3.20585682104491,3.82767059117724,3.85234824644819
"2009-10-08",0.322597158403672,0.419774604366849,0.560992319137912,0.827770216687136,1.30380598298168,2.36068498481168,2.83435736223854,3.31217830919545,3.88999510883608,3.94179843398322
"2009-10-11",0.297249661381156,0.395510138689312,0.538194637669985,0.807388280524691,1.28652695963527,2.34425537907816,2.81546383812131,3.28944771560075,3.87066422465676,3.94301282414505
"2009-10-12",0.334016329863552,0.423548393904624,0.554159969836815,0.802608960984569,1.25199309496349,2.2839860071308,2.76693566079952,3.27269915617336,3.91887520610629,3.95412938090005
"2009-10-13",0.328813993032518,0.423159790896408,0.560586211656533,0.821295190801394,1.29035872369933,2.35331746990593,2.84232400701427,3.34676259645384,3.97589467453722,4.01762548204935
"2009-10-14",0.319268639366904,0.421421359332119,0.56973150425925,0.849450199773254,1.34701250310183,2.44370737019725,2.93129164640274,3.42088165811874,4.01948748292152,4.09430770229605
"2009-10-15",0.304393085150385,0.410520722320657,0.564192659983065,0.852664041105169,1.36114894161133,2.45810689905877,2.93365804492898,3.40293274344256,3.97851694155184,4.0819172009266
"2009-10-18",0.304242194690275,0.40961893790945,0.562300318797288,0.849231016184405,1.35607011761706,2.45464176668134,2.93322994810559,3.40651423444617,3.98097971268057,4.07164436568371
"2009-10-19",0.31074339411571,0.410050162434739,0.55429619247543,0.826578492492593,1.3117184006659,2.3855325105156,2.86561058736944,3.35013227297009,3.94853176752745,4.02416029091818
"2009-10-20",0.293779534447504,0.398890380059575,0.551310710493373,0.838168391837613,1.34633869292717,2.45579958493036,2.94379154408872,3.43058858342392,4.03132011634888,4.1275836999791
"2009-10-21",0.288504001205639,0.391389280647135,0.540732746057145,0.822301004171878,1.32282279224727,2.42450576766866,2.91370888736928,3.40490282985181,4.00993350781072,4.09341213154538
"2009-10-22",0.277789233945819,0.383596784348893,0.53709739169196,0.826219244570465,1.33917863630835,2.46287621892338,2.95883256460165,3.45425361624612,4.06009789196195,4.14568009594887
"2009-10-25",0.259412889640455,0.366938079363632,0.52283654874491,0.81616264583159,1.33551665998952,2.46781955850256,2.96487903077991,3.45972952724963,4.06720064515788,4.16279657516027
"2009-10-26",0.275243075981759,0.374478955739321,0.518762961422435,0.79159334380401,1.27939323488246,2.36858236710086,2.86121244263946,3.36373208223783,3.99765732134613,4.07979966346695
"2009-10-27",0.263398862464814,0.364171065157129,0.510587925615513,0.787110788656368,1.28031164617557,2.37482666262615,2.86588441597464,3.3631359808843,3.98169648063495,4.06115923025002
"2009-10-28",0.263793453036005,0.371822678991783,0.528310028592996,0.822270277691432,1.3411124938645,2.46367861121182,2.95178090224565,3.43401569838034,4.02127935500089,4.11851089626623
"2009-10-29",0.285094924472666,0.382572810495618,0.524340491098588,0.792542730745977,1.27249747921608,2.34609326817487,2.83230209746015,3.32793815515794,3.94393103323308,4.00808410187784
"2009-11-01",0.285508545755219,0.384261475046817,0.527803644119245,0.799096991722574,1.28367243701009,2.36294452768669,2.84943694307301,3.34409732342626,3.96364650663243,4.04247682435589
"2009-11-02",0.378659853804729,0.368696893901179,0.398170305973356,0.565732857175331,1.08852197848255,2.45496876041275,2.96497289192023,3.39657154302054,3.91868176290993,4.09319701204138
"2009-11-03",0.286629034789622,0.387875281660336,0.535009201997284,0.812982083595568,1.30910858241775,2.41204633768532,2.90805529766309,3.41145354519017,4.04081415481644,4.12271074263713
"2009-11-04",0.254783259313865,0.358801504066546,0.509902445726872,0.795160909994405,1.30353862853303,2.42925269852857,2.93261433209931,3.44036705871201,4.06380706081497,4.13716956362357
"2009-11-05",0.228417130311724,0.333919053827314,0.487227623117112,0.776827697549746,1.29353508849434,2.44066549636437,2.95501126564769,3.4745183026785,4.10838027658116,4.17292592138745
"2009-11-08",0.238068580279371,0.339375728308758,0.486738986722599,0.765615833582163,1.26498060506156,2.38363066018851,2.89111478375009,3.40905912248552,4.05246682108927,4.1161324625616
"2009-11-09",0.244026325953082,0.344067674264762,0.489576846706276,0.76490375885906,1.25778207851777,2.36143184696687,2.86210395269083,3.37358072331511,4.01470510230445,4.08695188906569
"2009-11-10",0.23965097466772,0.338897710947595,0.48345390802008,0.75765293833852,1.25082441566909,2.36686320089033,2.87870048723124,3.40398182142002,4.04047917309648,4.05784686161788
"2009-11-11",0.226437974207017,0.327247622774665,0.474018342490697,0.752211068469175,1.25185198444237,2.37881849665797,2.89381940469523,3.42132718557255,4.06535676289074,4.09816819670183
"2009-11-12",0.219640565713486,0.319025188505054,0.463876939862485,0.738957643642419,1.23485520794434,2.3635620106792,2.88508680630145,3.42386484387721,4.08374395928118,4.09811424620812
"2009-11-15",0.257946040921805,0.352091349235652,0.48948695999324,0.751019531662088,1.22467192655244,2.31525703838518,2.82667394769584,3.36190306462423,4.03023380204582,4.03433618750135
"2009-11-16",0.302646039189298,0.391841889960799,0.522215196229489,0.771064227594922,1.22418880309764,2.28164526403114,2.78601639345764,3.32157795635015,4.00201043190967,3.98545650082619
"2009-11-17",0.30657219314248,0.399573601389304,0.535216250269288,0.79312805753798,1.25920871260641,2.32648465225784,2.82341010324,3.3401195065238,3.97793973270786,3.98432928670751
"2009-11-18",0.305283081650962,0.397534648983906,0.532122657390071,0.788160585879833,1.25131584781979,2.31441409713632,2.81076483117761,3.3278591605724,3.96486684494921,3.96272601726847
"2009-11-19",0.314885904510645,0.409160659704444,0.54645253619272,0.806798689204633,1.27481065286301,2.33282584608445,2.81772215679492,3.31565086468324,3.92586033231942,3.95544058894808
"2009-11-22",0.315355910819426,0.411570992626042,0.551589347578434,0.81677239040183,1.29231634113966,2.36106480151727,2.84745300493942,3.34434200449847,3.95348086019953,3.99586334203874
"2009-11-23",0.319856903805305,0.414240366298513,0.55169014625946,0.812337261200983,1.28091664667956,2.34072202782747,2.82712043678913,3.32792985808274,3.95181068683736,3.99635318681391
"2009-11-24",0.321645448303725,0.41691412438195,0.555618864929407,0.81853184434821,1.29079350511613,2.35692032017111,2.84525059797675,3.34757510796887,3.97651634078565,4.03012969229867
"2009-11-25",0.306187377949865,0.392203115584696,0.517926519598438,0.757900426972635,1.19491024115656,2.21582313281793,2.70429425562932,3.22617664518349,3.91693413061671,3.94712595806953
"2009-11-26",0.289280280940422,0.377220808628299,0.505629221446285,0.750292977391708,1.19429691896521,2.22273030788212,2.70967019440408,3.22553774992164,3.90403874259916,3.95025307316557
"2009-11-29",0.305963496645029,0.393672055964373,0.521722336246117,0.765634186961444,1.20799953393968,2.23059910691231,2.71305713193727,3.22162662955562,3.87456355677679,3.89818286364367
"2009-11-30",0.315134383142525,0.399796375325302,0.52360205888597,0.760121791391387,1.19157074530297,2.2035745530906,2.69005174807819,3.21148553232797,3.89945823171318,3.91339081196262
"2009-12-01",0.319702274966627,0.403260743048031,0.525522057756584,0.75932945117636,1.18669685180912,2.19441355992869,2.68226798797823,3.20881911122591,3.91547095851924,3.93448717653605
"2009-12-02",0.274460997665119,0.36530773408329,0.497802446549215,0.749719060855381,1.20499252475344,2.24874143963192,2.73659634513484,3.24783545824186,3.91137998930633,3.96822120657857
"2009-12-03",0.253162393116146,0.352716564496836,0.497357522405972,0.770506293233767,1.25762315529512,2.33834716866472,2.82312792348415,3.31408399116577,3.92622443087413,4.00714104386368
"2009-12-06",0.26227016175678,0.35802344781433,0.497324750640576,0.761003346720442,1.2333734055536,2.29300292316585,2.77479454211942,3.2679145719752,3.88746958183188,3.95588799229811
"2009-12-07",0.26520606266282,0.353658224239322,0.482786962969819,0.728732099038043,1.17473478168063,2.20588344521403,2.69293075175882,3.20777324429048,3.88210355906589,3.92832779350177
"2009-12-08",0.306348230736124,0.389629147892058,0.511498985730038,0.744608289700198,1.17088621059256,2.17721858985172,2.66522071491801,3.19288779578869,3.90519064917785,3.92808026126689
"2009-12-09",0.286553428089649,0.375785085923092,0.506034965942014,0.75406074919603,1.20365882577839,2.24240082042661,2.73293598787645,3.25202117755984,3.94027557491897,4.00276280025506
"2009-12-10",0.274988731285138,0.366982107820009,0.501121403245358,0.756072091687488,1.216507468074,2.27040042682962,2.76214890620195,3.27699755799323,3.94755223956188,4.0123665747884
"2009-12-13",0.295073976971377,0.382597540774552,0.510450865386937,0.754240075408089,1.19731360290078,2.22743962702755,2.71754391155653,3.23902904303771,3.93019242443686,3.97573694102753
"2009-12-14",0.300919073704972,0.390881701875277,0.52221220253916,0.772339260142417,1.22588120770111,2.27415714473088,2.76906059904276,3.29189232278019,3.97493979580439,4.01969625442657
"2009-12-15",0.272612615256441,0.360168054646013,0.488104975366928,0.732177799294838,1.17619812734582,2.21080199332862,2.70415559751995,3.22962357876282,3.92104253950087,3.95188288175408
"2009-12-16",0.263744415641546,0.348438508301923,0.472318931514468,0.709076588611283,1.14130400885961,2.15720592571607,2.6468730659784,3.17306208006429,3.87108143811377,3.88551269881859
"2009-12-17",0.264276029847805,0.349537415747224,0.474207042249278,0.712335259069318,1.14657403231583,2.16439084528638,2.65334686508348,3.1774034073861,3.87197864504203,3.89390390414169
"2009-12-20",0.248795665487778,0.337072896391421,0.466071245932173,0.712191381341189,1.16001203280498,2.20383758286836,2.70172720672793,3.23198935097411,3.92767122178709,3.95415427790067
"2009-12-21",0.209543999302605,0.303656706186623,0.440927673348128,0.70196629688275,1.17384550212746,2.2559206956661,2.76137658548722,3.28987851778729,3.96373089863806,4.00207370936358
"2009-12-22",0.213150476529718,0.310104228146099,0.451456496956058,0.720043838564646,1.20481257004812,2.31209978196645,2.82672464101627,3.36239662932308,4.04026791167599,4.08081855331955
"2009-12-23",0.220255762854175,0.317839729239194,0.46013981562558,0.730625341178441,1.21915729359986,2.33682290629581,2.85717656994912,3.39933443395344,4.08310136027811,4.11623798130553
"2009-12-24",0.221509777676772,0.319343796581378,0.462006103006994,0.733170802676356,1.22288788824004,2.34288255058838,2.86393623932677,3.40617093057152,4.08546015200724,4.11200833146497
"2009-12-27",0.223005456066013,0.32256527762394,0.467593752284879,0.742747434006284,1.23787169047727,2.36013408532427,2.87639612262853,3.40859893449356,4.06823678249935,4.10525227329045
"2009-12-28",0.227492144081041,0.330941506991488,0.48130494445424,0.765468307902048,1.27292184483781,2.40200488886908,2.90973146598729,3.42389875500571,4.05426967649299,4.11837194862282
"2009-12-29",0.227137115469058,0.333666920808828,0.48828340846642,0.779732032271687,1.29757888605859,2.43569319535487,2.93969208277918,3.44381832625567,4.05459049885831,4.12863688192563
"2009-12-30",0.221269154207305,0.330880753950633,0.48976310608409,0.788559131448706,1.31705151061957,2.46561070427847,2.96701082707209,3.46253619031334,4.05321372134481,4.1302226631822
"2009-12-31",0.214125216625362,0.32517166117843,0.486043137368755,0.788275553091986,1.3217849905293,2.47548090385817,2.97581439506855,3.46736215034635,4.04692931151733,4.12211732125497
"2010-01-03",0.211357629245434,0.319324120126488,0.475955597360867,0.770963555751858,1.29427911880242,2.43939773968556,2.94327952170225,3.44386792194853,4.03816279487356,4.10204937145071
"2010-01-04",0.20508591688584,0.308485319929143,0.458811879039377,0.743023590100214,1.25096087510473,2.38303188057188,2.89290403981432,3.40938706054859,4.03739548706893,4.09090386763713
"2010-01-05",0.17648157413525,0.284299929573297,0.440823954724256,0.735991979184035,1.26086711358654,2.4165102264951,2.9292445673946,3.44255957218603,4.06171863820814,4.13022840604259
"2010-01-06",0.163173021930539,0.269239518953944,0.423333159317426,0.714298877495708,1.23304280146779,2.3826787969223,2.89718463388852,3.41637086040184,4.05234497114866,4.12369096429234
"2010-01-07",0.171718143459774,0.272640720262287,0.419800658500334,0.699488874185217,1.20447600996476,2.3581130189895,2.89343033023032,3.44803313936558,4.12470779876004,4.12513936259221
"2010-01-10",0.16484949004113,0.264367288209891,0.409542412941588,0.685675235249505,1.18502371586049,2.33040506795583,2.86481920550316,3.42147999163623,4.10976734705883,4.11373882108764
"2010-01-11",0.161295755427441,0.25896204962739,0.401516365148019,0.672937063462731,1.16474177240832,2.29852748327889,2.83104121177663,3.38910926685564,4.0872359588934,4.0899699603256
"2010-01-12",0.123087533386186,0.227233794576571,0.3788257512164,0.666033740609202,1.18143669512804,2.3416262748352,2.87053592916583,3.41132675736317,4.0715870262264,4.10992946004501
"2010-01-13",0.148472458617699,0.248754682598867,0.394950749197801,0.672706153944392,1.17385440618577,2.31689334166029,2.84638577230849,3.39448029045107,4.0662642511291,4.0760964848327
"2010-01-14",0.137408052549191,0.235127512549944,0.377725325143187,0.64911222976378,1.1404342328764,2.27057999496865,2.79976269746764,3.3526437702266,4.03873296773468,4.03864389673675
"2010-01-17",0.131079481494019,0.23009913725167,0.374495714050282,0.648971862718219,1.14469989339425,2.27821726439939,2.80499494308923,3.35182877416263,4.02497899394295,4.03270842008062
"2010-01-18",0.139286353392313,0.239760491878232,0.386216793409761,0.6643990258035,1.16606766416548,2.30870245393326,2.83688165734595,3.38224496348544,4.04426859269905,4.04734021462527
"2010-01-19",0.148309147746017,0.242776665252494,0.380783096263458,0.643956803505093,1.12229374980565,2.23362198414471,2.76081085896744,3.3181909583095,4.02507157097533,4.02030487174375
"2010-01-20",0.137963375148048,0.231645063151328,0.368534042003266,0.629681489338044,1.10471533856231,2.21066867321193,2.73679556774954,3.2946236662394,4.00724801326159,4.00488350423213
"2010-01-21",0.136141722268119,0.230522609809417,0.368415216593906,0.631415198877233,1.1095915123495,2.2214492249862,2.74943457284099,3.30816006236714,4.01763983690299,4.0118060381136
"2010-01-24",0.130556988097667,0.225161747390015,0.363357795067979,0.62685694601972,1.10566240201344,2.21747672060098,2.74465748200138,3.30205870266594,4.01203424940838,4.01439150683355
"2010-01-25",0.154937451307866,0.248941633515473,0.386226816155012,0.647875625753457,1.12291671235781,2.22372802439835,2.74440815798784,3.29391180217004,3.99384941929774,4.00255032635211
"2010-01-26",0.167325497798834,0.26161724798034,0.399259740991289,0.66137574575319,1.13649562258454,2.23293333219387,2.74869292843525,3.29015693990409,3.97195273339331,3.97920881719936
"2010-01-27",0.15422067412528,0.248561713505892,0.386264413081131,0.648455312241066,1.12357011718256,2.21920173827328,2.73412584222343,3.27433439466644,3.95432506371793,3.9632871873317
"2010-01-28",0.150065048023529,0.244838325600417,0.383131307954893,0.646306560513287,1.12269585840217,2.2181294098029,2.73085973787248,3.266407795573,3.93116477105717,3.93232577109614
"2010-01-31",0.15735765445191,0.25174439105082,0.389492151740091,0.651693607490019,1.12654654072536,2.21973239572091,2.73216012469293,3.26803736482841,3.93389531078329,3.9328580476611
"2010-02-01",0.160530654914219,0.255197750296296,0.393351043595322,0.656311704038642,1.13249114916004,2.22839815952458,2.74184317040124,3.27843150705486,3.94318193783336,3.93963690849689
"2010-02-02",0.141147248762293,0.239271544131932,0.382302167045108,0.653977921269091,1.14392693897502,2.2601715734327,2.7765742231073,3.31063028937757,3.96569974300235,3.97901985276622
"2010-02-03",0.15346428657013,0.243118575150936,0.374236418995056,0.624761777716341,1.08186513732303,2.15422065099866,2.66931878164419,3.2200554504108,3.93157764568959,3.91816417371559
"2010-02-04",0.151233481653225,0.236413913133996,0.361207964105852,0.600399137861046,1.03952085247025,2.08566054230055,2.59795227887496,3.15478819986879,3.88759884317686,3.84141072708265
"2010-02-07",0.141846814536581,0.230091309247831,0.359226032219912,0.606227488668159,1.05783133423172,2.12232961261883,2.63623864865327,3.18708732681647,3.88769392497998,3.8365128312171
"2010-02-08",0.132614858365535,0.2261306480389,0.362745513722269,0.623259167977782,1.09672151160199,2.19619188290415,2.71709944783278,3.2665611455122,3.95297251876371,3.93141754147899
"2010-02-09",0.135204600149184,0.227324551187938,0.362005294432491,0.619187534537311,1.0878675848384,2.18353428077237,2.7069234526659,3.26266869607675,3.95933712676814,3.9190747313866
"2010-02-10",0.116581725711305,0.210931201464795,0.348795885640592,0.611800280816332,1.09016539411838,2.20305487875742,2.73137540454529,3.28927682135391,3.98293035314761,3.94904540470097
"2010-02-11",0.116465227065477,0.20603871388787,0.337174807009305,0.588199220678151,1.0478730963194,2.1358522496114,2.66408846014479,3.23363257592926,3.97063377547611,3.92559573108849
"2010-02-14",0.126683004119679,0.215415769673105,0.345371165882394,0.594307061039079,1.05077788905932,2.1349080353767,2.66361369499126,3.23595039825783,3.98149077903112,3.93177877168045
"2010-02-15",0.123284607804047,0.213024125249706,0.344385979458212,0.595785348042131,1.05595382553539,2.14422440194332,2.67235732636023,3.24217216478958,3.98830091486994,3.96315320011173
"2010-02-16",0.132378666964624,0.220391180713107,0.349308727984378,0.596316721951109,1.0494843505113,2.12742201284476,2.65443512950626,3.22683947540015,3.98445044520555,3.95178698538965
"2010-02-17",0.12928072190367,0.220284037277866,0.353479856993865,0.608333073157556,1.07461188066727,2.1758977552529,2.70926202723924,3.28327906325542,4.02684659011146,3.99126784328366
"2010-02-18",0.125063641525116,0.218201115887531,0.354435101711446,0.614809295908947,1.09013422770856,2.2064907498557,2.7432339282006,3.31706646565183,4.05168686357807,4.0211760996979
"2010-02-21",0.122430033632978,0.214853582495076,0.350066566982797,0.608568782399514,1.08076178713798,2.19144291775309,2.72648141511964,3.29944351076473,4.03452608575505,4.00133673671177
"2010-02-22",0.136285740167003,0.221882522267697,0.347349695282288,0.588047985526145,1.03072777230625,2.09019400264019,2.61214172101324,3.18270615876205,3.94255351077648,3.89353857243889
"2010-02-23",0.132763207987725,0.217865144256429,0.342586198086245,0.58178278017007,1.02145190155212,2.07232876669732,2.5893125089542,3.15401911565677,3.90901181779084,3.87195430579022
"2010-02-24",0.109800184489475,0.193675902882751,0.31668403639917,0.552884964347715,0.988105707504379,2.03487422917059,2.55407718770166,3.12563588453441,3.90253826399576,3.86360101116522
"2010-02-25",0.110960421434231,0.195271506101986,0.318874646359353,0.556068434145373,0.992570608526656,2.03902137645263,2.55584048352061,3.1224121445912,3.88513372461888,3.84564752920392
"2010-02-28",0.11200454507524,0.195727953922718,0.318523266845044,0.554352166064369,0.989023862739729,2.03536104438236,2.55497966084941,3.12775858285633,3.90988743609294,3.8743658170965
"2010-03-01",0.10963670641992,0.193925173824787,0.317523242350996,0.554804008796901,0.991820530725076,2.04170498528223,2.56166593036347,3.13322489330512,3.90755404777608,3.86844328793881
"2010-03-02",0.109609827235466,0.195144074276603,0.320528158689053,0.561098661846244,1.00367465418226,2.06399038507427,2.58739402129432,3.1612908470062,3.93903805214322,3.91223516678214
"2010-03-03",0.109458031867487,0.194531425656009,0.31924115180344,0.558522536537104,0.998748844282102,2.05365350716004,2.57462098840892,3.14627998066127,3.92464752810702,3.90437501579302
"2010-03-04",0.103198472342257,0.189837074446897,0.316789707524574,0.56019739937037,1.00736838749252,2.07493242130819,2.5995686879053,3.17255247606877,3.94460179848331,3.92372081530537
"2010-03-07",0.106122396471465,0.193189877935516,0.320758614251333,0.565305110388918,1.01441289937169,2.08563879121165,2.61144256880174,3.18502423037166,3.9556405890103,3.93402995745893
"2010-03-08",0.248109836020849,0.271732604109402,0.327295675612036,0.490827414041697,0.921367528483631,2.13688333997263,2.67066457092681,3.16757513687332,3.80830405796029,4.02501436294699
"2010-03-09",0.110983348955523,0.197924088081618,0.325264753655828,0.569231179659644,1.01677255069361,2.08154658835285,2.60282144407743,3.17082375708154,3.9415161968209,3.94492101565399
"2010-03-10",0.302516572201229,0.322865693119309,0.375382357777313,0.537383836288821,0.972801096925737,2.1981283904216,2.72811217505867,3.21615880896325,3.83988397365715,4.05039573284681
"2010-03-11",0.165148906797147,0.251693046111267,0.378388897672918,0.620900788382291,1.06497769370821,2.11667311744977,2.62845732825192,3.18296822110593,3.92650056501864,3.92989762055096
"2010-03-14",0.280734481901299,0.306556026194131,0.365171898069692,0.533758511166592,0.969985058113533,2.1797375188501,2.70396959190657,3.1886850382691,3.81051658587208,4.02058942346477
"2010-03-15",0.105377853171897,0.193073768556846,0.321437014613563,0.567076334488945,1.01664753699214,2.07995415414738,2.5965039645343,3.15529403607029,3.90229102984056,3.90622613529027
"2010-03-16",0.281478934931998,0.298229039412642,0.345394702727016,0.497341620609695,0.916937227770894,2.12573344322557,2.65683200294707,3.14962659227792,3.78287644883774,3.99686092513851
"2010-03-17",0.166638508376292,0.249130816887156,0.370128139354834,0.602532149084708,1.0310081408172,2.06341167958426,2.57703856458235,3.14477383559303,3.93222746088325,3.91778791779557
"2010-03-18",0.15855746737544,0.241344411739804,0.362740985304365,0.595798327629563,1.02506151729681,2.05674132670254,2.56825950865569,3.1317441304285,3.90646704417345,3.88910213672496
"2010-03-21",0.161589658633385,0.241967447434571,0.359910311484369,0.586609481103179,1.00516044331728,2.01732086597511,2.52326549110263,3.08500214044285,3.87125480433331,3.85577448590934
"2010-03-22",0.337002074484325,0.33794677387709,0.366024539427289,0.492306205228962,0.889520393785638,2.08996514590506,2.61784281058949,3.10410373323972,3.72444716455883,3.93368617397741
"2010-03-23",0.333440531801684,0.336854323252102,0.368909658669391,0.503349287048134,0.914503144187649,2.1300222324592,2.65649982708186,3.1378856277132,3.7488171763503,3.95465872032001
"2010-03-24",0.320736073295664,0.332533700121984,0.376212774373821,0.530507448245944,0.969227737327768,2.20980707361905,2.73511145494449,3.21110232234226,3.81173024402943,4.01387896993974
"2010-03-25",0.329738555956352,0.339714932541871,0.380169274211891,0.527208350959356,0.95233412525666,2.17548097063289,2.7005197230453,3.17956529851354,3.78695309241498,3.99157418546881
"2010-03-28",0.334539541105508,0.33611362545208,0.36753875788763,0.505601167096754,0.930738226399769,2.16800278420109,2.69253202405432,3.16613524025799,3.7617743067298,3.96209566197489
"2010-03-29",0.18955226837205,0.27430672705814,0.39834885829792,0.635665675394024,1.06981079938593,2.09545669240514,2.59296121656881,3.13038388421801,3.84665794262093,3.85036950061991
"2010-03-30",0.192495631302613,0.276790242809823,0.400161482037064,0.636201719059478,1.06803467985259,2.08832116995381,2.58325048797233,3.11783509315598,3.82920614296293,3.83044957016833
"2010-03-31",0.204497153453744,0.287519511664706,0.409054913324239,0.641671800510241,1.06755982996377,2.07563159532043,2.56569930441065,3.09590895488515,3.80140931791952,3.79624393641194
"2010-04-01",0.209924871038097,0.293898559355129,0.416781178777923,0.651820291274223,1.08157078875954,2.09523056179479,2.58565014122082,3.11363583372605,3.80652949941315,3.79534895347376
"2010-04-04",0.20582054548899,0.291901316731462,0.417796164343451,0.658352727973129,1.09730410222139,2.12726218644974,2.62207518680455,3.15112935644889,3.83378021117119,3.81871499214572
"2010-04-05",0.201480193139463,0.288264061646814,0.415173165717927,0.657619958837554,1.09984940065933,2.13650416361297,2.63394006258608,3.16526835694344,3.85021338389465,3.83710743868731
"2010-04-06",0.192334450779425,0.27714245113403,0.401250262119637,0.638647999414441,1.07276937914888,2.09714969075151,2.59308203205765,3.1274615200903,3.83153401347368,3.82404465386752
"2010-04-07",0.168707475857321,0.252182740491036,0.374429201365077,0.608570930620898,1.0378395536985,2.0573673624577,2.55507844425738,3.09540566155944,3.81618365586042,3.80202085394693
"2010-04-08",0.203592753764398,0.28976766911665,0.415834985457507,0.65684206775572,1.09706759661554,2.13298640917869,2.63282469977978,3.1699835835845,3.87697558299954,3.87754217529185
"2010-04-11",0.166052260302195,0.255482635797119,0.386181930220349,0.635599926895243,1.08959875509492,2.14867118079609,2.65413508498057,3.19232264207502,3.89307105577209,3.90807194334916
"2010-04-12",0.198402845220282,0.284120947618379,0.409529401444711,0.649310126895497,1.08742295229557,2.11926395976724,2.61784086885487,3.15463175927344,3.8670631688522,3.87565768385296
"2010-04-13",0.117809139422998,0.20959536497009,0.343588738461691,0.598787754037137,1.06151231483512,2.13066154738094,2.63491539043273,3.16658782929837,3.85265759216743,3.88460894884922
"2010-04-14",0.159782689297149,0.246893911238629,0.374270829557972,0.617578216535354,1.06128801966475,2.10141838523402,2.60111719929098,3.13661678500032,3.84508657874109,3.86484707402786
"2010-04-15",0.149731092443933,0.234289787318116,0.358057357407088,0.594892529532533,1.02833475242871,2.05375548196076,2.55245864160557,3.09328119616635,3.82914883825028,3.85624008693617
"2010-04-18",0.112954859776453,0.197986687199767,0.322475718081321,0.560789076645393,0.997279561289735,2.03178357189666,2.53587173563884,3.08307281022671,3.82382761398222,3.8377851306782
"2010-04-19",0.114864928709012,0.201198624925689,0.327528733475547,0.56914417377406,1.01087595772354,2.05291840125469,2.55756771423794,3.10220606887033,3.83045258602369,3.84367554395244
"2010-04-20",0.134641824240381,0.217491413919469,0.338894428837555,0.571673140515152,0.999380052832807,2.02124880644964,2.52436012490549,3.07566660256613,3.83457681843102,3.84306859644823
"2010-04-21",0.157499216441793,0.239087624193052,0.358650332624534,0.587925636448749,1.00927665288053,2.01626426406924,2.51202952786542,3.05483477677837,3.79539606193751,3.78956461106801
"2010-04-22",0.181833749132764,0.26270237985714,0.381219528206428,0.608521789409934,1.02636506925663,2.02572675731219,2.51826219389032,3.05814608849993,3.79738889896404,3.7939295684937
"2010-04-25",0.146302243456095,0.229138734935714,0.350457615230519,0.582850563611922,1.0090202094362,2.02194834302698,2.51704490017689,3.05539542111336,3.77888563500365,3.77230345764165
"2010-04-26",0.161907157429281,0.237369486356816,0.348123990960688,0.561089419891719,0.954582020883314,1.90787778236837,2.38539371920634,2.91633269196403,3.65800778144686,3.6326167661282
"2010-04-27",0.301997001086147,0.313490246340346,0.351794522638376,0.483993329541584,0.863113925496036,1.98649561437695,2.48839660952479,2.95769943822509,3.56411919259725,3.76929370078437
"2010-04-28",0.110219378300482,0.191366418795572,0.310297746474865,0.538413600962447,0.957808601504878,1.96096833073653,2.45514387519957,2.99600677423967,3.72698005533518,3.70415845195085
"2010-04-29",0.28253017538158,0.293031981266949,0.330968628522228,0.465201812752013,0.853283859070032,1.99916412126051,2.50694480179675,2.97911695974854,3.58648181689131,3.7917509604884
"2010-05-02",0.266892873099322,0.286721505600201,0.336080800563636,0.48605131109065,0.888387704469409,2.03707850209013,2.54358498896647,3.01560451339331,3.62454940427344,3.83052607851922
"2010-05-03",0.264868536955206,0.269889244691864,0.300190399285075,0.42130363829431,0.791145623373807,1.92230928004361,2.43312421388843,2.91205167404407,3.53170744433715,3.74140252593011
"2010-05-04",0.280351106671463,0.264890607775719,0.26957572585435,0.353944711835889,0.687237884026315,1.80806064055411,2.32543740528901,2.81134317012545,3.43928691446659,3.65166047536156
"2010-05-05",0.292835950561179,0.268346219966564,0.259567981299879,0.318633225773313,0.612672908690741,1.69945804384304,2.22659125187995,2.73346336999916,3.40020600943697,3.62665218099033
"2010-05-06",0.275628134582983,0.261279774753643,0.263694713201842,0.334513574957111,0.629145420009335,1.69065158061314,2.21342215923245,2.7238783250661,3.40522970989692,3.63760720150191
"2010-05-09",0.252217593466096,0.235373091888625,0.238421774408421,0.321390234148568,0.659548593707751,1.82919447410869,2.38193255135937,2.90801115314511,3.59505500937974,3.8280058592131
"2010-05-10",0.26312255324065,0.241407033255042,0.237740804812947,0.3094419027537,0.633056187567351,1.79807859307316,2.35915068870705,2.89772908038435,3.60558511221848,3.84596140593497
"2010-05-11",0.257577641770885,0.231294929315849,0.222603310970249,0.289094122817225,0.612805430093228,1.79155648997227,2.35657091633153,2.89617509976608,3.60203804686279,3.8414325902023
"2010-05-12",0.261297608854931,0.227190171553903,0.209399048462852,0.264845132849484,0.582940084178111,1.77477157186683,2.34567602949786,2.88861392018495,3.59583137274353,3.83540866816033
"2010-05-13",0.249594151654561,0.2222612012272,0.210995161026227,0.270024335943047,0.575772349366728,1.71691473318708,2.27184333882772,2.80577354286455,3.50832014433639,3.74693829204877
"2010-05-16",0.258873435926984,0.230507516964354,0.218511412613338,0.278026246207738,0.587735024837198,1.73422508427776,2.28617671871397,2.81385221652639,3.50445283323274,3.73868969534048
"2010-05-17",0.231902501095415,0.211939000714857,0.209148744904007,0.278074701491307,0.587118807547478,1.70759568273563,2.25246356597847,2.77881561032192,3.47438099937166,3.71092654291313
"2010-05-18",0.265603789175999,0.237212906473158,0.223812738808829,0.27715642877947,0.568805800355712,1.67108170204124,2.20886727843873,2.72670893481013,3.40834539763916,3.63987599109229
"2010-05-19",0.264459720031438,0.236645575294078,0.221727727042466,0.266366494191327,0.532082792027602,1.58277776665282,2.11335385469948,2.63467681935618,3.33275266475397,3.57097026068157
"2010-05-20",0.26990567520806,0.243354634714704,0.230128741432191,0.27728888237385,0.544416768177289,1.58073485502551,2.09773007939774,2.6022681295176,3.2739771305182,3.50283073824066
"2010-05-23",0.262251494253953,0.24075251197608,0.233297350734645,0.287065844535482,0.55596403197367,1.57750872723784,2.08801746561384,2.58833415621198,3.25740554611345,3.48567183121685
"2010-05-24",0.250225040464811,0.227681052798627,0.2175100065473,0.263218962418271,0.512806808996647,1.49830607177135,2.00326045409082,2.5051982259241,3.18479491075478,3.41748411078891
"2010-05-25",0.23980368426785,0.216989650324263,0.208396372170186,0.26198832427204,0.534427049918436,1.56505116260907,2.07583662618846,2.57351322176104,3.23555326708456,3.4610808618604
"2010-05-26",0.2434952687558,0.213974620240422,0.199856885103201,0.253827959120494,0.548424000128987,1.64043240206344,2.16208449705354,2.6578651104221,3.30346310550047,3.52215599742087
"2010-05-27",0.247800908902521,0.222772208329015,0.212731290793772,0.26807659300439,0.552254419438172,1.6106601180907,2.12506953316265,2.61994798186748,3.27106815923729,3.49221709948425
"2010-05-30",0.241912001012123,0.219044377359245,0.211564699785179,0.270083648526795,0.555599085318607,1.6054666915725,2.11399520611275,2.60281608491935,3.24571069803735,3.46405156176937
"2010-05-31",0.254484060500346,0.228168473644228,0.216934653140978,0.271656928496787,0.557390187150451,1.61597343808582,2.12571109473133,2.61305348612545,3.25088285762054,3.46722166994492
"2010-06-01",0.253730176340385,0.226806504051832,0.214658536336006,0.267580637314751,0.549991225513095,1.60158083954397,2.10862076508968,2.59353577321108,3.22828301693327,3.44358158118263
"2010-06-02",0.264301860971249,0.229004430733319,0.207279045701165,0.249185525002869,0.528504112404237,1.60551881504437,2.12513848918321,2.62012552549374,3.26538411692074,3.48399850869955
"2010-06-03",0.254002775013567,0.225362360739258,0.208519747539462,0.247481238759525,0.498002510808755,1.50378417378806,2.01362394717414,2.51504078431978,3.18677987099835,3.41602955304682
"2010-06-06",0.24754668847849,0.220125658336713,0.204873585770623,0.246304980114802,0.499771667736817,1.50761045665258,2.01726030710177,2.51819435813285,3.18908565888401,3.4180337243716
"2010-06-07",0.252313983564701,0.219454451471932,0.197000097101579,0.226903198503296,0.465543850741225,1.4586377250892,1.96646412431689,2.46696176201777,3.13818985030352,3.36730917477146
"2010-06-08",0.230381538772654,0.206030441705475,0.194652310363933,0.241685482223013,0.500535187859672,1.50685197185365,2.01281090960112,2.50941400705659,3.17402716563391,3.40080354330376
"2010-06-09",0.22705932164071,0.202274368221674,0.191685463364928,0.243734015808974,0.517837049957621,1.55446121149074,2.06430696835536,2.55819359506764,3.21175137431999,3.43406288176843
"2010-06-10",0.244157656541768,0.21289164535231,0.193892333447513,0.233006375810058,0.49201844930488,1.51904203368135,2.0302798761814,2.52695070819947,3.1851303665024,3.40906819770201
"2010-06-13",0.230368287133825,0.206222113383727,0.196149227961172,0.248258652180964,0.521464297711669,1.56280763796978,2.07993282352878,2.58403235453843,3.25478074647235,3.48328465978191
"2010-06-14",0.214392964735657,0.196466291195831,0.19399703760698,0.256543544431348,0.539154883478355,1.58348959341976,2.10147903526898,2.60817511409868,3.28512890664624,3.51604469912281
"2010-06-15",0.276010448388061,0.241057401557757,0.217984205250462,0.253084136465071,0.514442383653259,1.57136448796008,2.10001533066363,2.61418998479222,3.29594761667335,3.52792962364779
"2010-06-16",0.218255988973972,0.201559456733231,0.20010322115597,0.262587219254259,0.541247508515391,1.57598747226607,2.09380761179451,2.60352957626054,3.28847338784808,3.52251194796646
"2010-06-17",0.233894666087477,0.221559872221644,0.226796328590521,0.302381489675188,0.602704836799237,1.65980210643076,2.17332652953499,2.67118641495281,3.3318111642187,3.55675786711113
"2010-06-20",0.307390235685231,0.289510822209004,0.28865194354961,0.357823824812219,0.657253436047155,1.72207969890503,2.23315813539179,2.7233415932551,3.36733228140102,3.58600638982086
"2010-06-21",0.261351838274215,0.249544607791097,0.254541563020069,0.327044743013587,0.616398453717545,1.64455081538457,2.14887906299601,2.64082899057405,3.29713760371434,3.52095325278474
"2010-06-22",0.252136356431536,0.247604592909281,0.260232385253325,0.339279608542612,0.622908675134642,1.61459514122362,2.10885805696915,2.59847657846565,3.26180361853034,3.48909933994052
"2010-06-23",0.3317918438543,0.302968436526872,0.285132557547273,0.320403220981358,0.561063280754461,1.54684628978196,2.05299863370003,2.55444223143435,3.23050008788873,3.46164376508498
"2010-06-24",0.33898713094002,0.315539028526677,0.303990485029577,0.34692863811965,0.591218652823453,1.56480061781023,2.06484985843886,2.5622123693421,3.23582763425974,3.46648265408857
"2010-06-27",0.244928066790338,0.24614837754831,0.263927344456977,0.344173198795176,0.611502267275217,1.54790576220898,2.02946106724071,2.51904618312969,3.20034542285325,3.43595129373241
"2010-06-28",0.315526655725071,0.305920896773542,0.309333558114683,0.366545637006541,0.604415742853386,1.51428216630314,1.9949815724689,2.48735647059741,3.17547847461543,3.41366722373586
"2010-06-29",0.284312312219758,0.291013675585047,0.314107757601508,0.397072099864892,0.651931405220874,1.53010743390233,1.9893040662591,2.46459595828724,3.13987318662686,3.37529850291123
"2010-06-30",0.149069149940106,0.20950316799889,0.298431857836436,0.470233272929137,0.79067747957773,1.58685466067792,1.99987021523572,2.47643551045787,3.22289891747887,3.27396507304314
"2010-07-01",0.111334699399347,0.173604218786325,0.265216523061819,0.442141963101449,0.77191620217688,1.58975358684713,2.01290792611407,2.49981489907707,3.25576193474888,3.30079069220045
"2010-07-04",0.0944536931501742,0.155788413903297,0.246038813732704,0.420381058381758,0.74551886971985,1.55308579488579,1.97184944158428,2.45491843066356,3.21178560990839,3.26548280880465
"2010-07-05",0.144541103065611,0.20555590237338,0.295350203330286,0.46886235479628,0.792642887965123,1.59809853618068,2.01665749329318,2.50055402986915,3.26350785552353,3.32142826996158
"2010-07-06",0.15728374494647,0.218653762425463,0.308958962190619,0.483416764002905,0.808804376278212,1.61718079428715,2.03645637666675,2.52014441619815,3.27707056630399,3.32777061831351
"2010-07-07",0.190000718833522,0.25165840134479,0.342366150370238,0.517528837195075,0.843954464800296,1.65300191938424,2.07118814674879,2.55172386420209,3.29289191304082,3.32887448966245
"2010-07-08",0.175723452939563,0.238878623394427,0.331745300470512,0.510922905205375,0.844249254918715,1.66647582968499,2.08860097892323,2.57002427748824,3.29350653182341,3.30719739701432
"2010-07-11",0.119852694339479,0.182641494239614,0.274988965508037,0.453233331317657,0.785084161424597,1.60546920783115,2.02801063617794,2.51171917255853,3.2490830542822,3.27678067283821
"2010-07-12",0.151294074748546,0.214784282510403,0.308154095427105,0.488339161959318,0.823678808765471,1.65182224663758,2.07769521700509,2.56431926195237,3.30076388777201,3.32113811497575
"2010-07-13",0.168934251592546,0.232804111123389,0.326727539038097,0.507964419280024,0.84519839298646,1.67757961825998,2.10529397047904,2.59356474025552,3.32976745154601,3.34639381751052
"2010-07-14",0.196595785629974,0.259836233922589,0.352832184947003,0.532272628483744,0.86613757453258,1.69000965428652,2.11319270053098,2.59605658577931,3.32249824066944,3.33635695737882
"2010-07-15",0.1458042989054,0.209434636499715,0.303002253071059,0.483540178815242,0.819428035354939,1.64820004265626,2.07387189331525,2.559614467439,3.29147229195987,3.30830821420391
"2010-07-18",0.236396134889821,0.29844391700942,0.389707632409792,0.565881028320155,0.893951102750352,1.7054268618788,2.12362617459666,2.60253658049518,3.33181885978954,3.35523387734676
"2010-07-19",0.266785312814638,0.326821465510321,0.415157903628261,0.585790830332908,0.903959553452917,1.69375494615088,2.10284137191695,2.57392779473987,3.30492043413877,3.34366699204608
"2010-07-20",0.207264119141029,0.268637311407772,0.358931784348344,0.53331475471036,0.858356493774812,1.66443988228812,2.08143392581963,2.56102748882055,3.30294309542325,3.3413492692268
"2010-07-21",0.183688577250952,0.246854916861478,0.339765182059991,0.519121861287556,0.853139928405635,1.67949870458221,2.10553118425898,2.59369082840609,3.33937704631318,3.36755154208387
"2010-07-22",0.233004535869373,0.296024755875853,0.388712383165969,0.567612026780822,0.900673986712185,1.72391842554306,2.14775303494727,2.63256103349281,3.36778640341497,3.38771101501432
"2010-07-25",0.238518367864498,0.304096850698564,0.400491521027145,0.586352376511808,0.931644590751986,1.78022515447927,2.21354793114931,2.70475347200442,3.42692334001495,3.42151280451186
"2010-07-26",0.239267884835439,0.305506968710629,0.402858707701114,0.590516095794433,0.938961495266624,1.79404152810402,2.22975850987741,2.72248672407629,3.4404551684292,3.42717320191769
"2010-07-27",0.23279886274441,0.297869866309248,0.393550938230755,0.578148701209316,0.921518058363846,1.76819814078111,2.20259039275384,2.69753991794978,3.43774022083861,3.44543444631734
"2010-07-28",0.261631673441982,0.324580496011718,0.417182209730115,0.595982719136725,0.929111384894157,1.75421097852495,2.18023311748787,2.66909380092724,3.41841482617427,3.44742351460083
"2010-07-29",0.243927915444249,0.30595660897322,0.397206359660463,0.573402132944721,0.901700105517818,1.71499893573959,2.1350628385456,2.61728521655561,3.35780470901819,3.38864585159039
"2010-08-01",0.261088239636277,0.323255843299739,0.414714213805765,0.59132766645404,0.920459366383646,1.73618811251187,2.15776299624483,2.64202302028284,3.38700000381961,3.4190319734425
"2010-08-02",0.263565781121288,0.321927627197086,0.407849460875644,0.573989769556545,0.884431467348742,1.65949286564625,2.06426062020977,2.53467089949743,3.28821977890625,3.35641818097205
"2010-08-03",0.280291117423512,0.337999913715031,0.422955710685425,0.587211839950618,0.89407047549406,1.65974348239556,2.05926209969546,2.5230925861209,3.26308922816019,3.32583666347821
"2010-08-04",0.274505229678439,0.331589376991876,0.415614978873526,0.578035468206662,0.881324163215907,1.63713167953644,2.03079562173093,2.48692461040636,3.20978548174914,3.2655940310201
"2010-08-05",0.281501979231057,0.337059541533474,0.418855080280473,0.577024467036039,0.872600849462562,1.61073278469905,1.99633724181609,2.44460862642873,3.16310117307361,3.22801760748606
"2010-08-08",0.263038506983259,0.31936181239074,0.402287676356637,0.562653154986036,0.862373010838133,1.61112825843094,2.00249306017016,2.45774354907444,3.18909587824642,3.25735669967665
"2010-08-09",0.232940524304417,0.290077324493367,0.374206948608447,0.53692165774757,0.841114595655605,1.6016362190409,1.99962066461299,2.46323387952194,3.21232242438325,3.28848692054892
"2010-08-10",0.209484959936461,0.263344192919161,0.342702587278362,0.496381336691554,0.784411696683226,1.50955753139371,1.89280444809075,2.344185108763,3.10119251155357,3.21122515471742
"2010-08-11",0.190508898241423,0.244988836427251,0.325254809098758,0.480666646417617,0.771852917736529,1.50431924249734,1.89098056014606,2.34581519510118,3.10573014603152,3.21337192668981
"2010-08-12",0.227195766539211,0.279770586711858,0.357254595941722,0.507367059095775,0.788954047882259,1.49952622427887,1.87629014961479,2.321596066021,3.07682039991386,3.19571121015466
"2010-08-15",0.231935616391642,0.282861546664717,0.357907314582342,0.503267533099586,0.775831319398018,1.46287966700532,1.82660306107099,2.25575110188931,2.97932066867864,3.08818081868206
"2010-08-16",0.24177394969558,0.29397457324109,0.370854202775681,0.519610233791016,0.797947625201037,1.49545643944479,1.86166143012894,2.28976826454465,2.98940488118603,3.0689839898157
"2010-08-17",0.23973553286689,0.290554433831835,0.365419864701511,0.510351407682729,0.781809480643965,1.46398394119748,1.8235629051354,2.24577878591994,2.94613369264597,3.03796850337656
"2010-08-18",0.249809092036476,0.299741637641582,0.373308592630007,0.51575194945373,0.782646389644136,1.45401486364005,1.80838841853344,2.22512124344768,2.9197828593196,3.01463238422322
"2010-08-19",0.200846804386368,0.25148436586067,0.326058661112225,0.470342644808242,0.740270288576355,1.41643750243997,1.77126272037097,2.18588444854729,2.86301985397866,2.94050216467659
"2010-08-22",0.183213211308729,0.235127058193131,0.311559833538383,0.459365609697192,0.735601848081606,1.42566017960762,1.7863613797368,2.20603823278184,2.8816528210992,2.94799448700104
"2010-08-23",0.203026403307452,0.251231653246447,0.322236956807118,0.459661623841951,0.716930574735112,1.36257623471253,1.70226530266532,2.10033049832591,2.75654338900941,2.83848920932152
"2010-08-24",0.208490500067883,0.256238377432609,0.326533381363221,0.462454980952313,0.716422659981631,1.3504291763459,1.68148903201408,2.06618334024976,2.68214298323062,2.73759495044394
"2010-08-25",0.195267598194178,0.244101060166052,0.315948599180239,0.454712324007852,0.713385903489967,1.35502625158538,1.68703838021421,2.06896135959054,2.65966358749066,2.68920084448931
"2010-08-26",0.223470511160684,0.273397635007817,0.346835875982153,0.488607424208888,0.75264372803907,1.4059127571259,1.74269101611991,2.12846422310599,2.71600929050665,2.73412919602353
"2010-08-29",0.223842115255815,0.270845959479627,0.340038211827989,0.473801638838311,0.723638155674182,1.3466481479616,1.67144895221162,2.04818526982026,2.64744538329403,2.69639707310399
"2010-08-30",0.220264048638225,0.266822217927971,0.33536879169758,0.467920357307071,0.715631371796404,1.33428636013492,1.65752098256308,2.03335368888151,2.63620922959999,2.69140811265456
"2010-08-31",0.216800097396,0.26625980158571,0.339068883648687,0.479830352366075,0.742760632512677,1.39859333331415,1.74064676599457,2.13760195255282,2.77046634256421,2.82441863145566
"2010-09-01",0.209766786957523,0.26073801264678,0.335778159599242,0.480873886980486,0.751979848663132,1.42875496088491,1.78214451341505,2.19279891299258,2.8505919226427,2.91048446559016
"2010-09-02",0.206738530899012,0.25976430445957,0.337825327307493,0.488748780454748,0.770693688647581,1.4741980793607,1.84131486188265,2.26765077853224,2.94940341682005,3.01071555441761
"2010-09-05",0.196813664063879,0.249604208852981,0.327328035181391,0.47763139311628,0.758538507974756,1.46027749188328,1.82708405719476,2.25384625968655,2.94055232219498,3.00722149110978
"2010-09-06",0.360433060295141,0.356707319484937,0.363892652141231,0.41477081469505,0.607954195096351,1.34602064221223,1.74723742366401,2.1685862864912,2.774095343697,2.98597263618198
"2010-09-07",0.199471436582993,0.250523010818524,0.325684830317835,0.471027737359857,0.742641198379959,1.42100459105018,1.77547196944022,2.18771797519822,2.85013494734515,2.91326590953027
"2010-09-08",0.232425688138024,0.284743888941898,0.361737139440553,0.510504518603126,0.788073529027106,1.47826406341075,1.83663799759464,2.25047258800445,2.89900763316585,2.94119638940627
"2010-09-09",0.238382793798298,0.292675568127392,0.372558672640633,0.5268538223585,0.814524030719306,1.52837725390021,1.89795357992349,2.3233160745028,2.98212382865333,3.01557072909783
"2010-09-12",0.236555896369143,0.291202475623179,0.37162970277838,0.527058345820137,0.817154554928389,1.53916548854976,1.9145568625273,2.34867575723636,3.03238539859249,3.08072828647131
"2010-09-13",0.232717505779582,0.285659402413073,0.363589160696384,0.514231385304797,0.795545702048834,1.49673426700091,1.86206667604474,2.28554088241909,2.95784855792645,3.01162846428173
"2010-09-14",0.249228713713708,0.302782748682439,0.381618118145322,0.534026866595722,0.818700319893378,1.52867192571183,1.89888324192788,2.32840003747293,3.01237272412411,3.06942717937427
"2010-09-15",0.273654909340643,0.329392991793682,0.411418541629298,0.569907417132732,0.865605929486138,1.60079243400498,1.98244185989134,2.42299153776539,3.11192895062401,3.15396224756376
"2010-09-16",0.277876211636066,0.331424037310744,0.410244855221659,0.562606351069833,0.847117851252168,1.5561586831965,1.92546863235844,2.35335600569983,3.03098597033244,3.08210615591683
"2010-09-19",0.274779102263782,0.330494082563883,0.41246267181001,0.570761134918573,0.865800489664061,1.59728145809563,1.97548110528195,2.41009299262135,3.07923088486516,3.10787643546133
"2010-09-20",0.276569425848868,0.331353835392076,0.411962404048221,0.567665983231551,0.857988026118573,1.57857502625295,1.95172594136368,2.38126890536668,3.04634718495551,3.07883866463443
"2010-09-21",0.258543786410697,0.310508935545092,0.387006973476874,0.534902661940866,0.811167042056134,1.50029497566233,1.8597198578652,2.27680410175551,2.94113195479921,2.99618334476398
"2010-09-22",0.256244708295549,0.308034888271303,0.384256016654986,0.531548622374792,0.806429873482858,1.49035410860779,1.84576343438631,2.25650917982524,2.90156895873804,2.94429822204499
"2010-09-23",0.275901498853797,0.328833355576728,0.406733438654359,0.557265950452448,0.838175759338783,1.53696784348455,1.89999514420176,2.31938529946884,2.9769124261743,3.01872599684999
"2010-09-26",0.279493418940146,0.331172854961866,0.407217214282288,0.554119873482783,0.828089663980563,1.50848052073527,1.8611022482602,2.26737575240461,2.89831389104513,2.93123018910749
"2010-09-27",0.297909847743188,0.347459276999239,0.420409128282279,0.561472830716042,0.825079141436191,1.48331331084365,1.82709966129867,2.22658969726702,2.86519944217199,2.91947719228358
"2010-09-28",0.342941388853004,0.39109649767239,0.461999456109996,0.599125629021298,0.855450623152397,1.49600623279696,1.83090926412979,2.220483112785,2.8449171446935,2.89892116376847
"2010-09-29",0.421950242015578,0.468586468301302,0.53726274250067,0.670116197992552,0.918579867364413,1.54030825179117,1.86593140568368,2.24535369172222,2.85600766194781,2.90978512837987
"2010-09-30",0.447910247671868,0.494081875928738,0.562069844637094,0.693577143114646,0.939466755896715,1.5543494729921,1.87606729937048,2.25048917821863,2.85018724977364,2.89877857943844
"2010-10-03",0.41687549767331,0.462940687784668,0.530779542737527,0.662025227318368,0.907528263396244,1.52216396750582,1.84430589859157,2.21997113461723,2.82619047520222,2.88140068143793
"2010-10-04",0.416858712832858,0.463551435818117,0.532318366790569,0.665373347495338,0.914313152363033,1.53791423301573,1.86502599741591,2.24684132247147,2.86498335617029,2.92370476587544
"2010-10-05",0.422499004489665,0.466871750863819,0.532257142208614,0.658892817977617,0.896291761197138,1.49421504751558,1.81027558865827,2.18234133001633,2.80223990373304,2.88189008648785
"2010-10-06",0.442170939963485,0.487314349396871,0.553830945620701,0.682641980617937,0.924059591726516,1.53168666778678,1.85255546413859,2.22984703386681,2.85582167682319,2.9327977141612
"2010-10-07",0.412279807907161,0.457842912187132,0.524977062096023,0.654981170595058,0.898625058363212,1.51180660505903,1.83559205124004,2.21632977265649,2.848579953872,2.92785752517106
"2010-10-10",0.434910853362661,0.481005543854858,0.548905364993388,0.680330408900746,0.926401905387284,1.54405821844826,1.86897157458528,2.24940442916376,2.87173208800516,2.93816211124655
"2010-10-11",0.538466893932042,0.537889982505115,0.548755403743178,0.603712047917838,0.795074587873137,1.49153851469441,1.86026172977103,2.24197517158783,2.78288335349693,2.97117109818156
"2010-10-12",0.390578965629141,0.437162849408603,0.505797549408001,0.638695262538086,0.887716498664172,1.51412943964747,1.84468971444607,2.23314435125635,2.87713317362152,2.9572209154558
"2010-10-13",0.399524356281142,0.447589672147562,0.518374776785463,0.655323157147663,0.911504677456905,1.55297206148461,1.88927111588671,2.28160876935973,2.91613111895916,2.9764955366589
"2010-10-14",0.445048177184019,0.492393293303451,0.562155266491362,0.69725557846345,0.950478248771724,1.58794907576596,1.92468584956197,2.32079604747734,2.97912449190329,3.06184799782342
"2010-10-17",0.487021872216642,0.53400022250851,0.603207793571965,0.737185231499491,0.988114852955085,1.61848911341491,1.95046071129027,2.33959234614785,2.97803012716337,3.04738038273881
"2010-10-18",0.526713335768074,0.573512859517886,0.642459821592833,0.775942565083951,1.02598197910911,1.65435197873092,1.98542197668641,2.37365979065077,3.01108583277999,3.08000556253453
"2010-10-19",0.578784424703902,0.62521260104525,0.693586420050711,0.825867918542492,1.07330735092292,1.69270212387089,2.01718481546595,2.39521475631001,3.00122006319395,3.04788884606378
"2010-10-20",0.530850140733877,0.581404952947794,0.655781091225239,0.799413078072094,1.06709286128397,1.73040629436292,2.07292630121724,2.46562543949724,3.06112168904635,3.0681545635644
"2010-10-21",0.556358250763202,0.60614816098205,0.679390668200979,0.820804137755163,1.0842369257551,1.73623106238487,2.07228486505099,2.45670929317574,3.03426218286503,3.03321759888108
"2010-10-24",0.573265479539061,0.621001192859841,0.691255171343269,0.827014950539976,1.08035641554169,1.71037584580005,2.03732927682589,2.4142153632549,2.99599637766008,3.0137844230002
"2010-10-25",0.588358535163084,0.637973812909128,0.710950254423489,0.851817767647276,1.11411052943984,1.76242796694699,2.09593330538844,2.47656245774695,3.04319169190564,3.03496554898069
"2010-10-26",0.559850661154016,0.612025199910145,0.688747576328893,0.836781967768162,1.11217920228493,1.79128759954704,2.13948233489919,2.53545950936437,3.11802986453222,3.10248913026423
"2010-10-27",0.590466252977494,0.641705742960326,0.717048571001,0.862404911580302,1.13275662557345,1.79895584426682,2.14014596285951,2.52758480500696,3.09360477773842,3.07193880187273
"2010-10-28",0.582593013510468,0.632114180657376,0.704969210925726,0.845661961106124,1.10785524587151,1.75747211188197,2.09280034544202,2.47701638112096,3.05735180379223,3.0595590046441
"2010-10-31",0.563148871496341,0.612455843691509,0.684982602757726,0.824995431604764,1.08574792310512,1.73061822622538,2.06263025842249,2.44194120742627,3.00899995188614,3.00425881330309
"2010-11-01",0.552926129818454,0.60308212371035,0.676819044786338,0.819032756013387,1.0833724514201,1.73364024664942,2.06586225991066,2.44210774933328,2.98670274024941,2.96024306783771
"2010-11-02",0.576417317852451,0.623706939441155,0.693267782493767,0.827559823020246,1.0776755309127,1.69633415817181,2.01489564908616,2.37884936215061,2.9224271646497,2.91617945916001
"2010-11-03",0.551925560893406,0.597954815981887,0.66573525051768,0.796848127334353,1.04202392240238,1.65522945630033,1.97609122724997,2.34943286736459,2.94558204596048,2.9891935041383
"2010-11-04",0.561705005363395,0.608046079939616,0.67627950314989,0.808246929774896,1.05493810732104,1.67136233834392,1.99347741371813,2.36770886320892,2.96202068132954,3.00139740693218
"2010-11-07",0.562010071449751,0.607717769586096,0.675027495251944,0.805239615062454,1.04876777925615,1.65809848330295,1.97710945833655,2.34851414345627,2.94261239306513,2.987022341019
"2010-11-08",0.558689645071433,0.604943637044993,0.673052249829252,0.80479022754635,1.05109767867297,1.66687085802397,1.98887273728354,2.3632626380852,2.95937213218028,3.00061059861697
"2010-11-09",0.570008975781202,0.615936382735323,0.68358437935412,0.814502552357137,1.0595475737486,1.67402739096494,1.99674947409096,2.37380330607444,2.98441218147067,3.03917723751357
"2010-11-10",0.567588212016557,0.613075108322317,0.680082609968665,0.809790507784926,1.0526812875031,1.6625220297473,1.9833760546872,2.35898347016232,2.97130662150408,3.03097017299073
"2010-11-11",0.551519048688009,0.601547797129037,0.675161982634654,0.817364426246518,1.08253812864022,1.74070853658285,2.08135346616499,2.47288971373915,3.0717364378872,3.08453380845236
"2010-11-14",0.535294522825731,0.587547979541246,0.664409030915811,0.81279034584341,1.08913438081794,1.77264965910151,2.12466550581642,2.52705225460343,3.13081235322418,3.13030948312674
"2010-11-15",0.524183172660806,0.57836536666032,0.658055342243178,0.811869680105841,1.0982261671136,1.80580276755086,2.16970732168516,2.58506986508458,3.20537843976819,3.20204924881263
"2010-11-16",0.490830559505896,0.546613068114988,0.62861478189814,0.786744456424775,1.08058135417881,1.80290302433521,2.17164574267649,2.58903477126855,3.193887149806,3.16879075446763
"2010-11-17",0.474059001936205,0.534072186608311,0.622236825484211,0.792054387307209,1.10686958228679,1.8757858351086,2.26467623422557,2.70025695567983,3.30734604420889,3.25331906137995
"2010-11-18",0.471907119588055,0.532224348587758,0.620823435880693,0.791435134620416,1.10756179828579,1.87860103234283,2.26777245410755,2.7026567358223,3.30344740925462,3.24334295561754
"2010-11-21",0.451391895861796,0.510275873014455,0.596795077357921,0.763490693776274,1.07269942121231,1.82918748040571,2.21277213479516,2.64375702717692,3.25266154366319,3.21074115753142
"2010-11-22",0.405646088960322,0.461856944959201,0.544487387537845,0.703826606155686,0.999903569821775,1.72774309666969,2.09937766322736,2.5202621750115,3.13285055702515,3.11342347385884
"2010-11-23",0.402602200238886,0.463022342182359,0.551792455840943,0.722803332229032,1.03993630236636,1.81528812835366,2.2080718738857,2.64895987178533,3.2699723520693,3.22562314493413
"2010-11-24",0.381421235323233,0.44337772884077,0.534384920303744,0.709635136036551,1.0343658355835,1.82653270154265,2.22655788832507,2.67397419630892,3.29607549406321,3.24223297199742
"2010-11-25",0.346232006435724,0.410303726542532,0.504379673846073,0.685405907570953,1.02033871011091,1.83406380474813,2.24256681426946,2.6964559494228,3.31240392745517,3.24141621386771
"2010-11-28",0.341805887415634,0.406044904205898,0.500384873457389,0.681983355658855,1.01821683741628,1.83672854927224,2.24883281644607,2.70826176563211,3.33991719234417,3.27765642459742
"2010-11-29",0.385302213923617,0.444244562799446,0.530854689348825,0.697743812686369,1.00738291247895,1.76544810995547,2.15026428063013,2.58327220707072,3.19943951256391,3.16431187917269
"2010-11-30",0.390258906336985,0.452071127975535,0.542879199465479,0.717790698101814,1.04206241971541,1.83424630098053,2.23511822545148,2.68455801577517,3.31521925377848,3.2679141178706
"2010-12-01",0.365620460921357,0.42962038381264,0.523614299850906,0.704564262207921,1.03966251211485,1.85583582648482,2.26705916558583,2.72585499504107,3.35813825383236,3.29708901573408
"2010-12-02",0.487931805083444,0.488246048736451,0.509058651893166,0.605221831029319,0.915360319569289,1.8964152149577,2.34765773303821,2.77427867294108,3.32964119012668,3.51784630566286
"2010-12-05",0.485485290079789,0.487127943679347,0.507739491571933,0.598366911217136,0.890145445161848,1.84186548884943,2.29657538249114,2.73711554741874,3.3227782748345,3.52237566718727
"2010-12-06",0.343237858008731,0.410649923980033,0.509670933210681,0.700354262976992,1.05368932827136,1.91574692429017,2.35121275289184,2.8385799005907,3.51930039433664,3.46677033433469
"2010-12-07",0.334552087571339,0.40665843521287,0.512477010282796,0.715909089111227,1.09158501090693,1.99957894458158,2.45200331578278,2.95045367374325,3.60567541173145,3.50511041685856
"2010-12-08",0.372572578043409,0.442342442679985,0.544722879362554,0.741512580595231,1.10479656496461,1.98195281918174,2.4183107693804,2.89807032514078,3.52244601607013,3.41658365396157
"2010-12-09",0.380385625911411,0.45194269098538,0.556829422109202,0.758036057585992,1.12800498943924,2.01214692094754,2.44595659880683,2.91646431514896,3.50825917570571,3.40293101216658
"2010-12-12",0.364384774849141,0.435937043396219,0.54089992072383,0.742539068044233,1.11435257236792,2.0094086267321,2.45283383708585,2.93827198410908,3.56188880369586,3.45031717608162
"2010-12-13",0.338891915037427,0.414806011453972,0.52602942029821,0.73922184147592,1.1306167292527,2.06233635687089,2.51730383780209,3.00881139551153,3.62575557810451,3.52853089199484
"2010-12-14",0.345064287435816,0.419258945280506,0.528052820046787,0.73689644863356,1.1214317352038,2.04371313033786,2.49851112764067,2.99438780345931,3.62842813688352,3.52376662271884
"2010-12-15",0.35300288140646,0.429711671366771,0.542091824939238,0.757475037122898,1.15279241096519,2.09318300179087,2.55189033840278,3.04679544117225,3.6645220456813,3.56242574555502
"2010-12-16",0.332742879750906,0.407253024934221,0.516508538437997,0.726235223429179,1.11238667749969,2.03851439789412,2.49522426263972,2.99327297268257,3.63129430937756,3.52879198599375
"2010-12-19",0.3460434988304,0.417109869328725,0.521385277881602,0.721791373386916,1.09165536979216,1.9840893581886,2.42763450247189,2.91483195945819,3.54716367312767,3.43892962000574
"2010-12-20",0.317362301668591,0.389644217015715,0.49569847191861,0.699507060293577,1.07559096470093,1.98266136251617,2.43323738287811,2.92790013534734,3.56917098584795,3.45946470069112
"2010-12-21",0.232154433974815,0.306213192182556,0.41485501043386,0.62356894802862,1.00845662921578,1.93519382526406,2.39448529706536,2.89754557093336,3.54551072664963,3.43250164331731
"2010-12-22",0.267803467702348,0.340721640673491,0.447723417977008,0.653402065541425,1.03312437385432,1.95027441562695,2.40686786793594,2.90952900801891,3.56962584208941,3.46979588851612
"2010-12-23",0.262217292145601,0.337153701970625,0.447089698058137,0.658313106829149,1.04791465423612,1.98655850918146,2.45213911001304,2.9625470938528,3.62197706661497,3.50890000610376
"2010-12-26",0.261796761072098,0.336460879731855,0.446004732753991,0.656500167099909,1.04485404145007,1.98111535063788,2.44595905986967,2.95610511152892,3.61781185261848,3.50735085310679
"2010-12-27",0.248139538169085,0.321040726423538,0.428027685320118,0.633713252428948,1.01358252911669,1.93200423055674,2.38992383702034,2.89496908977188,3.56349337669865,3.47002954151435
"2010-12-28",0.25478024584627,0.328096574064052,0.435698628051977,0.642587043119399,1.02475336833858,1.94921949301076,2.41049704889754,2.91965623562714,3.59545324966987,3.50275526227195
"2010-12-29",0.235702570267543,0.307501815748639,0.412896818527386,0.615609796894134,0.990320224414635,1.89848584766865,2.35291970118541,2.85620314163812,3.53337642109934,3.45290314374154
"2010-12-30",0.217975849112831,0.289099124993543,0.393513561041385,0.594381423676338,0.965835308443316,1.86714650827505,2.31891876384532,2.82024763094865,3.5001529994356,3.42641678230444
"2011-01-02",0.237560069225075,0.30722254233049,0.40951519444839,0.606380713002176,0.970731621569504,1.85679509660361,2.30236966004861,2.79864105210951,3.48097258271303,3.41818107799821
"2011-01-03",0.234809643682033,0.304742870578999,0.407415785132964,0.604952804735004,0.970320259494946,1.85735374975308,2.30233022286095,2.79657984232183,3.46933156596859,3.39949350833255
"2011-01-04",0.244614453796058,0.31714672159142,0.42359936367938,0.628282426565081,1.00639306105078,1.92118010698291,2.37773633072155,2.88184392975604,3.55202160219379,3.46191839438453
"2011-01-05",0.234256181108012,0.305870438878909,0.411005182366403,0.613256994051191,0.987263345120745,1.89471835284219,2.34952938202793,2.85417022769121,3.53815849377935,3.46330075416199
"2011-01-06",0.236781660981512,0.305937113108913,0.407503181268495,0.603032986916189,0.965147800499575,1.84736091304013,2.29216896033616,2.78908793415514,3.48030445274159,3.42684390728846
"2011-01-09",0.24636562369203,0.315112787984603,0.416088854547094,0.610516376922021,0.970715523544071,1.8490938950952,2.29256673502863,2.78873357397221,3.48252216575117,3.4328510384916
"2011-01-10",0.28898328549094,0.357973102674096,0.4593020016467,0.654396187219234,1.01578092546657,1.89668846356385,2.34114076911458,2.83796450311563,3.52967465900996,3.47523678181301
"2011-01-11",0.290548188354291,0.364857455736031,0.47390595446157,0.683537483040476,1.07062663450963,2.00601044536862,2.47198178979609,2.98530860079895,3.66073156736056,3.55947368036987
"2011-01-12",0.329330102326047,0.408170271685927,0.52354384736067,0.744219413391192,1.14761966550769,2.09706792574909,2.55340983697026,3.03825599254827,3.61573675714706,3.50105584428405
"2011-01-13",0.358563276107598,0.438478442251636,0.555284162852806,0.778217021164353,1.18400312925323,2.12868606406341,2.57626141916329,3.04543782310997,3.58957720630837,3.48775285488863
"2011-01-16",0.372122056418338,0.45005499086564,0.564079183973324,0.782099054613578,1.18037203653888,2.11607923777769,2.56472193009466,3.04021656776044,3.60273312349006,3.48924350856206
"2011-01-17",0.422135579949684,0.502638997156483,0.620269331519212,0.844655207394344,1.25264585735237,2.19976440024343,2.64671941656974,3.11331528023806,3.64764257936931,3.5429327267771
"2011-01-18",0.365126772614838,0.446624847545549,0.565755973535045,0.793166122359618,1.20723383012333,2.17181797915275,2.62902723283557,3.10813266613117,3.65877439327123,3.54336768526647
"2011-01-19",0.434680502816333,0.517144684466408,0.63756965715328,0.867046666345444,1.28343474799717,2.24503125613291,2.69577506016745,3.16349113123858,3.69415843204044,3.59644294180943
"2011-01-20",0.448171035271393,0.533998313385616,0.659110856522925,0.896759358952673,1.3252519956334,2.29896221924476,2.74573659687924,3.20014988995998,3.69540002943377,3.61019646159549
"2011-01-23",0.436406638015551,0.51985913925327,0.641633429724143,0.873360917800744,1.29267738819961,2.25419235945931,2.70060547110021,3.15952352918405,3.66855215212171,3.5727942962416
"2011-01-24",0.668437388374518,0.662165286639403,0.687477706285656,0.823522687068233,1.24532929989428,2.3595882630623,2.78121835081497,3.1403317009901,3.57619926998776,3.72194808769775
"2011-01-25",0.503001716104127,0.584397247101651,0.703295195386564,0.929977053339009,1.34170721401311,2.29501105992525,2.74342167305798,3.21028198444521,3.74414865317236,3.64617992651271
"2011-01-26",0.530274514093047,0.613295020173921,0.734462473512821,0.965115342148121,1.38277455874374,2.34216647522951,2.7886222634942,3.24856858609045,3.76083896962216,3.66350401038623
"2011-01-27",0.56640507385291,0.648241987668622,0.767578978361965,0.994398569686224,1.40388087681575,2.33752457678729,2.76799174566348,3.20812556354643,3.69657876897683,3.62026566430396
"2011-01-30",0.594825965663913,0.674664967887363,0.791143864235991,1.01272064120532,1.41342493600404,2.33120462263056,2.75706976751462,3.19543367514031,3.6922886006585,3.62229264657401
"2011-01-31",0.570077365426427,0.654144511318584,0.776705380129292,1.00955664217947,1.42958867927645,2.38537509785324,2.82494672981585,3.27345437021869,3.77046353727419,3.69663445632365
"2011-02-01",0.540264435908588,0.630820006036367,0.76241962187742,1.01102406053644,1.45447642563695,2.43577095364154,2.87117234417216,3.30185258706942,3.76098581876233,3.72238603053094
"2011-02-02",0.56296849198111,0.641885951804583,0.75725737722457,0.977535464737312,1.37879336109802,2.31484449049472,2.75963766177892,3.22741477569494,3.77630916860347,3.67999093836127
"2011-02-03",0.560635911464088,0.647365809820841,0.773705334693407,1.01338499018252,1.44448727001371,2.41832907124156,2.86193796881952,3.31063378935959,3.80030227432732,3.73215558889696
"2011-02-06",0.518359716032767,0.60448117082419,0.73004454499292,0.968625965466156,1.39908718267014,2.3791553664536,2.8302438291756,3.29086334652759,3.80240705873977,3.72697555829287
"2011-02-07",0.596825607480345,0.681243494993797,0.804284220979181,1.03794294338591,1.4590798397576,2.41570395008166,2.85502917584518,3.30343934160652,3.80911762301727,3.75436289869772
"2011-02-08",0.612954463569399,0.697873546214617,0.821682478096063,1.05692761792962,1.48137504802905,2.44805259910174,2.89345494453833,3.34929632375151,3.86428639679134,3.80355170651666
"2011-02-09",0.589439856808978,0.675660296088424,0.801307292904475,1.03984389869156,1.46951566779776,2.44401616464524,2.89060179111211,3.34545995600384,3.85557559152133,3.79918104553837
"2011-02-10",0.571469583941814,0.655700264061076,0.778602312788915,1.01245205942822,1.43554302449699,2.40567385469593,2.85644348969053,3.3209371926509,3.84742392969767,3.77019778823849
"2011-02-13",0.559092387061075,0.64442503281436,0.768888564861821,1.00555239546341,1.43317954926457,2.41060048108582,2.86298663701471,3.32771082840596,3.85423291429603,3.78531796674696
"2011-02-14",0.546357297818467,0.632313968348574,0.757678046134219,0.996021075001516,1.42656098099799,2.40988591317624,2.86449119792907,3.33090045680702,3.85682219689832,3.78545996481765
"2011-02-15",0.548117908876759,0.632656833379061,0.755921949612757,0.990168994023457,1.412939062319,2.37647190015743,2.82079365384859,3.27579541100156,3.78947722257972,3.72645094805026
"2011-02-16",0.515600617428551,0.596655716831437,0.715027076453209,0.940607900275485,1.35001031095826,2.29637123847819,2.74097529324098,3.20418769687879,3.74471225042672,3.67182709226936
"2011-02-17",0.503574614773845,0.592736109802866,0.722509987692447,0.9683426132199,1.40924577017225,2.3983692229073,2.84522113867644,3.29448339460006,3.78706912658385,3.73866918024748
"2011-02-20",0.533919528588043,0.617687514070618,0.739782510030287,0.971651629492139,1.38959466983903,2.33930198275853,2.7758250525405,3.22205779770423,3.73042013387211,3.683584153645
"2011-02-21",0.526606536056184,0.613480440419416,0.739803698661603,0.97869260645869,1.40571830593947,2.35596057304269,2.78096132422247,3.20490140869928,3.6687668131506,3.63806968757207
"2011-02-22",0.550112934188125,0.636031620546702,0.76096175197038,0.997200525831636,1.4194223806951,2.35840555759002,2.7778260220554,3.19530997897427,3.64627164918441,3.60828386101936
"2011-02-23",0.570696602584288,0.65941055848595,0.788045699675477,1.03008962464326,1.45854233639753,2.38962428266776,2.79409682807518,3.18864821610219,3.61857993239975,3.6253626670438
"2011-02-24",0.556461853709818,0.645263313499995,0.774122526544677,1.01691048662367,1.44777620416432,2.38956493749235,2.80127899879447,3.20415068485632,3.63588369644528,3.62386597666357
"2011-02-27",0.551737037233479,0.640692933063692,0.769875972335567,1.01360692033907,1.44729195215667,2.40118543169627,2.82124254224508,3.23424370010112,3.67321316925165,3.64515264382248
"2011-02-28",0.556199942378728,0.64745468463311,0.779754371005075,1.0286240663962,1.4688899770464,2.42374097089757,2.83699853545461,3.23795875762317,3.66329037927133,3.65708695074841
"2011-03-01",0.567230002810433,0.65871376259401,0.79137775826106,1.04104095394747,1.48308643418209,2.44380896453468,2.8607246759548,3.2661438587476,3.69726942705561,3.68932883786704
"2011-03-02",0.641752648012963,0.751830805537614,0.909540008123021,1.20005166534007,1.69353797515773,2.66614266092647,3.04137894579349,3.37767972983654,3.73893240097086,3.81253208609473
"2011-03-03",0.647288895464178,0.756549142461954,0.912950831436406,1.20061921245039,1.68789529843343,2.64255247117816,3.00879386878961,3.33669797424015,3.69519738495029,3.77524879938503
"2011-03-06",0.657844422522091,0.764309114201156,0.917039738016797,1.19902818029038,1.68017321544895,2.63842632199196,3.01287662623278,3.35149205640876,3.71657742456785,3.78710932655205
"2011-03-07",0.587284587731704,0.704681958940997,0.872065330547147,1.17781410055902,1.68908702783457,2.66422228474094,3.02902412613389,3.35403346131593,3.73158386933229,3.8382273089974
"2011-03-08",0.552025314497966,0.680180391036233,0.861001627820856,1.18548233401818,1.71117165278432,2.6578108223633,2.99822356877811,3.30438479585472,3.70086612545964,3.83607687616478
"2011-03-09",0.554499514650973,0.671387074604102,0.837852892603901,1.14133019230391,1.64700983233002,2.60513235086037,2.96200906940944,3.28077524484508,3.66035258735914,3.7736601204425
"2011-03-10",0.55274574396654,0.661703977893795,0.817731034408426,1.1049014418845,1.59198376426363,2.54957820400654,2.91880929742253,3.25104072321426,3.61837911283271,3.70193606752959
"2011-03-13",0.577329797442444,0.680499822202888,0.828914987941635,1.10427506609641,1.57851096985881,2.54311682200913,2.92898727862904,3.2822552595613,3.65280284343223,3.70329435145516
"2011-03-14",0.56284060214848,0.655572332967511,0.789682639283014,1.04085999725093,1.48146128000728,2.41797229957938,2.813603900788,3.19097212289507,3.59458365222572,3.6180551936426
"2011-03-15",0.564107077548799,0.65012430012421,0.774945456766628,1.01013636247577,1.42758773231793,2.34090297739046,2.74115560906009,3.13459406445982,3.568302866159,3.57229906275739
"2011-03-16",0.587805437555496,0.681339749608115,0.816609938465181,1.06996218127311,1.51442440753172,2.45997572166519,2.86048568588243,3.24443275698269,3.66715539993964,3.70529412697886
"2011-03-17",0.602811645233271,0.700674444743052,0.841724072968541,1.10432217278262,1.55973100228354,2.50323649184865,2.89106201809146,3.25634983141935,3.67018772644467,3.74296262227631
"2011-03-20",0.580448278399004,0.699077721619492,0.86715589092156,1.17096499587478,1.66994723072795,2.59581580418764,2.94018915956552,3.25644732725268,3.67467957724253,3.81846302377437
"2011-03-21",0.625934492623732,0.73083355588437,0.881417011925999,1.15977738843942,1.63593528526338,2.59123992645771,2.96915702057431,3.31596781390636,3.70746629334213,3.79342804215689
"2011-03-22",0.619961056830591,0.724460733614948,0.874380074122648,1.15122938329813,1.62395485354336,2.56966635733984,2.9436868868491,3.28875978981644,3.69250132362593,3.7930864578081
"2011-03-23",0.655597620165716,0.754035753027082,0.895823719792663,1.15950411178439,1.61585697714119,2.55748519593197,2.94335065642721,3.30721519192327,3.72957351524156,3.81590761499216
"2011-03-24",0.646697412297908,0.751613689049434,0.902091051968847,1.1798474088927,1.65375462267065,2.60067956809453,2.97515308850605,3.32143874286218,3.73245265721975,3.839424716944
"2011-03-27",0.659394286363413,0.76381190879151,0.913814296838491,1.19146151620643,1.66760265321495,2.62866196233538,3.0117381329893,3.36530106972422,3.76658861252263,3.85336379400298
"2011-03-28",0.657683669411197,0.766761785378914,0.92307505798165,1.21115614158478,1.70111810733466,2.67159550621742,3.05018263846636,3.39515586991679,3.78938200776192,3.88507171441267
"2011-03-29",0.630714123908971,0.741876251719939,0.901044036872623,1.19395645954555,1.69072572292305,2.66816740824579,3.04639230566452,3.38906576159597,3.77913700419371,3.8753131309944
"2011-03-30",0.626502095649926,0.742512626221759,0.908177061170982,1.21160912723423,1.7215952296396,2.70477431375512,3.07647713291055,3.40870375763237,3.78848699942512,3.88963882927088
"2011-03-31",0.621284142289767,0.751454208493598,0.935058852808797,1.26434792694539,1.79725964490482,2.75469344546388,3.09810360423937,3.40648411432687,3.80524978140489,3.941167973362
"2011-04-03",0.598861918880126,0.729165548173738,0.912964506159377,1.2426205904137,1.77618267499324,2.73500490597722,3.07900124622146,3.38795578403314,3.78752276340939,3.92372125796007
"2011-04-04",0.607652398146309,0.738581192543387,0.923323132541805,1.25486169387013,1.79205309563053,2.7596687476,3.10773040130172,3.42082797138331,3.82636256129253,3.964669286992
"2011-04-05",0.625477694528435,0.752150147757696,0.931772292322358,1.25681536156156,1.79119609236046,2.77809183019956,3.13854335577466,3.46114691020154,3.86496429827498,3.99738527279341
"2011-04-06",0.737608551618742,0.842638807103455,0.993630261249626,1.27346016112385,1.75447940340484,2.73027460242757,3.12109545505234,3.4821913076948,3.88600026874678,3.96571664663034
"2011-04-07",0.737765013093987,0.86400692923042,1.04248737142127,1.36389291904653,1.88805425632272,2.84564737430782,3.19561766915504,3.51350230410159,3.92918593105001,4.07145805142566
"2011-04-10",0.723404009143314,0.851357008581715,1.03216609970651,1.35748100580482,1.88714525310926,2.85131653889479,3.20226731450584,3.52024862502974,3.93502664369963,4.07685485603022
"2011-04-11",0.715948812500597,0.835937437426093,1.00640163740755,1.31590752845322,1.82811182926852,2.78942686855705,3.14811207163489,3.47461316183186,3.89319093634918,4.03246164820592
"2011-04-12",0.736683859773688,0.854416602508292,1.02203854863676,1.32749484873992,1.83621553322142,2.80095567609141,3.16230153655815,3.48839921438199,3.88957896015353,4.01521674649297
"2011-04-13",0.700262358013682,0.826129993463378,1.00400294392526,1.3240685755269,1.84528900084619,2.7944986852552,3.14017112458941,3.45346334107229,3.86224585881457,4.00203961308255
"2011-04-14",0.731908356524102,0.852132616034939,1.02226465585338,1.3291379283722,1.83114665504933,2.75449326410002,3.09453219180808,3.4048632887718,3.81261759580628,3.95243571948795
"2011-04-17",0.742880353099019,0.843087562932112,0.986722676147867,1.25158306125021,1.70275250360545,2.60279060498133,2.95980221745322,3.29330874610738,3.70832428017596,3.82955000170066
"2011-04-18",0.797107956330854,0.898307336352659,1.04309699960994,1.30922951401755,1.75984358813992,2.64731109745274,2.99485104881691,3.31787259205309,3.72466396557393,3.84956707046931
"2011-04-19",0.774313059244166,0.886822276790661,1.04636879255492,1.33519830264454,1.8109537736327,2.69939202854854,3.03225745416559,3.3393684142079,3.74749441771875,3.88808897465782
"2011-04-20",0.783540544428304,0.883468951625046,1.02662912743783,1.29038179401727,1.73898975576245,2.63196377170928,2.98626684239192,3.31876504565066,3.74213947294992,3.87212146641925
"2011-04-21",0.811761633547075,0.899063025541957,1.02527049705952,1.26150601444834,1.6755831852576,2.55673845359339,2.93220936393974,3.29759334262793,3.73832514357283,3.82161688305792
"2011-04-24",0.808402995844277,0.895808338301321,1.02213967166719,1.25851791423813,1.67253125787845,2.55178866436783,2.92536885787254,3.28783288864219,3.7216431187654,3.80182375859099
"2011-04-25",0.772925381375406,0.878629134619545,1.029017089225,1.30283218334013,1.75878642684914,2.63109740731075,2.96710006891897,3.28275563996504,3.71062848375942,3.85932809355556
"2011-04-26",0.878079577315114,0.972765576028729,1.10887814796827,1.36112616630506,1.79483996287073,2.67710388817969,3.03349034312726,3.36780687477353,3.76704709835229,3.86535273820659
"2011-04-27",0.875337919857874,0.966491124736106,1.09768952684702,1.34136449671942,1.76208421226802,2.62580685298059,2.97808787441383,3.31000521798487,3.70152119193178,3.78969945667433
"2011-04-28",0.874582690693903,0.965279642410756,1.09577900066801,1.33802094211107,1.75584664300711,2.61204217282893,2.96089594879182,3.29003883696525,3.68370217172098,3.77770816959399
"2011-05-01",0.855862327110644,0.959323515284937,1.10630299644918,1.37321919953935,1.81550342430083,2.65241546890705,2.97074059483398,3.26731398159654,3.66561130469545,3.80344799211602
"2011-05-02",0.844462274634483,0.954502464545494,1.11032674993697,1.39172030210976,1.85306168376727,2.70572433392202,3.02145654245015,3.31059557813046,3.69184635634518,3.82276020660836
"2011-05-03",0.855770842248533,0.969489153130566,1.1302089924439,1.41945945655967,1.89065228942218,2.74936890978471,3.06233787423325,3.34613000275514,3.71660221019862,3.84331817345667
"2011-05-04",0.807476294246536,0.909087880077566,1.05376503022936,1.31753739545169,1.75789415979789,2.60520987585876,2.93374812287286,3.24375313074908,3.66607829171732,3.81319779187179
"2011-05-05",0.807094454688505,0.911081999662495,1.05878510918679,1.32693878728415,1.77103275911822,2.61035572003709,2.92915666101382,3.22590524991191,3.6240426937802,3.76176324633063
"2011-05-08",0.848152679411626,0.93295078224332,1.05510210857821,1.28232113014215,1.67591899139161,2.49213858372271,2.83093705609323,3.15719158044541,3.56972336683627,3.6805005072287
"2011-05-09",0.803253256361304,0.899344433216927,1.03636430958162,1.28682544865358,1.70703006444863,2.52460933726753,2.84572193432124,3.15136361615477,3.57197857237129,3.71923098194434
"2011-05-10",0.78747803472644,0.885223291705683,1.02457491451836,1.27921221113714,1.70614833335023,2.53561834470836,2.86085202478771,3.17006087670384,3.59500806027514,3.74367599287481
"2011-05-11",0.85916363925452,0.949885727725247,1.0795131762329,1.31730894002378,1.71898829593589,2.51265908333313,2.83001788073408,3.13583299287355,3.56297760459477,3.71367024002622
"2011-05-12",0.898403553529992,0.985429173398156,1.10990196107384,1.33865130505228,1.72637377707927,2.49845762050096,2.81000642432493,3.11213783545396,3.53747349170265,3.68817154220888
"2011-05-15",0.90734165509094,0.995947111407399,1.12264251279756,1.35535702600781,1.74941404163042,2.53236123320194,2.8474693660071,3.15249304434333,3.58092022820722,3.73252302731338
"2011-05-16",0.890503638994089,0.978879565795102,1.10524411308478,1.33734235007551,1.73032811268766,2.51102113371237,2.82516273221244,3.12921044275008,3.55619596351847,3.70727480938194
"2011-05-17",0.906694969468907,0.996583324973673,1.12499396666558,1.36047536983289,1.75798065068074,2.54221690472685,2.85525053891065,3.1565285105245,3.57670512076587,3.72482099236099
"2011-05-18",0.90813774750108,0.999888888410372,1.13081918058235,1.37046677876767,1.77354642750731,2.56229541308882,2.87414336981899,3.17231246525958,3.58485590044887,3.72967699843394
"2011-05-19",0.907950031162235,0.992734709449902,1.1141276742275,1.33762245230052,1.71775518941476,2.48075169411974,2.79150819536793,3.09485655668957,3.52546207207802,3.67873978055774
"2011-05-22",0.914013326365239,0.984164372976245,1.08611950195195,1.27877273090344,1.62275531202038,2.38843804914531,2.73358055509243,3.08500120655748,3.53059135766741,3.59514423241256
"2011-05-23",0.921685725047696,0.992294320519817,1.09496879307227,1.28916252779602,1.63651838826548,2.41292698412327,2.76452417258438,3.12349767187916,3.57632445937041,3.63362112992587
"2011-05-24",0.898505298332005,0.965717302575939,1.06372392948641,1.25000468555216,1.58643037378186,2.35630547205167,2.71520344270555,3.09023309131939,3.57263528909801,3.61044457780255
"2011-05-25",0.883594524623984,0.949708590583059,1.04614024770771,1.22951622954945,1.56101541928517,2.3215129918955,2.67724273798661,3.05019902243595,3.5338498100598,3.57346322385937
"2011-05-26",0.879789205255033,0.941624138161081,1.03207887116175,1.20498834329398,1.52077932670839,2.2637901376142,2.62244437687539,3.00842855874938,3.52267502023072,3.53484622882547
"2011-05-29",0.877167070076772,0.940544895119513,1.03315765121251,1.20985553836927,1.53136063526225,2.28081221523867,2.6383860617531,3.01942385342041,3.52122962279237,3.54344833850823
"2011-05-30",0.886860891924629,0.95157945188802,1.0461301591132,1.22645228792778,1.55428279561709,2.31679116236727,2.67944011752887,3.06455136561368,3.56605119647696,3.58330063907137
"2011-05-31",0.888951687108792,0.952564090330954,1.04552902365451,1.22293048213469,1.54582665729053,2.29912465450977,2.65885143103334,3.04238276523179,3.54670401917465,3.56598655056431
"2011-06-01",0.906773069194357,0.970057332176314,1.06249512019295,1.23873037011386,1.55894244008355,2.30292427140295,2.65659158598872,3.03263233322537,3.53054895438452,3.56389620922614
"2011-06-02",0.911711662349598,0.979982037394391,1.0794565195983,1.26827169390971,1.60836790020954,2.38148106021778,2.73883007377762,3.10946742829428,3.58074530599965,3.62051657202676
"2011-06-05",0.954703770967488,1.019804958053,1.11473252442715,1.29515882360727,1.62101628749792,2.3669508242145,2.71506432045939,3.07960874568466,3.55481732882051,3.60120679672748
"2011-06-06",1.0046353495511,1.06819599346802,1.16103117137425,1.33800188193507,1.65946583710328,2.40577570670186,2.76010048824624,3.13623054471154,3.6308360113937,3.65982739376118
"2011-06-07",1.03144469161764,1.08877141972706,1.17281775262172,1.33411611154252,1.63102047895053,2.34361050171046,2.69647841460815,3.08512718982719,3.62425448946245,3.62583737454042
"2011-06-08",1.03493011310098,1.08857835316616,1.16740858792755,1.3193058769936,1.60113957402726,2.29143030483025,2.64231203971972,3.03820522514828,3.61266452665962,3.60333764814631
"2011-06-09",1.02103092118598,1.07131735623158,1.1453303364219,1.28837014955396,1.55534637822951,2.21939717700365,2.56387163510532,2.96033178208017,3.56355695216112,3.56131907713212
"2011-06-12",1.01227605101597,1.06318686931509,1.13810879968647,1.28287014034259,1.55292644019805,2.22373037243218,2.57103456555761,2.96988241434631,3.57201174657531,3.56400717608803
"2011-06-13",1.05111172554082,1.10222561121658,1.17745316081994,1.3228286699972,1.59411976435325,2.26858776351551,2.61822045386071,3.02027751307522,3.62989189678061,3.62450366470087
"2011-06-14",1.0548088420733,1.10352290461565,1.17526820123733,1.31408876505497,1.5738103625251,2.2240814391206,2.56460372121495,2.96069811835304,3.58674968879586,3.61397158822415
"2011-06-15",1.03430156812866,1.08155652014841,1.15119387550246,1.28607991728717,1.53899020455121,2.17603364154995,2.51253505289302,2.90782454424441,3.55519407216597,3.61282576642175
"2011-06-16",1.07201234414573,1.11926988412725,1.18889833208023,1.32372255978576,1.57634808220614,2.21151933902448,2.54617904677788,2.93821536910737,3.57442252270812,3.62459141681493
"2011-06-19",1.09713417816461,1.14323702152154,1.21119412145314,1.3428874383573,1.59004899903893,2.21429492332109,2.54534175927517,2.93601333468527,3.58693034563354,3.66025947782457
"2011-06-20",1.08792469824486,1.13515211008925,1.20476507823085,1.3396609297348,1.59280809542335,2.2319857649162,2.57079705946543,2.97040210560523,3.6345588649978,3.70674206275767
"2011-06-21",1.03891123788134,1.08668157618622,1.15709903643317,1.29356887861718,1.54972878570274,2.19695359740909,2.54039548251191,2.94600583505643,3.62404432259563,3.7040067901182
"2011-06-22",1.00796563929619,1.05301968656446,1.11945917142593,1.24831255851547,1.49054010308103,2.10527970146178,2.43373504207842,2.82499678363117,3.50305058330426,3.62137572271972
"2011-06-23",1.01251898461746,1.05656090189913,1.12151790201734,1.24753200595659,1.48456249566522,2.08715909844975,2.40998969560726,2.79582715496752,3.47354243789695,3.60577911853004
"2011-06-26",1.01029777391981,1.05582390859271,1.12296426818628,1.25319370483913,1.49807369494275,2.12003404040784,2.45275101463997,2.8496858462853,3.54180758870273,3.66911919412345
"2011-06-27",1.00846305491339,1.05664509875114,1.1276690649397,1.265312959732,1.52367127496527,2.176410826906,2.52274601659722,2.93172425661967,3.61504060331857,3.69506278985425
"2011-06-28",1.03580428297335,1.08549591003324,1.15871715679987,1.30052126984309,1.56631542143104,2.23526810754912,2.58828374065547,3.00265362607173,3.68104461929089,3.74417965600768
"2011-06-29",1.04157807217214,1.09443018376253,1.17215434820292,1.32214730615751,1.60133433414463,2.29168781689681,2.64802361146394,3.05813417299877,3.70901499202498,3.78851890363971
"2011-06-30",1.01638344248976,1.07470765016921,1.16014532712768,1.32388002445633,1.62449104589085,2.34254576700934,2.69737015382583,3.09025934052753,3.67579019886123,3.76779712346809
"2011-07-03",1.03350812280467,1.09072213840922,1.17451532572875,1.33503701116101,1.62953238320581,2.33177896663228,2.67815153721804,3.06126938419458,3.63372864906995,3.72990815879373
"2011-07-04",0.997982098207313,1.05683838958806,1.14295803024243,1.30766730060343,1.60887315867875,2.32130165530855,2.66906090684593,3.05013374906402,3.61005065572164,3.7051948225858
"2011-07-05",1.00285468775303,1.05466544634217,1.13078920921461,1.27745469912671,1.54956202407653,2.21670139212027,2.55715580498899,2.94456166548089,3.54172727431632,3.60468380156946
"2011-07-06",1.01431603853403,1.06622964647517,1.14254137508786,1.28969515273815,1.56316473100483,2.23636888604237,2.58154970427772,2.97572667914884,3.58304795158746,3.63390969938128
"2011-07-07",1.00954188071732,1.05487729653895,1.12170240824351,1.25119929524987,1.49422777879638,2.1079541615192,2.43335535198149,2.81726470136898,3.45619981883663,3.52703254872916
"2011-07-10",0.94683439348305,0.988202715976232,1.04921813767861,1.16759171784583,1.39027394707117,1.95656790064662,2.26009375394743,2.62307069855698,3.26213208867102,3.38910840007049
"2011-07-11",0.927810358198549,0.970863158483379,1.03434671174751,1.15745034342585,1.38880255959502,1.97544627653524,2.28848094805197,2.66076870249937,3.30164696862652,3.40686497088856
"2011-07-12",0.925686879595701,0.969768575448298,1.03477253724234,1.16083603633293,1.39779616417715,1.99899796325398,2.32007994978018,2.70235132414755,3.36335414643799,3.47643631336407
"2011-07-13",0.909626297984009,0.953914322307883,1.01922639834391,1.14590117364927,1.38406413076675,1.98871876531531,2.31197577693206,2.69732612195335,3.36713066635345,3.48709221332608
"2011-07-14",1.0617532394139,1.06087782377889,1.06906945201723,1.11316332287635,1.27375017856756,1.90706798084273,2.27076814142399,2.6699555998094,3.27442721313415,3.49093521955979
"2011-07-17",0.981617829945035,0.988923351391439,1.00764656825635,1.06759641992226,1.24526879150344,1.88179263339342,2.23881964821041,2.63005734908762,3.22509415182111,3.43900264467932
"2011-07-18",0.836191629648591,0.881337002929693,0.947905400823778,1.07698827234776,1.3195668248749,1.9345981783857,2.26271519751793,2.65284342231721,3.32374510520309,3.43282412346928
"2011-07-19",0.818363649297041,0.866926406185819,0.938502742207657,1.07718653725048,1.33738338314035,1.9940406325913,2.34197114596344,2.75232037832908,3.43650574640638,3.5177706345919
"2011-07-20",0.857652918713225,0.909633655504547,0.986190977969889,1.1343265015357,1.41149802224744,2.10573925341307,2.46963335615696,2.89362634385789,3.57096215538559,3.61537003137265
"2011-07-21",0.933330720167713,0.980428739851385,1.04985893662076,1.18442896132047,1.43707576849628,2.07581931834503,2.41508811346444,2.81625724171372,3.49036178816636,3.57543872531828
"2011-07-24",0.857198577500583,0.904869837565097,0.975148521572077,1.11137534007311,1.36718067432571,2.01426777771713,2.35826484041721,2.76546591361417,3.45286122454636,3.54463203308576
"2011-07-25",0.880305683816888,0.926659951808381,0.995003312572951,1.12750095694202,1.37639073315542,2.00663354690994,2.34221349430601,2.74024939040483,3.41787910750606,3.51737734688352
"2011-07-26",0.820437677598883,0.86608851319462,0.93339408962124,1.06387740791307,1.30897410414184,1.92954284759537,2.25991453516298,2.65168801608505,3.3180513789782,3.41494585487172
"2011-07-27",0.793904412817058,0.839869451132882,0.907642929916761,1.03904994917004,1.2859466996287,1.91155777641009,2.24501466130024,2.64104134952856,3.31888069039045,3.42410686100546
"2011-07-28",0.939716449063514,0.951981251826183,0.975712537826342,1.0388915832171,1.20694011060302,1.79433582636329,2.13660223360995,2.52897799909785,3.16662793403888,3.40481645796382
"2011-07-31",0.777891517057133,0.818672264966076,0.878857813175119,0.995752341381331,1.21616480669649,1.78050364895557,2.08612411831352,2.45623640686182,3.14061617988898,3.32630488101748
"2011-08-01",0.72614644306055,0.766435145058303,0.825898244676277,0.941402882745908,1.159246524265,1.71739383315343,2.0199765792392,2.3868699845903,3.06851001002165,3.25809685242858
"2011-08-02",0.91581530110266,0.914875478342982,0.921145090124196,0.956583043123982,1.09025554191997,1.65281432542845,1.99816886483528,2.39712153600374,3.04212643399806,3.28126325995596
"2011-08-03",0.694784294207689,0.700679529390464,0.716322612357605,0.767796375333773,0.925420664926713,1.52691710180044,1.88695770035336,2.30157639799223,2.97408761529564,3.22441539869544
"2011-08-04",0.7495121769675,0.715395437556129,0.683518712293497,0.675578621930769,0.804314173138595,1.51859786167344,1.93552151445538,2.37702679685372,3.00930849781937,3.22974760176698
"2011-08-07",0.603706490096708,0.594059429745472,0.591395015627262,0.620748670974781,0.771833742624255,1.4435485595126,1.84298681528579,2.28594447008759,2.96121868685181,3.20354501447953
"2011-08-08",0.416645261790394,0.464117404537008,0.534130538438548,0.669942402143784,0.92535946604275,1.57438065400371,1.92181958818325,2.33668074638083,3.0626331313771,3.20011041528587
"2011-08-09",0.51730001086574,0.491667619331172,0.469674383133192,0.473808059043497,0.60946354207132,1.32343120573637,1.75150610083733,2.2180521583472,2.90951891226469,3.15408392920682
"2011-08-10",0.503035004841909,0.496636826959274,0.498911798343844,0.538160317853342,0.707972993673831,1.42000730170783,1.83453227805267,2.28996861894018,2.97813269003381,3.22417440764599
"2011-08-11",0.604936679061917,0.584555652667832,0.569281483493209,0.583444471730848,0.729879815465494,1.44785319792243,1.87406344657569,2.33890208438116,3.0301021739164,3.27504447136071
"2011-08-14",0.465787087267588,0.479203755472868,0.505844953767007,0.57828466537617,0.773764570889771,1.45995067297727,1.85785542676028,2.31116027810468,3.04060754970808,3.31139642643655
"2011-08-15",0.646362022461355,0.641728340863563,0.643960038003445,0.675938783490754,0.816227861834065,1.44501386169194,1.83990883029154,2.30055477682555,3.05255415202442,3.3326604328049
"2011-08-16",0.586228299571553,0.585991148287165,0.593385485277478,0.631506436824101,0.77303175295306,1.37856204035836,1.76057811297835,2.21253070202622,2.96836556786285,3.25439839683922
"2011-08-17",0.621397784042643,0.588240790386129,0.55361605025413,0.529630659098235,0.60781365220382,1.21257208695221,1.61999196473866,2.09195484095948,2.83849005718334,3.11028407892001
"2011-08-18",0.728233726862806,0.681555699540658,0.630269491193819,0.583283577196461,0.641567178868896,1.24607629300468,1.65088404829305,2.10767545607712,2.80306290445384,3.05127539280172
"2011-08-21",0.733489139958138,0.688076312993039,0.638446697067382,0.594036110427122,0.655305806094947,1.26077940578357,1.66427627165239,2.11906716826559,2.81094176717619,3.05785768223401
"2011-08-22",0.671818151954594,0.654270647399173,0.638615587724231,0.639515806290632,0.732406304192922,1.28575160910874,1.65644545723019,2.09595980812595,2.81943452945903,3.08922767574471
"2011-08-23",0.506996764670606,0.510415084460712,0.523226525609249,0.571696259887952,0.730801850448286,1.35977710034458,1.73956221015346,2.17708928767402,2.88503650904761,3.14796035785698
"2011-08-24",0.510519002510439,0.498193156154312,0.491378660944859,0.51240142501686,0.648850751273064,1.30387752719288,1.70888003688759,2.16866097286217,2.88868858939616,3.15042998464925
"2011-08-25",0.493584638465698,0.486736219146686,0.486553743708395,0.516199405981861,0.657490750490725,1.29378491120512,1.68576096355484,2.13411064675013,2.84584627722683,3.10669337702456
"2011-08-28",0.514198014784669,0.523622768594545,0.544082807041578,0.603787501296941,0.774069333361487,1.40175432938542,1.7764912232101,2.21072971072199,2.92397223921148,3.1917832356019
"2011-08-29",0.517994963274828,0.511059673392619,0.510270124648025,0.537450620373255,0.67136856828549,1.28915665124368,1.67717435548105,2.12737549627799,2.8553926806703,3.12493120183382
"2011-08-30",0.492771565802139,0.497709915066518,0.512776438773182,0.565644589013074,0.732986098633434,1.38148932977792,1.77039210136099,2.21741999103963,2.93957327734665,3.20762875454745
"2011-08-31",0.498321582304623,0.489581074658986,0.487035841200403,0.513411987968939,0.652426631650723,1.29699407097125,1.6972357239403,2.15612874017122,2.88577733048173,3.15332272059212
"2011-09-01",0.475099678387989,0.455793105811551,0.438669544155609,0.440048167102217,0.542874516855231,1.14649124517472,1.54608839043622,2.01554178780226,2.77889463011007,3.06158736460037
"2011-09-04",0.495939631659028,0.455762934518601,0.411360442969055,0.370376996711286,0.423559305509765,1.00126597977896,1.41069283557699,1.89422164616778,2.6732728000855,2.95924031260002
"2011-09-05",0.451496498232909,0.418629485637778,0.383418238245753,0.355593518918544,0.420941335821575,0.994521444342416,1.39770611264793,1.87757724052452,2.66212158110077,2.95270067717572
"2011-09-06",0.456073077959928,0.435098803099185,0.414892785552486,0.408634390731425,0.493707687530392,1.05481242036092,1.44143161203274,1.90611448088563,2.68282756580494,2.97483879807509
"2011-09-07",0.5974098753977,0.539832729169289,0.473555697847536,0.401175013545045,0.424537172604311,1.00444711268274,1.42282007440832,1.90850985956559,2.6677764060491,2.94175609313869
"2011-09-08",0.38691729905166,0.35677950133595,0.324804662480465,0.30090244001163,0.36707031451898,0.922631224780488,1.31282146029822,1.77859199403043,2.54396734876728,2.82833523502312
"2011-09-11",0.347594515687361,0.330744406077735,0.315347010188255,0.314619952072059,0.399593596630183,0.929352678976892,1.29512075608255,1.73870759659103,2.49157366023239,2.7774666835441
"2011-09-12",0.32760404737284,0.324411326727443,0.326888563644682,0.353883420892832,0.470580256186877,1.00745990664495,1.35719420425841,1.77815753149528,2.49687855235606,2.77213640467903
"2011-09-13",0.399729678208386,0.381119935707369,0.365090382479532,0.368541686948258,0.473685074546269,1.06421994912108,1.44445746441251,1.88239999734716,2.57676626113872,2.83044718450322
"2011-09-14",0.444059750932007,0.428306711277522,0.416013996027991,0.425308281990077,0.53761137057159,1.13509436133017,1.51721012019638,1.95788300618595,2.65937487692405,2.91634771476064
"2011-09-15",0.386606876701362,0.37118159068501,0.358998434316654,0.367428755170988,0.475347702789551,1.05566902214461,1.42929762027344,1.86220514480348,2.55541341480266,2.8101489285857
"2011-09-18",0.483577796136208,0.436014408220649,0.383803132008229,0.335947100282787,0.394009167832434,0.992598950780931,1.38816363041224,1.82981273963111,2.49377993009787,2.72945673500978
"2011-09-19",0.384017029984991,0.364832071103958,0.347426848544814,0.346747911123798,0.440724778744923,0.999295031312484,1.36654376562261,1.79456599730023,2.48262366985496,2.73576676202984
"2011-09-20",0.395386394558467,0.360566863826361,0.32443102900855,0.299835282967856,0.380586440401335,0.97862559630145,1.36578774207055,1.8006892603332,2.46306210997051,2.69981696263227
"2011-09-21",0.402431091009224,0.364257291012089,0.323437383782668,0.290495216774101,0.357392717587232,0.924847691895251,1.29659991902418,1.71389517864952,2.34718759153947,2.57305596775045
"2011-09-22",0.257750705699076,0.238752793487453,0.223244496579535,0.230489881485476,0.347765259442959,0.958925590515181,1.33282513264696,1.74814501227836,2.37831211844771,2.60361416206424
"2011-09-25",0.302107031908822,0.279203485099599,0.259799447927344,0.264603484267213,0.389055548359162,1.03363622224669,1.416564547523,1.83143686556114,2.44233777036616,2.65782030426387
"2011-09-26",0.369443038453301,0.349049375503753,0.333270173606762,0.344834518190804,0.48098793858017,1.14930834227891,1.54171620914228,1.96554237314642,2.58847021124394,2.80809380899594
"2011-09-27",0.268876763988773,0.281140201974832,0.306019968581654,0.374663800883518,0.560791712474082,1.20507398166653,1.57017000070328,1.97788962536984,2.6161633085949,2.84938072646588
"2011-09-28",0.157539814118196,0.204364873210551,0.2733729206425,0.407057590190926,0.657803199965867,1.29039557585653,1.62572278522949,2.02198348546991,2.69420159567933,2.80128079486619
"2011-09-29",0.155410058070365,0.198263361374776,0.261471437515282,0.384107669473828,0.614844403638589,1.20191183712324,1.51683594456323,1.89387572894673,2.56122396663051,2.69989168722668
"2011-10-02",0.365265102495543,0.34211868168116,0.322667334541328,0.328089414783304,0.454502577295484,1.09689918131988,1.47245066291599,1.87473909894707,2.45972092454792,2.66499780438831
"2011-10-03",0.235516486599636,0.241377273350959,0.256611254226576,0.306162301680007,0.456686997503157,1.02625563781694,1.36494096213199,1.75315765375648,2.37903529466166,2.61119708040458
"2011-10-04",0.195059498062021,0.210212458102019,0.238431186295596,0.310842103310701,0.496782133762721,1.12106482140713,1.47411268501313,1.87095300932334,2.49998215813321,2.73167264160325
"2011-10-05",0.232105759179142,0.27425438825644,0.336442404492996,0.457168181183836,0.68457787548062,1.26514699645188,1.57817897700122,1.95525705838387,2.63847871177552,2.80356872479569
"2011-10-06",0.319349690726266,0.329335378797911,0.351809887415724,0.418449121228687,0.607128304628693,1.26685877851561,1.63508592675418,2.03903646786035,2.65547407913179,2.87755829169497
"2011-10-09",0.237060876832446,0.283280473335717,0.351409840584767,0.483439829363485,0.731260716751689,1.35767503715185,1.69058792220539,2.08504362787292,2.75918674563992,2.87064283246721
"2011-10-10",0.328525496437602,0.337779034008027,0.360563072460232,0.431510940226543,0.636128936275618,1.33771289410095,1.7148833445129,2.11580806532961,2.70401825160353,2.91195346955788
"2011-10-11",0.231589184711467,0.281254862212397,0.354428992888357,0.496113027331262,0.761589737911327,1.4294290218771,1.78197024727055,2.1965932577272,2.88805266924531,2.98294922609558
"2011-10-12",0.183380384968103,0.231870206788279,0.303328182204929,0.441746558329994,0.701323257934852,1.35585404022947,1.70254263914632,2.11185684528075,2.80384330740339,2.91079729686024
"2011-10-13",0.189675208234514,0.240388150498339,0.315096966314073,0.459723684829731,0.730605981975643,1.41132581130105,1.77015980274736,2.19158125026102,2.89169324375344,2.9859096328322
"2011-10-16",0.25922484122827,0.269419812804707,0.293526972639638,0.36697238792165,0.576781388372051,1.29875046001502,1.69096149115219,2.11168838895252,2.73591135929404,2.95772430877209
"2011-10-17",0.297772216585167,0.298594211870521,0.310129776780829,0.36297017631963,0.544867285076994,1.23372688135895,1.61877835494517,2.03423417134304,2.65130560747686,2.870399593188
"2011-10-18",0.333039908209186,0.332184940058316,0.342074224762444,0.394030480269815,0.579813277548074,1.28804251018987,1.68088087431029,2.10117656143123,2.71873404908366,2.9369041484474
"2011-10-19",0.347272941656355,0.342033188195257,0.345914100384814,0.387638971188813,0.558484449863961,1.24586996797199,1.6334669492017,2.05015229214916,2.66425664357047,2.88137762501919
"2011-10-20",0.301517483149763,0.309860096812455,0.332303199548796,0.40532101124451,0.619991171167566,1.35357295644889,1.74193279604732,2.14918162305442,2.73697869111224,2.94327358746135
"2011-10-23",0.301219781591989,0.307476121522508,0.327317090813035,0.396713801837935,0.608606273435947,1.34833549170953,1.74292268932447,2.15765163797464,2.75710800948249,2.96757184163193
"2011-10-24",0.298836090369326,0.293071104547466,0.297759328819405,0.345214945678473,0.5353852060324,1.27241689021631,1.67256758713129,2.09125245895012,2.68999770278725,2.89906630259925
"2011-10-25",0.316245055403846,0.299776839878943,0.290757278600693,0.317741982005099,0.486091250263601,1.21823876298684,1.62594442181522,2.05394972546266,2.66546347672952,2.8787356186688
"2011-10-26",0.313651985465721,0.315564771884302,0.330647652485161,0.395518086913279,0.610834112883631,1.38676353993777,1.80084760800651,2.23339768028168,2.85299326775774,3.0696290823907
"2011-10-27",0.31130861577299,0.307571054037054,0.315604332183461,0.370536616542698,0.577090972724814,1.35845249598637,1.77959439897813,2.21933757804505,2.84742429153402,3.06667415317355
"2011-10-30",0.292937840416257,0.287674089898896,0.291765815773181,0.334706886247007,0.510474438070087,1.22155980323681,1.62522546912393,2.06141117516598,2.70810931762025,2.93736055357154
"2011-10-31",0.250784767381058,0.235550250640132,0.224526618484045,0.237534734735578,0.358837597825424,0.971204663515292,1.35085214774918,1.77957067660783,2.44474046872781,2.68525031208284
"2011-11-01",0.298189460779077,0.279232027963479,0.264209103438607,0.273732118776573,0.399360986963483,1.04704095908807,1.44436339196473,1.88742866262372,2.56326972883261,2.80553688153439
"2011-11-02",0.134150192147709,0.129382311021076,0.133808666470587,0.176454520719654,0.350371588507679,1.06444298520066,1.47761117896942,1.93073748535279,2.61461177794502,2.85904053263483
"2011-11-03",0.159366214905246,0.151364539964522,0.150728818785671,0.18288057228807,0.336343370769831,1.00760137626216,1.40693002282726,1.8511876418732,2.53181561633207,2.77671183881923
"2011-11-06",0.164983319903628,0.159388191429046,0.161249560912969,0.195260213125281,0.344803515487054,0.991632964256693,1.38052968148459,1.81840559303822,2.50038474966463,2.74789204218248
"2011-11-07",0.162683047873169,0.159142419838376,0.163646487519341,0.20159421841643,0.355036342447077,0.998972596611087,1.38272372314559,1.81365689360455,2.4836247101505,2.72664316353947
"2011-11-08",0.143329659252423,0.140217473044204,0.144708695442707,0.180745393071453,0.325579327649986,0.934768380166997,1.29959998968098,1.71103730349808,2.3542957274558,2.58831818041835
"2011-11-09",0.128136681161577,0.125954757891999,0.132280457978974,0.173079584392229,0.329190774296368,0.964087953057543,1.33558635653143,1.74808061007915,2.38103030065276,2.60915895048939
"2011-11-10",-0.0316441728309682,0.0152358721248137,0.0843274881240973,0.218183615811161,0.469292211347113,1.10317985781664,1.43957828928286,1.837795580941,2.51950458498493,2.63948083885025
"2011-11-13",0.184685933116747,0.16206944679005,0.144301957061169,0.155491216627577,0.298642969965098,0.992249350017994,1.39109974927856,1.81497835883022,2.42674973315622,2.64083113443493
"2011-11-14",0.161223032595548,0.136353647313289,0.115554679071309,0.121753437247004,0.258129948886401,0.944147126127065,1.34187339973445,1.76545738328391,2.37756047391309,2.59182016156239
"2011-11-15",0.116048458082903,0.111544783945545,0.116059224636222,0.157750838162659,0.325503526385371,0.999896393014963,1.38201917152774,1.79470224752082,2.40634495357285,2.62314952467867
"2011-11-16",0.20002612866399,0.180937593275129,0.168745829774507,0.191392912183296,0.355342288455931,1.07842355208922,1.47763047215592,1.89283454768362,2.47973326235754,2.68356396551677
"2011-11-17",0.00515068787039362,0.0548591085073862,0.128067273811767,0.269716621604167,0.534752984426831,1.19902501649902,1.54798098367255,1.95642834425373,2.62966696552689,2.71833287749981
"2011-11-20",0.096515320555162,0.0973046614369012,0.1097282902946,0.166725365826861,0.361217225086368,1.07935720559882,1.46971425211582,1.88230755559922,2.48077126778623,2.69107306781584
"2011-11-21",0.0925125266378391,0.0881901308307683,0.0948421892576934,0.145705644375793,0.34161371371003,1.09427890998404,1.5041237573396,1.93474099932291,2.55374974267565,2.77036609320528
"2011-11-22",0.0774462156535093,0.0686043443553831,0.0722590060875418,0.126950136422736,0.350023601408598,1.18007489868182,1.60704073690917,2.03664257434483,2.62652330696531,2.82947579608028
"2011-11-23",0.0939226080934805,0.0720837701855766,0.0629437671611079,0.109700540126039,0.354147483355582,1.27701520851342,1.73070565866113,2.17014633411881,2.75162443597445,2.94941579247153
"2011-11-24",0.104100124781252,0.0749484153207528,0.0590868579215361,0.103131737235211,0.362528717867463,1.33045585766736,1.78996541315982,2.22435943195036,2.78743382955321,2.97795507770285
"2011-11-27",0.192510364368261,0.127238479583358,0.0716830049205316,0.0741953607292025,0.330727130635655,1.38976793378321,1.87626530272234,2.32126565338255,2.88285965397021,3.07175240862701
"2011-11-28",0.0907264793277737,0.0496692556396094,0.0231174177299315,0.0639658475404931,0.352190170207406,1.41641244456442,1.90284611549878,2.35127144573886,2.9213044451793,3.11334251407221
"2011-11-29",0.138869134772422,0.0793668838335925,0.0262999893969806,0.0198152958913596,0.240066382713104,1.25599661643797,1.76154666616535,2.24450851717548,2.87354236046732,3.08653451931178
"2011-11-30",0.159234699408675,0.0921952454640707,0.0300790293659833,0.0115515532882706,0.221444042411534,1.2321106758051,1.73444502822353,2.21207841327841,2.83141618997436,3.04089006100359
"2011-12-01",0.0932878362682608,0.0395569740721357,-0.00711577918868811,-0.00716292871299617,0.210359187690823,1.18558666327173,1.66815713895693,2.12860224006128,2.72797674122427,2.93090934531319
"2011-12-04",0.115932676078095,0.0742239435886227,0.0410774667772882,0.0559802298321865,0.276225991310574,1.21679091316816,1.68540044439296,2.13698007301875,2.73022559173761,2.93156310448871
"2011-12-05",0.230706878579411,0.134997693932835,0.043715319598,0.000681186907295794,0.221788179118933,1.2667934264162,1.74334208746506,2.17272534738128,2.70840496057507,2.88818721749097
"2011-12-06",-0.0712895062784654,-0.0755187124413018,-0.0644020563396828,0.00601839997094444,0.258468056574102,1.13435201599295,1.56700669778663,1.99303897732389,2.56699926787846,2.7633336973191
"2011-12-07",-0.0165871879611631,-0.0220512503967189,-0.0147247603087909,0.0436963372644052,0.26698644607253,1.09561131068607,1.5294967820398,1.97283656383686,2.59156463215307,2.80566772865374
"2011-12-08",-0.0189096846685435,-0.0237007714845106,-0.0143696615010836,0.050385497775474,0.289390365180428,1.14667924495719,1.582868236715,2.02046860129612,2.62036335942851,2.82669312901642
"2011-12-11",-0.042639400512019,-0.0487345869616453,-0.0414595708840537,0.0189632578866562,0.249165015558438,1.08501013607714,1.51185894567534,1.94051390940806,2.52846782559294,2.73071331383449
"2011-12-12",-0.040312869471635,-0.0451970014629611,-0.0359531512020952,0.0286233817970876,0.266472357953967,1.11288825682629,1.53978405989701,1.96553424442222,2.54585844974607,2.74508624139105
"2011-12-13",-0.21171672081789,-0.156611559489046,-0.0756257640002693,0.0804778783963562,0.370324186728267,1.08180548953323,1.44478432077227,1.85634589540594,2.46798581429325,2.48201490995016
"2011-12-14",-0.185594395094427,-0.132533090014691,-0.0545066299563693,0.0960480591624499,0.37617712603513,1.06775873637478,1.42349289838118,1.83054887104391,2.45505854095045,2.49204283149877
"2011-12-15",-0.0306150869379776,-0.0391163874905173,-0.0370860392191463,0.00891192746258285,0.204445460797743,0.963038603443487,1.36787582669218,1.78513184566742,2.37187439402488,2.57541544225153
"2011-12-18",-0.0453628338749886,-0.0537262037563317,-0.0511754490805063,-0.00338372942594034,0.196850475109802,0.96474653511265,1.37074430453454,1.78668782883914,2.36806013988213,2.56930331719404
"2011-12-19",-0.0544039640380534,-0.0567393334080123,-0.0462987329807127,0.0139118822351759,0.229931996220467,1.01666204645877,1.4286555250107,1.85107419681504,2.44328189616732,2.64857987253002
"2011-12-20",-0.0671338427945231,-0.0739716040573933,-0.0686920916720863,-0.0144012395192004,0.200210204737234,1.0012816052133,1.41895909070486,1.84377596522905,2.43360721747976,2.63732384538386
"2011-12-21",-0.0643631785108882,-0.0655739068132167,-0.0537274828711978,0.00845845716069527,0.226110266459209,1.01047177974773,1.41986963096873,1.83923808878767,2.42685255573635,2.63053360030364
"2011-12-22",-0.0878404174356889,-0.0885671697372508,-0.0756937541839474,-0.0107470338070808,0.213351657003609,1.01087170318779,1.42309805149993,1.84279713466432,2.42732526113887,2.62950245916938
"2011-12-25",-0.058151656156652,-0.0787133004201267,-0.0892078740779155,-0.0533011415642403,0.15511247421006,0.989341313813302,1.41829577786273,1.84506520735475,2.42315585213043,2.6211074415456
"2011-12-26",-0.136359783550167,-0.141015115637898,-0.13240631059645,-0.0715326753012098,0.154709890440851,0.97410614248254,1.39486128339735,1.81952396355456,2.405090506511,2.60688328209678
"2011-12-27",-0.148579594553325,-0.1472345351094,-0.13164986859443,-0.0624780235856095,0.166636421086942,0.967036248766029,1.37829230030827,1.7963035212211,2.37791932389027,2.57904656687842
"2011-12-28",-0.326760473355515,-0.271655928015995,-0.190629494153438,-0.0343017063219008,0.256515467046456,0.974208545935236,1.34326430960008,1.76559765350754,2.41573091800725,2.46029507735036
"2011-12-29",-0.141226559512832,-0.145619346799344,-0.138552101685585,-0.0855943803276688,0.116442184080936,0.880069182089616,1.28911278421472,1.71397433442034,2.3172127801308,2.52729387760372
"2012-01-01",-0.320213905982765,-0.264230357640255,-0.181908698575465,-0.0230725653050234,0.272445500236751,1.00195684118266,1.37723162680663,1.80682897362603,2.46853771400566,2.5136564584524
"2012-01-02",-0.130825726343748,-0.131714989662938,-0.119382365132814,-0.0561068561880952,0.164568202944758,0.96367744695138,1.38385682335262,1.8166463961088,2.4266222854864,2.63851550583625
"2012-01-03",-0.130378911672451,-0.135471966134065,-0.128313027357791,-0.072149333821339,0.142587753632894,0.944810511597766,1.36820553754908,1.80325788096816,2.41394644081753,2.62571082196929
"2012-01-04",-0.318035089480712,-0.264194772240559,-0.18498755190608,-0.0320307990313297,0.253039215033209,0.960089926698529,1.32627410495328,1.74862798989463,2.41617333436465,2.48131791666766
"2012-01-05",-0.104057898042656,-0.126076738622681,-0.139258874259442,-0.109692456686832,0.0861131950755736,0.904096525882861,1.33525586193604,1.77022083078556,2.36679729671441,2.5718579991532
"2012-01-08",-0.0183366351770952,-0.0480349651827889,-0.072073488228171,-0.0617116253999506,0.105545925442145,0.893872494244045,1.3271794049626,1.77232947737218,2.39218227584082,2.60622637108881
"2012-01-09",-0.0427865439019144,-0.0641675711720883,-0.0774879483048055,-0.0509470849560153,0.133885117489546,0.925519258885931,1.35110221912994,1.78587208782807,2.38941641968397,2.59769635444732
"2012-01-10",-0.0813887944017961,-0.08893272732753,-0.086844975769898,-0.0441299073222657,0.139245304252682,0.876217302266361,1.28507829809861,1.71835200131621,2.34608920760504,2.56639249938119
"2012-01-11",-0.0290088728560005,-0.0425337528871819,-0.0473581649604756,-0.012829378765618,0.167183043193805,0.913563068676236,1.32176821966487,1.74682206150439,2.3497130915945,2.55944891450033
"2012-01-12",0.00352468231266742,-0.0120088501157613,-0.0207287999259859,0.00391695941912285,0.161359918712744,0.859090340339329,1.25427667300643,1.67405556604112,2.28145073416694,2.49433946904983
"2012-01-15",0.0268915701188057,0.00490202710613968,-0.0116435673724708,0.0026414531652067,0.152758642479542,0.860280208263983,1.26196760351608,1.68581653845164,2.29319001580709,2.50516311198005
"2012-01-16",0.0284377384707579,0.0125601195504158,0.00325207752800027,0.0266301355365328,0.181951173013955,0.880188076476687,1.2793510426818,1.70587521789841,2.32693809038958,2.54516741113567
"2012-01-17",0.0230247040458708,0.00265773961129709,-0.0118834140452139,0.00525380271393994,0.158495317587395,0.871799358480781,1.27822948100341,1.70912250266123,2.33014212475582,2.54738788418887
"2012-01-18",-0.0328278817829622,-0.0395503731641264,-0.0365207935341513,0.00721940024434364,0.190305948719291,0.919802558791263,1.32351017908831,1.75102180753627,2.37014588234262,2.58740351084744
"2012-01-19",-0.0178845923736925,-0.0269220589435605,-0.0253856898667033,0.020642886648932,0.21951461697574,1.00048926155678,1.4212687668071,1.85763505805068,2.47510870616829,2.68980194178353
"2012-01-22",0.0568046282829048,0.0303976748409306,0.0109672108782942,0.0294865004661761,0.209623531871516,1.01986929448825,1.46057054677708,1.91212456408527,2.53999016028232,2.75673651480435
"2012-01-23",0.0837826823995335,0.0537374194186263,0.0300128546356132,0.043173867808062,0.220356668435355,1.03720235115686,1.48091500519517,1.9336684423681,2.56010112416466,2.77596446961319
"2012-01-24",0.0503864085919912,0.0329108657244695,0.0235682324247016,0.0531895172238606,0.234457009031398,1.01451844157808,1.44528914817376,1.89500312058948,2.53382719143858,2.75613905339742
"2012-01-25",0.0696654108765894,0.0454747100872589,0.026464530394374,0.0384036355433197,0.191419578654116,0.932940251098004,1.35935859455288,1.81253933316118,2.4666051908223,2.69548728936285
"2012-01-26",0.0940692964770198,0.0643282755756818,0.0383066413954805,0.0400269854092969,0.182625566781311,0.920960294333421,1.34874668343858,1.80250542672941,2.45470176883042,2.68247570446795
"2012-01-29",0.113389117209554,0.0839134925562195,0.0571559534221124,0.0544274013147567,0.182111472811776,0.877901935849292,1.29049823703188,1.73409324902841,2.38052538604228,2.6074820217656
"2012-01-30",0.0645027034868937,0.0422091869261184,0.0244976251181909,0.0348907700603871,0.175908956298729,0.877367193019815,1.29045737504315,1.73697477221,2.39356490357146,2.6250839693084
"2012-01-31",0.0812601120771716,0.0579904528121858,0.0391752882992335,0.0483192790219535,0.188872264376284,0.890160675614432,1.30095859675039,1.74278667923878,2.38863978909076,2.6157954794692
"2012-02-01",0.079843933164908,0.054504148937339,0.0339434687471706,0.0431869135310227,0.191390135382971,0.917060235442026,1.33258029586939,1.7719973836872,2.40248468286116,2.6225891582462
"2012-02-02",0.0455564024731928,0.0304626085186692,0.0236640936289165,0.0554891654370376,0.234142459051729,0.993273640354934,1.41349586437573,1.85393597094766,2.48262953632391,2.70184606326394
"2012-02-05",0.0866770712121799,0.055597994634132,0.028791375608389,0.0320324262080693,0.183305777601348,0.940956433686936,1.36859432714151,1.81423836521757,2.44312757034551,2.66127302548587
"2012-02-06",0.121537781598308,0.0828774776130423,0.0479275447058165,0.0435518669060502,0.198726219804271,0.989785520292546,1.42542941661573,1.8696856039191,2.48251138801129,2.69339663714958
"2012-02-07",0.0579748921648899,0.0385108207162269,0.0271699176302633,0.0553754981838888,0.239112071343774,1.02826529415563,1.45838519520682,1.90262730043752,2.52641183969151,2.74255236567629
"2012-02-08",0.104563469676411,0.082612330105112,0.0677721087325938,0.0898674846181747,0.264934577765877,1.04845913690844,1.4825726748249,1.93450034852586,2.57364458529605,2.79564610837149
"2012-02-09",0.0605604345592834,0.0550048204666455,0.0590669155521179,0.103049658405132,0.283293819631379,1.00871809629955,1.41780116350119,1.85759661946979,2.50577094169956,2.73493858391654
"2012-02-12",0.0835921121401477,0.0684941734309056,0.060942977052581,0.0893775516242432,0.257889627495647,0.992913089621413,1.40754648615857,1.84750086510055,2.48367453727742,2.7066150762571
"2012-02-13",0.0574383499825445,0.0449169028603183,0.0409753011425336,0.0756981283590761,0.253245785400405,0.99557398456638,1.40730159064379,1.84065974747189,2.46257562594703,2.67991628426983
"2012-02-14",0.068352098372733,0.0576181914204353,0.0549159019295193,0.0882486780883317,0.254658168489581,0.959302148150826,1.35819072568928,1.7847393127813,2.40789572301842,2.62726952774885
"2012-02-15",0.124483180239137,0.0967001227838708,0.0737692432304612,0.0816294668187809,0.233733729819639,0.970691682234028,1.38374942626973,1.81344319788345,2.41923078140901,2.62931846558163
"2012-02-16",0.0886262398510004,0.0702762937735606,0.0595077010468119,0.0858585873009745,0.259089710955885,1.0098704999946,1.42258769686388,1.8513582898457,2.45704369756482,2.66736901966665
"2012-02-19",0.0692778843022675,0.0531802924640563,0.045859440938187,0.0790782593878251,0.264667591407319,1.03623573321046,1.45329489628152,1.88310895898113,2.48589208434534,2.69469975496342
"2012-02-20",0.122977014464012,0.0926539493941401,0.0679417996615385,0.0775541324305775,0.244029559132186,1.02583886549384,1.45224731956638,1.88778192337365,2.49071691759521,2.69850593845485
"2012-02-21",0.0869339895655729,0.0667870946835853,0.0537172701531692,0.0766471750568835,0.24636774697843,0.997713802264875,1.41290406143095,1.8448350144311,2.45546028582113,2.66753763104526
"2012-02-22",0.0587759643741733,0.0501189335950145,0.0506496267578815,0.0905136284041971,0.268567781717936,0.989043444538138,1.38734158927028,1.80761605973019,2.41331237184038,2.62540207904208
"2012-02-23",0.0677199726027547,0.0508073961999945,0.04117479399672,0.0671019624569092,0.233862154947361,0.963587413226379,1.37057605458192,1.79800612727882,2.40884566379558,2.62189456549549
"2012-02-26",0.2113142645453,0.160082301414549,0.107547477989698,0.0722710100240276,0.180255743553542,0.903377434899226,1.32334698403757,1.75876041349412,2.36633420641827,2.57605712766126
"2012-02-27",0.0757920217927055,0.0544764211227871,0.0382244750237454,0.0512681998368344,0.1955076987187,0.889268819766345,1.28997618179366,1.71785393609528,2.33888868157165,2.55671989607195
"2012-02-28",0.0822714142030129,0.0583540244461059,0.0397902208814159,0.0524689291144195,0.205176776764396,0.930237987454401,1.34015814845246,1.77075121772419,2.38458203749374,2.5983673519183
"2012-02-29",0.1594116913998,0.112705406494378,0.0673299297330646,0.0468243860528877,0.182096969256648,0.950046158402816,1.3780692371481,1.81400445978015,2.4133185022789,2.61926259660136
"2012-03-01",0.209580597980922,0.150529256335921,0.0888851022281967,0.042615965730913,0.145734667117134,0.886412190870812,1.31391165996106,1.75277321748283,2.35856793192131,2.56690101033196
"2012-03-04",0.0799226063267191,0.0537274744275819,0.0319278575911994,0.0388511561020124,0.183018642787599,0.900492654111649,1.31276552425955,1.74914366600581,2.37559679377866,2.59431910886876
"2012-03-05",0.0667945611913593,0.0437721014485041,0.0252271088727177,0.0346152366958835,0.174858236439495,0.873071961623118,1.28187271848869,1.72149722073017,2.36408101709454,2.5900827159042
"2012-03-06",0.0638868490566695,0.0372915359666939,0.0146628141547994,0.0194223417304428,0.158822271525046,0.868968436964399,1.28178675805068,1.72174788888448,2.35777194051678,2.58042582120069
"2012-03-07",0.15311957341783,0.105276720050262,0.0566142845325061,0.0259024615538335,0.136370599821738,0.861756663168991,1.28820864844189,1.73527544669234,2.36645642188363,2.58522775887887
"2012-03-08",0.0771197560342633,0.0490401458497125,0.0245463721358654,0.0266577181205214,0.163798120224184,0.876979689122146,1.293338578652,1.73756111732949,2.38015491424213,2.60514225694169
"2012-03-11",0.0782891191042974,0.0512380233655149,0.0271072796079445,0.0268831990901528,0.153361680504774,0.838277797931986,1.24891079352043,1.69486450392323,2.35246988165982,2.58450834481228
"2012-03-12",0.159054720900538,0.115226878495586,0.0715714345628911,0.0480191034424274,0.165727572282709,0.896109061773803,1.32479239516529,1.7758110210395,2.41564361750346,2.63783672999908
"2012-03-13",0.0903499778132651,0.0664737992286572,0.0486765056125092,0.0648756893361288,0.229446840967175,0.996810134103236,1.42886359308657,1.88222223594491,2.52811242160122,2.75303239539289
"2012-03-14",0.085505478796616,0.066506142036852,0.0554562321259207,0.0832199597376633,0.26422020475437,1.04740934460194,1.47776891893122,1.92482081531223,2.55629250998601,2.77556923264839
"2012-03-15",0.0833280103419398,0.07113017727902,0.0698424159011357,0.115342742950008,0.324204272430131,1.1429642288645,1.57589721502262,2.01789689606008,2.63289320037276,2.84539807580043
"2012-03-18",0.0797668629554593,0.0648083922044366,0.0605199744493348,0.10301618298286,0.312129559734781,1.13588109320036,1.56642621128885,2.00145503759553,2.60016735178621,2.80625543509102
"2012-03-19",0.0743926315913016,0.0614836670651797,0.0598349106516138,0.106312918890848,0.319752825937357,1.14440398567591,1.57314096366711,2.00574258327476,2.60066265909175,2.80541368782128
"2012-03-20",0.0818583602298064,0.0616351936572863,0.0502437003696355,0.0809712168146322,0.273789509715136,1.07735621498909,1.50356193299288,1.93584233931753,2.5320035944701,2.73729995043678
"2012-03-21",0.0791093070448216,0.0572665592114878,0.0427895170622443,0.0658910039485053,0.242107505276659,1.01448090138476,1.43485645563997,1.86729643118228,2.47154059446896,2.68051830042028
"2012-03-22",0.0915766228929967,0.0665182624300487,0.0473241629333375,0.0615633146842264,0.223059925601887,0.973690494332847,1.39057108124678,1.82323339757945,2.43241437226831,2.64361950727689
"2012-03-25",0.0785416829894373,0.0572379490580179,0.0435815419280821,0.0683354977784112,0.247734035763102,1.02746189146487,1.45097510952655,1.88641385058638,2.49467052131111,2.70502289912059
"2012-03-26",0.0843344348556912,0.06186951923473,0.0455036462552055,0.0625753522288081,0.223683798303367,0.968189422614224,1.38650453968386,1.8252105882118,2.45003253124522,2.66760066705093
"2012-03-27",0.0860030639460501,0.0648609638830121,0.0491616162372139,0.0641365258893951,0.214243754997094,0.928215852957219,1.33954536567474,1.77846900602141,2.41528247763635,2.63862685843225
"2012-03-28",0.0868643015607598,0.0697945900482629,0.0582660025737989,0.0762932198157342,0.220500376985426,0.903221889125281,1.30519409926733,1.74262007918626,2.39216912324693,2.62227037745755
"2012-03-29",0.081304355192091,0.0633367599173694,0.0511065904411375,0.069425514897786,0.217654671718106,0.911771776518215,1.31489596717511,1.7490201432461,2.38595790685291,2.61042235121629
"2012-04-01",0.093922172313762,0.0706307484175163,0.0519005227660562,0.0614426646667108,0.202770665461498,0.901051941740024,1.30680117755089,1.74074825064,2.37117856651076,2.59235458748368
"2012-04-02",0.0863740205804082,0.0675219919876099,0.054158721141394,0.0707967653544022,0.217341404496342,0.912176379504501,1.31691130270478,1.75311777560384,2.39341823887748,2.61909472245402
"2012-04-03",0.0772048534339532,0.0596581161635651,0.0475386776977157,0.0647591620309692,0.208412739458178,0.892911253297911,1.29654970312631,1.73597347022687,2.38865734112412,2.61988445656672
"2012-04-04",0.116386378538933,0.0898923836933587,0.0653347502169453,0.060992605873855,0.172985869110141,0.821365582987996,1.2243668068649,1.67236450282639,2.35036968678537,2.592308179967
"2012-04-05",0.172004820675974,0.129521580116374,0.0851509889273734,0.0531984930514149,0.14115569123154,0.797825890411751,1.21043841549303,1.66213752587608,2.32928696984575,2.56452125714164
"2012-04-08",0.168384553345051,0.128345983531633,0.0863112582705612,0.0554628322663383,0.137930262953894,0.773775463713653,1.18274552739565,1.63808731666801,2.32362891888888,2.56733739209925
"2012-04-09",0.0942003749489379,0.064678294669971,0.0357444711501388,0.0233183126625707,0.12202601521354,0.750178505599242,1.14962797275732,1.59790176669362,2.2824032569367,2.52754906212528
"2012-04-10",0.0803289145160113,0.0568480766856192,0.036254518610045,0.0381355332723492,0.15754251084937,0.809250780543744,1.20963462754227,1.65335434170813,2.32361502508413,2.5626702987306
"2012-04-11",0.107152953477886,0.0724746441558974,0.0388300258714588,0.025129704283912,0.139093542902474,0.824556548309758,1.23849324666208,1.68557968916018,2.3388414508709,2.56834164096753
"2012-04-12",0.148966306264121,0.111439007758364,0.0729018623132037,0.0480859840370168,0.139035645049733,0.780596495231573,1.18564198417696,1.63294549052476,2.30111855674122,2.53791074208001
"2012-04-15",0.118936843664728,0.0862841502991438,0.0541437086836048,0.0393257109412882,0.142088653999521,0.788918631991886,1.190002088931,1.63094146091075,2.28785662374917,2.5205042257599
"2012-04-16",0.0764020977839633,0.0518554683100334,0.0303762841143634,0.0323951979371274,0.156161471928134,0.822328424267609,1.22586243434906,1.66835492409075,2.32849626373611,2.5626299178319
"2012-04-17",0.124399000650396,0.0934646320846508,0.0633108783133732,0.0508071852196892,0.154150407343711,0.79500144996438,1.19369173662924,1.63390897274564,2.29340216409459,2.52755542958357
"2012-04-18",0.100858423567601,0.0758477586742941,0.0527378370633199,0.049081166204236,0.15693632408322,0.782378078100397,1.17345738374827,1.61040816234173,2.27581001861429,2.5139421713509
"2012-04-19",0.0729919886458912,0.0507338274741581,0.0316749956083264,0.0357201370886425,0.156865409733683,0.805066935182121,1.20166493961988,1.64070709834999,2.30345336512211,2.53978618279507
"2012-04-22",0.124663858923577,0.0920437862684853,0.0585480393827575,0.037425410654395,0.120969184161418,0.721801972257168,1.11357316628036,1.55753878262805,2.2415686443185,2.48744035140565
"2012-04-23",0.089377399403142,0.0590160613385652,0.0295884101880997,0.018229758345051,0.123492152461919,0.772619046627477,1.17844033475326,1.62868583652191,2.30721334981668,2.54877806529715
"2012-04-24",0.08720514411012,0.0598868250285798,0.0345913333662014,0.0301486592099458,0.145125040258525,0.80619264889552,1.21421859033815,1.66540901462987,2.34399161613027,2.58544963837096
"2012-04-25",0.0872237387717976,0.0567115808160579,0.0265764799705417,0.0126022185283101,0.110630107917393,0.744488522094205,1.14866090053826,1.60255265612407,2.29593061777548,2.54428396800213
"2012-04-26",0.0572303752862496,0.0285831748595969,0.00127387426756725,-0.00711876509973619,0.100971471610692,0.752307257428794,1.16017024769736,1.6144556610645,2.30279648519601,2.54850037538632
"2012-04-29",0.0732692887730442,0.0442074293284444,0.0157132467430928,0.00350691309077511,0.10131756288793,0.727156261241253,1.12765058691403,1.57932017730266,2.27315661130323,2.52235270932958
"2012-04-30",0.125608024226511,0.0882665225986607,0.048918292961743,0.0197240857326695,0.0970457449954389,0.708603989832111,1.11053795858158,1.56538522331066,2.26347399161944,2.51382594860388
"2012-05-01",0.0862827530111045,0.0521880308284704,0.0168670305492609,-0.00673628197672416,0.075189244443767,0.682290153399308,1.07989800816255,1.53098123109889,2.22645346184647,2.47648435679946
"2012-05-02",0.0572268065576377,0.0326211617722202,0.00923096261113654,0.00272690235754858,0.100608387931413,0.702989401972804,1.09207462893889,1.53641271869531,2.23079688265421,2.48238662544772
"2012-05-03",0.0782959172647395,0.0516242398403782,0.0251247628366729,0.0125032072428816,0.0992271082660167,0.680240064236466,1.06310250543235,1.50407837931393,2.19907059929926,2.45183585169965
"2012-05-06",0.0429094537315259,0.0177485019275032,-0.00630831974670626,-0.0137170854001361,0.0831696473673715,0.68182576309985,1.06675634055058,1.50437439741424,2.18421165063953,2.42978599096681
"2012-05-07",0.0475158533439033,0.0235809762653876,0.000804383452710278,-0.00564072552783124,0.0891507177003319,0.673447085694466,1.05096160325305,1.48211949854182,2.15593985155624,2.40008233897297
"2012-05-08",0.094121704223729,0.0649200446485074,0.0343431421646612,0.012941472980718,0.0816913804494026,0.62230603521785,0.99113557124899,1.42256484306653,2.1134737284261,2.3666377088225
"2012-05-09",0.11866378016257,0.0844901080669639,0.0485736193978586,0.0223955339905394,0.0956000034185542,0.669597311295187,1.04851380090099,1.47924799653662,2.14415535921204,2.38327637791967
"2012-05-10",0.0615714300126781,0.0351498865540001,0.00926337088483498,-0.00166397308721389,0.0883804582647912,0.666464462976127,1.03867061864963,1.46055113970118,2.11267927647303,2.34760403822057
"2012-05-13",0.0738012242659201,0.0430993148729124,0.0111449222628855,-0.0107598654708508,0.0612310688197361,0.605767917797895,0.965501376178997,1.37594774969977,2.01300646663068,2.24276121112106
"2012-05-14",0.0518871962861484,0.0245696563371642,-0.00274706830079435,-0.0167584956740572,0.0667196181138657,0.626919740339684,0.99030104678721,1.40297562588274,2.0416413046399,2.27179253237535
"2012-05-15",0.0987062008916876,0.0675288619624363,0.0353350417899503,0.0142658576347454,0.0910003301088559,0.653198278211863,1.02078768140591,1.43764040396806,2.08017151496353,2.31115338046887
"2012-05-16",0.0525110964161453,0.0244604443002913,-0.00417352482773409,-0.0213580123027588,0.0549346027119493,0.597976340867403,0.955497112486508,1.36446993096651,2.00227012110304,2.23290887076516
"2012-05-17",0.0969776536741379,0.0641938575005634,0.0293475651390228,0.00239536060290613,0.0666398976174326,0.598891295614848,0.954864575077358,1.36227802761255,1.99583306259936,2.22444322963918
"2012-05-20",0.0638334124699442,0.0347336572434742,0.00505751243922081,-0.0127809591269845,0.0652990975490626,0.615047730993187,0.972357701158221,1.37693951718692,1.99997622520188,2.2238937260433
"2012-05-21",0.0711413242371371,0.0406727966242278,0.00968925577512486,-0.0087177178440131,0.0728998097945207,0.638114830795412,1.00039631854871,1.4063313821929,2.02365212700332,2.24421626142136
"2012-05-22",0.0806547776086725,0.0459454482642191,0.00868398449076285,-0.0218174261359901,0.0381857874151765,0.560948870914045,0.908753263783713,1.30353309161088,1.91053671037346,2.12832857545877
"2012-05-23",0.0702715051012145,0.0372281056563753,0.002599204904149,-0.0224718765222559,0.0475136225474672,0.584602466860587,0.931951349305076,1.32062556887191,1.90937539762636,2.1192559149542
"2012-05-24",0.055502789524494,0.0263470766016878,-0.00378174141855842,-0.0235952951073141,0.0477725947983898,0.572002167114329,0.914895685957675,1.30378000072078,1.90323610270029,2.11873645506591
"2012-05-27",0.0690788935127404,0.0346921240453982,-0.00221692899607318,-0.0324048356324078,0.0271467357649933,0.545459659296173,0.890262208776945,1.28162335938138,1.88335993875281,2.09926099387498
"2012-05-28",0.0720670854106831,0.0376307426242278,0.000991502260318355,-0.0278259073161327,0.0356768406763136,0.559562672340668,0.901593841698283,1.2852061763812,1.86709183814195,2.07459912948077
"2012-05-29",0.0609887048308641,0.0249759312447284,-0.0139144734565411,-0.0469397097639869,0.0087739459409335,0.510995836558183,0.840309729287532,1.20867747272148,1.76480192837338,1.96264036355096
"2012-05-30",0.05115106608105,0.017768559001065,-0.0185567998175865,-0.0502844231564946,-0.00101177523661278,0.469289729504448,0.785459640478926,1.14523960807626,1.6992695087431,1.89813451680476
"2012-05-31",0.0557453261838125,0.0219022418317873,-0.0151529853314165,-0.0485141934483381,-0.0032825503895404,0.450798102570846,0.755783176310354,1.10146399297723,1.63078786087677,1.82025213472885
"2012-06-03",0.055904820179964,0.0206200729494315,-0.0175497538499068,-0.0503098215614614,0.0023258395947372,0.482248228026259,0.795387007091959,1.14396275747651,1.66709531855778,1.85270254862668
"2012-06-04",0.0473832414351348,0.0154842108461721,-0.0184774137792057,-0.0453580343409221,0.0122880438804793,0.488459351252632,0.797473022662818,1.14227268577737,1.66205349479787,1.84689437013047
"2012-06-05",0.0552956925894309,0.0255040601403237,-0.00529424278427315,-0.025913198718715,0.0436136969373544,0.547550969835431,0.868897511605909,1.2259223687082,1.76276720312096,1.95355352017129
"2012-06-06",0.0901732940304867,0.058291269453472,0.0251942845328834,0.00245712021742928,0.0745141556323833,0.604946572732862,0.94393937683182,1.32077618458989,1.88759582384145,2.08905133496914
"2012-06-07",0.0658193114129015,0.0329330272245148,-0.00187430256161436,-0.0285021203733402,0.0352724121099954,0.54747120265951,0.880730242496904,1.25419196959681,1.82039909663204,2.02228943329919
"2012-06-10",0.0784177401138778,0.0463147351611289,0.012165628353005,-0.0145051487376932,0.0464247531581923,0.55084559858995,0.884341552726922,1.26229623346417,1.84288829578791,2.05115221410946
"2012-06-11",0.0613436708425436,0.0354231687526506,0.00982894116702987,-0.00201319234218567,0.0813658303353044,0.620233743158542,0.963807615899546,1.3496379474763,1.93903549140994,2.15014449919988
"2012-06-12",0.0604436448901354,0.0385931204974327,0.0184582782939042,0.015676239068059,0.112317077285034,0.676801909901706,1.0340516931665,1.4371434108412,2.0584587266784,2.28210767254413
"2012-06-13",0.0535897070919672,0.0302922976736684,0.00816427150692867,0.00202751917732336,0.0943091087970508,0.658704938323702,1.02092977744196,1.43253031706716,2.07174988126181,2.30263188910039
"2012-06-14",0.0735918363574347,0.0385369835086372,0.00183283201593143,-0.0246958878030992,0.0491850869427266,0.612220864548886,0.973788749310998,1.376197748975,1.98190735592265,2.19722323953184
"2012-06-17",0.0753371386172482,0.0331912664514981,-0.0125629069186044,-0.0524832465387791,0.00763189343603055,0.570541702470657,0.938896379724716,1.34921873009425,1.96526526161657,2.18386003077113
"2012-06-18",0.0467861753683144,0.0143428861016459,-0.0184450595296454,-0.037233103637729,0.0513045394383101,0.648497994677884,1.02521047856529,1.44262108109337,2.06925927009594,2.2918660363919
"2012-06-19",0.0294093419771666,0.00884798407872878,-0.00771393058022196,0.000863237736107636,0.128030860539591,0.769563209643942,1.1507336209996,1.5651616638838,2.17849374828723,2.39534388443364
"2012-06-20",0.03269929919333,0.0155271300169489,0.00190259805910381,0.0104486012284145,0.123963113376088,0.709551278416462,1.06883277355421,1.46949270154816,2.08066425596214,2.29975091219935
"2012-06-21",0.0529146425056048,0.0319556853740055,0.0140414517485041,0.0179251612377344,0.131713048339636,0.736079622750444,1.1032422336091,1.50755096240029,2.11407292658088,2.32974639906291
"2012-06-24",0.0608314700304401,0.0360937176633719,0.0120546215608485,0.00279500274565236,0.0905446713678272,0.645207857352422,1.00137135266234,1.40478299237749,2.0280877454386,2.25260179146335
"2012-06-25",0.0477169904597768,0.0260232783353994,0.00611026674715676,0.00379916666880453,0.101824505970218,0.674794199323613,1.03939460639279,1.45275039375986,2.09377121381719,2.32521022491798
"2012-06-26",0.0435653358068245,0.0200293665080664,-0.00148432526304676,-0.00378089425306549,0.101751288038965,0.705853870041573,1.08264809036403,1.50336005588176,2.14377094677488,2.37293423646403
"2012-06-27",0.0211711601546745,0.00337094327182821,-0.0119209002564968,-0.00841986976268216,0.0928669828095491,0.660590442654243,1.02598546374907,1.44678361808303,2.11391594599673,2.35764161704913
"2012-06-28",0.0178714247949937,0.00206010891507735,-0.00971840197558166,0.00211971827878765,0.122091409306784,0.734279367955383,1.11476016850277,1.54471954552857,2.21211547308676,2.45346145410922
"2012-07-01",0.0221181331604595,0.00364103096485274,-0.0126114384286048,-0.0107895137318079,0.0882713465223915,0.657298054202723,1.02723444650978,1.45582779859767,2.14016349319349,2.39108117551882
"2012-07-02",0.0197732949950568,0.000165133441263871,-0.0177249943889494,-0.0188605464155697,0.0760012056455952,0.646011929011144,1.02338626477653,1.46541950193972,2.18058819166017,2.44462630411157
"2012-07-03",0.0139617505015493,-0.00434322645048069,-0.0212334674252455,-0.0230303345901666,0.0642623161423793,0.605131592351646,0.971889532211168,1.40948060519394,2.1350640474694,2.40670669680698
"2012-07-04",-0.0246160711992785,-0.0451555019008337,-0.0653290466980237,-0.0733387788934345,0.0034306135504597,0.528883730002891,0.894897733224536,1.33740437545846,2.08228496302482,2.36343565665494
"2012-07-05",0.0629553064566719,0.0244589430764712,-0.0193460334896106,-0.0645920943612183,-0.0333563326163693,0.457894288850404,0.824379469169666,1.2685060605775,2.00543356902926,2.2800462824769
"2012-07-08",0.0561843819405684,0.021519997676861,-0.0176101064608644,-0.0566787216061679,-0.02172029581299,0.456290153966336,0.812886856728841,1.24782684881264,1.97727848506095,2.25090934642266
"2012-07-09",0.0555329792355125,0.0204118782246719,-0.0191549067211406,-0.0584020278663695,-0.0221511089877113,0.461722832419843,0.820205215421666,1.25531092528285,1.98036953102314,2.25135989738921
"2012-07-10",0.0552093554096709,0.0195700972157353,-0.0210755654890447,-0.0632558275164529,-0.0342608360848662,0.43216714992711,0.785989813515033,1.22068966435486,1.95556670707611,2.23238929510688
"2012-07-11",0.0289641710668918,-0.00524748682304604,-0.0442133585252551,-0.0843954486390621,-0.0550813982309034,0.402411872664455,0.750444037385121,1.17967289259586,1.9094968324144,2.18539182347666
"2012-07-12",0.0541199353508619,0.014891924809001,-0.0303255088110295,-0.0792540766743661,-0.0572427186230975,0.4070831533763,0.761240334384845,1.19412164327457,1.91870923160682,2.18989639569094
"2012-07-15",0.0811461076835929,0.0370774816513532,-0.014895635770537,-0.0756523709570509,-0.071536032313648,0.369169705986331,0.720516463446873,1.15582107158868,1.89320392950157,2.1706656826297
"2012-07-16",0.109603044427853,0.0597173872797467,0.000656624634615743,-0.0695162128055338,-0.0717578719533618,0.380685316753515,0.738523562697689,1.17501403405413,1.89728143816935,2.16531621943969
"2012-07-17",0.078129650290413,0.032219572475981,-0.0219798266100551,-0.0856680123697663,-0.0836448885204797,0.357822839552675,0.707666718414609,1.13760825482812,1.857303463994,2.12620891635911
"2012-07-18",0.0718154131755411,0.0274931619798112,-0.0245283260626336,-0.084506655178838,-0.0770958991194577,0.37147243549604,0.722729023536998,1.15324896617411,1.87270914294138,2.14139165059405
"2012-07-19",-0.0380828838462361,-0.0644339110370449,-0.0938543075175834,-0.121571401879023,-0.0852414557213408,0.344847837061579,0.674864551019107,1.09116041905957,1.82578183686123,2.11039379701884
"2012-07-22",-0.0196819008616911,-0.0450307003515402,-0.0732110294977825,-0.0992289797135768,-0.0616354013532266,0.366253173404204,0.694671197263415,1.11012376067216,1.84696185898416,2.13344916871729
"2012-07-23",-0.00698846139970015,-0.0362538418793119,-0.0688397666252728,-0.0993497028153376,-0.0591959391681622,0.405157332158329,0.754690757320173,1.18856455630634,1.93666306806046,2.22224279536265
"2012-07-24",-0.0620456793167201,-0.0828117230834439,-0.104224367303353,-0.117201848515987,-0.0560446647375642,0.420473695194931,0.766500552796606,1.19547245587119,1.94122303194606,2.22815918994489
"2012-07-25",1.68306685241898e-05,-0.0307055018559591,-0.0643735716345941,-0.0939600417661276,-0.0446515309987965,0.454883588356318,0.817276856651917,1.25621130840267,1.98903584886475,2.2635430699632
"2012-07-26",-0.000830301179232752,-0.023953880300171,-0.047734588805737,-0.0620917148024928,0.00479927473534714,0.514259438414581,0.875370165721639,1.31402928721297,2.05481194035623,2.33471044436851
"2012-07-29",-0.105509476618648,-0.130359654509372,-0.155167007157462,-0.167197507815269,-0.0852441547425399,0.481122920310137,0.865665453438655,1.31920255874152,2.05631655153997,2.32883586025167
"2012-07-30",0.109152030119869,0.0546758081613637,-0.00931258909990346,-0.0838225220902159,-0.0813013649956409,0.407589233281711,0.779431610975108,1.22116231745549,1.92842707984491,2.18643013732241
"2012-07-31",0.105937273759499,0.052316678708668,-0.00965981840320407,-0.078219629569089,-0.0599182697864094,0.47246608652496,0.861227771290007,1.31549111228062,2.03079926774491,2.28978716874004
"2012-08-01",0.0911735543729009,0.0427833857358862,-0.0139956233286314,-0.0795957294287036,-0.0733113215862529,0.395599858318498,0.757908971164553,1.19612897560998,1.9152101984862,2.18100676182012
"2012-08-02",0.105377907313864,0.0575542695798769,0.00318377250841073,-0.0535147210112159,-0.0214185433717953,0.514876665538883,0.896774954466451,1.34048041967046,2.03679087971704,2.28866914005448
"2012-08-05",0.00276282578599074,-0.0268304444361704,-0.0586110021729012,-0.0839861607373417,-0.0259112877980052,0.491341134847542,0.85740423287207,1.29523537399639,2.01562092420809,2.28337869630641
"2012-08-06",0.0540496305889628,0.0102807024571322,-0.0382610630851249,-0.0841641540404231,-0.0335599529211652,0.5399939987568,0.936842676381818,1.39481669734241,2.11060300725978,2.36924116364164
"2012-08-07",0.05771477015884,0.014588036146161,-0.0340626350651718,-0.0830888166478251,-0.0450796447800315,0.488902879855992,0.871515011554322,1.32152490175687,2.04009254588371,2.30240786269145
"2012-08-08",0.066236090401829,0.0217867683447258,-0.0282363841738955,-0.0782566788484254,-0.037804659320537,0.512533017403832,0.903696370131238,1.36128478242089,2.0871708064136,2.35128622735798
"2012-08-09",0.141732600228001,0.0813027238824586,0.0102118279406536,-0.0731657106616778,-0.0742058603405436,0.441357399719187,0.831185712953544,1.29018158663928,2.01620085444229,2.27938449815035
"2012-08-12",0.0484178604948716,0.0098634965188962,-0.0333047820907315,-0.0753243647207538,-0.033457022578919,0.48885591098322,0.86583671672967,1.3146134985211,2.04379155916313,2.31254394370919
"2012-08-13",0.0464436187341483,0.00455181831711571,-0.042194849605314,-0.0872974086824286,-0.0413763836190475,0.513018045462949,0.90549380009191,1.36577671735627,2.09944544716924,2.36713909477517
"2012-08-14",0.164732490811236,0.0985245139385774,0.0224976933270124,-0.0605565623161053,-0.0379093917758095,0.5698410806272,0.992400965713865,1.46772510340724,2.18304244656092,2.43670184970586
"2012-08-15",0.0568822648127034,0.0153663397988344,-0.0302921015675677,-0.0718569843403466,-0.0162764032270171,0.562652012434008,0.96234756787796,1.42502385091622,2.15188652990501,2.4152670633902
"2012-08-16",0.12920015072067,0.0650479740501766,-0.00881735738490069,-0.0901390942860981,-0.0703322876972932,0.517625955226932,0.930682068218952,1.3982515431622,2.10675358610637,2.35872744188298
"2012-08-19",0.0215323572129812,-0.014352635467545,-0.0530911332700992,-0.0852890040301023,-0.0229586480679285,0.543154867509143,0.932544407655199,1.38599489060713,2.10561236429371,2.36785254355752
"2012-08-20",-0.0537086665711967,-0.0756195937135385,-0.0960122466344782,-0.0993952703801313,-0.00186657149138392,0.59245395835438,0.983360825547626,1.43770417388698,2.16468117053595,2.4314021704658
"2012-08-21",-0.0592726723548203,-0.077670337628383,-0.0944275193259476,-0.0952460927118138,-0.00462042184969724,0.543984605892396,0.911047202406484,1.3448389299321,2.05516397767381,2.31920228796588
"2012-08-22",-0.0558959632638334,-0.0725773738634578,-0.0881483747626444,-0.090508581784824,-0.0124111959002899,0.486482573006268,0.832562249842576,1.2528314124193,1.96677938688906,2.23797764414572
"2012-08-23",-0.0544727145521516,-0.0705175563535354,-0.0855537670751095,-0.0880480126971227,-0.0132385956604908,0.47065204703835,0.809717997403175,1.22478682646171,1.9379290762082,2.21074456922697
"2012-08-26",-0.0554392450385913,-0.0704668547711189,-0.0840614120818257,-0.083948669767928,-0.00485483131604336,0.486987714637468,0.82900685367478,1.24678056503011,1.9634808638245,2.23751487580865
"2012-08-27",-0.0508324519242584,-0.0667037968799404,-0.0814890004199921,-0.0835129205221826,-0.00787808441793525,0.477773968924593,0.817600036006272,1.2334345634381,1.94769517119645,2.2209126745989
"2012-08-28",-0.0136368773597523,-0.0328451433332388,-0.0517704263132084,-0.0595136332297349,0.0116574059497511,0.503511459848099,0.848162631723714,1.26671113314295,1.97558741581855,2.24413618375287
"2012-08-29",-0.0503597146837884,-0.0697684072351655,-0.0891417152325413,-0.098176885732247,-0.0304118888559252,0.452049251258824,0.793268038502017,1.20987868950892,1.92024447650191,2.19041809596801
"2012-08-30",-0.0425985309603283,-0.0581594649213923,-0.0726873099022262,-0.074794813783374,-0.000836759178247992,0.477149652693676,0.813336491279873,1.22640948109953,1.94008543858634,2.21409574508615
"2012-09-02",0.0679624142707536,0.0285872447499683,-0.015681297186052,-0.0596323332422619,-0.0215561799220391,0.483892855430468,0.846532775602319,1.27466380493143,1.96213167768291,2.21386661920701
"2012-09-03",-0.0296219986644353,-0.0530576739246631,-0.0770575631929762,-0.0912481462956473,-0.0231650116447107,0.484062451955224,0.837567350492355,1.26127642499682,1.96382432188789,2.22641986439015
"2012-09-04",-0.0306088840559851,-0.0545629799705635,-0.0788842625148541,-0.0923988459907736,-0.0195780077842699,0.508596808699131,0.873462782999214,1.3084423079859,2.02486870055176,2.29166235008044
"2012-09-05",0.00898601813757191,-0.0188089398539237,-0.0470356467439899,-0.0630690578997444,0.0179338955064325,0.594940442280558,0.982849814850085,1.43486364496234,2.15696778114488,2.42137205761579
"2012-09-06",-0.0303928780723396,-0.0482347313305107,-0.0643188707526675,-0.0641331836778526,0.028352681258023,0.589794424525137,0.970616101532191,1.42632289974194,2.18575851887834,2.4709962220014
"2012-09-09",0.0307223336752971,-0.00143059199978696,-0.0355364656063447,-0.061198577051886,0.00746249635962881,0.579197449341697,0.974436929789601,1.43991017417729,2.19107019656683,2.46736604474768
"2012-09-10",0.0280911388831138,-0.00237013002481506,-0.0344506363949326,-0.0575584255267656,0.0122389244601553,0.577088054680503,0.967905148662072,1.42965504052991,2.17856382006135,2.4548371146694
"2012-09-11",0.0281681568089211,-0.00146232441642649,-0.0317306220149682,-0.0497007218142803,0.033501156175259,0.635975263973731,1.0420434976273,1.51553460935547,2.27227468788629,2.5493962764187
"2012-09-12",0.0444716629073978,0.0134915534628699,-0.0190118796860264,-0.0419637274461402,0.0305752327277582,0.607205175935147,1.00331957710231,1.46906503903483,2.2198816852676,2.49596573069426
"2012-09-13",0.0593259203101565,0.0259067153237772,-0.00835886369087996,-0.0295771170476435,0.0586695125627081,0.695262998231241,1.11523162177969,1.5958914559749,2.34573402506836,2.61691381148769
"2012-09-16",0.024466394512452,-0.00661822112903943,-0.0378843117224091,-0.05464033534182,0.0380332577379758,0.671682212646844,1.08622596709378,1.55965412484716,2.29722052078632,2.56386042056872
"2012-09-17",0.0413738524818951,0.00617332747785654,-0.030523637114496,-0.0559349341452978,0.0255519661643957,0.64577572888492,1.05587274936095,1.52388741628678,2.25039890122337,2.51242463937962
"2012-09-18",0.0599268998628302,0.0202155592635395,-0.0224373140518633,-0.05726211701029,0.0128389546792542,0.627480337732748,1.04146530709124,1.51610281268681,2.25498726669172,2.52168231305401
"2012-09-19",0.0636452826805373,0.022721397338241,-0.0221957122491829,-0.0626405762221053,-0.00541390003776976,0.580089134268816,0.985904776181328,1.45776959962329,2.20352783469192,2.47459224372493
"2012-09-20",0.074463225061745,0.0298693524997876,-0.0195663092389972,-0.0661418712169556,-0.0132971851797721,0.581669995834949,0.995518225087229,1.4754415281257,2.23023011769267,2.50381282133365
"2012-09-23",-0.0274992486587355,-0.0481624696661671,-0.0678071236952049,-0.0727185081487888,0.0153140231444823,0.582141394687222,0.969299372357306,1.43216520686104,2.20070749785603,2.48855975526282
"2012-09-24",-0.031555119673543,-0.0475422613592508,-0.0609924319263934,-0.0560754403482544,0.043800926577009,0.614552036355041,0.995277236904773,1.44742996769165,2.19479627611455,2.47430878966443
"2012-09-25",0.00516929723724355,-0.00978435118310286,-0.0232897349776266,-0.0229923059686833,0.0569154353109604,0.556938039712115,0.907761599446627,1.33963584859581,2.08900367803113,2.37764244379552
"2012-09-26",-0.0502120670846583,-0.0599916668608345,-0.0663669146199518,-0.0538632941946022,0.0436849122177937,0.563585525613877,0.91446165272693,1.34040246881107,2.07004505839948,2.34935437499089
"2012-09-27",-0.015305839763083,-0.0315385765147062,-0.0462121975953499,-0.0461561793580679,0.0381848496747529,0.556007663930685,0.91099819284897,1.33946500003421,2.06209103052506,2.33546599621752
"2012-09-30",-0.0169618496680465,-0.0323001257935844,-0.0459546571481936,-0.0447675415172707,0.0396566568886874,0.554820078948245,0.910416805098284,1.34279776207624,2.08017826642058,2.36111455469505
"2012-10-01",-0.00334634429306617,-0.0213018417135867,-0.0384440953177835,-0.0428549042961284,0.0346287164176357,0.546726849552855,0.905681628053306,1.34405664701615,2.09393117711129,2.37992207746934
"2012-10-02",-0.0294385154368709,-0.0457732856777212,-0.0607073809879309,-0.0614093230002148,0.0212640546104619,0.53906077273752,0.898330637085738,1.33582561131883,2.08269759904104,2.36734989030915
"2012-10-03",-0.0260881408116732,-0.04074964529747,-0.0536681604698047,-0.0517910614795359,0.0321575772948269,0.543831869366173,0.899581074702608,1.33524310664134,2.08619648661967,2.37428696343386
"2012-10-04",-0.0311710469831656,-0.0460453983037502,-0.0585475513175451,-0.0537785391187708,0.0407999715827783,0.588318260646775,0.959157759295256,1.40520682075601,2.15568709663075,2.43937273681166
"2012-10-07",0.0509861724090633,0.0186405423846221,-0.0164185572000749,-0.0458185413034201,0.0112060713781637,0.545978324110407,0.924922561887265,1.37687096804442,2.11674417973482,2.39088828855474
"2012-10-08",0.0512132109730077,0.0186365469060922,-0.0168961506561299,-0.0475529386434288,0.00651464636740495,0.53549166774574,0.914041832565104,1.3680969601866,2.11655292762094,2.39490134693467
"2012-10-09",0.0530581925528642,0.0204079780531037,-0.0152316702620089,-0.0460904419268087,0.00761844815028789,0.535819260921287,0.914033791446726,1.36775321959891,2.11572704388446,2.39390427758118
"2012-10-10",0.0520636288789324,0.0187392908164615,-0.017548224397037,-0.048669435156282,0.00707572077832608,0.545777389619643,0.928828761548381,1.38607638740361,2.13504707850796,2.41260952200001
"2012-10-11",0.0159180378337124,-0.0106697794047485,-0.0387574883192862,-0.0590852472688788,0.00314063314789426,0.520048921369585,0.887755180740671,1.3322225959574,2.0756606153122,2.35476658063145
"2012-10-14",0.0493246583722361,0.0189603986982496,-0.0138339296560247,-0.0407356890652987,0.0161154203488543,0.539552177243452,0.913322865833208,1.36280819263658,2.10736196999376,2.38512393559499
"2012-10-15",0.0521479291622118,0.019898920856239,-0.0147144611976505,-0.0423346358996378,0.0206330979702722,0.578733826784573,0.971517758414297,1.43915658674365,2.20385709644749,2.48710387071856
"2012-10-16",0.0487908671837084,0.0188481738972326,-0.0120022737632605,-0.0313906856547697,0.048773178487739,0.646656556798525,1.0535951199057,1.53091924527452,2.29921431696988,2.58159555090072
"2012-10-17",0.0530114431168571,0.022504742542397,-0.00894554290780442,-0.028865579492242,0.0517061467802213,0.651576903204263,1.05760219738697,1.53156579229974,2.28959612380862,2.56724787326097
"2012-10-18",0.0475629572215071,0.0190730778896515,-0.0100922123870967,-0.0276077223704287,0.0520199486747117,0.634423190158851,1.02965155056607,1.49287973200531,2.2381127013327,2.51197672690873
"2012-10-21",0.0695166599195247,0.0388476387176087,0.00702376791782205,-0.0140219758861517,0.0633190947405875,0.651703080312833,1.05122586187622,1.51798569655668,2.26489040077569,2.53850965506919
"2012-10-22",0.0490466002242739,0.0192974709959893,-0.0117153404356527,-0.032708372575622,0.0411333110650345,0.615793552969855,1.01121733463809,1.47774255661475,2.23369866812316,2.51249431838011
"2012-10-23",0.0112510474529239,-0.0124605348255993,-0.0360288143318995,-0.0468308021868497,0.0349842929738526,0.601726824088943,0.992097056228089,1.45851272739913,2.23024318600664,2.51850489719476
"2012-10-24",0.0516247028564862,0.019278690291838,-0.0150934796570579,-0.0411512016675055,0.0274846098420842,0.605061030092783,1.00679036250703,1.48207747295988,2.25361582192432,2.53831193085013
"2012-10-25",0.022268303979969,-0.00597302285282927,-0.035653310737578,-0.0565329410296214,0.0117679022864233,0.566096734216259,0.957331054267318,1.42783543706504,2.20970539821242,2.50215434459259
"2012-10-28",0.0636743448587082,0.0337649030375154,0.000852288249867383,-0.0284235160807824,0.0192728802845287,0.518605726497298,0.888997519652636,1.34568812576485,2.1271173048018,2.42415033293357
"2012-10-29",0.0560402827006575,0.0209500207364637,-0.0179590170907531,-0.0540732912062193,-0.00661046420595479,0.523161841351318,0.909468073418732,1.37650399543192,2.15280214370679,2.44271640515705
"2012-10-30",0.0799004147240865,0.0397557080802891,-0.00567816770185553,-0.0517011127319371,-0.0153754869908045,0.507884950680555,0.893835628407122,1.35873556547651,2.12465227190957,2.40899031814647
"2012-10-31",0.0777628612392178,0.0378623384397905,-0.00729015956580015,-0.0530082463783044,-0.0168135359598671,0.503631229471197,0.887454828447308,1.34977793986894,2.11143409304142,2.39418875139609
"2012-11-01",0.0260233368969555,-0.00658466265213198,-0.0424772976484575,-0.0746668450985385,-0.0251943351766246,0.493148033064663,0.870544499195025,1.32806994229892,2.09238943166194,2.37874786745824
"2012-11-04",0.0267031237275616,-0.00737374634010116,-0.0452870762140367,-0.080937402963249,-0.0365486101788249,0.474863833390085,0.850766472034569,1.30757171476581,2.07187497488606,2.35836663689212
"2012-11-05",0.0281800909996641,-0.00576750428615155,-0.0434814351653764,-0.078719845127537,-0.0334933052117942,0.480145357758628,0.857166690196832,1.3151739205437,2.08131734604783,2.36847874424419
"2012-11-06",0.0300283854081341,-0.00480712442889622,-0.0443383125450834,-0.0844764423632974,-0.0514283191013777,0.431472926059517,0.798861926523871,1.25337687541185,2.03030012493769,2.32500989009759
"2012-11-07",0.0337163337392783,-0.00061404760295572,-0.0397878696540818,-0.0803239419076116,-0.0506524770731525,0.42011796565854,0.783781389560775,1.23813657102374,2.02492590218554,2.32570010406992
"2012-11-08",0.0288606850919231,-0.00363036242613274,-0.0405110014179278,-0.0778564589942434,-0.0457086120098248,0.420432787575347,0.779807431337103,1.22991353165928,2.01313376541685,2.31355829376763
"2012-11-11",0.0658950950875628,0.0273293973820777,-0.0174558283254788,-0.0669402564578572,-0.0484637338296907,0.413718970998059,0.777984230014513,1.23391738349512,2.02178629436592,2.32222847726977
"2012-11-12",0.104167874170925,0.0564886890915159,8.95826154923562e-05,-0.0664804783569585,-0.0650652574753645,0.399166095029254,0.771614195757095,1.2337204862549,2.01720450520634,2.3120942477068
"2012-11-13",0.060013620889075,0.0214194032564873,-0.0233773266981133,-0.0727902755738991,-0.0539038846190154,0.410293550364897,0.775871779074293,1.23336625282446,2.02384117294973,2.32526579753208
"2012-11-14",0.0526201820776603,0.0161605313112133,-0.0261529056061011,-0.0726665312672526,-0.0532437725306604,0.401994555870353,0.764663557663616,1.22380912191218,2.03084982049265,2.34196551007634
"2012-11-15",0.10931531939875,0.0648198232517123,0.0119006834575633,-0.0513790334480438,-0.052375320871042,0.390419468543435,0.75682610376796,1.22211591024313,2.03640008206948,2.34875693358706
"2012-11-18",0.10571006525635,0.0578005543522371,0.00106180110882231,-0.0661035006467651,-0.0652534731461396,0.403087912915828,0.781288234819392,1.25278454491315,2.05733564807196,2.36128818235516
"2012-11-19",0.0937747606307767,0.0509038541435784,0.00108130150579383,-0.0542900949628773,-0.0362920913889653,0.454529797699001,0.837007391002137,1.30994334245785,2.11276643901621,2.4155752798965
"2012-11-20",0.0517493640750816,0.0182775366211554,-0.0183687042903011,-0.0505492287795865,0.00253689653852307,0.53593735812599,0.918781222259536,1.37832967238631,2.13620619901102,2.41809977405227
"2012-11-21",0.0138641437408589,-0.0101521046972809,-0.034882654120131,-0.0499528784734246,0.0189391735685188,0.54562418751505,0.91915951597384,1.37298204340509,2.13945216293352,2.42906638015395
"2012-11-22",0.0522367624347547,0.0190742766660642,-0.0172684314294774,-0.04926632736071,0.00332707810356636,0.535875146323568,0.920323959253714,1.38393971476949,2.15329168834874,2.44046615289028
"2012-11-25",0.079822201658592,0.0406507113389544,-0.00347825188081413,-0.0473758498186519,-0.00828288769103147,0.51716586538258,0.902693803146376,1.36649153358227,2.12997386048598,2.41333909379575
"2012-11-26",0.0750752566737475,0.0389740349804684,-0.00104575410931468,-0.0382756865693633,0.00941278197802808,0.541215590927967,0.925079789689426,1.3850246107755,2.14023092420339,2.42030841145015
"2012-11-27",0.0800375082686813,0.041275547575697,-0.00281507487070559,-0.0482300713706005,-0.0158392828097385,0.486809898744171,0.863389551984265,1.32170793406769,2.08678203364938,2.37288188476115
"2012-11-28",0.0281148930396669,0.00319084300380015,-0.0233813786492472,-0.0434167132606375,0.0129388328411936,0.505589533190211,0.866374306158239,1.31229946903706,2.0813806105704,2.37550970406931
"2012-11-29",0.0330123802453242,0.00364160041287362,-0.0282741251786888,-0.0551038176483245,-0.00194224015663236,0.507897048766293,0.878964759162472,1.33154038337292,2.09547314413139,2.38359088689237
"2012-12-02",0.127316579535398,0.0819461433327655,0.0297957750489266,-0.0263372761213522,-0.00111539216070655,0.516519349505372,0.902531502199225,1.36565090808281,2.12180060638436,2.4008918241932
"2012-12-03",0.132608634051502,0.0891752959866834,0.0391339067232087,-0.0150535232792224,0.00837041165220143,0.509760139657283,0.888444305170297,1.3471722535187,2.10561269088826,2.38747590563109
"2012-12-04",0.0748496808259654,0.040009252226618,0.000541890839747483,-0.0393076544196553,-0.00554386951065333,0.476713801066642,0.841240148851618,1.29010400990339,2.05253297952011,2.34065984069621
"2012-12-05",0.0484716750930997,0.0115267194702103,-0.0310463870127874,-0.0768012437309512,-0.0530523405612811,0.415247708927855,0.780137055216409,1.23559853354138,2.02124767835013,2.32067054070592
"2012-12-06",0.0487168224063763,0.00987513362929959,-0.0351680927330787,-0.0846941570536023,-0.06493978978014,0.405387749984714,0.775277356069782,1.2380129561561,2.03737069891736,2.34216124240318
"2012-12-09",0.280311139628226,0.194249210874692,0.089478637837213,-0.0466968457790476,-0.110732520489136,0.37283943593551,0.780395879534883,1.26878861015369,2.04636975063317,2.32830795129903
"2012-12-10",0.233583519938178,0.159337713089531,0.0694495501321798,-0.045292437915152,-0.0888630095909726,0.392049712705335,0.791387894376361,1.27446825237437,2.05622592941255,2.3422363654158
"2012-12-11",0.0954532503356425,0.0489003510200531,-0.00546812471470842,-0.0671180654715051,-0.0544567999891628,0.436678589811904,0.81768931263722,1.28368271370636,2.06138732068848,2.35170459231136
"2012-12-12",0.112234399642121,0.0626352384837953,0.00435863741097536,-0.0631347899408254,-0.0566682594411394,0.433202126056346,0.815972933198062,1.28328690208658,2.05969375902303,2.34865355312317
"2012-12-13",0.252424625899017,0.176395054512427,0.0846319395922859,-0.0316685390892469,-0.0733899582306863,0.417779239203687,0.818141974641578,1.29684991472807,2.06082919775535,2.33843128688653
"2012-12-16",0.140232746342594,0.0907555004386656,0.0327917525357782,-0.0337661201494897,-0.0250287313501951,0.468155749514031,0.849603317412144,1.3125870751089,2.07635909742015,2.35954247907002
"2012-12-17",0.0953123316291809,0.0518480597008614,0.00208380435584177,-0.0506603072485264,-0.0223465614533012,0.494588742369407,0.879649867905057,1.34298084223429,2.1032159083034,2.38463960383297
"2012-12-18",0.113628704067345,0.0670922662514434,0.0134579835642223,-0.0448289117446068,-0.021517416803849,0.499097735551113,0.888900056025819,1.35700586392181,2.12174200680662,2.40405048642744
"2012-12-19",0.11342833678024,0.067210007233436,0.0138840983920268,-0.0442927490609409,-0.0221780074230784,0.490692983948863,0.875345192024114,1.33744718503281,2.09255809286243,2.37133309699034
"2012-12-20",0.0937655636466791,0.0510227026566626,0.00168163134680893,-0.0520527767191172,-0.0300355168832946,0.46349832136247,0.839055622310682,1.29632667972047,2.05733087899374,2.34117243721158
"2012-12-23",0.113985838294201,0.0697685512231633,0.0183378494620257,-0.0391756037046784,-0.0233711613161833,0.458609923263774,0.829859709670058,1.28316877258652,2.03892491779198,2.32096103892985
"2012-12-24",0.152997658324154,0.106897191620299,0.0526214048385586,-0.0105317052771672,-0.00517693315348877,0.455984352994008,0.82085180037161,1.27062096014421,2.02750919875378,2.31124792154953
"2012-12-25",0.181451638636511,0.133532847562759,0.076706973365786,0.00902733390893995,0.00720630403751166,0.456123169342193,0.816895199023828,1.26317565257264,2.01583549420375,2.29817650897457
"2012-12-26",0.102258144684256,0.0688068055072484,0.0303304655197655,-0.0106521286953611,0.0131229021483441,0.453310396546227,0.798272587709901,1.23207684258226,1.98894958915137,2.279524354846
"2012-12-27",0.0751448905742244,0.0391124706715952,-0.00237388672570699,-0.0468726033491318,-0.0235978232496303,0.430052212186243,0.781613876864038,1.21851090899137,1.9675121533278,2.25189772070919
"2012-12-30",0.071865188529922,0.0329334770745504,-0.0116693975833674,-0.0588705852461942,-0.0320981222540663,0.449020889752068,0.812834267515583,1.25660617289995,1.99845456020684,2.27599070608994
"2012-12-31",0.08851065408909,0.0463687583426944,-0.00178844700046843,-0.0524669357561991,-0.0233530559990944,0.484592391222013,0.861961360327177,1.31575366436218,2.06004720367524,2.33553781459541
"2013-01-01",0.0497525777956997,0.0171370341334433,-0.0186138859879342,-0.0501218685185159,0.00146687458256245,0.524666277733437,0.902430972357411,1.35800597851039,2.11403594472888,2.39624019466462
"2013-01-02",0.0463258163871993,0.0154207901240578,-0.0177301439760805,-0.0440396558706964,0.0172990208536133,0.560305581395591,0.944302124099597,1.40349251511809,2.15892527952215,2.43969864234648
"2013-01-03",0.0688758667512139,0.0398577886598243,0.0093779010724116,-0.0121112962102048,0.0571203311203129,0.614673718753149,1.00403905861407,1.46813543946264,2.23002201696288,2.51300928481371
"2013-01-06",0.0543644165891555,0.0204673744800561,-0.0157861329541192,-0.044387088507661,0.0219309595689483,0.59537530006958,0.991583165733851,1.45653966221156,2.20267383393485,2.47623845887377
"2013-01-07",0.0568316756403841,0.0234280163062129,-0.0126891261323616,-0.0426769469939562,0.0171068609383342,0.568573724776493,0.95657162209161,1.41696096580479,2.16572278362652,2.44217038394198
"2013-01-08",0.0527633269265137,0.0193664572422489,-0.0169329986103647,-0.047789292441507,0.00927913331535168,0.55405387233873,0.94088247573118,1.40247556139891,2.15839211108619,2.43850931301275
"2013-01-09",0.0524330880682247,0.022166679560924,-0.00948782344065713,-0.0313535760428367,0.0419418676673622,0.619172890934572,1.0170408851572,1.48665755312373,2.24784050599017,2.52858795898131
"2013-01-10",0.0641610611188158,0.0355908202118919,0.00618145184949564,-0.0121237505577788,0.0654822629624517,0.644499932357697,1.04045358357487,1.5068445434981,2.261788107498,2.54012204748645
"2013-01-13",0.0697610533680161,0.0415185546213675,0.012232313054579,-0.00686102002937061,0.0666944506619951,0.630522809388605,1.01959559779696,1.48045374328522,2.23157335284644,2.50950923500619
"2013-01-14",0.0638702781484441,0.0364077667894405,0.00787504382807014,-0.0109061327075977,0.060248844754599,0.611008202374995,0.993451480392882,1.44861842474496,2.19511852682897,2.47230750484524
"2013-01-15",0.0610538436766924,0.0351963198395083,0.00877061050556716,-0.00672974171973673,0.0681723343135057,0.619146341259855,0.998811699386617,1.44975481906474,2.18834277980283,2.46248095387042
"2013-01-16",0.0628470388765643,0.0483366911341946,0.0367346534920726,0.0441676546536207,0.145304048285835,0.703596566387104,1.07164899904993,1.50604365606302,2.21887927935506,2.48444152270259
"2013-01-17",0.0703445284912933,0.0472862841478938,0.0246545201623364,0.0153509578762744,0.0977038426582816,0.644973993321795,1.0122829522833,1.44278686904911,2.13738943772703,2.39322652428268
"2013-01-20",0.061769673565881,0.0420443377207167,0.0241240650956793,0.0232479865357134,0.118852646895869,0.685376954611294,1.05598996127974,1.48610737600757,2.17365324209924,2.42583371618831
"2013-01-21",0.0647177435726743,0.0424672096130513,0.0211943328949825,0.0149660414674716,0.103959684229612,0.66695847187296,1.03985297334984,1.4740832181269,2.16973816577985,2.42506216909266
"2013-01-22",0.0873537221546088,0.0612187035865846,0.0343589182844389,0.0178866357297262,0.0902757475757626,0.629654171013985,1.00027945226142,1.43879611479603,2.15298284367264,2.4171937809248
"2013-01-23",0.0956030620894376,0.0717088065101868,0.0477650280313607,0.0358038078403283,0.113572789294289,0.657773318784137,1.0297904415816,1.47070772002109,2.1918619039745,2.45941303187307
"2013-01-24",0.10074681611862,0.0863450186936479,0.075093590369259,0.0836825274771845,0.187763725134147,0.750245638267667,1.11610938459124,1.54379398717108,2.23690417121378,2.49331516096338
"2013-01-27",0.110374421819168,0.0898129153288901,0.07224088377592,0.076300286158119,0.19039150501664,0.807024127709326,1.18917605424649,1.61650944025426,2.2694926298846,2.50367781580659
"2013-01-28",0.0979207394057134,0.0761911603658715,0.0573299948752772,0.0601155119623533,0.174850145665259,0.799192986216619,1.18467749952953,1.61392808977192,2.26623887268091,2.49955491952654
"2013-01-29",0.102320503428764,0.08248240483503,0.0662512487832292,0.0735523873272739,0.194524488911921,0.821963642152224,1.20331797652354,1.62473153871993,2.26016457070287,2.48669123861522
"2013-01-30",0.104079725595653,0.0847700657085293,0.0686911104851288,0.0745796957088175,0.189066300621182,0.796588865998555,1.17163266792492,1.59057492030601,2.23031184876704,2.45970482888416
"2013-01-31",0.107390442873124,0.0853417705139367,0.0654963972227371,0.0650081770026233,0.170746786006508,0.772388500913506,1.15120709115876,1.57804866876042,2.2354034852833,2.47196868026509
"2013-02-03",0.110336464899877,0.0829865170970508,0.0559934432667991,0.0437145723841694,0.133492841569206,0.718522683171744,1.09616013458331,1.52448087525495,2.18683783998259,2.4254746477903
"2013-02-04",0.112487777188655,0.0857904747225384,0.0600427189326262,0.050929503837654,0.148207203295387,0.751882029495851,1.13613342227761,1.56888080124162,2.23307589983057,2.47157016917748
"2013-02-05",0.0812071133167842,0.0625485781530088,0.0462972065220658,0.048868634920556,0.151097692388635,0.730385018727209,1.10406769928723,1.534680267578,2.21765243915601,2.4671953599505
"2013-02-06",0.0805045436468905,0.0552597873832579,0.0304679170154529,0.0200187748261338,0.10790895469159,0.685210975368899,1.06629301142573,1.50683623282961,2.20492605228801,2.45957375052443
"2013-02-07",0.0818694877844455,0.0566372560088698,0.0318566881991817,0.0214078054028494,0.10923674871067,0.686182014389132,1.06703371589938,1.50731224938801,2.2049842524263,2.45947971179117
"2013-02-10",0.0815067407676987,0.0564030292877024,0.0316898618211134,0.0210677948366246,0.108075755060306,0.684761733323421,1.06789476954349,1.51294705469326,2.22249950670614,2.48215367396024
"2013-02-11",0.0897217292369124,0.0622903618145766,0.0351125541114191,0.0224359616176731,0.112225564652063,0.707534937868615,1.09711272061185,1.54355533905554,2.24275873002078,2.49625221101057
"2013-02-12",0.082641753461093,0.0577058925361188,0.0339667512469731,0.0272028159491745,0.125782933698444,0.733822616446646,1.12672381172206,1.57546881619659,2.27678851667435,2.53089616206855
"2013-02-13",0.079092247095404,0.0499458535507908,0.0206034104171723,0.00484150040102138,0.0920751578176666,0.692381951917518,1.08764235937364,1.54132261859359,2.25257895088093,2.51051592995227
"2013-02-14",0.0827698573293696,0.0534421728480883,0.0239091243803157,0.00800930096290531,0.0956434724492795,0.699123806910583,1.09651797454122,1.55266058002118,2.26779029933556,2.5271333012215
"2013-02-17",0.078946903547997,0.0495903171454389,0.0197485755753432,0.00252884430465428,0.0860969838670016,0.678448551125116,1.07235712370291,1.52713976796032,2.24497765477478,2.50616522799644
"2013-02-18",0.0795923378243451,0.0498418029926414,0.0194989454408854,0.00155168689180185,0.084468014047948,0.677734412665329,1.07282706324578,1.52914977870233,2.24959142081357,2.51174441737538
"2013-02-19",0.0859817623273003,0.0570816829598824,0.028009665525272,0.0125653099933009,0.100218886026419,0.704720372019098,1.10496019208371,1.5665271212229,2.29454846985956,2.55938654798255
"2013-02-20",0.0500643892238727,0.0300193970839139,0.010982090864017,0.00631531107406913,0.0920698549785796,0.643419209959128,1.0199032013722,1.46997391464546,2.21723323359207,2.49710952366245
"2013-02-21",0.0207910933731977,0.00701232735506854,-0.00424182021212277,0.00189495634446035,0.0963946250997145,0.638697851973899,1.00824321947634,1.45591438528278,2.2173849181383,2.50724190473025
"2013-02-24",0.0268946113216917,0.0108972857880976,-0.0033491768545898,-0.00213724748634747,0.085818063928715,0.6227060394809,0.993323075880052,1.44397631765245,2.21252855171829,2.50534235857075
"2013-02-25",0.0508568283231494,0.0252790484064465,-0.0021092633340371,-0.0232669346852618,0.0323703727686815,0.528582593232144,0.892932633674699,1.3435793236416,2.12117191884082,2.41860335913176
"2013-02-26",0.0515397325412541,0.0245103880686068,-0.00469669987226656,-0.0284256256862363,0.0250052209753536,0.523218384534714,0.889519380388736,1.34144817059682,2.1175119360597,2.41336900239332
"2013-02-27",0.0401062713810642,0.012564219819952,-0.0172604042846584,-0.0417573511186776,0.011519242539645,0.514228913431906,0.884372151813623,1.34121504895528,2.1259179911318,2.42509387633007
"2013-02-28",0.0614548822212273,0.0287905930665346,-0.00793887292711215,-0.0438380600331,-0.00614476018460597,0.47839295706651,0.844980956070469,1.29925569242356,2.07913962084875,2.37590694144777
"2013-03-03",0.0436532259631838,0.0154539875877178,-0.0154907187272874,-0.0425711309519692,0.00495236929718612,0.493142359047539,0.857735710451897,1.31069626790028,2.09463404581403,2.39479394361742
"2013-03-04",0.0600747867676142,0.0316037057692323,0.000477016402694819,-0.0263279241254353,0.0233033399208872,0.519882217058076,0.88803536569861,1.34323830882934,2.1260665016023,2.42464656207668
"2013-03-05",0.0525539983947278,0.0214050938323553,-0.0129499418896735,-0.0438824412273801,0.00380833985488949,0.511836399105757,0.887654678325153,1.34933390416438,2.13485650280954,2.43238353663025
"2013-03-06",0.0560098363733366,0.0312792915529218,0.00525390124354652,-0.0129650294277895,0.0487478224312029,0.559000190058228,0.928262491984101,1.38193710597714,2.15879612820706,2.45467821160025
"2013-03-07",0.0518501757922801,0.0270820060108084,0.00139314328659146,-0.0150680908603886,0.0526177462776544,0.581659424476279,0.958118581335929,1.41590371098533,2.18953319477954,2.48191022791597
"2013-03-10",0.0576833094974199,0.0307427958952756,0.00214306124318298,-0.0190473860209222,0.042553983127571,0.567479489113925,0.945605842807099,1.40691915781266,2.18821706793866,2.48370264858513
"2013-03-11",0.0583249028512718,0.0314214887138753,0.00235505760246979,-0.021194974437925,0.0325572158364698,0.534164651388136,0.904593277461094,1.36345304143249,2.15602933451133,2.45929611464079
"2013-03-12",0.0756340505943022,0.0440714096333771,0.00901901637436409,-0.0234778540388419,0.020978599561762,0.52309920575313,0.898485894612071,1.36226345516231,2.15687547046217,2.45905079188535
"2013-03-13",0.0611044645450324,0.0336483545796198,0.00373208405764897,-0.021526933848403,0.0291085940391608,0.526020884253943,0.896658523675108,1.35817854843211,2.16046706470965,2.46860838555613
"2013-03-14",0.0606551385827602,0.0309127759014946,-0.00209981208665644,-0.0324968695036613,0.0111680010089744,0.501585422353343,0.872786537533451,1.3367741159714,2.14542960319151,2.45628518704739
"2013-03-17",0.0648571169301452,0.0317587039181945,-0.00588264551261874,-0.0442411457893179,-0.0123539218186673,0.461917023342951,0.829760122883698,1.29240242860506,2.10205587589182,2.41372654154873
"2013-03-18",0.0682650288294232,0.0343299240355453,-0.0048224337733947,-0.0469123524069479,-0.0240916024620267,0.423138590785983,0.777797026187082,1.2276137235398,2.02176084262643,2.32892130263811
"2013-03-19",0.063912629129365,0.0312621994526714,-0.00588321201796932,-0.0437903962337348,-0.0125849239594794,0.454196306319301,0.816383146115504,1.27195944660771,2.06930280232208,2.37624196226455
"2013-03-20",0.0635050678685604,0.0315763143648081,-0.00474023132188067,-0.0417702535748089,-0.0111096645136023,0.445974120845163,0.800547832357632,1.24652014202296,2.02702231899312,2.32747426295804
"2013-03-21",0.0591944393070181,0.0289679206170121,-0.00513083145103632,-0.0387318766898717,-0.00404255070378789,0.456045493351446,0.81120485869964,1.25864475143434,2.04506674389756,2.34878110153767
"2013-03-24",0.0621258132372728,0.0295668024094267,-0.00793856780690855,-0.0479414183219198,-0.0240571106293801,0.41974556926717,0.773665812928742,1.22574042623521,2.03279854099691,2.34729419168347
"2013-03-25",0.0622815527988262,0.0290283669177996,-0.00949965176447798,-0.0514329232029825,-0.0307212011644035,0.409890644892869,0.765552425391729,1.2226078178585,2.04472141636339,2.36657160190874
"2013-03-26",0.0700739462757578,0.0330072172513302,-0.0108691717473444,-0.0622919455490386,-0.0565841020289899,0.358865740682633,0.70648347806251,1.15707579985496,1.97223963142841,2.29199949576976
"2013-03-27",0.066931545527343,0.0312046030802492,-0.0109195897893657,-0.0596072974016478,-0.0505707230448316,0.368258782046354,0.71729158006956,1.17057416794089,1.99429708345675,2.31853982811469
"2013-03-28",0.102012978641954,0.0585511434321778,0.00765241865814287,-0.0504231802374241,-0.0392502189576827,0.428901377212753,0.798574738757359,1.2570915450261,2.0369695304825,2.33130455912854
"2013-03-31",0.0999499052995994,0.0576196528747455,0.00824335605824461,-0.047337201807871,-0.0328730766277039,0.437996848599608,0.807199729207806,1.26438220750454,2.041179481053,2.33425634911814
"2013-04-01",0.0628609156934049,0.0305340415999652,-0.00705570404970718,-0.0484246432353643,-0.029992699450088,0.396703944916407,0.745482654280601,1.19757711969258,2.02072614862602,2.34558827192618
"2013-04-02",0.0644669143371315,0.0319345582959644,-0.00617304092200244,-0.0491396246137572,-0.0350500156791665,0.3803292156445,0.72615604036415,1.17890258145893,2.01407570999134,2.34649771112291
"2013-04-03",0.0649326513979664,0.030345005603934,-0.0107322918979295,-0.0592178457842998,-0.0544695706024702,0.344597524588107,0.686292860957715,1.1378777774061,1.97890763208822,2.31546629624266
"2013-04-04",0.0595952180520881,0.0288206123249451,-0.00728569183319333,-0.0482221378970173,-0.0359829312250489,0.352131820220003,0.676107608254292,1.10051825432672,1.88375903834635,2.19555825943085
"2013-04-07",0.0581448558894436,0.0289506856277762,-0.00478920386408427,-0.041104740215644,-0.0205677258728865,0.381867017029021,0.707969915086955,1.12976528599913,1.89663358219279,2.1991303381275
"2013-04-08",0.0601059779412823,0.0306388726314654,-0.00338877258223119,-0.0399042675369845,-0.0186553290071619,0.389824951627546,0.720462798191643,1.14800691143505,1.92518297524781,2.23172579205157
"2013-04-09",0.0494881440455719,0.023310942759754,-0.00620748573459295,-0.0350314615462892,-0.00244503264634,0.42325591677606,0.759737704072769,1.19338493920549,1.9823181116117,2.29418826145587
"2013-04-10",0.0566438649962383,0.0276649558156691,-0.00547693492734019,-0.0397638570334631,-0.0128180326205657,0.415457967049422,0.757909090769801,1.19937427628263,2.00018678742839,2.31582183223922
"2013-04-11",0.0541708886611237,0.0239739799343899,-0.0106523481438416,-0.0469164977170806,-0.0213688836772936,0.408099490896643,0.750009327767971,1.18788992743867,1.97370037704237,2.28109371779704
"2013-04-14",0.0548589019304882,0.0240657551135847,-0.0115095137386904,-0.0497874794477803,-0.0282887545490536,0.392662141954703,0.732352275321174,1.17006610576154,1.9613382450017,2.27224230265233
"2013-04-15",0.0511540176214656,0.0232302581484389,-0.00830241012883004,-0.0393850636877018,-0.00665753255866197,0.430128623857728,0.771878236328584,1.2076367479665,1.9873176655171,2.29199952693538
"2013-04-16",0.0571261599960479,0.0267100502236,-0.00857537723656321,-0.04704800755806,-0.0277732334443084,0.384903502602672,0.722287815738279,1.16082601522312,1.9633266436735,2.2812165107817
"2013-04-17",0.0559842060346543,0.0260199023474907,-0.00866171578549396,-0.0461607906431986,-0.0256718777201295,0.387490546787787,0.724188607768974,1.16148610534347,1.96128326208155,2.2780416937849
"2013-04-18",0.0627883373297408,0.0331062735446092,-0.00104913280521862,-0.0372235881151901,-0.0135566429375102,0.407841159653801,0.747359841952002,1.18588090847429,1.98238619112148,2.29646674178199
"2013-04-21",0.0647645242287807,0.032796634090953,-0.00442207437105552,-0.0456024558409642,-0.0286474248058742,0.384903853888472,0.722350459794415,1.15836372425357,1.94801387550226,2.25847898325944
"2013-04-22",0.049672787928713,0.0213737635330264,-0.0108237593354324,-0.0435011381164534,-0.0144443912386685,0.413081524298347,0.751614775935659,1.18577413606195,1.96810305701627,2.27514928391659
"2013-04-23",0.0548611681979235,0.0248982399113175,-0.00950394244374864,-0.0457093525656743,-0.021184938595998,0.401361474148384,0.738303246574811,1.1699950712145,1.94490972461086,2.24806928894762
"2013-04-24",0.0476832291339994,0.019034011815411,-0.0135857072495706,-0.0468239884086461,-0.0182518179247076,0.408080784912993,0.744644199739573,1.17476506146783,1.94554490670351,2.24690920980961
"2013-04-25",0.0521995889925404,0.0220041095378286,-0.0129094367875243,-0.050589356992185,-0.03004682732311,0.380376819994622,0.711946424534527,1.13931600199241,1.91203434322667,2.21566823282421
"2013-04-28",0.0601023492327955,0.0291043765918146,-0.00683905854725486,-0.0460712142807345,-0.027294290976264,0.381126546141331,0.711177940997574,1.13544000773456,1.89871029529266,2.19754307781352
"2013-04-29",0.0558187671145589,0.0257766556839566,-0.00875359477268606,-0.0452826944228172,-0.0218311118613402,0.393792951600884,0.724288310299196,1.14614037117248,1.89888400468634,2.19216632049943
"2013-04-30",0.102548099345162,0.0587774603424148,0.00701505363759958,-0.0540314967902422,-0.0524909409838874,0.3746840100156,0.717210745418749,1.14213945749157,1.86253356227997,2.13367080097894
"2013-05-01",0.0613494357560511,0.0261486040787004,-0.0153125926810117,-0.063190561484587,-0.0548088504255131,0.346400893841423,0.676505293276473,1.100135784481,1.85633010704388,2.15044190611358
"2013-05-02",0.0573660717409155,0.0269016467439835,-0.00815142040779182,-0.0453407497909281,-0.0218091915137424,0.401697500795349,0.740335668915623,1.17449846651166,1.95420884103927,2.25929323596566
"2013-05-05",0.0561884772855889,0.0241292809674198,-0.0129110383286157,-0.0528564257625622,-0.031401672881518,0.396644620645522,0.739390658087355,1.17763152384355,1.96051885458781,2.26566562155546
"2013-05-06",0.0571391066319663,0.0292386210201599,-0.00198323659258881,-0.031689426556221,0.00544742749841276,0.455087697323359,0.800842895788145,1.23723107986401,2.00759436608797,2.30609148893478
"2013-05-07",0.0589325163016977,0.0279307454601185,-0.00753722517605881,-0.0444420821189133,-0.0175934831707919,0.419792932064174,0.76421567444234,1.20154351823604,1.97669539005968,2.27746196390171
"2013-05-08",0.066095348733149,0.0347981511740358,-0.00133262856245864,-0.0401400746185659,-0.0181987295775952,0.407157355223775,0.748776881087209,1.1872410974908,1.97525586402387,2.28366785807083
"2013-05-09",0.0520854828110387,0.0258668148516503,-0.00271996649533601,-0.0268933414101464,0.021559538204061,0.499571465056153,0.857834112172653,1.30575816307873,2.08899098468491,2.39094678704629
"2013-05-12",0.0568999659278076,0.0252991290822131,-0.0102830666719587,-0.0451626389200085,-0.00858647984101624,0.467408756741125,0.831193043742849,1.2858259091607,2.07577331081,2.37863214996829
"2013-05-13",0.0739535220673966,0.0392579149702222,-0.000189237456649172,-0.040488698624195,-0.00839856437152575,0.472714996276529,0.841167539548592,1.29913810161836,2.08693574017792,2.38690875579335
"2013-05-14",0.0573086028036465,0.0246737368556514,-0.0119281747124476,-0.0473226856689611,-0.00793171674779958,0.483481161770241,0.854299982838348,1.31351570043064,2.10154030860407,2.4013630438266
"2013-05-15",0.0874617494847358,0.0476322904808819,0.00135036899390162,-0.0499543253681831,-0.0319718691556616,0.436935669381787,0.805345310314092,1.26468621805421,2.05383996231493,2.35367460549929
"2013-05-16",0.0690797534149135,0.0309085675578067,-0.0132716765218772,-0.0615156786180501,-0.0405364707637992,0.428283720998702,0.795912519850583,1.25549816116918,2.0490536257186,2.35158737719393
"2013-05-19",0.0964026041350787,0.0545144843797447,0.00556071773115652,-0.0497926784537606,-0.0359919095237462,0.435672993345829,0.809794640052464,1.27730598653714,2.08165915753897,2.38740978554188
"2013-05-20",0.0652782075410444,0.0320572362562359,-0.00542445187585222,-0.0425174310842359,-0.00596948869814018,0.482826752490463,0.855578209940572,1.31979690380312,2.12196655154199,2.42840747008481
"2013-05-21",0.0581872189050925,0.0229126804912904,-0.0170375834677381,-0.057286324262758,-0.0223755480547823,0.472688939509133,0.848479690801208,1.31312864794956,2.10708368919388,2.40821865893512
"2013-05-22",0.054657093427516,0.0231086489558248,-0.011817860425082,-0.0438004874168744,0.00211144544041864,0.506609777393243,0.881013957352206,1.34133200613957,2.12496170317495,2.42182360595822
"2013-05-23",0.0567290752630812,0.0222120141995395,-0.0162575959777308,-0.0526996864007432,-0.00894210312442167,0.504088411609114,0.881800125019305,1.34099233175094,2.1094939957007,2.39758337196022
"2013-05-26",0.0566607663883391,0.024490177179366,-0.0107644028187222,-0.0417425523328169,0.00990139916600441,0.533030366308143,0.912534815202895,1.37219289066438,2.13961487121972,2.42708166902269
"2013-05-27",0.0624845627112021,0.0303694095102859,-0.00453013899174282,-0.0340484218646537,0.0222150646034047,0.559907865503791,0.945556650419479,1.40985102070432,2.17950188713886,2.46669220026505
"2013-05-28",0.0877194953216197,0.0537512138291755,0.0168860528216855,-0.0142902573829219,0.0440469292589494,0.59487155222737,0.983478335248746,1.44490932296648,2.19569743872793,2.47292991698096
"2013-05-29",0.0556184670986159,0.0280820370701035,-0.000906393261050797,-0.0215086122624253,0.0442010822055873,0.581023609013783,0.960250996861204,1.41642612590754,2.17460533574203,2.4582073416246
"2013-05-30",0.0546470292915933,0.0261436862862679,-0.00412988378855844,-0.0267860707196402,0.0363923348323819,0.572028626892037,0.952334391304161,1.41041329555948,2.17242184504761,2.45753471529467
"2013-06-02",0.0823998664295633,0.0475191129858332,0.00980718394477853,-0.0216327447542549,0.0394005284322496,0.600568085072299,0.991207228448901,1.45049641783339,2.18841892965173,2.45906756266353
"2013-06-03",0.0767091323742715,0.043770004822387,0.00867486147087082,-0.0184560262647085,0.0483629115441808,0.615128699045333,1.00576232706967,1.46389152001378,2.19877879165808,2.46818860829668
"2013-06-04",0.0696348455199147,0.0394305958548049,0.00800779215719166,-0.0131205134466761,0.0616076777841154,0.635295570159373,1.02535292445256,1.48120995662521,2.21082712819941,2.47813042552721
"2013-06-05",0.0619546712935857,0.0349483323998691,0.00781205245938682,-0.00633480837284028,0.0775074603511335,0.658750847846853,1.04781651322923,1.50065985203915,2.22355846694178,2.48819643757582
"2013-06-06",0.0544462751223827,0.0307706607743659,0.00809371883310384,0.00119248688411877,0.094434892444316,0.683176681540205,1.07099058603135,1.52044933062707,2.23596733555124,2.49769006766323
"2013-06-09",0.0478873224334015,0.0273450272950806,0.00885886773399053,0.00875277025152044,0.110762607262746,0.706255220671864,1.09271263549058,1.53878651676045,2.24704826169386,2.50591473901016
"2013-06-10",0.0461814422480628,0.0269758047656971,0.0104555137230722,0.0140655616738965,0.122318163672696,0.726629571664687,1.11342294185217,1.5568451543045,2.25571542883341,2.51024573027871
"2013-06-11",0.0438136195833553,0.0263726546084412,0.0122019443173013,0.019587186440676,0.132597558883645,0.740044827533212,1.1257163837933,1.56686097523828,2.26112602640729,2.51387053418933
"2013-06-12",0.0447526159673345,0.0278780952636679,0.0144522251041289,0.0230030760190316,0.137375253367638,0.745169266013773,1.13009359034659,1.57007441981672,2.26219074035491,2.51411904943382
"2013-06-13",0.049782925916915,0.0319435046925649,0.0172129333024634,0.0236008877325914,0.135018304402104,0.73968831682184,1.1243991432592,1.56470121605989,2.25790350457856,2.51028929318271
"2013-06-16",0.0565525011701822,0.037158053179391,0.0201495260936148,0.0222479362013274,0.12644758420145,0.720313728039931,1.10385477475185,1.54597241361057,2.24734222371601,2.50362352736245
"2013-06-17",0.0475767653579726,0.0299534508057903,0.0140088903419238,0.0139057529607836,0.104212438367124,0.654401297213318,1.02785684310494,1.47483921872889,2.21983817622455,2.49966616575401
"2013-06-18",0.0561625933266808,0.037153314274042,0.0193324163384614,0.0161156933513233,0.102184641663033,0.648217958446942,1.02176522920599,1.46984190365296,2.21778442860919,2.4988552835827
"2013-06-19",0.0383574236692927,0.0299878129950694,0.0272854175384925,0.0512825509336594,0.18023107369301,0.78419660061151,1.161905498674,1.59714771739378,2.29362471586838,2.54988572687724
"2013-06-20",0.0328312372669233,0.0292235503094994,0.0330157580167765,0.0679564814243787,0.212412237822479,0.835103904376206,1.21556078675252,1.65089191797267,2.34415559768618,2.59884846837236
"2013-06-23",0.0486852476858556,0.0365524791688793,0.0313658312219644,0.0589356087570824,0.213618109480978,0.900950529231302,1.30142207196083,1.73738997132338,2.38679305137455,2.61728713979517
"2013-06-24",0.0501681118764629,0.035854769442247,0.0275741098126723,0.0496230191016079,0.19592627154052,0.874360986201598,1.27608950059746,1.71684605775745,2.37848427425594,2.61407280941404
"2013-06-25",0.0473303186679353,0.028808453823292,0.014591785482484,0.0261580155307097,0.156898580530716,0.820672479414503,1.22646946770821,1.67855733834574,2.36775024842163,2.61476325207478
"2013-06-26",0.0438001983110468,0.0226210095141806,0.00477207936321028,0.0101846820212528,0.132056812342112,0.784073771299258,1.18728767743996,1.63791070842892,2.32622986060718,2.57306324067287
"2013-06-27",0.0431233460399605,0.0245216951660955,0.00984307234578241,0.0195717555536271,0.144729502541198,0.792405789431381,1.19214951392859,1.64012783324382,2.32766767156871,2.57485986018084
"2013-06-30",0.0536249118938708,0.0328408790428605,0.0152011959516674,0.0199848382696262,0.138248959900303,0.777827085022227,1.17636398039421,1.62416123770104,2.31256497181642,2.56018193000777
"2013-07-01",0.0419362438210407,0.0197475731390353,0.000294144030855925,0.00234733214080407,0.117778023743969,0.758392583048473,1.15972761474803,1.61132752801825,2.30621746320121,2.55623141410834
"2013-07-02",0.0508028191280583,0.0277044504659356,0.00662560151850966,0.00477248764005267,0.111304603224906,0.729841201634422,1.12292529354092,1.56841773837099,2.25912212914345,2.50848375533276
"2013-07-03",0.0691238300319844,0.038332179649884,0.00690318468929113,-0.0118676697624135,0.0727389196267343,0.677149221249667,1.07746083443821,1.53764118478896,2.25978152075444,2.52173678453325
"2013-07-04",0.0626524031150986,0.0301679157923996,-0.0026557446029824,-0.0209883425108585,0.0723552075860259,0.715428795958194,1.13433437933395,1.61058473870393,2.34814164233393,2.61397912429031
"2013-07-07",0.0777297592813931,0.0416529010626234,0.00379271154122751,-0.0233909710962981,0.0566680192277216,0.684270979301963,1.10330767640867,1.58436929892008,2.33626645993555,2.60833316541706
"2013-07-08",0.0637923902200655,0.0297833641199191,-0.00592998134089207,-0.0315124979947434,0.0451763576292274,0.651578605190379,1.06136418038857,1.53644076057342,2.28827283419508,2.56203400701899
"2013-07-09",0.0696805350387154,0.0385423421130087,0.00640363102445829,-0.0141843006701156,0.0666569832261168,0.668754801313635,1.07427602409374,1.54555183936658,2.29485969620159,2.56845841829226
"2013-07-10",0.0643904443106061,0.0347378265978167,0.00426274289643996,-0.0146313746751116,0.0653649013987032,0.655181344325358,1.05381709573893,1.51897708816941,2.26274576562092,2.53515418561692
"2013-07-11",0.0637582725285881,0.0351725540858412,0.00536191519900409,-0.0147995125813984,0.0566290037286451,0.614992696654452,1.00139578493258,1.45943435116413,2.20632201869755,2.48273299559063
"2013-07-14",0.0620211495021485,0.0352958473674444,0.008008169759529,-0.00794914702557425,0.0692798629824953,0.633907820901384,1.0207527643473,1.47810702882964,2.2225984285618,2.49797810477383
"2013-07-15",0.067586640390445,0.0371778525691518,0.00495082690879012,-0.0190528061955597,0.0476943545527014,0.604007746296995,0.99243341803146,1.45393743125547,2.20760778970575,2.48665664648481
"2013-07-16",0.0742498648716104,0.0461812030458728,0.0165097717987831,-0.00510157428713276,0.0596565137614272,0.597655230265211,0.978593418251219,1.43710499677322,2.19947289545909,2.4846777400607
"2013-07-17",0.0797910867821897,0.0489466394624577,0.0155390372038137,-0.0122019345474359,0.0444415193659259,0.575523830247558,0.957413327494014,1.41891691416781,2.18828383134834,2.47634573847533
"2013-07-18",0.0799583823648425,0.0525289458621489,0.023367236965145,0.00152647899498926,0.0629159441005551,0.588161487494353,0.965018485149429,1.42294518732215,2.19400210592578,2.4845757758206
"2013-07-21",0.0779969332939764,0.0525745008480681,0.0260278317555989,0.00818655236554067,0.0738529896586706,0.597338800639085,0.96926151152168,1.42001823916212,2.17768698417736,2.4630557165779
"2013-07-22",0.06614731415433,0.0465357588804368,0.0278435099558991,0.0229944452222121,0.106201913265482,0.646163839869484,1.01711754622218,1.46260640575051,2.20682300545071,2.48656635122875
"2013-07-23",0.057344577483601,0.0404883663181889,0.0263186262761647,0.0313996792757684,0.135215956312939,0.719770183313564,1.10341335538569,1.55302717211953,2.28292774100886,2.5530942525057
"2013-07-24",0.0561959811889519,0.035366351932387,0.0164221048555077,0.0154523986839442,0.11664724312853,0.719702452814105,1.11640438056327,1.57881989129448,2.32223574211145,2.59575348342737
"2013-07-25",0.053934429343791,0.0338666068996173,0.0157566346621307,0.0155845850289379,0.116247613397405,0.714206949710929,1.10918898367343,1.57155630335502,2.31931205613705,2.5953457777917
"2013-07-28",0.0639947442900391,0.0439240935102291,0.0259114106382995,0.0261728505994906,0.127991248698716,0.726553025508571,1.11923789229472,1.57662942251118,2.31160648578967,2.58197892615909
"2013-07-29",0.0407480974133231,0.0219820748687331,0.00594990844676874,0.0101490342211404,0.119207930811988,0.731220013135339,1.12718433838539,1.58531637278289,2.31616988380833,2.5840723361261
"2013-07-30",0.071738577635527,0.0497904302770957,0.0293963020812255,0.026171719732424,0.124456727460614,0.722169753795938,1.11515578107477,1.57186735308975,2.30258308480503,2.57067022004763
"2013-07-31",0.0667166734012613,0.0467822909493627,0.0290564664927865,0.0300739097480309,0.133536767346527,0.733681130125512,1.12462197978865,1.57779901895115,2.30164857705028,2.56708318614645
"2013-08-01",0.0701613427275752,0.0486059968772736,0.0285300540270371,0.0251889657116185,0.121482595739703,0.711377669035151,1.10149702662668,1.55690712556456,2.28976784853799,2.5594813151524
"2013-08-04",0.0676938028216466,0.0474005272371211,0.0293228587888368,0.0301966728089658,0.134939673058316,0.743538475531343,1.14012190856258,1.59988318541241,2.33429509339157,2.60360792238721
"2013-08-05",0.0624657150557889,0.0428281040362597,0.0258109431647864,0.0289473250685195,0.138083864698347,0.753958403258822,1.1509026760617,1.60821230189614,2.33341496306147,2.59837577369818
"2013-08-06",0.0628471270085929,0.0434695610856466,0.0265726670726706,0.0292141959865344,0.13573166039138,0.743095904097906,1.13735961963886,1.59394588225223,2.3227766949898,2.5899866874764
"2013-08-07",0.0654878803637566,0.0444556111408048,0.0255419364213228,0.0254996402443125,0.130180651614965,0.740831765942957,1.13707046557986,1.59441673176001,2.32055799228176,2.58595735465024
"2013-08-08",0.0652864654548811,0.0447142574805762,0.026204909170185,0.0261837929124054,0.129103941684949,0.732905219888156,1.12712286806389,1.58438526016577,2.31506115853202,2.58303218664717
"2013-08-11",0.0543041769658666,0.035406780776829,0.0192499012693896,0.0234166503735068,0.133016808710577,0.748416815059873,1.14662071545336,1.60735932445379,2.34238723774259,2.61182164919421
"2013-08-12",0.0466559672530276,0.0352418585975329,0.0296678242419926,0.0527720662010231,0.192148515266389,0.850666378042567,1.2561869859152,1.71601794447587,2.43556734210748,2.69707501789892
"2013-08-13",0.047702848639034,0.03239489688265,0.0223062578908007,0.040169489444414,0.178627488167684,0.854590772732631,1.26829994371023,1.7323284071275,2.44702000253364,2.70455983287142
"2013-08-14",0.0565312538471094,0.0409167428010851,0.0310841384663006,0.0513945785470957,0.19895067822332,0.903133492969423,1.32741115754267,1.79817824878474,2.51400978292179,2.77038982589647
"2013-08-15",0.0684389697631199,0.0489326578687604,0.0344639703231314,0.0489371438845978,0.193540343330621,0.908603706903147,1.33859916366364,1.81238484871335,2.52550055748878,2.77959872806085
"2013-08-18",0.0733677809844135,0.0533296020465809,0.0381682536772091,0.0515774728490492,0.194993472387995,0.909933723301403,1.34065161119027,1.81547368023657,2.53037441158999,2.78512995173653
"2013-08-19",0.0479137492731495,0.0314005883106171,0.0200779199468804,0.0371046968768277,0.177955670398143,0.868828602997573,1.29000666403484,1.76039086533803,2.48074439534524,2.7395767474787
"2013-08-20",0.0624785409719707,0.043037487932702,0.0284161749864998,0.0419483622109103,0.183535786976655,0.892011847089641,1.3215335150057,1.79745596315213,2.51845641930236,2.77612598237142
"2013-08-21",0.0475812344560309,0.0318229753303475,0.0224611080435642,0.0455358797283517,0.202387925985699,0.933168628358602,1.36640006727207,1.84187538807,2.55577748011565,2.80998941263968
"2013-08-22",0.0496583529355944,0.0417024356009315,0.0424369712825661,0.0808029495326704,0.25395698837584,0.982283477416684,1.40252814240211,1.86021999913859,2.54410191629859,2.78730877701642
"2013-08-25",0.0750275056773599,0.0623610364739396,0.0563374412260269,0.0823923525978206,0.235959984721809,0.938364350483287,1.35708440218311,1.82028815797537,2.52326989865714,2.77491481000412
"2013-08-26",0.0390137810072336,0.030090232543162,0.028349266294956,0.059199119492286,0.213026840677475,0.898189232507622,1.30977176926973,1.7703636241176,2.48078101396454,2.7372151001254
"2013-08-27",0.0370728140495866,0.0291805450023572,0.0290772649961876,0.0633658818924623,0.223887917014814,0.921871476780354,1.33641538676298,1.79737747239321,2.50337488405079,2.75737640705726
"2013-08-28",0.0407290667373957,0.0319000981265436,0.0303147942434763,0.0615135407939061,0.216119124922954,0.903517933259743,1.31624291843392,1.77804740293858,2.4902684552001,2.74734663534338
"2013-08-29",0.0370725697758201,0.0285021950988609,0.0272726297536844,0.0590811660165058,0.214587314829416,0.903264496582655,1.31631022672779,1.77832712143197,2.49072739272261,2.74785477706068
"2013-09-01",0.0455570915893473,0.0371458436742891,0.0366697250693871,0.0713366160969322,0.235234383501456,0.946252608099127,1.36623649493555,1.83107192265943,2.53880531700662,2.79268994736786
"2013-09-02",0.0372575378441525,0.0323405404882435,0.0365782747998624,0.079029364641394,0.253491734697892,0.975633214318561,1.3964950652949,1.86046453885771,2.56506579551776,2.81764402353953
"2013-09-03",0.0359309195784675,0.0309377059410694,0.035061129339069,0.0772859712123879,0.251317748254106,0.972436610084997,1.39283306814048,1.85633220779539,2.56026153483303,2.812603174821
"2013-09-04",0.0338343223880844,0.0326148006182987,0.0430375239916487,0.0991816776836795,0.301344964930887,1.07436280861768,1.50354828768999,1.96286125246453,2.63786863915263,2.87634567246258
"2013-09-05",0.0522058835842035,0.0414724172099267,0.0386604710883685,0.0718164361284781,0.239988354503591,0.972329338360896,1.39895835440089,1.86488301016161,2.56227864995458,2.81040705460745
"2013-09-08",0.0495976437694628,0.0389088886364187,0.0372270205293702,0.0753264935473462,0.258099583669352,1.02333243590785,1.45518467937548,1.91658387191644,2.59029913568993,2.82744019695835
"2013-09-09",0.0440769205526453,0.0362270504720679,0.038558881892807,0.0838852148533166,0.278434341867711,1.06508417835581,1.50469625749231,1.97308937333511,2.65586049404653,2.89608719713169
"2013-09-10",0.0519525613507519,0.0405085015186034,0.0380834238107534,0.0758389362944203,0.260969131173837,1.04095195940478,1.48188554820502,1.95321441952324,2.64163098249017,2.88396459622842
"2013-09-11",0.0539582312285913,0.040785441126376,0.0354518348159405,0.0667430564315354,0.23881368465612,0.995127502879537,1.43220744393792,1.90538974109061,2.60580341364605,2.85371970018733
"2013-09-12",0.0462468132447885,0.0327053060662482,0.0272863742329247,0.0595642727902508,0.235513388694802,0.997882714208447,1.43210740218206,1.8972368251861,2.57746479171856,2.81699222167583
"2013-09-15",0.0453676470304038,0.0326218587484577,0.0274073045776018,0.0575139036155765,0.22402375566969,0.961328823710692,1.39052368787244,1.85764049714126,2.55333009358243,2.80024231805144
"2013-09-16",0.0477589886994806,0.0344753403551756,0.0289312323265102,0.0596779704731463,0.230371325304055,0.982384760586968,1.41724569598057,1.88810645270455,2.58515771978523,2.83189063378431
"2013-09-17",0.0620583033790987,0.0484355831977356,0.0427289768513293,0.0740610372835288,0.247771959313772,1.00828779900978,1.44503215957292,1.91549903299903,2.60784449322646,2.85228053516634
"2013-09-18",0.0632866949972356,0.0447706939090166,0.0316386961517371,0.0484150075745947,0.196977789488203,0.924529591987553,1.36342014729947,1.84905480167397,2.58413358194673,2.84677309497149
"2013-09-19",0.0500922876778535,0.0372137008366143,0.0311793029603448,0.0581948147012328,0.21674186423589,0.945322070893295,1.38236671247396,1.86824375224397,2.61014466116835,2.87650094280848
"2013-09-22",0.0528232660539026,0.0377146823941652,0.0286114802719282,0.050362130003788,0.201113820325645,0.918491325856667,1.35262776030879,1.8364834105061,2.57648841988722,2.8422837043918
"2013-09-23",0.0652727287220582,0.0477693571224906,0.0346167207587142,0.0472345917561859,0.178802355775457,0.85623772441207,1.28018708913994,1.76167783991544,2.51370321507665,2.786498477321
"2013-09-24",0.0348731347354976,0.0246352384226977,0.0206524275915059,0.046459536950615,0.190100716373012,0.859131485677111,1.27142561593299,1.74038241940001,2.47779802333641,2.74654142158015
"2013-09-25",0.0401472263274823,0.0287081292826201,0.0232877676320478,0.0472617302944517,0.189876160960188,0.861536063470304,1.27480927778935,1.7433190194805,2.47633300839736,2.74272165636569
"2013-09-26",0.0377154921494759,0.0252826121639654,0.0180635552283102,0.0376901364422881,0.170539133186158,0.820481107947463,1.22799770824413,1.69530221562893,2.43638202717454,2.70754610183475
"2013-09-29",0.0382782032793028,0.0263927497934428,0.0197081342485421,0.0395986132567632,0.171039426184539,0.813991589981119,1.21879627582666,1.6848185246071,2.42784681504961,2.70052956777293
"2013-09-30",0.0353484143448494,0.0229532528668701,0.0160540182739669,0.0370289485486117,0.174081952957534,0.836251157375106,1.24817276762944,1.71799329898807,2.45811865495375,2.72799762406179
"2013-10-01",0.0340785177331706,0.0206339379716587,0.0124183448790756,0.0315487066179005,0.167212973852876,0.833329251216461,1.24936901832459,1.72443652117612,2.47340340964181,2.74656929858633
"2013-10-02",0.0520690294231325,0.0362817869829675,0.0249957242284002,0.0393562089600215,0.169579970407504,0.835119706663735,1.25481220993362,1.73537267337917,2.49438189919429,2.7713614810643
"2013-10-03",0.0350844677548583,0.0228994608354146,0.0165340358138763,0.0392142749015839,0.181339476058972,0.861948483268565,1.28439456704917,1.76590579485458,2.52412015819158,2.80055926127139
"2013-10-06",0.055124088798433,0.0395456823461051,0.0283348194048971,0.042207180530192,0.170104728299329,0.828902798523596,1.24712863791606,1.72843154175046,2.49353225533382,2.77368814709712
"2013-10-07",0.0366508543024205,0.0258835585290328,0.0207935495770011,0.0436593846170584,0.180621716536066,0.839667703744605,1.25474021671019,1.73403907090888,2.50210793311217,2.78483596196257
"2013-10-08",0.0731247094865078,0.0548348539097828,0.040210744422337,0.049189239842013,0.172573117400329,0.833373734545759,1.25453496300354,1.73823149905423,2.50371056856423,2.78321651977127
"2013-10-09",0.0661104175268076,0.0471627697622035,0.0324836262752119,0.0438905885994862,0.177756354830328,0.872317740040629,1.30563345907745,1.79581760664899,2.55721686292054,2.83261063431836
"2013-10-10",0.0738371612881091,0.0532753348293905,0.0364471565477551,0.044400088730702,0.173899946510243,0.86543349007937,1.2996169626576,1.79165250317581,2.55679892676344,2.83363832941758
"2013-10-13",0.0720754870627255,0.0526625528240737,0.0371638649454192,0.0466644904250031,0.176534564363607,0.864203064368855,1.29727343480611,1.7899907262674,2.56043175559323,2.84000017934357
"2013-10-14",0.059760559414313,0.0429136144152186,0.0312013937867484,0.0479416010311763,0.190475695188046,0.900756532854829,1.33976944865167,1.83510187688137,2.60319882943311,2.88088049834352
"2013-10-15",0.0646874830411306,0.0491770912978395,0.0392454455744818,0.0588513143760544,0.205020713336851,0.917888680272885,1.35622948265498,1.85008030525066,2.615153232578,2.89166624161712
"2013-10-16",0.0740837397582142,0.0532141541945951,0.0358321950171445,0.0424929976510507,0.16941809587196,0.858347567364509,1.29455890081519,1.79159444544556,2.5695428573868,2.85191500649498
"2013-10-17",0.0851733040587674,0.0625798624397779,0.0425700291288548,0.0439752776602081,0.161149170262435,0.831470245445991,1.26267846692326,1.75770420224518,2.53860855520134,2.82309098663418
"2013-10-20",0.0819221027777452,0.0610643903800727,0.0435402056979501,0.0494469783444692,0.173620105582912,0.851527462191039,1.2812916993052,1.77114902166403,2.53803218467041,2.81640585938617
"2013-10-21",0.0863639030379497,0.0619047979017588,0.0392569226128466,0.0359104491236054,0.145331475597929,0.801474785808595,1.22749583480856,1.71780688735476,2.49254216935577,2.77491268439822
"2013-10-22",0.0852552393211416,0.0626236430524342,0.0419155776786096,0.0401802989083753,0.147244530433166,0.786641985228347,1.2055669250864,1.69195720735721,2.46966950394266,2.75494511899167
"2013-10-23",0.0680418305578931,0.0537228000209528,0.0433909427086356,0.056233329365807,0.175683674658066,0.804195504257978,1.21229962821826,1.69049688887044,2.46903460789358,2.75790084344839
"2013-10-24",0.0524760185882991,0.0423709529465669,0.0373165624645758,0.0576056771698106,0.183345417749388,0.804664188386847,1.20531979820557,1.67645508518265,2.44990883682552,2.73853748248078
"2013-10-27",0.0665709605792973,0.0538318047653516,0.0453829441384446,0.0605567552993259,0.180797529484228,0.801171641276988,1.20383997187855,1.67694945751648,2.45092303068038,2.73897594438095
"2013-10-28",0.0574710379337661,0.0458469025869868,0.0385854133152226,0.0547601398142016,0.173636636417299,0.784582091133034,1.18404485298567,1.65700543884034,2.43944679805245,2.73262067892103
"2013-10-29",0.0446439558296856,0.0311937454822366,0.0212976134131275,0.0326075244729896,0.143452545549596,0.742094601703752,1.13975279484696,1.6140665654891,2.40511390202763,2.70277673118493
"2013-10-30",0.0709286030693735,0.0473619261237193,0.0243646289105393,0.0157543684205672,0.104799796635282,0.700089301493777,1.10762538937018,1.59374020829678,2.39716980658031,2.69716592109948
"2013-10-31",0.06944496318487,0.0466176963487326,0.024689926080032,0.0180823457210312,0.110634429917991,0.713336194505234,1.12402086775467,1.61326233429339,2.4211638775517,2.72274726464234
"2013-11-03",0.0737050284961865,0.0501750017774756,0.0272309940525038,0.0187213762965724,0.107945623028648,0.703623253909752,1.11132806493728,1.59761246055891,2.40128729447498,2.7013708224677
"2013-11-04",0.0655390329467453,0.0461080161101465,0.0289664432156821,0.0308711151913413,0.136636247603605,0.757457080494017,1.17028594724388,1.65732220583367,2.45390950307281,2.7499043482881
"2013-11-05",0.061329757530078,0.0413709593230722,0.023597951305062,0.0247295904175533,0.130374493839014,0.75572703257648,1.17227878022806,1.66394253271821,2.46835751300638,2.76729136905609
"2013-11-06",0.056388849345221,0.032002116853086,0.00794669918901486,-0.00218996564095641,0.0858896249101979,0.689037245336405,1.1055402593982,1.6049943746641,2.4359747299935,2.74741609595123
"2013-11-07",0.0609587815214427,0.0362985398031103,0.0125702559415233,0.0051091672298087,0.10305517209364,0.737182378811736,1.16490838431348,1.67001615381334,2.49418017525839,2.79972095121354
"2013-11-10",0.0656478826953056,0.0406231555263985,0.016397288235677,0.00809630538583561,0.104847957989119,0.737518916272025,1.16502555702573,1.67012050833862,2.49452993524762,2.80019237328366
"2013-11-11",0.0739682675447081,0.047328942325488,0.0211054070350823,0.010109824910598,0.105285863531821,0.74673309298443,1.18246613144212,1.69802027113967,2.54030078980137,2.85268131928471
"2013-11-12",0.0805701359920249,0.0507710670589974,0.0200003739156841,0.000627675832153396,0.0819256711376115,0.700698147040047,1.13134073204988,1.64575604606746,2.4941259676,2.81018414330615
"2013-11-13",0.0630994011190938,0.0383869571896702,0.0138195688907184,0.00265308464201675,0.0890395287009766,0.692228975006326,1.11199674555696,1.61790362002565,2.46508769876605,2.78378437010254
"2013-11-14",0.0675957927252853,0.0444570542929461,0.0219426081854498,0.013924475075407,0.103709556074316,0.705707522333747,1.12172255857352,1.62214266315424,2.45904997247658,2.77374787710851
"2013-11-17",0.0702550550404933,0.0464311284561853,0.0227710057295713,0.012178827864417,0.0964621880527816,0.685928147687495,1.09805178026831,1.59681156291452,2.43696405235934,2.75414635162689
"2013-11-18",0.0673454457180522,0.04286281976252,0.0188997229337394,0.0095964378423965,0.10079947022877,0.713829000006851,1.13390830138722,1.63511495848901,2.46363159026023,2.77301213337121
"2013-11-19",0.0924217471467797,0.0614255006953551,0.029166638900441,0.00769709220660197,0.0870240551209998,0.704619715163016,1.13383790279775,1.64478846603173,2.48289949191696,2.79411931002036
"2013-11-20",0.0746196454391714,0.0474104869501045,0.0201055772011995,0.00635260678028859,0.0948681516359766,0.718707802225925,1.14766776692657,1.65842150890624,2.4989578629898,2.81188868094472
"2013-11-21",0.132662103918466,0.0992197401798091,0.0639597810681294,0.0383928445282202,0.114308215806113,0.731546360830637,1.15888515151306,1.66386918929311,2.4829867244302,2.78516982843224
"2013-11-24",0.0903775233019743,0.064140211505382,0.0379109534842216,0.0251484509867894,0.112314139816405,0.721335804065565,1.13950832611685,1.63722564694872,2.45609887261279,2.7609401011613
"2013-11-25",0.0811104756396018,0.0571894619736088,0.0334771853486622,0.023009234204306,0.107873989380115,0.696952221681265,1.10649086218287,1.5999346862632,2.42609604095546,2.73686573237092
"2013-11-26",0.0758697924552622,0.0524009928531318,0.0295303994134551,0.0211676886094851,0.111005992194343,0.712567214472523,1.12636025158759,1.62203502868929,2.44613550071222,2.75492715901271
"2013-11-27",0.0876212705833476,0.0629856135350952,0.0384761391412525,0.0271967255398213,0.112388114064131,0.705931095390183,1.1170066800494,1.61034775386193,2.43159916543057,2.73944739240427
"2013-11-28",0.11549991071991,0.0839729383437778,0.0507112629236579,0.0266363203869094,0.0992182664032388,0.694175753727809,1.11068055486982,1.60744278166912,2.42329566390463,2.72636657705113
"2013-12-01",0.117285822563298,0.0861327064366049,0.0538514979277861,0.0328352739130504,0.113649848481587,0.729574468678699,1.15210537172882,1.65021596091999,2.45693845391782,2.75441065543235
"2013-12-02",0.1168612069259,0.0857931853466273,0.0536060908327871,0.0326767017742856,0.113376622639974,0.728049044804769,1.14968268294654,1.64672370890677,2.45170161074866,2.74852913507369
"2013-12-03",0.109662978582097,0.0838754627729973,0.0591223200581123,0.051415381618633,0.152797999426303,0.798200967175837,1.22616030267002,1.72466589368918,2.5234525105484,2.81664619345843
"2013-12-04",0.151539204352543,0.122252232162521,0.0936591221008098,0.0822093671390225,0.18549982477335,0.850371768202131,1.28327918241872,1.77871645912217,2.55400127243232,2.83501073164895
"2013-12-05",0.127838135297768,0.102886059594601,0.0802109006108961,0.0786780002555022,0.195426323584543,0.870136807872925,1.29852996937886,1.78392024695629,2.53636668278222,2.8080069036664
"2013-12-08",0.124107367878542,0.10351905320052,0.0861779856389976,0.0917952782932074,0.213603107924469,0.879733961917805,1.30218588818822,1.78375681530969,2.53771640055458,2.81140405109398
"2013-12-09",0.127155710641184,0.105179545150882,0.0859992698865897,0.0886894838427541,0.2069006720598,0.871096114202356,1.29471142660272,1.77836188971953,2.53633966026898,2.81156611762521
"2013-12-10",0.107149150740524,0.0942538463917776,0.0861453998182088,0.103544532228095,0.231494961863102,0.873683721341453,1.2824293960754,1.75588513669177,2.51618197721504,2.79623183763463
"2013-12-11",0.107897904707951,0.0959307559194905,0.089402951150519,0.110377649643475,0.245744533101552,0.901575904335374,1.31178306200797,1.78183898770595,2.52692818746455,2.79951996396318
"2013-12-12",0.11938951717442,0.106289299435486,0.0981708829150385,0.1163168779653,0.247180812349498,0.895231046986429,1.30278044717667,1.77052867931985,2.51274273708618,2.78436969959114
"2013-12-15",0.131709431659129,0.118246634405797,0.109627539911813,0.126909515877609,0.256480580863823,0.902638233888837,1.30969190935408,1.77710188671254,2.51902357658972,2.79057069073666
"2013-12-16",0.122980740048671,0.108862510743683,0.0993853429698607,0.115338104356296,0.243409031355304,0.889522239874807,1.2976851246917,1.76674588811083,2.51168714224498,2.78438377560387
"2013-12-17",0.0997957523106149,0.0870845960380294,0.0800869993173278,0.101846794058294,0.242386076837743,0.912828326771409,1.32478543160159,1.79022438179165,2.51470867395932,2.77725298731404
"2013-12-18",0.153632772438708,0.125641568130632,0.0998572313886246,0.0960577249979211,0.21715141822872,0.912772005630096,1.34449130235466,1.82422533618115,2.55008598349529,2.8090846971542
"2013-12-19",0.151253436529212,0.125992894276273,0.10372196981865,0.105175624259177,0.231628416665759,0.925065732682928,1.35149730005411,1.82420545766233,2.53836768496723,2.79309156308433
"2013-12-22",0.194653759948795,0.160009599801313,0.126416590492671,0.113053693542651,0.229562835623667,0.937374737973074,1.37095694452576,1.84443579589447,2.54491240200887,2.79227736013753
"2013-12-23",0.181298343012456,0.149489321911999,0.120019557774456,0.11431326482817,0.24332890015994,0.968566021741963,1.40385308115753,1.87498392326054,2.56624106898734,2.80958620004448
"2013-12-24",0.167518761263149,0.1387767933663,0.113445553723472,0.114586527272574,0.252993176572234,0.989032855555948,1.42602107570917,1.89767068459713,2.5885494347474,2.83166408491435
"2013-12-25",0.161973659172701,0.133042282509812,0.107871650913574,0.110490753641951,0.25412637470662,1.00430201089302,1.44537876318286,1.91855862109008,2.60722397342505,2.84893472773511
"2013-12-26",0.127829272240177,0.106331437643768,0.0901403759055632,0.10458829061586,0.256660767610504,0.999087730587475,1.43697466924201,1.91213116750339,2.61450044619517,2.86275583245608
"2013-12-29",0.171723581760802,0.136171136970789,0.10274409742114,0.0937320703253156,0.227108257503164,0.983319288954229,1.43228696244093,1.91334941217265,2.61095067385014,2.85533817036164
"2013-12-30",0.162542475428312,0.125024455424187,0.089744371217348,0.0799256864584037,0.217774433297489,0.989904614578485,1.4413850083663,1.91969275410503,2.60484764385802,2.84373366121371
"2013-12-31",0.148355125827545,0.112352827476796,0.0790728640715794,0.072422945232661,0.21419233054284,0.989210338963615,1.44032445813425,1.91770478026588,2.60109572123924,2.8393326348287
"2014-01-01",0.117176721789044,0.0916650120253266,0.0705608300807904,0.0783896080123082,0.225629798375799,0.975702892003863,1.41972933366054,1.90034895455151,2.6076693626953,2.85712745680552
"2014-01-02",0.144452192774879,0.11565887538997,0.0899644930698482,0.0897910901801753,0.225375599672632,0.964387326745003,1.41065875095667,1.89795055442213,2.62097997447447,2.87678110231422
"2014-01-05",0.128219378890939,0.0994839579307374,0.0737906423990451,0.0733711512681917,0.207823534192888,0.942126068351615,1.38573033285979,1.87016019707681,2.58898802400144,2.84330666302854
"2014-01-06",0.110023135944167,0.0849744367220173,0.0635337244162107,0.0680245333905467,0.203487285140532,0.923775607092194,1.36146433885461,1.84346424998685,2.56656175572008,2.8236909327328
"2014-01-07",0.118430584543966,0.0933119302742206,0.072120809488455,0.0780333405438486,0.21813725767542,0.950612800172058,1.39163173130632,1.8744519696145,2.59405508074242,2.8492143856388
"2014-01-08",0.114219170377028,0.0875508300138828,0.0644069462432053,0.0675362665668978,0.205273720240498,0.941377695437334,1.38662389868154,1.87466678355772,2.60259259799975,2.86075199088215
"2014-01-09",0.124105726889826,0.0947568345582034,0.0671131952100867,0.0602492600942822,0.177737894336804,0.876732732877017,1.31592148219986,1.80725003696531,2.55604905233665,2.82408372453196
"2014-01-12",0.121112767243662,0.0925562303142469,0.0654213554605139,0.0577543437910559,0.169763545997059,0.851800100338835,1.28683007438931,1.77870239444454,2.53784909111981,2.81121017690098
"2014-01-13",0.114903211563481,0.0920560222396041,0.0719474782815135,0.0738390656839201,0.192984719583717,0.863773096354506,1.28964674356863,1.77374342552707,2.52802281656507,2.8010834206325
"2014-01-14",0.134044631236882,0.107862342909858,0.0837603169384223,0.0805468859745795,0.196772213116045,0.874823188656623,1.30384557672187,1.78788929830588,2.53395255228081,2.80250289385904
"2014-01-15",0.135875824221484,0.108985504827342,0.0831565282894464,0.0748098647826492,0.177883606222717,0.825696444006081,1.24787396643393,1.73270616640719,2.49538878458212,2.77262341022704
"2014-01-16",0.126806565152859,0.0988551007478838,0.0715859783998135,0.0608341089042888,0.160560750726506,0.804525094483048,1.22621085037535,1.71109656453231,2.47448445813002,2.75204047854793
"2014-01-19",0.122079457182117,0.0985700673907709,0.0770733580003401,0.0751263459867677,0.184350880065801,0.826521348221775,1.23982500659584,1.71287288243127,2.4554169499008,2.72516362422452
"2014-01-20",0.143677166336652,0.117369440554341,0.0921070612840546,0.0839757486884705,0.184939626670619,0.819206297149095,1.23252230059484,1.70716757784696,2.45381496597849,2.72521971489649
"2014-01-21",0.123046315885021,0.101427532206121,0.0823148006965441,0.0838268262558469,0.196545309652368,0.840340489374665,1.25434971254159,1.72958840122758,2.4792350203873,2.75232564177296
"2014-01-22",0.145825687673557,0.118962468064412,0.0926566611095397,0.0819104147570582,0.176770083501788,0.796408410344857,1.20504620260706,1.67732468954743,2.42558061407202,2.69851482832229
"2014-01-23",0.147214948086511,0.11811273675366,0.0884944235604271,0.071390266305465,0.155066576331816,0.754652635960483,1.15811600180503,1.62836876685961,2.37972746870995,2.65485619562705
"2014-01-26",0.15012744886397,0.12128393929827,0.0921918612992848,0.0764703535750006,0.163345743205156,0.768912325143821,1.17261752823339,1.6405323615127,2.38323306790057,2.65428541096783
"2014-01-27",0.163135644526368,0.126273654216579,0.0874684127838039,0.0590096721176964,0.137791189574674,0.761758748012886,1.17660600790175,1.65069784077941,2.38727102047021,2.65298771961662
"2014-01-28",0.152942291234264,0.120569460259415,0.0865165695097188,0.0620220877418901,0.13547941927904,0.723737391743401,1.12608989418892,1.59703907334055,2.35155043400819,2.62805346869461
"2014-01-29",0.132713922712893,0.101117394050913,0.0681371813779432,0.045496233534714,0.121735788962176,0.714113301119152,1.11757386204114,1.58930571753698,2.344546345939,2.62126023272509
"2014-01-30",0.143081696116054,0.104302523899473,0.0620743679837024,0.0254778091062065,0.0863991228893406,0.672639688999419,1.07854589906295,1.55200680278975,2.30414969489737,2.57832249425575
"2014-02-02",0.1347946906775,0.0985871441289013,0.0597487607406192,0.0284861975054108,0.0957513498828431,0.684306469544713,1.08731540450901,1.55609812396543,2.29952471808799,2.57038706095759
"2014-02-03",0.156364367228649,0.114720870332018,0.0691275160806604,0.0284452743508666,0.0877877669410443,0.682574734933227,1.09160628901361,1.56463699294372,2.30733124138963,2.57640483678658
"2014-02-04",0.132996199659339,0.0958234820545318,0.0557191977947977,0.0224859400128729,0.0874817252141182,0.675610752555181,1.07996517713578,1.55079078932276,2.29793102832231,2.57019562792832
"2014-02-05",0.162083845050039,0.123836550499257,0.08283038478438,0.0497401137582805,0.119434576539317,0.725275398458447,1.13524730511786,1.6074885226266,2.34713700367598,2.61492628948984
"2014-02-06",0.166671628978389,0.125772932476138,0.080932070406481,0.0407514980121896,0.0987959778496827,0.687303033391693,1.09481872619487,1.56855179708774,2.31715694343951,2.58924536216331
"2014-02-09",0.146967515176846,0.112423942559914,0.075701201977329,0.0475815538048472,0.118358847832187,0.710883873863538,1.11650387463926,1.58986592929886,2.34448250075995,2.62023068008726
"2014-02-10",0.142990117299726,0.107484290604358,0.0697292158161493,0.040703090394726,0.112488736519873,0.712740715156801,1.12141173352929,1.59609561149535,2.34820125638586,2.62215519279788
"2014-02-11",0.136035329159932,0.102620432916098,0.0677750761344639,0.043843325234181,0.123492420609272,0.736358257417815,1.14893184545169,1.62677346687232,2.38251645226982,2.65765330393442
"2014-02-12",0.131835395140121,0.0962335124062449,0.0579829792742983,0.0270848979102175,0.093657030865623,0.683582501675428,1.09242293442354,1.57257481391506,2.34347097884542,2.62615490554405
"2014-02-13",0.141214682278344,0.1050034501472,0.0661577156175484,0.0349514938141995,0.102955033406882,0.699388199379347,1.11010003577367,1.59012030493148,2.35607149660195,2.63603764804937
"2014-02-16",0.142945602248659,0.108677938026381,0.0722459297122517,0.0444095360127325,0.115318618675019,0.710540020650638,1.12023183576851,1.60054668757251,2.37085358237444,2.65323014895886
"2014-02-17",0.128970763189414,0.0979299559102443,0.0650462684719773,0.040672299569021,0.109707843763534,0.685542613506291,1.08961538787512,1.57184701306139,2.36415373672523,2.65851418792778
"2014-02-18",0.125260394132522,0.0943638121945321,0.0618070434700911,0.038347333838423,0.109521745928764,0.688444455151117,1.09132101434836,1.56958404019311,2.35018886003629,2.63916136070679
"2014-02-19",0.122526153639237,0.0936342999711925,0.0640315947868446,0.0462028866120691,0.127143073459579,0.722656257949568,1.12902485489166,1.60741564324334,2.38150237147764,2.66686282396885
"2014-02-20",0.133138802958023,0.101815766467448,0.0688639017852813,0.045281879342787,0.117700925115799,0.701153901695985,1.10459422502471,1.58118235356477,2.3540776168699,2.63919072717529
"2014-02-23",0.121728028510418,0.0938957926314256,0.0654754002966247,0.0488448029955806,0.129227950915356,0.717060333190191,1.11981874643986,1.59599180749389,2.3711219788872,2.65783519863946
"2014-02-24",0.135241093526062,0.104552662872927,0.0723523841870692,0.0496643421731621,0.122116580689177,0.699832894828415,1.09873240550574,1.56978067514087,2.33350805403791,2.61521883703866
"2014-02-25",0.13012529222809,0.0982346753149086,0.0643034175698645,0.0383994027608907,0.105300482475065,0.671629358759842,1.06584223976421,1.53232995976145,2.28968161586042,2.56915366550526
"2014-02-26",0.125909781933213,0.0948662868391461,0.0613753131837592,0.034055534815994,0.0928452329347776,0.630738425582029,1.0145390745872,1.47599559994616,2.24028144544246,2.52539329473526
"2014-02-27",0.13925774016657,0.11005212308292,0.0796389656546164,0.0591932926145387,0.132276459741139,0.698832454979821,1.08846181503104,1.54808368447084,2.29278345115697,2.56741998310154
"2014-03-02",0.138023140873571,0.107185466045372,0.0740486736914295,0.0475078546800038,0.107667646412091,0.64520684148485,1.02577874682239,1.4810098735893,2.23007433423609,2.50849737216491
"2014-03-03",0.138369937201633,0.106777404150294,0.0729310507424263,0.0461828670785346,0.10898795844354,0.660290786775633,1.04781980984396,1.50905867394412,2.26314218437125,2.54243934744861
"2014-03-04",0.147228592929996,0.113595790438488,0.0772494610197194,0.0471479635004864,0.107673656627287,0.664268842432926,1.05573166626489,1.52018931760921,2.27552283871881,2.55439179045819
"2014-03-05",0.164295613418286,0.135952241354263,0.106312087095303,0.0859734980817232,0.155952594034983,0.710203566943264,1.09635175425401,1.55632953598468,2.31115048548508,2.59147852334841
"2014-03-06",0.187319098122575,0.158861792629893,0.129007103534432,0.108112897301591,0.176657390043243,0.726103365682353,1.10955544070906,1.56652522232237,2.3166283646267,2.59522929502778
"2014-03-09",0.18422782678087,0.155144433297352,0.124249790258528,0.101050602759997,0.164821714606696,0.704568229208889,1.08589171225213,1.54319481585509,2.29933286991199,2.58125815498638
"2014-03-10",0.195666120924586,0.164919732834185,0.131880662209,0.105475704253874,0.166073696323607,0.708587005232904,1.0946479755343,1.55850169373527,2.32641187031456,2.61283563863771
"2014-03-11",0.183413800402158,0.154763266714852,0.123834654970699,0.0987341521122005,0.15486056654916,0.673665604148378,1.05131680755039,1.51331931503629,2.29722211812414,2.59386980439172
"2014-03-12",0.171139045224019,0.142440079120057,0.110927951291454,0.0832722475011262,0.131286882232456,0.626632222065377,0.996744025514811,1.45661690269947,2.2525833817958,2.55735729255542
"2014-03-13",0.169118018932031,0.143971108185023,0.117087049525882,0.0965403604695663,0.152457097188001,0.648400440336196,1.01370371381785,1.46707545088958,2.25342770593942,2.55521899471646
"2014-03-16",0.168783440598735,0.143136604791613,0.11576989110081,0.0950337540703142,0.15258276037847,0.657641472392167,1.02770513569121,1.48516208589642,2.27420586563124,2.57597898944902
"2014-03-17",0.179238322485494,0.152784156697458,0.124304320888988,0.10165468144416,0.156375598442082,0.657560429658878,1.02681483924757,1.48393875892962,2.27318849158507,2.57514040062069
"2014-03-18",0.170806324900229,0.146609668451702,0.121369297767392,0.104660679734075,0.169144154281354,0.685786391019605,1.0579896723406,1.51472369304322,2.296179347116,2.59373082134582
"2014-03-19",0.162377277971836,0.144404598778869,0.127575686584462,0.124769535640775,0.207945316385482,0.741355320116282,1.11165238476669,1.56142438917716,2.325601625285,2.61589389529344
"2014-03-20",0.196427514712514,0.171769340734776,0.146277363773777,0.130252934053704,0.1986210887801,0.725924495961387,1.09873879945087,1.54998808868738,2.30782435545752,2.59317591838797
"2014-03-23",0.201228804235701,0.174638209333478,0.146278723713321,0.124708092948588,0.183111267847556,0.691141080250209,1.05810188350423,1.50611747678353,2.26526120664833,2.55241332473506
"2014-03-24",0.187488697916789,0.16039384154832,0.131407237601296,0.10898145131218,0.166859988636847,0.677664936430215,1.04732797342548,1.49886710964889,2.26423544088846,2.55377332259151
"2014-03-25",0.181752721464437,0.154594310331541,0.125369187728329,0.102087245228671,0.157498659772376,0.662003446573478,1.03020354452311,1.48228003285971,2.25363816319845,2.5465726283199
"2014-03-26",0.164777893334735,0.137980201927967,0.109076291169158,0.0858152947333415,0.139759990941973,0.637825720734461,1.00357204381654,1.45467196046262,2.22914547452659,2.52437521835262
"2014-03-27",0.155999149212057,0.13096775860615,0.104474206573024,0.0852750692524707,0.144952303997482,0.64959159790954,1.01593494369033,1.46639948134372,2.23819779751529,2.53220764189994
"2014-03-30",0.158413364187218,0.133779073141556,0.107962971382073,0.090308905172191,0.15326971070049,0.664507432713423,1.03193648019117,1.48123382260919,2.24575550976521,2.53583272013748
"2014-03-31",0.155916889437611,0.133767673881745,0.111193374450187,0.0985527935134418,0.167329175925961,0.681613313866255,1.04825270712665,1.49688170765916,2.2629868973405,2.55450547679849
"2014-04-01",0.163669150940767,0.140838250476308,0.117850040357418,0.106080184978326,0.180581636397335,0.715648081207181,1.0897517120081,1.54119875561671,2.29783451094718,2.58254760707068
"2014-04-02",0.187327374895976,0.159882524190497,0.13070017701223,0.108825936825834,0.17017245590705,0.695389283276183,1.07225810522457,1.53020954580748,2.30131973602091,2.59191489083926
"2014-04-03",0.181276754884634,0.153300519146824,0.122875464828989,0.0973403775631919,0.149062102005651,0.649537705527532,1.01914660100962,1.4756891696456,2.26029080419448,2.55948040119348
"2014-04-06",0.166189503927346,0.142578078049158,0.117653435889114,0.0999966218047196,0.158819594478575,0.654579762117376,1.01873299697036,1.47158559000931,2.26054096062561,2.56432338612841
"2014-04-07",0.162778544466366,0.139133858014763,0.114425800755026,0.0979248401412177,0.160609687354384,0.667273349240183,1.03430189089959,1.48662206468568,2.26518619868018,2.56274377576261
"2014-04-08",0.156638535393107,0.134525799186365,0.112040962135355,0.0996828744728919,0.169307150795967,0.686821739816041,1.05541375525891,1.50631499119931,2.2761641244,2.56909004734205
"2014-04-09",0.165341335698353,0.139401255339352,0.111493784233586,0.0893790554608898,0.143385296111772,0.636316679798605,0.999331723203153,1.44867967849373,2.22444323442422,2.52122783723634
"2014-04-10",0.174486978656891,0.147258978432884,0.117520683565003,0.0920774369111216,0.140556598213264,0.622980465593956,0.981977768308573,1.427569809596,2.19827071196255,2.49330052875976
"2014-04-13",0.163152786620744,0.137663581087725,0.110364791380778,0.0892537245334986,0.144600240541512,0.638675944598668,1.00150078332787,1.4502753220841,2.22465422147997,2.52085855434513
"2014-04-14",0.15384565819988,0.126101598057089,0.0955199959793497,0.0682331196620949,0.112900876425854,0.587214380624815,0.944137569623892,1.38960614455069,2.16519829498184,2.46324231189449
"2014-04-15",0.138748420730635,0.113783890976567,0.0869969518473628,0.0661085727307701,0.119810856817441,0.604416489876021,0.962171059377031,1.40643957268711,2.17731590573467,2.4732083692224
"2014-04-16",0.125486416245703,0.106941671460146,0.0884881960570984,0.0803292063259687,0.148137122253731,0.635912420297858,0.98834837800532,1.42698015370658,2.19622749679079,2.4941490488568
"2014-04-17",0.137898492224674,0.117395171370884,0.0972004539447981,0.0889219033581078,0.164521237064304,0.684700708928089,1.04737169563897,1.48594689600204,2.22433563066878,2.5030516190969
"2014-04-20",0.148799551050024,0.125294135363741,0.101393836053531,0.0880636467858746,0.15998756376275,0.687350955749708,1.05564889464235,1.49865146165292,2.23722230432453,2.51421176428997
"2014-04-21",0.135595578914718,0.115988791202654,0.0963886567038907,0.0872332305153793,0.156415842838896,0.655502194348115,1.0134818602948,1.45576702139089,2.22285862211789,2.51776818167276
"2014-04-22",0.139265163298098,0.120450594713338,0.101847782700451,0.0940930740204979,0.164287075250167,0.659569837195359,1.01349083566939,1.45030450933951,2.20735685232771,2.49833416548547
"2014-04-23",0.133627811378246,0.117713784173052,0.102785890658634,0.100349171375096,0.175455879795689,0.667382464084419,1.0169058632207,1.44985138736434,2.20659583312988,2.49933197481994
"2014-04-24",0.146932403916826,0.12763029497498,0.108050685828183,0.0976489140005715,0.160890488165309,0.634059250102863,0.976834392648762,1.40263347667905,2.14615156291969,2.43316851076377
"2014-04-27",0.120287962876315,0.10507791885406,0.090911325400159,0.089127104077952,0.163193924364309,0.646056603917642,0.990231385819871,1.4181257193396,2.17040942421821,2.46257862113187
"2014-04-28",0.0739959513254285,0.0632197016580726,0.0548633716190635,0.0621511400291541,0.147042346715949,0.637437035933514,0.981998649955362,1.41172464799971,2.17556930507819,2.47499773968555
"2014-04-29",0.0717392669491868,0.0602697585694375,0.0508154828441597,0.0557736982236141,0.135894636116195,0.61501800461029,0.955387299528586,1.3822991458127,2.14646791100897,2.44733473633686
"2014-04-30",0.114507803443507,0.0931114133001012,0.0712645308287128,0.0588541073446773,0.124560141329411,0.61825602228401,0.970484920342094,1.40157010705485,2.1378203249399,2.41799167199142
"2014-05-01",0.101765613015752,0.0835548174420776,0.0650975929172561,0.0554994691338926,0.116947513475524,0.581565050166647,0.924014304343795,1.35601212360966,2.12795409597986,2.43058941991553
"2014-05-04",0.0995037853241772,0.0822423115792037,0.0651144740474197,0.0578682948618486,0.123011428481272,0.593702001995269,0.938018742456018,1.37145064588875,2.14479115178208,2.44781104122405
"2014-05-05",0.152347330791234,0.124429483728147,0.0944584108855609,0.070729805208579,0.127380995738025,0.633993036510315,0.997891490230347,1.43887605203258,2.17773005732441,2.45526364327465
"2014-05-06",0.159858378799898,0.131258824725349,0.100575807552427,0.0763133545877593,0.134141814197599,0.648549486633079,1.01606853645966,1.45946569057707,2.19783970847544,2.47420241473134
"2014-05-07",0.166697084944455,0.137423009054997,0.106044234200702,0.0812925921800243,0.140400073639792,0.662749051889885,1.03385506454538,1.47955252332419,2.21720206692436,2.49231534721891
"2014-05-08",0.172894522784228,0.142949023881728,0.11088529652347,0.0856805062409386,0.146157186224259,0.676577256355157,1.05123251551072,1.49911680155004,2.23580457793047,2.50959439731405
"2014-05-11",0.178481744757355,0.147863800117179,0.115120516742446,0.0894900092398824,0.151414609389341,0.690019938390536,1.06818266539157,1.51813905897081,2.25363460908356,2.52603117276742
"2014-05-12",0.186736552924193,0.154136501207656,0.119149775611869,0.0911180788197106,0.153493576669905,0.703967860902128,1.08735614548642,1.53973234608122,2.27064482790225,2.53959010774078
"2014-05-13",0.191436231484146,0.158046017354866,0.122253955555377,0.0936820568060709,0.15757815578037,0.716710841778991,1.10360848165489,1.55781142479935,2.28686411112818,2.55418473397929
"2014-05-14",0.195354255008769,0.161266821978446,0.124786070394241,0.0958381003068525,0.16138561840983,0.728951219098193,1.11916153531669,1.57503712490437,2.30227719020231,2.56807440660729
"2014-05-15",0.198866970668446,0.164031212070349,0.126805786094855,0.0974255280005711,0.164634907610452,0.740779642684712,1.13428604372034,1.59172216928713,2.31686380831493,2.58103395548907
"2014-05-18",0.201911659424634,0.166310144289841,0.128323880948251,0.0985039446129868,0.167404165809801,0.752155021510213,1.14888755958965,1.60775952383857,2.33061318407243,2.59311097551138
"2014-05-19",0.204595099232147,0.16817472592274,0.129368757450297,0.0990470630434758,0.169634940877224,0.763091953602595,1.16301428505153,1.6232014789104,2.34350847039578,2.60424882528267
"2014-05-20",0.206904131015709,0.169625231732923,0.129956395179217,0.0990893541739856,0.17136515065172,0.773565449369627,1.17661401667509,1.63798894537453,2.35553739989998,2.61446337830461
"2014-05-21",0.208866363378824,0.170685980508716,0.130106934190352,0.0986445588125245,0.172599918362936,0.783564229487988,1.1896692005979,1.65210145393175,2.3666861474047,2.62374505595816
"2014-05-22",0.210302627219289,0.171261359797878,0.129822765181056,0.097833539199971,0.173504089034088,0.792995059304222,1.20198524566693,1.66533530219692,2.37695535191811,2.63220584122395
"2014-05-25",0.211682539752083,0.171632301837527,0.129162360612886,0.0964411878054376,0.173740242147888,0.802020560777192,1.21392405414668,1.67806526921898,2.38630113125715,2.63957350908611
"2014-05-26",0.212718160181844,0.171639853727871,0.128118343368276,0.0946444002708599,0.173557850914155,0.810506062460825,1.22519889985553,1.68999121302637,2.39473101655994,2.64602347344922
"2014-05-27",0.209177529738476,0.168864293899272,0.126388999837642,0.094689597553157,0.176170667842952,0.816597288732016,1.23210964769476,1.69742451226107,2.40259916887202,2.65401390242047
"2014-05-28",0.209675814072402,0.168269687671951,0.124663899013815,0.0921017365383103,0.175077287855854,0.823925691870875,1.24204575668773,1.70778937708558,2.40918244227145,2.65854326381802
"2014-05-29",0.209893548663485,0.167374743464845,0.12261576749221,0.0891610997067953,0.173590516387994,0.83066778947944,1.25125270944626,1.71728393021308,2.41481204053265,2.66212936108168
"2014-06-01",0.210074264613759,0.166326795978651,0.12027958383904,0.0857672137666624,0.171554969038074,0.836911285186145,1.25990311530229,1.72607413583191,2.41945326594397,2.66463493899206
"2014-06-02",0.205516442423395,0.162471714940922,0.117375473489539,0.0844449611390646,0.172427629789301,0.840403384008548,1.26385410169732,1.73020986925736,2.42358631555681,2.66874302905718
"2014-06-03",0.205498574493331,0.161084828083454,0.114529518930816,0.0803072354476838,0.169426124410696,0.845451775476722,1.27114228440788,1.73740024453639,2.42625894476897,2.66916531315001
"2014-06-04",0.200609302495374,0.156844997602353,0.111163230799748,0.0783773397296462,0.169437950096967,0.847577935040626,1.2735350300714,1.73980433236998,2.4284408211319,2.67124857496275
"2014-06-05",0.200268439611968,0.155084693609399,0.107874929897619,0.0736752582025388,0.165655724932648,0.85127303931579,1.27919594824658,1.74513597260575,2.42911435925381,2.66967016066829
"2014-06-08",0.195170082118243,0.150566786114393,0.104131959614277,0.0711881954286891,0.164809358642806,0.851982682655857,1.27997285817553,1.74575023467566,2.42929200083045,2.66967780755759
"2014-06-09",0.190012844142462,0.145948780812936,0.100230923414634,0.0684396329388384,0.163535725762206,0.851973673950533,1.27992921288939,1.74545385294394,2.42844425626206,2.66862116720992
"2014-06-10",0.189659792982706,0.143970719818578,0.096462595913109,0.0628607483155922,0.158394073003536,0.85363352293792,1.28325137403299,1.74811424928733,2.42600570237867,2.66379766061652
"2014-06-11",0.184478733820263,0.139235787956128,0.0923135595954776,0.0596302222566638,0.156264961322043,0.852131463871684,1.28150530992601,1.74594091895485,2.42307446427231,2.66058959467857
"2014-06-12",0.179334264187558,0.134483306436487,0.0880716811828615,0.0561751044281533,0.153707705216475,0.849870379764036,1.27889408545078,1.74281300466327,2.41907923570994,2.65628086826263
"2014-06-15",0.174258894860026,0.129741281021345,0.0837589367560327,0.0525075475673709,0.150721446527141,0.846836195112555,1.27540242066507,1.73871572322996,2.41400744475418,2.65085980603049
"2014-06-16",0.169285136613098,0.125037717472381,0.079397302395757,0.0486397044116189,0.147305327094345,0.843014834414811,1.27101503562665,1.73363429147225,2.40784651946766,2.64431473264395
"2014-06-17",0.164445500222211,0.120400621551285,0.0750087541828058,0.0445837276982064,0.143458488758395,0.83839222216838,1.26571665039328,1.72755392620749,2.400583887913,2.63663397276482
"2014-06-18",0.159772496462796,0.115857999019742,0.0706152681979479,0.0403517701644392,0.139180073359598,0.832954282870837,1.25949198502273,1.72045984425304,2.39220697815282,2.6278058510549
"2014-06-19",0.155298636110287,0.111437855639434,0.0662388205219502,0.0359559845476222,0.134469222738258,0.826686941019754,1.25232575957277,1.71233726242623,2.38270321824974,2.61781869217598
"2014-06-22",0.151056429940118,0.10716819717205,0.061901387235583,0.0314085235850626,0.129325078734684,0.819576121112706,1.24420269410117,1.70317139754441,2.37206003626639,2.60666082078987
"2014-06-23",0.142353636228456,0.10042689848652,0.057366775800422,0.0292512288452528,0.127109499607868,0.809235611363132,1.23097353960281,1.68913367176756,2.36081464655725,2.59697260047007
"2014-06-24",0.138694192457132,0.0965568823269908,0.0531789664551044,0.0244300810348873,0.121078863771939,0.800384796247221,1.22088718187205,1.67783892178708,2.34786087658032,2.58344489094683
"2014-06-25",0.130840481676827,0.0903723628738965,0.0488300694822335,0.0219065248576507,0.11787174991182,0.788436124559562,1.20584306223042,1.66175114721616,2.33423147925709,2.5712703134986
"2014-06-26",0.127900693524589,0.0870196578566781,0.0448835793260375,0.0168604161496986,0.11094502531656,0.777775951054678,1.193720960817,1.64826211477437,2.31892243238882,2.55533640401058
"2014-06-29",0.120821996468877,0.0813932222017398,0.0408041931198462,0.0141360284188597,0.106885081173008,0.764027496007095,1.17658756792747,1.62987575780389,2.30289476878903,2.54077332975757
"2014-06-30",0.11439804193455,0.0762072015971685,0.0368995344318515,0.0112107976391531,0.102254668636379,0.749481941068275,1.15857191555915,1.61046929483358,2.28561681145384,2.52489058163699
"2014-07-01",0.108675230317522,0.0715005582967288,0.0331978447695044,0.00809389974553454,0.0970365687775081,0.734110545896868,1.13965564505033,1.59003527486913,2.26708263287874,2.5076792881814
"2014-07-02",0.103482211513726,0.0671869230368821,0.0297102592143,0.00490821825965804,0.0913786428783183,0.717792801162882,1.11963344289909,1.5683785131706,2.24730411760749,2.48925591875491
"2014-07-03",0.0989470463531687,0.0633509081052316,0.0264692514761823,0.00161915845820548,0.0852062175045487,0.700541798008808,1.09855849172673,1.54555685373765,2.22626538437716,2.46956577209768
"2014-07-06",0.0950334676709195,0.0599826894621159,0.023494639197574,-0.00172185827594429,0.0785689275815067,0.682300451862702,1.07634214028192,1.52148603575865,2.20396427261393,2.4486494747156
"2014-07-07",0.0920761511357478,0.0572876338679904,0.0208381431205628,-0.00525559585555158,0.0712295416842059,0.663158627572099,1.05321424399351,1.49641243100547,2.1803728595678,2.42632779103386
"2014-07-08",0.0859830032189818,0.0528848660084906,0.018141004869457,-0.00684562835010072,0.0664347476853998,0.641558558946901,1.02561673159248,1.4665399840323,2.15571811510046,2.40509226317287
"2014-07-09",0.081017242836064,0.0492561644141088,0.0157880131563787,-0.0086727299935756,0.06091401638546,0.619169030394449,0.997165354714214,1.43560860402783,2.12968644019788,2.38244070320109
"2014-07-10",0.0771999566844432,0.0464307438576036,0.0138137864528391,-0.0107078836940649,0.0546588391567085,0.595919554416219,0.967802223415467,1.40359068925599,2.10228484845051,2.35838801551351
"2014-07-13",0.0743826283860022,0.0443354141912013,0.0122316418423721,-0.0128385050239919,0.0478036021939156,0.571697630724439,0.937332174062033,1.37029393689659,2.0735202546208,2.33305316135695
"2014-07-14",0.0724974882634144,0.0429425112976283,0.0110596354805579,-0.0149952613261444,0.0404241586294486,0.546431394070078,0.905632337540164,1.33559317158246,2.04338940133226,2.30650903135566
"2014-07-15",0.0717805486336685,0.042407089599416,0.0103530025459239,-0.0172584634680966,0.0323434695501796,0.520126019603421,0.872825886089905,1.29965977499454,2.01188990334148,2.27863668456085
"2014-07-16",0.0693219715765647,0.0409642759725114,0.00973460209506521,-0.0181920447268636,0.0260815363699877,0.492184441408346,0.836559431091325,1.25947702677736,1.9788972339261,2.25136855035649
"2014-07-17",0.0709412618702923,0.0421757488815759,0.0100256744109957,-0.0205674056305934,0.0166809459949648,0.46368698022832,0.801346695570806,1.22085631609992,1.94461755708924,2.22096082016077
"2014-07-20",0.0713572493021324,0.0428161128986822,0.010499738838458,-0.0218246095754776,0.00872633315158611,0.433686644158254,0.7630178661875,1.17832989010775,1.90876876689472,2.19092581988176
"2014-07-21",0.034444903699161,0.0137035646852104,-0.00942299792144485,-0.0307522972897344,0.00204254402662185,0.384946026930871,0.692232571833582,1.0969076651793,1.86041544828732,2.17048254056911
"2014-07-22",0.0425428678357762,0.0204607756691726,-0.00462370456880318,-0.02965598687177,-0.00332449552725189,0.367534366178722,0.671442969310001,1.07486923033242,1.84264935224529,2.15610466539644
"2014-07-23",0.0284475375870949,0.00871446045547786,-0.0129923064793756,-0.0317846517976331,0.00507484853906859,0.394987679471501,0.70458054168892,1.11112746181592,1.87660708745479,2.18723730126423
"2014-07-24",0.0240596409645967,0.00379673002180467,-0.0187919264377236,-0.039581602981232,-0.00718222656188006,0.370557128841151,0.674720880869547,1.07661718801848,1.83897420937706,2.1498299278882
"2014-07-27",0.0166061058032729,-0.00174108104120449,-0.0217455631618657,-0.0382914695930471,-0.000348382369071976,0.380791173942639,0.682625399678248,1.07965349872589,1.83035893930393,2.1360913587112
"2014-07-28",0.0353193372065081,0.0131372545340558,-0.0119593363280688,-0.0366676053378978,-0.0091285893494083,0.362077508877743,0.661894879413378,1.05547374063354,1.79193381749298,2.08891899285715
"2014-07-29",0.026789517141793,0.00668318175772936,-0.0154385584321818,-0.0346607278748666,0.00223889664142363,0.392366926488922,0.699953260901017,1.10115782733033,1.84851564759431,2.14939402845151
"2014-07-30",0.0606110225243702,0.0339350174350606,0.00305022691030504,-0.030288851345927,-0.0112276032798352,0.367346534002936,0.679260707339192,1.08872052843282,1.85020674895213,2.15538568902895
"2014-07-31",0.0562810164598935,0.0307838557019388,0.00124569049113327,-0.0306562733156593,-0.0121695938618996,0.355323832650461,0.660430950951445,1.06379182200002,1.82227473675375,2.12869395216891
"2014-08-03",0.0371885507382368,0.0154860888033616,-0.0090577544923986,-0.033129513224635,-0.0054319528404605,0.365253821155889,0.666616150247309,1.06485221214177,1.81803520623032,2.12418721124061
"2014-08-04",0.0248415622963362,0.00422597387317988,-0.0185904604529865,-0.0389804976267947,-0.00370763779492489,0.384788501017751,0.692478679588097,1.09430643187406,1.84346832887394,2.14516910835133
"2014-08-05",0.010158414662751,-0.0093167910039258,-0.0311340050772296,-0.0516121580505237,-0.0220203131187009,0.337709077351503,0.630552781794669,1.02043286634062,1.76836490069474,2.0758652164061
"2014-08-06",0.0462292901731321,0.0222426639533975,-0.00563770075948344,-0.0360660505484556,-0.0198750497155779,0.324524987722746,0.61365904079368,0.998904867413137,1.73174600409583,2.03027193687159
"2014-08-07",0.0436983651272962,0.020882559250589,-0.00554242702081781,-0.0339816406723703,-0.0165039274400299,0.322466343592222,0.606601120956986,0.985985456081496,1.71097633839739,2.00741780172723
"2014-08-10",0.0414364941400465,0.0181275592414908,-0.00890846453188215,-0.0381650062481531,-0.021075148309984,0.321742218850219,0.609667353064759,0.994304617419629,1.72959013466001,2.03028018171386
"2014-08-11",0.0388241591703892,0.0139976301703333,-0.0149651789732118,-0.0469979652839037,-0.0322731960158081,0.314980184159283,0.608042852276044,0.999037860554483,1.74349626352604,2.04685742041634
"2014-08-12",0.0438358795739371,0.0179502975765753,-0.0127673189763365,-0.0487301453762281,-0.0425248642887138,0.284021910587547,0.570056190836766,0.958057164533752,1.71224087072238,2.02386001481033
"2014-08-13",0.0379541130904754,0.0134225448526679,-0.0154945202329726,-0.0485905534255586,-0.0389757187155915,0.287577685696728,0.570283192037368,0.952666356385315,1.69444644215551,2.00071047815606
"2014-08-14",0.0352828921825536,0.0116035451511491,-0.0165698522670938,-0.049778447221333,-0.0448067922297456,0.256091934918544,0.523293079872278,0.889683261785828,1.61401245687523,1.9171878609326
"2014-08-17",0.0313964534238713,0.0094212695257988,-0.0161551584157772,-0.0441139371995181,-0.028930628126358,0.295638541281534,0.572174321742551,0.945701951897518,1.6720174226448,1.97284978322558
"2014-08-18",0.00150513227704098,-0.0172034179715091,-0.0384990057475784,-0.0598077890077245,-0.0370077571341108,0.289388954579873,0.562603734087946,0.932377514434607,1.65848660342808,1.96215606105338
"2014-08-19",0.0440325208656674,0.0188470549902023,-0.0109753056304182,-0.0456840850502945,-0.0389179266722672,0.278331237044557,0.553513157623366,0.924083955004952,1.63642864477654,1.9283407770477
"2014-08-20",0.043225204466364,0.0187391389641878,-0.0101353112948767,-0.0432720577322055,-0.0343962213937182,0.284484016981624,0.55907878054726,0.928202359156514,1.63689529990523,1.92717878039962
"2014-08-21",0.0438549012980924,0.0191512393092148,-0.0100653399548116,-0.0439309847712738,-0.0366174727279746,0.277638249189267,0.54963394761007,0.91572066016405,1.61918942899978,1.90742535088359
"2014-08-24",0.0178992166063535,-0.00826637139103056,-0.0395539784229495,-0.0771377729874539,-0.0756986992070978,0.230385608636134,0.501790635259917,0.870129931139984,1.58416384919834,1.87828755116781
"2014-08-25",0.0265530478637455,0.00259960455016237,-0.0257852301616226,-0.0588604208636601,-0.0523480565523948,0.253349485169803,0.520433321754278,0.882500926404897,1.58597010039636,1.87658718143844
"2014-08-26",0.0216404244441071,-0.000169995308594989,-0.0260446716690461,-0.056214787084397,-0.0497933701521329,0.238807086899223,0.495020342432048,0.847826902199478,1.55120852101612,1.84771951722319
"2014-08-27",0.0166564144152485,-0.000915135545018417,-0.0214083183401678,-0.0438331393760881,-0.0308830740610835,0.244847943998494,0.486641858065639,0.822377687313256,1.50589684901258,1.79961896451714
"2014-08-28",0.001635002748439,-0.0183423072050029,-0.0418186769489151,-0.0682906321810718,-0.0578202630570901,0.229675898491412,0.481773056907278,0.828781102145158,1.52285484861922,1.81655197048057
"2014-08-31",0.000890124978721277,-0.0209370876245644,-0.046895522630694,-0.0773928141505681,-0.0719649223969107,0.214078459054293,0.469979174524821,0.823989084352783,1.53457693816489,1.83567652572723
"2014-09-01",-0.0014853445277539,-0.0230446864155056,-0.0484246257328845,-0.077242603131023,-0.0670630319380662,0.236042029317304,0.501662153282502,0.866241294754016,1.59143850922347,1.89687630516794
"2014-09-02",0.000475785186392928,-0.0203637729211372,-0.0448223798020855,-0.0722610135630669,-0.0605391952390181,0.244588485765998,0.512336289339974,0.881732042352351,1.62383269627516,1.93902110260543
"2014-09-03",-0.0384826668057251,-0.0620205311135407,-0.0898508170220604,-0.121907821993746,-0.112882674529182,0.210390554348189,0.496656200660006,0.891669538305888,1.68314389019041,2.01828436795976
"2014-09-04",-0.0359613169974386,-0.0581920905301718,-0.084515895506695,-0.114937251894042,-0.106563011682229,0.20277337175917,0.479552422085007,0.864974355993245,1.64892815671543,1.98494124005772
"2014-09-07",-0.0466911121489112,-0.0677499827367453,-0.0922461795506611,-0.118868329274107,-0.102930719559353,0.223014103685889,0.504687182182403,0.890966326098411,1.6615435462797,1.98727521502338
"2014-09-08",-0.0430942296137797,-0.0660749625360831,-0.0929235340827251,-0.122617847835433,-0.108016610245648,0.230751364337788,0.523418936416105,0.922776696829041,1.71157270692445,2.04220749980629
"2014-09-09",-0.0265121438159672,-0.0527795604505035,-0.0839122852092895,-0.120186015792461,-0.112865766286544,0.225359161688762,0.521906626838338,0.925339612660689,1.71374108180088,2.0409093085661
"2014-09-10",-0.0391867583688098,-0.0627470249875274,-0.0903502914789784,-0.121207832157173,-0.107951940615603,0.229857734481852,0.522174701890799,0.920437540171808,1.7042363952655,2.03173750579814
"2014-09-11",-0.0343631325513305,-0.0575422289279509,-0.0843997277100005,-0.113278690753077,-0.0949432419607227,0.258065462840829,0.557037023355964,0.960253536403444,1.74345498905583,2.06771598024701
"2014-09-14",-0.0239641060460822,-0.0503929414496581,-0.0816193414825364,-0.117645782480156,-0.108691969706636,0.236689382328869,0.536883416311756,0.943318904601236,1.73229453751614,2.05812793040707
"2014-09-15",-0.0113634886479787,-0.0381901459054058,-0.0701844176761438,-0.108195544774923,-0.104041724934624,0.230012965095408,0.528020310497733,0.937109129177121,1.74648074055953,2.08535222660929
"2014-09-16",-0.00877457496615183,-0.0359843216755362,-0.0685431152758764,-0.107645738888879,-0.105520098729527,0.223651810424605,0.519267427965737,0.925727975675125,1.73080212582579,2.06801847964472
"2014-09-17",-0.019995168020011,-0.0431897149434778,-0.0700491667414205,-0.0988661907333095,-0.0802104707677472,0.274448509817791,0.574586622569103,0.979296651713946,1.76528968583419,2.09068918127094
"2014-09-18",-0.01182577062721,-0.0377293441306934,-0.0685319552782969,-0.104772478046138,-0.0990013501494112,0.231698593344105,0.525056962054343,0.927211622575841,1.72210316401533,2.05479051624214
"2014-09-21",-0.022060891296095,-0.045636193034572,-0.0734576013605877,-0.105318643648602,-0.0955157702845792,0.229751367675946,0.5159250690788,0.909105500985007,1.69174344638446,2.02146367550022
"2014-09-22",0.00400620549727727,-0.0215616870621219,-0.0519838303443557,-0.0878744626056882,-0.082812181393084,0.238626434748703,0.523227794843673,0.912179729859426,1.67679050584541,1.99540153061075
"2014-09-23",-0.0157082404611862,-0.0391836537628943,-0.066874650157324,-0.098557180595484,-0.0887797640049155,0.233454001731151,0.51596411516861,0.902892762574276,1.66914202563287,1.9906505438749
"2014-09-24",0.00237389306231552,-0.0234568477167298,-0.0545777349679373,-0.0927180386647727,-0.0941216304551633,0.207836791964476,0.485234592132818,0.871458477094865,1.65020661563536,1.98076391191478
"2014-09-25",-0.0121638630412759,-0.0372386731373419,-0.0672078082102682,-0.103045912519444,-0.100208568425618,0.208707719104437,0.486102790078818,0.868267898067842,1.62820962851425,1.94757674956859
"2014-09-28",-0.0270514129406533,-0.0503384523890897,-0.0780124316289709,-0.110444275307258,-0.104251781094903,0.202797775058456,0.477118636402978,0.856483757548089,1.61778646044078,1.94034605824246
"2014-09-29",-0.019595074843504,-0.044973659378328,-0.0755392946302735,-0.112958365072953,-0.114132648627099,0.183496207828854,0.456703731392367,0.837022767152303,1.60376561325996,1.92921072291868
"2014-09-30",-0.0156359189466047,-0.0421237807257679,-0.0743625470588158,-0.115120834873978,-0.122718125695092,0.159745000189883,0.426487568958582,0.801110889215533,1.56318380845859,1.88843398047766
"2014-10-01",-0.0386146011120842,-0.0606491799757561,-0.0869598129536398,-0.118216245820057,-0.114013622243008,0.174848371272038,0.437916979311325,0.80669649408683,1.56263334169172,1.88835829574264
"2014-10-02",-0.0171984145109123,-0.027882533906499,-0.0396152603389477,-0.0493141966098705,-0.0247599622923896,0.241166810019859,0.473347177175157,0.807771286940827,1.54596134877559,1.88852373474719
"2014-10-05",-0.0237029082691044,-0.0407180500516726,-0.0607499809579298,-0.083292212434125,-0.0729313983819272,0.19582416781277,0.440770863082824,0.79130337029377,1.5412579778178,1.87723822108759
"2014-10-06",-0.0123466969217747,-0.036371757733379,-0.0653993316436057,-0.101239857038705,-0.103551514931016,0.177208588096136,0.43868699413329,0.806385706357294,1.55948091543456,1.8831469342472
"2014-10-07",-0.0176191502222953,-0.0421352721031227,-0.0716818554047311,-0.107911870917724,-0.109229478073861,0.178970704098593,0.444545556155085,0.815385372183082,1.56674691875521,1.88692907552975
"2014-10-08",-0.0140544405594809,-0.0386017185730431,-0.0683219587849831,-0.105257355139254,-0.108829994944313,0.172327122338802,0.435478125373258,0.805965705356565,1.5653994694134,1.89189509551905
"2014-10-09",-0.00192182234458434,-0.0248485150484771,-0.052652479847473,-0.0873180867352362,-0.0908131525474846,0.176838050286678,0.430680206292563,0.792381300137937,1.54894338979843,1.87971106000764
"2014-10-12",-0.0165949792419922,-0.0370830095698604,-0.061610093432926,-0.0909201054492681,-0.0873982560885909,0.186105112290291,0.439448840999878,0.799858865879206,1.55706761597109,1.89012603864217
"2014-10-13",-0.0412557519649114,-0.0602192633696879,-0.0829252905068374,-0.11003244805503,-0.106371003495818,0.152550214364656,0.394213438972055,0.7408603215298,1.47994685068212,1.80923294184365
"2014-10-14",-0.0413365500786088,-0.0608619146906132,-0.0846502850256114,-0.114632643392527,-0.11862283703248,0.113693287779546,0.340323690636439,0.670831251472246,1.38965677101884,1.71459923931277
"2014-10-15",-0.0623811576553425,-0.0785574964895033,-0.0974377491580445,-0.11805982561365,-0.105344026587514,0.160763894139431,0.398718635698759,0.735658047441577,1.44535487210633,1.75928483611795
"2014-10-16",-0.071371527212573,-0.0855400018603025,-0.101633315933663,-0.117390249069909,-0.09714522599902,0.182140321130458,0.425684489405481,0.769553342113418,1.49622335365931,1.8194788737668
"2014-10-19",-0.0755039439642775,-0.0902244921013898,-0.10711120734927,-0.124327532839209,-0.106490602793876,0.169167537075628,0.412467492414301,0.757697605133944,1.49168131535445,1.8196437690697
"2014-10-20",-0.00547847173680387,-0.0292617941798634,-0.058081412084789,-0.0939918018418207,-0.0979304876642862,0.172227513685846,0.425607778758901,0.782514039387167,1.51435895974932,1.82903569592633
"2014-10-21",-0.065708540522355,-0.0804624191070094,-0.0974364118630291,-0.114932297658235,-0.097898570993738,0.175389095536958,0.417944462268858,0.76328348704396,1.50131168892707,1.83250949636752
"2014-10-22",-0.0565897260230302,-0.0712392302339108,-0.0878798992227134,-0.104189577590705,-0.0834216221378189,0.203386417920961,0.452858571315233,0.804188980517465,1.54322731592042,1.8706587595341
"2014-10-23",-0.0432360840021294,-0.0501895329480127,-0.0570602133353282,-0.0593417465927217,-0.0270341945705637,0.234190898860507,0.456852180552616,0.779805911737664,1.51220224091472,1.86281051938325
"2014-10-26",-0.0653205429078888,-0.0784155180828907,-0.0931644894398443,-0.10704922475469,-0.0854465956612225,0.189909417820992,0.430065920571523,0.771064953910966,1.50048859094534,1.82873751759772
"2014-10-27",-0.0610810209238097,-0.0754041917442092,-0.09166867448331,-0.107586749157999,-0.0871718372687383,0.193777404295331,0.438075825824972,0.782090299550774,1.50569253755625,1.82627635635074
"2014-10-28",-0.0661626562780988,-0.0790333478363305,-0.0933393593182235,-0.106029773911467,-0.0812641489808459,0.204342649715269,0.449504063086655,0.794723850174015,1.52448552415518,1.84977324919385
"2014-10-29",-0.077155882926372,-0.0889493987938786,-0.102069119780003,-0.113698434437683,-0.0905899527248517,0.178325710131843,0.412402870407749,0.746445120459285,1.46952660744131,1.79876249022259
"2014-10-30",-0.077116423776508,-0.0903428387119332,-0.105384169025085,-0.120130210061616,-0.100951580580895,0.166331932129368,0.402638559220083,0.740672752472903,1.47167597236906,1.80360601596462
"2014-11-02",-0.0734250689379186,-0.0871290098239948,-0.10275067026709,-0.118232914549665,-0.099241893863108,0.172307449461232,0.412332891315592,0.75503718413106,1.49313019901767,1.82697178351622
"2014-11-03",-0.0694213076053987,-0.0746718401301339,-0.0795634047811746,-0.0796749321375231,-0.0483726290381842,0.191159917983525,0.397746256583642,0.703554684292347,1.42778095050116,1.79046233433174
"2014-11-04",-0.0707568366350312,-0.0843271541433884,-0.0999540792916977,-0.116057580462929,-0.0999505966602202,0.159565247381758,0.393479273930824,0.731586392750607,1.47399423592539,1.81542113720469
"2014-11-05",-0.0579853669241919,-0.0646866215192831,-0.0715071692176937,-0.0746782918617938,-0.0469029427432434,0.194109131876056,0.405927896191729,0.720500957073482,1.46427312076286,1.83494926636208
"2014-11-06",-0.0612226032143736,-0.0766571656540025,-0.0948419963652566,-0.115294320903197,-0.10541065824184,0.146953046271259,0.380405165107348,0.719563515488343,1.46511664382174,1.80738836368999
"2014-11-09",-0.0509931265099028,-0.0661278006895784,-0.0839193979812279,-0.103768123640516,-0.0932711322066904,0.158165946944354,0.390024025375392,0.726586377307238,1.4659753718696,1.80532784953133
"2014-11-10",-0.0597907339176906,-0.0743253602956084,-0.0913130632813784,-0.109855056869259,-0.0976628949316941,0.155248405178782,0.387204656226594,0.72405118226223,1.46628965176665,1.80815323386137
"2014-11-11",-0.065276621209948,-0.0796678059006672,-0.0964854463987839,-0.114831982501598,-0.102711405722419,0.147945196899539,0.37779126546591,0.711557059686305,1.44698025021096,1.7856995094707
"2014-11-12",-0.0536451893457487,-0.0692200893958034,-0.0877459200863022,-0.109270511556808,-0.102596972042663,0.137789627419349,0.364452049580116,0.696625821846562,1.43555416273681,1.77805698084449
"2014-11-13",-0.0627767416948656,-0.0769394933737033,-0.0936269526186062,-0.112359117177821,-0.102847962726426,0.13474992693494,0.356571481362702,0.682017418605483,1.41053288027005,1.75067858041825
"2014-11-16",-0.0506073026022759,-0.0659668670000081,-0.0841765896577191,-0.105104055285801,-0.0974314203541956,0.144035433771157,0.370018359615004,0.699936333288695,1.4297854781693,1.76651057005585
"2014-11-17",-0.0343352173017309,-0.0504724324158936,-0.0697405334672523,-0.0924437276701149,-0.0872644312869751,0.151137156323588,0.376389298819126,0.705427916730912,1.43166334052878,1.76563866973956
"2014-11-18",0.0185100528122395,-0.00468338297155479,-0.0330693464005056,-0.0694795899648601,-0.0782935001945846,0.165969023637915,0.402857462227051,0.741451697632055,1.44921593904495,1.75790597829143
"2014-11-19",-0.0291341224867447,-0.0447270284308139,-0.0631076948256913,-0.0838606530424004,-0.0745527183671076,0.173064603557368,0.400289140906384,0.727355421123104,1.43412476657574,1.75354829499016
"2014-11-20",-0.0466918254151957,-0.0605679601613253,-0.0768295243761406,-0.0947461448365707,-0.0838687075077507,0.154774985060336,0.374922944697524,0.695708985767835,1.40627137485724,1.73502590191405
"2014-11-23",-0.0498753205461987,-0.0628407191772716,-0.0778498447548401,-0.0936229239880341,-0.0795974876073779,0.163498478274533,0.384935027403503,0.707098924546852,1.42180498314765,1.75344885270119
"2014-11-24",-0.0401465784658488,-0.0542714937832213,-0.0709629629844943,-0.0899065372230777,-0.0815205814327583,0.149015620474983,0.364669128178414,0.680646834776603,1.38536007927509,1.71311645118432
"2014-11-25",-0.0413501678663352,-0.0560255086352092,-0.0735233607216654,-0.0940121900049658,-0.0884608324228178,0.135329460651721,0.347653095288289,0.659894504080842,1.35817529385882,1.68331971577132
"2014-11-26",-0.0520512040992066,-0.0639651402545872,-0.0779314438154436,-0.09327182793745,-0.0832730794131117,0.131179772689431,0.33251966495367,0.63136593547166,1.31647740989809,1.64394988250695
"2014-11-27",-0.0533556705233762,-0.0654839366991043,-0.0797488526987182,-0.0956111273324445,-0.0864020045664567,0.127006004184403,0.328245068405932,0.627292045885101,1.31347319329809,1.64158526004657
"2014-11-30",-0.0595929867561708,-0.0663860204122286,-0.0733537986865161,-0.0768924213826898,-0.0503592080734442,0.181165766199642,0.382207028664691,0.676750016201204,1.35478965992152,1.683671944324
"2014-12-01",-0.0637822552389278,-0.0733334339060777,-0.0839180725990642,-0.0930468218243393,-0.0725961512929381,0.161442146539009,0.369382505762509,0.672838475135249,1.35779184064476,1.68222177677982
"2014-12-02",-0.0632111975825301,-0.0746071050229089,-0.0875942201080245,-0.100377970236753,-0.0836804154235513,0.153496123532659,0.367111108498942,0.67805156193959,1.37180825998287,1.69600383441971
"2014-12-03",-0.0917745870956557,-0.0982453108712385,-0.104569586313212,-0.106338719432886,-0.0749280361613343,0.174324619986332,0.385665815858365,0.691250955695796,1.38093386512267,1.70968096321117
"2014-12-04",-0.0656622500139728,-0.0751504234617411,-0.0854756711158768,-0.0935924830767443,-0.06977241536491,0.177292692945926,0.392344422910534,0.702364007732477,1.38893294099719,1.70871913844712
"2014-12-07",-0.0757452690009974,-0.0843932486205654,-0.0938610370344272,-0.101503308082744,-0.0803669438843758,0.146882234370174,0.348553873708124,0.644163485970417,1.31860083474363,1.64166931783076
"2014-12-08",-0.0778403428012433,-0.0857948101023364,-0.0944059746443723,-0.100922702565055,-0.07940580223579,0.140820752621916,0.335417706875295,0.62073443792793,1.27337056184864,1.58702612307502
"2014-12-09",-0.0864248034746794,-0.0928487235304817,-0.0992492411706302,-0.101660062087126,-0.0732176689613914,0.158297503339569,0.354284049980032,0.636233713912587,1.26551549718289,1.56206969480922
"2014-12-10",-0.0943480921466267,-0.0997520409618866,-0.104817699241889,-0.105172662409569,-0.0745073969387411,0.156170006867632,0.349849842876142,0.629045840638188,1.25762454868935,1.5569076426274
"2014-12-11",-0.0990286505244629,-0.104754510685034,-0.110359795811425,-0.111978338918373,-0.0844403915306837,0.134202760603735,0.319243024672688,0.586244689482739,1.18644675699351,1.47142439571731
"2014-12-14",-0.0929614364945815,-0.100307659315739,-0.108089839234706,-0.113248330095523,-0.090181554536796,0.126847226003247,0.314823144493972,0.587115189938528,1.19816526050926,1.48683800873234
"2014-12-15",-0.101625395464882,-0.108025970396187,-0.11466267894599,-0.118386694346966,-0.0950664580231001,0.112715465242604,0.29268369743348,0.554989666005027,1.15217353543534,1.43856483306067
"2014-12-16",-0.0889107781127054,-0.0973627711302056,-0.106788519691961,-0.115167301945025,-0.098202298962245,0.103856598586775,0.284598727240713,0.54930450414988,1.14994161248823,1.43573021737654
"2014-12-17",-0.0921384310874449,-0.102119620403353,-0.113437750337329,-0.124340595128691,-0.108562397850277,0.104938523451017,0.296361106569696,0.574647696266242,1.19495149553704,1.4847000229831
"2014-12-18",-0.0806987496978005,-0.0913387485025935,-0.10376112686429,-0.117191838997922,-0.107147178854068,0.0906987652664337,0.275882620954978,0.550971908830336,1.18356988631161,1.48701447155331
"2014-12-21",-0.0410961040656946,-0.0585641404371418,-0.0800357402341883,-0.107804705192475,-0.114807935105569,0.079276743919252,0.274396616509073,0.562765317842035,1.20146113712053,1.49440882964418
"2014-12-22",-0.096797751042789,-0.107777393870085,-0.120556356104368,-0.134230852521701,-0.123308186313324,0.0814676084981516,0.271202509972046,0.550863546118485,1.18531639145473,1.48582050380885
"2014-12-23",-0.175377950874068,-0.175783130052473,-0.174239675306803,-0.164202964959237,-0.121637827093402,0.10712991576807,0.288994445651068,0.551591386029496,1.16300172174943,1.46786942740277
"2014-12-24",-0.181185009037456,-0.181526009860526,-0.17995582676727,-0.170079338908364,-0.128454823771273,0.0956471047440365,0.274643296880862,0.534400433712975,1.14531475466633,1.45316437295804
"2014-12-25",-0.155582827555806,-0.159689836190503,-0.163270293944697,-0.162088179849079,-0.132652154319845,0.0790183644549994,0.258406573440942,0.521414780004696,1.13531425017989,1.43874021378761
"2014-12-28",-0.102253786677927,-0.114377534074195,-0.128881725174137,-0.146008118815922,-0.141809338228485,0.0461989563916274,0.228136415741235,0.500343562720484,1.1281415563983,1.42900998171902
"2014-12-29",-0.133618454781093,-0.14070356813085,-0.148442463611316,-0.154566272615311,-0.13636537465491,0.0587896648101823,0.234672216899752,0.49673592877536,1.11376817800814,1.41873016530005
"2014-12-30",-0.110720337206226,-0.120560434400997,-0.131931422295435,-0.143755755718327,-0.132216162731937,0.0608201224513424,0.238632044659483,0.500755600927083,1.09703930846141,1.38044824283481
"2014-12-31",-0.0806145133020732,-0.0951416423785353,-0.11287755395727,-0.135314759993689,-0.13832801513431,0.0400400362055822,0.217348782267434,0.480642765200952,1.07202885326145,1.34726838231582
"2015-01-01",-0.0136522189040931,-0.0387065039266544,-0.0705761514182612,-0.116042516207819,-0.148795623322475,0.00904837965336125,0.193177666459727,0.469126391803186,1.07181047073788,1.34161004512514
"2015-01-04",-0.103064267087337,-0.112030750871854,-0.122494435458799,-0.133748037963034,-0.124724724326302,0.0487949260604,0.21337361327805,0.461437403746652,1.04808207259202,1.3373741800302
"2015-01-05",-0.120495492152532,-0.126414799135848,-0.132967797109008,-0.138515130602868,-0.124829215390892,0.0329461944066454,0.178019121737536,0.397282829942922,0.926510385094897,1.19446390320915
"2015-01-06",-0.134034880428307,-0.139338253764397,-0.144937686413324,-0.148487646226398,-0.130554707569854,0.0404389224602371,0.193742401268316,0.423712804346439,0.975447881433026,1.25401114489426
"2015-01-07",-0.116595611188456,-0.12562843138027,-0.136095122956899,-0.147073267883839,-0.136781565302715,0.0413106357720843,0.207228917222469,0.454175324943721,1.02567575821489,1.30178335255901
"2015-01-08",-0.128257196869222,-0.136246765207448,-0.145360095508057,-0.15430791970524,-0.142106715026806,0.0322903190966639,0.19287839728588,0.431860753415905,0.987531382441305,1.25771781007702
"2015-01-11",-0.121346409539738,-0.130232326024534,-0.140568633558573,-0.151581164575707,-0.142342699962157,0.0277709058541541,0.186625450957095,0.422833143282328,0.967756579512238,1.23008514405489
"2015-01-12",-0.115953358570617,-0.126186385944458,-0.138270809912738,-0.151927204870287,-0.145387629448078,0.0264705296891324,0.188403168701166,0.4277347142524,0.970376214160539,1.22674080194294
"2015-01-13",-0.136354470808758,-0.143527374396084,-0.151727309306803,-0.15982656827653,-0.148915906914677,0.0103055336687078,0.15896260510386,0.383041110100523,0.916679465041197,1.18236290578856
"2015-01-14",-0.147523930153094,-0.156805514922594,-0.167803702028334,-0.180337904545643,-0.174633876710933,-0.0153361443461418,0.137948053177573,0.368814442863963,0.910582096198511,1.17509648046669
"2015-01-15",-0.15000294944997,-0.161008032689247,-0.174212177776658,-0.18997041405796,-0.187097508485793,-0.0224927541841673,0.136975546992245,0.374796802511472,0.919105440558009,1.17790606658207
"2015-01-18",-0.151621245973981,-0.162064788795276,-0.174597028481059,-0.189541980586866,-0.186636159221997,-0.0276848297881641,0.127254478358858,0.35988958928553,0.899194315019414,1.15880766018354
"2015-01-19",-0.142390261761475,-0.152545155116675,-0.16465262939767,-0.178789650588269,-0.174500156463673,-0.013730975433811,0.140651714990071,0.370775294874719,0.898675093629934,1.15050671526685
"2015-01-20",-0.141978024174125,-0.152299076367539,-0.164295842945492,-0.177120187934148,-0.167124184435994,0.0190936247969937,0.188720800686719,0.434604781125597,0.975669051074895,1.22472907817309
"2015-01-21",-0.148475515453771,-0.156957741721072,-0.16685594874757,-0.177510312591732,-0.169088210379119,-0.00657317707664729,0.146970365298608,0.37745183458589,0.918227343625527,1.18281138245989
"2015-01-22",-0.134317326402044,-0.14419387794426,-0.156360455808467,-0.17206824496058,-0.175063689999414,-0.0476804809041793,0.0866748038153359,0.296726868952424,0.814764831105897,1.07851757214528
"2015-01-25",-0.143807476079941,-0.148515179616677,-0.153688054369036,-0.157849148014243,-0.145588729870715,-0.00778728251317218,0.121838431940321,0.323027173378782,0.835686965880551,1.11068331926413
"2015-01-26",-0.124846843540518,-0.132825917081239,-0.142335903989562,-0.15336310846475,-0.149184741388969,-0.0123502538476079,0.122418678842581,0.329173969994574,0.830701191369649,1.08361290810584
"2015-01-27",-0.1398660022594,-0.147473520967231,-0.156618898781658,-0.167515548934214,-0.164859535028836,-0.0386333302650619,0.0888571378777308,0.287677260744091,0.783680953278091,1.04075146433649
"2015-01-28",-0.146377872639489,-0.154469266491492,-0.164184340944051,-0.175738601506878,-0.172982967390908,-0.0419206825636563,0.0887234327037613,0.289784879084891,0.778678198058975,1.02548722168885
"2015-01-29",-0.139482549974304,-0.149025963377849,-0.160888262278991,-0.17662040447532,-0.181724595373084,-0.0701424151040811,0.0506631211032967,0.240719952676415,0.711625779480612,0.9518753273233
"2015-02-01",-0.149150719759128,-0.156830255029395,-0.166188462326835,-0.177852535344216,-0.177857712836819,-0.0649301597685896,0.0519621080117822,0.235158303716296,0.692893738243352,0.92979569509355
"2015-02-02",-0.151998165063448,-0.160286751730044,-0.17029544392413,-0.182436739882867,-0.180897429635632,-0.0541909714616966,0.0729803424107762,0.268437682400387,0.740926997410579,0.977760469476071
"2015-02-03",-0.171603921248833,-0.179732257213609,-0.189334449198222,-0.200167737377582,-0.19467897297491,-0.053622793946446,0.0809945772538934,0.282660640093401,0.751691544987512,0.978793369624797
"2015-02-04",-0.169412908879455,-0.178741797154356,-0.189814195012937,-0.202576149694233,-0.198019057504578,-0.0506432839652134,0.0881436924700907,0.29185052302197,0.746760246094142,0.958452930624571
"2015-02-05",-0.142870940097613,-0.157594730538281,-0.175747265001296,-0.199504003124787,-0.207301761601715,-0.0594696291774968,0.0883231308364431,0.302862777712558,0.76138912412241,0.964913306869774
"2015-02-08",-0.155272493856349,-0.168208143634025,-0.184076149410416,-0.204496699893464,-0.209304940985489,-0.0659479637393762,0.0764965537042457,0.285137403853178,0.740322831152006,0.946349602809692
"2015-02-09",-0.16348842760368,-0.177847869950569,-0.195373644409389,-0.217657960640578,-0.222052443913279,-0.064935799841506,0.0865588439555424,0.303267718804507,0.757796785246948,0.956732768352006
"2015-02-10",-0.0644251271035759,-0.0977275066872842,-0.139972073150622,-0.200340511280511,-0.247486367495668,-0.0983339719203576,0.0719226992630753,0.308014758024508,0.756807779636655,0.936540330713778
"2015-02-11",-0.154175715708688,-0.170546918668832,-0.190993384608305,-0.218777470923434,-0.23287504612328,-0.0962323319550428,0.0468940897511529,0.255904929909476,0.701910548895679,0.898891279431275
"2015-02-12",-0.154929257317401,-0.170340312802304,-0.189474645288777,-0.21503146898382,-0.225864525359296,-0.0839797624502514,0.0614767206269319,0.273812550640346,0.729398854609472,0.931931836325093
"2015-02-15",-0.161784769921478,-0.176206359715918,-0.194078442030585,-0.217787255818781,-0.226871553555869,-0.0859526239772825,0.0584646530891075,0.271065106602149,0.735233184217718,0.944918061110934
"2015-02-16",-0.170884531753799,-0.18327225988078,-0.198291624695093,-0.21693750855947,-0.218007202188076,-0.0634889464954671,0.0854944659614245,0.302153198646947,0.772415443749981,0.984818955214333
"2015-02-17",-0.178768260768616,-0.182326151736206,-0.185526095576507,-0.185048159688466,-0.161980166459033,0.00539743224993672,0.145482304956308,0.347805680889142,0.806112880128931,1.02585053600451
"2015-02-18",-0.0858555822077779,-0.0786017340433993,-0.067680889738885,-0.0457080518030945,-0.00133247616859865,0.133536708264425,0.223351722532467,0.355599465405886,0.754513863027389,1.07317694473159
"2015-02-19",-0.183800197220876,-0.196562386280024,-0.212240656239793,-0.232432392037418,-0.236793058252523,-0.0864915243796978,0.0662462988310275,0.295577038833206,0.819185008879752,1.06631188786635
"2015-02-22",-0.16917399308639,-0.183799247831146,-0.202029069560873,-0.226537519633379,-0.236966348840447,-0.0926191498890279,0.060890778064339,0.293360587554767,0.825892920003883,1.07698104321828
"2015-02-23",-0.179828653034055,-0.1937463279633,-0.210979944410152,-0.233711159119344,-0.241316125465724,-0.0923838463933245,0.0623525738475096,0.295441149682336,0.827379997173175,1.07779230568288
"2015-02-24",-0.17613507193715,-0.190183423216172,-0.207828680632458,-0.232028117373618,-0.244328955799472,-0.113285125247088,0.0316159280545886,0.255396859424464,0.783565930743575,1.03921068598333
"2015-02-25",-0.162763743774789,-0.180107532497692,-0.202178472321845,-0.233601841662203,-0.255340608986473,-0.132423162789648,0.0122877439685127,0.235249351675055,0.749176090648731,0.990938421965558
"2015-02-26",-0.165697932299411,-0.181831868477031,-0.202176242844274,-0.230440528555781,-0.246878405552199,-0.113753236774933,0.0348349749101176,0.261306726215645,0.779462257511292,1.02247635356716
"2015-03-01",-0.19479187753403,-0.205487902398693,-0.218459521263109,-0.234474359808671,-0.234294195260329,-0.0856704984616693,0.062228313388405,0.285459357759552,0.80498618709607,1.05550449648247
"2015-03-02",-0.228472438547414,-0.234831380571894,-0.241902368905863,-0.248056338419055,-0.234370762915842,-0.0733655363423791,0.0731045500450688,0.291625377317394,0.805488927495954,1.05877995084403
"2015-03-03",-0.245620333176391,-0.247691815845006,-0.248952747023307,-0.245485063533604,-0.218994318298148,-0.0490087294880847,0.0932832688157369,0.30315118025273,0.803676761593448,1.05764182670262
"2015-03-04",-0.213997886657929,-0.222644798154516,-0.23280306456809,-0.244061562709062,-0.237384897568721,-0.0858069943761114,0.0562954684960418,0.266409262399134,0.744222462005119,0.970772001134132
"2015-03-05",-0.228005716285343,-0.234988476937888,-0.242652274731861,-0.248968914616579,-0.232833935026897,-0.0585986722400872,0.0934715263053151,0.312485385502907,0.795886579007252,1.02020451902318
"2015-03-08",-0.242607109688653,-0.24681792965323,-0.251110957344857,-0.253149169563319,-0.235937658251051,-0.0865425839029985,0.0442782189699671,0.237794877029471,0.691805088026507,0.916287254378157
"2015-03-09",-0.211466687749407,-0.221574737794065,-0.234039368736063,-0.25026560211276,-0.254564639248333,-0.138829098365686,-0.019579948836966,0.160639605571669,0.576023143394189,0.773657333877422
"2015-03-10",-0.245589543776245,-0.249771894434877,-0.254332602736379,-0.257901797678923,-0.246928173224035,-0.129906559189957,-0.0241248083102842,0.134070756169027,0.509308513271256,0.696176139910415
"2015-03-11",-0.261592916464151,-0.262962099584117,-0.263501486002864,-0.259698900393853,-0.236361627089637,-0.0962794770848347,0.0172587547600271,0.18086929052913,0.555692157473213,0.738576283857089
"2015-03-12",-0.23358056305284,-0.239290503932864,-0.245607232496115,-0.251041093595229,-0.238978365451179,-0.103125400217818,0.0154737032797957,0.185691469494111,0.558429733223043,0.730028232749096
"2015-03-15",-0.267914877546626,-0.266373270500986,-0.262784834919553,-0.251547517815571,-0.216341014299599,-0.0591942069651509,0.0554121496223167,0.21261546535547,0.551266469261248,0.708861617808449
"2015-03-16",-0.20294299888149,-0.20944870823062,-0.216734264025095,-0.223428751512698,-0.211997037377235,-0.0729152117759879,0.0471627653725942,0.216521086927478,0.57496351955515,0.7348196199479
"2015-03-17",-0.207413008203742,-0.215299917447228,-0.224723611342585,-0.235857551630786,-0.233503909827517,-0.118231093581102,-0.00935704166085621,0.149445381026782,0.498863905890245,0.659076866776788
"2015-03-18",-0.215453844463357,-0.222344857619032,-0.230485957623374,-0.239717265649836,-0.235584759751374,-0.122909285256904,-0.0175467371937897,0.136816603876605,0.481062545718621,0.64116355796244
"2015-03-19",-0.232172049737297,-0.238453279282954,-0.245743814524528,-0.25347989102133,-0.247019974507933,-0.1304629696501,-0.0237205442882194,0.132084549082032,0.47951206441503,0.6414559195153
"2015-03-22",-0.209164999045921,-0.216410007610967,-0.22480839246622,-0.233731192212465,-0.226696997105987,-0.0995093863292617,0.0140646759908079,0.175724891882673,0.520225034446318,0.674306352451022
"2015-03-23",-0.236934478241659,-0.240385560836137,-0.243616720227261,-0.243879239637395,-0.224861184091527,-0.085765955834569,0.0273242321210994,0.185499397500143,0.522588782661606,0.675030726585701
"2015-03-24",-0.201055052533336,-0.212850911894878,-0.227029994492646,-0.244320219519443,-0.244765222532258,-0.1092789556237,0.0132364845537286,0.18152361209602,0.513509443032146,0.652030836914364
"2015-03-25",-0.208951262081865,-0.220681048306798,-0.234876167714058,-0.252509488796087,-0.254283301393884,-0.121748727938951,0.00157652044937262,0.174182496324277,0.524464914780234,0.673826094677756
"2015-03-26",-0.228461476273566,-0.235662986233483,-0.243970880791058,-0.252638940439591,-0.24490514914845,-0.115351032099202,-0.000560188036749731,0.16221742964303,0.507307602568328,0.661025630810741
"2015-03-29",-0.232202959187444,-0.238935355936156,-0.246568729258591,-0.253997572846851,-0.244240534436263,-0.111948177396789,0.00262271471925579,0.163471517978772,0.500134047700528,0.648665048663537
"2015-03-30",-0.229653164537685,-0.237946765369026,-0.247750385860225,-0.258966738776884,-0.254990480955243,-0.13147098713268,-0.0192920670872602,0.139829253627504,0.47436718477507,0.621874141316425
"2015-03-31",-0.234886194439713,-0.241495216780718,-0.249160100943465,-0.257297538774869,-0.250712404124624,-0.131891080378391,-0.024658813757337,0.129593732976764,0.464566532876417,0.616941083345934
"2015-04-01",-0.242318913174535,-0.247739525734579,-0.253745823088695,-0.25895913014858,-0.247759066165061,-0.120502083807932,-0.00956297516906679,0.149313802781155,0.49572376661992,0.654549937887374
"2015-04-02",-0.22691276788045,-0.235649475541334,-0.24609382596718,-0.258479540553031,-0.25626256841073,-0.132798925040221,-0.0171568771765534,0.149814796407366,0.510357725182644,0.672855706036729
"2015-04-05",-0.233156327646094,-0.240273157056522,-0.248638847275473,-0.257954310540083,-0.252831058290541,-0.132207556087871,-0.0202177537548253,0.14354626529423,0.508243193429304,0.677752891630737
"2015-04-06",-0.237183530900086,-0.245268956136332,-0.254836977491814,-0.265783308425134,-0.261633753511119,-0.136005250808049,-0.0197747488078888,0.148203510468486,0.513265964736706,0.67901706087523
"2015-04-07",-0.24965052742105,-0.259185859048176,-0.270628797447029,-0.284391590334004,-0.283064318971672,-0.155357878888689,-0.0356417083428898,0.136268391746555,0.503085646247404,0.666566672459551
"2015-04-08",-0.234797010143674,-0.245790395710144,-0.259133185465643,-0.275810523160024,-0.277698746738532,-0.15037226771902,-0.0293758304479166,0.143113854997966,0.504026437169382,0.661837667217603
"2015-04-09",-0.243210736919014,-0.252737907076913,-0.26418938577588,-0.278041352683203,-0.277155669706709,-0.152288481619133,-0.0351219598632428,0.132826672616106,0.489733567240873,0.648185263787115
"2015-04-12",-0.250593589004311,-0.25936961283683,-0.269638966088824,-0.281013736583955,-0.275216850903508,-0.140676274764924,-0.0221509698942922,0.142619143659473,0.478358736139989,0.622682130277183
"2015-04-13",-0.255936000984961,-0.264898083346543,-0.275410931737661,-0.287182276478785,-0.282031617604667,-0.150297332401827,-0.0347933046243571,0.124528500193619,0.444553188180591,0.580467848804587
"2015-04-14",-0.26593523107653,-0.270767423682141,-0.276122613278492,-0.280774603207864,-0.270808312339364,-0.157454377505391,-0.0586239942028706,0.0829164791039872,0.391534756285158,0.533035309903508
"2015-04-15",-0.25882712986615,-0.265728530430331,-0.273831906259787,-0.282873522835592,-0.278350850583685,-0.168687926081149,-0.0695743117144182,0.0714373200145906,0.370304178488824,0.503132689267695
"2015-04-16",-0.257516664297574,-0.264274282569045,-0.272225500176386,-0.281169688301055,-0.277132274254807,-0.172115837770038,-0.0771462381547063,0.0577232652605601,0.3424086077543,0.46844860250875
"2015-04-19",-0.282908797158067,-0.283930592442733,-0.284272628193693,-0.281131663228867,-0.262604909539177,-0.153566120305044,-0.0663809229954567,0.0578501877062102,0.336755665257679,0.470189780899146
"2015-04-20",-0.261205516195106,-0.266554816476414,-0.272472855820255,-0.277624779488025,-0.267011528634755,-0.148632670262989,-0.0484540213517388,0.0909900368526254,0.380108008608587,0.506858152768067
"2015-04-21",-0.270515001988899,-0.27423927326659,-0.277685114015958,-0.277834881089989,-0.257376266153442,-0.114657151788623,-0.00354427662561008,0.145989415355633,0.444248051841114,0.571614497732363
"2015-04-22",-0.27014317051901,-0.273178789280863,-0.275812489677206,-0.274991570170206,-0.254345664625836,-0.114996660410997,-0.00480813930319063,0.14663735285448,0.460849766866241,0.599789364266586
"2015-04-23",-0.288859833074573,-0.288374312759795,-0.286405031347847,-0.278498119092031,-0.250109179380985,-0.11206942558088,-0.00785130319167704,0.137505193713729,0.457241288078461,0.608420722635596
"2015-04-26",-0.313229752869779,-0.311338578658144,-0.307392878314764,-0.29596224898166,-0.261939275711539,-0.113991805685799,-0.00615088310991918,0.142850497416206,0.469897539950408,0.625257405964989
"2015-04-27",-0.305941137775477,-0.304759035553968,-0.301831177861887,-0.29227212841243,-0.261352392445974,-0.118273146832974,-0.010912105645998,0.1397882757554,0.477951872384138,0.641600946389169
"2015-04-28",-0.305853065852871,-0.299107244414191,-0.28834524530454,-0.264789537568487,-0.211441923511197,-0.0292775778108791,0.0917767131708331,0.25548610453922,0.618748023029751,0.797803773722358
"2015-04-29",-0.298748592424502,-0.292988279978553,-0.283217646169385,-0.26014305557148,-0.203351202553941,0.00330980052929519,0.140552986238169,0.320838277766976,0.690635639784428,0.857112062378991
"2015-04-30",-0.29018597495204,-0.287757892965225,-0.282282855379945,-0.26560509062723,-0.214954537821659,-0.00131791390349972,0.145861894426417,0.338004142700782,0.71759395530322,0.880917246959743
"2015-05-03",-0.304022364761576,-0.298421523776783,-0.288370176645989,-0.263151238258502,-0.197551990220109,0.0485685412917204,0.210564044734791,0.4187074154744,0.825194294313276,0.99948298784877
"2015-05-04",-0.295581459253555,-0.292129896807486,-0.28460926529563,-0.262330653809494,-0.196455432753281,0.0706415553136285,0.248093837411158,0.472974439811608,0.896201134648637,1.07119573073441
"2015-05-05",-0.287879381919411,-0.286144952854103,-0.280538197920856,-0.260044350059394,-0.191693689365913,0.104022132975264,0.303262777195226,0.555240082826387,1.02410393373697,1.21567164538584
"2015-05-06",-0.282228962965301,-0.281501463138517,-0.27728984258872,-0.25923559309011,-0.194748247047409,0.0930267977488672,0.287938700407664,0.533960275467878,0.988722276145386,1.17335604906026
"2015-05-07",-0.289496613896648,-0.287621521319892,-0.282220033973739,-0.263364726969334,-0.201558531988148,0.0677351340589282,0.252648098393567,0.491012301479539,0.949286936188739,1.14157891802699
"2015-05-10",-0.2857741925389,-0.28496602563504,-0.28062242260253,-0.262239305876446,-0.196712881081048,0.0976135024589897,0.29884664001634,0.555043185377189,1.03533143119337,1.23248004868807
"2015-05-11",-0.284258291242917,-0.283569512353662,-0.279020034300371,-0.25908017276887,-0.187329286439813,0.133071486080886,0.349501338942282,0.621854193665041,1.12266621463991,1.32516408377752
"2015-05-12",-0.288595077179956,-0.287163840007274,-0.281505156862819,-0.259332943289462,-0.182915580161709,0.153661178776332,0.381807599208334,0.670948978216227,1.2098737368167,1.43022108448364
"2015-05-13",-0.290980281281129,-0.288266467438168,-0.281115541180979,-0.257261513020455,-0.181152592974016,0.143666297349831,0.364073119060758,0.646011372557154,1.18201567687412,1.40500995005289
"2015-05-14",-0.295859179855872,-0.292399191495308,-0.284627293354737,-0.261049928418855,-0.1898558599059,0.106786220719478,0.308525782191053,0.568964219318846,1.07385885470033,1.28765636610097
"2015-05-17",-0.26944532606752,-0.269085051916631,-0.265425096386656,-0.248374173486751,-0.184957084969372,0.110444613120287,0.317851267380852,0.587304499032967,1.1086614374136,1.32802487587923
"2015-05-18",-0.287246312594491,-0.286714175763701,-0.282788966120576,-0.265228071615095,-0.201126028411152,0.0918617804833943,0.294401548673667,0.554279579801971,1.04720845199855,1.25135215354744
"2015-05-19",-0.270611697336665,-0.273490546551867,-0.27398702671206,-0.263121018689863,-0.206006637532305,0.089721725489348,0.299041058594864,0.567142185105251,1.06842272759611,1.27288925003719
"2015-05-20",-0.274538318883712,-0.27700624429745,-0.276923826987391,-0.265010933278709,-0.206105776857196,0.0940677664511909,0.306139955399417,0.578095623291215,1.08827703320118,1.29700469196145
"2015-05-21",-0.271401007708937,-0.273529819608936,-0.273145191277187,-0.261248509665704,-0.204107161812514,0.0859778415861433,0.291780076267356,0.557066732464479,1.05930513948868,1.26630190026662
"2015-05-24",-0.218002684526896,-0.230581838285279,-0.243787021397424,-0.2527152332269,-0.218832370839707,0.0645019476761288,0.276573284966796,0.545244193650311,1.02678025984879,1.21576686908309
"2015-05-25",-0.260790588180096,-0.26600507453481,-0.270094650039017,-0.266582253285667,-0.223962419339613,0.0382684611703797,0.235062345972897,0.494898286373722,1.00019073776118,1.21201517410102
"2015-05-26",-0.273157620878867,-0.276631073716224,-0.27833301581727,-0.270757829301377,-0.222266465883288,0.0475022637905628,0.24571180536273,0.506176992785759,1.01215988618192,1.22459503747605
"2015-05-27",-0.274694777274609,-0.277885740410886,-0.279307459441899,-0.271623075956558,-0.224298447688248,0.0365776964031812,0.22780892680355,0.478916502749195,0.966436351065395,1.17107003375088
"2015-05-28",-0.278463558652057,-0.281061909633341,-0.281967134049587,-0.27436473066349,-0.230278719664855,0.0129842215105022,0.194015760895909,0.435535247959185,0.917698850464556,1.12490192183318
"2015-05-31",-0.276704073253308,-0.278420607481394,-0.277805645524926,-0.266615170994465,-0.214138068312238,0.0531435397724067,0.244960824986522,0.495100993759756,0.97810178367153,1.18037640337612
"2015-06-01",-0.283083719438439,-0.28451273322127,-0.282678710336845,-0.266739043165012,-0.198697551619216,0.126765799694376,0.350120453182998,0.631565512435922,1.14697206144978,1.35428787101771
"2015-06-02",-0.279622062878814,-0.283077353930037,-0.282769755340907,-0.265454091904288,-0.183012108160187,0.21051733250406,0.470462481187802,0.785477061460897,1.32748936230335,1.53598912475813
"2015-06-03",-0.276147069800756,-0.280545798837246,-0.281771505303159,-0.267812890692371,-0.192486801080879,0.183650429634169,0.436963494162626,0.747339436365923,1.28885592186173,1.49895480368997
"2015-06-04",-0.265127163048527,-0.269658588498876,-0.271094701516596,-0.25754480570735,-0.182719114290678,0.196016091261054,0.453700470408284,0.771921388114804,1.33348084016694,1.55302561311094
"2015-06-07",-0.267417188314673,-0.27215324016684,-0.273653448480032,-0.259510638677075,-0.181539421818342,0.211517615321258,0.477780398090017,0.805386402156282,1.38032895132511,1.6042605605643
"2015-06-08",-0.251582889250245,-0.257792508991467,-0.26074950590162,-0.247306769830389,-0.164848311553654,0.255511492427998,0.537114583018431,0.879043410390274,1.46654854373157,1.6920619559591
"2015-06-09",-0.249791514752787,-0.258082104511039,-0.263693243181984,-0.254101134341468,-0.174921612703305,0.252862559629688,0.54356923085506,0.898087858577884,1.5091311828386,1.74393877758935
"2015-06-10",-0.248539166482805,-0.256093192083811,-0.261217850640485,-0.252484532672249,-0.179981607348757,0.215394564797173,0.486688319509427,0.820209995653822,1.40188179655029,1.62714169271739
"2015-06-11",-0.247479530218246,-0.254912364262121,-0.260275660805019,-0.253205871242121,-0.18686814507835,0.187439695876445,0.449916692305164,0.777847137603933,1.36316558998691,1.5933724558334
"2015-06-14",-0.254569976150846,-0.262038322764828,-0.26732644531024,-0.259783553705925,-0.191984729865978,0.183821950507675,0.443588781188552,0.764426931108773,1.3274744702264,1.54639087476641
"2015-06-15",-0.250542097557917,-0.259159516160196,-0.266308017859203,-0.26278934014419,-0.203208556635445,0.155737261924087,0.4120034422097,0.73466522454776,1.31550850764806,1.54509311202734
"2015-06-16",-0.229450313425543,-0.244100208881471,-0.25884233795422,-0.266142329499386,-0.215943006343969,0.1526806671826,0.418908991212046,0.74934156879882,1.32599471752861,1.54855225138251
"2015-06-17",-0.189347409298222,-0.211382908669906,-0.235189386154967,-0.254667809310754,-0.212684350182322,0.175817208125992,0.456061558881115,0.796044770433607,1.36608768859805,1.58026060757741
"2015-06-18",-0.228460053867754,-0.241055234111562,-0.253605158593315,-0.259132449435621,-0.212325476813815,0.129747824534518,0.38137823554867,0.699429095618519,1.27023888408609,1.49478428303427
"2015-06-21",-0.226828750070775,-0.241967512556832,-0.256931192676018,-0.263147288903346,-0.206580046569739,0.192313412718276,0.477326763060948,0.829083621389981,1.43870972812095,1.67302132548655
"2015-06-22",-0.225445373832694,-0.240200757580228,-0.254946172571282,-0.261721945084715,-0.20860123924535,0.178242772426025,0.459495824657883,0.811136661368445,1.43182075894904,1.67321945091288
"2015-06-23",-0.230680531603729,-0.246383017625501,-0.262547520329871,-0.272109256949993,-0.224110329562871,0.152522858828539,0.430711934074131,0.78095827832551,1.40408509622775,1.64755244861603
"2015-06-24",-0.207082759009968,-0.228289375515624,-0.251409803420559,-0.270954055364504,-0.231733842074204,0.155027557333727,0.4448848070707,0.807279057947378,1.44095016888804,1.68524545513505
"2015-06-25",-0.166134311932728,-0.192724292353821,-0.222517031220405,-0.251208096541499,-0.218573065353112,0.184098118038565,0.487654278568736,0.863480028843677,1.50830012861354,1.75362423333705
"2015-06-28",-0.222530862562598,-0.24114100615598,-0.261475469874397,-0.278681694628998,-0.243254039579731,0.113449513114501,0.388008843152891,0.739393461544343,1.37558657459196,1.62664466039801
"2015-06-29",-0.198257960295863,-0.220536475804579,-0.246121221090565,-0.272934206640353,-0.253338033802028,0.0772017074554152,0.345757264904496,0.696143888091898,1.34301580030055,1.60106917688103
"2015-06-30",-0.252111873645546,-0.268375018712992,-0.285659689011401,-0.298123514054014,-0.256677112197302,0.111020937009017,0.39462578309512,0.76234089947788,1.444402079044,1.71855751899523
"2015-07-01",-0.262274922705725,-0.279867094630298,-0.298663597182173,-0.312726911956654,-0.27063667223137,0.108655296265976,0.398717762141053,0.771180803234973,1.45121170567751,1.7214036813867
"2015-07-02",-0.247996712572425,-0.266534594537751,-0.286964629997311,-0.304883828500042,-0.271777629006039,0.0818626647718294,0.360006419557523,0.721681031495267,1.39191105976532,1.66069619902364
"2015-07-05",-0.245306011223496,-0.266460708625103,-0.29036044619538,-0.313827130897239,-0.287755376309272,0.0592809892321642,0.336162923006226,0.695734967756204,1.35743402475418,1.62109682850171
"2015-07-06",-0.270895440673659,-0.284218846044505,-0.298556828358766,-0.309542676812862,-0.277589642360183,0.0249773366887186,0.265921021342122,0.586238332943848,1.20366319438916,1.45900351888612
"2015-07-07",-0.274276176570687,-0.288476607349445,-0.30345313706602,-0.313792102316223,-0.275866438873086,0.0495851902607347,0.29768924941833,0.616785707433648,1.20178759939276,1.43501668566999
"2015-07-08",-0.287262616901851,-0.299469287648213,-0.31164759161861,-0.316973672140429,-0.270711857896274,0.0733847094016845,0.331726105812996,0.664153939010672,1.27740374552375,1.52339648645626
"2015-07-09",-0.27058429762505,-0.282973579732783,-0.294376469426212,-0.295142979506308,-0.232261915092237,0.172159123566521,0.459670994279512,0.81685060967838,1.44447512535686,1.68818339850131
"2015-07-12",-0.27315310260979,-0.287259202762187,-0.301386828650844,-0.307890644504959,-0.256273187992529,0.127262692256553,0.412207669785771,0.77516260998295,1.43404507106845,1.69528497342659
"2015-07-13",-0.180948640668837,-0.213473179208861,-0.251380320561961,-0.293799895790524,-0.28073505681298,0.0984190659268718,0.398992879428586,0.775727935835165,1.42732428698749,1.67587287486504
"2015-07-14",-0.273535204012676,-0.286460425086293,-0.299727680591197,-0.307191285362579,-0.264621955176386,0.0758626845408057,0.337132631865056,0.677797102224591,1.31785253582731,1.57789162577137
"2015-07-15",-0.279287415809208,-0.291429273755828,-0.303331866083301,-0.307582139136184,-0.257783988378177,0.0997413470336881,0.365634088501953,0.706047965937719,1.32991424174212,1.57907708994722
"2015-07-16",-0.273433426781345,-0.284193100552831,-0.294718589030726,-0.298277914331101,-0.252682545445427,0.0784136725226221,0.329214333614322,0.655741560469224,1.27030327356102,1.52063278597424
"2015-07-19",-0.270151118492278,-0.281608837544073,-0.293075428594566,-0.298196753133332,-0.254813231175722,0.0726776264303635,0.321623813324422,0.645347312096254,1.25237980865035,1.49881687843858
"2015-07-20",-0.268268664442197,-0.280015723654984,-0.291825300852554,-0.297347280556168,-0.253893232937068,0.077209553796276,0.329295007250044,0.657248025100329,1.27241361373169,1.52218396256463
"2015-07-21",-0.251110200652239,-0.265362354160111,-0.28061858103445,-0.292052574943467,-0.257363041938294,0.0607808385267964,0.308968064913559,0.633310152065803,1.24190189858739,1.48854576863501
"2015-07-22",-0.257414867420746,-0.270476219455619,-0.284269984948098,-0.293758246978593,-0.257959008315228,0.054811612259019,0.298795942145923,0.61912579854051,1.22573483277591,1.47341021139692
"2015-07-23",-0.262440603656321,-0.274716917951566,-0.287400728982619,-0.294947361281297,-0.256519802753895,0.0546870705193625,0.292362373153262,0.600407483835457,1.17330784906428,1.40426062805334
"2015-07-26",-0.268766492052813,-0.279467095409258,-0.29013832641119,-0.294729975068093,-0.253490633025378,0.0556435409643,0.290358204007007,0.595471548919521,1.16746463008972,1.39965454798618
"2015-07-27",-0.264638974599097,-0.274010624385287,-0.283058247637409,-0.285514419609077,-0.243118301185667,0.0602957492022609,0.291019442152115,0.593130625527289,1.16752283793613,1.40337187259875
"2015-07-28",-0.269401935557326,-0.280563205186134,-0.291801045953793,-0.297117122423479,-0.255963471751635,0.0594743171736775,0.300634138384082,0.615450851413946,1.20913837022976,1.4511491036709
"2015-07-29",-0.261440885955105,-0.273360846103502,-0.286046617803272,-0.295135261365077,-0.263610862009276,0.0220628546220057,0.248984760193898,0.551179309636627,1.13623213843721,1.37913537034649
"2015-07-30",-0.263449295311584,-0.273369456668307,-0.283289603933366,-0.287635421940231,-0.249382206196256,0.0413627696611024,0.264790340151747,0.558246835050562,1.11745372196006,1.34727225722627
"2015-08-02",-0.218361970042006,-0.236159025962568,-0.25669886592147,-0.278533412207274,-0.263721358635501,0.0044825053600045,0.227536953830847,0.524028986664371,1.08709933374752,1.31632678316608
"2015-08-03",-0.216842506831591,-0.236113019160195,-0.258422977407206,-0.282459655894899,-0.268207307744148,0.0108006200285997,0.242238847543906,0.548138975596842,1.1232671699251,1.35559984394358
"2015-08-04",-0.21360670993158,-0.235573901431592,-0.26079761364591,-0.287270246978563,-0.268449201160242,0.0512014539209436,0.308994114235217,0.642938822327994,1.25262481802412,1.49393848463962
"2015-08-05",-0.215893980779829,-0.236701215367909,-0.260706219728152,-0.286280232238993,-0.269798629495095,0.0326881879895017,0.280748272087124,0.606001455299579,1.21039584996638,1.45254657226739
"2015-08-06",-0.22484370402767,-0.246705183549397,-0.272256688502994,-0.30079716336537,-0.289744975925844,0.000121172332124275,0.242243490787041,0.561170440220123,1.15567655381887,1.39413605821312
"2015-08-09",-0.212150083080525,-0.236131490756033,-0.264215788877689,-0.295880112824873,-0.285649238417229,0.017826762935326,0.26951951013383,0.597828400005285,1.20004882895434,1.43880320192757
"2015-08-10",-0.213127386360236,-0.236477622262572,-0.264138564506782,-0.296515051301331,-0.291975674573457,-0.0166367371218791,0.217951612761371,0.527617930487038,1.10388054122451,1.33442093165334
"2015-08-11",-0.215863681769673,-0.239399506936454,-0.266984437716918,-0.298252867275975,-0.289493853382828,-0.00333681564031452,0.231813658166403,0.535317155602435,1.0828215846326,1.29737875432073
"2015-08-12",-0.210295359219784,-0.233579646366067,-0.260732298754612,-0.290974634610355,-0.279740095581783,0.0145481456503981,0.254404242394353,0.56336808643271,1.11998600346025,1.33801553659489
"2015-08-13",-0.21641064460021,-0.238053158183325,-0.262899353871796,-0.289066292705487,-0.271620019586752,0.0301894793872357,0.269815448742684,0.575563570603773,1.1209948753494,1.33348609486448
"2015-08-16",-0.263819208361011,-0.275032091173294,-0.286547407787741,-0.293068907812314,-0.256443525858924,0.0361168805029954,0.259819274406488,0.5505281631781,1.0938054130145,1.3136413798912
"2015-08-17",-0.248438113241672,-0.261110132256332,-0.274524840015262,-0.283947929912502,-0.250433603522931,0.0430502993545565,0.269782031447662,0.564590944315892,1.11414772643385,1.33588365739674
"2015-08-18",-0.243945572366688,-0.258133953027551,-0.273596337005526,-0.286409820215652,-0.257546474169806,0.0304498799031619,0.255979828999212,0.549615152270651,1.09588531277694,1.31570195283525
"2015-08-19",-0.245751305686463,-0.258636077043219,-0.272735750021584,-0.284582335235194,-0.258557464135075,0.00894044885485568,0.222769718218303,0.506054602853465,1.04758000406341,1.2699181581315
"2015-08-20",-0.266756829071728,-0.279424256107002,-0.29303019655909,-0.303444296400941,-0.273687862059445,0.00279076557259084,0.218112384476648,0.498709496694077,1.02260991163142,1.23412084182348
"2015-08-23",-0.250543210162788,-0.26169618025776,-0.273292213772315,-0.280500772153372,-0.246794320387492,0.0318723387823751,0.246081100293583,0.524869172812882,1.04643364639092,1.25757047845396
"2015-08-24",-0.239817890370074,-0.253874995827712,-0.268302656169286,-0.276670710415111,-0.233166767519691,0.104434762723147,0.352420114584038,0.663355989626409,1.21329352504402,1.42732864832426
"2015-08-25",-0.25142685442047,-0.262702159676186,-0.273800668652735,-0.278018623837232,-0.233088260878066,0.0897959422956767,0.32831759039517,0.631647228486055,1.18164957198005,1.39962625430774
"2015-08-26",-0.244590043077746,-0.256950429376437,-0.269316852261398,-0.274973166805419,-0.229743398417496,0.104595878463506,0.351897243308757,0.665740229601493,1.23229230347515,1.45604817508959
"2015-08-27",-0.24471088219878,-0.254408375130645,-0.263403779205171,-0.264211140803238,-0.214721984728881,0.114337774520544,0.355633455098976,0.663294308360897,1.22546009512788,1.44973049895842
"2015-08-30",-0.269328776380788,-0.275135442511066,-0.278665227263443,-0.269729739961392,-0.204586541463857,0.152993740112198,0.405339852988186,0.724115675970938,1.30424362803422,1.535752810475
"2015-08-31",-0.194125870882468,-0.213951728404982,-0.235521058294578,-0.253624629474773,-0.21676922326632,0.141133707103162,0.406712118221539,0.736106561731508,1.3055456286139,1.52349452465301
"2015-09-01",-0.243016037510142,-0.258914508581442,-0.275186334996789,-0.284569819258293,-0.236122263273109,0.131397039944252,0.395097284505978,0.719235138762258,1.27617534308105,1.48890412732624
"2015-09-02",-0.205890352606459,-0.229092888237434,-0.255356444426372,-0.281656494024561,-0.257340653756271,0.0813296105258752,0.341614095034105,0.667357821675554,1.23388350579902,1.45115182001654
"2015-09-03",-0.188732509422523,-0.209707918485912,-0.233862277285726,-0.25951528683158,-0.24312448899203,0.0531981523799387,0.292171151453635,0.600901136066885,1.16175158566582,1.38292047545149
"2015-09-06",-0.186323489479441,-0.206916213895668,-0.230766894668593,-0.256548531993576,-0.242003959519882,0.0494810359109711,0.289763437270868,0.60523026535875,1.19196612227527,1.4271182587413
"2015-09-07",-0.293890847489275,-0.299104094872238,-0.302638795050319,-0.296296130806284,-0.242860040940369,0.0700162294049151,0.302171643638129,0.607613334836798,1.19997218004594,1.4480165912327
"2015-09-08",-0.25569539771804,-0.266194924326747,-0.276745833664693,-0.281574781261206,-0.241721367863505,0.0657972587690587,0.304162975619422,0.61938469164602,1.22651539256997,1.47807195622973
"2015-09-09",-0.276967507844448,-0.285592305859447,-0.293589551538323,-0.294142128217032,-0.2484155559344,0.0642596993594413,0.301426320698539,0.613068157287633,1.21045146890461,1.45750134314343
"2015-09-10",-0.276254021672985,-0.284363730249265,-0.291969642501765,-0.292847561050072,-0.250615314018161,0.0468559751758961,0.277612922326686,0.586592024063444,1.19716161365141,1.45582779427482
"2015-09-13",-0.25521954581717,-0.267730443919286,-0.281102425137331,-0.290933763927783,-0.258957903335819,0.0357389290378735,0.270371586426858,0.583038110315943,1.18865384397762,1.4401415923791
"2015-09-14",-0.291544777740399,-0.298428323017333,-0.303786313034286,-0.299021505596165,-0.242849943281836,0.0962138504066354,0.346036049908,0.670686875390252,1.28596680558779,1.53872731137733
"2015-09-15",-0.269101481292197,-0.278722926540684,-0.287521047778211,-0.287621516128301,-0.235463947793646,0.109438807983311,0.364561771775622,0.692932319506552,1.30229174989702,1.54820626037053
"2015-09-16",-0.26676719794818,-0.274800073772991,-0.281417447257186,-0.277825073702475,-0.220548416121221,0.128049857417015,0.38074427770727,0.703306416952353,1.29655635028568,1.53470128643973
"2015-09-17",-0.259381995643431,-0.27069241733685,-0.282248038477978,-0.288504397913544,-0.250215318771,0.0524487768881167,0.284264704301791,0.586364347362201,1.15374309546595,1.38422128412475
"2015-09-20",-0.263561547118053,-0.274712156283667,-0.285986549074306,-0.291537885723394,-0.251332784868464,0.0596573015775523,0.297774520401534,0.608753655069985,1.19538991495915,1.43455550105966
"2015-09-21",-0.263582076344594,-0.276589429172953,-0.290779505770649,-0.302483825122424,-0.27500816894245,0.00324475764970578,0.226719245875857,0.524513000476219,1.09950722128083,1.33745880007046
"2015-09-22",-0.29404702229342,-0.300442403325872,-0.305865794107401,-0.303629144533403,-0.259185634327184,0.0268450264546387,0.244181489365874,0.532808429171434,1.09809786546027,1.33623715813507
"2015-09-23",-0.265076014843167,-0.275154275814709,-0.28535529404557,-0.290395327724177,-0.253903684823952,0.0305831626360177,0.250125972875264,0.538831832330609,1.08948118021779,1.3158624691919
"2015-09-24",-0.255522337660651,-0.269057545165721,-0.283468472707224,-0.293971079150676,-0.259963594331727,0.0438695996478093,0.27844239227868,0.582665065217096,1.14706434463396,1.37394160723844
"2015-09-27",-0.245028439579012,-0.260187373398114,-0.277072109618685,-0.292572184063293,-0.268269748547713,0.0130904828606152,0.238690886541199,0.535722177631734,1.09604436518729,1.32358200298598
"2015-09-28",-0.297859825021735,-0.302712451729325,-0.30622593204178,-0.30140695850391,-0.2553993897511,0.0232816631071234,0.234430407727868,0.516749130320242,1.07850676052286,1.31863656536976
"2015-09-29",-0.296043171150422,-0.302091994626936,-0.307153666484958,-0.304655754448629,-0.260893399566804,0.0208559958169424,0.236672601765291,0.525673461773018,1.09990581373461,1.34473011318789
"2015-09-30",-0.30109227871434,-0.307955624250044,-0.314355783434828,-0.314845501090967,-0.277651258793847,-0.0133020816865238,0.195341461218792,0.479390065818974,1.05693134163654,1.30753967929624
"2015-10-01",-0.292793690123549,-0.300283839418744,-0.307584098545194,-0.309760221048771,-0.275660306810191,-0.0201379523612345,0.182505381294554,0.457777306824644,1.01367976721841,1.25325759297008
"2015-10-04",-0.297380207584314,-0.303840288275053,-0.309634835266088,-0.308916655474645,-0.26935578888856,0.00129297417478014,0.213321869439152,0.501322757801661,1.08586663768777,1.3393235263853
"2015-10-05",-0.295741733095499,-0.303148843417344,-0.309972072606862,-0.310127896550609,-0.268983271284898,0.0159498158931486,0.236877590586363,0.533253845903243,1.1213890973658,1.37150349720666
"2015-10-06",-0.280346501368206,-0.29035982062532,-0.300547710581597,-0.305766423642362,-0.26989635363388,0.0157559861374917,0.239540617505413,0.537549192950094,1.11746217139056,1.3596088818678
"2015-10-07",-0.299868459042209,-0.305988684873709,-0.311119366097168,-0.308639417083614,-0.264542823235275,0.0196678016944679,0.237420053592977,0.529033805526957,1.10848995666685,1.35554715285072
"2015-10-08",-0.272905324210919,-0.282845017066126,-0.292898488997863,-0.297775103895951,-0.261010469202886,0.0279300106388446,0.253804110347703,0.554407585858624,1.13909821914913,1.38319449737944
"2015-10-11",-0.240697268158278,-0.256971105779504,-0.275475467941713,-0.293996229530616,-0.274734966152196,-0.000608611661539249,0.224999538574059,0.525533537560088,1.10060865338939,1.33634190970031
"2015-10-12",-0.269733537258467,-0.281446532491671,-0.293959743902885,-0.303106310253858,-0.272748884340008,0.00742102809482681,0.231783401959636,0.53244022851384,1.12023005130001,1.36612025837858
"2015-10-13",-0.231933309437768,-0.250861035745774,-0.273051331386614,-0.297951072676587,-0.287977810183327,-0.0226788160786191,0.205759808720197,0.515144913086183,1.11786512701381,1.36768349668849
"2015-10-14",-0.24125553846997,-0.258430514012286,-0.278253781968797,-0.299243081545301,-0.283990455831883,-0.0134602588953815,0.215171468305617,0.524005789369627,1.1261618157211,1.37629458732727
"2015-10-15",-0.232528601084542,-0.253643540057085,-0.278575894323041,-0.307339793036447,-0.300550444835873,-0.0311750217990885,0.200601457671372,0.511312475788522,1.10486733461375,1.34703206706243
"2015-10-18",-0.229811711309119,-0.250483324322551,-0.274794095499589,-0.302435594574507,-0.29368371067865,-0.0187586413566563,0.216924501634771,0.533390754995767,1.1405200109583,1.38913182015224
"2015-10-19",-0.269978125249622,-0.282983074263075,-0.29685313171174,-0.306954166965627,-0.273514820856218,0.030890126182532,0.271328811608455,0.589606699790995,1.19960247878149,1.45085521268281
"2015-10-20",-0.269593906839863,-0.284111384849145,-0.300252085801805,-0.314859583587498,-0.290060830898913,-0.00653374930283679,0.224346151530582,0.533171097518989,1.13109549691186,1.37879882531862
"2015-10-21",-0.250573381825174,-0.275072673637721,-0.304651668662282,-0.341326848238463,-0.345901377696562,-0.0897316818472823,0.141249979155094,0.454356705407853,1.05703879137797,1.30361216596657
"2015-10-22",-0.232201918623481,-0.259477860350726,-0.292644878605697,-0.33471863918423,-0.344828861722696,-0.0860349829972297,0.1506671476609,0.470870069073347,1.08244872474726,1.33092120000255
"2015-10-25",-0.233878766108745,-0.261871077313844,-0.295982336240782,-0.339555538932467,-0.351586073443625,-0.0953249232350034,0.139995461212772,0.457745521077092,1.06194228757411,1.3065154854105
"2015-10-26",-0.23791514779104,-0.266748593776673,-0.302168802578001,-0.348489016617588,-0.366280176709636,-0.126496601749147,0.0998180686156935,0.407234898985826,0.994082075804133,1.23196327581643
"2015-10-27",-0.273274375872898,-0.298617031343748,-0.329440294837903,-0.368525151713625,-0.377584618884331,-0.132190876424945,0.0935552767755728,0.400965494886842,0.994503621057641,1.2376079163574
"2015-10-28",-0.238251325635394,-0.267173894166703,-0.3019889231642,-0.344998795067389,-0.351054451732698,-0.0704715406325369,0.17418893738558,0.495275760235385,1.08282316109482,1.31465103168314
"2015-10-29",-0.283784715942839,-0.303766796399881,-0.327136130140882,-0.353213124530016,-0.342473803601762,-0.0680164700651867,0.164471247732442,0.474936530883918,1.06644530090852,1.30753798115569
"2015-11-01",-0.284759143460329,-0.303812091919761,-0.325784201096372,-0.34907239348449,-0.332886291649439,-0.0442671964721982,0.195529563148602,0.514196035940029,1.11927189892868,1.36558384006528
"2015-11-02",-0.244579099031936,-0.271392254695522,-0.303398114351586,-0.34182947347869,-0.341498674452109,-0.0490840865724299,0.203153772203635,0.536181999763531,1.15401785779278,1.40042802282233
"2015-11-03",-0.300672627034809,-0.318793613527627,-0.339418355030383,-0.360143241946111,-0.339081406861612,-0.0355992969213469,0.214423481381626,0.547569151678042,1.18516737749816,1.44654860076407
"2015-11-04",-0.304346219639152,-0.320719788133964,-0.339142340086231,-0.356709234187488,-0.332742876946108,-0.0297505709123072,0.220381433474126,0.55702534197523,1.21380110154862,1.48730315290728
"2015-11-05",-0.307521396428191,-0.320112583188563,-0.33325653666815,-0.34151968500682,-0.302901805164566,0.026113580191202,0.286594065786304,0.634520178151545,1.31309350754149,1.59669064478575
"2015-11-08",-0.305301701435348,-0.325840967279025,-0.349485126414405,-0.37428822865882,-0.355055369243411,-0.0285364130742627,0.245760468701093,0.614925471782235,1.33092549333993,1.62719641228201
"2015-11-09",-0.308766262560651,-0.330174063593373,-0.355163458274249,-0.382755023873283,-0.369173448054586,-0.0569887936855693,0.210830324031644,0.573988021527168,1.28398376204932,1.57921896243358
"2015-11-10",-0.315796310790709,-0.337888774654767,-0.3637562842581,-0.392651160650677,-0.38037243329249,-0.0677849520509983,0.200851936117362,0.564502844547731,1.27269840806075,1.56619676697191
"2015-11-11",-0.321931215037565,-0.342532622323535,-0.366319594339789,-0.391604828074473,-0.37418035434678,-0.0588919219850649,0.20518705015188,0.558570470154887,1.23694451568001,1.51535850012042
"2015-11-12",-0.314749193826377,-0.337653955867919,-0.364809394013355,-0.396481272534044,-0.390256628582451,-0.0960579864462209,0.162028931958007,0.51318581885477,1.19949143969033,1.48430227076727
"2015-11-15",-0.324488595630811,-0.344791663660819,-0.368712422339256,-0.395951818344936,-0.386749288670556,-0.103092100313658,0.14581242377714,0.487561201449757,1.16750433206919,1.45390795166394
"2015-11-16",-0.308385331212862,-0.334214711572896,-0.365429584389877,-0.404159359514445,-0.408575103710812,-0.129336920325924,0.125797924810402,0.476328592075078,1.16601829760311,1.45295626623823
"2015-11-17",-0.321065630903193,-0.342542552670545,-0.368115582374979,-0.398322022257413,-0.394027809225089,-0.12079305785539,0.122770002222404,0.457727301431069,1.12296709002717,1.40240219160596
"2015-11-18",-0.309469333364697,-0.333998748661281,-0.363579900929322,-0.400063725614364,-0.403295230807582,-0.135551851628807,0.107111107905731,0.438969494945411,1.08764594588342,1.3562322722715
"2015-11-19",-0.311842292464739,-0.337535667662173,-0.368534427463769,-0.40688598925969,-0.41126419654545,-0.140710445661379,0.102806801694468,0.432770426695811,1.06772301065262,1.3274727600143
"2015-11-22",-0.325167070980793,-0.351092832882465,-0.382085461223922,-0.4193777505818,-0.418837035479755,-0.127228278851649,0.128218741969817,0.470371827357168,1.11954197105901,1.38265581961439
"2015-11-23",-0.325315758740157,-0.349353695069587,-0.377971609252509,-0.411905479881703,-0.408658157493324,-0.12228595603266,0.127918556133818,0.464579314340264,1.10934419251985,1.37264861347601
"2015-11-24",-0.330744926715693,-0.359063935575208,-0.393492129397002,-0.437090702562341,-0.4469252641379,-0.171403333300489,0.0817357605543726,0.426349410415377,1.09159069459464,1.36404445612424
"2015-11-25",-0.323525654075722,-0.35361752996063,-0.390403916772609,-0.437785922432056,-0.452388978287393,-0.18039256983508,0.0731740922189904,0.418572250091734,1.08345511590699,1.35491307314578
"2015-11-26",-0.366673936766682,-0.387589136703278,-0.41253510330813,-0.442126713371338,-0.438333475744986,-0.170816340723814,0.0698160922534338,0.403149258248548,1.07286293710976,1.35674637900649
"2015-11-29",-0.364522024847248,-0.387090488895933,-0.414065903293936,-0.446331185629147,-0.443813121770957,-0.165939908945407,0.0836139462631162,0.42743385938724,1.11114138125343,1.39847346647884
"2015-11-30",-0.344680975081281,-0.371283789726453,-0.403749851927595,-0.445192646964702,-0.455211461328448,-0.187888768127496,0.0646781575314548,0.416815576919353,1.12283731588347,1.42047639282169
"2015-12-01",-0.346378939294501,-0.373699989467062,-0.407078901052105,-0.449843163855354,-0.461031014055062,-0.192117933495664,0.062284388589378,0.416352102215994,1.12353177118827,1.42068173922611
"2015-12-02",-0.316167274872376,-0.329785868142833,-0.344232872082977,-0.354399353812555,-0.317701042990938,0.0101710195746214,0.269211287565932,0.612826344104177,1.27408997425067,1.54738781640628
"2015-12-03",-0.269274584339836,-0.292952060190798,-0.320437008082106,-0.350391721944972,-0.334834667343192,-0.00488866101417129,0.267942257498751,0.626419622004274,1.29350537993885,1.5609115134732
"2015-12-06",-0.306668556282241,-0.324295830003264,-0.344402283492456,-0.364727687126934,-0.344451480098142,-0.0455020803593232,0.203756223505256,0.539270282075343,1.19181007502243,1.46261129675932
"2015-12-07",-0.33132596725655,-0.344530236931655,-0.358917912757237,-0.370631685442008,-0.341515195327098,-0.0465947214922016,0.193990742468404,0.519535016774054,1.16440922067323,1.43678073929106
"2015-12-08",-0.342475248712517,-0.355447995579622,-0.369379358988458,-0.379859769446836,-0.347432390934628,-0.0410614143962567,0.205942265947816,0.53840970149384,1.19270349536528,1.46780069525138
"2015-12-09",-0.360362655977026,-0.372954358836224,-0.386454145426434,-0.396482624779048,-0.364237866897104,-0.0607051191963442,0.185292759388252,0.518247105133128,1.17977140925878,1.46008546733203
"2015-12-10",-0.355642254927067,-0.370107221277908,-0.386198452419253,-0.400731504565888,-0.375448688313785,-0.0846188359659087,0.155451724625512,0.480704657515603,1.12387655740027,1.39481406792843
"2015-12-13",-0.385064401866169,-0.393595121701008,-0.401633426073223,-0.402734867831936,-0.358887759171629,-0.0474620367566828,0.195177800107953,0.521156148070822,1.16875668892546,1.44428695629642
"2015-12-14",-0.391518507707486,-0.398843755368462,-0.404468643429769,-0.399078012413257,-0.338607241153552,0.019525268261065,0.27919399195736,0.612156972850421,1.23006157383658,1.4799068713153
"2015-12-15",-0.386671094219952,-0.395527691354132,-0.403298722224558,-0.401672568564366,-0.346773956717655,0.00645435855868892,0.268731495899784,0.608926060916845,1.24921281591248,1.51051927179287
"2015-12-16",-0.368415006944569,-0.381514047096694,-0.393966495567761,-0.396802420209842,-0.338058051648174,0.0535132750953148,0.332647239209962,0.67872761119431,1.28404082538488,1.51825233012788
"2015-12-17",-0.356982842453306,-0.37222266586667,-0.387240264104443,-0.393298934311635,-0.335843902529577,0.0655661959639722,0.350782960059772,0.70130357560334,1.3051847772535,1.53641689764501
"2015-12-20",-0.344289836468782,-0.362125493736447,-0.380296482860528,-0.390476780642626,-0.335354606410565,0.0750614770260446,0.366207858044008,0.720974779581395,1.32320842153769,1.55153039527632
"2015-12-21",-0.33540543560377,-0.354538293863756,-0.374310003908317,-0.386664503209559,-0.333056258238562,0.0811740612678851,0.375429317270473,0.733087038273624,1.33731951127365,1.56565334868884
"2015-12-22",-0.327007118507239,-0.347616424628992,-0.3692329657431,-0.384174653218528,-0.332686841215314,0.0843864176732874,0.381385823816827,0.741557850628035,1.34721107194508,1.57535457840118
"2015-12-23",-0.324586707005516,-0.344917636496956,-0.366267953898222,-0.381096954781022,-0.330355130449008,0.0836610074044714,0.38011165874429,0.741205684876542,1.35211675697429,1.5830821194652
"2015-12-24",-0.324089894044278,-0.344168562213091,-0.365295696959069,-0.380111028443532,-0.330355439572251,0.079744178415497,0.375110617346639,0.736493653043818,1.35165598133586,1.58509217508811
"2015-12-27",-0.326149588308748,-0.345953198418858,-0.366834508351571,-0.381628078897078,-0.332960373987898,0.0724536801775425,0.366153875477022,0.72709440407084,1.34527577506304,1.58073721963629
"2015-12-28",-0.33550776437408,-0.353396466326188,-0.372025240091744,-0.384123385347666,-0.334833379289992,0.0610737438989315,0.349879792094889,0.708360997539436,1.33210127824653,1.57216310290743
"2015-12-29",-0.348599090886645,-0.364505270300792,-0.380781978584615,-0.390005297072551,-0.33986738312845,0.046112015825404,0.329278416440432,0.684202783700371,1.31178831126147,1.55602305837834
"2015-12-30",-0.36910501071485,-0.381782086651785,-0.394143681229186,-0.398296075282594,-0.345571256838908,0.0272696876750255,0.30191717876472,0.650905358051227,1.28332794602468,1.53391557582171
"2015-12-31",-0.393470441087494,-0.403187781277463,-0.41193235371448,-0.411317033686345,-0.355935681183716,0.00464783010429726,0.270553106599419,0.6124905060179,1.24659997108392,1.50243665931615
"2016-01-03",-0.467266020655277,-0.466628235312837,-0.462348477294026,-0.443316871802692,-0.37303995950255,-0.0386446729466788,0.203442312179842,0.527126480102907,1.18543686398292,1.47453855124839
"2016-01-04",-0.458594985205389,-0.461402639448285,-0.461555587290214,-0.449140632769496,-0.385572904901573,-0.0496929479526801,0.195637685570656,0.51921245178553,1.15452845266118,1.42403731565164
"2016-01-05",-0.494212462645932,-0.494861830311904,-0.492470841799095,-0.477039344352962,-0.413118986415076,-0.0904528227012541,0.14898733700983,0.47348294926879,1.14580618465631,1.44537981729129
"2016-01-06",-0.499293892929147,-0.501081293107609,-0.500038304149605,-0.486184536705781,-0.422052425034861,-0.0863432198891011,0.163800400198863,0.501598850806147,1.19428496778093,1.49960942303016
"2016-01-07",-0.480834621952387,-0.484453652215186,-0.485945829383246,-0.476499915352887,-0.419168552038959,-0.0957742402052209,0.148549177646855,0.478436122301268,1.15011282734377,1.44357863385599
"2016-01-10",-0.486298082902633,-0.488849743561182,-0.488702367434762,-0.4759056237181,-0.411972653626317,-0.0733867209691016,0.176384362365462,0.509197433093266,1.17451449511091,1.46111896164245
"2016-01-11",-0.470362025560845,-0.47453810962166,-0.476550732426603,-0.467232327491578,-0.407835891974667,-0.0749394385510068,0.171993233667059,0.49932312880152,1.14457715220704,1.41876504095073
"2016-01-12",-0.466225659815891,-0.472238450548663,-0.476790330799278,-0.471862633111691,-0.419063352948729,-0.0960553134134201,0.147977759494207,0.472744955877986,1.11326035011155,1.38495269515392
"2016-01-13",-0.46750200112658,-0.472136627086677,-0.474982529107408,-0.467732174912421,-0.413349214429105,-0.0944765896563118,0.146999053415411,0.471524226850885,1.12472047196607,1.40693539408613
"2016-01-14",-0.453132602374273,-0.460262071348342,-0.466485055423521,-0.464845181716731,-0.418182281605602,-0.108290967189981,0.131247210707482,0.45352493784241,1.09790733168415,1.37391870942441
"2016-01-17",-0.473821981695465,-0.47843118558391,-0.48128780176331,-0.474212431279825,-0.420649769056493,-0.106029755767744,0.132327333183493,0.452705331733549,1.09762428480923,1.37627599542048
"2016-01-18",-0.454335347577469,-0.461403858791487,-0.467509784377206,-0.465556537631917,-0.418032941241487,-0.104800429867823,0.136943334410028,0.46203256087893,1.11179522086193,1.39006778333651
"2016-01-19",-0.445836731539824,-0.45469859554379,-0.463514956230474,-0.467008791738467,-0.430204599958672,-0.144773538796453,0.0829538139565381,0.392854080364016,1.01954460631578,1.28978467317134
"2016-01-20",-0.411809080184541,-0.432991671702114,-0.458041499349833,-0.487007058124727,-0.480017446150351,-0.202275589916306,0.0402777565699889,0.369933866912802,1.0137212375531,1.28080943439198
"2016-01-21",-0.439399081548817,-0.454742470191772,-0.4720578469045,-0.488719974030257,-0.466552693103127,-0.178495378476469,0.0629106633940428,0.391984053872035,1.04738006187698,1.32479268511188
"2016-01-24",-0.403105179605014,-0.425029555482881,-0.450926126671491,-0.480793547132147,-0.473442434353708,-0.188947301593255,0.0574726017240411,0.390012097985324,1.03213222723838,1.29624827533575
"2016-01-25",-0.430656128864637,-0.447575633567774,-0.467150570912986,-0.487997116069276,-0.473119330457733,-0.201562739865496,0.0314816815113921,0.350498172021529,0.986075771189697,1.25460587501529
"2016-01-26",-0.400871878965176,-0.422111358280218,-0.446879949129104,-0.474302662107655,-0.462254393695331,-0.172982189169977,0.0686266205439925,0.387701683493543,0.985401181615676,1.22604627113921
"2016-01-27",-0.419674651961654,-0.438038867276558,-0.459364513050646,-0.482504619872553,-0.469111263303447,-0.196303063710455,0.0346305915641975,0.345234117075112,0.945402212715719,1.19283004782028
"2016-01-28",-0.395424439126282,-0.422232265689477,-0.454960434056461,-0.496950498123994,-0.509127600559899,-0.263060522978881,-0.0346496848584066,0.276187724598539,0.874165511907282,1.11825217888758
"2016-01-31",-0.373534475842032,-0.401427838217333,-0.435477843708968,-0.479197396392947,-0.492313437839075,-0.242009600158387,-0.0108799499442558,0.301593143607489,0.896236144815653,1.13701121367986
"2016-02-01",-0.324132467735976,-0.361451341455051,-0.408079285209292,-0.472111724426112,-0.511263047314354,-0.281826018863417,-0.0489075281354151,0.268438699628722,0.867290017953518,1.10704271555738
"2016-02-02",-0.347921811028912,-0.382598026103266,-0.425831115142595,-0.484833126462167,-0.519168725829209,-0.294887921885367,-0.0697256804914431,0.237323974054911,0.819065235793033,1.05277718709501
"2016-02-03",-0.343677359595285,-0.377992727570168,-0.420598857434917,-0.478119830533714,-0.509052473636684,-0.275736983948344,-0.0469557621596435,0.26266045083721,0.844444881642968,1.07702867239858
"2016-02-04",-0.353721064051199,-0.386885322131802,-0.42802407659597,-0.483396442694544,-0.512283968765332,-0.280292730605263,-0.05346393219739,0.254249808702765,0.835320142010561,1.06849759632817
"2016-02-07",-0.342805427634091,-0.378006027915302,-0.422131847231447,-0.483259167137589,-0.522910348824077,-0.318498756023757,-0.106648121707459,0.1831179340625,0.73125590509956,0.950885837311663
"2016-02-08",-0.35615255115062,-0.390022808117323,-0.43243646252387,-0.490978488213441,-0.527742541146509,-0.320995454827523,-0.107749888677544,0.185436461304668,0.745706062884914,0.97193564046725
"2016-02-09",-0.34602155747095,-0.381011012743833,-0.424833359838219,-0.485372056100112,-0.523769454739522,-0.314069841095969,-0.0977783662590849,0.198701797882016,0.762249721984852,0.988904168380821
"2016-02-10",-0.35674129461394,-0.393105517577529,-0.438841761015391,-0.502782365545571,-0.546893011429734,-0.351663618107903,-0.144686452115494,0.138703212153718,0.673244072388701,0.88676672586314
"2016-02-11",-0.361141712652478,-0.393985398229788,-0.434840375309877,-0.490278466454003,-0.521317564548199,-0.304326812587802,-0.0894883826931628,0.201812743339124,0.749843136366886,0.969022812769298
"2016-02-14",-0.312639979820192,-0.355361060244817,-0.408505332640063,-0.480988923787632,-0.525290964255418,-0.286791851866109,-0.0538780690068966,0.251063567548244,0.793054730906853,1.00158583930619
"2016-02-15",-0.36331366235651,-0.396582446960964,-0.438057838566328,-0.494624708441906,-0.527233398777756,-0.308592655485837,-0.0888699059692067,0.211714131978788,0.784303899670366,1.01525657490935
"2016-02-16",-0.388741762324964,-0.416974301453113,-0.451924258407183,-0.498571191276871,-0.520377213417693,-0.300038151165494,-0.0842434131188363,0.213627654844174,0.793940911620649,1.03240170469933
"2016-02-17",-0.408671301634082,-0.434847535165218,-0.467282899529044,-0.51065096968883,-0.531036462057555,-0.324356832389651,-0.120345993341483,0.163244924503399,0.721924584909278,0.953422494393187
"2016-02-18",-0.385691078923248,-0.416270989878965,-0.454538506802711,-0.507174523116107,-0.538910395430669,-0.338728860027652,-0.132146922225816,0.155229525038777,0.716065410700222,0.946166340666168
"2016-02-21",-0.360476328348615,-0.393417409165815,-0.434689057432372,-0.491709969106152,-0.5276106564321,-0.325289913875702,-0.115711091009958,0.173527119974468,0.729476368424445,0.954894645310391
"2016-02-22",-0.389374805621353,-0.414372528795678,-0.445716289154911,-0.488891541998179,-0.514178940592471,-0.333702277697642,-0.143026038650254,0.130715631815136,0.694266703800769,0.935380086894584
"2016-02-23",-0.356350825308393,-0.387525454820442,-0.426939159093991,-0.482617000186622,-0.522425374605536,-0.350348712214663,-0.159999149301677,0.109027984014541,0.641165109748929,0.861012591767853
"2016-02-24",-0.425768138700343,-0.448243044257113,-0.476399280594016,-0.515039251558014,-0.536695773372469,-0.364705653159331,-0.182893324213023,0.0806810749711819,0.633623669950808,0.87403972093232
"2016-02-25",-0.446015547009729,-0.469097942768733,-0.497825997353581,-0.536585271647124,-0.555600277318827,-0.36750480055413,-0.17559336023908,0.0985837793566584,0.662864697322334,0.904774720212208
"2016-02-28",-0.441636875896744,-0.466497969734871,-0.497834286185507,-0.541568035215273,-0.56943781899043,-0.398973373727995,-0.212799833264643,0.0581948426353219,0.626412883309954,0.87284050707019
"2016-02-29",-0.436397912300077,-0.461320546022411,-0.492635283570251,-0.535954765496844,-0.561778729203251,-0.379608451611897,-0.184027055572848,0.100403984555912,0.69836050923453,0.958558259987138
"2016-03-01",-0.45424219147837,-0.47793636678766,-0.507275010190862,-0.546275048629655,-0.562671158459486,-0.353615878873909,-0.144432655593772,0.153892097221851,0.769031524738795,1.03352464805307
"2016-03-02",-0.422078715529647,-0.449613229857599,-0.483598950258817,-0.52856324599496,-0.547679803607961,-0.321329960266318,-0.10189177605295,0.201188610095524,0.793834244913826,1.03822040387866
"2016-03-03",-0.440843114804507,-0.462940606773532,-0.490243006310179,-0.526268524207618,-0.539910485869594,-0.333380859169859,-0.127247625634492,0.168636601388723,0.787085940852668,1.05621167052839
"2016-03-06",-0.465995602448142,-0.485998393059391,-0.510637053390545,-0.542783404553104,-0.552778285303541,-0.347806503669188,-0.143060622420684,0.154812873424616,0.794516941134107,1.07973004028587
"2016-03-07",-0.437685258149902,-0.463229038234362,-0.495270902977701,-0.539396931554906,-0.564816236550916,-0.373150114192481,-0.169198554037714,0.126870092290461,0.748542135899261,1.01893482750826
"2016-03-08",-0.437040360890857,-0.461736718156336,-0.492126687805448,-0.531892495904778,-0.546227955885329,-0.322674504941863,-0.106157879243785,0.196762414605956,0.803933368199181,1.05940050990102
"2016-03-09",-0.424166773569546,-0.437867285765446,-0.453811756225552,-0.47105305984764,-0.459508903569699,-0.231532041355688,-0.0290185779746431,0.256597151314921,0.854574031371585,1.1177872256217
"2016-03-10",-0.43096454746047,-0.447860919029749,-0.467992388142921,-0.491735725391018,-0.487651551261929,-0.262075878246981,-0.0574787602847779,0.22904418949252,0.815948330499823,1.0687672298255
"2016-03-13",-0.435177575362927,-0.449894176344543,-0.467038406264909,-0.485707955421548,-0.474337435029459,-0.239795940880295,-0.0338676703116279,0.252771560576271,0.839050248247064,1.09199734079197
"2016-03-14",-0.436254534225773,-0.450555571259954,-0.467034651686415,-0.484262456364334,-0.469795381555903,-0.226818671345793,-0.0169321272742671,0.273356585468488,0.862672110225851,1.1156247380181
"2016-03-15",-0.437533763325413,-0.451968991604705,-0.468619250478378,-0.486107197068072,-0.471983838469298,-0.230188858519564,-0.0216920584902548,0.265905776570947,0.846915848539595,1.09527231284515
"2016-03-16",-0.44350169303805,-0.459395814549865,-0.478287522798346,-0.500388877810341,-0.495650376042035,-0.27921671264049,-0.0837658924372403,0.189651800962604,0.749279790451931,0.990275327901832
"2016-03-17",-0.440841481954477,-0.4563055950282,-0.474710511500225,-0.496338443238538,-0.492206087540569,-0.283887407146524,-0.0953182494806122,0.168628296919743,0.709097752270257,0.941881706699145
"2016-03-20",-0.436151779005759,-0.453159468892995,-0.473593855724301,-0.49836566617046,-0.497601798437198,-0.286363687309645,-0.0915806738785084,0.182305461758985,0.744936712020412,0.987574785639472
"2016-03-21",-0.441344023893923,-0.458554341715396,-0.479223596837571,-0.504273298979498,-0.503631354506084,-0.292813219272419,-0.0995541168033967,0.170583459197285,0.719934132924941,0.954876339886062
"2016-03-22",-0.517027027430625,-0.523789912228501,-0.530554705513196,-0.533339537462242,-0.505189954049463,-0.280749145960322,-0.0972175655921763,0.158074156679342,0.694082629642907,0.932811081914275
"2016-03-23",-0.443694714071344,-0.45904578293227,-0.477444502311921,-0.499548130108144,-0.497704892401401,-0.299524278954157,-0.116811149844091,0.141222158878178,0.67603767690748,0.908513594837675
"2016-03-24",-0.43176442752264,-0.44884127292307,-0.469465757948014,-0.494925049720671,-0.496695862533024,-0.299943702694633,-0.117745884380211,0.136966511832863,0.653462165482871,0.873629095788909
"2016-03-27",-0.457931059774862,-0.473002354720793,-0.491014978930334,-0.512478767335852,-0.509930096598291,-0.313893633174956,-0.135045607785366,0.115779625085625,0.630088755349735,0.851726077028336
"2016-03-28",-0.490302972979338,-0.501364331231681,-0.514288213453564,-0.528408210979261,-0.519400740468863,-0.3312052935931,-0.16021060789796,0.085748269663988,0.618418620604749,0.85991348033503
"2016-03-29",-0.489816040059063,-0.499107306807971,-0.509590786824477,-0.519522499534315,-0.504385135149423,-0.308441766185116,-0.136418796624804,0.109181913730427,0.639519320330061,0.880181127124678
"2016-03-30",-0.513328961036908,-0.519685007750326,-0.526243068056065,-0.529835865546444,-0.506744303669228,-0.306888711269123,-0.138148079588945,0.10211002426921,0.626335650305897,0.86782831234193
"2016-03-31",-0.519164939027454,-0.523592217943418,-0.52765258180715,-0.527505318844059,-0.500868880684993,-0.306970656517992,-0.146836742521072,0.0810450110036273,0.5827500130635,0.81669632327901
"2016-04-03",-0.529864411455247,-0.532447466801358,-0.534062876033085,-0.530043941940106,-0.498844505490972,-0.304560617297063,-0.147873437892716,0.07509918933023,0.571824512431033,0.807173595149286
"2016-04-04",-0.525858334443857,-0.530145120684245,-0.534136558699548,-0.534293516557583,-0.509595011756819,-0.326249145505709,-0.173610674626033,0.0448492547108122,0.530419755091804,0.758819372471177
"2016-04-05",-0.528575114975009,-0.534509476991347,-0.540585693165177,-0.543698147885343,-0.521190676864626,-0.329878018054406,-0.168814169265234,0.0603164618509774,0.559925528460336,0.79000931688983
"2016-04-06",-0.533932227125082,-0.540030831673914,-0.546478728695161,-0.550707606213315,-0.531438617555302,-0.351829377193961,-0.197163466411302,0.0257517613211976,0.521502525111076,0.753726558435762
"2016-04-07",-0.535670325565908,-0.542476071700814,-0.549830188764827,-0.555376203359046,-0.537158104559907,-0.353660735474509,-0.194186944193166,0.036000460166125,0.547584602176712,0.786773501275339
"2016-04-10",-0.532194789040642,-0.540435248785458,-0.549644589400209,-0.557954240005934,-0.542266757467063,-0.353377097803333,-0.18642934553053,0.0548745783995461,0.588947354024744,0.837080145608882
"2016-04-11",-0.525417583188486,-0.530290722223485,-0.534982776615397,-0.535936443205523,-0.510703069971279,-0.313906590524612,-0.146917691347636,0.0953048825084337,0.645914854817115,0.910335139750866
"2016-04-12",-0.534440501694458,-0.538961502470968,-0.543229556817683,-0.543672442595233,-0.518514480214748,-0.32702166880495,-0.165263559563711,0.0690426681219282,0.601053327230311,0.856407696809508
"2016-04-13",-0.525898301093787,-0.528953112724108,-0.531206150326235,-0.528209464720414,-0.498061390188766,-0.300147408093432,-0.137095765283087,0.0981970761765527,0.634391916272125,0.893782599981151
"2016-04-14",-0.534796213920707,-0.537633959305832,-0.539711253785789,-0.536828703458233,-0.508297808010377,-0.319993749774283,-0.163592689864388,0.0639210785812081,0.590400962326297,0.849032307212102
"2016-04-17",-0.537113544487374,-0.537898798240497,-0.537134257683125,-0.529333680732509,-0.493458052297397,-0.294927195480566,-0.136225767594277,0.0928296913622932,0.623834038806577,0.887027556346872
"2016-04-18",-0.395571802916764,-0.407101809342267,-0.421206777525176,-0.439085979009432,-0.441185023399647,-0.29083191071809,-0.137426371827899,0.0967226134197411,0.650342813127317,0.920944258192216
"2016-04-19",-0.402930506799872,-0.413485008079899,-0.426361420529173,-0.442523607478185,-0.443473413222838,-0.298745914682219,-0.151070131170454,0.0757981862546432,0.620118930480267,0.890272915227727
"2016-04-20",-0.505308281401198,-0.510063128141118,-0.514308285612352,-0.51356221275199,-0.482731843970969,-0.264444304040908,-0.0858143871055943,0.166953619886346,0.718567444689225,0.973811378448558
"2016-04-21",-0.532764644409706,-0.535288654160623,-0.536551698328926,-0.530979787477607,-0.493955883245723,-0.270363801670032,-0.0910536259745319,0.163996114761253,0.733236535793615,1.00372547471228
"2016-04-24",-0.536559323678274,-0.538554388932319,-0.538954295793252,-0.531455746841984,-0.490092101332118,-0.253469842710567,-0.0673466052650641,0.194570606634911,0.770067858199744,1.03989383971893
"2016-04-25",-0.548975797808023,-0.548154499220061,-0.544610704049991,-0.530145820305264,-0.47793633561398,-0.224666416759917,-0.0345512685028664,0.229012404413955,0.802074853162795,1.06995357468335
"2016-04-26",-0.527771399200922,-0.531608911355811,-0.534337580437365,-0.530129469596641,-0.491150191284252,-0.245197442700959,-0.049275630358589,0.22514360633228,0.817602869834291,1.08982410876797
"2016-04-27",-0.524252096804051,-0.528532995634209,-0.532023065230866,-0.529619770566618,-0.494975535926057,-0.262855801965394,-0.074386791837921,0.192381768186162,0.777159409982449,1.04930488979651
"2016-04-28",-0.518798965000314,-0.521446076214917,-0.522661708865015,-0.516293720477954,-0.475715100040526,-0.236456219874489,-0.0481691458893374,0.215345485823977,0.786675333294113,1.05082006724446
"2016-05-01",-0.565324037223951,-0.560850113222239,-0.552495690092402,-0.53053404068243,-0.470006816713957,-0.220046905131086,-0.0400699739532436,0.209127291831151,0.763630916617749,1.03186934857041
"2016-05-02",-0.544879180831305,-0.544994370940899,-0.543130557468397,-0.532850516913872,-0.491261836031104,-0.274384674772563,-0.105092186642496,0.136002449493635,0.683929544311353,0.950761319795644
"2016-05-03",-0.569287465017431,-0.573087277052974,-0.575829942094041,-0.57189644775455,-0.534381166216689,-0.298326885990687,-0.111622889579424,0.148008252176703,0.701148195901489,0.952175585627603
"2016-05-04",-0.551230614130626,-0.551849763598448,-0.550814653267261,-0.542405372659806,-0.505105109471252,-0.301556011609317,-0.139496022918032,0.0940767226300395,0.6348924416371,0.902788363387601
"2016-05-05",-0.536439018066226,-0.539414963395885,-0.541613802336947,-0.53870158017769,-0.509255525703677,-0.314683449003149,-0.153306919187115,0.0810264992922064,0.621327680786761,0.885761067791724
"2016-05-08",-0.528958095059536,-0.532944115385531,-0.536596211560808,-0.536382051654877,-0.511595967072133,-0.326672250318601,-0.169338944542644,0.0610054544815951,0.595721229577539,0.858260961535
"2016-05-09",-0.51177487671325,-0.516525866179227,-0.521311251079336,-0.523297490130726,-0.502561685878318,-0.326266973733493,-0.171850693274167,0.0572348706833411,0.598423536676717,0.868030399628463
"2016-05-10",-0.517655243195581,-0.52277714633119,-0.528008957979621,-0.53054445280552,-0.509867989379595,-0.329954059176563,-0.172629159355149,0.0596743381416504,0.60269042512849,0.870172234953077
"2016-05-11",-0.546676341182276,-0.552770566207158,-0.558959126137904,-0.561864309843716,-0.537417140712438,-0.331865810242951,-0.157666931014877,0.0922042366928165,0.645813621393332,0.904702367255173
"2016-05-12",-0.527920929648218,-0.535805383986933,-0.544522810546362,-0.551979419597318,-0.534978952127524,-0.343642039905036,-0.175415981844234,0.0678011702834046,0.607636887458885,0.859327449913336
"2016-05-15",-0.523456032185661,-0.53280243014858,-0.543355847296276,-0.553372047851094,-0.538136216327609,-0.33963907801122,-0.164480719274057,0.0867703759069638,0.633826853240609,0.883945161946927
"2016-05-16",-0.537729232446471,-0.544760966340459,-0.552268814120263,-0.557536944271156,-0.536950753346711,-0.339183181112947,-0.168806844376795,0.07607175342618,0.617111875721607,0.868853116867015
"2016-05-17",-0.512420413796197,-0.518066433137934,-0.52380897216297,-0.526512795624,-0.503644632623382,-0.308664546530871,-0.140969211290822,0.102929043736347,0.657261665001895,0.922896306427936
"2016-05-18",-0.528151563585837,-0.536245359142056,-0.544962276316663,-0.551469329376446,-0.529922428430818,-0.318140454078071,-0.138042384225811,0.116778764106024,0.663252442200509,0.910502598849167
"2016-05-19",-0.537258073961041,-0.544621916091209,-0.552339336646435,-0.557149722575241,-0.533156036161589,-0.318105345463192,-0.137146537265879,0.118586391410296,0.668017716130356,0.917372860623936
"2016-05-22",-0.533069868400589,-0.541652244244498,-0.550929368265842,-0.558021923833313,-0.536054273591488,-0.317403063582741,-0.132059780661966,0.129002567369763,0.684034375448939,0.933153579761736
"2016-05-23",-0.526907565495847,-0.536174010317411,-0.546400089931188,-0.555138386608944,-0.535622892382451,-0.32009510062761,-0.13501967855126,0.126628500149732,0.684472823509834,0.935156370255148
"2016-05-24",-0.541175761341649,-0.549985923858944,-0.559635937983907,-0.567569928171745,-0.547560307039433,-0.335530519275659,-0.154361264495988,0.101404096809442,0.646121609084868,0.890793936273018
"2016-05-25",-0.503951277774165,-0.512695478816261,-0.522617281467941,-0.53219479680824,-0.518420288480763,-0.330942887135768,-0.162359338499461,0.0833535460111227,0.633561904777797,0.891665868193679
"2016-05-26",-0.531888970849848,-0.543239871853001,-0.556310995358259,-0.569851724640731,-0.557189805323334,-0.350698901162779,-0.168106069139243,0.0906778038157712,0.639082999307273,0.883325505204149
"2016-05-29",-0.537016124777569,-0.54770627094813,-0.559757751633463,-0.571187658214609,-0.554205345217533,-0.336073072382096,-0.147630931141681,0.117254381782947,0.673672763675258,0.920050048856876
"2016-05-30",-0.538307348173872,-0.546475066403082,-0.555377284383441,-0.562475253120889,-0.542697026689416,-0.337315683480216,-0.160635561493175,0.090983484348112,0.63583971030001,0.884359999095971
"2016-05-31",-0.526266545550353,-0.536646435399968,-0.548545122502215,-0.560613757797049,-0.547560266569862,-0.348403613054283,-0.171388466411611,0.0817330634194591,0.627508113406245,0.874483020459637
"2016-06-01",-0.548385913635003,-0.556731630401817,-0.565937378471788,-0.573755975637976,-0.555756968504727,-0.356813466297627,-0.184356595817312,0.0617855623078863,0.595677694611287,0.839374661847079
"2016-06-02",-0.529557802196102,-0.54223922993934,-0.557343342520292,-0.57504974669379,-0.570902964596634,-0.388713483185388,-0.219910992168439,0.0222551891715086,0.540048252159306,0.77151409996917
"2016-06-05",-0.539144846824393,-0.551041059119865,-0.565000932656191,-0.580543968933161,-0.572584006128473,-0.382760075922733,-0.211339918096517,0.032491306549186,0.549196879643171,0.778826631488974
"2016-06-06",-0.545893838195225,-0.556090884241527,-0.56795610452267,-0.580720921365148,-0.571436408029268,-0.393137597747851,-0.231974740449173,-0.000477153431997057,0.50036132080961,0.727326357173246
"2016-06-07",-0.548354183313754,-0.558465035687078,-0.570147034901584,-0.582401239459373,-0.571815598150621,-0.390578350171697,-0.229358808357745,-0.000114922864035916,0.48803676044469,0.706298432461194
"2016-06-08",-0.548197589112146,-0.558154367859816,-0.56967233024412,-0.581827016578912,-0.571855010619061,-0.396965823437989,-0.241908669535994,-0.0224159526846004,0.441062610115248,0.646734199957391
"2016-06-09",-0.568492084170386,-0.575453111464719,-0.583005606866003,-0.588902497393082,-0.571645990960001,-0.397045033350986,-0.248723979464846,-0.039680132640988,0.404966891125952,0.604581555185061
"2016-06-12",-0.568229224033374,-0.576313849670689,-0.585347414981864,-0.593547244123971,-0.578761469461568,-0.401677842699755,-0.248225061393981,-0.0307278281012713,0.433884894186444,0.642845060280029
"2016-06-13",-0.557254118825599,-0.571351386483907,-0.58834796822184,-0.609193856583702,-0.609843451426913,-0.441769910672733,-0.285999718095386,-0.0672060499590594,0.380546289963525,0.572920200305615
"2016-06-14",-0.528367931892895,-0.547132465278206,-0.570344497829401,-0.601177978990935,-0.614425311320495,-0.455457871209211,-0.298445924619217,-0.0778401137838325,0.365606238526891,0.552385836397304
"2016-06-15",-0.532241839903376,-0.551782865338775,-0.575975924036473,-0.60823264933596,-0.622901176551277,-0.464950430189233,-0.309313470805081,-0.0924810985531305,0.3366812587051,0.515198186008205
"2016-06-16",-0.532331408499625,-0.553982735481019,-0.580762669338865,-0.616403051265305,-0.63250578394541,-0.459385016718105,-0.290120950099202,-0.0559198396538172,0.402580573024747,0.591730931976603
"2016-06-19",-0.547731270100854,-0.564254675443397,-0.58421905552048,-0.608922949062209,-0.611102937284888,-0.425234082116988,-0.253844543233809,-0.0156699516611787,0.462215488047033,0.66416400637677
"2016-06-20",-0.525508727485441,-0.545671237821732,-0.570462034492101,-0.602854753530585,-0.614497654138785,-0.434169958521481,-0.260745815639252,-0.0197057698912928,0.458285737182198,0.657730264338475
"2016-06-21",-0.539722290019946,-0.556276180345531,-0.576301787308722,-0.601175761336662,-0.603834585133692,-0.419831655483696,-0.249656924440847,-0.0130048270716431,0.46205594367107,0.662848037469666
"2016-06-22",-0.542760426710076,-0.558653019388777,-0.577692281726833,-0.600594050603114,-0.599213533781319,-0.401921073973752,-0.222453426583148,0.0273698906487734,0.532436542402147,0.747481339716094
"2016-06-23",-0.560482812392239,-0.585485575656008,-0.616588072705064,-0.658757280297529,-0.681980010179573,-0.511957279957781,-0.34306464823654,-0.112543832312307,0.325942820713013,0.502716681024028
"2016-06-26",-0.541485682984859,-0.566976904416551,-0.599048110675302,-0.643866433504991,-0.674376283341098,-0.531399714913867,-0.379232845452651,-0.168799392003092,0.234805450119149,0.397979917173262
"2016-06-27",-0.539691174949631,-0.568603217033361,-0.605097953575738,-0.656576448490739,-0.693888977638539,-0.54691660430773,-0.386591210153958,-0.165268200127839,0.255797647535658,0.424836158741875
"2016-06-28",-0.615794879319311,-0.628999452054213,-0.645125951406932,-0.665679282050298,-0.670020525307714,-0.527737677209589,-0.390586302960618,-0.194825847068842,0.213971378949122,0.392198508428401
"2016-06-29",-0.668658477030317,-0.673007894584304,-0.677449482753327,-0.679647021821919,-0.662651458995893,-0.517765218178545,-0.394430630284662,-0.216989494945213,0.178069968739902,0.363629709854277
"2016-06-30",-0.6359445922574,-0.646517029969393,-0.65918673095701,-0.674347387865792,-0.672437273554547,-0.52805140667701,-0.392766595813159,-0.198138042813926,0.218861677854428,0.405427392053808
"2016-07-03",-0.642110126942708,-0.654283119429857,-0.669067509298198,-0.687551554079029,-0.68945837103452,-0.544573425496738,-0.405441536620592,-0.204882889038197,0.223039285253636,0.413329266686203
"2016-07-04",-0.672915565625872,-0.682045904617517,-0.692952790868526,-0.705818396553322,-0.702920841234271,-0.567617548469902,-0.43939269388062,-0.251589673577816,0.164861774790018,0.357191670037827
"2016-07-05",-0.655988780685112,-0.665931995768173,-0.678006482088171,-0.693027558487774,-0.693774137814652,-0.565158036868946,-0.438939498207827,-0.252097354081819,0.166617349674489,0.361306484327985
"2016-07-06",-0.690542564668134,-0.698391169775213,-0.707519258316826,-0.717280615866842,-0.7095807379065,-0.565794431460622,-0.433804174506661,-0.241023732741833,0.18906126066184,0.389575454580791
"2016-07-07",-0.689511414871171,-0.697808627049544,-0.707610278540205,-0.718709937894389,-0.7135860307415,-0.576070751736552,-0.446919380277798,-0.256788979776232,0.171061903587382,0.37174349730001
"2016-07-10",-0.692933936008318,-0.701703083823462,-0.712020004200037,-0.72355723892729,-0.717570928504959,-0.571762274492889,-0.436846049750956,-0.240462091719697,0.193024539917435,0.392831017510173
"2016-07-11",-0.683806429257497,-0.692685123351262,-0.702896937309827,-0.71339546237475,-0.702912590918834,-0.535906155422786,-0.38694857223564,-0.173746358124165,0.286281290191977,0.494516338802784
"2016-07-12",-0.696446185201528,-0.702189433923839,-0.708458202964063,-0.713444693799025,-0.699129446300451,-0.54773211220792,-0.414212045233652,-0.219461337931001,0.221038956166129,0.43033451139535
"2016-07-13",-0.696157507050002,-0.700630350085249,-0.705085626290337,-0.706743343169053,-0.686748098993917,-0.523176129683737,-0.38374313577636,-0.181802380868562,0.274561679195136,0.492224912722081
"2016-07-14",-0.663165592600554,-0.672702874877097,-0.683488262137318,-0.693893917162907,-0.679815319343073,-0.493587605489177,-0.334024296611898,-0.112003573691772,0.345781807003774,0.545199604910023
"2016-07-17",-0.658016920137799,-0.668478113788476,-0.680625767165412,-0.693652110262985,-0.684302284985019,-0.507653982434727,-0.351172345026284,-0.130639354700304,0.330829771813061,0.533911106687943
"2016-07-18",-0.650738344117865,-0.660951231946648,-0.67286381981765,-0.685837269509551,-0.677569408988043,-0.507667063906813,-0.35548342759192,-0.13947542913116,0.317554184424536,0.520531760585112
"2016-07-19",-0.651571460365515,-0.660043728518537,-0.669489436925145,-0.678013359377134,-0.662543173857175,-0.480663756106425,-0.325377746978285,-0.108221579699008,0.34496449465956,0.544659807167663
"2016-07-20",-0.662138163957991,-0.667277744886979,-0.672328062732138,-0.673963052167483,-0.650595363929217,-0.469112398436254,-0.320638901497092,-0.113316618188786,0.325641996011674,0.522728319784267
"2016-07-21",-0.672471694925391,-0.675714369205496,-0.678266303499954,-0.676002505132434,-0.648260561743087,-0.467968812861546,-0.324330787095639,-0.124122398169962,0.303218573096372,0.497318869537137
"2016-07-24",-0.673451214929322,-0.675608078431914,-0.676792106419164,-0.672611574053841,-0.643546549387473,-0.469122057681741,-0.331535125999992,-0.13912974064757,0.276749139586018,0.468347317964999
"2016-07-25",-0.673059511387976,-0.675429830601683,-0.676811577960877,-0.672656308249184,-0.642602314388783,-0.462422105097586,-0.321527993962511,-0.126324017081097,0.288309049050554,0.476224629679141
"2016-07-26",-0.678339517456105,-0.678834375849828,-0.677942312906122,-0.670924125662568,-0.640243295041733,-0.477178337210223,-0.350834679109649,-0.173221921681034,0.219289066341571,0.40492952857569
"2016-07-27",-0.698776163865602,-0.695619071244907,-0.689815578500205,-0.674790722863152,-0.633906019572271,-0.466260258114655,-0.345447105296332,-0.177573899844769,0.199280910444273,0.383407868857621
"2016-07-28",-0.688183891405319,-0.686834038029452,-0.683609724280562,-0.673302195165045,-0.640313465488581,-0.4875943990728,-0.372152668073239,-0.208708114099166,0.164557571919054,0.348540913695114
"2016-07-31",-0.686072765375628,-0.684777321753324,-0.681525933883249,-0.670832806063305,-0.636127313862773,-0.475664559118632,-0.355651746631525,-0.187798911408514,0.186154964996983,0.365796433099966
"2016-08-01",-0.678339652897008,-0.677358415045732,-0.674259708950244,-0.662891602916723,-0.623974381530033,-0.441886982051896,-0.307798459444705,-0.124222326376052,0.267127946331433,0.446903612880961
"2016-08-02",-0.699837060451483,-0.694109141362086,-0.68472899079686,-0.663454659026627,-0.613012873996618,-0.430629569324247,-0.305303809543708,-0.132895370871247,0.257577487956035,0.45289400741684
"2016-08-03",-0.693298563312381,-0.690571501616007,-0.685470015591612,-0.672004249611255,-0.63454766268733,-0.475902129128406,-0.358323861685725,-0.191100502714604,0.200721744773956,0.400696711573364
"2016-08-04",-0.697636515334491,-0.694677725124814,-0.689136055044532,-0.674504184987749,-0.633880056129479,-0.463244596534762,-0.338104886267619,-0.161919993842009,0.242746266969093,0.444957746296364
"2016-08-07",-0.709616432810179,-0.706111831970416,-0.699803334395622,-0.683803818348277,-0.640973600621447,-0.4660890505077,-0.338933250875999,-0.160013983078265,0.252861273499001,0.4607839991089
"2016-08-08",-0.726743555861363,-0.722211249835131,-0.714513615744403,-0.696228973384412,-0.650433796633621,-0.474170590428234,-0.348779525242553,-0.173163286949508,0.233642544857408,0.440702079221817
"2016-08-09",-0.71340672042053,-0.711376952994748,-0.707185220420182,-0.695099752791325,-0.658984293226053,-0.497890365116228,-0.376556665857729,-0.203559756972922,0.199903211612724,0.403856516186992
"2016-08-10",-0.726122313573669,-0.722406681188091,-0.715865033874341,-0.699661562727688,-0.657226521838278,-0.486537703443523,-0.362578093367707,-0.187429053587063,0.221785263767183,0.43104166983318
"2016-08-11",-0.716490400708879,-0.71375993219645,-0.708620576057351,-0.694968666598238,-0.656752342932545,-0.493673099996788,-0.372155587975417,-0.198623942385391,0.210936684682129,0.421507844168935
"2016-08-14",-0.748265509470779,-0.742138124107127,-0.73217052207713,-0.709757178740146,-0.657141688662992,-0.468612492623013,-0.339311613371996,-0.161141749548889,0.244945286635438,0.449793611966635
"2016-08-15",-0.72027461249846,-0.715534148376731,-0.707395175553713,-0.687831806994819,-0.638337025433831,-0.447789846103613,-0.313686971370448,-0.128445038815061,0.287950253762647,0.492944381384027
"2016-08-16",-0.75267463780357,-0.745571649070738,-0.734198315000675,-0.709170391204947,-0.652037129489853,-0.454343042929419,-0.32147577423281,-0.140247432131254,0.267915399262643,0.472102992600626
"2016-08-17",-0.750942340018965,-0.744013414081569,-0.7330134547013,-0.709081145691784,-0.655174764373348,-0.470468797591437,-0.345973092805807,-0.174646800956323,0.220459039413507,0.423954790807023
"2016-08-18",-0.728221119323506,-0.723378520279784,-0.715074032105206,-0.695147708560787,-0.644875505590644,-0.452477715929761,-0.317908054975264,-0.133035730043626,0.278273396206621,0.478645000601958
"2016-08-21",-0.742146160219998,-0.73675203335172,-0.727836969638257,-0.707372691435158,-0.658127067782107,-0.476885939841434,-0.351062497572743,-0.177023227803287,0.219923998714614,0.419582568930092
"2016-08-22",-0.724388765368145,-0.721181359723223,-0.715255739008467,-0.699831834845192,-0.657621981586071,-0.483297578566059,-0.3569840798089,-0.180730328967919,0.217863714319764,0.414027963554215
"2016-08-23",-0.74264132598682,-0.736098264338936,-0.725667522305849,-0.702834034975138,-0.650937495243138,-0.470510166955518,-0.347456059463885,-0.176656380003482,0.223073235724383,0.432028003548387
"2016-08-24",-0.733319589124305,-0.726082541072143,-0.71470706198526,-0.69029407272344,-0.636237067505881,-0.453823952577775,-0.330869306499118,-0.160252754237404,0.243327454048733,0.45825890167659
"2016-08-25",-0.727959866939343,-0.72393577238972,-0.716871149547114,-0.69944295420584,-0.654086816480189,-0.474039084897418,-0.345066375155478,-0.165058028334182,0.24571808947124,0.450641918478041
"2016-08-28",-0.724741358192938,-0.721057214954781,-0.714488356450598,-0.697996468321508,-0.654270322123376,-0.47708947865026,-0.348554012915031,-0.167690519315217,0.250390879152186,0.461496851771521
"2016-08-29",-0.730973886429752,-0.726484416558825,-0.718819921725084,-0.700505880739976,-0.654374162394104,-0.476287402839821,-0.349815175339869,-0.173286588472618,0.232288316172567,0.436759118327479
"2016-08-30",-0.751988998865925,-0.744180988065967,-0.731930048436272,-0.705716163674598,-0.647975243662433,-0.455379818987866,-0.327151338537749,-0.151120905555643,0.25662410730854,0.468819378477912
"2016-08-31",-0.721652137808368,-0.717889647227948,-0.711169865733457,-0.694270572716463,-0.649403901846938,-0.467571229615712,-0.335800343677955,-0.150641184280618,0.276076889300538,0.490822013606917
"2016-09-01",-0.720574160266976,-0.717812463436241,-0.712330803633149,-0.697067868738926,-0.652816373265019,-0.461517706073373,-0.32043544231392,-0.122368236282628,0.327351208206479,0.548771845803755
"2016-09-04",-0.743423687747879,-0.739054780597146,-0.731391026624937,-0.712499654490615,-0.663359728363344,-0.468175041469156,-0.328162308055552,-0.132443323113491,0.31560972883031,0.539899791631809
"2016-09-05",-0.726507959160518,-0.72632181739728,-0.72451112400803,-0.715952293780818,-0.682924457873604,-0.513356570915457,-0.380816056777656,-0.191040239448376,0.245860014505746,0.461670494855989
"2016-09-06",-0.698572167499305,-0.703338206781403,-0.708185255701088,-0.710498542633116,-0.691570189304099,-0.532138129037983,-0.397198697194826,-0.203946803516634,0.222910650994158,0.421937330674294
"2016-09-07",-0.700359548367834,-0.702145798667692,-0.702836165851984,-0.697839192697261,-0.667505536588889,-0.488665606499845,-0.346367804102476,-0.144778244519974,0.302640186483102,0.514257660812856
"2016-09-08",-0.704531191544511,-0.704910399363435,-0.703448653075742,-0.694038602445592,-0.654697621995087,-0.450531894947406,-0.294275485927136,-0.0764483463102564,0.398390551797223,0.620191643811945
"2016-09-11",-0.69693999614744,-0.698005981069799,-0.697346564757048,-0.688844280090207,-0.649306149120896,-0.438334062904821,-0.277661385473389,-0.0563042468119636,0.413992352109199,0.628050324266365
"2016-09-12",-0.701145677043461,-0.701658399033671,-0.700188823185681,-0.690135285796925,-0.647755653958337,-0.430041243980552,-0.266050143156907,-0.0409765866930529,0.435702967074153,0.652348835774433
"2016-09-13",-0.700377401558832,-0.702070532092455,-0.702333464584061,-0.695593126386576,-0.659159510863207,-0.453598728996191,-0.293664456836328,-0.0706822131143645,0.411246221193726,0.633733213238284
"2016-09-14",-0.702392816402228,-0.704425718681455,-0.705097951694851,-0.698852974094408,-0.662368175906316,-0.451949000831038,-0.287288866951319,-0.0572734806376043,0.440652954535187,0.670696060664029
"2016-09-15",-0.696769866100485,-0.70073644928803,-0.704109520624666,-0.70261513764555,-0.673473350355053,-0.474259717597834,-0.312406995717411,-0.0838980047929023,0.413866343707089,0.644002698414842
"2016-09-18",-0.702439115943586,-0.705469132076224,-0.707516557083344,-0.70363950544754,-0.67068840296281,-0.465646004353449,-0.302839474911714,-0.0750420643788219,0.416343727022998,0.642036520134495
"2016-09-19",-0.696423356926949,-0.700356564996952,-0.703691447214287,-0.702183817421266,-0.673374924346074,-0.478653152746135,-0.322203970636475,-0.103554624793316,0.364151538968918,0.576790280112536
"2016-09-20",-0.693699281191409,-0.698213705280061,-0.702219095206042,-0.701433320326935,-0.672255259131515,-0.470428315271862,-0.308880373254287,-0.0848081929875055,0.3871189312077,0.598518631441918
"2016-09-21",-0.689323968748746,-0.696146555565609,-0.703436767136746,-0.708659824501592,-0.689741881916329,-0.51077733107689,-0.361230736414904,-0.152592264525954,0.284341011293625,0.477968278593145
"2016-09-22",-0.690766943683303,-0.696980239084978,-0.703462613072825,-0.707398867868704,-0.686890407767106,-0.506788837892742,-0.357212913214195,-0.148194864594786,0.292220877017083,0.488674860161558
"2016-09-25",-0.690295461344177,-0.699407112703063,-0.709674947471744,-0.719447626248737,-0.705475914911084,-0.52660125967672,-0.374666190266203,-0.164598320825428,0.264169265676744,0.449397557770413
"2016-09-26",-0.687418412911785,-0.699935237090836,-0.714692046667697,-0.731521461756184,-0.725890740772564,-0.550100058425417,-0.395169221902158,-0.181636107018471,0.245853546873422,0.426809769671693
"2016-09-27",-0.700185484500763,-0.710030342251979,-0.72130127331979,-0.732776308236419,-0.721272306292607,-0.545891734070988,-0.395053848524557,-0.186233901189463,0.239194030463893,0.422451147922674
"2016-09-28",-0.692410988937511,-0.702381199207027,-0.713774479944422,-0.725287190471306,-0.713220001703439,-0.533630431913426,-0.379473551178408,-0.166169802028246,0.268227749971641,0.455319865412144
"2016-09-29",-0.719202917243376,-0.72646786862101,-0.73418218035929,-0.739543236789936,-0.71898871010669,-0.530861974090549,-0.376841110970612,-0.165659022916843,0.263847628089248,0.449499353009058
"2016-10-02",-0.722507275883766,-0.726828008355112,-0.730742175225406,-0.730399778150782,-0.704021163882223,-0.517847934560515,-0.367888133796002,-0.159127550188773,0.282929572543219,0.481832497499359
"2016-10-03",-0.728830529276085,-0.732392279293919,-0.735289456549639,-0.733289578279011,-0.704720442785919,-0.516106658900149,-0.365321727904443,-0.154922064404591,0.294566328636761,0.498806418756997
"2016-10-04",-0.760517596996599,-0.757974295649987,-0.752538428721534,-0.736487519038405,-0.688011977794781,-0.474700660616619,-0.318275031861269,-0.101384533353912,0.377131585067586,0.605458498965517
"2016-10-05",-0.764457896819144,-0.760320559430634,-0.752771528875615,-0.733370667309488,-0.680901947314329,-0.466413986645807,-0.311678636394464,-0.0961506167475246,0.390449198904991,0.629716640632019
"2016-10-06",-0.793273909320718,-0.78604962259455,-0.774173382886165,-0.747111785334288,-0.68264529566237,-0.449143465476687,-0.289195512415841,-0.0702342938615811,0.420097650713602,0.662229596838596
"2016-10-09",-0.798441503029632,-0.790349298972416,-0.777173592812197,-0.747533264624194,-0.678060468028528,-0.431544550531839,-0.264856802740116,-0.0383990490594408,0.463259301735956,0.708699248062405
"2016-10-10",-0.808583211872184,-0.800466378374694,-0.787303944505906,-0.757852888087998,-0.689288592929158,-0.447927171235123,-0.285425211928615,-0.0650844481521115,0.422071552226155,0.660160294859633
"2016-10-11",-0.807878655115994,-0.798620760105003,-0.78379820534007,-0.7512057018801,-0.677024803997026,-0.423208052825371,-0.255163621572221,-0.0292567694864734,0.465104059513282,0.704952530808974
"2016-10-12",-0.811780492576012,-0.803300171604777,-0.78958694342965,-0.759029685577605,-0.688327208161507,-0.44215062094324,-0.278066368956048,-0.0573722962527267,0.423561959320661,0.655251798180907
"2016-10-13",-0.811961232823717,-0.803307859607408,-0.789306949170666,-0.758085105518477,-0.685775908370626,-0.433717465446216,-0.265607924350627,-0.0394356306964582,0.453576450658012,0.691121605326185
"2016-10-16",-0.795943422838213,-0.789629428184465,-0.778802294365207,-0.752848445091603,-0.687592053495603,-0.440687369699137,-0.270414771971078,-0.0395684518271198,0.461208887597158,0.698977369875267
"2016-10-17",-0.80509178334508,-0.798430374994767,-0.787184251708217,-0.760714009092384,-0.695413482003908,-0.452211906804776,-0.285124518120663,-0.0582354535023438,0.43745021689134,0.674955602680798
"2016-10-18",-0.799413544059516,-0.793785316176406,-0.783945582291037,-0.7598309520883,-0.697795201986471,-0.458094894706656,-0.291381131260618,-0.064800143724411,0.426959221111846,0.660087565181566
"2016-10-19",-0.80135337969002,-0.794337718990299,-0.782735045596804,-0.756106890134458,-0.692226636674175,-0.460354486447693,-0.302357948311988,-0.0877419035991536,0.38454073541255,0.613273294032041
"2016-10-20",-0.805705352152822,-0.797550362667927,-0.784412998459095,-0.755271726568414,-0.688126396802929,-0.454064451687972,-0.29684882033687,-0.0833519069150963,0.391659277937563,0.625772737653559
"2016-10-23",-0.805550001721548,-0.797171664824871,-0.783663990985228,-0.75367193587678,-0.684494885372196,-0.443255843934014,-0.281344304703241,-0.0617361300891734,0.425505786422734,0.664883001084314
"2016-10-24",-0.771154660988567,-0.765665814670803,-0.756099708083442,-0.732728361840995,-0.672731907659322,-0.440537509581186,-0.278295964119469,-0.0566573316182485,0.429385880097302,0.662285378464729
"2016-10-25",-0.774309113952808,-0.76754010820702,-0.755994317522119,-0.728506200278075,-0.659997573680676,-0.404292866890989,-0.230004360964063,0.00410601800497351,0.503811979483578,0.737426534007196
"2016-10-26",-0.771263933919913,-0.763819628248413,-0.751038452767673,-0.720410325869418,-0.64377504203901,-0.359598447097968,-0.168666750789094,0.0839100914732153,0.607216670834463,0.844745848423811
"2016-10-27",-0.787107111633785,-0.776614744370462,-0.75976876426644,-0.722630557176206,-0.638112720397586,-0.352792539641339,-0.16815255399766,0.074289827161507,0.580556670110559,0.81453245421141
"2016-10-30",-0.774578260903404,-0.765724484704866,-0.751107495020687,-0.717697379872082,-0.638324428122294,-0.358310002674376,-0.173948050233598,0.0687071330056737,0.572027003323361,0.801855975202272
"2016-10-31",-0.779292421631713,-0.770023676894029,-0.754753088264135,-0.719954144667362,-0.637662683872655,-0.349907075743482,-0.162093035263141,0.0833239424777122,0.585968870866986,0.812793362991819
"2016-11-01",-0.760202891152402,-0.755592832561869,-0.746755310939121,-0.723035092484846,-0.657118532774207,-0.391326907520114,-0.207765832964651,0.0359023040360565,0.536185622758333,0.759809463602822
"2016-11-02",-0.767258171830566,-0.761305698884563,-0.750510177298911,-0.723077981702007,-0.650559902659344,-0.370986398828744,-0.182200114907968,0.0655131086115069,0.566687761916172,0.788297525584429
"2016-11-03",-0.76583532394817,-0.760108200558342,-0.749746756660001,-0.72347299456277,-0.65408362260435,-0.385922152101438,-0.204029331320368,0.0357191020128732,0.52485230087558,0.742826938866987
"2016-11-06",-0.757056486370097,-0.752857803704117,-0.744448265689087,-0.721016349341465,-0.654105695202927,-0.381364372816326,-0.194139625111067,0.051777974340623,0.54565885639122,0.761751777503245
"2016-11-07",-0.779476804424388,-0.771765259111693,-0.758526180712346,-0.726840133559479,-0.647895998550408,-0.359257268473372,-0.168660564565143,0.0795096546742566,0.579187561969903,0.800024992752668
"2016-11-08",-0.776034756202407,-0.772102512271778,-0.763841425934622,-0.739939210151445,-0.669878811450492,-0.380951973492866,-0.183206861781533,0.0747127336902939,0.585012575820671,0.805130231774175
"2016-11-09",-0.75703040784233,-0.755269612884,-0.749320143466308,-0.727180367997358,-0.652553767118575,-0.326276368240042,-0.104659338438686,0.17735500264886,0.707144179004921,0.925190854333515
"2016-11-10",-0.754290319360864,-0.751272908886423,-0.743483768706283,-0.717847091603654,-0.637045290652561,-0.298809567189989,-0.0735396773014951,0.210200243239499,0.73643661341091,0.951151807050867
"2016-11-13",-0.755310746068278,-0.754294512049164,-0.748883150626579,-0.726125697198165,-0.64582692966408,-0.293727001640568,-0.0591967728445497,0.23279495751127,0.761125145121935,0.972244717458177
"2016-11-14",-0.753020459527422,-0.752770542098885,-0.748410197533684,-0.727469768378159,-0.650067529645354,-0.304939762290999,-0.0751005130852535,0.209867231639719,0.72114820266214,0.924063368257887
"2016-11-15",-0.67372342158629,-0.686233554890995,-0.698381793686005,-0.702480548125702,-0.652269703281268,-0.31156030624637,-0.0716005274673017,0.221843180846147,0.724265238830979,0.915941415606804
"2016-11-16",-0.752794876865793,-0.752887012068813,-0.749048949283724,-0.729175055098214,-0.653926513670062,-0.314664115585799,-0.0879393238059532,0.193495678016562,0.698894392045981,0.899545776315807
"2016-11-17",-0.75592803188899,-0.760693134862564,-0.762782239626746,-0.751475621766431,-0.683915909446809,-0.336269154861841,-0.099502016292673,0.192299652841429,0.705036424954827,0.904830050949795
"2016-11-20",-0.758357358470432,-0.764801646575913,-0.769006375106906,-0.760715052720031,-0.695740636013289,-0.34484760972496,-0.104634661541613,0.1904697469747,0.704879157186876,0.904054455991566
"2016-11-21",-0.733026913399222,-0.748948139522864,-0.765713699417659,-0.77744120338194,-0.737315830614648,-0.403109407363985,-0.159033885688576,0.143191339236276,0.666569248570546,0.867328501582073
"2016-11-22",-0.760446028409608,-0.769159868258086,-0.776311744736893,-0.772506953473444,-0.71233587836307,-0.360406225445013,-0.116016662221533,0.184694278933721,0.707829264966766,0.909859807007161
"2016-11-23",-0.761082532067922,-0.774102846863638,-0.786921746839562,-0.791986032096339,-0.742103502766364,-0.39174587343448,-0.1406028697327,0.17045325741776,0.712498709195392,0.92159340718785
"2016-11-24",-0.734085578937782,-0.753812460103878,-0.775296365043593,-0.793486697837102,-0.757927401866442,-0.411274649637148,-0.156179591097935,0.157703079464923,0.69404065348002,0.897819031578934
"2016-11-27",-0.714533210683286,-0.740501061964236,-0.770194009118673,-0.801312999811732,-0.781589950209659,-0.447577491237876,-0.193358541753419,0.119222104525254,0.647926797477593,0.847118382776037
"2016-11-28",-0.686867527166623,-0.718496013209903,-0.755180258151382,-0.795849318681948,-0.783161485937711,-0.435861722993626,-0.170802177143098,0.151067161549294,0.684043991138118,0.882207380596878
"2016-11-29",-0.826113683954778,-0.82941872657791,-0.829533933274779,-0.814869813061671,-0.741900002400045,-0.37851499097088,-0.129221190953124,0.182223244132437,0.742755448057742,0.965093689003009
"2016-11-30",-0.850902609503997,-0.852134157353406,-0.849047084383881,-0.827774746027028,-0.741504063763812,-0.344659573077886,-0.0801735759265821,0.245751711790125,0.823146682334172,1.0499974059123
"2016-12-01",-0.853687041196967,-0.853645523582582,-0.849230493094694,-0.827050334646488,-0.743853511980386,-0.370355155453795,-0.121085891909641,0.188195085895011,0.743407273185212,0.963805632784321
"2016-12-04",-0.85561086197157,-0.852865418906769,-0.844614757502421,-0.815505698875239,-0.721058267517321,-0.328529096796509,-0.0738891615277683,0.238386009865046,0.792460132312223,1.01102707092033
"2016-12-05",-0.859165502670063,-0.853449148845856,-0.841136053633947,-0.805147406225562,-0.700834928919017,-0.295721440748666,-0.0386426500924117,0.27482078611234,0.829906027892605,1.04907033713057
"2016-12-06",-0.864206396811971,-0.857511054994336,-0.844146265556921,-0.807278204294194,-0.704449829149429,-0.311021403332941,-0.0596619428982137,0.25047269327098,0.81180166837212,1.03730072539491
"2016-12-07",-0.893830057955613,-0.892728054144969,-0.886405157943093,-0.859437201130371,-0.763856934637151,-0.345020465341113,-0.0668682645544307,0.278385666269934,0.899994414521579,1.14746602491523
"2016-12-08",-0.903427648115608,-0.898601892797965,-0.887914936575738,-0.855837696304095,-0.759820534180557,-0.363764130641981,-0.096559974997463,0.246275370814309,0.9044295530652,1.18092187973389
"2016-12-11",-0.889967857043833,-0.88619246279706,-0.876697195393458,-0.845828561424935,-0.748817322300282,-0.338609866707844,-0.0611838038919215,0.293271130331378,0.966483190299508,1.24644273892844
"2016-12-12",-0.889976166607264,-0.886350800270463,-0.877300806787167,-0.847981143514687,-0.755872744362263,-0.364694565023965,-0.0985150883570872,0.243494271794645,0.899275630108988,1.17412143301927
"2016-12-13",-0.887397518698722,-0.886561746903248,-0.881343149022309,-0.858583149076095,-0.776225151420561,-0.400519043985123,-0.140363157137894,0.194204961610092,0.831469869335222,1.09631807529863
"2016-12-14",-0.950307034667787,-0.942461285871964,-0.927514423738433,-0.887829167010314,-0.779808629257292,-0.365997121566432,-0.0960313211136264,0.244903042234849,0.887668504024682,1.15457744696632
"2016-12-15",-0.954088061419561,-0.947148048762575,-0.933537462890818,-0.896453311623831,-0.793397923224076,-0.393003412128168,-0.130827970055101,0.200195503876031,0.822737871168625,1.08052282505947
"2016-12-18",-0.970054811512852,-0.960199413091225,-0.943105671584848,-0.901780511435916,-0.79816864190607,-0.422264017371235,-0.178574512498886,0.132643264522058,0.737174495068223,0.995729789810751
"2016-12-19",-0.965026634727454,-0.955721412950437,-0.939218397090628,-0.898367017745367,-0.793716121835902,-0.409141240271688,-0.160222720243034,0.155620421444849,0.760309186490881,1.01538398692879
"2016-12-20",-0.965742782789672,-0.958232111232415,-0.944075110950425,-0.906860120395498,-0.806425383109733,-0.424294880953018,-0.175706097372356,0.137892462093374,0.728579781111918,0.973764203597827
"2016-12-21",-0.983182619566716,-0.973336972693847,-0.956036947763415,-0.913660910513156,-0.806343648993147,-0.41744239648306,-0.168246209506835,0.145764955379852,0.7407275869336,0.989657163206731
"2016-12-22",-0.980631671761494,-0.971919853833954,-0.956230972343882,-0.916790725427095,-0.814425580516502,-0.435964863236141,-0.19175937074146,0.116335720401556,0.699396692020065,0.942790615438908
"2016-12-25",-0.848185129161056,-0.863184702283483,-0.878379624290176,-0.886360830593347,-0.836838906947511,-0.467513420819428,-0.200104080300301,0.132026903670972,0.7119263895191,0.935774619232812
"2016-12-26",-0.985718634267215,-0.980031841619962,-0.968459550561643,-0.935904210296124,-0.842993307397848,-0.473186888653338,-0.227631314991328,0.0850655712188618,0.680177796139748,0.92878242042885
"2016-12-27",-1.05766046135845,-1.03981054507185,-1.01209940868461,-0.95387381350076,-0.829884064109445,-0.447974924463135,-0.21529558460117,0.0802393328638065,0.672053067055405,0.937306411870205
"2016-12-28",-1.00257891024765,-0.987828598716337,-0.964535573437856,-0.914379170013936,-0.803899032811736,-0.448101386963558,-0.22559276943297,0.0602742928242741,0.63838619607285,0.898454922726923
"2016-12-29",-1.00259476200066,-0.986639195633307,-0.96170175322732,-0.908766242474104,-0.794268167414189,-0.432244597174644,-0.206808529898076,0.0839248521962014,0.680160893569535,0.953037472056561
"2017-01-01",-1.13590567013717,-1.10771369225028,-1.06602439627676,-0.984759646998962,-0.830378777073535,-0.426556735467883,-0.200874272741612,0.082626232143905,0.67806578896897,0.942521169833323
"2017-01-02",-1.01100034221967,-0.995383257795055,-0.970579858627057,-0.916761399029369,-0.797127926989134,-0.408962529913041,-0.166321082588289,0.144086360558522,0.764918521956639,1.04083152464645
"2017-01-03",-0.974308156205245,-0.963621608575038,-0.945399566196037,-0.902161873044608,-0.79560773357903,-0.412397218155681,-0.162883354581983,0.158512309723261,0.794249174644348,1.07091803597001
"2017-01-04",-0.905351914748271,-0.899107497952109,-0.887047350129407,-0.854537101559871,-0.764380236145677,-0.407639089317961,-0.167462901267274,0.143857083207748,0.756521886842197,1.02014711107062
"2017-01-05",-0.850204827460814,-0.849264526999447,-0.844140079427176,-0.822313396406644,-0.743834003835096,-0.384307176060944,-0.133227786334528,0.192357551372001,0.821372461144474,1.08586178400817
"2017-01-08",-0.885979120917502,-0.881244965537233,-0.871154482276707,-0.841642785035679,-0.754518217836243,-0.394097399008031,-0.147608693586346,0.173307327426367,0.805835059636815,1.07770326713455
"2017-01-09",-0.896931290554876,-0.888993505326277,-0.874683229623287,-0.838566975606929,-0.743843033196636,-0.382834952354216,-0.141450056532963,0.172830906566392,0.800520697461307,1.07495146916748
"2017-01-10",-0.886005187248227,-0.881070237295583,-0.870818577535573,-0.841418129214847,-0.755804293467442,-0.404385895895916,-0.164307047435982,0.148615744157407,0.767380331187282,1.03421327274888
"2017-01-11",-0.893566389722849,-0.888678964838634,-0.878545732785708,-0.849504583504525,-0.764821372272541,-0.414988322017979,-0.174076852756102,0.142225818697607,0.775667127147193,1.05188926205354
"2017-01-12",-0.908879744748724,-0.901027822785787,-0.886640392573884,-0.849752291900583,-0.751782508963348,-0.376891430845537,-0.127559333874428,0.194570924748035,0.828082060738196,1.10108055020606
"2017-01-15",-0.904943541040241,-0.902653216888765,-0.895281471692307,-0.868370217900025,-0.778598098415574,-0.389321856276121,-0.126289380562618,0.207219315982907,0.83039389696727,1.08584454982547
"2017-01-16",-0.871068301097912,-0.871171030516533,-0.86712563685632,-0.846025012121239,-0.765177895902558,-0.390113652155806,-0.131577415167275,0.197966162450733,0.815013159264348,1.06777960210257
"2017-01-17",-0.867695066104334,-0.865890295511749,-0.859169380290869,-0.833324006159647,-0.745003516879739,-0.357767444267741,-0.0956825440918453,0.236294956756216,0.854798689248805,1.10763858730091
"2017-01-18",-0.837157957278858,-0.839331781364383,-0.837726363443363,-0.819494901145663,-0.738717515011436,-0.346904530577208,-0.0769210556653135,0.263734113632329,0.888214112334227,1.13950589851967
"2017-01-19",-0.810423626262578,-0.809543832827415,-0.804034108568461,-0.780037415376416,-0.693528119178162,-0.302744923521075,-0.035070200423755,0.305931512747072,0.945527131884788,1.208123561526
"2017-01-22",-0.832748428168926,-0.830728919995759,-0.823964983257981,-0.798836063288674,-0.713950516914735,-0.339512743622453,-0.0825023136667653,0.247598237702411,0.877257198929329,1.13958849228355
"2017-01-23",-0.820007141463121,-0.818677847125389,-0.812567531703587,-0.787617777851885,-0.700067924765469,-0.310815135937889,-0.0461367639420319,0.289665810946314,0.916102358396893,1.17232190344617
"2017-01-24",-0.822073717069096,-0.81860390250645,-0.809333694846351,-0.778287338773233,-0.67963787153737,-0.26674542342452,0.00687473350180001,0.349638249570587,0.979407528204657,1.23446143687998
"2017-01-25",-0.838158603494926,-0.831319071490059,-0.817459219802364,-0.778713511122812,-0.669349496563774,-0.24521549263098,0.0285312882938237,0.368771942685338,0.991312005674381,1.24340017845137
"2017-01-26",-0.818923671805436,-0.816192046388983,-0.807726731169587,-0.777430829308797,-0.678189554001849,-0.261134198560288,0.0119661859645389,0.349323070520875,0.954431793813364,1.19497598093616
"2017-01-29",-0.809806988394224,-0.810228750243064,-0.805956782732043,-0.782381156366034,-0.691560640215263,-0.28018280080003,-0.00566396371532329,0.334220150914212,0.941756961909098,1.18210397964268
"2017-01-30",-0.801566577816781,-0.807123345314104,-0.8094097193386,-0.795494079047038,-0.714165173634407,-0.299480056021933,-0.0186702585721441,0.325984348240562,0.928061407003897,1.16176346450055
"2017-01-31",-0.79588103656885,-0.803579651473737,-0.808515772791627,-0.798172598900188,-0.718925067448084,-0.292650156917825,-0.00111192829013618,0.356942155374849,0.9809505718021,1.2225434752135
"2017-02-01",-0.789564103521173,-0.801344619580144,-0.811802232118769,-0.810624648464324,-0.743976790314704,-0.331919633906556,-0.0424305525249646,0.314987070605388,0.938279487629708,1.17919604219554
"2017-02-02",-0.77589937144999,-0.79126768147485,-0.806482259461912,-0.812881826620471,-0.755565147441067,-0.348766534870955,-0.0566407926224474,0.305357391492804,0.936396237965909,1.17984998448298
"2017-02-05",-0.774487534681972,-0.794448810508011,-0.815912870408224,-0.832777848543637,-0.789973832066663,-0.39819706383166,-0.106047301034572,0.259731780539196,0.90192307949643,1.15029045103911
"2017-02-06",-0.779015059292074,-0.799864612987414,-0.822507319649258,-0.841245586484099,-0.800690713948277,-0.409412048149437,-0.115719584813346,0.252630555067284,0.900105567847578,1.15061879240904
"2017-02-07",-0.775741122874841,-0.798363974231947,-0.823688369539567,-0.847785922021772,-0.817487216518281,-0.449712164803601,-0.165662304131056,0.194245282884324,0.833272019892964,1.08182379134378
"2017-02-08",-0.771320901136174,-0.793123512985711,-0.817273414934668,-0.839240323118402,-0.805607491818186,-0.43432772355745,-0.151417101239,0.204814299251298,0.832674098030287,1.07582211150801
"2017-02-09",-0.78668822276672,-0.805271556039128,-0.824979481526701,-0.839301454469841,-0.794351180731849,-0.407598202064424,-0.121545278697339,0.235815020535151,0.862280358659513,1.10443999710133
"2017-02-12",-0.79631414083292,-0.81578862153048,-0.836401488804488,-0.851275905138397,-0.804147748523203,-0.403708433603334,-0.110448439079536,0.252950567767988,0.88258708830952,1.12414712143485
"2017-02-13",-0.804669206252843,-0.822288576009758,-0.840378094041654,-0.850995234587245,-0.797650626749026,-0.387086984000952,-0.0895174972849392,0.27919013719578,0.919944356729666,1.16645171500097
"2017-02-14",-0.808344952615759,-0.826662499240903,-0.84560155720291,-0.857305612445318,-0.804307511319519,-0.38805002779351,-0.0854144067123873,0.289889791538007,0.942490679071089,1.19360612672121
"2017-02-15",-0.80738573142331,-0.822606171428364,-0.837742913038418,-0.84439513485176,-0.788578563873989,-0.387531008630637,-0.0978163425302963,0.262734337322213,0.895023013259729,1.13989856519484
"2017-02-16",-0.816239491313448,-0.835061089774282,-0.854964084406006,-0.869212586978891,-0.822963438515162,-0.430528456036133,-0.141999610881591,0.216899320307128,0.84227837863566,1.08309106896272
"2017-02-19",-0.80803254228334,-0.834155468591671,-0.863366283063175,-0.891260325107892,-0.858124141719051,-0.457989387097005,-0.156935301089081,0.215608582791496,0.854589156438299,1.09766572972141
"2017-02-20",-0.806074826214967,-0.829994054822474,-0.856571519584576,-0.881159042724455,-0.846565783592727,-0.454401709643048,-0.157292075272265,0.214173145415062,0.861681671132737,1.11060418530672
"2017-02-21",-0.816692490479751,-0.845461807377263,-0.878257713635268,-0.912106925624968,-0.887086272296934,-0.494856942954263,-0.193522409040672,0.18131594620808,0.826440502729178,1.07212812247185
"2017-02-22",-0.826814489200976,-0.857944727636667,-0.89378097538946,-0.93223994044187,-0.912489697525304,-0.525157529627664,-0.22634819658963,0.143426159268413,0.773540734248819,1.01190868289434
"2017-02-23",-0.860682503690892,-0.888736330528631,-0.920828220174275,-0.954393667791302,-0.932041163969018,-0.558205120813611,-0.269753548965228,0.0894414469816551,0.708073721522864,0.943725347428432
"2017-02-26",-0.809661296725839,-0.842800117562041,-0.881629867199069,-0.925926428109156,-0.916855981628496,-0.551473969628503,-0.260315114297587,0.103916524983631,0.73101123300576,0.969435007161296
"2017-02-27",-0.808149984690807,-0.838307821037136,-0.87346428513925,-0.912758369290509,-0.899959393902921,-0.539911428883053,-0.252100344749021,0.111571892701991,0.748080673705317,0.992699031285391
"2017-02-28",-0.835627749117124,-0.853993033612059,-0.873535717177922,-0.887957899512911,-0.84407786463169,-0.45944094068939,-0.171860100569435,0.190473656353846,0.833482184282884,1.0840374746738
"2017-03-01",-0.838278588527424,-0.859091417706273,-0.88138400275985,-0.898600094953764,-0.853097101435557,-0.445952540194381,-0.145712459149108,0.22702434478285,0.873653486257782,1.12183838368573
"2017-03-02",-0.839876052504478,-0.856226370825586,-0.872449518080789,-0.879507505283107,-0.819922203071895,-0.398061899970613,-0.0976314716666328,0.271820297679406,0.908595407769755,1.15245937595394
"2017-03-05",-0.843195621759945,-0.862846797858902,-0.883177796838534,-0.895946121822385,-0.840901816214681,-0.412729469123108,-0.106931066194696,0.266371357576525,0.900855087006659,1.14150223522906
"2017-03-06",-0.849022700401783,-0.875055457414077,-0.903641355797457,-0.928905870780282,-0.887205243882592,-0.457973045200845,-0.143069125874837,0.241795036261271,0.892313793111908,1.13776395997869
"2017-03-07",-0.960050335708222,-0.964889960899933,-0.965652591705612,-0.947370479627335,-0.853812386980565,-0.395336519326767,-0.0891633952585601,0.284110653486189,0.931166487533552,1.18119851848725
"2017-03-08",-0.983805698739188,-0.983847747285277,-0.97803114607772,-0.948535686265256,-0.838606503219036,-0.357387944867819,-0.0454401205777363,0.33213639829231,0.984942150985366,1.23737633775435
"2017-03-09",-0.969306444061028,-0.969692287450815,-0.963460075749276,-0.930589185832096,-0.808326445236255,-0.290720682312736,0.031256989321707,0.407658162165163,1.0265518990975,1.25832806005784
"2017-03-12",-0.988611360985468,-0.983778895878343,-0.970986868207615,-0.928800205324625,-0.798586961593362,-0.290690990984833,0.0208851848598841,0.386900158039784,0.997330340529547,1.22843960954503
"2017-03-13",-0.973997519330267,-0.970761423502686,-0.960332080802285,-0.922711640524603,-0.800777314719425,-0.309972072461943,-0.00453946916701853,0.356814925423548,0.964288501544655,1.19528809354002
"2017-03-14",-0.97425199075434,-0.970746574093988,-0.96029089797625,-0.923686146505899,-0.806366311396843,-0.332335473526755,-0.0340468283290393,0.322639284935945,0.932067210426875,1.16631770722029
"2017-03-15",-0.952880373802152,-0.95069649869524,-0.941730619238451,-0.906667386400044,-0.788649621601841,-0.30385281236182,-6.34039002707087e-05,0.360176698983087,0.966819168288239,1.19764481872849
"2017-03-16",-0.967319764288884,-0.958114393702997,-0.940344634932759,-0.892878331642498,-0.764750263795362,-0.295944018713795,-0.00770433094907863,0.337738348152304,0.93659665244462,1.16992075742845
"2017-03-19",-0.998331536638692,-0.985743668510093,-0.963470446335805,-0.908751985001587,-0.771313247562997,-0.293946005804325,-0.00472955301670808,0.341943824255351,0.947406431317452,1.18513618729739
"2017-03-20",-1.12919990192646,-1.09115600969453,-1.03521070556025,-0.92723612894751,-0.726091953321053,-0.225331374050913,0.0379254797923648,0.351026449720243,0.943607329867182,1.18786683412093
"2017-03-21",-1.1176181344346,-1.08231882257162,-1.03031491517948,-0.929622394150561,-0.740860873674057,-0.263675246937253,-0.00826071629955205,0.29992346101622,0.893768945998511,1.13117870623238
"2017-03-22",-1.10597714949097,-1.07011379207526,-1.01730189529332,-0.91512313548188,-0.723855617540844,-0.241967599162317,0.01504258407778,0.324462798566886,0.921631356555034,1.16770243984489
"2017-03-23",-1.1166556315326,-1.07967836982183,-1.0253384150745,-0.920584354479909,-0.725854536997314,-0.243098022645427,0.00992835428768873,0.311031053296155,0.891029032590988,1.14942085037674
"2017-03-26",-1.07024091864664,-1.03566864740907,-0.984766763668434,-0.886311995531432,-0.7021078908317,-0.238376257503102,0.00895051439200512,0.307153522153144,0.889151299928925,1.14041717711631
"2017-03-27",-1.08929676738924,-1.05394689393134,-1.00195124625485,-0.901554699703131,-0.714338456595795,-0.24663499058476,0.000747185573670872,0.29735958093225,0.875534247034426,1.13398206091876
"2017-03-28",-1.08235612485258,-1.05088440535693,-1.00440024067183,-0.913981698035493,-0.74294076116917,-0.300528817975772,-0.0568828238401797,0.244757770225374,0.855577718716924,1.10833939295966
"2017-03-29",-0.954853480993435,-0.938503265048156,-0.912474993466111,-0.855866551766015,-0.729959491347763,-0.325003666983667,-0.075857446576568,0.237731964384347,0.846022768774742,1.10866414302262
"2017-03-30",-0.981976137359369,-0.960712838043655,-0.92822772505991,-0.86156950612761,-0.724327858167927,-0.319756006493643,-0.0786910183927674,0.22595648543921,0.839463142222208,1.11824145198346
"2017-04-02",-0.997663721891667,-0.978693291050945,-0.949452811905529,-0.888629220575853,-0.760758936316521,-0.371144015946251,-0.133257383590938,0.171645019963805,0.796872279196756,1.08478208211714
"2017-04-03",-0.922045571005067,-0.913397430608248,-0.898080286575915,-0.860152379337815,-0.762542261308646,-0.397365962173976,-0.155617163835289,0.157455087466243,0.778418729934225,1.04852727744449
"2017-04-04",-0.924527334413506,-0.918215477453881,-0.905891850243457,-0.872365097541204,-0.778807208819243,-0.408289550837293,-0.159769920287765,0.160880698581681,0.786414778659005,1.05347098235565
"2017-04-05",-0.89655171220006,-0.891235601946768,-0.88031455769661,-0.849303311320686,-0.759857748987892,-0.397455621668821,-0.15264273963957,0.163590652633734,0.779726141818637,1.04214445900803
"2017-04-06",-0.806853766811223,-0.824230690589106,-0.84285048085378,-0.857117417544062,-0.817708270281636,-0.460864951216862,-0.191863515997904,0.14870964937725,0.756991953432579,0.994987530484744
"2017-04-09",-0.790360840668903,-0.815047583690108,-0.843083687812429,-0.871498012353274,-0.846993227019208,-0.490166916074177,-0.213853990611353,0.133530989017278,0.741315679070295,0.975257610141883
"2017-04-10",-0.805660297785127,-0.827133500588367,-0.851076779518087,-0.873506817071451,-0.843323412511356,-0.490350481477609,-0.219827346045336,0.12131693315633,0.723196874185442,0.956364787655556
"2017-04-11",-0.729808938571173,-0.766141918798909,-0.809056873796024,-0.859519739611233,-0.857804363662247,-0.5046709329767,-0.223378052203144,0.123898285732192,0.708864763339168,0.928217810548069
"2017-04-12",-0.764114060260629,-0.794101138622117,-0.829029805298349,-0.868074070005849,-0.85606337140086,-0.509450511154511,-0.23606491103372,0.105111511552894,0.691604659420353,0.914481686802791
"2017-04-13",-0.736782688792675,-0.774189570312537,-0.818439395223128,-0.87077336295273,-0.870724522279011,-0.517579016479307,-0.236491492846443,0.109291068174605,0.688462083237448,0.904901966531626
"2017-04-16",-0.769916302761323,-0.804784047980702,-0.845049349630513,-0.889171527782999,-0.873714727862498,-0.495483201668941,-0.212830152769857,0.125217846025302,0.674158196757219,0.876116584877554
"2017-04-17",-0.811875949945961,-0.834159319662134,-0.85910319647847,-0.882962349590497,-0.854461284756057,-0.507266452569539,-0.24346839911152,0.0857200224459989,0.657136426196385,0.8761405334718
"2017-04-18",-0.807377427621036,-0.822085794496448,-0.837260953863467,-0.846414684419802,-0.802372977321944,-0.455566636180557,-0.200244421951078,0.120090486204812,0.686898682608706,0.907533727040809
"2017-04-19",-0.799445231085614,-0.814693851239867,-0.830326063879286,-0.839369192577439,-0.792463478387657,-0.431849402416533,-0.169484556986416,0.156815615749707,0.727061826244805,0.947254294578299
"2017-04-20",-0.790709215340245,-0.806974331213124,-0.823885838327999,-0.834752887023598,-0.789445053733302,-0.427358446437973,-0.163421301466649,0.164124603191821,0.733959065172755,0.95326338517831
"2017-04-23",-0.763586523427146,-0.771698615284934,-0.777950031824584,-0.772267064290915,-0.707628235515421,-0.335231324607824,-0.0737356135107764,0.252334057299364,0.831851294664283,1.05901202649795
"2017-04-24",-0.792442491090741,-0.795398892310353,-0.794637416063447,-0.777183802474648,-0.695920561546523,-0.302480313265401,-0.0363224327370065,0.293251033591618,0.879243639866885,1.10979121602962
"2017-04-25",-0.811385383779198,-0.813102616690656,-0.810850863526581,-0.791508629437052,-0.709433897348036,-0.321361963793454,-0.0582412005591543,0.269935465695279,0.86143858867568,1.09661049076316
"2017-04-26",-0.84277783451603,-0.844254734298523,-0.841975771225472,-0.823521683426563,-0.74548181625589,-0.371358104824251,-0.11302281048903,0.214470762670933,0.820170658678078,1.06565134368674
"2017-04-27",-0.852250484974698,-0.851391924352091,-0.845959180674008,-0.822284963522059,-0.737097354625919,-0.354616612090296,-0.0944361027946455,0.235023802325652,0.846979046368178,1.09633379433988
"2017-04-30",-0.853982451900004,-0.851903581981205,-0.844454214040663,-0.816291508821448,-0.721530700986573,-0.317359678527116,-0.0513508261638285,0.277819665675768,0.869053351277301,1.10420944028163
"2017-05-01",-0.857079301207428,-0.853502279046244,-0.844495585957889,-0.815236866159557,-0.723577003600865,-0.33960555036466,-0.0826770823765609,0.242548321061992,0.850898547017815,1.10082681063339
"2017-05-02",-0.837625939853517,-0.836815812591905,-0.831471961301868,-0.808024977901353,-0.723432739272824,-0.343130371287445,-0.0843224651661824,0.24344666619795,0.852331199846056,1.10044640133109
"2017-05-03",-0.845367115380796,-0.841839344319499,-0.832527418963908,-0.801555484161345,-0.703633117556755,-0.29617051670123,-0.0274588675810031,0.307886240909509,0.920469856686508,1.16749576706852
"2017-05-04",-0.838865255156132,-0.833804230772578,-0.82238094695902,-0.787794183798584,-0.68461472515182,-0.270755593706398,-0.00146378985221807,0.333007799998604,0.941658327697513,1.18671255770064
"2017-05-07",-0.841051552588154,-0.833224709818712,-0.818313841424769,-0.778759703229554,-0.671397583840252,-0.263519346682819,3.76039910987558e-07,0.329983433799112,0.943483062219519,1.19539988552572
"2017-05-08",-0.829254553061172,-0.824198613809121,-0.812878264964375,-0.778745854466971,-0.676926664086354,-0.265425772091486,0.00513075724918632,0.344344401835937,0.971111010087519,1.22644355330684
"2017-05-09",-0.835853080987759,-0.828362614791165,-0.813902157740111,-0.775075294994066,-0.668612233951018,-0.260914857125267,0.00335446657892291,0.334685277052538,0.951329451783828,1.2046510341741
"2017-05-10",-0.852592176860116,-0.841329268173511,-0.821928019758663,-0.775437395109014,-0.660239318199577,-0.250492368529585,0.0102910390556543,0.338490045630247,0.960968969803222,1.22196847214134
"2017-05-11",-0.852792634640398,-0.842453465820482,-0.824482731592153,-0.780953140068738,-0.671716946362599,-0.276487990179949,-0.0215663308774403,0.302355781484736,0.925906360096354,1.19049105796066
"2017-05-14",-0.839088935440166,-0.830302838550978,-0.814316172141097,-0.773668184939808,-0.666851109248476,-0.265443772093082,-0.00305585955206089,0.331168208985534,0.973206254125399,1.24445235885474
"2017-05-15",-0.830730306090902,-0.821886936100929,-0.805790454996618,-0.764859118832947,-0.657352006825473,-0.254280675254434,0.00841904799551318,0.342148442610086,0.980325104912462,1.24890688258324
"2017-05-16",-0.825847822513013,-0.820945656612529,-0.810316205297756,-0.778881511081977,-0.685681235745614,-0.302921457833181,-0.0445612232756669,0.287531833730421,0.927547866923114,1.19737542170621
"2017-05-17",-0.823576584402249,-0.819156313481362,-0.809347384468802,-0.779821470445511,-0.691008501488998,-0.320419952208324,-0.0672329687120943,0.261192442955199,0.903363039822499,1.17730767242964
"2017-05-18",-0.825885739663545,-0.820063001750822,-0.808315804807575,-0.775441584405775,-0.681614575060115,-0.303645796005047,-0.048390681812531,0.281802530454221,0.927381613429972,1.20327306962121
"2017-05-21",-0.826171812578339,-0.819328516813648,-0.806125174396912,-0.770587059000934,-0.672288137243234,-0.285657889218155,-0.0270557805729903,0.306248231628434,0.955870839544468,1.2330952786513
"2017-05-22",-0.841714752284022,-0.831477341053879,-0.813738937187106,-0.770879825973147,-0.663332432159213,-0.271015517969744,-0.0147689567794916,0.314784059983206,0.962867974212837,1.24307577921056
"2017-05-23",-0.869070641364886,-0.856305124976415,-0.835190151478743,-0.78688456275898,-0.672467871969398,-0.2758627821856,-0.0211410542747029,0.306268809765442,0.956357077968755,1.24119631127453
"2017-05-24",-0.835430746503563,-0.829437081671811,-0.817479963026549,-0.784323030496019,-0.690296062556597,-0.312516351653698,-0.0570906568127338,0.274038078820803,0.924304762627497,1.20333105127267
"2017-05-25",-0.839004810945572,-0.834219864988627,-0.823992670332335,-0.794018018788871,-0.705392457839458,-0.338372775652897,-0.087269068758062,0.239704953820646,0.884256211379168,1.16130850210601
"2017-05-28",-0.832500058050248,-0.832824093169946,-0.829498887268381,-0.810912876026073,-0.737483128953527,-0.383251532756124,-0.130061691297449,0.202613082220218,0.857016471783741,1.13590268351779
"2017-05-29",-0.835461731243957,-0.834108917417271,-0.828627660340973,-0.806834591708892,-0.730239827509705,-0.37782087497043,-0.127483706544702,0.202961905921797,0.861864831710156,1.14655060210398
"2017-05-30",-0.837827039154666,-0.837278629036243,-0.832788206612123,-0.812311244319995,-0.73638271794694,-0.379093722354393,-0.124598374295731,0.21049303133573,0.873905519890355,1.15848138249401
"2017-05-31",-0.829273739778858,-0.829660945503972,-0.826387269841012,-0.807768107590519,-0.733852378155712,-0.376519558833837,-0.120946746891594,0.214934023007181,0.87576377950458,1.15741090408375
"2017-06-01",-0.823531679244445,-0.826170174333662,-0.82600125075579,-0.812719595351123,-0.74668350021937,-0.400069538568196,-0.146743782531798,0.188047442602916,0.848111392751944,1.12916068564953
"2017-06-04",-0.834503705452712,-0.833465802867659,-0.828438939113785,-0.80748368464634,-0.732253297446217,-0.381499951819624,-0.130732327279059,0.201568565484163,0.867877799245451,1.15703130389578
"2017-06-05",-0.829168626506193,-0.832482632572453,-0.833283881654691,-0.82178613889732,-0.758701528695434,-0.416730168419792,-0.164028832828539,0.171731331589163,0.838166317496505,1.12328415048875
"2017-06-06",-0.836737935268226,-0.837427785950773,-0.834739268705111,-0.817664037197702,-0.747734786103828,-0.402725494385006,-0.152790685328837,0.178770244652058,0.840822268891224,1.12642747939619
"2017-06-07",-0.836653198501969,-0.837813415878081,-0.835719991687103,-0.819503680842563,-0.750372986303252,-0.405242692401035,-0.155423773765513,0.174807126523456,0.829202903792972,1.10951974906309
"2017-06-08",-0.835868389306883,-0.837457789712084,-0.835947695139615,-0.820691822712867,-0.752745154639682,-0.40696158212997,-0.154726435884878,0.180110171910858,0.847446609274851,1.13454205834027
"2017-06-11",-0.842286037959564,-0.841446952360838,-0.836822982083369,-0.816981795747346,-0.744790637286489,-0.404536006414525,-0.159461419775896,0.16711807635999,0.827918887810296,1.11688883745774
"2017-06-12",-0.828702753368111,-0.826188645145622,-0.819362682155535,-0.796098844872272,-0.720114368086574,-0.381171818305066,-0.140526674687317,0.179544202902344,0.829303365982552,1.1150182077356
"2017-06-13",-0.828462081731024,-0.824606464546771,-0.816230682629886,-0.791292178519548,-0.716147945737181,-0.393805420966593,-0.165276119795603,0.141579471799615,0.779398886338931,1.06674252578806
"2017-06-14",-0.826087287157805,-0.816194534198167,-0.799599575997431,-0.76090422079232,-0.666832482855163,-0.32666871297673,-0.0998994068130178,0.200173076052357,0.825755531316254,1.11215760342202
"2017-06-15",-0.810843511658743,-0.805799888624788,-0.795697827602372,-0.767504996060957,-0.686616410529583,-0.352289043364811,-0.119076242973012,0.191698855086101,0.831939201839182,1.11858989388898
"2017-06-18",-0.811750372673736,-0.805512912333407,-0.79380621046762,-0.763001361145298,-0.678804704694014,-0.343260430191702,-0.112249436751216,0.194459286534598,0.825659184656868,1.10866694706553
"2017-06-19",-0.817918121608603,-0.810553700216265,-0.797408926144088,-0.764522690926455,-0.678613390526722,-0.347722502057421,-0.122113937372322,0.177477206503076,0.798139745921316,1.07893628642748
"2017-06-20",-0.822677229841132,-0.813032752692331,-0.796797923439215,-0.758797532150265,-0.666123242372616,-0.331232282971275,-0.109008077475117,0.183435639564787,0.786406304821109,1.05942704655605
"2017-06-21",-0.826890626964078,-0.815886074625982,-0.797906582252624,-0.757344503659811,-0.662386917169317,-0.331696101560244,-0.114584820446285,0.171750808201567,0.770116523062734,1.04582830541404
"2017-06-22",-0.824742427897419,-0.81363200006059,-0.795551069682847,-0.754953475849082,-0.660351828208586,-0.331204571697318,-0.114144683604323,0.17387951728563,0.78370936453002,1.06859121518451
"2017-06-25",-0.824272533262483,-0.81319868314926,-0.795185326570504,-0.754763320886491,-0.660639545768234,-0.333432016298555,-0.117749066926734,0.168390169437045,0.774109265574881,1.05704106785033
"2017-06-26",-0.848996403754381,-0.82944924186275,-0.799552763212863,-0.738088477896107,-0.611085310923501,-0.233531698412799,-0.00643422793963733,0.282881619013393,0.87404240654764,1.146514138441
"2017-06-27",-0.831909259961538,-0.817311029017547,-0.793956110170923,-0.742786935367855,-0.627706626926776,-0.250260889215857,-0.013850273671431,0.287813165095009,0.886211028226868,1.14965699101005
"2017-06-28",-0.812788851337493,-0.798078378582571,-0.774234787706883,-0.721136014110525,-0.599630774411608,-0.197619547075513,0.0520697461274732,0.366077470144907,0.969864845787067,1.22767627116514
"2017-06-29",-0.795237647342986,-0.783400890849114,-0.763228209798524,-0.715491994864628,-0.598820961693549,-0.190002534423576,0.067888088454587,0.390825901007871,0.999350236164321,1.2533180233456
"2017-07-02",-0.811931980052741,-0.799101951923913,-0.777554401351916,-0.727423669728004,-0.607021853300522,-0.191045113275321,0.0705145154333561,0.398546868842886,1.0201295153596,1.28108804999657
"2017-07-03",-0.794730928987853,-0.786777025571832,-0.771665095547364,-0.731654332748826,-0.623081492122415,-0.209006061317188,0.0600718810804384,0.398837751278534,1.03440285355801,1.2973024103785
"2017-07-04",-0.790704511701913,-0.782231505471325,-0.766486785879246,-0.725661119579577,-0.616795627530994,-0.206616841562192,0.0591214273913723,0.39382783998836,1.02343158961743,1.28461556472809
"2017-07-05",-0.809847084092239,-0.796691463849533,-0.774110671896298,-0.72034293392942,-0.588737858674708,-0.134559583748351,0.144863010024494,0.486508486173347,1.1046666179473,1.35425150204541
"2017-07-06",-0.810146886020965,-0.797659823010606,-0.776028385048715,-0.72395913575703,-0.594934765784278,-0.142838684559786,0.138359771583623,0.484684307041784,1.11782827718106,1.37539529437491
"2017-07-09",-0.810155290319176,-0.797416211854585,-0.775636525970381,-0.72395120476778,-0.59752395203791,-0.157339778679831,0.117367824420025,0.457816053429564,1.08796598739298,1.34707309838709
"2017-07-10",-0.812305971628079,-0.799257505333131,-0.776981085326605,-0.724217015537776,-0.595481459384506,-0.149197071090616,0.128196542528164,0.470890606535152,1.10206461653171,1.36058835270568
"2017-07-11",-0.803303593956955,-0.792551639812505,-0.773534568574552,-0.726665169535055,-0.607529223055446,-0.177609066856673,0.0951657625146223,0.43543931276721,1.06884319617442,1.32994501033493
"2017-07-12",-0.817586478396167,-0.803463265097893,-0.779901797605973,-0.725559014448823,-0.596486454154274,-0.157804170462821,0.114336717773753,0.452305892508479,1.08313378146612,1.3448247784176
"2017-07-13",-0.801523141885177,-0.79072938073702,-0.770902006077115,-0.720325479333089,-0.588976783308028,-0.121783644462998,0.16281706908843,0.503393061756461,1.09456020629817,1.32537009866036
"2017-07-16",-0.764867352265141,-0.762061531640836,-0.752630062630615,-0.71800965734864,-0.604536794445682,-0.141906618050356,0.149122341739355,0.496252525155375,1.08652102360491,1.31261609588164
"2017-07-17",-0.754307248684835,-0.752585952082273,-0.744845805006442,-0.713730904543179,-0.607162247685419,-0.159362060724339,0.127098364660878,0.472305207417642,1.0671715612575,1.29691913539047
"2017-07-18",-0.737610461998164,-0.740435322840219,-0.7385664766533,-0.716332044894142,-0.619380693376505,-0.173599402824423,0.115745014382661,0.462788889333884,1.05213719291381,1.27705328595639
"2017-07-19",-0.786831419646581,-0.781619190862892,-0.769522151240048,-0.732318298794958,-0.62083153990501,-0.179328512594797,0.102154761310198,0.445268780853726,1.05117875068783,1.28974887019254
"2017-07-20",-0.791357954092084,-0.78389522391133,-0.769166664804274,-0.728911422537979,-0.617355391355051,-0.191481331799506,0.0810808412627945,0.418256458457993,1.03146651930445,1.27876413947499
"2017-07-23",-0.799524460693808,-0.792512659254264,-0.778332847123078,-0.738789724025982,-0.627568482814592,-0.199379051409136,0.0748662813602684,0.413545130016936,1.02699204069314,1.27350374325052
"2017-07-24",-0.762325382380705,-0.761504240183438,-0.754951826138139,-0.725676739572832,-0.62099202336061,-0.170062957177259,0.12166172665543,0.475312872851176,1.08912390371591,1.32721463559046
"2017-07-25",-0.72817678596719,-0.735079556971235,-0.738497656627278,-0.724273199244226,-0.635697143162052,-0.186203214575909,0.112401721913257,0.472253741671826,1.08372173887588,1.31675036408693
"2017-07-26",-0.747478351897769,-0.751668893827717,-0.751876041627269,-0.733739007368964,-0.643979598465621,-0.206928954563395,0.0854071667542027,0.442831607373679,1.0654525021115,1.30687954151136
"2017-07-27",-0.748073974497737,-0.752993957839405,-0.754062709693476,-0.736954116595035,-0.64732708947322,-0.205125621010183,0.0907208035168502,0.451611653025191,1.07746463920303,1.31934036336398
"2017-07-30",-0.753889176614798,-0.757821493418443,-0.757512278794693,-0.738011484326399,-0.644949115988898,-0.200390784172027,0.0933228429400647,0.449283192732647,1.06177609621765,1.2973922214249
"2017-07-31",-0.765720720681066,-0.769144275580408,-0.768540352544854,-0.749803742133907,-0.6617237151518,-0.238312846124642,0.0448249032339134,0.391776118579234,0.998833748459736,1.23501086194379
"2017-08-01",-0.724708479284418,-0.735860384855457,-0.745235225216425,-0.741573284343616,-0.669687479950454,-0.248247208029557,0.0412893443405292,0.393720972718496,0.996844330287907,1.227257394333
"2017-08-02",-0.763982823434173,-0.765345473611158,-0.762368662953081,-0.741030058285347,-0.653658946266928,-0.248888927716689,0.0222755449897787,0.357721594870256,0.95533508229304,1.1910426401143
"2017-08-03",-0.7839596566462,-0.78236625350337,-0.775411912477257,-0.747532852275394,-0.651329977177998,-0.236680579548452,0.0364265470691633,0.373781828499552,0.977309076303503,1.21656375975644
"2017-08-06",-0.773696481842505,-0.774318161394952,-0.770282282935046,-0.746999775351791,-0.656341548507545,-0.245060756730636,0.0287145269963985,0.366681395757824,0.967824375022386,1.20477872898586
"2017-08-07",-0.786973505658894,-0.783290976225226,-0.773667162070343,-0.741860187512145,-0.641860171040588,-0.229311802117744,0.0405373491687112,0.375069203773984,0.979905853701392,1.22195140798086
"2017-08-08",-0.754446485848894,-0.75649699651462,-0.75441208700358,-0.734458153917753,-0.648863748304758,-0.24771703977922,0.0202927215863195,0.350097872787432,0.932168004201119,1.16013590279395
"2017-08-09",-0.753701087837336,-0.756174246638097,-0.75470910819634,-0.73594317375737,-0.652519758477463,-0.256397100529151,0.0092631323430723,0.336577771299688,0.914785018203401,1.14131854358959
"2017-08-10",-0.780074873385181,-0.780404204755872,-0.776312451464362,-0.754057414067203,-0.668564898974968,-0.280611150032489,-0.0208216857723533,0.301873915398262,0.88166907203188,1.11190368102228
"2017-08-13",-0.762822733461052,-0.767453434353385,-0.76872553009396,-0.753915391706145,-0.674020312169908,-0.273641629095239,-0.00284433931300154,0.330177360072189,0.914412655416399,1.1419333347041
"2017-08-14",-0.703206224916584,-0.717108201987676,-0.730125392059064,-0.73232970278239,-0.668355697738974,-0.259748394176181,0.0225225189223068,0.363956765535142,0.940657804406801,1.15893650479661
"2017-08-15",-0.703349865317953,-0.718175317573907,-0.732278193380897,-0.735769657884905,-0.671978391049116,-0.257493129498751,0.0285493835294792,0.373479183425637,0.953086520258072,1.17172949749234
"2017-08-16",-0.715072591417095,-0.726872182555513,-0.737241028586332,-0.735649169543212,-0.668205056934484,-0.261251826561146,0.0190113145367408,0.359568292520484,0.940086818849971,1.16122544969059
"2017-08-17",-0.688978181943648,-0.706341505418066,-0.723867534524824,-0.733033621187729,-0.677158578466274,-0.273512306986198,0.00897444503691558,0.349951540363884,0.921536471319975,1.13662924180596
"2017-08-20",-0.687342167864133,-0.706408549694988,-0.726234624349687,-0.739198820678663,-0.688429437557642,-0.289464437029081,-0.0066025850794883,0.336024399036661,0.911725049349949,1.12853112386707
"2017-08-21",-0.713186735103399,-0.727685420508786,-0.741734881372478,-0.746335834521612,-0.687594201917695,-0.290385442637611,-0.0108072485583216,0.331025850948673,0.916227920443645,1.13947595322759
"2017-08-22",-0.645491377429045,-0.676475101000211,-0.711544563308256,-0.747135104507554,-0.719711478135667,-0.321853368011143,-0.0298304690280463,0.320317809985734,0.893576751026706,1.10564686040748
"2017-08-23",-0.657277790447979,-0.686887435612776,-0.720249271993195,-0.753455428042312,-0.723992062109124,-0.327160873021417,-0.0359539991885025,0.314387428527495,0.89111766263974,1.10517176924808
"2017-08-24",-0.665565100811238,-0.693256402340707,-0.724149434314934,-0.753631504911776,-0.720066248081293,-0.32121679862253,-0.0301219487222385,0.320758327985361,0.900978779248492,1.11697032057086
"2017-08-27",-0.622669193258727,-0.662465364491791,-0.708729630352303,-0.760668632152839,-0.749102983949461,-0.345635355231606,-0.0421231626495885,0.320171205745142,0.905869761297966,1.12075330504321
"2017-08-28",-0.691688048355928,-0.717210897540698,-0.745671055506235,-0.772648436916243,-0.740114164188113,-0.357103398985746,-0.0736364371962095,0.272512261784667,0.855384758519956,1.07467542838455
"2017-08-29",-0.680680887517868,-0.708475225342371,-0.739660374720003,-0.770086193019375,-0.739097760248336,-0.346691139811548,-0.0572373792087454,0.293708731693654,0.878121341629045,1.09649891654555
"2017-08-30",-0.680178256219511,-0.709035379318885,-0.741500251209194,-0.77357088921026,-0.7434714253366,-0.347827305234567,-0.0565566787921855,0.295285731774628,0.877892171477093,1.09486229206948
"2017-08-31",-0.724247240353116,-0.74361772231249,-0.764035083944494,-0.778468817781314,-0.730732256352762,-0.333619697526544,-0.0459885872856376,0.307475273334889,0.912830388631972,1.1434037335895
"2017-09-03",-0.717957611058692,-0.739281995641635,-0.762335489185943,-0.78111117322446,-0.739160171589686,-0.346961373770704,-0.0585122944758115,0.297395754888771,0.908604995908914,1.14161932814925
"2017-09-04",-0.703260134547622,-0.730716358193941,-0.761656354558899,-0.792291983825977,-0.763177349647031,-0.375640832221596,-0.0857386905411103,0.269212657895614,0.867944290967071,1.0933247646735
"2017-09-05",-0.725794890701481,-0.747385233162979,-0.770683072155362,-0.789552208927804,-0.747088445784472,-0.355422512919499,-0.0703949438809056,0.278271502694813,0.869843961114126,1.09370585372356
"2017-09-06",-0.723550870061251,-0.747616876671408,-0.774416137229952,-0.799556342114613,-0.766985622505391,-0.389728229070277,-0.106996162184688,0.242527952621338,0.841632004178321,1.06949025303791
"2017-09-07",-0.730481413836422,-0.749740846477956,-0.770537383607103,-0.787247253745879,-0.747568186329004,-0.376559586274614,-0.099150266913572,0.24842281193563,0.858950371940151,1.09511172330876
"2017-09-10",-0.718465559961621,-0.738829620188083,-0.760982157362097,-0.779502471402637,-0.740926747459639,-0.365604151430097,-0.0847654210815709,0.266206889370286,0.879731809235666,1.11623743027979
"2017-09-11",-0.740530429156637,-0.755489532743068,-0.77021583863469,-0.776027231602749,-0.718691091269743,-0.316051866027673,-0.027441112131011,0.330018117788318,0.952921798611361,1.19320716516589
"2017-09-12",-0.737093393375885,-0.751609698055258,-0.765748377062384,-0.770625541859328,-0.712166706418177,-0.309272636382258,-0.0214267234848695,0.334755858442385,0.955034155117498,1.19425308307827
"2017-09-13",-0.748615636492702,-0.76253524563518,-0.775720587728137,-0.77855870204895,-0.715920645554512,-0.303476799968152,-0.0123694216542022,0.345671425330111,0.964698803684188,1.20242681006753
"2017-09-14",-0.735000840550215,-0.74834029447978,-0.760579754597288,-0.761372607965038,-0.694667336608371,-0.2752637239324,0.0159563319960323,0.370661036530549,0.976287688298254,1.20711944130826
"2017-09-17",-0.736616317846793,-0.748599554768551,-0.75902073040237,-0.756828183576393,-0.6860065510356,-0.260635234096001,0.0330889809577855,0.391145108659697,1.00452821285705,1.23894423925118
"2017-09-18",-0.737305121802359,-0.750256786446693,-0.761894847965208,-0.761434284874075,-0.692140361163592,-0.265633246528478,0.0292789048140116,0.38805013021931,1.00010914852159,1.23332642522549
"2017-09-19",-0.741022829124245,-0.753071899301909,-0.763644924765754,-0.761914682388829,-0.692452581789724,-0.272227152371452,0.01837473709184,0.372776699512774,0.980082560657539,1.21220004247976
"2017-09-20",-0.748432282847581,-0.75807245022973,-0.765375169780279,-0.758191730408965,-0.681239341836145,-0.253547221529812,0.0368555197641268,0.389125860189445,0.990510218616598,1.22006660806234
"2017-09-21",-0.736750843898194,-0.748492349656773,-0.758339102172029,-0.754498769318211,-0.679808510109702,-0.249977170960484,0.0395958635823813,0.386405929334845,0.966447979124526,1.18491693407364
"2017-09-24",-0.749952299329986,-0.762589091611032,-0.773999740055414,-0.773828542918683,-0.707242927487408,-0.295467314216507,-0.0104736536366541,0.336324674830238,0.928068956168047,1.1535599282574
"2017-09-25",-0.740705156382641,-0.756514256407252,-0.771857616577297,-0.777103034538928,-0.714649192199237,-0.296070231145504,-0.00557554562387108,0.345270810602165,0.935448069262145,1.15815619301042
"2017-09-26",-0.77103630662505,-0.780893977967388,-0.788128100641583,-0.779710510243831,-0.69775798138872,-0.253524789782864,0.0430047687747684,0.39816092948254,0.993948920453349,1.21893704793877
"2017-09-27",-0.768894306160413,-0.780476052786724,-0.78975073987792,-0.783812055712236,-0.702531106674173,-0.249229983106119,0.0528273455860679,0.412450247577807,1.00967893786558,1.23373771328813
"2017-09-28",-0.760064830752633,-0.771047541946489,-0.779753343943628,-0.773640808022118,-0.694555666019347,-0.253748851796039,0.0411609662519562,0.39365311917035,0.982379555498819,1.20401736155913
"2017-10-01",-0.759406074650722,-0.772471667636446,-0.783882738894154,-0.781913864029478,-0.707493531383292,-0.268359000297834,0.0277972386192104,0.38161300820724,0.970590944721841,1.19172571534363
"2017-10-02",-0.783115813116363,-0.79079305131079,-0.795305438645833,-0.783077810545032,-0.698009309716738,-0.257707605382653,0.0352366276922004,0.387603994601456,0.9839734115871,1.21059494483665
"2017-10-03",-0.759968830823022,-0.772309310206597,-0.782842418364001,-0.779725414096639,-0.704588314899446,-0.266963979936079,0.0286094513937117,0.382864746214203,0.975657673881052,1.19896638683682
"2017-10-04",-0.77603609699016,-0.782677116473793,-0.78593489856069,-0.772095868346236,-0.686311044986287,-0.251433116827322,0.0373859585745385,0.385416974597106,0.976764493572813,1.20212076544003
"2017-10-05",-0.765918630200237,-0.777394555563764,-0.786624296289821,-0.780938434771268,-0.701125199025689,-0.254998125235999,0.0424273092308151,0.3965867260644,0.984800638965404,1.20548458682616
"2017-10-08",-0.762127712302237,-0.772911928892393,-0.781488904162197,-0.775594572561334,-0.698090093711836,-0.263408736712884,0.0289871002622318,0.379982481914899,0.969716527326153,1.19253585883959
"2017-10-09",-0.798751844933764,-0.801944739375873,-0.800804318927623,-0.780498382049069,-0.688361389064397,-0.255542194420684,0.0290680369116878,0.373481883396346,0.965459183020096,1.19309375544328
"2017-10-10",-0.76898107243393,-0.781012867373479,-0.790838755881278,-0.785659936100989,-0.705106561362856,-0.253144219739535,0.0471542444808224,0.403388163373347,0.991754538605654,1.21174649643225
"2017-10-11",-0.774923461526651,-0.786854766050802,-0.796779124279943,-0.792469315616524,-0.715081093378685,-0.272037500155785,0.0261039550792618,0.383061381372093,0.979942582026638,1.20473739253039
"2017-10-12",-0.789476546266856,-0.800742279024237,-0.810135726967362,-0.806079515507484,-0.732352811531327,-0.304033596605617,-0.0113869629343623,0.343402018866611,0.94721038498104,1.17709505498959
"2017-10-15",-0.790073053931116,-0.80321853969488,-0.815218391779908,-0.815690931873412,-0.748819271155777,-0.330671496696505,-0.040634741292583,0.312520682732869,0.915373867229628,1.14513192646169
"2017-10-16",-0.800960720779053,-0.80972407193025,-0.816220186592083,-0.808891997542548,-0.735401035177116,-0.325206715011714,-0.0433101664637729,0.302479995176242,0.902706956425467,1.13432791189483
"2017-10-17",-0.806502147525034,-0.814108839929518,-0.818791832871009,-0.807682325248824,-0.726696839187732,-0.300342328612587,-0.0134549698974047,0.334495389061544,0.930157026008835,1.15812689820173
"2017-10-18",-0.782615540453858,-0.795950410823193,-0.807977798517143,-0.807798282097124,-0.738024390860531,-0.310576743774806,-0.017669986302709,0.335819110734983,0.931941395429672,1.1574526066647
"2017-10-19",-0.753907733990277,-0.766966107818354,-0.778514196032181,-0.777188854350269,-0.704647406389185,-0.268268281730035,0.0296654453412657,0.388845915876573,0.994129642486579,1.22305156660588
"2017-10-22",-0.780326910487465,-0.794496010016307,-0.807281914020949,-0.807197778531121,-0.733981416329524,-0.289079810177207,0.0127524977225016,0.373957317733475,0.975928013635478,1.20202598047112
"2017-10-23",-0.7858525878688,-0.796392678853673,-0.804219697845101,-0.795754010641094,-0.710605569954736,-0.251326876248588,0.0524237041076197,0.413274037184691,1.01163962057548,1.2360140195442
"2017-10-24",-0.783451575549843,-0.795503392882314,-0.805092266090985,-0.798682677173276,-0.713823948065099,-0.24657096889381,0.061291744742043,0.42458894685094,1.02068934417537,1.24275484288697
"2017-10-25",-0.800478589071148,-0.811036253279671,-0.819244218121553,-0.812495202533795,-0.732790434138801,-0.28859965983242,0.0109634133195684,0.371802517915044,0.981340717754805,1.21243768798797
"2017-10-26",-0.804486522587414,-0.814052555005684,-0.82170247973948,-0.816430184300749,-0.745725291351043,-0.332918077869927,-0.0431873501390845,0.317171887944453,0.954617826779098,1.20361277626983
"2017-10-29",-0.811557616744156,-0.818409789337832,-0.822638836150874,-0.812508689459559,-0.737849968479828,-0.333008759922562,-0.0517870801010726,0.298551486238323,0.922542613985193,1.16776659997236
"2017-10-30",-0.811853960348003,-0.816963813418676,-0.818957168849339,-0.805519802609942,-0.727695330496862,-0.326004527879566,-0.0495160473938736,0.294734783884224,0.909346564613949,1.15152931249809
"2017-10-31",-0.802981281504548,-0.811566166001966,-0.817922627980888,-0.810651313301765,-0.737920789015232,-0.328691320315523,-0.0448392563262283,0.306112885623898,0.922474504325436,1.16218535449681
"2017-11-01",-0.786973042729774,-0.796853819844416,-0.804991671628385,-0.800763226458569,-0.732454087754189,-0.328803098759262,-0.0457511963605828,0.305351882341147,0.923428332022743,1.16400992917129
"2017-11-02",-0.801067303078981,-0.809862063769981,-0.816529792325628,-0.809865954845583,-0.738277997453517,-0.331817284073486,-0.0493036242000134,0.300209974841871,0.914320088829573,1.15319395607574
"2017-11-05",-0.79984119179853,-0.808434720603308,-0.815128675439172,-0.809445629166287,-0.74205865035961,-0.35051140479398,-0.0741072754168716,0.271920248402332,0.890452247648738,1.13385507152669
"2017-11-06",-0.825288375508551,-0.828797563219878,-0.82898977345857,-0.813716550708562,-0.736940054540997,-0.349643842699215,-0.0806058220428157,0.259029310128729,0.880192250849289,1.12946044120057
"2017-11-07",-0.79101438396424,-0.800076005800674,-0.807528796451479,-0.803504230602046,-0.739637341749246,-0.356789945316781,-0.0837537718456743,0.259912200869515,0.878420748001759,1.12287153685887
"2017-11-08",-0.766945926705767,-0.780970786248527,-0.794406331506115,-0.797990671325914,-0.737338838041458,-0.330073957638775,-0.0404648573252974,0.317425384318846,0.940100122307075,1.18016585216593
"2017-11-09",-0.771564816037345,-0.784780816013498,-0.796920065953124,-0.797709464311143,-0.731201475161381,-0.309362921157663,-0.0137372616099534,0.349123321920966,0.975592792642682,1.21606070568046
"2017-11-12",-0.76573771275966,-0.780642397468924,-0.794846795978806,-0.798381814197444,-0.733598428060083,-0.306529141893956,-0.00731568498178847,0.358051724188992,0.98298392738916,1.22131631376251
"2017-11-13",-0.710567895084392,-0.73497651269652,-0.761522199352131,-0.783972413906604,-0.740652710946216,-0.323566908421749,-0.0212816946710256,0.345887250186627,0.962005147692931,1.19354794719908
"2017-11-14",-0.744486180424848,-0.763365087176046,-0.782970602515717,-0.795568064740063,-0.743643499336447,-0.333703154826655,-0.0390102212560438,0.322398817083867,0.940511485812784,1.17583646737917
"2017-11-15",-0.747347333393543,-0.764835966570546,-0.782681963479711,-0.79273678116426,-0.738460193172523,-0.32999115112445,-0.0372752607564252,0.322405314022844,0.940271042587258,1.17625231305136
"2017-11-16",-0.705839696501596,-0.729936883117079,-0.756332107223205,-0.779392482232076,-0.739603081416489,-0.337311187055144,-0.0427502149644077,0.317070653676254,0.925058390732617,1.15443663810113
"2017-11-19",-0.733161232066476,-0.749898163537026,-0.766962989237813,-0.776484808417647,-0.723957862366057,-0.328356260855255,-0.0437549919629898,0.307212955211444,0.913299673087244,1.14556367014458
"2017-11-20",-0.721982878598686,-0.741445281319349,-0.761967246078612,-0.776544231504013,-0.729109008665096,-0.334945778874717,-0.0507342567161886,0.297106144536896,0.889336594665279,1.11408592255448
"2017-11-21",-0.759523681257674,-0.770537471575604,-0.780079250158903,-0.77785270279475,-0.711774876328775,-0.314442713443702,-0.0389602260058768,0.298132206559496,0.878850071296754,1.10158864370903
"2017-11-22",-0.708518749381636,-0.727214487226199,-0.74670476844577,-0.759627555544547,-0.710356105793069,-0.318667487664855,-0.0392511797539216,0.300754265257656,0.875601390958244,1.0928846575941
"2017-11-23",-0.760360444964467,-0.772131010196486,-0.782470783238388,-0.780864971782021,-0.713521009205117,-0.307288617669361,-0.027538329657364,0.312389718004336,0.891829325091813,1.11255607361706
"2017-11-26",-0.763154570220029,-0.773845537782651,-0.783044514493889,-0.780538159386634,-0.714923015114932,-0.320803765525932,-0.0465788217411829,0.290185184075559,0.873524478576394,1.09807871161329
"2017-11-27",-0.729557912630542,-0.746797133852702,-0.764381301296891,-0.774325301909113,-0.721428227566288,-0.326348751465634,-0.0459440873304606,0.295779618528827,0.875924478967651,1.09587863855514
"2017-11-28",-0.691624166802864,-0.717062522596205,-0.744431223481131,-0.766641374358653,-0.719179451626132,-0.294519903951335,0.00174351006722639,0.351467686701625,0.916678311083102,1.12466912496437
"2017-11-29",-0.691181124731802,-0.715634553760465,-0.74191750636522,-0.763092718424638,-0.716524191440436,-0.301450962422796,-0.0106262965935693,0.334095420970736,0.894360282521454,1.10117168024673
"2017-11-30",-0.652908260632719,-0.687134507497238,-0.726264358849533,-0.76767856415781,-0.746076205823815,-0.352579929995501,-0.0642662033306404,0.277810672919188,0.828783454929089,1.03071390243898
"2017-12-03",-0.695452274512457,-0.724176843833309,-0.75589566422253,-0.785063500715254,-0.746561330175056,-0.331604465915331,-0.0377479618002426,0.30922733284114,0.868199537581569,1.07337518075147
"2017-12-04",-0.693361640375272,-0.725047741811194,-0.760601201871665,-0.79562170498868,-0.76373531825403,-0.352019538462369,-0.0572792734458898,0.290506053184904,0.848776808789081,1.05318356723511
"2017-12-05",-0.6846064869485,-0.720411947418847,-0.761360372732236,-0.804809868891905,-0.783061873436298,-0.378638576472166,-0.0836691783586558,0.264706947658084,0.822407346900013,1.02614401970052
"2017-12-06",-0.721611780611844,-0.751786744182059,-0.785741798847068,-0.81941708559332,-0.789153938468548,-0.387264124724241,-0.0942553151516562,0.256505993486631,0.830182350169195,1.04234244392291
"2017-12-07",-1.06431389746627,-1.03369045742293,-0.988441400958384,-0.900364832374009,-0.733538937008236,-0.300818010343816,-0.0619098141895889,0.234071441326537,0.827889571123952,1.05621634731274
"2017-12-10",-1.05281184009974,-1.02265709684033,-0.97809990270134,-0.891367608155047,-0.727078442250655,-0.300867435025182,-0.0654969324765612,0.226182294586778,0.811921049964439,1.03787590299764
"2017-12-11",-1.11030869637928,-1.07462424543952,-1.02223617729036,-0.921416506634103,-0.734576876158703,-0.274150048584499,-0.0338702025434613,0.252145016413556,0.812760309282252,1.07857740733412
"2017-12-12",-1.13673765666713,-1.09983298715114,-1.04568520279424,-0.941587430523385,-0.749066024492322,-0.277042430864335,-0.0322501504306663,0.257534617779711,0.819460059986642,1.08260713515688
"2017-12-13",-1.18708964880459,-1.14641912835012,-1.08691216458758,-0.973077605030902,-0.764582294929979,-0.265536667369895,-0.0142775789206144,0.275613959621708,0.810926884544385,1.04835423382759
"2017-12-14",-1.18112276290827,-1.14045316580263,-1.0809805527333,-0.967323797546933,-0.759554627946167,-0.264600361743696,-0.016848704029873,0.267570994640924,0.787940642541092,1.01647231552886
"2017-12-17",-1.23272384877988,-1.18818456881386,-1.12319928032664,-0.999501636148546,-0.775129601778424,-0.250721695589866,0.00570821382540325,0.294306650622609,0.803684880782583,1.01926088620662
"2017-12-18",-1.25735010887086,-1.20824853140088,-1.13675047676015,-1.00114039616024,-0.756862349375141,-0.195497204949064,0.073396257212685,0.370851055839752,0.880272334367107,1.0896294400968
"2017-12-19",-1.29385554913029,-1.24023414876987,-1.16234434056568,-1.0152462777793,-0.752483331145399,-0.160729808610345,0.115829104416005,0.415651145774968,0.911954245065577,1.10965895074433
"2017-12-20",-1.2645538145251,-1.21168780830938,-1.13488891593287,-0.98982982123081,-0.730635374020546,-0.146518501969101,0.126698329313128,0.423097053743022,0.914280274604135,1.11013857832752
"2017-12-21",-1.46288597695692,-1.38922525659044,-1.28355250088065,-1.08832870857485,-0.754084666303292,-0.0729573019612513,0.209443353760725,0.488658055988019,0.891639567580518,1.03649344393814
"2017-12-24",-1.08728382716723,-1.04642166722001,-0.986645112423755,-0.872331563822732,-0.663090334242508,-0.163033613421932,0.0882563684534647,0.377710308527361,0.910595298856666,1.14617787437295
"2017-12-25",-1.09171036656753,-1.05105557548612,-0.991562885804867,-0.877725909315461,-0.669119752489741,-0.169180149345784,0.0829184661593796,0.37416560488139,0.913314795593983,1.15308128320598
"2017-12-26",-1.55145160024923,-1.46566856062826,-1.34361539071262,-1.12136774923795,-0.751212242861455,-0.0427434607173534,0.23028447481031,0.486863369148881,0.834787527017993,0.955723603429677
"2017-12-27",-0.916315722814854,-0.886221768275984,-0.841758465360795,-0.755223402157329,-0.591364280823723,-0.166686362215029,0.0675006219791286,0.357231405825969,0.935768487508665,1.15456947633395
"2017-12-28",-0.896572293583883,-0.871783432499674,-0.834139495749892,-0.757690547238846,-0.603283100869369,-0.16778360611727,0.0792847355552967,0.378984661651735,0.941069046079049,1.18021409277286
"2017-12-31",-0.836602549516009,-0.823258079825893,-0.800611826078044,-0.7474302387883,-0.619389083613706,-0.187171173806638,0.074227053523872,0.390065326743537,0.95182815793174,1.17585470787336
"2018-01-01",-0.93569365179522,-0.904061479352902,-0.857333379109631,-0.76641860904859,-0.594375796412236,-0.149298307556232,0.095483342888143,0.397384109180328,0.993811918352743,1.2108018328536
"2018-01-02",-0.890877505545666,-0.866110349825122,-0.828542445975154,-0.752368574692887,-0.598800077543194,-0.165786455790355,0.0806263244742496,0.380851540537787,0.94927525221705,1.1934322721433
"2018-01-03",-0.875342006273896,-0.850975318040405,-0.814025805092387,-0.739135663503571,-0.588219381896232,-0.162609646405507,0.0798779063393973,0.375776737102817,0.937824410721423,1.18002880704836
"2018-01-04",-0.723983932434619,-0.721673626638146,-0.713906228637441,-0.685236578961032,-0.590082629254587,-0.189568568032356,0.0713900377355626,0.391894855739273,0.961237066918954,1.1859296135644
"2018-01-07",-0.719476617100343,-0.719693529455803,-0.715184877431053,-0.691415676473938,-0.601406504521376,-0.200613589449531,0.063045035445113,0.385858410897782,0.953412723689284,1.17537465439986
"2018-01-08",-0.727680813093986,-0.726523092746968,-0.720084247180013,-0.692863266643449,-0.597189357790319,-0.184666351482128,0.0847330065473206,0.414482293048942,0.995652879732331,1.22353891960827
"2018-01-09",-0.693074468097043,-0.698921115760344,-0.701353951020162,-0.686959649945816,-0.603088784251664,-0.182440534786183,0.0971749162972654,0.435048890894143,1.01192101136368,1.23249366530612
"2018-01-10",-0.726928837386918,-0.720541212147598,-0.706786260274492,-0.666707784110889,-0.551486944426862,-0.113826404818787,0.157031379053619,0.480441533465135,1.03526722192451,1.24953725872228
"2018-01-11",-0.702565670801102,-0.701253371311861,-0.693840668969036,-0.662685457957252,-0.555073761457055,-0.111746970698796,0.163589339587774,0.486897576667326,1.02316454888736,1.22521442605265
"2018-01-14",-0.730655537747351,-0.726257256897103,-0.714824425797357,-0.677455840358871,-0.56255654617026,-0.113946530941891,0.162246234708935,0.487826955373603,1.03367894109444,1.24104400673585
"2018-01-15",-0.725897180950336,-0.721589332853583,-0.710401499017956,-0.67385107442651,-0.561498232789861,-0.122902997667556,0.147107983896192,0.465395089639159,0.999010877510057,1.20172639666039
"2018-01-16",-0.7209540584807,-0.717930374053584,-0.708356357250072,-0.674110946102955,-0.563867247273327,-0.124680268205776,0.145934834410592,0.463625180240726,0.991908856345462,1.19143038036963
"2018-01-17",-0.714569912620062,-0.713811746319624,-0.707041597290515,-0.6766207151034,-0.569025635307368,-0.122267351122811,0.154930141374564,0.47952493517456,1.01536587091725,1.2166160102974
"2018-01-18",-0.725114685602531,-0.727139503154671,-0.723442287157608,-0.696009767769441,-0.586413083839208,-0.11810547782056,0.168449182883108,0.497380953014666,1.02384882034515,1.21784584910109
"2018-01-21",-0.720727271822124,-0.723677541100798,-0.721139293689045,-0.695358898520738,-0.587319176876491,-0.119247242943414,0.167164437431159,0.49503555155354,1.01733365680385,1.20923575916406
"2018-01-22",-0.742006636296406,-0.737159909114254,-0.724881383840626,-0.685412205117318,-0.565836905536512,-0.109220880869585,0.166073765257239,0.48539986940531,1.00889933911657,1.20504493699558
"2018-01-23",-0.708469212709126,-0.713746243721158,-0.713512266807877,-0.689045080804292,-0.575900666085308,-0.0832558784632322,0.210828997913181,0.539325677771714,1.04538511762227,1.22798953528384
"2018-01-24",-0.706503962894215,-0.709607699932199,-0.706038570111823,-0.674956059473408,-0.550348085000083,-0.04457191551677,0.245725087712766,0.562407575146503,1.03744161978637,1.20675202028286
"2018-01-25",-0.673746962943465,-0.683219086095771,-0.686787713035808,-0.663361048547566,-0.538837031385631,-0.0129599271841829,0.279494178783303,0.587537240475083,1.02980308341955,1.18437728651448
"2018-01-28",-0.698329768194157,-0.7008417204729,-0.695185065020615,-0.656945339399456,-0.513090935197022,0.034491401290046,0.331826212082139,0.643980539299215,1.09248209781011,1.24941257780264
"2018-01-29",-0.686759740654212,-0.692372671027786,-0.690752435810338,-0.658720154664974,-0.521895610701392,0.0237462593895149,0.324143157393447,0.640746783894736,1.09671509618708,1.25634933599392
"2018-01-30",-0.701532881584986,-0.704657622128786,-0.699457795579468,-0.660953158044944,-0.514373836796882,0.0391783706333108,0.335618068643483,0.643499218549516,1.08062485014383,1.23285474616492
"2018-01-31",-0.681991743006495,-0.691355430963903,-0.693767206059813,-0.66547834890358,-0.526444857638889,0.0370979004406307,0.341539367028256,0.656360761623427,1.09990444791476,1.25383513956561
"2018-02-01",-0.684102615465044,-0.694679735363811,-0.698142668629348,-0.669841737905946,-0.525886041795252,0.0589063741708947,0.373082285159409,0.696342714658443,1.14927683194167,1.30614460322899
"2018-02-04",-0.738160693878668,-0.736829533136086,-0.726405478729115,-0.681289135805891,-0.529410175801228,0.0367841811011909,0.350132710129619,0.686190355919002,1.18206301754792,1.35762478265326
"2018-02-05",-0.77095820034778,-0.757587499600665,-0.732696320648239,-0.669012901777702,-0.506864968195562,0.0247612374702066,0.317307336955445,0.639184971917347,1.13523127017517,1.31513509405179
"2018-02-06",-0.705262341215461,-0.708053550867346,-0.70285970665396,-0.665448866520872,-0.521768842878369,0.0393974405055453,0.351449791163329,0.684533830926023,1.17193973733064,1.34377254821047
"2018-02-07",-0.696369078686929,-0.703181891544706,-0.702610444744258,-0.670493179484424,-0.527793282522061,0.048660896353164,0.367189655821466,0.703249086115673,1.18753696156315,1.35711122712892
"2018-02-08",-0.697639811373408,-0.708474418888362,-0.712553087621593,-0.685924050039278,-0.545249646559807,0.0399835639748453,0.360340533652976,0.694000280599579,1.16732480609508,1.33199178015998
"2018-02-11",-0.687691013823403,-0.700694396942984,-0.707346438238149,-0.683960832663504,-0.545126358408262,0.0441890928011552,0.366448081577954,0.70077777731985,1.17268169491915,1.3365223834582
"2018-02-12",-0.687898847783862,-0.69860658537231,-0.702905504479913,-0.677704173664264,-0.541350956574741,0.0370322642542049,0.359062019179711,0.69836512018428,1.18560340771316,1.35590327654373
"2018-02-13",-0.681866921771032,-0.69216402329321,-0.696090347181348,-0.670765620208359,-0.535334777485174,0.0412516122258069,0.364462620246532,0.706820658103656,1.20136145909508,1.37462532026805
"2018-02-14",-0.690927284101686,-0.695295421113527,-0.692056070230161,-0.657320252770924,-0.515511217566183,0.051265447083357,0.368616018345235,0.708030208724541,1.20531392541698,1.38068463621236
"2018-02-15",-0.686097549814317,-0.6908076232958,-0.688433068720485,-0.656360052387903,-0.52179042750407,0.0243663230367923,0.333112200393199,0.665272477816773,1.15502990477991,1.32820781569591
"2018-02-18",-0.660109427111819,-0.672431967418983,-0.679309087636462,-0.659481756721992,-0.53310065503149,0.030383609000775,0.351849182540211,0.695157604012141,1.19488182142816,1.37046066693946
"2018-02-19",-0.646900765663432,-0.662755955763203,-0.674040134466887,-0.660438169511583,-0.539669971543406,0.0258645260052868,0.350497321743686,0.696574648675194,1.19839635002363,1.37437218050071
"2018-02-20",-0.639701035537683,-0.655831292683674,-0.667595202707776,-0.655133704871346,-0.537027784729718,0.0208483164113634,0.34173316720872,0.683998893328853,1.18045123839666,1.3545574251846
"2018-02-21",-0.640547683638011,-0.657338474504571,-0.670012792175676,-0.659118883156534,-0.54335840056302,0.0109903774742349,0.330855501475021,0.672319326053212,1.167853213312,1.34165786572334
"2018-02-22",-0.631284011003464,-0.650867983154742,-0.666839909633081,-0.660179314961278,-0.547877419845564,6.76515815993817e-05,0.311726012631569,0.639610131897679,1.1074383855356,1.27040640695168
"2018-02-25",-0.619818112583928,-0.641468423416986,-0.659968215346992,-0.656771330161836,-0.5475444746975,-0.000815327282078893,0.309781177595982,0.635206228425558,1.09711480764027,1.25768369982752
"2018-02-26",-0.632901716239188,-0.651451663593732,-0.665776479759218,-0.655692542287705,-0.537049473610215,0.0206744431949251,0.333229420533858,0.659572279277977,1.12187892593189,1.28251680655141
"2018-02-27",-0.62065291856074,-0.64659079306803,-0.670014392958653,-0.672474270445849,-0.564503474965709,-0.00258772161066778,0.314878594939613,0.644535179739966,1.10755028969683,1.26785951723324
"2018-02-28",-0.613840714808929,-0.641975682250862,-0.668326347526685,-0.675517271001314,-0.57372466776861,-0.0179620947482745,0.298901271756124,0.62866431940468,1.09239204464055,1.25298916230332
"2018-03-01",-0.615697436394443,-0.644120683047012,-0.670807779334047,-0.678391023698256,-0.576635056767238,-0.0189649310287719,0.299208033862571,0.630390084857115,1.09615629484746,1.25746251670263
"2018-03-04",-0.653233831130675,-0.675815032221931,-0.695341478331237,-0.693120225209453,-0.582994392292737,-0.0262889344435061,0.290624885180896,0.622840732000653,1.09452527215092,1.25850300429707
"2018-03-05",-0.645135145788882,-0.672637537919448,-0.697231180575473,-0.698929560355314,-0.582976888067218,0.00523960132148871,0.331230333105759,0.665503329616927,1.12922806846836,1.28910895019379
"2018-03-06",-0.659833976816976,-0.683824747124121,-0.704017383868546,-0.699475217635666,-0.578066631511027,0.00493961587802783,0.324438648086132,0.651159518255647,1.10374331926942,1.25973685546711
"2018-03-07",-0.74423995170447,-0.745230348817975,-0.73795832441513,-0.69824176524723,-0.555037727370433,-0.0100759433479404,0.290546280662314,0.61068040561092,1.0784537731595,1.24330356147043
"2018-03-08",-0.750221383538256,-0.746031386056812,-0.732352384930756,-0.683746468102656,-0.532920855836852,0.00912890824030765,0.306845590784293,0.626358564573752,1.09929005700933,1.26704931785765
"2018-03-11",-0.740913591335873,-0.738241777833102,-0.726805664392019,-0.682481933571562,-0.539058661635618,-0.00940305756999149,0.285621703068298,0.604573491668947,1.08022528794502,1.24948417365589
"2018-03-12",-0.767036234321946,-0.758487252427023,-0.739883745376134,-0.68597627279811,-0.535673334205467,-0.0154091116015164,0.273861724782512,0.590797369501041,1.07402903094979,1.24807783549686
"2018-03-13",-0.811318233648635,-0.792618713739128,-0.761490965229297,-0.690458741713911,-0.527135311240685,-0.025455334347843,0.249548477737643,0.557189947492845,1.04665470614796,1.22788414854105
"2018-03-14",-0.82372085200756,-0.802683543483368,-0.768710649232489,-0.693945194816485,-0.528477480802601,-0.0351116187260422,0.234137786911169,0.537164675494944,1.02600209795127,1.20884480871116
"2018-03-15",-0.831724799801527,-0.810560895480244,-0.776417568323254,-0.701372713320724,-0.535537838572661,-0.0418928865772392,0.227274337745768,0.530104081855356,1.01848725643622,1.2011410660383
"2018-03-18",-0.830526678964034,-0.809598120802811,-0.775738548919975,-0.701065380424749,-0.535496401965644,-0.0419129224429192,0.226790639157389,0.528381703167821,1.01283333349708,1.19353235769785
"2018-03-19",-0.784168514507128,-0.771086106139387,-0.747136042296909,-0.68676560751338,-0.534664460616238,-0.0367700588892621,0.238936832479155,0.544392802930315,1.01983197027094,1.19322917428189
"2018-03-20",-0.775896783826818,-0.765239915202867,-0.74420447560321,-0.687561605118829,-0.537410356179028,-0.0317697954180021,0.248481357769145,0.556779959852838,1.03057738671365,1.20204426701312
"2018-03-21",-0.797181458265593,-0.783972162611915,-0.760305678543282,-0.70179965599181,-0.556314142422216,-0.0790097766858719,0.189120945777907,0.490486909161592,0.96935601713135,1.14611902244984
"2018-03-22",-0.759198320147498,-0.753498942069583,-0.739391002469999,-0.694929177173035,-0.563520361613478,-0.0855937426079176,0.188353605549189,0.493925088065288,0.969435655169429,1.14241715729761
"2018-03-25",-0.779112002061417,-0.768139789304709,-0.747434491671514,-0.693646726256054,-0.554079685480448,-0.081630387173566,0.186475447541444,0.488202642096369,0.966897147333131,1.14326784497676
"2018-03-26",-0.773761725683913,-0.765362709943066,-0.748081428713637,-0.699808979450166,-0.567362047499565,-0.101691402961464,0.165737310624446,0.467223894546763,0.944909743227129,1.12059735585347
"2018-03-27",-0.771509732436125,-0.762341508912573,-0.744208035286575,-0.695091528692981,-0.563105961913149,-0.102778109833707,0.16256899884444,0.463529598297275,0.945001681992955,1.12313454794044
"2018-03-28",-0.749567737105544,-0.744920003494728,-0.732678895614672,-0.69264692985169,-0.571019659870619,-0.114194692324425,0.154756193889343,0.46049559429097,0.947840916057426,1.12743518402394
"2018-03-29",-0.746984207399329,-0.743140626708812,-0.73188255784208,-0.693165213239094,-0.572442504615357,-0.113902897337491,0.156120154437987,0.462320287871007,0.948226828114549,1.12678672718437
"2018-04-01",-0.733001987293332,-0.729303692135125,-0.718371661011433,-0.680591563443874,-0.562305936463834,-0.110204992023895,0.15762153484427,0.462703780827968,0.949710766321768,1.12926577814793
"2018-04-02",-0.736157847129691,-0.732108400622674,-0.720609045526913,-0.681614808642917,-0.560932648475787,-0.104501643447671,0.163874738532663,0.468057870142089,0.950595015331564,1.12789675983934
"2018-04-03",-0.766580684905818,-0.756936949080621,-0.73833378259171,-0.688964638701926,-0.558134828165553,-0.103574655883277,0.1597853529422,0.460414191677059,0.946151598257634,1.12697436645201
"2018-04-04",-0.775828084053362,-0.762315372672487,-0.73869301084425,-0.681639457779011,-0.542068051031943,-0.082720291896368,0.18038233489513,0.482033583479097,0.975865705038709,1.16158261486449
"2018-04-05",-0.731337592835482,-0.728112146213804,-0.717803787189761,-0.681004507283631,-0.563872605245634,-0.112021096854251,0.15652307614362,0.462745150974574,0.95193902999592,1.13234451850845
"2018-04-08",-0.788328792587179,-0.770771837213774,-0.742183944284977,-0.678477731698151,-0.534633018073458,-0.0883936525442867,0.165180752215281,0.459489502632175,0.955345610736187,1.14607308081818
"2018-04-09",-0.753708269192933,-0.742640113469825,-0.722206210464461,-0.670101203095774,-0.536448418193205,-0.082365422217973,0.179096386285218,0.477575593754369,0.961089562013227,1.14149984538842
"2018-04-10",-0.726060850509028,-0.718140959890452,-0.702040568492021,-0.657362719942174,-0.534620603250372,-0.0952458965849619,0.163241100830294,0.460569046624546,0.944977583368159,1.126083867846
"2018-04-11",-0.721520287435547,-0.716723409189777,-0.70446747759973,-0.664971200999379,-0.545633182461193,-0.095530263459622,0.171803862970602,0.478115392516337,0.971807360075101,1.15491916558321
"2018-04-12",-0.710867625169283,-0.708958233044844,-0.700398173378581,-0.66639074666212,-0.552694920172409,-0.102464525640749,0.167514014576207,0.476261986077259,0.970504551487082,1.15289372192744
"2018-04-15",-0.714551028238984,-0.711536008007092,-0.701444409077917,-0.664779306596486,-0.547063799231151,-0.0908036068188101,0.180805374430293,0.490687352738102,0.985915921246288,1.16856947955576
"2018-04-16",-0.71352026486687,-0.711302646940719,-0.70233954503321,-0.667710168666821,-0.553325413587547,-0.103192497137215,0.166160267486434,0.473983831949711,0.966509624525665,1.14823683227057
"2018-04-17",-0.715108720462487,-0.710521491995125,-0.698365259006117,-0.658484014820498,-0.537095885272642,-0.08067985335024,0.188133845883046,0.493756112630139,0.980959053940137,1.16050619245379
"2018-04-18",-0.703692879127899,-0.701889001878456,-0.692504001722625,-0.654202240955273,-0.526307809035174,-0.0350002108536411,0.248524145339847,0.56288489955639,1.04610887427214,1.2205781644047
"2018-04-19",-0.70314755718656,-0.702473905225986,-0.694662976414479,-0.659078631906332,-0.535015963036971,-0.0461264755733926,0.239583064636836,0.558500137739466,1.05230978752649,1.23121252944093
"2018-04-22",-0.703397584913259,-0.702113474880172,-0.693126945001464,-0.654534546579192,-0.523338899942193,-0.0171833159964663,0.274071923201321,0.595815485635058,1.08782647218652,1.26498084628985
"2018-04-23",-0.695089463563536,-0.696041746197123,-0.689783037437357,-0.654846697954694,-0.526350109651761,-0.0174238111179086,0.275231722208799,0.596572224968057,1.08329278206798,1.25763811667754
"2018-04-24",-0.703418681021746,-0.702055628616768,-0.692851142023973,-0.653581298632686,-0.520680230333649,-0.0114720224716461,0.279580424029438,0.599512068786584,1.08579684518222,1.26036962510222
"2018-04-25",-0.701427897717701,-0.700958670402991,-0.693340823548253,-0.657846284662555,-0.533383290141968,-0.0438284878483061,0.240877885690482,0.557308792447548,1.04450527089962,1.22049352528413
"2018-04-26",-0.701232137434407,-0.701493089675064,-0.695030432749896,-0.661958536060732,-0.542252538734105,-0.0623518923845949,0.219652296850416,0.534970552765604,1.02377285389597,1.20092296352681
"2018-04-29",-0.702454030784518,-0.701678302292572,-0.694164433679877,-0.660385893136416,-0.542515043124058,-0.0717277966174854,0.20802182875202,0.524475916755145,1.02302256893718,1.20530517519057
"2018-04-30",-0.650736456287991,-0.662236374034209,-0.670047174093248,-0.657881120775301,-0.559081050394129,-0.078695515770416,0.212049615246953,0.53505975960608,1.02661070222807,1.20270182916539
"2018-05-01",-0.69591542419172,-0.695377241103134,-0.68803534201811,-0.654085697856075,-0.534652632116661,-0.0577333075837227,0.224558146831102,0.542688365821919,1.0412858054047,1.2230673268117
"2018-05-02",-0.674523662671242,-0.677979778742314,-0.676336922423061,-0.65273865518552,-0.550030299017992,-0.0989683644569892,0.178129237215331,0.495722044116274,1.0020683021222,1.18815807904332
"2018-05-03",-0.636258217206306,-0.646286827015783,-0.652823892734064,-0.640668398398144,-0.547691057084673,-0.0897551852933696,0.193849770323983,0.514996569016864,1.01561969565584,1.19711757273565
"2018-05-06",-0.650310126749074,-0.657332975764791,-0.660183246264155,-0.643064841129299,-0.546629037879501,-0.0961088898079432,0.181746204426522,0.497860918386637,0.995015427249108,1.17620660753249
"2018-05-07",-0.627253796291427,-0.639270271350703,-0.64812136844187,-0.638682298399434,-0.54628538781726,-0.0795344932292533,0.208441038770943,0.532174423872681,1.03151084745683,1.21152130542949
"2018-05-08",-0.615672934226878,-0.63138654227242,-0.644818568256885,-0.641731226633959,-0.554592789043887,-0.0835517650402099,0.20838174912766,0.534833473201425,1.03366834245419,1.21257024069097
"2018-05-09",-0.64065488375233,-0.650729300154712,-0.657152576010927,-0.644282109767685,-0.54885681607693,-0.0839196365051512,0.201901592524416,0.523896654836655,1.02270915974962,1.20298794515704
"2018-05-10",-0.58864192434809,-0.612092763251611,-0.634899476823508,-0.644196245705712,-0.565700675307085,-0.0835573641218695,0.21415870372959,0.541111956271012,1.02790265737363,1.20027316783556
"2018-05-13",-0.55706076550035,-0.587693488792281,-0.618438805393076,-0.635810586719063,-0.555284838443448,-0.0398719387761446,0.268435100187645,0.596882276302322,1.06883800210163,1.23350505503277
"2018-05-14",-0.573489625581036,-0.59821526065763,-0.621556776616172,-0.628279415615458,-0.537088238149821,-0.0168822001214773,0.292315884468018,0.62371090047932,1.10435364260352,1.27274143360971
"2018-05-15",-0.594869922525847,-0.618385095001289,-0.640594175873403,-0.646867400869922,-0.558614737977424,-0.048818196702443,0.258722084252886,0.592018354210408,1.08141237079707,1.25372681716411
"2018-05-16",-0.596517998198527,-0.618123111213122,-0.637901364845207,-0.640538816896265,-0.548072531286118,-0.0328867470575481,0.277720470651027,0.615533865291437,1.11410419207405,1.29006401328175
"2018-05-17",-0.586834540716975,-0.611913619343467,-0.63669939816115,-0.648568158300457,-0.571341531403074,-0.0809192325694273,0.223632504347404,0.558573548708203,1.05768280458893,1.23445305213303
"2018-05-20",-0.546645220502585,-0.578558112838825,-0.612762380835605,-0.640766234954302,-0.586982781198526,-0.125279875701648,0.175753405778998,0.512029081170805,1.01929840378583,1.19972044692371
"2018-05-21",-0.57730800043883,-0.605658144064578,-0.634794105099761,-0.653653009958398,-0.585334147603612,-0.102124850317044,0.203066490151559,0.540130935672175,1.04365995303451,1.22210689818515
"2018-05-22",-0.549839016011407,-0.58333526108755,-0.619858645937461,-0.652209509253279,-0.605592851975669,-0.15358614130574,0.147045059977782,0.485734886147848,1.00084212218464,1.18466035124943
"2018-05-23",-0.561254653029344,-0.593155126840621,-0.627941106844469,-0.658691425192148,-0.613608405866523,-0.176230717818018,0.116497470336796,0.448005345151546,0.955371476347456,1.13695249072598
"2018-05-24",-0.564559752664392,-0.59680771170632,-0.632935798636889,-0.668480231278335,-0.636888841626671,-0.232606743936054,0.0517134157443034,0.38229426286409,0.903039000947067,1.09187261762881
"2018-05-27",-0.545265714124841,-0.586838670902588,-0.635190462010927,-0.689891213223874,-0.681646975839418,-0.296328707393126,-0.0132282906698153,0.316753321665129,0.833833116931257,1.02053787144336
"2018-05-28",-0.547016113767681,-0.599109349124435,-0.661457929424219,-0.738640609389333,-0.758858427730919,-0.394339929791707,-0.10683433506577,0.233308625402367,0.770933544106056,0.965498401017961
"2018-05-29",-0.574378212522528,-0.607427730916273,-0.645104771480685,-0.684620141398874,-0.662439314074606,-0.280787211693671,-0.00364810537461735,0.323334610308119,0.846460189629972,1.03753249500064
"2018-05-30",-0.595792450961271,-0.624213407614732,-0.656002150120841,-0.686914874172019,-0.656527521902025,-0.28010955687977,-0.0115590928947185,0.30506212876888,0.8130481833716,0.999016321443621
"2018-05-31",-0.565025106079484,-0.596531745827251,-0.631761790302159,-0.666218166656421,-0.634802237711475,-0.241462382578771,0.0330335239038605,0.350453925663575,0.847173538157022,1.02671530535162
"2018-06-03",-0.555157642658437,-0.589094499780497,-0.627033875112117,-0.664240495253642,-0.631614998878176,-0.220737571938413,0.0627183574615665,0.387259122050097,0.888861454470591,1.06908252698059
"2018-06-04",-0.536357046772005,-0.576850353957964,-0.623555621853643,-0.674986539200964,-0.660873309675664,-0.266144299626899,0.0181331493776874,0.346815974036042,0.85776288872104,1.0416198745869
"2018-06-05",-0.557833844829751,-0.588999122980577,-0.6229581754892,-0.65287637342137,-0.608398238188581,-0.179440237342525,0.107472614855804,0.432345889568135,0.929513373148801,1.10744024984951
"2018-06-06",-0.584551983944094,-0.612577892646021,-0.64220979433892,-0.664680265436042,-0.609087740729663,-0.163695788752731,0.127760657962644,0.456028939654775,0.956797425451777,1.13586444883418
"2018-06-07",-0.568401088250445,-0.602426710939044,-0.640116492654178,-0.675784188760699,-0.63778789117588,-0.209863573322007,0.0807260958585512,0.410947937222861,0.917380702614638,1.09872410115576
"2018-06-10",-0.575523540721955,-0.604464308701201,-0.635283517280042,-0.659563870797567,-0.605942338309999,-0.160490225994519,0.132361348153406,0.462576981448594,0.966660610709601,1.14694528077173
"2018-06-11",-0.599841437827141,-0.623241334071261,-0.647083809382011,-0.661325617201288,-0.598176609224938,-0.154704154157903,0.133416762607682,0.459622762379823,0.961933115428998,1.1424588836209
"2018-06-12",-0.596031217339267,-0.619485826208279,-0.643616400420827,-0.658970698324909,-0.599081939912006,-0.164023172153024,0.121699300286225,0.447214055102867,0.951983113311047,1.13398158831891
"2018-06-13",-0.573160921336364,-0.602332669432448,-0.634576347428483,-0.664460898802373,-0.627043268523774,-0.219405553981303,0.0664828549097657,0.401003403263302,0.933465211024915,1.1276672389704
"2018-06-14",-0.58980397899501,-0.612254307303147,-0.636639191113506,-0.657173907521836,-0.617193943555408,-0.23581151451645,0.0389919149253637,0.371258831462434,0.925366910145498,1.13285519747705
"2018-06-17",-0.592114660000108,-0.615103277100696,-0.640280292038001,-0.662299943568645,-0.624690863642855,-0.245146992012723,0.0313988246880887,0.367762830210326,0.932696051884497,1.14506362158001
"2018-06-18",-0.589863711809635,-0.612594288563028,-0.637674706068158,-0.660336019460744,-0.626121512186868,-0.260522289236912,0.00876578938663719,0.338213999032909,0.89543771611117,1.10573128098499
"2018-06-19",-0.56457307832462,-0.592348907803494,-0.623947619943448,-0.656470265736124,-0.632887447950561,-0.268206351251447,0.00632611791610238,0.341915854603346,0.905547883254583,1.11707070691104
"2018-06-20",-0.590458640525689,-0.618502679580146,-0.65071997284129,-0.685035826872351,-0.666037285168185,-0.312059655650153,-0.039759217002947,0.296979362965116,0.870544946975044,1.08749031717491
"2018-06-21",-0.526335194847586,-0.564779109348676,-0.610215984206671,-0.663908698785296,-0.66424713644705,-0.309943352505741,-0.0308153160827297,0.309372418963298,0.871990402445894,1.08074681596697
"2018-06-24",-0.538052421118046,-0.574370947978078,-0.617164010104994,-0.667183665033859,-0.66461007795827,-0.314719807621922,-0.039732791995523,0.296428727365828,0.855386140700005,1.06346641262681
"2018-06-25",-0.552390459283434,-0.584538540411265,-0.62197744081499,-0.663976977833236,-0.652839236811357,-0.300747009805033,-0.0277790461115891,0.307143176030662,0.869116508045693,1.07959860771112
"2018-06-26",-0.567882415498406,-0.598532125582415,-0.633939588085105,-0.672601979135184,-0.657288202009644,-0.305332424438356,-0.0372048018548146,0.289349267359156,0.832901851799992,1.03564801194637
"2018-06-27",-0.562255492940027,-0.594819525007019,-0.632575065418013,-0.674428321166165,-0.661638724155787,-0.308500607760129,-0.0404030456811422,0.283624135719686,0.816761486655196,1.01427966681337
"2018-06-28",-0.524457423856625,-0.561174660996952,-0.604368294182482,-0.65474932435529,-0.652534529297075,-0.31064598741111,-0.0462891887729937,0.272317092328005,0.792123357820181,0.983621544867717
"2018-07-01",-0.567734829905894,-0.597078598564495,-0.630937297923171,-0.667753131527384,-0.652370503574337,-0.312454483002174,-0.0539654441176047,0.260716449037821,0.784367886566059,0.979675093105285
"2018-07-02",-0.583209675230078,-0.610709393251422,-0.642032535094997,-0.674552642904394,-0.653259509151471,-0.309457448769334,-0.0538684317056377,0.254586980731528,0.763372089029606,0.952320881116122
"2018-07-03",-0.571100328145913,-0.598213218140321,-0.629128938022127,-0.661313491244834,-0.640465260872674,-0.299196449992749,-0.0439316829127373,0.2656074352097,0.779423503324228,0.970918082651515
"2018-07-04",-0.575155849115014,-0.601948165705036,-0.632350596098399,-0.663463746583823,-0.64065735307542,-0.297296078288068,-0.0432344940504847,0.263030999108027,0.767843143311262,0.955276241381942
"2018-07-05",-0.60478019369463,-0.626124532262346,-0.649744348850541,-0.671367645932638,-0.640495856925706,-0.302446204735768,-0.0528240171003109,0.252759927635039,0.769837029525473,0.965005668646799
"2018-07-08",-0.598162191754263,-0.61937670526845,-0.642869369835639,-0.664408795561839,-0.633656220124915,-0.294916751501502,-0.0434659005997609,0.26570421217613,0.792046507415997,0.991443053299976
"2018-07-09",-0.602021461794456,-0.620394112637952,-0.640154220733449,-0.655851083637988,-0.618169673849173,-0.276046475594893,-0.0264440543412023,0.279989848633804,0.802812209785748,1.0013575823751
"2018-07-10",-0.550950292307212,-0.575813200043069,-0.604122733009107,-0.633319658994862,-0.612256874980041,-0.283388770609026,-0.0344183439164847,0.271312069387811,0.787997677176267,0.982609844988513
"2018-07-11",-0.583266313062314,-0.606002393926035,-0.631512171134938,-0.656290978503333,-0.629780286221028,-0.296345522959442,-0.0469041179794663,0.259461246594362,0.778975534728467,0.975198689401409
"2018-07-12",-0.583781235267651,-0.604972762502096,-0.628822414640797,-0.652153670140037,-0.627408595332773,-0.307280918743936,-0.062744162437354,0.242822109036835,0.773713557101951,0.977246877658203
"2018-07-15",-0.611149248430901,-0.626996245262708,-0.643725834235469,-0.655582451918889,-0.616125494425751,-0.283489027257563,-0.0391463182766731,0.264715863251164,0.794105421300545,0.99794412682534
"2018-07-16",-0.614892690276804,-0.629900131371809,-0.645703072139349,-0.656677284276639,-0.61800463624068,-0.293509043281391,-0.0533871931732816,0.247435688466157,0.777425152072505,0.98301323022129
"2018-07-17",-0.601110913579881,-0.618608261647524,-0.637707859377077,-0.653922699298842,-0.621698584492616,-0.301144979928579,-0.0596660826860597,0.243487214244468,0.776709088346623,0.983063088419484
"2018-07-18",-0.600584024626049,-0.618410317995337,-0.637984849473628,-0.655086615791224,-0.6244102182389,-0.307126890062072,-0.0670484233816003,0.234698394463933,0.765868456618983,0.971484448485889
"2018-07-19",-0.597202823666717,-0.619472048658758,-0.643555474999383,-0.663528940545772,-0.623301371973069,-0.251178509094215,0.0120851162780757,0.32593781793252,0.839602125350505,1.02991410937682
"2018-07-22",-0.583587569463084,-0.607790346362852,-0.633983770720232,-0.655928466260198,-0.614043592684852,-0.22652799092739,0.0434261648563063,0.360879793003376,0.870979736568749,1.05807599199017
"2018-07-23",-0.578707973145881,-0.604426154022264,-0.632563551877575,-0.657433824195508,-0.618827277817064,-0.233887549276377,0.0351266713768895,0.35069800023475,0.855409611779127,1.0400120369439
"2018-07-24",-0.583492968530309,-0.606698987827147,-0.631679390471428,-0.652056404092699,-0.609513950390054,-0.228400663611125,0.0360760760234431,0.346788017512379,0.845749958071607,1.02872827331533
"2018-07-25",-0.577493593061182,-0.602392403387854,-0.629434835427546,-0.652532404898369,-0.611645810889152,-0.224967091528138,0.0436922627706995,0.358391584872515,0.86125242582299,1.04512986572604
"2018-07-26",-0.595507648791149,-0.616915214748508,-0.639528345667989,-0.656145400387301,-0.608743771186237,-0.221274735505073,0.0459189175269895,0.36039231062119,0.86766863994855,1.05423523818953
"2018-07-29",-0.591139370694034,-0.611228511933146,-0.6318336522503,-0.644430354403895,-0.589503105205024,-0.186979776330925,0.08481997291591,0.40190109185122,0.908820408867628,1.09447331718257
"2018-07-30",-0.568201138480572,-0.591097649896648,-0.615281695439635,-0.633196081394101,-0.584033638798058,-0.185565362466807,0.0846124935153867,0.398105864697278,0.894491409507623,1.07526577875554
"2018-07-31",-0.560140277145181,-0.579772793627368,-0.599793618628806,-0.611530657187483,-0.555794402155254,-0.154167285870506,0.116325240217677,0.431667422627184,0.935587718468996,1.12011868330074
"2018-08-01",-0.617305266657016,-0.628554956530443,-0.638045721823844,-0.634751758586016,-0.565319774185389,-0.169658684299892,0.0929811681313409,0.403573492524631,0.913934193644354,1.10414733778227
"2018-08-02",-0.573028863202026,-0.596024077457602,-0.620824007613419,-0.641196923565187,-0.599357639346703,-0.219777079409759,0.0454826769001103,0.358742029834162,0.865157060240971,1.05152678361945
"2018-08-05",-0.560653447700406,-0.586071130841238,-0.614055002404725,-0.639452808343148,-0.603904245191712,-0.230786579530044,0.0327410714783423,0.3437017669876,0.844449306184945,1.02823108936039
"2018-08-06",-0.535624361685696,-0.566455910831902,-0.601008400646545,-0.635046914922371,-0.605039580766601,-0.219284897611421,0.0521036113311162,0.367675791258077,0.864804136444329,1.04507650743101
"2018-08-07",-0.529045304754449,-0.561567432906246,-0.598524786588451,-0.636881692280899,-0.613550820622466,-0.235602354742243,0.0362752112815967,0.355219572335769,0.862040625293241,1.04653701298415
"2018-08-08",-0.527550659703268,-0.562598049882885,-0.602947821968449,-0.646858112662085,-0.630891195064418,-0.259784972178189,0.0122299425707845,0.332719786275811,0.843334183146991,1.02934692946571
"2018-08-09",-0.609771124111517,-0.628387292971256,-0.648521198079547,-0.664985549209075,-0.628855621113933,-0.290857643043694,-0.0433489666782938,0.260809797277308,0.78008802129743,0.977329556632575
"2018-08-12",-0.63086227154587,-0.647174755296671,-0.664350427775391,-0.676383576618853,-0.635526087006645,-0.296158792682372,-0.0493600369872415,0.255110236536757,0.779559738425115,0.980045962951172
"2018-08-13",-0.565614849744158,-0.59540831713741,-0.629581663794684,-0.666040623617924,-0.647729873225502,-0.297836343770043,-0.0365456904576442,0.278043376354092,0.794414047007625,0.98558509864149
"2018-08-14",-0.567885871610226,-0.600073370782829,-0.637376664832664,-0.678713711759841,-0.66626720155591,-0.321012874520136,-0.060211562214687,0.253620562668263,0.766971511915753,0.95654916269228
"2018-08-15",-0.59506796312247,-0.620017756544534,-0.648107148668265,-0.675895609295346,-0.649807782491681,-0.304685101076499,-0.0491822132486527,0.260877875853989,0.777502170516785,0.970583528076673
"2018-08-16",-0.594337574016044,-0.620571851854287,-0.650403264716867,-0.681093955753255,-0.659003362220479,-0.318114416757885,-0.0628222051318527,0.247853656657757,0.766436170189147,0.960356813603767
"2018-08-19",-0.590654860786768,-0.617124233628355,-0.647285304822595,-0.678561002371715,-0.657397319634806,-0.318087922373651,-0.0633230541633819,0.246904227867427,0.764944028491568,0.958685431422275
"2018-08-20",-0.596756114491232,-0.618689290676914,-0.642948475804121,-0.665143834534212,-0.633585781959864,-0.289463629187443,-0.0366658325469903,0.271454186765799,0.789656895078575,0.984541857356404
"2018-08-21",-0.596190747687093,-0.616794036490969,-0.63914741233915,-0.657866686456476,-0.620717740159698,-0.268815049586188,-0.0154613833152993,0.290805829901646,0.801484743665042,0.992702492468185
"2018-08-22",-0.59718903705581,-0.617120173294673,-0.638669659408686,-0.65637014673513,-0.618695711362079,-0.268542628238641,-0.0158270751306635,0.290801110657232,0.804964737934025,0.998148582634426
"2018-08-23",-0.595936849318433,-0.616668614052421,-0.639170743882511,-0.658053372465228,-0.620842337867698,-0.267447423391033,-0.0129427732101528,0.29473961662119,0.807804215938817,0.999918311627468
"2018-08-26",-0.56917963098996,-0.592651058095804,-0.618520440702581,-0.641940630142924,-0.607808456496479,-0.246451191494335,0.0143513919827999,0.327844199108253,0.845314379815586,1.03784139701544
"2018-08-27",-0.594241843318762,-0.613402503358778,-0.633676086044222,-0.64852243360314,-0.604656947059613,-0.238810705228827,0.0203695328843069,0.332371986151146,0.851186435999656,1.04528257357823
"2018-08-28",-0.592704625690635,-0.611424348666995,-0.630922320940844,-0.643927116254575,-0.595885630046683,-0.219656245269017,0.0432903538679728,0.357738191915812,0.876703973640616,1.07008775744435
"2018-08-29",-0.582860558676686,-0.606406726046429,-0.632534662613973,-0.656863969778626,-0.625364010457643,-0.271313135691089,-0.012966966541989,0.299420879306523,0.81872275075228,1.01266641974763
"2018-08-30",-0.579698886714933,-0.602944147034744,-0.628858446292446,-0.653436069713591,-0.62409864182734,-0.279143627736201,-0.025107262102439,0.283750815793126,0.800676463163144,0.994459782465423
"2018-09-02",-0.582440807329822,-0.604828191328808,-0.629667951995154,-0.652712709495572,-0.621921468898537,-0.276583915029986,-0.0221808572008841,0.288115406878192,0.810219721355643,1.00660074304493
"2018-09-03",-0.57851903359695,-0.598500608056508,-0.620196986107757,-0.638367088170014,-0.60189808003225,-0.253780249247306,-0.000555048443502848,0.30824905652562,0.829451135712478,1.02601690141619
"2018-09-04",-0.597800403745313,-0.607299191412287,-0.615199948933902,-0.611710423056517,-0.549485866341904,-0.190087646471289,0.0541997500725303,0.349130363041581,0.848131307956348,1.03742209889075
"2018-09-05",-0.592227449961242,-0.604228607887535,-0.615564766449836,-0.617932772968004,-0.564207921914253,-0.215727276317395,0.0267082484193455,0.321354050641534,0.822175123544998,1.01245140289239
"2018-09-06",-0.598347444232411,-0.606829401634414,-0.613496351030934,-0.608387476044484,-0.545146517540115,-0.187950563032581,0.0554660180059187,0.351056150021773,0.856059425274467,1.04887615021278
"2018-09-09",-0.576930733474354,-0.58825013855816,-0.598468732260059,-0.598361623270935,-0.539299510832289,-0.17715819538349,0.0710407237229683,0.370589776223282,0.875765023631218,1.06687342020181
"2018-09-10",-0.550330242871061,-0.56459616224231,-0.578461954198643,-0.583363462978266,-0.528090776831246,-0.159662521887058,0.0935629358674108,0.396829849440403,0.900961286529379,1.08985104917139
"2018-09-11",-0.556973461358875,-0.57098012426766,-0.584637794585188,-0.589635703677027,-0.535812527263067,-0.173605797321687,0.0768621223085509,0.37820124890221,0.882224648711933,1.07175739855081
"2018-09-12",-0.549713439214189,-0.566070742181564,-0.582556212943586,-0.591175212646263,-0.539236663078476,-0.169453409879824,0.0852350780210934,0.38862245112029,0.88804773102875,1.07400042977377
"2018-09-13",-0.547563473877155,-0.56473862280572,-0.581900679849121,-0.590340013751357,-0.53444031662937,-0.148866693804984,0.111551129521588,0.4172888305807,0.911128703972626,1.09308113664279
"2018-09-16",-0.599114902148902,-0.605673501990752,-0.609125318124774,-0.5968107044603,-0.518312015209131,-0.127999834449206,0.124090086551662,0.42066526881004,0.907706492135113,1.08947441888625
"2018-09-17",-0.594070422272914,-0.60207243149044,-0.607089267287746,-0.59618319408541,-0.516141710139664,-0.112575083288354,0.145700282663825,0.446203696381203,0.931658438459411,1.11106970106009
"2018-09-18",-0.591466256654477,-0.600837069528409,-0.607527348777925,-0.598843335346992,-0.520170777472558,-0.111835127476483,0.150156538836098,0.454330479409647,0.943551991893901,1.1238408751172
"2018-09-19",-0.607191582824504,-0.613735580503196,-0.616958722910567,-0.603602903471486,-0.521612656492288,-0.119188016996608,0.138808651418737,0.440833575814862,0.933684741089151,1.1169625348759
"2018-09-20",-0.602238032570295,-0.610255063515396,-0.615495356209931,-0.605563964355572,-0.528503979267132,-0.132333803318371,0.124589360622764,0.426381701492302,0.920007343056488,1.10371180406514
"2018-09-23",-0.594460308105826,-0.601296858855195,-0.604403897000621,-0.589341612222157,-0.500930210793083,-0.0815690149377445,0.179318378963007,0.477796962076899,0.950416859006345,1.12326972186838
"2018-09-24",-0.586209996928404,-0.596537113949293,-0.603439538371339,-0.591913690848033,-0.500716359386585,-0.056530297405612,0.213804709951636,0.515580601459299,0.977585622693695,1.14357606278464
"2018-09-25",-0.595277932166396,-0.604508386553998,-0.610011267165039,-0.59643482772472,-0.503313158385674,-0.0610579914516653,0.206450651719403,0.504554098526715,0.960430516742718,1.12416830645866
"2018-09-26",-0.594308916235644,-0.602467908377293,-0.606514185217779,-0.590546654501499,-0.494510955896942,-0.0532306961298614,0.210137621814289,0.501583229993238,0.94399071175666,1.10236774279483
"2018-09-27",-0.518883470853085,-0.548914865755455,-0.580593555975173,-0.604781950278214,-0.548684941823943,-0.111488440297446,0.162997953484006,0.462291068676544,0.901992689474473,1.05666547334829
"2018-09-30",-0.507166882623492,-0.541724395126484,-0.579244518766974,-0.612250630948824,-0.565575990142767,-0.128133609004447,0.15247486725235,0.459991576582475,0.913071557910381,1.07255804486778
"2018-10-01",-0.507691724062039,-0.543882694069476,-0.58393357095456,-0.622087458631111,-0.585063807769907,-0.1658311384084,0.109838634133917,0.414857865030945,0.868120742207109,1.02817319252353
"2018-10-02",-0.504358228326063,-0.53713984245967,-0.572406428708803,-0.602139123421153,-0.552411589205056,-0.117430977209564,0.159505412597355,0.462466482037683,0.908391523028597,1.06532278166667
"2018-10-03",-0.520535234340489,-0.551231520292298,-0.582860642348583,-0.604223056713045,-0.537067954164787,-0.0692056167255981,0.214243404026481,0.517128724639313,0.95309246920125,1.10525942671776
"2018-10-04",-0.602675176187492,-0.612429324281607,-0.618147153995327,-0.603430152195569,-0.504432515873856,-0.0413393101795876,0.234938663583448,0.539699020776053,1.00010165690205,1.16451429145189
"2018-10-07",-0.549491866428126,-0.575986017263056,-0.602752696272642,-0.618288150202676,-0.548210757630021,-0.0823880893497747,0.205387749493562,0.519125043698251,0.981400978648216,1.14430379530627
"2018-10-08",-0.577410013718065,-0.594814644817064,-0.610386508090447,-0.610559469744307,-0.527986615645014,-0.0713994102753396,0.208278779008966,0.51692583828748,0.980560314301024,1.1454817169747
"2018-10-09",-0.590528451283825,-0.608092070209867,-0.623459018953467,-0.622072719047512,-0.534163692428623,-0.0638591014255255,0.219077247042996,0.527715507491559,0.985392326713955,1.14728996210031
"2018-10-10",-0.635001698629372,-0.643695267389128,-0.648356975329549,-0.63301023453305,-0.536229443000461,-0.084331557584293,0.187850882995417,0.490797334128329,0.953721833987552,1.11995515535455
"2018-10-11",-0.623466775167305,-0.634960585770969,-0.64352956473151,-0.635007080965884,-0.548427602243363,-0.10902993195499,0.162359227645213,0.467537792138216,0.938344846494143,1.10807967455645
"2018-10-14",-0.633133502153735,-0.644215470989507,-0.652181259763172,-0.642507305093229,-0.553852062962838,-0.109897317127376,0.163458182681913,0.470581772786959,0.94412608917356,1.11482091344742
"2018-10-15",-0.6507444940743,-0.661745165965032,-0.669445572924649,-0.658876563660925,-0.567788344058975,-0.118235803103301,0.156226841479092,0.462880376161178,0.932616997886197,1.10141174826072
"2018-10-16",-0.622808791069739,-0.639966226513097,-0.655791100865643,-0.658104273378922,-0.583057684078242,-0.146572469373431,0.127949487664265,0.436143123673078,0.908240614938603,1.07766730900312
"2018-10-17",-0.659853633464995,-0.676046787846854,-0.690868699193966,-0.69238695775317,-0.618481269172232,-0.187908645575821,0.0859052540995086,0.39628122291191,0.877551653810606,1.05130789218501
"2018-10-18",-0.643434212797264,-0.662622933831427,-0.680676569002723,-0.685193144542789,-0.609328606156555,-0.163591776747007,0.112650112687441,0.418439816071141,0.878639235408892,1.04241807891029
"2018-10-21",-0.675027981294077,-0.687026110859484,-0.695995437255021,-0.687325768797269,-0.598471725207877,-0.152369898861244,0.1196598463698,0.422508212895297,0.883985640064164,1.04936322294571
"2018-10-22",-0.618986334098283,-0.644025931201802,-0.669587054702754,-0.68540344855285,-0.622131739310351,-0.184358108842224,0.0912296000565797,0.395351385824276,0.849450716746055,1.01036088408135
"2018-10-23",-0.626683773552286,-0.65126773480983,-0.676745399993093,-0.693936520828824,-0.636309476477688,-0.211723687196142,0.0629438776410062,0.37142257433478,0.841195924934385,1.00910418594769
"2018-10-24",-0.620057983603823,-0.644422772010068,-0.669625170132273,-0.686427587586892,-0.628486236381323,-0.204518704694111,0.0694760262988795,0.377122507950225,0.845558164740123,1.01298171541926
"2018-10-25",-0.662211920621247,-0.676541026660266,-0.68981146866712,-0.691698335682983,-0.6267463773169,-0.233353562849299,0.0250938354628356,0.325386304770007,0.805772265849948,0.982010295715026
"2018-10-28",-0.688336599547141,-0.700954521847332,-0.71161533783933,-0.708248509375135,-0.63327377442572,-0.218094930938135,0.048439303647603,0.35516920646683,0.841232323395393,1.01878286046297
"2018-10-29",-0.730568890393707,-0.735957947972704,-0.737397947339911,-0.720422481595364,-0.631643954005091,-0.216920888227288,0.0433600509887049,0.344450363748436,0.828935879069527,1.0077658257274
"2018-10-30",-0.717443256948314,-0.722325308704151,-0.723127205734561,-0.705251911646076,-0.615784211900519,-0.203020197481162,0.0551588672689934,0.353515139170817,0.833267172353323,1.01031089362165
"2018-10-31",-0.712833742534544,-0.718896144141626,-0.72111413382416,-0.70502501603811,-0.616294382004729,-0.197866905418215,0.0642810265349077,0.366521583768595,0.850344964949538,1.02838270870835
"2018-11-01",-0.702285212232498,-0.70857160661051,-0.710901243612624,-0.694404112825944,-0.603337227807493,-0.175902087039581,0.0903737825789306,0.395963442413631,0.882173235713711,1.06049101942238
"2018-11-04",-0.697969605445775,-0.705431082551118,-0.709265448153838,-0.695020962578256,-0.606422706445761,-0.180579409742858,0.0852402017222672,0.389663785052622,0.872018194355605,1.04846703378712
"2018-11-05",-0.694324018944315,-0.700810867709609,-0.703445081960188,-0.687563241774828,-0.597706951890206,-0.173326184572977,0.091478197093619,0.395525664052378,0.879439461307656,1.05693302439847
"2018-11-06",-0.664923214307542,-0.67307694830135,-0.677875485743366,-0.665321473681428,-0.579338551228538,-0.157701407737521,0.106819738301037,0.410200408764499,0.891373810074419,1.06744308385979
"2018-11-07",-0.616778708989102,-0.634085453918364,-0.650302673399738,-0.653829573261671,-0.58197663320005,-0.153158143626031,0.119342496436275,0.427144913036305,0.901907817842738,1.07283595907963
"2018-11-08",-0.644216194801417,-0.658224266115361,-0.670698483994693,-0.670163021245839,-0.598716794059646,-0.187910125602073,0.0766274174228618,0.380401270339419,0.859692790406705,1.03430740765004
"2018-11-11",-0.628015424139896,-0.644080890921658,-0.6596065568947,-0.664925794031512,-0.603627943069384,-0.209061687328185,0.0530909952907714,0.358621724980754,0.848363759741125,1.02814181637269
"2018-11-12",-0.642049359618518,-0.655569785802751,-0.667619585105498,-0.667064755765494,-0.597377958844154,-0.192295016155186,0.0716935757006801,0.377744301808603,0.866630281584086,1.04590827219823
"2018-11-13",-0.635362934847338,-0.651867523978903,-0.667763875390125,-0.673009662430728,-0.609569617983036,-0.205409296980372,0.0612468041012748,0.370423161930078,0.862756029290302,1.04285686628885
"2018-11-14",-0.627972624601167,-0.646485740189792,-0.665520146212436,-0.677227681564758,-0.62609129844751,-0.244591708108461,0.0175995422872508,0.327834749061715,0.833113445931154,1.020041441844
"2018-11-15",-0.618988524743735,-0.639015020471854,-0.659824176941723,-0.673660642592934,-0.623170781502206,-0.235901526290894,0.0287806391053189,0.339579055025746,0.840184500512898,1.02421649789939
"2018-11-18",-0.602100775830401,-0.624191876718377,-0.647747286031516,-0.665985269938748,-0.620992468727418,-0.23697638720439,0.0293509844553533,0.343263703755452,0.850109633337242,1.0365697429028
"2018-11-19",-0.628763650784164,-0.646663176644825,-0.664935901570189,-0.675606311696417,-0.623819462214896,-0.245401783398688,0.0138431013695162,0.320333251439295,0.819237593167689,1.00377635033268
"2018-11-20",-0.63892262844924,-0.651168638527226,-0.662249442365736,-0.662361249322465,-0.599989389643684,-0.221613554962045,0.033901054281005,0.338410496672949,0.842930048241878,1.03176325407457
"2018-11-21",-0.645561910620888,-0.656577116084834,-0.666103323842754,-0.66397380642946,-0.599517442882943,-0.222124762863624,0.0319831252186673,0.335424839475502,0.8403892315451,1.02996122648523
"2018-11-22",-0.641521128019644,-0.653404201013749,-0.664227745010108,-0.664658649485608,-0.605086059916405,-0.239622385760311,0.00878484801994084,0.306213658511561,0.802077482091776,0.988344150582545
"2018-11-25",-0.671974187830525,-0.677439576138302,-0.679884598525291,-0.667335590282234,-0.592628766139423,-0.218891028085535,0.027641924307393,0.323414121975441,0.823073480678113,1.01282422004036
"2018-11-26",-0.65630872672153,-0.666282619167252,-0.674633040175551,-0.671271163004305,-0.607250788493371,-0.237576803034942,0.0126711396286758,0.313624409787896,0.819925068647024,1.01130252253335
"2018-11-27",-0.660727653331472,-0.669062729397941,-0.675376924337398,-0.669191343301895,-0.602924489492777,-0.236084366272352,0.0119021788382602,0.311611370820094,0.820564105980952,1.01418989049453
"2018-11-28",-0.652754952098768,-0.664570968817941,-0.675538613899057,-0.676900971070757,-0.620445221990904,-0.26223956061774,-0.0140761201963905,0.287175955564331,0.798809647015989,0.993140836111238
"2018-11-29",-0.642684585114349,-0.654992115589157,-0.666768680869599,-0.669924665129718,-0.617301816783225,-0.268365761759626,-0.0236319363627042,0.275300930997491,0.786708795228251,0.981759835382639
"2018-12-02",-0.644277334775131,-0.656710497642,-0.668672986699901,-0.672190394054113,-0.620241888848343,-0.272906956338853,-0.0289280721681054,0.26920910894875,0.779405374274834,0.974013647302864
"2018-12-03",-0.647055326624529,-0.659989019531761,-0.672791841148206,-0.678248157717249,-0.630822530851059,-0.297691966049946,-0.0616514896773622,0.227484651448966,0.723105136896109,0.91226055325504
"2018-12-04",-0.705999852466286,-0.703097800756721,-0.6956058218324,-0.67094607203301,-0.593221273269546,-0.267860538928498,-0.0511643098029296,0.221777176032323,0.727987151402136,0.934531311654935
"2018-12-05",-0.708682743656172,-0.706660097891389,-0.700546642056088,-0.678793190327536,-0.607098369455183,-0.297565916802374,-0.0882297253595649,0.177753421336196,0.676814569149306,0.882108645062802
"2018-12-06",-0.748754883332314,-0.738735723601468,-0.721974496604171,-0.683141942338092,-0.590174982976729,-0.268463799466041,-0.0649306319138253,0.19206819748668,0.685189021031201,0.894519211714758
"2018-12-09",-0.774781952143486,-0.758944780321731,-0.734411542950931,-0.6830684409666,-0.574618195678247,-0.247562481587146,-0.0532545656434017,0.1881368322935,0.652821370215516,0.853583766782527
"2018-12-10",-0.771541238377484,-0.758037466931083,-0.736630732810098,-0.690359682128075,-0.588376556092786,-0.265304985909132,-0.0691355020718409,0.175412545160206,0.64267568706934,0.841897932090954
"2018-12-11",-0.767354481621182,-0.751603706027524,-0.727051552398632,-0.675233412424415,-0.564682484645905,-0.229287243877283,-0.0310797454482495,0.212681005066502,0.67155823322043,0.865453368156254
"2018-12-12",-0.782479600033164,-0.7666605422487,-0.741957521717292,-0.689674756243652,-0.577629477666932,-0.234817029890776,-0.0305906463162257,0.222116342450136,0.70251556776866,0.907177653897947
"2018-12-13",-0.750546064439916,-0.740421293389425,-0.723503803885207,-0.684366914226452,-0.590826295482859,-0.267684226341549,-0.06341948082001,0.194412076093918,0.688973024083721,0.898882948407776
"2018-12-16",-0.755290707092388,-0.74611119237912,-0.730294168990116,-0.692404312843016,-0.59870088760606,-0.267786430523705,-0.0590657961837764,0.201505143054967,0.689056065310133,0.891192297253081
"2018-12-17",-0.806906059858426,-0.789312224688037,-0.762359317370406,-0.70686012408456,-0.5922436353639,-0.255999552977834,-0.058642896495854,0.186331923844562,0.661624776286244,0.869467110708209
"2018-12-18",-0.84805675109968,-0.824045226480813,-0.78855122826294,-0.719410528902422,-0.588247433617867,-0.24652430019551,-0.056640954412489,0.180342793029175,0.667670129634853,0.870863480307692
"2018-12-19",-0.835369622197399,-0.811902605009214,-0.77721350243221,-0.709640707096932,-0.581452012901187,-0.24747828517658,-0.0619010955776323,0.169708232115402,0.645982900311412,0.84456668796434
"2018-12-20",-0.874031803927192,-0.84897230710518,-0.811942565590662,-0.739857855528015,-0.603295202830017,-0.248873209925821,-0.0530335224470031,0.189820656461135,0.678622885496683,0.868662955396073
"2018-12-23",-0.907158022719752,-0.880417215431375,-0.840966962087253,-0.76439108197228,-0.620133944859785,-0.250910517995425,-0.0502267049154262,0.19526584897764,0.680690948973772,0.877747642029887
"2018-12-24",-0.873956382552254,-0.849030349472538,-0.812192853094178,-0.740464705933636,-0.604508600088116,-0.25115093796961,-0.0554880577213389,0.187734733206332,0.68128921317062,0.878500357633454
"2018-12-25",-0.874581567511457,-0.849633813908696,-0.812764575301643,-0.740975893847832,-0.604910012475103,-0.251303718565798,-0.0555327132811972,0.187782340242852,0.681237233262449,0.878030958484585
"2018-12-26",-0.90089620156278,-0.875595050218076,-0.838207346550111,-0.76542268784697,-0.627521851234846,-0.269537029091456,-0.0716561935116027,0.173832722164624,0.668644584821049,0.861959083030171
"2018-12-27",-0.833065045435799,-0.814085252862942,-0.785269740071982,-0.726721549590765,-0.608060650841961,-0.267561487941589,-0.0690656356880401,0.1783344008389,0.666981843546061,0.885613088048115
"2018-12-30",-0.790444233317469,-0.777198761971538,-0.756061601807696,-0.709948351972718,-0.607042736010006,-0.275561732278725,-0.0720361423980913,0.183287531441599,0.675113345812993,0.886034052824889
"2018-12-31",-0.780848099625155,-0.766906146154038,-0.744761038630655,-0.696785747408627,-0.590874858281914,-0.256368151443912,-0.0547663986633659,0.194538738301425,0.663794099127265,0.861169117063794
"2019-01-01",-0.695801464506127,-0.691475304309361,-0.682727177000506,-0.658220856110792,-0.588361220488791,-0.308825178656717,-0.121657280788573,0.118578661102985,0.582043336848406,0.777871791555615
"2019-01-02",-0.622581609921578,-0.627427400776458,-0.631039901636481,-0.626850972382351,-0.583968938004555,-0.327960203032216,-0.138758071137706,0.108329681322721,0.58085323903249,0.776404206536136
"2019-01-03",-0.586641153863433,-0.598841146198375,-0.611450962209473,-0.619157556050559,-0.583049843927797,-0.297230804043036,-0.0866402191408354,0.177631157742326,0.645311043909369,0.827369373781811
"2019-01-06",-0.584444644465915,-0.596073279942258,-0.60782017964949,-0.613818805612195,-0.574569805599168,-0.282885313456894,-0.0709894277970773,0.193128665575893,0.656813107456203,0.836459643490897
"2019-01-07",-0.579765607663944,-0.589962942908323,-0.599934398076928,-0.603494395321996,-0.562468984248405,-0.27478174028709,-0.06619317315058,0.195062809969906,0.658165732945223,0.838872768742135
"2019-01-08",-0.574806178833156,-0.585577383124142,-0.59640836601556,-0.601651884652161,-0.56369186703967,-0.281790232944988,-0.0746236503797334,0.186500026656605,0.652832448537644,0.835617007795159
"2019-01-09",-0.574185442447388,-0.585184212365262,-0.596492727869488,-0.603063279760807,-0.568562253502404,-0.296490309075555,-0.0931339535676345,0.16569895422323,0.633924802047373,0.818988442317933
"2019-01-10",-0.556706561609526,-0.570881213604128,-0.586425061786508,-0.599832538350773,-0.574121142373811,-0.309606155850704,-0.106279723271973,0.153170733075023,0.620517992259044,0.804263671513356
"2019-01-13",-0.554790849422542,-0.572305486945253,-0.59182637871567,-0.610154267504307,-0.586187386172315,-0.306623537528704,-0.0950765834941873,0.168634324936511,0.6260747882731,0.801355386573366
"2019-01-14",-0.541772989309291,-0.564181579482165,-0.590235509480509,-0.619116485740813,-0.608644260161727,-0.339092435184691,-0.125376549639043,0.143329239777378,0.61056660853315,0.789424010687711
"2019-01-15",-0.531371325344149,-0.553972881846567,-0.580182755139275,-0.608999981050067,-0.597499804198103,-0.323798835687581,-0.108550067934054,0.160727201381059,0.62589197856547,0.803256501253263
"2019-01-16",-0.532183934763172,-0.552282277399145,-0.575186549788525,-0.598769752873095,-0.580854588473834,-0.302938060298268,-0.0885875319666025,0.179114963104716,0.642566943365111,0.819720799092816
"2019-01-17",-0.52966007563758,-0.548440491088612,-0.569455447275183,-0.589582069450714,-0.566026935540434,-0.27948878685734,-0.0637576052839773,0.203247544984809,0.661261434554985,0.835502291594042
"2019-01-20",-0.525072859158046,-0.544970154149976,-0.567507805352536,-0.590195975244793,-0.570242741823845,-0.287787646085308,-0.0724038737694136,0.195023276454848,0.654727107058446,0.829730612070617
"2019-01-21",-0.532780419950128,-0.55160106734958,-0.573002535635535,-0.594802100939647,-0.576625529976762,-0.306751301913708,-0.0974649277643229,0.165749422324882,0.626381299984647,0.803697171220156
"2019-01-22",-0.525669593315827,-0.544678207120798,-0.5662890532262,-0.588308730686583,-0.570130311894827,-0.30010051363161,-0.0915414883101637,0.169790615270963,0.624665462951113,0.799161879963934
"2019-01-23",-0.537757640410527,-0.55138983975818,-0.566659000371258,-0.581096590004169,-0.561608108196932,-0.324660245121745,-0.136467164735428,0.108264807499623,0.560442102709646,0.74123173838897
"2019-01-24",-0.531623492048756,-0.547806060531868,-0.566000729477677,-0.583661017741796,-0.563713552160519,-0.30979137920012,-0.113641907315071,0.134213861865579,0.572103444452028,0.741820782158198
"2019-01-27",-0.514333071064645,-0.532795987783336,-0.554009181373359,-0.576442092427598,-0.56213385621498,-0.308909008264035,-0.108427702133935,0.146472744131627,0.598681658999525,0.774196496130735
"2019-01-28",-0.517450452754696,-0.53245158740879,-0.549447020124979,-0.566347601469537,-0.548966501548292,-0.309248731787044,-0.118146451589928,0.129332387308463,0.582470666777962,0.76235525259684
"2019-01-29",-0.502850579316175,-0.520833701879097,-0.5416724053886,-0.564364681173658,-0.553219659639956,-0.315182251819129,-0.122999159027733,0.123984756852782,0.56825408311176,0.742183608279803
"2019-01-30",-0.503917952613795,-0.51963356585563,-0.537922363977113,-0.558020238273054,-0.54838113744003,-0.331098057980123,-0.150169057690236,0.0885894917033588,0.535605034012839,0.715547868113784
"2019-01-31",-0.500273265906354,-0.520072345867347,-0.543370539062128,-0.570142016225341,-0.564509473397081,-0.331345220408942,-0.138406522297972,0.1110294068214,0.561496511326414,0.738093415017348
"2019-02-03",-0.472271960180132,-0.493518166300212,-0.51881596345873,-0.549037708469151,-0.548539069571378,-0.3224856996114,-0.131027047022581,0.117852291348445,0.568941895126873,0.746001438138264
"2019-02-04",-0.475560480054727,-0.496053924742802,-0.52034271241611,-0.548926437162002,-0.546339209016973,-0.319121512588968,-0.128528138312953,0.118669131878374,0.566045145798288,0.741558076617873
"2019-02-05",-0.483354260764525,-0.500473665674774,-0.520541301359777,-0.543205715515245,-0.535861877651698,-0.31614900972388,-0.132390640950144,0.109094739290121,0.557118983037944,0.73616278931198
"2019-02-06",-0.464987372679118,-0.487751755333924,-0.515591835735176,-0.551569763170225,-0.563668308959029,-0.368670273137156,-0.188391108986249,0.0540422395893569,0.51078391429195,0.694304284119569
"2019-02-07",-0.414384448870726,-0.445328127872586,-0.483950186109081,-0.536940106177964,-0.569727645426993,-0.388501851581128,-0.206563069809698,0.0376538382108225,0.48777678052859,0.665064867108762
"2019-02-10",-0.472385491721367,-0.490858208684942,-0.513232470400978,-0.541217139932842,-0.545689740508117,-0.354625967395222,-0.179991989850719,0.0587027452574906,0.523664102769145,0.715534130467551
"2019-02-11",-0.498057128680042,-0.513497147237941,-0.531772110209145,-0.552967154845289,-0.548183586189177,-0.347166483383086,-0.171346093792163,0.0677035295696956,0.534668480420302,0.728417714346848
"2019-02-12",-0.517593836848671,-0.531976871876361,-0.548743248066321,-0.567191926479877,-0.557933811504191,-0.349904001254404,-0.172871591752038,0.0655547948414545,0.526691353653856,0.716869119286554
"2019-02-13",-0.528395315230739,-0.540953562441869,-0.555427792856846,-0.570657144553431,-0.558955475733172,-0.357456196440781,-0.186881072145005,0.0442141125908848,0.497211545816658,0.686200860994303
"2019-02-14",-0.522512079963974,-0.537284919618391,-0.554636403415776,-0.574249912668645,-0.567259604305799,-0.365117557365707,-0.191133861043897,0.043854075284449,0.499245420814348,0.687194832283392
"2019-02-17",-0.528744980526044,-0.544434489547987,-0.562910941298465,-0.584001860323996,-0.577671425338853,-0.369202413600323,-0.189550572764949,0.0525827301124858,0.519725832065588,0.711808091222543
"2019-02-18",-0.532348262137933,-0.547545637461291,-0.565357972530238,-0.585357515660835,-0.577599573647089,-0.368254237289214,-0.189208141960783,0.0516554612083026,0.515741910073941,0.706473939405137
"2019-02-19",-0.540078488562713,-0.553719855672531,-0.569567848467465,-0.58676442615959,-0.576646801457211,-0.370976412591136,-0.195694137747756,0.0415869801264602,0.504937348111713,0.697523552420227
"2019-02-20",-0.539809973036911,-0.552245303214761,-0.566271499721245,-0.579846660546552,-0.56294522622001,-0.343520410113663,-0.164373461201332,0.0737665945224224,0.528769066404981,0.715176823127071
"2019-02-21",-0.543098727104072,-0.554991886962278,-0.568608467819257,-0.582544887920757,-0.569450927123307,-0.367453905057887,-0.196811362091642,0.035208494415924,0.493637652270636,0.686213967392641
"2019-02-24",-0.540625408723503,-0.552763566947548,-0.566552041480847,-0.58025856371391,-0.56519629599153,-0.354271091703196,-0.179155319060334,0.0562942533694336,0.513851308294549,0.703676755956884
"2019-02-25",-0.53712214121188,-0.549112710407841,-0.562683223490957,-0.575966845071416,-0.560114283849071,-0.347268748962038,-0.171206081314511,0.0652868203444393,0.524552076522504,0.715035127440767
"2019-02-26",-0.531867745669104,-0.543553862839365,-0.55646395443491,-0.567857906923332,-0.546920934362011,-0.318837878163068,-0.136506143069164,0.103943332598267,0.559419612179515,0.745045450683172
"2019-02-27",-0.532004728929155,-0.543052881151668,-0.554966968607039,-0.564275009444099,-0.539060763138111,-0.300030606061174,-0.112747503538808,0.132296166725751,0.592489519041243,0.779052705103061
"2019-02-28",-0.510472727963152,-0.521166014060546,-0.532768006153749,-0.542093280655475,-0.518576320272659,-0.287796299953176,-0.104359145610831,0.138284603761771,0.601600935522086,0.791746255385732
"2019-03-03",-0.538593604399534,-0.547038291853072,-0.555792801084993,-0.561023872380605,-0.533937955709965,-0.307757755793719,-0.129235216082381,0.109011506190502,0.573373250956272,0.767394720157493
"2019-03-04",-0.507011096643775,-0.518384957380204,-0.531110300271654,-0.54294689626871,-0.524905491907303,-0.307989931068732,-0.129799786282244,0.10970222049064,0.576512136819033,0.770834082512952
"2019-03-05",-0.51780878787111,-0.526743682685557,-0.536619571218466,-0.545187603573909,-0.527382910360518,-0.330081055963697,-0.163684101520009,0.0672655756281546,0.543793756028593,0.751848361536517
"2019-03-06",-0.507108101399446,-0.521975676568294,-0.539906320738441,-0.561907024058512,-0.562567282493457,-0.384187784276601,-0.218343285484651,0.0153165607471329,0.495986312870498,0.703392621401773
"2019-03-07",-0.544683675361995,-0.551175735320898,-0.558069375809638,-0.56277443322127,-0.543432671166213,-0.362768628022163,-0.209823708017999,0.00670304328358229,0.472540804896003,0.684084298740589
"2019-03-10",-0.492796149739986,-0.507126747787806,-0.524395627167829,-0.545518504083046,-0.545756176920767,-0.370995050329723,-0.208422486427357,0.0211674637796183,0.495643280068353,0.701200018608544
"2019-03-11",-0.518656850159856,-0.530546474943096,-0.544627371941966,-0.560843336142614,-0.555669828934116,-0.381127228829795,-0.222129850083945,0.0035753906858943,0.478364997357836,0.687760542991652
"2019-03-12",-0.532080082647875,-0.541006603350219,-0.551108367940224,-0.560828104400894,-0.547158012934884,-0.365409735465878,-0.206691353231931,0.0182901910541208,0.497516822742441,0.712275246175343
"2019-03-13",-0.509489507619302,-0.522838189033612,-0.538630475869983,-0.556825139082878,-0.551520225584589,-0.364473098518385,-0.197362387594348,0.0352563580636922,0.508279928931145,0.711002756308262
"2019-03-14",-0.500000104173884,-0.51307466011725,-0.528622995751975,-0.546823619085948,-0.5428485805329,-0.362618972916141,-0.198879873035169,0.031517305285153,0.5078138762782,0.714637694049916
"2019-03-17",-0.541194102575773,-0.54713606701977,-0.553226122540749,-0.556398920384214,-0.53427222101299,-0.347113502192353,-0.191032007113641,0.0289586723342725,0.500623191108165,0.714491099397054
"2019-03-18",-0.52837590796261,-0.534895669194788,-0.541692744255137,-0.545789122902443,-0.524076279392337,-0.333405321500049,-0.174624891568751,0.0478713842426394,0.519036447101823,0.730152085431656
"2019-03-19",-0.50612549636203,-0.517133972303942,-0.529997074717937,-0.54411573217502,-0.535864571929042,-0.357611405059241,-0.198432443127391,0.0263756265081692,0.49751764113932,0.704987448027111
"2019-03-20",-0.502730675360221,-0.515731398906223,-0.53129321641004,-0.549910387634028,-0.547955940454264,-0.378246975463516,-0.222179869604995,-0.00191439303520446,0.454418613415892,0.652744273452603
"2019-03-21",-0.519416328104942,-0.531211079966277,-0.545449840234254,-0.562907996129954,-0.562948400528434,-0.413119758716555,-0.270923862241095,-0.0661129627940499,0.371861128212881,0.56722908050268
"2019-03-24",-0.528992807418302,-0.538614073523689,-0.550093592963578,-0.563586035722969,-0.560327915689098,-0.417348954160417,-0.282428526021905,-0.085406720356571,0.349344506289676,0.549254149566858
"2019-03-25",-0.515304200460655,-0.527271711983144,-0.541760702788925,-0.559697006773311,-0.560659445482645,-0.413819167571314,-0.273861566411178,-0.0724758866764039,0.356659713676975,0.5473899544706
"2019-03-26",-0.505249911255415,-0.52352369242533,-0.546604290189274,-0.57895141903095,-0.599905983876413,-0.47322755607789,-0.332619845080345,-0.125319778223724,0.318533028530207,0.514369447629136
"2019-03-27",-0.510914384347255,-0.526019330641209,-0.544950808570691,-0.570877835785621,-0.584642206575251,-0.45770937195483,-0.321480280309547,-0.118905723582862,0.32646938207519,0.528230529692069
"2019-03-28",-0.53506562790741,-0.547609334131234,-0.563168861572395,-0.583810692112958,-0.591374692844423,-0.46198658611988,-0.32720609663776,-0.124855917733871,0.333235767897348,0.547142101162584
"2019-03-31",-0.507421904533079,-0.524928709901497,-0.54673721079838,-0.576191128975598,-0.590506091490238,-0.443511916645418,-0.291971422082365,-0.0729151893775978,0.387152888740968,0.587730705063206
"2019-04-01",-0.487752800513222,-0.508267657351923,-0.534183160673123,-0.570565238378416,-0.594689470199579,-0.459335268606458,-0.309441224713177,-0.0906643107936435,0.368882901863618,0.568316159365926
"2019-04-02",-0.508030624253753,-0.524121604945871,-0.543977490732122,-0.570061046959896,-0.579269080484463,-0.423636706714774,-0.26842517471822,-0.0446804223462386,0.427131568680588,0.634070522474749
"2019-04-03",-0.457805308673853,-0.483521354048213,-0.515930416498119,-0.561334370422844,-0.592192476679472,-0.441280939435001,-0.27822765857246,-0.0487686242081854,0.403868749548768,0.590692328989379
"2019-04-04",-0.473470410924838,-0.493884386390163,-0.519437868610558,-0.554492465267288,-0.574476846310708,-0.425282309418648,-0.269292045985991,-0.0464836307606459,0.40895124887755,0.602768804791288
"2019-04-07",-0.471085140693245,-0.492752260308049,-0.519874918370398,-0.557124948453778,-0.578800723359304,-0.426036349020991,-0.266909201040799,-0.041492433702754,0.412498450842631,0.60339235341344
"2019-04-08",-0.49640460849975,-0.512805800994535,-0.533176034120125,-0.560437375073988,-0.572422705532133,-0.426189245110688,-0.276816668608051,-0.0603479808455413,0.397784654718804,0.599011185566257
"2019-04-09",-0.478542011660997,-0.499492566851688,-0.525993699065561,-0.563328766645781,-0.588656538775801,-0.453684926599156,-0.302897202443799,-0.0824444771637672,0.381136185615265,0.582404083591289
"2019-04-10",-0.497747648451017,-0.513794896827869,-0.533770156195277,-0.560644274373106,-0.572938156962623,-0.430071188144588,-0.282114142879459,-0.0656487872127597,0.399508094758164,0.606421146288531
"2019-04-11",-0.496020503207418,-0.513441934449918,-0.534577334445574,-0.561087385269966,-0.565334384248564,-0.380510088746298,-0.209095697187471,0.0283918626453953,0.501257218164103,0.699718236745716
"2019-04-14",-0.508492736161107,-0.523722457271777,-0.542036331665982,-0.56432231683403,-0.564210080955624,-0.379794964376862,-0.21027707685075,0.0268314169254257,0.509237648728663,0.715586878462043
"2019-04-15",-0.511610335730578,-0.526507924262297,-0.544335770694124,-0.56569264085368,-0.563886285511347,-0.375521864656641,-0.204115819316834,0.0350464676014827,0.520793068800727,0.72843115462329
"2019-04-16",-0.509760463183046,-0.525154218567211,-0.543506926357094,-0.565262374184783,-0.562489910116932,-0.366982675773185,-0.191822082598448,0.0499168778542027,0.532625855803941,0.736235947122552
"2019-04-17",-0.508837628584348,-0.524687655776587,-0.544008571771082,-0.568515013530351,-0.573256570033411,-0.402177516949294,-0.238838511733534,-0.00725896921399383,0.471229380893223,0.678051006699376
"2019-04-18",-0.485103277764902,-0.50550557600541,-0.530772711537696,-0.564445984264592,-0.579415085709233,-0.409188226354359,-0.240273200327334,-0.0027076843953876,0.475147027651804,0.676469283685126
"2019-04-21",-0.483874919059935,-0.503885885495912,-0.528663717635316,-0.561655630802374,-0.576116767067592,-0.407145250373826,-0.239341567291087,-0.00279654773056626,0.475010583191955,0.677006386600385
"2019-04-22",-0.510608815488856,-0.52613909674334,-0.544918216582162,-0.568175001789657,-0.570093621252678,-0.391591125559257,-0.22542057596094,0.00770960701124868,0.4830262069933,0.686510599372342
"2019-04-23",-0.512764584563098,-0.529155365197133,-0.549386950028697,-0.575996110015919,-0.585603332819859,-0.429050588513884,-0.273050090386318,-0.0486965949997958,0.422273244453164,0.628030372071542
"2019-04-24",-0.482972197310828,-0.505227549848373,-0.533108089552424,-0.571463322377817,-0.593968843626715,-0.43684435055511,-0.272256722769666,-0.0381770003207585,0.436163490808979,0.636554625552716
"2019-04-25",-0.519660718000291,-0.535940319046197,-0.556045097247337,-0.582517210599006,-0.592152131225261,-0.436216602460221,-0.280269105868082,-0.0553234360989719,0.419225048843968,0.627399501701397
"2019-04-28",-0.484478910671932,-0.504558061340782,-0.529532060829693,-0.563193226803262,-0.579728433451301,-0.418460129747569,-0.254963583749586,-0.0229120968722175,0.449418159015973,0.65010839445037
"2019-04-29",-0.524339485763144,-0.539410178214688,-0.557719331633428,-0.580693703502964,-0.583866693465712,-0.41394037150674,-0.252781116412419,-0.0241353623722568,0.449923454045366,0.655562758825987
"2019-04-30",-0.51486285139077,-0.53073978880396,-0.550086417457843,-0.574609801707615,-0.579350747593413,-0.408953599728245,-0.246801019378749,-0.0176179388206921,0.453442045232299,0.656174456373554
"2019-05-01",-0.494449275986276,-0.514590946620204,-0.53943479293845,-0.572181334061492,-0.585185534483295,-0.410254284361087,-0.23974985987531,-0.00152996139374373,0.473875997099068,0.673100022620788
"2019-05-02",-0.492432725888923,-0.513068923816904,-0.53860163265033,-0.572553995968513,-0.587403934902886,-0.415210639888168,-0.245343638623256,-0.00740017234995571,0.468275390387916,0.667740303701017
"2019-05-05",-0.496123908469837,-0.516284587903716,-0.54132477234576,-0.574942860717851,-0.590859681420059,-0.425747488028389,-0.259376642318889,-0.0235503709781117,0.45604885961226,0.659761522570353
"2019-05-06",-0.522623381375511,-0.539803389887417,-0.561193521984075,-0.590009008547863,-0.603487073059968,-0.453798966316951,-0.299103976075958,-0.0738482848902575,0.405878514916527,0.617589117221475
"2019-05-07",-0.523558737278402,-0.540799428823103,-0.562255464387287,-0.591133548255388,-0.604585030068643,-0.454933311528598,-0.300811539267924,-0.0770640075258547,0.397048403402605,0.605392713732594
"2019-05-08",-0.526050860105844,-0.544788422545202,-0.568169825308328,-0.599909420959513,-0.616141664405461,-0.464133494329639,-0.306475374990551,-0.0788200394196288,0.397499874036922,0.604389288027244
"2019-05-09",-0.511297360647577,-0.53101017424622,-0.555735083708121,-0.589774748009971,-0.609339437303002,-0.461179472628623,-0.303611018293646,-0.0749010609627796,0.405297459896795,0.614150945903146
"2019-05-12",-0.524039061298606,-0.542687125664027,-0.566133731596031,-0.598595828738948,-0.61787040610359,-0.478537915150343,-0.327885587443253,-0.10693709907278,0.364484047089879,0.572202667977698
"2019-05-13",-0.509570041989162,-0.532446901518121,-0.561406491136138,-0.602323897111358,-0.630833199241879,-0.490732986955859,-0.33367942420413,-0.105598863984312,0.367503179770331,0.570488586370629
"2019-05-14",-0.507867675980481,-0.531562628448347,-0.561776888993213,-0.605264354977065,-0.638931590190517,-0.512107860968631,-0.361374063663878,-0.13959784866578,0.32572505365511,0.526657828232799
"2019-05-15",-0.489506098982095,-0.515952153629811,-0.549776854844986,-0.598881019174298,-0.638951410298723,-0.512832711531241,-0.358198175042235,-0.131350909157548,0.338877348150216,0.539571984510721
"2019-05-16",-0.525690424068134,-0.544641114398589,-0.56870866966913,-0.60289178962725,-0.626785486965049,-0.502187990985207,-0.358406135672492,-0.142812196169249,0.329833650590154,0.542290126964945
"2019-05-19",-0.524413284483311,-0.542799339296046,-0.566043125383654,-0.598659152866616,-0.619718014008538,-0.488590538775119,-0.341705250801946,-0.122731318298951,0.355466806669535,0.570093227244644
"2019-05-20",-0.520435938092537,-0.537707391286949,-0.559449417018617,-0.589593479240891,-0.60732580425118,-0.472607329931419,-0.324994855102204,-0.104957539093081,0.378370693793083,0.596801050223789
"2019-05-21",-0.520484695035448,-0.538138656180702,-0.56054054765124,-0.592244731085872,-0.613638199538882,-0.489422367820724,-0.346431399681222,-0.129767055351632,0.35569512278956,0.578372469556165
"2019-05-22",-0.520404864578177,-0.539111531439589,-0.563034979862494,-0.597587480255509,-0.623982718418347,-0.510578688353278,-0.372394963770596,-0.160738219394206,0.316946889196074,0.536686546876121
"2019-05-23",-0.531104335881852,-0.547286013525324,-0.567852990765884,-0.597048508794611,-0.616908937835982,-0.50084922209311,-0.365389325999468,-0.157473924004208,0.31912752136567,0.542285747534767
"2019-05-26",-0.518780703477479,-0.538512183695377,-0.563861086781666,-0.600908380126276,-0.631163435142591,-0.524237950128605,-0.388481370397835,-0.179522801075924,0.292018641755714,0.508349219070041
"2019-05-27",-0.515390236524677,-0.535501940370446,-0.561476017941283,-0.599923908002409,-0.633296244394446,-0.535011361949284,-0.403118508065221,-0.197214834279248,0.274739142678542,0.493693968848473
"2019-05-28",-0.52087958764864,-0.540216662572628,-0.565212602652371,-0.602278201005688,-0.63462534198948,-0.539864717900583,-0.411619780835716,-0.210202714536008,0.256183673793334,0.474515955347779
"2019-05-29",-0.512544446507098,-0.53326510888622,-0.560142469068586,-0.60034897983064,-0.636984514101331,-0.545995183918414,-0.417026371219747,-0.213457366689417,0.257894266978013,0.477970163243437
"2019-05-30",-0.523774473306353,-0.545880209032188,-0.574623081313023,-0.617899970510019,-0.658680178446022,-0.572452908052386,-0.444847417670115,-0.243573131401853,0.217793013604813,0.430738346127147
"2019-06-02",-0.518355034599138,-0.540130503173705,-0.568418992930148,-0.610929410867672,-0.650699715078102,-0.564607341439797,-0.438702989364158,-0.240921669733631,0.20987580173224,0.416989865454107
"2019-06-03",-0.513216340838155,-0.534114166539316,-0.56131558552353,-0.602360536518676,-0.641298542022512,-0.5600619743218,-0.438346397163973,-0.245062306364729,0.202808681172547,0.411467138120146
"2019-06-04",-0.524646460173409,-0.547189522760012,-0.576608515166511,-0.62128595093805,-0.664916281036942,-0.586058823857495,-0.461840937002997,-0.263656081743348,0.195473711642672,0.408828841036093
"2019-06-05",-0.527089971102405,-0.545285688334955,-0.5690052053134,-0.604878100962834,-0.638952949733578,-0.564613074560237,-0.452351587868589,-0.271078783862701,0.162468075382732,0.370487226355968
"2019-06-06",-0.521148414838721,-0.542483380657557,-0.570414090109153,-0.613144667893228,-0.656117960366449,-0.588971544684241,-0.476298914527439,-0.294593258283754,0.130500101110857,0.329272110249685
"2019-06-09",-0.484070436872909,-0.511533133312442,-0.547451556393226,-0.602384133169121,-0.658218998550666,-0.583943044138189,-0.455323418823587,-0.252303408192374,0.201480591553114,0.404947597899399
"2019-06-10",-0.495614269426148,-0.520990206423815,-0.554216242933177,-0.605123433560305,-0.656986149057823,-0.585999105637414,-0.462604575168525,-0.265662547462391,0.183478171362455,0.388418338307141
"2019-06-11",-0.483226947924671,-0.511911467145624,-0.54944484004907,-0.606943251544402,-0.665990824622377,-0.594958386395324,-0.46764860889071,-0.267537255643422,0.174139246086832,0.369822376128767
"2019-06-12",-0.451848817414905,-0.486527222335951,-0.53189723885517,-0.601513881480476,-0.674289969679809,-0.606438421069914,-0.473794939987325,-0.268946696833682,0.164535232625147,0.349621995032085
"2019-06-13",-0.492852788192454,-0.521365117995684,-0.5586480038489,-0.615696624724072,-0.674167462626865,-0.60461820360337,-0.480430727077073,-0.286416248649144,0.13730357777757,0.323391568939992
"2019-06-16",-0.527811640424059,-0.553322742281231,-0.586481103448082,-0.636478260082484,-0.684617168033825,-0.600755314507145,-0.47293682462718,-0.275974856351201,0.153627780007889,0.343150169747316
"2019-06-17",-0.528872187839697,-0.561708363568582,-0.604773099507263,-0.67117077091479,-0.741497872168921,-0.679139688590993,-0.551342953988932,-0.350719051795933,0.0838102007701229,0.272613777604987
"2019-06-18",-0.530866326669672,-0.560293505917525,-0.59872293320609,-0.657372683864473,-0.717025134206032,-0.644122446461418,-0.516791128951987,-0.319464368802806,0.106555893345402,0.292002664734603
"2019-06-19",-0.53113954361529,-0.563159044373792,-0.604967645447782,-0.668825321239514,-0.734423168605676,-0.664432664796241,-0.536940874723133,-0.341444613060791,0.070575926125847,0.246257019736371
"2019-06-20",-0.53270056539466,-0.562072148481419,-0.60031723070127,-0.658314688551935,-0.716000983533475,-0.637063860603331,-0.507549030855553,-0.309554181526657,0.111276811903022,0.292495857745275
"2019-06-23",-0.534773920076199,-0.565928534909172,-0.606529444950636,-0.668263213305709,-0.730575159724084,-0.65552078896551,-0.526718719401995,-0.330483595533871,0.0815621696598826,0.257031187207291
"2019-06-24",-0.537169916487048,-0.566494824638643,-0.604915275931068,-0.663985827131207,-0.725730433715074,-0.662812778034977,-0.541930583537194,-0.352152311124606,0.0620410171767743,0.243450893423041
"2019-06-25",-0.539310061220734,-0.566502519411804,-0.601994936269261,-0.656072321509267,-0.710571474878113,-0.638298347194841,-0.515695346152529,-0.32527515538057,0.0891650298848061,0.270955142132313
"2019-06-26",-0.547609783921621,-0.573391094639127,-0.607213918792907,-0.659304073108206,-0.713651260167325,-0.652230158923513,-0.536698693330894,-0.352131977902885,0.0647600958414022,0.252870844945074
"2019-06-27",-0.531408020972766,-0.560543164899906,-0.598856302270117,-0.65822014581391,-0.72180326484814,-0.665702908031972,-0.546934310018909,-0.356502074167859,0.0701704969751339,0.260699684048444
"2019-06-30",-0.536130169423926,-0.5657298226522,-0.60480532765423,-0.665859543740543,-0.733073403572033,-0.685599092137079,-0.569421398329742,-0.379187151451585,0.0566662251193248,0.254339683842013
"2019-07-01",-0.545066251976045,-0.575385215337747,-0.615415282220481,-0.677989867198666,-0.747061167154987,-0.700493199628172,-0.583733158672319,-0.392717106381034,0.04317873225344,0.24008250631601
"2019-07-02",-0.542567020535989,-0.572136778933739,-0.611213756198204,-0.672427203632173,-0.740504800213611,-0.698488604227263,-0.58703613735094,-0.403919174927143,0.0149582483554584,0.204335207663604
"2019-07-03",-0.53753510807792,-0.568559187982852,-0.609626924824304,-0.674215006990642,-0.747122809199395,-0.711060337241289,-0.600577128159891,-0.417772305627327,0.000585176408674559,0.189283591694948
"2019-07-04",-0.539563341151411,-0.56935981537963,-0.608656976237716,-0.669943051996648,-0.737094528987706,-0.688803053694332,-0.57299541719933,-0.384734135576465,0.0418923825762155,0.233657887647023
"2019-07-07",-0.539726076041986,-0.567934291028029,-0.605178986736783,-0.66338473496206,-0.727450973881437,-0.681408952322953,-0.569450717462407,-0.385740867832771,0.0370336967359779,0.229541823532446
"2019-07-08",-0.534605371620486,-0.563974419838854,-0.602630105954657,-0.662649688502351,-0.727431743814444,-0.674145549720698,-0.556733859059725,-0.367787903287137,0.0564403698874977,0.246018231910852
"2019-07-09",-0.531616439901201,-0.562030071883186,-0.601792166753271,-0.66263497969576,-0.725154180235094,-0.653856800460397,-0.525075378081219,-0.32475842702274,0.108654978889192,0.297463465143679
"2019-07-10",-0.547019545491668,-0.574502866568432,-0.61018321671206,-0.663858538045527,-0.715186426855179,-0.624501636102674,-0.488228491793102,-0.279784459352039,0.169760283255494,0.366304877665183
"2019-07-11",-0.536242655071031,-0.566683034335153,-0.606203246769544,-0.665716633467131,-0.723237634657469,-0.630927493761922,-0.489446828289223,-0.274980959284826,0.178583220704893,0.373555284931405
"2019-07-14",-0.537559708010601,-0.568164480505902,-0.607936211418085,-0.667993746258481,-0.726881885389238,-0.641358217828324,-0.505930597330595,-0.300975472875194,0.129097423538142,0.312602866078273
"2019-07-15",-0.552743338825802,-0.581205459525655,-0.618179677822534,-0.673926169239408,-0.727995888061905,-0.64189549890116,-0.508908394779745,-0.306543222099962,0.123879642085782,0.309717897170388
"2019-07-16",-0.548913570835351,-0.580042297697377,-0.620545187089813,-0.681900430637013,-0.742919025651547,-0.662224074185637,-0.529630527961616,-0.328622215970629,0.0922283207425851,0.2712690492864
"2019-07-17",-0.539148234214289,-0.575337398406525,-0.622473079252691,-0.694139550209031,-0.767011729310342,-0.689434584870918,-0.551759720025623,-0.344652070439448,0.0790461297719137,0.255710266956955
"2019-07-18",-0.537494490612574,-0.57301819876174,-0.619387539766972,-0.690210442757786,-0.763275970824545,-0.691209258852947,-0.556718605858913,-0.352002719480646,0.0727933269430644,0.251623959973057
"2019-07-21",-0.526451616857393,-0.564057706863409,-0.613256165137194,-0.688812374296032,-0.768489672554065,-0.704249450814774,-0.571094242449758,-0.367082872985021,0.0561799372619161,0.233914114695727
"2019-07-22",-0.523008579907241,-0.561379839273299,-0.611634665136032,-0.689009009890548,-0.771366746592075,-0.710615605439085,-0.577978877440926,-0.373849114370176,0.0507093585345094,0.229133099514872
"2019-07-23",-0.522325790317512,-0.561062398332079,-0.611895272197354,-0.690511556842905,-0.775559318639197,-0.722859304175982,-0.594767308503552,-0.395949666943245,0.0194870135088615,0.194343552442966
"2019-07-24",-0.521477923639923,-0.557855260335607,-0.60573613969174,-0.680216138693824,-0.761967721292014,-0.714477976814202,-0.590656981702324,-0.394218802600039,0.0291530466955414,0.211453858074128
"2019-07-25",-0.487332348755509,-0.527666603885741,-0.580765887223843,-0.663486688314014,-0.755294156942164,-0.715145373742776,-0.5916800217549,-0.397042951954858,0.0130656404592959,0.186148382114506
"2019-07-28",-0.493808277018564,-0.534704604110153,-0.588536254185391,-0.672389574055821,-0.765532482953405,-0.726553623021743,-0.603609098930263,-0.410201680534985,-0.0047394212572357,0.165675056067562
"2019-07-29",-0.500728363174217,-0.540239491686547,-0.592324831707438,-0.673693688999832,-0.764769063990546,-0.729186701378804,-0.609716606102549,-0.419775589498142,-0.0161577616781466,0.155092138216222
"2019-07-30",-0.500474317000235,-0.541248774515367,-0.595179686586447,-0.680065433255934,-0.777510343001613,-0.756502470144879,-0.643828576087726,-0.461122519137966,-0.0688726381149035,0.0981048078450682
"2019-07-31",-0.515996869833051,-0.556826075060608,-0.610796684794201,-0.69564773196276,-0.792788505806638,-0.771194654506668,-0.659033107342818,-0.478022807149561,-0.0919383466361788,0.0716448430924831
"2019-08-01",-0.536858918344835,-0.57215350323197,-0.619012607312552,-0.69333039346676,-0.780454074571095,-0.770340203159088,-0.674870374840192,-0.515600341100223,-0.163137045807752,-0.010042508165534
"2019-08-04",-0.523259268591453,-0.566825962659649,-0.62439919740854,-0.714972938649354,-0.81957775092002,-0.809883409436297,-0.705653639790438,-0.538492570690978,-0.191774800249563,-0.0483605316037084
"2019-08-05",-0.537312932584435,-0.576625354901913,-0.628950034646846,-0.712426011546157,-0.812333986633179,-0.816713665247548,-0.722916675482369,-0.563405914818093,-0.209906771705238,-0.0571086124342204
"2019-08-06",-0.501631445372462,-0.555695624615651,-0.626864553872731,-0.738134689224353,-0.865635982390643,-0.863370002162634,-0.754070804734573,-0.584361460916951,-0.252681863249583,-0.121153613460419
"2019-08-07",-0.533708711466149,-0.580682106637455,-0.643001430382142,-0.741850697583903,-0.858807109189256,-0.863678442599453,-0.75909590337452,-0.586056641993332,-0.218557474532174,-0.0646614822416161
"2019-08-08",-0.530989062571659,-0.578187575553601,-0.640742791059016,-0.739788964367244,-0.856560114253213,-0.861312941282771,-0.758411386610355,-0.589572376577251,-0.235491031214242,-0.0885437565106483
"2019-08-11",-0.537267955032102,-0.584407613020193,-0.646982528392366,-0.746398679560799,-0.8648687663369,-0.877780831178316,-0.780369057228193,-0.618300942640213,-0.276189860699627,-0.133933745911295
"2019-08-12",-0.598760769658358,-0.640128138654106,-0.694946995878504,-0.781680476229642,-0.88348394128893,-0.882443646534276,-0.786812803278081,-0.630075123461222,-0.298708380755456,-0.160134971186257
"2019-08-13",-0.609223832969321,-0.648247851148008,-0.700290422478976,-0.783700255390355,-0.885153057745757,-0.902271017543527,-0.819585016952207,-0.67625096137724,-0.358346288233595,-0.221631256161014
"2019-08-14",-0.650439230172766,-0.685777597250194,-0.73331423789563,-0.810812676661497,-0.909287556200364,-0.945271789011329,-0.876962951212626,-0.747243575637069,-0.434546630465683,-0.29264371549284
"2019-08-15",-0.631804909665291,-0.673117136314706,-0.728102358238945,-0.815898490664268,-0.921745768182589,-0.936718441814034,-0.84990435409915,-0.702074525143009,-0.381079251069382,-0.245034298718724
"2019-08-18",-0.626691579851972,-0.667208945943639,-0.721100547634283,-0.806978489524405,-0.909579338984757,-0.914926673221177,-0.820680928987685,-0.661337373853889,-0.312071309892195,-0.162415534496336
"2019-08-19",-0.63378802641559,-0.672813906371324,-0.725127970355786,-0.809801840415021,-0.915241731680795,-0.94151367972614,-0.858227266439182,-0.706597372679103,-0.350768665570913,-0.191519550346145
"2019-08-20",-0.634183042906387,-0.669726450062507,-0.717415355356704,-0.794720619176063,-0.891224890759515,-0.91452731559877,-0.836063154133201,-0.692141306247512,-0.349196830786578,-0.193701104972763
"2019-08-21",-0.640149928002153,-0.671645102675432,-0.71395151796428,-0.782637987049884,-0.868379296987637,-0.884308229295377,-0.80691665433235,-0.663870709897855,-0.312383062362669,-0.148257491432364
"2019-08-22",-0.641306806543245,-0.677394606459056,-0.725800912031072,-0.804223590907014,-0.901950583003789,-0.924406481837431,-0.843894551026092,-0.696670830715507,-0.346358004958668,-0.187593602518127
"2019-08-25",-0.645316955030328,-0.680544309678592,-0.727667329091336,-0.803582200009153,-0.896701980225034,-0.909864497587702,-0.826619854535691,-0.678566634920744,-0.33359142709668,-0.17914486182474
"2019-08-26",-0.641412157213012,-0.677237415251925,-0.725312206339594,-0.803292287188575,-0.900962843223348,-0.928260718050391,-0.853317660026922,-0.715280720569178,-0.388370466022177,-0.241253496114882
"2019-08-27",-0.657811600405487,-0.690796303181923,-0.735152250981473,-0.807394370910233,-0.898799796441913,-0.928240941182933,-0.860231404353774,-0.732119310730987,-0.421840343339491,-0.280013748471785
"2019-08-28",-0.660095963921438,-0.694531209385298,-0.740727020323975,-0.815590026564101,-0.908962624883459,-0.930959395107137,-0.854534442233606,-0.71457157468692,-0.381301153864956,-0.230226539029109
"2019-08-29",-0.661133878054514,-0.69847529574802,-0.748474460776141,-0.829217717888778,-0.929160779997857,-0.951133055393958,-0.87018425446655,-0.724536394904467,-0.38624722359785,-0.235836979171865
"2019-09-01",-0.672960803567988,-0.709524127894494,-0.758486176589247,-0.837545461829029,-0.935211659319883,-0.953626965259182,-0.870544696850934,-0.721157789925721,-0.371272993078406,-0.214369335685116
"2019-09-02",-0.672856007243153,-0.705144341918543,-0.748575235588239,-0.819312786641458,-0.908587746125041,-0.933120980268685,-0.86092064113219,-0.725169622073659,-0.391420482657155,-0.236392176351874
"2019-09-03",-0.672187265936592,-0.70430838013455,-0.747474677404568,-0.817633475449333,-0.905561761460355,-0.924954546259382,-0.848932786410701,-0.7076468765925,-0.360899883711451,-0.199500386640568
"2019-09-04",-0.672913710195783,-0.698413055392869,-0.732694323855898,-0.7883493443252,-0.857157176474607,-0.857350250506252,-0.777563143393705,-0.629178274869361,-0.243157773791686,-0.0515230171946394
"2019-09-05",-0.661555006511399,-0.687167605993413,-0.721877330220057,-0.779177062686104,-0.853521454539617,-0.876612811656584,-0.810932293072419,-0.678311389817658,-0.311914598302869,-0.123130457199881
"2019-09-08",-0.651815654111278,-0.675271100946264,-0.707008891941082,-0.759200050638559,-0.825936109172422,-0.837238124077893,-0.76704760412366,-0.628292519156987,-0.241320570982338,-0.0379693648495183
"2019-09-09",-0.652291597099529,-0.676511805281486,-0.709020398389616,-0.761597862227226,-0.825748305606509,-0.818828828903014,-0.736831839941444,-0.586238005345455,-0.194702024344334,0.000570707138610238
"2019-09-10",-0.648275058280923,-0.671915958880054,-0.703805600917261,-0.755914336203452,-0.821375635898965,-0.825608321943063,-0.751090484145206,-0.608175391522392,-0.220574247324309,-0.0210650348843767
"2019-09-11",-0.592330955816287,-0.607999998086347,-0.629384072719266,-0.665110343311224,-0.71241717528139,-0.724465367940896,-0.672498788774568,-0.560541474742398,-0.201227664278601,0.0157757609509772
"2019-09-12",-0.591399858333836,-0.606853228742955,-0.627647619977274,-0.661369617609388,-0.702232838341133,-0.687348705934105,-0.618262622644109,-0.486941582537719,-0.108176306706536,0.103332390827053
"2019-09-15",-0.598946758342846,-0.616837756810953,-0.64092721140227,-0.680085687007771,-0.728166598573369,-0.719096447484456,-0.649153231220355,-0.516501643406444,-0.145538285171338,0.0537536394198002
"2019-09-16",-0.592458504557733,-0.607732048728469,-0.628360908141227,-0.662085938933522,-0.704020240407354,-0.696938760009054,-0.634253191542121,-0.51192223120484,-0.152012715931876,0.0514846394561973
"2019-09-17",-0.594333369286574,-0.612023386257468,-0.635928308033467,-0.675096664022683,-0.72443223708501,-0.724825491005064,-0.663021380855413,-0.542407435948315,-0.199931316735857,-0.0149004307701504
"2019-09-18",-0.610047360568612,-0.626731110451143,-0.649191976593545,-0.685699022439882,-0.730553354912609,-0.72290943272779,-0.658943064784788,-0.5378677728829,-0.201575498925345,-0.0222814057133827
"2019-09-19",-0.597828918030423,-0.61536981239499,-0.639080669389131,-0.677964739175834,-0.727121491780339,-0.72946673189947,-0.670335068646287,-0.554642972556562,-0.227631960123575,-0.0521575960033868
"2019-09-22",-0.565257317469431,-0.586037261211459,-0.614412675595496,-0.661967557023205,-0.726113097406422,-0.759240980559894,-0.712614592280604,-0.608607209604106,-0.295015127289356,-0.12243407156003
"2019-09-23",-0.550204497428498,-0.573419784465661,-0.605173828084765,-0.658603654435313,-0.731656187128649,-0.778362251852745,-0.735958295182866,-0.636367842560713,-0.335845418075157,-0.173208240785635
"2019-09-24",-0.555859842215561,-0.579528173511937,-0.611615138131029,-0.664649149556157,-0.733842623295787,-0.75974360253734,-0.704225747980022,-0.591035254837108,-0.281354149404338,-0.124146318530721
"2019-09-25",-0.559085437098581,-0.583057951266448,-0.615623631657851,-0.669677835686022,-0.741051004991898,-0.77324398495311,-0.721072449927161,-0.611487846323158,-0.306565043561756,-0.150434804534014
"2019-09-26",-0.573997368876531,-0.597823216600122,-0.630179642402159,-0.683840727326273,-0.754451877689731,-0.783786532489354,-0.72907324370147,-0.615118879845964,-0.29690939904381,-0.132819042024588
"2019-09-29",-0.551346120236447,-0.577244883290036,-0.612430695903062,-0.670845931921928,-0.74802355043442,-0.783152858006218,-0.727053283673111,-0.609028682598528,-0.280392470209927,-0.112081423726321
"2019-09-30",-0.545346809207292,-0.574903550976486,-0.614682313457137,-0.679515361083368,-0.761294464758997,-0.780982436022095,-0.710508301336073,-0.577633306164865,-0.245397385671814,-0.0884360213218756
"2019-10-01",-0.548554940051402,-0.578047494619142,-0.617700758964239,-0.682200012635435,-0.76311552495975,-0.780190207863109,-0.708599383896594,-0.575020430158733,-0.243909500517844,-0.0883618163337526
"2019-10-02",-0.558558083681089,-0.586815770374871,-0.625097106793668,-0.688311142650992,-0.770806605854709,-0.804829002909595,-0.743866124575611,-0.619758347515978,-0.287647185416747,-0.123110570226741
"2019-10-03",-0.55949432653958,-0.586750819945093,-0.623742761682873,-0.685037691552632,-0.765670528595746,-0.801297422460204,-0.742579135187019,-0.620488852954235,-0.285682834609881,-0.116455606472738
"2019-10-06",-0.54602041307978,-0.576057796253268,-0.616603494355882,-0.683086133959667,-0.768332470041233,-0.796615289151607,-0.729334614108637,-0.598099564355099,-0.261164741025824,-0.0992854536690035
"2019-10-07",-0.543807342792712,-0.575221057825535,-0.617684696283592,-0.687523410265757,-0.777879585206719,-0.813327185551079,-0.747245205638562,-0.615736954483374,-0.275063892367351,-0.110910669585322
"2019-10-08",-0.547989359086435,-0.573594907569731,-0.608329248702495,-0.665801801046129,-0.74095434102818,-0.769324199115169,-0.708584125460476,-0.584000539575147,-0.23971387519123,-0.063307683225011
"2019-10-09",-0.570013911199639,-0.588967404847698,-0.614468123848029,-0.655893066135012,-0.706916704227222,-0.702010641014203,-0.635183555174126,-0.509738013639127,-0.171155738725449,0.00374727881050463
"2019-10-10",-0.554789968634016,-0.576073081653677,-0.604569687638169,-0.650413604702281,-0.705410462766738,-0.692834626212794,-0.616220494689161,-0.478012304275293,-0.122965951234516,0.0529901418066437
"2019-10-13",-0.557982614237043,-0.57574703255252,-0.599692484094789,-0.638723409980507,-0.687148706714964,-0.682884103577738,-0.618160493820237,-0.494551969028328,-0.150666467716741,0.0322746774858212
"2019-10-14",-0.54596603352911,-0.56355985251701,-0.587121775612707,-0.624996981372582,-0.670006563426147,-0.652565744327042,-0.579909218928127,-0.447592815313969,-0.0941778174848441,0.0886307289824281
"2019-10-15",-0.582887032670088,-0.597412862268537,-0.616658282503376,-0.646838761493425,-0.679616731968859,-0.641929019238893,-0.563296688219259,-0.426860844475809,-0.0705638606509409,0.113064063489185
"2019-10-16",-0.584198495159353,-0.597924403743948,-0.616137128608136,-0.644786427074052,-0.676197358953993,-0.641762299218218,-0.567450202683753,-0.437292733581173,-0.0925994942668084,0.087348523289434
"2019-10-17",-0.588227341337806,-0.602395470066685,-0.621016760029845,-0.649700587291564,-0.678904847154866,-0.630828407457616,-0.547817483745747,-0.408957873292957,-0.061394485670055,0.111743246047142
"2019-10-20",-0.579117626413933,-0.593415165612183,-0.612154578311985,-0.640830345053773,-0.669234849355591,-0.615302082712966,-0.527399555938737,-0.381499990185055,-0.0181077742832911,0.162561917867518
"2019-10-21",-0.57870251475703,-0.595149978180462,-0.616705453090927,-0.649744512847779,-0.68308222179149,-0.630218731620785,-0.540828975661562,-0.3952268694135,-0.0483672825321866,0.11652660989572
"2019-10-22",-0.587598609151308,-0.601744290058446,-0.620337185385035,-0.64899464858389,-0.678329605948024,-0.632535015234545,-0.552422003237805,-0.419022075413588,-0.0889793387704726,0.0734627517831123
"2019-10-23",-0.596112021502809,-0.609784637138593,-0.627782583531102,-0.655604180752393,-0.684312199822935,-0.640176436434799,-0.56145099043724,-0.428938672918751,-0.0950177009626829,0.0721794235013071
"2019-10-24",-0.599235407868012,-0.611367791428512,-0.627213501970997,-0.651240733714278,-0.674016152904436,-0.619955258197051,-0.537727243590691,-0.401562136152848,-0.0591286937536875,0.113446929580512
"2019-10-27",-0.608663821555103,-0.619295969554254,-0.632957433089029,-0.652846885714691,-0.668212671041619,-0.597691316420336,-0.508129908267494,-0.364574186841501,-0.012249911623617,0.163122014107643
"2019-10-28",-0.600188372959669,-0.610444647424771,-0.623711389205885,-0.643339624566298,-0.659778760825691,-0.598264862450105,-0.515387733466326,-0.379897479679457,-0.0384326482465807,0.135445498824784
"2019-10-29",-0.595367321167947,-0.607779638267634,-0.623927316155939,-0.648194064981695,-0.670373416921642,-0.610955956897542,-0.525032987518859,-0.384951036239739,-0.0400508355961242,0.130632583747124
"2019-10-30",-0.602072103707904,-0.615626613235263,-0.633467353683999,-0.661039592490421,-0.689463930709418,-0.645527707564624,-0.567343326699208,-0.435781187356041,-0.104316554838232,0.0616384002851109
"2019-10-31",-0.598746536807922,-0.610810446777878,-0.626634375554278,-0.650863872998066,-0.674739349530426,-0.625827416164014,-0.546561123292185,-0.413061895184355,-0.069946227715414,0.10619127402454
"2019-11-03",-0.59592063349626,-0.607862477199844,-0.623423862379141,-0.646881500972108,-0.668479094901918,-0.610300030295434,-0.524889580626076,-0.383714744445664,-0.027188351060299,0.15366022537674
"2019-11-04",-0.592560237988388,-0.602746188207087,-0.615833314955607,-0.634868246128263,-0.649398607414005,-0.579391371716524,-0.49046143727276,-0.346900492852572,0.010875457629144,0.191784428906061
"2019-11-05",-0.587510419740796,-0.599065869189465,-0.614091169935214,-0.636623802439394,-0.656892390133524,-0.597729880566789,-0.513183343106233,-0.37430410181079,-0.0259469901030474,0.149847967025252
"2019-11-06",-0.594882433352058,-0.601403102715154,-0.609296809579614,-0.618961719313622,-0.618277532900676,-0.522325448533564,-0.426031737793812,-0.278716575487868,0.0736309590575154,0.248264460618849
"2019-11-07",-0.589980863466118,-0.598416734170951,-0.608896270021405,-0.622820152661128,-0.627780389098071,-0.536422054830816,-0.439459636251813,-0.290824507313772,0.0590352394256702,0.228565318388403
"2019-11-10",-0.602476954026273,-0.610773650274152,-0.620959048287534,-0.63403660494567,-0.636582925534127,-0.536206571605701,-0.433902514326896,-0.279403523819098,0.0774876056898941,0.247854227129556
"2019-11-11",-0.594153661365477,-0.605389901625122,-0.619458663135506,-0.638654806958033,-0.648403620611249,-0.549881083109729,-0.444184039592882,-0.285999566949024,0.0664671926036767,0.228158130743347
"2019-11-12",-0.586987134555723,-0.599757045735996,-0.616087124765129,-0.639651147881039,-0.65744761362233,-0.577298461223537,-0.479635826472731,-0.329045906392482,0.0154542090684674,0.175956081580501
"2019-11-13",-0.57390106656936,-0.589315831393175,-0.609389628927815,-0.639707686985871,-0.668549209700981,-0.60866036827167,-0.518458260102412,-0.374776355489668,-0.0401620088054554,0.116420426246406
"2019-11-14",-0.574513761172604,-0.589435779136927,-0.608797607316552,-0.637783645623097,-0.664288627518664,-0.599361383813711,-0.506925082198483,-0.360920226083592,-0.0227068918946262,0.135233064758254
"2019-11-17",-0.591268734415286,-0.600017437454566,-0.611298764415453,-0.627832232422234,-0.640825337622876,-0.580404999005876,-0.50125559373518,-0.37060633678594,-0.0316668795844506,0.146676285441864
"2019-11-18",-0.562517397890416,-0.57773050540625,-0.597581310102931,-0.627691229682731,-0.656769307244814,-0.59917194383301,-0.510035928933139,-0.366576192943193,-0.0273611108568448,0.133434896893329
"2019-11-19",-0.570338972730343,-0.584360132281764,-0.602698274147282,-0.630640561358254,-0.657968717827649,-0.604709594568173,-0.520129787942076,-0.381722983166469,-0.0450825331603903,0.1186514771824
"2019-11-20",-0.600431596448653,-0.609028468988848,-0.619936770600772,-0.635290569841978,-0.644753385675252,-0.571567738579711,-0.485863541518409,-0.34998176661921,-0.0164234123269494,0.150777280599778
"2019-11-21",-0.568666666128427,-0.582427336884131,-0.600444680232829,-0.627966200815794,-0.655136859192442,-0.604160187342314,-0.521741209345685,-0.386233470370011,-0.0546494081714041,0.107426018483038
"2019-11-24",-0.568447263090157,-0.582454523826259,-0.600719274235005,-0.62835636718542,-0.654633211062674,-0.597131435598271,-0.510094547109126,-0.369188423444823,-0.0305821598506307,0.132607225402364
"2019-11-25",-0.578654390274549,-0.591112629591037,-0.607446908681185,-0.632447348469146,-0.657133667482394,-0.608276428848443,-0.528965877607071,-0.39636300030551,-0.0608148420447127,0.108715053304048
"2019-11-26",-0.593767302743292,-0.604127322450254,-0.617608221911507,-0.637848766306309,-0.656074213091064,-0.601978153602265,-0.524231595749525,-0.395478951628557,-0.0673287996034266,0.100943287086197
"2019-11-27",-0.607632125293836,-0.616151059764904,-0.627138560182273,-0.64325066221129,-0.655953968658094,-0.597390709458306,-0.520533974042617,-0.393625136683747,-0.0643102590058096,0.108986465300875
"2019-11-28",-0.606747281265192,-0.614358523688396,-0.624127962605091,-0.638266006763178,-0.648511530509553,-0.58937512753698,-0.514430128743493,-0.390766515287393,-0.066992135704821,0.105575212104096
"2019-12-01",-0.597876228454057,-0.606176091586984,-0.616471761358443,-0.630101881795752,-0.634771171127568,-0.544617799869014,-0.449678962744755,-0.304925235686135,0.032699992169294,0.19491915045341
"2019-12-02",-0.621404649914362,-0.62938018848883,-0.639528710672426,-0.653901165879336,-0.663029230300739,-0.59480007361704,-0.513203037431026,-0.381751737328748,-0.0496356698842501,0.121634503516756
"2019-12-03",-0.61124773306494,-0.621813721784223,-0.635259970669021,-0.654378373835751,-0.667316900071596,-0.588288952491374,-0.494871926031134,-0.349129842968933,-0.00462403543865408,0.161431416355624
"2019-12-04",-0.636610058019478,-0.644868382211611,-0.65498569376067,-0.66790662958623,-0.670159286380496,-0.570054456866061,-0.469084435603221,-0.31775204184223,0.0273228451508485,0.190098149119149
"2019-12-05",-0.631470641948733,-0.640004312541403,-0.650460743282366,-0.66382671099579,-0.66624783286334,-0.563746961189192,-0.460505235584685,-0.306116438637936,0.0443742910222149,0.209004526021232
"2019-12-08",-0.646419841407067,-0.655680794695352,-0.667073946400603,-0.681830910822129,-0.685566378912316,-0.58136854609626,-0.475820247284719,-0.318689263697149,0.0338997175034469,0.197550211812149
"2019-12-09",-0.694895230917636,-0.696067219466862,-0.696655791239844,-0.69402055887756,-0.676181128830703,-0.562868040291329,-0.466882606507297,-0.323120471496671,0.0310778240736576,0.217252377998389
"2019-12-10",-0.667579604272504,-0.672116299771082,-0.677392860644487,-0.682960859978195,-0.677633182363288,-0.582397105885735,-0.490309404873597,-0.348190615478286,0.00426291027321213,0.18681706299396
"2019-12-11",-0.686837567732666,-0.683396967240168,-0.677726253923763,-0.664711793544789,-0.633105974794054,-0.511391659276962,-0.421435049135164,-0.288965047961629,0.0554464546682983,0.256623858940898
"2019-12-12",-0.688615430930306,-0.684794590278664,-0.678728416808649,-0.665486447643308,-0.635233455471241,-0.525322229574608,-0.444961863322707,-0.324862497552306,0.00645759835338272,0.218047283228406
"2019-12-15",-0.697322346840384,-0.693582943065817,-0.687517877898985,-0.673890435986201,-0.641639064396243,-0.520769547269155,-0.432358086397641,-0.302301111372899,0.0381534197391367,0.239728073488185
"2019-12-16",-0.696724032947991,-0.693164968506594,-0.687403221803619,-0.674485832089983,-0.643969999540558,-0.529379198433283,-0.445062633408828,-0.32013189561702,0.0125330804126781,0.2137887619352
"2019-12-17",-0.716321651583772,-0.710447643243293,-0.701367493453664,-0.682333123347247,-0.641422576398045,-0.50645161234131,-0.414414590902367,-0.28274591309393,0.0571110340856607,0.260893600277964
"2019-12-18",-0.71276387533039,-0.706982064693777,-0.697987786014235,-0.678957390312411,-0.637524309857863,-0.498839429462248,-0.403986903233447,-0.268942896525387,0.0727031631663431,0.271281482263416
"2019-12-19",-0.727049129842423,-0.720303095142286,-0.710004225289007,-0.688828477905053,-0.644644957856408,-0.505186240811483,-0.412517091128658,-0.281072810635625,0.0595034069566571,0.268102671654286
"2019-12-22",-0.723015516327096,-0.716051047849238,-0.705439517831772,-0.683688645856221,-0.638529675568354,-0.497126705007901,-0.403655156546677,-0.271359755991186,0.0712395648295344,0.28162651614891
"2019-12-23",-0.728257676359053,-0.721429591505653,-0.710994424961442,-0.689503441569656,-0.644552598914783,-0.502218992958235,-0.40753831574106,-0.273335212768562,0.0729760981447256,0.283596490274669
"2019-12-24",-0.739080469527296,-0.73130355350214,-0.719546279132072,-0.695747401016936,-0.647334818561504,-0.500796583372311,-0.40610333630017,-0.273302722801244,0.0705268172863253,0.285107947400052
"2019-12-25",-0.737463796361263,-0.729478571832246,-0.717448113482688,-0.693234427589745,-0.644449925721816,-0.499332376930957,-0.406792018438657,-0.277889850222509,0.0542302109946582,0.262080303723612
"2019-12-26",-0.715569176390068,-0.710470672688185,-0.702436840590431,-0.685111386394689,-0.646336651815478,-0.511413314588529,-0.416964097977512,-0.281068895684837,0.0657424861378247,0.267628579991904
"2019-12-29",-0.722282299423036,-0.712955583046529,-0.698983925833775,-0.671129643354896,-0.615933282328274,-0.456893350233106,-0.358127345985663,-0.222638464674918,0.121258705074413,0.336185199805783
"2019-12-30",-0.692653202718732,-0.686437860210569,-0.676738114210669,-0.656125440556287,-0.6110232633534,-0.459914361239305,-0.357313642397577,-0.212858296737964,0.142278407597484,0.341102027132543
"2019-12-31",-0.710342870454825,-0.702003831824684,-0.689383844482199,-0.663805418470489,-0.61172440167722,-0.454839414173253,-0.354756274107409,-0.216760488584111,0.12479116307583,0.324816558872883
"2020-01-01",-0.676640905197533,-0.671185305501461,-0.662713269844742,-0.64482597864517,-0.605942114558156,-0.475135445078551,-0.384549949701595,-0.253599741655027,0.0901976228117249,0.299895147370514
"2020-01-02",-0.607140164336919,-0.613701433040167,-0.621775275803268,-0.632158945102657,-0.633899382054577,-0.547382758223876,-0.456132227912564,-0.313048294276922,0.0422512818702707,0.22448713888068
"2020-01-05",-0.604100552593525,-0.610279282201073,-0.617857364471255,-0.627494350883272,-0.62848811032824,-0.542552248153367,-0.452161005749911,-0.309725071581284,0.0484323012893528,0.234725674672574
"2020-01-06",-0.606460466613259,-0.611587789081405,-0.617736104821293,-0.6249872130449,-0.622731696667618,-0.533943182782715,-0.44396192284826,-0.302569219549128,0.0560965401420613,0.245381065266516
"2020-01-07",-0.605021447386245,-0.608872795556279,-0.613182029239422,-0.61700822365876,-0.60880316550958,-0.507543939008804,-0.412272572390991,-0.265632179369844,0.100331657087239,0.292004685032683
"2020-01-08",-0.594049502781152,-0.598233367427034,-0.602935716849179,-0.607217917112372,-0.598927508356419,-0.493834644893398,-0.395657359539305,-0.246009152249302,0.119922046498908,0.30744314270925
"2020-01-09",-0.598573128251634,-0.60149842335529,-0.604569662103153,-0.606405160571476,-0.595774725354995,-0.494186454837138,-0.400885811197658,-0.257286168668424,0.105413840386348,0.298765663953424
"2020-01-12",-0.579167691672373,-0.583843221737424,-0.589138745198859,-0.59415074549062,-0.585903043426909,-0.475279348503597,-0.372230990537672,-0.216323187291037,0.158643155908188,0.347393847950296
"2020-01-13",-0.582608326148918,-0.586488438123693,-0.590765766871425,-0.594296932901381,-0.584827227177819,-0.477737658162748,-0.378833306929243,-0.228383183646048,0.139694263239603,0.328746626721671
"2020-01-14",-0.571353322604642,-0.578519493062004,-0.587219755692011,-0.59799098723978,-0.597975242469654,-0.498168790742808,-0.398264788720715,-0.246748697688191,0.108914950055859,0.281826128163948
"2020-01-15",-0.572081143549186,-0.579343401488126,-0.588220262409698,-0.599440192730173,-0.600570295115427,-0.504522991351541,-0.406558808336498,-0.256798874491093,0.0985834343188602,0.272952525152882
"2020-01-16",-0.569232926968591,-0.576653981792714,-0.585734304894327,-0.597252014699189,-0.598643072787249,-0.502075653555459,-0.403495919870489,-0.253010334746978,0.102830600256856,0.276767659058139
"2020-01-19",-0.561020738825397,-0.568808601877206,-0.578391080892096,-0.590759348065255,-0.593361165309776,-0.498227572259698,-0.399852735150394,-0.249460528957096,0.105648763171982,0.278733008164937
"2020-01-20",-0.555106934014486,-0.56491139351346,-0.577290691894289,-0.594519128179284,-0.604475671085011,-0.520385161701839,-0.425206750500063,-0.277750439862901,0.0701044137023382,0.238041747048991
"2020-01-21",-0.558664996480099,-0.56817190347954,-0.580234262797656,-0.597225013506428,-0.60785136885721,-0.529259452204837,-0.437560061649823,-0.293284395095891,0.0553661344147856,0.227385379656698
"2020-01-22",-0.55126596308274,-0.562670843809566,-0.577454802783737,-0.599464202181563,-0.618616840689265,-0.556620031535722,-0.471038070080394,-0.331789832047444,0.0134320313693385,0.185988554841092
"2020-01-23",-0.562006814347368,-0.572945180114856,-0.587258987954625,-0.60903262105574,-0.629755958367527,-0.578654724041526,-0.499833761675589,-0.366642542126216,-0.0181071383419428,0.164737818025392
"2020-01-26",-0.547841213314767,-0.56188526312415,-0.580591486217522,-0.610270177555251,-0.643809104487484,-0.615107786089645,-0.543547109485643,-0.415920432555328,-0.0722670357652082,0.109239588594994
"2020-01-27",-0.556404997047684,-0.568946114692706,-0.585550760410405,-0.611526203956476,-0.639324950821157,-0.601842203127696,-0.528084565847717,-0.399251565121559,-0.0548958151183221,0.12732726614372
"2020-01-28",-0.544204027666947,-0.559326324339515,-0.579417867562136,-0.611140658530754,-0.646559308706126,-0.61519197948947,-0.54043834055067,-0.409783698085239,-0.0699895171474274,0.103551722078287
"2020-01-29",-0.550751109198158,-0.565549049159868,-0.585218022734024,-0.616303980031351,-0.651135643666204,-0.621325861507394,-0.548857015329279,-0.421964465880548,-0.0915963849088957,0.0772015524157199
"2020-01-30",-0.549078968931244,-0.565242093993383,-0.586956669197265,-0.622091370117031,-0.664646847073765,-0.652964222207202,-0.587985575312648,-0.466837336819235,-0.134159181097228,0.0419622247490009
"2020-02-02",-0.55458574317705,-0.570249234717634,-0.591320150239391,-0.625499118526379,-0.6671529414331,-0.656573080365818,-0.592972481817295,-0.473050955497808,-0.137812191218051,0.0427158869925284
"2020-02-03",-0.567807114452398,-0.578959323405387,-0.593835656713713,-0.617474289752085,-0.644051028528885,-0.616317685007615,-0.551495343639037,-0.432967569027199,-0.0937912639312664,0.0976993044575846
"2020-02-04",-0.550767430173647,-0.563797479544989,-0.58100530788423,-0.607776476583317,-0.635900153805577,-0.594422785990498,-0.517019611193758,-0.383682151181254,-0.0341730898424288,0.147544426199698
"2020-02-05",-0.580912769402205,-0.58865153394706,-0.598791460320985,-0.614208184752069,-0.628475825406868,-0.5840979423699,-0.516271451126211,-0.396711816258569,-0.0522034024577177,0.148824356041585
"2020-02-06",-0.55305007033909,-0.566463540725252,-0.584303621663706,-0.612506289720404,-0.643917449307402,-0.612600063593498,-0.54061682791693,-0.4127454332839,-0.0674004455247499,0.116103762074934
"2020-02-09",-0.558030285716444,-0.569009179432888,-0.583719110113291,-0.607316636495806,-0.634684958297138,-0.612283257828624,-0.551034381581929,-0.436141143108976,-0.0967064874840584,0.100495154342711
"2020-02-10",-0.552343501409576,-0.563777280877002,-0.579032224949183,-0.603283524357811,-0.630595197642394,-0.602504955342724,-0.536324406844385,-0.415215589335608,-0.0684817491975774,0.127314928546685
"2020-02-11",-0.566446645997201,-0.575375451144168,-0.587197246449393,-0.60563649552475,-0.624788358746623,-0.588881110745226,-0.523805796878877,-0.40647811292206,-0.0652616896401794,0.133470908048481
"2020-02-12",-0.570032485365494,-0.579188290719228,-0.591356294503792,-0.610501265414777,-0.631072172044015,-0.598912245070917,-0.53564158177272,-0.419970770987382,-0.0789239005890887,0.121799006467414
"2020-02-13",-0.56332532822952,-0.574599141567283,-0.589629613530327,-0.613485874674339,-0.640208512450088,-0.611650106793441,-0.545918771207624,-0.426109549065296,-0.084756157064006,0.107183054581925
"2020-02-16",-0.558723463438358,-0.570697200332259,-0.586691558693103,-0.612195242255424,-0.641285791053763,-0.615279306847686,-0.549431447924016,-0.428677922016375,-0.0850326031080785,0.107214535669063
"2020-02-17",-0.561845677871053,-0.572470766347507,-0.586687474831852,-0.609420998368013,-0.635467764274402,-0.611121404115881,-0.54940590972707,-0.434207414426645,-0.0938810826527881,0.104408492615212
"2020-02-18",-0.551936239353132,-0.563780541754373,-0.579711158533807,-0.605494947609835,-0.636373777215914,-0.619989683770244,-0.56069172928582,-0.447430288748964,-0.110723904440269,0.0845322707123584
"2020-02-19",-0.559503475272891,-0.57057649313536,-0.585498461423573,-0.609747290685847,-0.639141741190851,-0.62587615859313,-0.571399323274863,-0.465917368263938,-0.146980667977961,0.0408409798184161
"2020-02-20",-0.562881545560042,-0.573191857705679,-0.587074584190989,-0.609587304129316,-0.636645091292187,-0.621961054159467,-0.568743079476563,-0.465962930317929,-0.153297289467806,0.0326447362999807
"2020-02-23",-0.563340145522083,-0.577568397516495,-0.596832193934731,-0.628496956940498,-0.668578472012072,-0.667676276321804,-0.614101943386392,-0.507547292815578,-0.191667882638982,-0.0129904389113646
"2020-02-24",-0.571660349989383,-0.587474247018041,-0.608910018728186,-0.644255265162364,-0.68956689237034,-0.694711565613081,-0.641916707369702,-0.535841574471931,-0.225761248239669,-0.0543021310373033
"2020-02-25",-0.581968667191687,-0.597756355526974,-0.619081873681912,-0.653980414702871,-0.697686291454927,-0.695084743449424,-0.636515201960806,-0.522502884404522,-0.195580808988243,-0.0165427586386366
"2020-02-26",-0.571691428690301,-0.591271542611702,-0.617818008293115,-0.66165516706793,-0.718401580914868,-0.732756940458762,-0.677622605984752,-0.566231494983148,-0.251261412976342,-0.0844898180190802
"2020-02-27",-0.560742112700065,-0.588119721411815,-0.625106505148364,-0.685863802734584,-0.764189678957745,-0.793029767725074,-0.733940324149342,-0.617320482274507,-0.316324703917227,-0.171462900981278
"2020-03-01",-0.557075763675583,-0.587651134180694,-0.628824859770662,-0.696059301547637,-0.781625741721856,-0.810549313431089,-0.746850110731391,-0.625148302731039,-0.324953687937503,-0.185761784272545
"2020-03-02",-0.608378044481366,-0.634797079104538,-0.670551520693613,-0.729472568729755,-0.805946036815753,-0.835124976819006,-0.77667075173651,-0.659258346178449,-0.348105617096083,-0.194895058344926
"2020-03-03",-0.616737901765258,-0.640659502771871,-0.673108491703335,-0.726801340844951,-0.797052709777962,-0.824293771611068,-0.768543695693216,-0.654086937031425,-0.338804307733413,-0.177911341067501
"2020-03-04",-0.619994689953422,-0.650376730813989,-0.691460147527129,-0.759093667574717,-0.846934293165871,-0.884745660177805,-0.824458651696121,-0.703382446623944,-0.390759754278416,-0.241093958188587
"2020-03-05",-0.588809392347354,-0.619811713444358,-0.661991121605273,-0.732308544661854,-0.826836503023644,-0.887201075858356,-0.839919959626064,-0.733478688829174,-0.442352197199179,-0.299190803404744
"2020-03-08",-0.723649430704151,-0.741210196731191,-0.765929032856719,-0.80989124457924,-0.878456536292927,-0.971175430622141,-0.972979967214401,-0.929602689602932,-0.688213006146633,-0.500692465249664
"2020-03-09",-0.719726820607833,-0.735580884334146,-0.757732904588954,-0.796567293603253,-0.855091588693839,-0.921830931173398,-0.910907422093275,-0.855223464323438,-0.610000740720335,-0.437037949861528
"2020-03-10",-0.738775201794022,-0.752348811162499,-0.771286042095383,-0.804377573070184,-0.853790259642706,-0.906310527594458,-0.892343873051562,-0.836490675368523,-0.598660640046944,-0.43021639617372
"2020-03-11",-0.728698233421001,-0.741910909958273,-0.760311355861838,-0.792350662844749,-0.839773283256685,-0.887562010116421,-0.871561271474219,-0.814127777780133,-0.578169066664084,-0.414235428622598
"2020-03-12",-0.72265987515611,-0.738350374140911,-0.758825557851321,-0.789992289912406,-0.821197392763036,-0.777170402750519,-0.703883272306822,-0.589674468837428,-0.338878793635672,-0.227967572645774
"2020-03-15",-0.703484042296991,-0.722920004317066,-0.747768845177943,-0.783979476303484,-0.815139755085757,-0.744097829871776,-0.655151810765506,-0.530020450595749,-0.290097164189283,-0.193740621396445
"2020-03-16",-0.650377438022574,-0.67868485059701,-0.714027345978966,-0.763080933454941,-0.79880281688517,-0.692700087923076,-0.58638240790106,-0.454032229672056,-0.237189135346112,-0.157722754219036
"2020-03-17",-0.665402596848854,-0.693353397871936,-0.725522293302081,-0.761399581739831,-0.757629320987006,-0.546993633169177,-0.406880504083256,-0.256005328630474,-0.0399586745644434,0.0351453311970583
"2020-03-18",-0.689694318488505,-0.69288009987079,-0.69444746152845,-0.688074307466715,-0.649566703290674,-0.468505848825412,-0.357659906805794,-0.232556192228021,-0.0379600530301793,0.0325448915345435
"2020-03-19",-0.713903983811273,-0.716242278783434,-0.717904063877727,-0.715504073402209,-0.693635091862775,-0.567654181923922,-0.476886134611705,-0.3607238517032,-0.145467165460467,-0.0584791745632885
"2020-03-22",-0.617164474835642,-0.630883561326589,-0.647901583488215,-0.670865400262573,-0.683439149667963,-0.594581822582157,-0.508455416391364,-0.393620743562143,-0.182845708271813,-0.0999421396115421
"2020-03-23",-0.625757119496483,-0.627043651857167,-0.628055230287224,-0.627092650323854,-0.615372698469111,-0.534205402464281,-0.464753261339435,-0.361201785428704,-0.110467931668539,0.0184497313347982
"2020-03-24",-0.627083867590756,-0.623489315550157,-0.617798425358654,-0.60543368688472,-0.577420413409681,-0.477571854771954,-0.40604831727858,-0.301132140833105,-0.0229198069485817,0.146397828626192
"2020-03-25",-0.624516340842032,-0.627720981273404,-0.631544250434313,-0.635933369622448,-0.633627575571055,-0.568808910036236,-0.50089959035602,-0.38933648546467,-0.0780858089027411,0.10457331250292
"2020-03-26",-0.63817251749532,-0.647756902749717,-0.660411299870557,-0.680063019261996,-0.700400219920074,-0.665520962105038,-0.602947435049569,-0.493803715744766,-0.19790597348685,-0.0382179543161115
"2020-03-29",-0.632048599767133,-0.642193035846158,-0.655772943066002,-0.677517391557765,-0.702592608353456,-0.681134409184513,-0.624273220865404,-0.518216634440427,-0.207352760938466,-0.0280983959806766
"2020-03-30",-0.674423620749862,-0.677617814423178,-0.681676066420225,-0.687324024120248,-0.689938663372568,-0.648183876576415,-0.595385453175532,-0.500063593260841,-0.188716828116689,0.0273299402155621
"2020-03-31",-0.641750496045889,-0.644808364379797,-0.648690064551028,-0.654085846915281,-0.656597705038312,-0.617527126777497,-0.56861336425714,-0.481323226718017,-0.203529058690219,-0.0167747466268178
"2020-04-01",-0.669363920352901,-0.667585502788097,-0.664689607138727,-0.658126751795474,-0.642276371045029,-0.579095801351931,-0.529255489959616,-0.450242530009071,-0.205671728485911,-0.0267922970732436
"2020-04-02",-0.655840679322358,-0.65576688948115,-0.655281257049199,-0.653045695904233,-0.644119545988574,-0.591857598525722,-0.544312630326103,-0.465339954869832,-0.217259103764854,-0.041876644767975
"2020-04-05",-0.661266685188146,-0.660909405905165,-0.660007627324981,-0.656970013452046,-0.646543859144621,-0.590353791021687,-0.540475047450897,-0.458225820510841,-0.200402467995278,-0.0172452820063396
"2020-04-06",-0.624136827461419,-0.622696326108046,-0.620123713300284,-0.613608163562687,-0.595876962463014,-0.517851925687815,-0.455379925642037,-0.358689030505813,-0.0862541282951019,0.0864170030262147
"2020-04-07",-0.616524630063588,-0.614747312028293,-0.611692299173955,-0.604289228134024,-0.585058003128236,-0.504170579409352,-0.440695494106125,-0.343262435070008,-0.0707438571502882,0.10148383826387
"2020-04-08",-0.640464748163749,-0.639121155076808,-0.63666725348651,-0.630302076284284,-0.612583820639873,-0.533226665928933,-0.46940604126455,-0.37072484671514,-0.0946214414947142,0.0784180490545597
"2020-04-09",-0.629680587317089,-0.633383115631155,-0.637729596349452,-0.642474546610611,-0.638857788386903,-0.563990978072179,-0.490231205389362,-0.375062608969002,-0.0837484247458682,0.0701057631351449
"2020-04-12",-0.60674247420168,-0.61220518807048,-0.618990975953395,-0.627958601134457,-0.630612117357489,-0.563750118035627,-0.49086774573385,-0.374852811284737,-0.0802521002473083,0.0739900242512143
"2020-04-13",-0.615873292292962,-0.620359316758621,-0.625962998376779,-0.633460321275668,-0.635936708363967,-0.579319109766062,-0.51516229608803,-0.40946861004299,-0.122630665224688,0.0384733181897706
"2020-04-14",-0.607928066005443,-0.615751807164643,-0.626139845385885,-0.642458109317851,-0.659944153618767,-0.633031909288274,-0.580401811046166,-0.485101238553194,-0.209664692549732,-0.0510783670700442
"2020-04-15",-0.612066131272534,-0.618608938183107,-0.627361361107411,-0.641323650138584,-0.657007630920537,-0.637103385311838,-0.592290005690739,-0.50702881466529,-0.239205952138761,-0.0710041305711969
"2020-04-16",-0.595020046897437,-0.603812498236118,-0.615636936861567,-0.634754861803968,-0.657470176748739,-0.642531590015923,-0.594737841877082,-0.502861994491576,-0.222405201395796,-0.0543688516717946
"2020-04-19",-0.543536502662492,-0.556778677091116,-0.57465589906185,-0.603865690990643,-0.640198049184474,-0.635229604808483,-0.582962959915876,-0.481519213896966,-0.187877247181297,-0.0248761552068047
"2020-04-20",-0.547691079047189,-0.561654596630172,-0.580535695969334,-0.611504558123031,-0.650571190261677,-0.65042789045013,-0.60033391018207,-0.501963303283613,-0.218587111080256,-0.0631306649725268
"2020-04-21",-0.516923208568576,-0.529897074006185,-0.547360920078524,-0.57572376830348,-0.610396834030442,-0.602002756935183,-0.549156731576432,-0.448972172016097,-0.166573357416141,-0.0132931770689401
"2020-04-22",-0.526829372095755,-0.543517852210332,-0.565871126914118,-0.601854760437724,-0.645063122539696,-0.634866980779022,-0.573914089940991,-0.463541476210687,-0.177773004000761,-0.0350682148709129
"2020-04-23",-0.543898573265793,-0.559972775714014,-0.581619798895424,-0.616864250202962,-0.660638536765471,-0.659775323871288,-0.606246945037865,-0.505070307277527,-0.232713593577348,-0.0928998953923068
"2020-04-26",-0.530730223640207,-0.544310438162695,-0.562612344704738,-0.592425944498956,-0.629303663395916,-0.624699162077738,-0.573647633340059,-0.47621365940661,-0.203588715010424,-0.0574682157626598
"2020-04-27",-0.531460945478789,-0.547050879218881,-0.568128151464825,-0.602709722926779,-0.646514451573435,-0.649549046587364,-0.598037159324019,-0.497100188047113,-0.212498724310546,-0.0603507310682503
"2020-04-28",-0.546321241491154,-0.56101754985921,-0.580994977789415,-0.614130696904305,-0.657335330245313,-0.66707268845879,-0.621234926941683,-0.526362392674941,-0.242477685826047,-0.0829525098091418
"2020-04-29",-0.537240655226502,-0.556988274779329,-0.584095361640512,-0.630014013497742,-0.693776214825894,-0.738611137829814,-0.703694302704014,-0.616855655316787,-0.339995273314826,-0.183129110864577
"2020-04-30",-0.561334215577694,-0.578415874404796,-0.601925578089458,-0.641936895266944,-0.697998477162278,-0.737979814558038,-0.705567347655951,-0.622868481006482,-0.344982747024418,-0.178653050964666
"2020-05-03",-0.527282420455746,-0.550653307074595,-0.58253160392574,-0.63587550221098,-0.707789457232992,-0.748183019596131,-0.701837981337834,-0.598308844605103,-0.296281934192971,-0.136455929367908
"2020-05-04",-0.530904479989969,-0.555391258616876,-0.588716890468985,-0.644243626415403,-0.718339175239224,-0.756703714764764,-0.707126696415097,-0.599788533876595,-0.296103328206458,-0.139282296006631
"2020-05-05",-0.53514916882405,-0.558015079453783,-0.588907955699948,-0.639597040231413,-0.704324827150475,-0.719089554295797,-0.65804252629521,-0.538858405901544,-0.220119137351769,-0.0598963047960108
"2020-05-06",-0.540940136366619,-0.563607604543519,-0.594451127734921,-0.645793340295203,-0.71394157141559,-0.744505659786088,-0.69257775392554,-0.581894261003802,-0.264265738363453,-0.0966228065652628
"2020-05-07",-0.536005068710406,-0.55941707406671,-0.591152178378796,-0.64357324553603,-0.711743855667971,-0.734429410585889,-0.676004443485737,-0.557548375613428,-0.230771431227152,-0.0629549167278844
"2020-05-10",-0.532509921829508,-0.554767101756995,-0.584867961462051,-0.634350792081024,-0.69780809465009,-0.713044515881473,-0.653109527350227,-0.534917505055138,-0.214212909578547,-0.0509116703549507
"2020-05-11",-0.506521504885217,-0.531578276779698,-0.565504523389099,-0.621442824617989,-0.694005410363963,-0.719522069493598,-0.660590536308693,-0.542137631345597,-0.223367595742988,-0.063729627073156
"2020-05-12",-0.505223275968822,-0.530656105987029,-0.56493260258693,-0.620946646790984,-0.692048093037928,-0.710744015676771,-0.64994604795519,-0.53369247069507,-0.237938577825063,-0.096272163476212
"2020-05-13",-0.496380530675381,-0.523296975997612,-0.559580662949489,-0.618922444421328,-0.694559388822911,-0.718115799479191,-0.658007911030148,-0.542419266636972,-0.250760195863594,-0.112556824123372
"2020-05-14",-0.503255537773044,-0.528811823084952,-0.563327166170355,-0.619972760155986,-0.692713085521666,-0.716526861173046,-0.658074168760315,-0.543553517463822,-0.246588216660122,-0.102576863236694
"2020-05-17",-0.505708591543871,-0.52779283356121,-0.557394747970963,-0.605187652600495,-0.663540278117297,-0.662032141163448,-0.595309845729694,-0.474496091714833,-0.172909391186138,-0.0285284264120528
"2020-05-18",-0.535698138526664,-0.551707273425237,-0.573239837693503,-0.608194655304466,-0.651153754176169,-0.646303347441695,-0.589314751080157,-0.482593784332594,-0.194916155506191,-0.0463783025133255
"2020-05-19",-0.512609522025784,-0.532003394012834,-0.558037611569776,-0.600181305391853,-0.651906086551688,-0.65052597665239,-0.589929173920059,-0.478716647459717,-0.194392796084353,-0.0552974863315474
"2020-05-20",-0.518543494803106,-0.537895913800959,-0.56395181737933,-0.606390234444513,-0.659394965332527,-0.663461139436198,-0.605847582575259,-0.497273966105838,-0.212919409851105,-0.0714214762711659
"2020-05-21",-0.513305269009006,-0.533312121737451,-0.560294392861893,-0.604393726727722,-0.660011740642844,-0.667488150677459,-0.609695426363372,-0.499019869972063,-0.205052690205843,-0.0573266118023479
"2020-05-24",-0.54150708908824,-0.556949777505859,-0.57785959463391,-0.612264330954295,-0.656133786485065,-0.660044022321479,-0.608363816039061,-0.505620346383203,-0.209371555050871,-0.0475856815380176
"2020-05-25",-0.547394297288095,-0.559956474340849,-0.576718198114037,-0.603421335715731,-0.634066301870098,-0.612054501459639,-0.551174298155588,-0.441840395625092,-0.147039905953714,0.0083657085228446
"2020-05-26",-0.521782100875281,-0.535924632178446,-0.554727094133195,-0.584479388091877,-0.618084678402257,-0.593099137858221,-0.528108311456671,-0.41485865585709,-0.125155641763327,0.0200196406163657
"2020-05-27",-0.493877657262577,-0.512342436883279,-0.536965807932071,-0.576255108349242,-0.622315746310747,-0.606228352022438,-0.538385910633224,-0.419686850111197,-0.125875407812596,0.0154332773173704
"2020-05-28",-0.522992800335035,-0.538499815071684,-0.559268638054823,-0.59267097570039,-0.632505802719425,-0.619101846517023,-0.557528405239828,-0.445608769964775,-0.149672849341707,0.00164990294468959
"2020-05-31",-0.505965925634532,-0.526333108746731,-0.553368580443156,-0.596085394485935,-0.644653166026175,-0.618139946894611,-0.538650337495212,-0.403611606951196,-0.0789693005075025,0.0739773671850514
"2020-06-01",-0.520232060789754,-0.537021379782817,-0.5593137477776,-0.594512005310659,-0.634140313692498,-0.60588371249349,-0.53206114265952,-0.405096786846577,-0.0885766361955348,0.0661377855484512
"2020-06-02",-0.491316479513956,-0.510886194295763,-0.536593999117031,-0.576301642269043,-0.618149522722831,-0.573744028174136,-0.487140765828699,-0.347906177892258,-0.0312321768009802,0.112354507100738
"2020-06-03",-0.493164368957442,-0.510545169848235,-0.533350607204388,-0.568420229576988,-0.604389191862871,-0.553813599646413,-0.464584072742843,-0.319438210333069,0.0230004634017044,0.184040617813104
"2020-06-04",-0.547483328208799,-0.556115768097327,-0.567133407498712,-0.582854752184348,-0.593327079302137,-0.521676448955637,-0.434314099775303,-0.292367292148885,0.0709620270186413,0.260610149152507
"2020-06-07",-0.536342129023067,-0.548703370508452,-0.564793688151106,-0.588999565779472,-0.611178543941047,-0.551648795132922,-0.465120645555661,-0.323390945537094,0.028574416634232,0.204203266994587
"2020-06-08",-0.520256720221461,-0.533863518849047,-0.55154999200339,-0.578111565012305,-0.602556634691719,-0.541796651429468,-0.453981241797807,-0.313123830524257,0.0223288528273366,0.183011301702117
"2020-06-09",-0.531171425246739,-0.544329797583714,-0.561541506725164,-0.587761090829673,-0.613290684889427,-0.561387932956799,-0.47945759880719,-0.344632546207033,-0.0125491118402815,0.151021695086019
"2020-06-10",-0.529522046036259,-0.544737283382318,-0.565056561582906,-0.597517076154732,-0.635304049546332,-0.614761503316744,-0.548033824061836,-0.428526979379043,-0.113266933859923,0.0486262573200929
"2020-06-11",-0.526300188530036,-0.543173959256384,-0.5657709419503,-0.60210917607291,-0.645454744140736,-0.631282171650917,-0.564944683243349,-0.444536398624663,-0.127375702587934,0.0341479660572285
"2020-06-14",-0.510650502655011,-0.527332792006868,-0.549776074152654,-0.586213231021148,-0.630912304538012,-0.623994972381453,-0.561886049800157,-0.445156052584008,-0.126027513056891,0.0413494921962022
"2020-06-15",-0.528321512758918,-0.544010783204317,-0.565005156806398,-0.598692064710249,-0.638479269969764,-0.621129463136561,-0.554950958386688,-0.435000220266303,-0.115464493789743,0.0496539230289416
"2020-06-16",-0.525082277363438,-0.540483307832818,-0.56105501540247,-0.593938202787282,-0.632320363445416,-0.612598088893866,-0.54620503443312,-0.427278353266913,-0.114449651624839,0.0456102950501618
"2020-06-17",-0.52278723470089,-0.538557390479395,-0.559719963839665,-0.593896554969365,-0.635170481893686,-0.624682015418348,-0.563841059945,-0.451694023853445,-0.151040783160684,0.00428950826047783
"2020-06-18",-0.526105492679405,-0.544305768531305,-0.568553210352185,-0.607154311511092,-0.652024040924331,-0.633026813336372,-0.563413050846434,-0.442173717905346,-0.141817692952975,0.00307409903944275
"2020-06-21",-0.514172059712354,-0.534603059295703,-0.561958971632842,-0.605997310958451,-0.659126829506684,-0.651465743159516,-0.583456529005045,-0.461153347650193,-0.152859029958265,-0.00320711912094793
"2020-06-22",-0.53978622190847,-0.555238082754438,-0.575910960568028,-0.609057183035182,-0.648034235993086,-0.628753737318301,-0.560927080051172,-0.437794253099712,-0.106595257803283,0.0664970125316731
"2020-06-23",-0.532771007491094,-0.549925151040882,-0.572972941012488,-0.61030261747713,-0.655869492902913,-0.648698206668162,-0.586454111311414,-0.470878136902083,-0.161701273360402,-0.0029270618334318
"2020-06-24",-0.535966703724011,-0.553758847771854,-0.577735982842806,-0.616829317303284,-0.665575510432118,-0.665710895705585,-0.606957726345505,-0.495225535719703,-0.192545282577742,-0.0363941975773932
"2020-06-25",-0.54282205259938,-0.560763817314877,-0.585000927721187,-0.624714821138057,-0.674935703280633,-0.679332917754631,-0.622362971651605,-0.511597076851373,-0.205240632644301,-0.0447290790439555
"2020-06-28",-0.534811981436286,-0.552202975440385,-0.575719519141755,-0.614322022764929,-0.663317290301409,-0.667735094256102,-0.611384176120946,-0.500776192993388,-0.189569962392647,-0.0237607851521537
"2020-06-29",-0.553410461089083,-0.569279886435651,-0.590621982545322,-0.625237012743393,-0.667518609094687,-0.658989899345729,-0.597787933147447,-0.482939045692188,-0.167352371148132,-0.000662798758370609
"2020-06-30",-0.559325324500855,-0.573042761906658,-0.591152578451452,-0.619348325898525,-0.6493303828524,-0.611851791518491,-0.538733286758892,-0.414841880358743,-0.103175921240141,0.0520022534861578
"2020-07-01",-0.563748507337095,-0.579387766054776,-0.600203334808416,-0.633224941325126,-0.670862512036627,-0.645644078871518,-0.575610659999599,-0.45293294691407,-0.138154466765901,0.0197692141131273
"2020-07-02",-0.559616520490914,-0.575861185000254,-0.597535917969394,-0.632108848603357,-0.672248152051863,-0.650927580743142,-0.581541685959854,-0.458343930316533,-0.138799810125661,0.0225836312609733
"2020-07-05",-0.554131433503534,-0.57095503425979,-0.593444269043398,-0.629467846383696,-0.671900625574663,-0.654203583445632,-0.585689434321219,-0.462771236410257,-0.142078267750571,0.02024173069276
"2020-07-06",-0.559991479672429,-0.574827748660044,-0.59466108116118,-0.626410736511166,-0.663587617883955,-0.644520694576035,-0.579577638414821,-0.462409983684901,-0.150190971023679,0.0115779515882082
"2020-07-07",-0.563972173895307,-0.57771388789528,-0.596075760857001,-0.625436777294647,-0.659661513461681,-0.640586043820519,-0.579052434608776,-0.468198322641428,-0.17219149754888,-0.0183115879764816
"2020-07-08",-0.580946840838554,-0.592028835779454,-0.606899030563398,-0.630861715944574,-0.65928041966294,-0.643898448291365,-0.590577547919188,-0.490876695216587,-0.206010871806718,-0.0475195939772229
"2020-07-09",-0.578700610690995,-0.590769766206089,-0.606971609202797,-0.633120427127391,-0.664391978518143,-0.65089647853138,-0.596783477326796,-0.495820947897091,-0.212217801098868,-0.0577269034004496
"2020-07-12",-0.575047963286217,-0.586752353094552,-0.602284143173796,-0.62671808810864,-0.653494165047657,-0.623755179633792,-0.559811897855701,-0.447627289823964,-0.149344266287609,0.00703534631192704
"2020-07-13",-0.560085644044565,-0.572181527008398,-0.588355188207473,-0.614242475544692,-0.644427159185873,-0.626465911556506,-0.570129925038416,-0.467791948010101,-0.189233632376172,-0.0414865890278064
"2020-07-14",-0.576472486266641,-0.586537919269357,-0.599978717603727,-0.621398446502907,-0.645807369107529,-0.624150174710234,-0.569355070017183,-0.469211872747522,-0.186213487847714,-0.0290744559271866
"2020-07-15",-0.566735428266527,-0.579564253206598,-0.596829714276937,-0.62485125419691,-0.658979535676861,-0.649040270951407,-0.594781152906872,-0.491863433050026,-0.199282374893971,-0.0387725825738927
"2020-07-16",-0.577151281272554,-0.587493501617215,-0.601361774924293,-0.623662141838493,-0.649821263620779,-0.63201183071967,-0.578121903106552,-0.477135978872041,-0.183132982223101,-0.0156073418053031
"2020-07-19",-0.576960919429658,-0.586851801930596,-0.600158046812116,-0.621701840920113,-0.647512089733622,-0.633594900367419,-0.583555798099565,-0.487730490796743,-0.201130509070125,-0.033803602840045
"2020-07-20",-0.558472153038944,-0.571459628071841,-0.588952665540239,-0.617394361398396,-0.652239714849805,-0.64373298079787,-0.590039123550688,-0.487641558297566,-0.195664669302107,-0.0353031451525442
"2020-07-21",-0.571430696396194,-0.583991035427709,-0.6010002626971,-0.628967827130267,-0.664375791362451,-0.663242144981677,-0.61526156163137,-0.519614610163166,-0.23421958809883,-0.071596482111235
"2020-07-22",-0.569279984885526,-0.58129840436405,-0.597578835547595,-0.624362261637327,-0.658301174236593,-0.657085885835975,-0.61067671568041,-0.517873881342985,-0.239053617444601,-0.078989239024937
"2020-07-23",-0.566839398485683,-0.577345059979195,-0.591460399952488,-0.614265774018987,-0.641500713152116,-0.627612274606827,-0.576850563017999,-0.480950268392402,-0.20248729509621,-0.0450882532980914
"2020-07-26",-0.570222006133231,-0.580576220751372,-0.594639608875141,-0.617889316603938,-0.647668104420545,-0.647172250550813,-0.605517037990988,-0.520058158487224,-0.251148346962832,-0.0891089492239166
"2020-07-27",-0.556459621058408,-0.571497662888612,-0.591948301679952,-0.625905148676352,-0.670357720723811,-0.682153902863785,-0.637186657826643,-0.54357232490676,-0.264256271879858,-0.108262387495821
"2020-07-28",-0.55436155029093,-0.569244719062416,-0.589464680362253,-0.622966765210354,-0.666540580277344,-0.675995864574372,-0.629727740883031,-0.534519284082524,-0.252055003338944,-0.0946238119178325
"2020-07-29",-0.552141438611452,-0.568780075890553,-0.591526876705264,-0.629720906482109,-0.681380483996565,-0.707205232932517,-0.667360221639672,-0.577819487496905,-0.300314683714784,-0.142850592530178
"2020-07-30",-0.551722200071747,-0.568816895052568,-0.592060547355006,-0.63066527081343,-0.681399690831796,-0.698380584217216,-0.652248242210534,-0.555923660318186,-0.274824163263192,-0.122258745866322
"2020-08-02",-0.54532328318257,-0.56229637637538,-0.585421837051942,-0.623986171740007,-0.675200394841744,-0.695189632882904,-0.650763579843237,-0.55565698746754,-0.27143503325104,-0.114226703363635
"2020-08-03",-0.547893447502338,-0.566015577976314,-0.590783657185263,-0.63236475918751,-0.688692000560642,-0.71896346955514,-0.678840903210946,-0.588183123361294,-0.311605949649297,-0.157957111811257
"2020-08-04",-0.549622037230457,-0.565235352779684,-0.586430612475788,-0.62150285651284,-0.667027613887899,-0.677407276983782,-0.630480967480151,-0.534613581394241,-0.255225277694937,-0.102454423560221
"2020-08-05",-0.556650115500729,-0.57131312706127,-0.591338446915039,-0.624875714940764,-0.669805095740983,-0.687931915486898,-0.647823630091307,-0.559852326461921,-0.285419473355286,-0.126890154445802
"2020-08-06",-0.560112593876458,-0.573231691667039,-0.591083258052911,-0.62074058878355,-0.659485839084942,-0.667264395428669,-0.623976316956902,-0.533552022727332,-0.255699272366736,-0.0948540210554613
"2020-08-09",-0.551146605812957,-0.567188982835525,-0.589031072046713,-0.625395464130785,-0.673419326812223,-0.689756562642421,-0.645269175780768,-0.551130943151217,-0.269711170972858,-0.113250695814532
"2020-08-10",-0.563561466160417,-0.577690892164859,-0.596792580853797,-0.628104441537055,-0.667493776537763,-0.666042876307091,-0.613830327244322,-0.511424402494163,-0.214959112162053,-0.0512001245384787
"2020-08-11",-0.558069905609847,-0.570495336772103,-0.58726292933238,-0.614622871116365,-0.648430518585064,-0.641031389235707,-0.588715865781744,-0.487259568384519,-0.189791446570837,-0.0218201686114375
"2020-08-12",-0.540340888039443,-0.552888673944954,-0.569602997128287,-0.596137763031761,-0.626271459715095,-0.60277487343706,-0.541603650845665,-0.432961432834348,-0.144435766888312,0.00561750586492699
"2020-08-13",-0.553650238582908,-0.564656777677128,-0.579350102667618,-0.602760007027328,-0.629473547555811,-0.606905573058125,-0.54875191260679,-0.443022895569419,-0.14817642400274,0.0131474787478659
"2020-08-16",-0.520123328927425,-0.536304328222622,-0.558117011048292,-0.593691114552192,-0.637995032276581,-0.636528375319553,-0.580652597340962,-0.474013777270738,-0.18097706253483,-0.0273973725068062
"2020-08-17",-0.522312738654253,-0.538579829272299,-0.560573512063236,-0.596665184787927,-0.642429971255169,-0.646230377174683,-0.593262702578136,-0.489435041594525,-0.197505454613328,-0.0420051880064474
"2020-08-18",-0.540735770491918,-0.555064913337836,-0.574483036784848,-0.606478044684991,-0.647367911694687,-0.650598354634781,-0.601145910647298,-0.502039918869454,-0.211075026788085,-0.0491111120660995
"2020-08-19",-0.551557114799699,-0.565273709450706,-0.583939364678988,-0.614957352383706,-0.655541708628058,-0.664548548923656,-0.620415771760158,-0.528119079242791,-0.245871690872483,-0.0835756592597528
"2020-08-20",-0.526522345981738,-0.544526889882977,-0.569018253236791,-0.60973658464856,-0.663433952433695,-0.683054515481769,-0.636141711424375,-0.537503743611933,-0.249700141931182,-0.0939618613669806
"2020-08-23",-0.555790626473161,-0.568186470734249,-0.585087583000273,-0.613268816895107,-0.650376036027613,-0.658393249890958,-0.616228808643208,-0.526356051145881,-0.240229399065597,-0.0683829581239496
"2020-08-24",-0.543568439197449,-0.556002886637748,-0.572775715814111,-0.60011913343052,-0.633804863073194,-0.625618939659807,-0.572636196336808,-0.470182381636562,-0.170269684323414,-0.00102175989038519
"2020-08-25",-0.531267096473749,-0.546357750054208,-0.566585895699848,-0.599161669671684,-0.63806699615005,-0.623927969491728,-0.561633506263584,-0.447379668861984,-0.139178884066434,0.0216594367332688
"2020-08-26",-0.539045285202686,-0.55219294495575,-0.569752810559956,-0.59778281922436,-0.630137051546839,-0.607931947748393,-0.544326103581571,-0.429335360465924,-0.116353424368554,0.0500577476540308
"2020-08-27",-0.537157322065646,-0.552036241900508,-0.571920572143226,-0.603722955462012,-0.640798401035343,-0.619875668364575,-0.552732265957571,-0.431563916750862,-0.106760452643674,0.0627677963234171
"2020-08-30",-0.539295116254768,-0.553001092268785,-0.571254822922958,-0.600221268680228,-0.63306664717655,-0.607041124559746,-0.53994379020878,-0.4208762075069,-0.104819773548966,0.059519843127683
"2020-08-31",-0.543617109283746,-0.559877581878869,-0.581641023405611,-0.616586882884656,-0.658012245571091,-0.641797078557907,-0.57523957863485,-0.454652260051868,-0.135407668175753,0.0283314284443502
"2020-09-01",-0.535246278340007,-0.554086933387432,-0.57947294095788,-0.62085725992852,-0.672491442038495,-0.673569026819934,-0.612784621981864,-0.497392787334144,-0.187063129833406,-0.028235579378319
"2020-09-02",-0.545270141067143,-0.562392298610252,-0.585528468209086,-0.623457069768591,-0.671470415579004,-0.675744240807364,-0.62112564251302,-0.514658662336427,-0.218888953597494,-0.0632641075116209
"2020-09-03",-0.567990011199556,-0.580383277192785,-0.597162839322007,-0.624729937997826,-0.659469744932353,-0.656152110879755,-0.606015759333003,-0.506099166477928,-0.204142102799129,-0.0291550498656561
"2020-09-06",-0.556833049749685,-0.571898006565592,-0.592181144326098,-0.625151201181965,-0.665649690732123,-0.658401450434011,-0.600090659624176,-0.489602246183474,-0.181653048900999,-0.0168395023018799
"2020-09-07",-0.541108521659485,-0.559074339090162,-0.583408468511231,-0.623500687947591,-0.674993473849345,-0.684466048821094,-0.630385453261846,-0.522410958128864,-0.216946292046639,-0.0543057566837422
"2020-09-08",-0.568279350088357,-0.580952145589937,-0.59801581982474,-0.62572962696442,-0.659498387107492,-0.648923872338295,-0.593804227941058,-0.488670740199377,-0.185643930491119,-0.0168818994552045
"2020-09-09",-0.554455484112156,-0.568804634209369,-0.588023978198187,-0.618918274382336,-0.6555650534428,-0.639991400446367,-0.578816455874216,-0.467043142944954,-0.165299460315226,-0.00738211607438871
"2020-09-10",-0.544287802146184,-0.561769436491769,-0.585344881378093,-0.623839226950026,-0.672034121833121,-0.673304044728768,-0.616119402094117,-0.506673678167593,-0.208270835991441,-0.0535565702188888
"2020-09-13",-0.55661359970706,-0.572117509243033,-0.593066524373984,-0.627385261573644,-0.670587108817668,-0.670739270182748,-0.616421622129351,-0.51049609798716,-0.209842620553016,-0.0474303854323379
"2020-09-14",-0.557205958053286,-0.572013351159993,-0.592039455107723,-0.624900507323322,-0.666410570932705,-0.666691855676429,-0.613913478966781,-0.510093529998634,-0.21075068585686,-0.0464806069242683
"2020-09-15",-0.547687332239772,-0.563334814806116,-0.584490852800465,-0.619198546890189,-0.663108279768023,-0.665186409136632,-0.612151228874157,-0.508171011218681,-0.213080371509279,-0.0540911527566904
"2020-09-16",-0.533089122336889,-0.551197104322319,-0.575709334481352,-0.616054588053548,-0.667785444006663,-0.677586498238544,-0.624228656667501,-0.518279443410005,-0.222151821575689,-0.0664179869074913
"2020-09-17",-0.53432780565849,-0.552054023247343,-0.576040316459408,-0.615483614172622,-0.665891728855433,-0.673921761165697,-0.620165613974779,-0.513887503285901,-0.216540104261009,-0.0596875289193198
"2020-09-20",-0.538597304119423,-0.556514776499193,-0.580916265279533,-0.621580018377612,-0.675532204632164,-0.69703093528123,-0.651288799835088,-0.553679481058761,-0.265069550370951,-0.107290664546049
"2020-09-21",-0.549763477348543,-0.566703532485431,-0.589720172362158,-0.627875796064707,-0.677657012904921,-0.690626928163244,-0.640781942732691,-0.537933637745077,-0.235854324177301,-0.069783176015928
"2020-09-22",-0.543425507893088,-0.561631876511146,-0.586338486017239,-0.627207310027052,-0.680315550164752,-0.69433767347755,-0.642662958024186,-0.537282507837112,-0.235134343755386,-0.0730637862924924
"2020-09-23",-0.531167883300625,-0.550944949044056,-0.57769437756152,-0.621668444776975,-0.678006652814568,-0.690425636414331,-0.635590688328634,-0.527447072949885,-0.231998030449422,-0.0803562643599837
"2020-09-24",-0.568754381124067,-0.58303276010094,-0.60251392303491,-0.635065824390758,-0.678339492997227,-0.692728462051067,-0.650410392738219,-0.559071782190811,-0.273906717935011,-0.107876263436989
"2020-09-27",-0.584675360486644,-0.597675565006331,-0.615380563302338,-0.644841011306827,-0.683461932143856,-0.691507578142087,-0.648101328191668,-0.556639164823965,-0.271389746164226,-0.103727750432057
"2020-09-28",-0.593410906923767,-0.604039469569897,-0.618647806847138,-0.643395080819327,-0.677327007388973,-0.692038903423507,-0.658906432127129,-0.581243087104141,-0.306387697986529,-0.124503607809594
"2020-09-29",-0.597681272119156,-0.607727431566725,-0.621458946095462,-0.644449694992596,-0.674912591987356,-0.680286486419297,-0.642176810468027,-0.558957716074202,-0.276776208943924,-0.0944728413332584
"2020-09-30",-0.604227609550752,-0.613866176588775,-0.627052839683807,-0.64917069197851,-0.678602385069538,-0.684304507145373,-0.647643210087932,-0.566802410335672,-0.288614493810856,-0.106115675748784
"2020-10-01",-0.597506668638297,-0.608624010839611,-0.623849871256087,-0.649459344585889,-0.683914257114125,-0.694864809157591,-0.65771393502354,-0.574526825448986,-0.292376241584973,-0.112264036350899
"2020-10-04",-0.610055251689403,-0.619843579238181,-0.63309521124561,-0.65484100631584,-0.681999641060594,-0.675466411072724,-0.630491822520056,-0.540434087144166,-0.258317742421761,-0.0871552472916652
"2020-10-05",-0.608109789838049,-0.619092887330915,-0.633987264850672,-0.658528657329785,-0.689641042396941,-0.686720936833404,-0.640739517110571,-0.547649603416448,-0.257569831717381,-0.0838604691758305
"2020-10-06",-0.618256118729384,-0.62734787060283,-0.63957301376493,-0.659334686948012,-0.682814381726805,-0.667599991309178,-0.618627915516232,-0.524671916799925,-0.239260838277179,-0.0692132663255265
"2020-10-07",-0.609410049239896,-0.620576439758139,-0.635751191979532,-0.660869871391715,-0.693182767685539,-0.69393400957112,-0.650257541532604,-0.560234537797889,-0.277005750879728,-0.106777840163837
"2020-10-08",-0.613806480119733,-0.625703115466487,-0.641886890957736,-0.668739852414304,-0.703568260529426,-0.706992924347643,-0.663012518590324,-0.57149186638073,-0.283648063979557,-0.111550027214057
"2020-10-11",-0.620406529240122,-0.632297530510152,-0.64847578486691,-0.675328403620065,-0.710199039588348,-0.714061731003595,-0.670572024462265,-0.5799533412732,-0.295183736421188,-0.125221879014154
"2020-10-12",-0.628403602774237,-0.641086526782438,-0.658313486610686,-0.686819377422246,-0.72359309316743,-0.727224967370795,-0.682029560779825,-0.589394929529492,-0.306725134386065,-0.143109321176786
"2020-10-13",-0.649013432902543,-0.660302141519157,-0.675645032612415,-0.701053675186232,-0.733817969664889,-0.735635443123766,-0.692827803441118,-0.604521713236267,-0.328462313470609,-0.164020474843
"2020-10-14",-0.654315753483179,-0.666606656452285,-0.683403710509878,-0.711553059778875,-0.749192940915611,-0.761867814522192,-0.724054189010325,-0.641078302040595,-0.373553062935465,-0.212374510351595
"2020-10-15",-0.649907977636418,-0.664275837600637,-0.683918010199054,-0.716878415088343,-0.76124813675177,-0.780150095491873,-0.741147457612801,-0.654520255209484,-0.38044170966951,-0.220112104740109
"2020-10-18",-0.654636238991948,-0.670207336054629,-0.691426109861147,-0.726812938701995,-0.773748090667303,-0.790743743582214,-0.747982733135557,-0.65656130576614,-0.380323743246971,-0.225357759992097
"2020-10-19",-0.654704039261827,-0.669825206284414,-0.690306087461596,-0.724036707129024,-0.767228504456411,-0.773188186945082,-0.725034308608077,-0.628985845724178,-0.354007779900873,-0.20538333422852
"2020-10-20",-0.655427879917729,-0.669736423620989,-0.689100988238627,-0.72092635365214,-0.761344560231419,-0.763509414077182,-0.714252088715887,-0.616777918558702,-0.335658548580418,-0.181765824406909
"2020-10-21",-0.658974131927856,-0.672970849715484,-0.691821710580089,-0.722485118630879,-0.760236397688089,-0.754150238224787,-0.700482237876796,-0.598555745102843,-0.31411374026589,-0.161809829987291
"2020-10-22",-0.652921620266776,-0.667023939531419,-0.686082215806231,-0.717306653243157,-0.756573539872458,-0.755724446090323,-0.704820301658853,-0.605351917644447,-0.320363891082013,-0.164731474804322
"2020-10-25",-0.659068786604191,-0.671856411880127,-0.689148130309329,-0.717500416866318,-0.753149750053826,-0.751087032719607,-0.702578451801587,-0.607176083070739,-0.328298676333096,-0.17253626036118
"2020-10-26",-0.694037080458608,-0.705180745650058,-0.720323766550984,-0.745390497967541,-0.777663050261441,-0.778957857132002,-0.736186573424526,-0.648098419540301,-0.372540570081344,-0.208121438933193
"2020-10-27",-0.67418199797039,-0.688781231331188,-0.708599792160311,-0.741386000087141,-0.783861591826351,-0.792277081417795,-0.74668361010923,-0.653632924862848,-0.380268937514016,-0.229226832720731
"2020-10-28",-0.683515842989507,-0.698864745492565,-0.719654126728621,-0.753895962822895,-0.797774102124727,-0.804317032281102,-0.756087557273203,-0.659872095792662,-0.385214040569204,-0.237304493925511
"2020-10-29",-0.673623941144868,-0.689833041854228,-0.711777056364605,-0.747893229519586,-0.79412923772401,-0.801530207796719,-0.751847623234093,-0.653167040735467,-0.374711416043607,-0.226587205582816
"2020-11-01",-0.67782790705869,-0.69357044105075,-0.714906598875631,-0.750101039514526,-0.795426882118461,-0.804155205079845,-0.756559474204615,-0.660936908223769,-0.387916295985173,-0.241299247888543
"2020-11-02",-0.663450584014009,-0.680891402059391,-0.704419237159996,-0.742882147609422,-0.79134682736089,-0.796518434772318,-0.744089081383083,-0.64346470081566,-0.373107574555044,-0.235530010270184
"2020-11-03",-0.687927808410332,-0.701688067178452,-0.720402631807029,-0.751473268090158,-0.792072107409266,-0.801467262854,-0.758337237414892,-0.66860329375105,-0.397889712996987,-0.244538610087838
"2020-11-04",-0.666684692358083,-0.682228280135632,-0.703355643083035,-0.738411130074324,-0.784291135562699,-0.79754330157202,-0.753123992095727,-0.660986401646918,-0.390486451924373,-0.242188971547189
"2020-11-05",-0.655222753206655,-0.672020925791603,-0.694791189461119,-0.732369867328523,-0.780882333192696,-0.791631324836827,-0.742535861178286,-0.643666859621372,-0.362779016271883,-0.212999869111037
"2020-11-08",-0.66246857168347,-0.672743631385969,-0.68641835684529,-0.708049573881405,-0.732075557634448,-0.705938396084881,-0.647392912844254,-0.542203939985715,-0.250222907431378,-0.0903861522231924
"2020-11-09",-0.645695381400311,-0.658163426234958,-0.67462524957717,-0.700253178917979,-0.727449548602391,-0.692381974367952,-0.62455394347284,-0.509259950146911,-0.216961564639294,-0.0702557826401933
"2020-11-10",-0.668339102418362,-0.676695711007822,-0.68777910824764,-0.705149735904705,-0.72362665617059,-0.694344981217335,-0.638181503233468,-0.537162258331581,-0.248350695947497,-0.083870247521
"2020-11-11",-0.644899742339627,-0.657714826478921,-0.674929668939987,-0.702763335392609,-0.73630289229705,-0.72454624155307,-0.669827897813548,-0.567530931566726,-0.282123397007354,-0.128161066611108
"2020-11-12",-0.671800645829369,-0.680766268475507,-0.692789112990691,-0.712111940904772,-0.734658045824584,-0.717199954137398,-0.667660564701535,-0.574253653096929,-0.296613311969812,-0.134446502069403
"2020-11-15",-0.590510796310317,-0.610499483001464,-0.637279581847935,-0.680476539026061,-0.733097846390405,-0.731310382294242,-0.671033426932184,-0.562349527004228,-0.292588877494592,-0.16405353969857
"2020-11-16",-0.628203279157441,-0.641111323664415,-0.658618772641184,-0.687513068458749,-0.724584792753399,-0.72802156318878,-0.68325690921102,-0.592791235696204,-0.323825473425338,-0.172273581803468
"2020-11-17",-0.627797872669356,-0.641729071478368,-0.660539940019077,-0.691311820180265,-0.729891262990174,-0.729065097874316,-0.679749133434536,-0.584170525571954,-0.314546979386111,-0.169598296395845
"2020-11-18",-0.62016282612996,-0.636311910700827,-0.65809751941537,-0.693702395842662,-0.73845624811481,-0.741537358954514,-0.690779407450283,-0.593357299888235,-0.329034295029246,-0.192960738474091
"2020-11-19",-0.624447031989687,-0.641330865661565,-0.664194001533325,-0.701853465729462,-0.75025237947276,-0.76023893483741,-0.71114287638065,-0.613280056675954,-0.339237769700243,-0.195022618018945
"2020-11-22",-0.609155074629094,-0.626868436402454,-0.650826795857913,-0.690205457259222,-0.7405786749116,-0.750495836505952,-0.699821344233581,-0.599959578932853,-0.325435887976289,-0.183452913291041
"2020-11-23",-0.630980815861945,-0.644426117175963,-0.662604343908652,-0.692412612312794,-0.729984289387605,-0.729609329040805,-0.681186829148958,-0.586195872059674,-0.312702429692548,-0.162697361411058
"2020-11-24",-0.628298766221652,-0.643869329124703,-0.664853320121811,-0.699062052834866,-0.741654919314116,-0.740732117089009,-0.687926131869914,-0.58743039110514,-0.313375728749406,-0.170897243569383
"2020-11-25",-0.674880130201106,-0.685470850788054,-0.699807888510416,-0.723349623600604,-0.752931157018012,-0.748948171640176,-0.704651092062042,-0.616377973011133,-0.347602599373833,-0.190280513794622
"2020-11-26",-0.703450838630751,-0.710585496858781,-0.720221387713158,-0.735928536194902,-0.754973096616749,-0.743634439665686,-0.70309159170224,-0.622252436929474,-0.358529585649889,-0.188732590038368
"2020-11-29",-0.699463980401773,-0.705676814247982,-0.714004265812834,-0.727343515306293,-0.742521112017041,-0.724505335423577,-0.682036442405986,-0.600193943260141,-0.337745418312601,-0.169309172811773
"2020-11-30",-0.700825485699865,-0.704065685902285,-0.70822609378918,-0.714197703748993,-0.717931436865972,-0.682991785867965,-0.637095859536445,-0.554487888609135,-0.291096223016394,-0.11478183696377
"2020-12-01",-0.72227912892391,-0.723473012063118,-0.724790469891504,-0.725826605865262,-0.722245395229987,-0.67878096948156,-0.633046926209856,-0.553373419588336,-0.293405678773199,-0.107078393973267
"2020-12-02",-0.736285797605852,-0.739121140083365,-0.742738724087521,-0.747834264587753,-0.750502158838991,-0.715539504315582,-0.670613995622101,-0.58925600248107,-0.323248686387881,-0.138859725989885
"2020-12-03",-0.742922632836141,-0.745028202361604,-0.747615357363845,-0.750863731676268,-0.750571667114993,-0.71069499846787,-0.664334523360692,-0.58188920109979,-0.312635004400054,-0.123244681318743
"2020-12-06",-0.742985387822822,-0.746009431481202,-0.749943061572498,-0.755774057903292,-0.760222730707464,-0.731532913849121,-0.690500399935562,-0.613590163775104,-0.350330529671035,-0.159611323281901
"2020-12-07",-0.739787300772212,-0.743963568749783,-0.749533391054142,-0.758327965959506,-0.767626914856803,-0.74742638039317,-0.70901341287341,-0.633916416326691,-0.3729725265644,-0.185832122449884
"2020-12-08",-0.750559363580832,-0.754324204841335,-0.759314917670329,-0.767077612869445,-0.774745626669156,-0.751966388082138,-0.712884625608983,-0.637348989408824,-0.374705896304798,-0.18447237496416
"2020-12-09",-0.762267301698331,-0.764988947564907,-0.768524730597558,-0.773743594596114,-0.777584702063463,-0.750148880588363,-0.711107031885412,-0.637329439820688,-0.378823597871045,-0.185681773314122
"2020-12-10",-0.746078993815052,-0.750276337748643,-0.755936550685283,-0.765103894265591,-0.77578228835069,-0.762692115389608,-0.729925009799787,-0.662933534352994,-0.419092234402037,-0.237279041190315
"2020-12-13",-0.770406508234619,-0.772049412552485,-0.774119096183958,-0.776911910721841,-0.777640552074227,-0.750160100192757,-0.715172859014148,-0.649178040634255,-0.407055804629439,-0.211405715762272
"2020-12-14",-0.788897009559252,-0.788792096364491,-0.788384451005767,-0.786710978338518,-0.78023905336917,-0.741281470988984,-0.703953947019791,-0.638266593195543,-0.401238513496488,-0.200235886661993
"2020-12-15",-0.773692508705352,-0.772107187129752,-0.769587427893052,-0.764059811452261,-0.751213833997957,-0.701275377066295,-0.661200628593414,-0.595129040731098,-0.364236603376844,-0.16169758105398
"2020-12-16",-0.784932157671659,-0.782605455361225,-0.77903352278783,-0.771606141191745,-0.755699636361189,-0.701091186636736,-0.66040898728718,-0.595351415057489,-0.368998596067268,-0.160372901577683
"2020-12-17",-0.805964016719588,-0.802799400111819,-0.79801192525944,-0.788296905000028,-0.768350010017898,-0.705187037696374,-0.661100806484891,-0.593316046964021,-0.367555207561409,-0.161418644184535
"2020-12-20",-0.811151659592812,-0.807793978588093,-0.802729027689117,-0.792501569531017,-0.771691596755582,-0.707077821632105,-0.662819139260943,-0.595706997965186,-0.377206987387098,-0.181521221598044
"2020-12-21",-0.798911433833136,-0.796438145131669,-0.792672073404918,-0.784944787979232,-0.768760860183088,-0.71533627000808,-0.676601348443589,-0.615397218633386,-0.402363548337953,-0.20027431404495
"2020-12-22",-0.773898130288775,-0.770929447739936,-0.766435252924374,-0.75730444462664,-0.738515776473916,-0.678731833867833,-0.636806274029006,-0.572107615175966,-0.355192569899136,-0.155778654974416
"2020-12-23",-0.819171253683573,-0.814509926325887,-0.807534282706364,-0.79364305707748,-0.766109547743824,-0.685653454092789,-0.633937582309044,-0.559431319213068,-0.338691730733802,-0.158917846114167
"2020-12-24",-0.840365539916198,-0.834672602874445,-0.826188930963664,-0.809420222242564,-0.776662249371658,-0.68432446770043,-0.627396427009509,-0.548360815710975,-0.33169889578472,-0.171024644345192
"2020-12-27",-0.800882679400565,-0.79766014122307,-0.79278889920237,-0.782917235612184,-0.762698240793345,-0.699004034647389,-0.654757984251746,-0.586953317698794,-0.362228262469427,-0.157709204701107
"2020-12-28",-0.810047878257479,-0.806545795582254,-0.801270281454063,-0.790642936674027,-0.769114441516497,-0.702924641158262,-0.658028057381177,-0.590457825329093,-0.373307130475463,-0.181161012171685
"2020-12-29",-0.782869165510673,-0.780441260876029,-0.776735211473231,-0.769099734490758,-0.7529920699498,-0.699043253995749,-0.659436093233201,-0.596317667521348,-0.373750717115365,-0.160414825833851
"2020-12-30",-0.724744921879418,-0.727150594810917,-0.730265316457265,-0.734818803519638,-0.737941080751363,-0.71169412828209,-0.674994800789158,-0.605529668906626,-0.359281237453342,-0.172024369029603
"2020-12-31",-0.631680689604908,-0.645680830113703,-0.664712056222666,-0.696283665832351,-0.737501531431125,-0.747604856291975,-0.705042785289069,-0.616876712488118,-0.354453264622261,-0.208020712778464
"2021-01-03",-0.608148610439638,-0.622551962590461,-0.642314812167684,-0.675727802222475,-0.721641823686157,-0.747415451552665,-0.713067719139022,-0.632147309681071,-0.3664941196923,-0.207490388828528
"2021-01-04",-0.629481411615974,-0.638559837554045,-0.651041587325913,-0.672190596534391,-0.701137767164536,-0.712295759747092,-0.681651985467591,-0.609928557538713,-0.350417845259774,-0.173294651791971
"2021-01-05",-0.619895844283843,-0.629006570573438,-0.641510098402624,-0.662615883392351,-0.691191943272732,-0.699912380695541,-0.667227753343752,-0.592534210291216,-0.326463010218979,-0.14664230552552
"2021-01-06",-0.585617097960271,-0.599685967347177,-0.618920749457036,-0.651196202513314,-0.694597861619147,-0.712192170285121,-0.672660258455834,-0.58501258821681,-0.305651029222151,-0.140566074923139
"2021-01-07",-0.632102212102563,-0.641453695454079,-0.654123501400589,-0.674948036122457,-0.701084324603598,-0.69573140588629,-0.653362761834874,-0.568026383910323,-0.299228499844711,-0.135439178840513
"2021-01-10",-0.620088008239918,-0.629261724820493,-0.641661182476087,-0.661932730669021,-0.686921587245621,-0.677940569479042,-0.633133889843011,-0.544302544820945,-0.266397445712837,-0.0971603166930253
"2021-01-11",-0.590281825124666,-0.602812151619444,-0.619700328312315,-0.647195430681772,-0.681013784511949,-0.673600817097647,-0.622203679383801,-0.523694053352968,-0.241262030995993,-0.0854358989194428
"2021-01-12",-0.622179270972223,-0.631685034776736,-0.644645876722379,-0.666234258274339,-0.69441185877502,-0.696353730421696,-0.658068615656465,-0.576548673460994,-0.305772804567384,-0.133499876372766
"2021-01-13",-0.61232291926942,-0.624634196950004,-0.641423402862257,-0.669437093400774,-0.706445124176696,-0.715999295240284,-0.676107440709638,-0.590781199971652,-0.321283726189418,-0.161365601229858
"2021-01-14",-0.589805823456375,-0.602556660914982,-0.620039068105692,-0.649531807793475,-0.689683476750943,-0.707798748341847,-0.671715011742632,-0.58898934125548,-0.312915537248183,-0.142264524390391
"2021-01-17",-0.611602966922557,-0.622783896969762,-0.637993202721513,-0.663224397937538,-0.69591772817215,-0.698717950066027,-0.656856912146776,-0.569791916211471,-0.295298923321991,-0.130612105530216
"2021-01-18",-0.569144281446191,-0.586134056719166,-0.609196047893617,-0.647366976308641,-0.697057905497848,-0.710823615529067,-0.663131940114281,-0.565547439518667,-0.285302284160579,-0.134895452811944
"2021-01-19",-0.570549212311648,-0.588525995168191,-0.612873723194745,-0.653002365656983,-0.704716067656547,-0.717032262256693,-0.666688276208419,-0.566032938191958,-0.285561782575341,-0.139017376779475
"2021-01-20",-0.599577530980022,-0.609929371311229,-0.623960224371171,-0.647049998096692,-0.676193592010446,-0.672261401219693,-0.627772823158256,-0.538051111136719,-0.25833052693004,-0.0903734207857298
"2021-01-21",-0.573510402886413,-0.589486465750853,-0.611157548655493,-0.646960798853437,-0.693231603968623,-0.702533503693823,-0.653745075189999,-0.554897367728669,-0.268845600003462,-0.11323163326923
"2021-01-24",-0.604044338892738,-0.617458069090008,-0.635807667436178,-0.666626130531498,-0.708119038803099,-0.724470709827371,-0.685511716301082,-0.598752583784053,-0.318018007009423,-0.149191738324549
"2021-01-25",-0.578770444025368,-0.596923323154665,-0.621497493066997,-0.661956453163764,-0.713928200727415,-0.725094513801936,-0.67328109246048,-0.570267681783055,-0.284004573084951,-0.134576224731368
"2021-01-26",-0.599922637686588,-0.616264614408448,-0.638472595947304,-0.675299148804997,-0.723374270296383,-0.73587843020821,-0.687547269622574,-0.587652601367396,-0.293220353715394,-0.130768077942705
"2021-01-27",-0.608874741461388,-0.624178865097828,-0.644959116323416,-0.679345279048689,-0.723876119540087,-0.731862007736569,-0.682656598429971,-0.582054873806397,-0.283694065520641,-0.116998333035011
"2021-01-28",-0.589819995014546,-0.606801026975681,-0.629784857139922,-0.667586919583764,-0.715836873285243,-0.721924154954957,-0.667986918724119,-0.561138743252488,-0.258198369493402,-0.0959221415758759
"2021-01-31",-0.602461563885868,-0.61717394963231,-0.63708332025396,-0.669789558718122,-0.711214759703867,-0.711869461540348,-0.65922380553265,-0.555088811029656,-0.252270177632614,-0.0847245920706039
"2021-02-01",-0.618905361948548,-0.631881621693124,-0.649273511692612,-0.677248354708323,-0.710355335434139,-0.693713504390826,-0.634342175399928,-0.524741917627678,-0.220394138393724,-0.0561440787110944
"2021-02-02",-0.610939539155261,-0.623084644856183,-0.639340894292342,-0.665397642219065,-0.695778266449653,-0.675657182518598,-0.61530270302097,-0.504189071894777,-0.192010377419115,-0.020699678174037
"2021-02-03",-0.60526769793885,-0.618535338583695,-0.636270361851147,-0.664631084059449,-0.697556327610949,-0.676276144076672,-0.612707786749922,-0.497195024055321,-0.180987485517463,-0.0120727495565288
"2021-02-04",-0.617218833713615,-0.628645306705078,-0.643827490169843,-0.667759881156518,-0.694045970096749,-0.663515595884164,-0.597958362052484,-0.481303873989809,-0.161859419265629,0.0108347330338857
"2021-02-07",-0.614045850241704,-0.626614048116535,-0.643313763973809,-0.669660917358051,-0.698827257760114,-0.668726942980756,-0.601225495096238,-0.482056120484609,-0.163133977657742,0.00490437366955285
"2021-02-08",-0.609301084677512,-0.622087482019063,-0.639179528730375,-0.666502106874551,-0.698109561925061,-0.675799155471266,-0.612114079117003,-0.495950147682666,-0.173899278871168,0.000642425368665489
"2021-02-09",-0.601856945421266,-0.615560030129917,-0.633905088440831,-0.663334123421852,-0.697821653936467,-0.677452266818191,-0.612277538162077,-0.492600613733803,-0.160394811220158,0.019302470611242
"2021-02-10",-0.589052071209633,-0.605174181740268,-0.626788057639019,-0.661606683058416,-0.70323585693599,-0.688463611551795,-0.62216962848497,-0.500472595158909,-0.172031260782119,-0.000598197571156533
"2021-02-11",-0.574070385497679,-0.591559722359936,-0.61483024983312,-0.65173943113136,-0.693907410022809,-0.66804778381544,-0.593118084608526,-0.462675443274894,-0.133362901670259,0.02911452973743
"2021-02-14",-0.594107197966089,-0.607280663605976,-0.62465822939376,-0.651628591651131,-0.679736834295423,-0.636846574734504,-0.558465046857768,-0.424296914269466,-0.0758895830380081,0.103709635812124
"2021-02-15",-0.612738971817549,-0.622533608281973,-0.635210852697681,-0.653976579743265,-0.669613025310982,-0.60859577304822,-0.526005901424771,-0.389480879684204,-0.037445035070493,0.146100627079139
"2021-02-16",-0.584939613246386,-0.599064216668726,-0.617675752268909,-0.64650555038725,-0.676448622359356,-0.631481060124146,-0.549936053310199,-0.41183766364368,-0.0605246765324724,0.116913208541122
"2021-02-17",-0.599237675737269,-0.611216428432762,-0.626797147303518,-0.65018909224774,-0.671394524092638,-0.611845671115539,-0.526235485570295,-0.385993051061079,-0.0367415389053002,0.138150614466139
"2021-02-18",-0.603254050500672,-0.614653408865119,-0.629295675644971,-0.650606987324948,-0.667125643880089,-0.592998176915196,-0.499163547981043,-0.349674893934887,0.0127668275896402,0.191005557457285
"2021-02-21",-0.582237256903676,-0.596663875160485,-0.615485372514946,-0.643996048018593,-0.671200855815134,-0.612176644714674,-0.522265961218254,-0.376249168217834,-0.0235825889224595,0.147157771486053
"2021-02-22",-0.589389574416818,-0.601946305924223,-0.618243597212047,-0.642593836195874,-0.664245950685865,-0.600148387833341,-0.510182227297788,-0.364220692103823,-0.00599010441696429,0.171060676086743
"2021-02-23",-0.575487638771421,-0.590183394171043,-0.609282337446263,-0.637954189127767,-0.664295013349594,-0.598370151355266,-0.50330077089326,-0.350860493863409,0.0120961791568882,0.185937809821136
"2021-02-24",-0.590268340193684,-0.599522113095458,-0.610750234700425,-0.624739908757956,-0.625905033633154,-0.513837793068682,-0.40624237151565,-0.250832745235283,0.0821674636217049,0.230831076578587
"2021-02-25",-0.541612882698959,-0.564024875071341,-0.592676311172241,-0.63433578467828,-0.66930370405752,-0.57649563323354,-0.462012219427828,-0.298193362290385,0.0260761189076461,0.159478653722444
"2021-02-28",-0.535396013420244,-0.558378806132709,-0.588384351086999,-0.634148995835721,-0.680580757286573,-0.622909544287223,-0.522952328012724,-0.368182157530782,-0.0342096894274906,0.111142643020467
"2021-03-01",-0.578879471960832,-0.595652593261016,-0.617658507596185,-0.651467997630185,-0.685875114430696,-0.633424386581864,-0.542886246048431,-0.394677636953742,-0.0393984558903965,0.130340938392511
"2021-03-02",-0.58645505272018,-0.600396972256241,-0.61838997891979,-0.644943145034432,-0.667435435138129,-0.592980723127529,-0.494323122570183,-0.338647496992787,0.0270471992175966,0.200824727541677
"2021-03-03",-0.575633306408363,-0.591828514059173,-0.612754769547123,-0.643782857075094,-0.671026342315667,-0.595017023530051,-0.492164960354755,-0.332151027191374,0.0314496608233997,0.1987091396582
"2021-03-04",-0.599533871229522,-0.612899038844526,-0.630161778359685,-0.655673142233037,-0.677334160922807,-0.604897012405276,-0.508248431185364,-0.354574589940225,0.011523657654657,0.187798367465786
"2021-03-07",-0.575621834967627,-0.592534241823698,-0.614270475676062,-0.646116810862219,-0.672748628527299,-0.588648726062546,-0.481039511277079,-0.317479023222128,0.04193218212923,0.202827070289427
"2021-03-08",-0.588098249788879,-0.601554161519151,-0.618956706940562,-0.644758416482098,-0.667026688095838,-0.596404461392453,-0.500834457454264,-0.348507725374987,0.0149601839202084,0.190080683128024
"2021-03-09",-0.563514292231912,-0.58111917602744,-0.604094382968864,-0.63898809449351,-0.673073056605813,-0.611548862339329,-0.514584833671104,-0.359871602191826,-0.00143581396525072,0.165130114495048
"2021-03-10",-0.563022575484535,-0.581728720881948,-0.606231849300182,-0.643776159741549,-0.681813327620988,-0.625339701315014,-0.528823194533324,-0.373188768924038,-0.0102700964773867,0.158794394278966
"2021-03-11",-0.580625786637804,-0.596082845030793,-0.616192334063236,-0.646458966235346,-0.67459354158587,-0.607394255171433,-0.509001170872721,-0.350859582024466,0.0262419914381253,0.206966490183544
"2021-03-14",-0.584715670667494,-0.600494361881561,-0.621184083573508,-0.652892504202534,-0.684600399138564,-0.628405324799942,-0.535170484753609,-0.380998233182897,-0.00122020242628779,0.185381264626394
"2021-03-15",-0.582773564483631,-0.598414247774265,-0.618939293175276,-0.650449785884951,-0.682154106715897,-0.627330471895053,-0.535161127246986,-0.382154110791696,-0.00319614041478478,0.18387284838254
"2021-03-16",-0.559901481989161,-0.58001188870958,-0.606299615901939,-0.646387978940239,-0.686276336036048,-0.621429777268952,-0.515262272980345,-0.345454825986797,0.04715844461781,0.228965733195251
"2021-03-17",-0.559726300438553,-0.580247289493916,-0.606987376206926,-0.647467502301297,-0.686571998508347,-0.613342517520892,-0.500440494338393,-0.321740872757006,0.0874863946074738,0.275837956957855
"2021-03-18",-0.559016888588453,-0.580049466268548,-0.607549106807456,-0.649509128570492,-0.691356329400447,-0.624168755929121,-0.513594366275219,-0.336619000616526,0.0727366378857364,0.262326404570526
"2021-03-21",-0.588073230637085,-0.605098102156115,-0.627387071931836,-0.661425055581378,-0.694993782779771,-0.631687506750433,-0.529538452505562,-0.36163854200889,0.0491362384416679,0.249905505909402
"2021-03-22",-0.563469832142312,-0.585345636162828,-0.614275329672152,-0.659562951930138,-0.709158865838502,-0.664864300264043,-0.565271764179725,-0.397881102190569,0.00848113353780594,0.203048648842461
"2021-03-23",-0.566250241021459,-0.588236515749515,-0.617345088833199,-0.663030918680647,-0.713539959364866,-0.672302175664812,-0.574640258450604,-0.409716288939817,-0.00823401247989575,0.184195459184814
"2021-03-24",-0.568022954999799,-0.589883856751129,-0.61886550858249,-0.664492789284665,-0.715503369002508,-0.678409333313371,-0.584203835627802,-0.424166485563044,-0.033232966086433,0.154381099211241
"2021-03-25",-0.585637995193544,-0.605581748838161,-0.631793638967867,-0.672247010332165,-0.714252967570035,-0.658638847180073,-0.55707497535443,-0.39046667027551,0.00689572864890814,0.195398125062878
"2021-03-28",-0.595036840608851,-0.613528329399352,-0.637615054643918,-0.674016892148762,-0.708741444075067,-0.63752019530126,-0.529771318279289,-0.358028954568927,0.0420959161569886,0.229363112868435
"2021-03-29",-0.609892070547954,-0.624402710181355,-0.643117015258007,-0.670675822342361,-0.693691504082735,-0.613094098606955,-0.507156567750042,-0.339504913599082,0.0574686590829596,0.247666043285532
"2021-03-30",-0.610611623799429,-0.624810607345352,-0.643084000411384,-0.669854943666384,-0.691652124675053,-0.609733515633221,-0.504247555202761,-0.338270076440135,0.0520646858532613,0.238099761320458
"2021-03-31",-0.609653522091335,-0.624765052628304,-0.644458528715938,-0.674195987872733,-0.702080754927045,-0.635736720805173,-0.536957214328287,-0.376145642432165,0.0160698351429938,0.208023588657982
"2021-04-01",-0.645643743227082,-0.654913281313025,-0.666820041790889,-0.684084569563299,-0.6967475725628,-0.625706939545675,-0.53521529690719,-0.385746667947106,0.00587074198638354,0.214662502748024
"2021-04-04",-0.62092827379949,-0.634385594558693,-0.651905346137082,-0.678262801910151,-0.702361641364772,-0.636434846660886,-0.54063516554959,-0.383132819546862,0.0111032405047864,0.209405714865825
"2021-04-05",-0.605386511358353,-0.621093594908599,-0.641568537246586,-0.672517008291949,-0.701740858991681,-0.635096656594228,-0.535086713398819,-0.372776743193591,0.0199301310510865,0.210536492932719
"2021-04-06",-0.577212915648617,-0.597748049681453,-0.624589336886097,-0.665523705378403,-0.706310070901841,-0.641077003280411,-0.533950741599173,-0.362955344367979,0.0306703683481727,0.2121967993958
"2021-04-07",-0.574847924341697,-0.59610023884345,-0.624048644001148,-0.667263277502274,-0.712599805886946,-0.6581150968263,-0.55498135031168,-0.386249318598397,0.0119485189927105,0.19875713731918
"2021-04-08",-0.5844963087185,-0.603153397542373,-0.627358382976314,-0.66362082324256,-0.697124500038733,-0.621202323284078,-0.512248875751156,-0.341932948416348,0.0439999179613548,0.220537642008704
"2021-04-11",-0.578183029890778,-0.598531314972309,-0.62495066252771,-0.664630883609791,-0.701875248959333,-0.624868750337652,-0.512119187651522,-0.336682381687592,0.0558093795175262,0.233132080119158
"2021-04-12",-0.569104189953631,-0.589124525643204,-0.615294874807492,-0.655197165692081,-0.694818605709338,-0.629057595404549,-0.521866924950267,-0.350063742774684,0.0490752843681437,0.234752340567102
"2021-04-13",-0.583644837821519,-0.601031018627979,-0.623403315787004,-0.656248980523941,-0.683799459233256,-0.59524162482952,-0.480789811808981,-0.304838792627325,0.0896423623680606,0.269355478891463
"2021-04-14",-0.578800514286484,-0.598292418218405,-0.623659157379631,-0.661942461441217,-0.698438376946175,-0.625732440323713,-0.516201701905692,-0.343400620427794,0.0515200404437046,0.233147650485405
"2021-04-15",-0.582071008879776,-0.60073251265607,-0.624766159340069,-0.660151521175661,-0.690422231565573,-0.60110817625639,-0.484270124450685,-0.305601480332679,0.0897685775499478,0.267654637106952
"2021-04-18",-0.57146903623703,-0.589155339577426,-0.61181063936369,-0.644726104909945,-0.671078192893991,-0.575943644536339,-0.458260674558545,-0.280421151506289,0.108911453070065,0.282953330513188
"2021-04-19",-0.612554674846224,-0.624361871827986,-0.639373825269213,-0.660666239312986,-0.674841876016806,-0.585106869084958,-0.479640562094924,-0.315289854718621,0.0728942630489218,0.259941510122797
"2021-04-20",-0.59391545205841,-0.610676853752765,-0.632173674594047,-0.663478396590287,-0.688697108163404,-0.597504278640407,-0.483491157970062,-0.309610035882373,0.0770377871395153,0.252209170512242
"2021-04-21",-0.622721566284108,-0.633861961037455,-0.647907053152955,-0.667388341325459,-0.678437053869126,-0.582936143913895,-0.475962505386191,-0.311472427235713,0.0715794383171664,0.254307613887734
"2021-04-22",-0.607650425041686,-0.621554951836457,-0.639289030249185,-0.664699628383112,-0.683077921279829,-0.590444571970495,-0.479791615868916,-0.309544081119026,0.0801995400547922,0.262152685693916
"2021-04-25",-0.617165640334164,-0.629164373781873,-0.64434934254345,-0.665642149860292,-0.678847615706128,-0.583615273301808,-0.475021425234147,-0.308087876525555,0.078347990225469,0.261345707061951
"2021-04-26",-0.609235718108511,-0.622952944988767,-0.640378129385327,-0.665096297876899,-0.681947090983779,-0.585329378917115,-0.473172172695945,-0.302219154312876,0.0846220814967821,0.263608805772434
"2021-04-27",-0.613004338452721,-0.625632089669453,-0.641517232442129,-0.663466517988587,-0.675838219705124,-0.571457400709997,-0.456845911358189,-0.284115779197236,0.103739813694143,0.282637675829291
"2021-04-28",-0.614917558569029,-0.626696331975613,-0.641271374572113,-0.660508391897045,-0.667328030470543,-0.548003555941259,-0.425924859614556,-0.245501622224585,0.151870110349272,0.332881614915471
"2021-04-29",-0.606640067143742,-0.620344790404373,-0.637508615059639,-0.660973257895706,-0.673281637922035,-0.557836406510706,-0.434505762824064,-0.251634745527493,0.148603291606424,0.329221991681333
"2021-05-02",-0.614742214429408,-0.627546121750958,-0.643263997299596,-0.663607472081488,-0.669409081248466,-0.539015267273717,-0.411401660399012,-0.228617276047246,0.154012251934943,0.320990838594949
"2021-05-03",-0.612402647611108,-0.626191748222666,-0.643401154605328,-0.666740455803207,-0.678373052636002,-0.56212688791314,-0.44074940784053,-0.263618140670054,0.114186927746748,0.281016567555288
"2021-05-04",-0.60982329913777,-0.624027167470081,-0.641750265379025,-0.665779675147525,-0.677778501479908,-0.558859050128324,-0.434998750709928,-0.254749401406194,0.127820602610158,0.296045508248596
"2021-05-05",-0.60865065783435,-0.623102831368386,-0.641157084601856,-0.665715990799481,-0.678346074850146,-0.559358017444938,-0.434764250006782,-0.253242872927941,0.132322505696053,0.301915274137825
"2021-05-06",-0.60708481566695,-0.620958202314312,-0.638198209305284,-0.661305662711501,-0.671627589031921,-0.54880878965935,-0.423082408585624,-0.24079601508571,0.145117410608876,0.314644281751776
"2021-05-09",-0.611677868399319,-0.624769178558575,-0.640970967425082,-0.662419680563887,-0.670671410044218,-0.546278683733325,-0.420492557018925,-0.237823666701003,0.151566255791297,0.323837756653034
"2021-05-10",-0.604010093811577,-0.61739021597147,-0.63361419986664,-0.653899805884159,-0.656648247028286,-0.509675626371347,-0.372555781462129,-0.180944520964378,0.206383796494972,0.370954694865018
"2021-05-11",-0.611898604729997,-0.622708439126787,-0.635334366397258,-0.649263804081966,-0.642090718049157,-0.479485166691479,-0.338174177586735,-0.144104574951413,0.243437692763501,0.407322158851293
"2021-05-12",-0.615184611669904,-0.625688646400862,-0.637830999403764,-0.650742680602287,-0.641551150902086,-0.475032487513163,-0.33319613486401,-0.140355457013641,0.239554678035307,0.398640279636634
"2021-05-13",-0.615443977884959,-0.62534071529933,-0.636765750866805,-0.648823263263037,-0.639535196953983,-0.477199824677136,-0.337875084629019,-0.146751181458933,0.235642170086578,0.397792824946622
"2021-05-16",-0.613693527679496,-0.624913312996095,-0.637938835813599,-0.652035993160073,-0.643536915406349,-0.473558776199229,-0.328831234816562,-0.132959372145977,0.249464193184901,0.408403775032478
"2021-05-17",-0.612753448974517,-0.623961289894344,-0.636940481751238,-0.650857270046819,-0.641739048442334,-0.46904754929605,-0.322488942478152,-0.124304809760305,0.262404295479735,0.423088545164021
"2021-05-18",-0.611635523545099,-0.623343673148979,-0.636958096118048,-0.651803730454875,-0.643615588366958,-0.471291448687848,-0.325152070057001,-0.12850501649636,0.251592610747493,0.408312536127676
"2021-05-19",-0.621209368818282,-0.630736267922518,-0.641462488861911,-0.651731540038048,-0.638052638265143,-0.463947703247727,-0.320636131743318,-0.128386855952541,0.24460844108564,0.399254553763847
"2021-05-20",-0.61824378509978,-0.630293343495631,-0.644412084951254,-0.660236500032917,-0.653877645428649,-0.48599201795234,-0.342033857602461,-0.147781394379765,0.228421167713992,0.383649461228805
"2021-05-23",-0.62540591406517,-0.633853610263643,-0.64348852829323,-0.653132617453959,-0.642367787618768,-0.486264117796059,-0.351790274858788,-0.164786420325119,0.219567218547048,0.386422052127687
"2021-05-24",-0.61481808878956,-0.626697009137579,-0.641062977415915,-0.658827167794938,-0.659940322686526,-0.518662177943083,-0.385850981145742,-0.197403432060175,0.194492216898004,0.365069940075516
"2021-05-25",-0.616025430234921,-0.62784338054264,-0.642344810557834,-0.661037571641226,-0.665673715119988,-0.537124944560079,-0.409734630481476,-0.223971834396619,0.177893281075497,0.358398665790652
"2021-05-26",-0.620571403839707,-0.63088802044478,-0.643190691784416,-0.657711378472987,-0.655072455172368,-0.5138485144089,-0.384274511643934,-0.200737198090688,0.182649486340905,0.350544687516875
"2021-05-27",-0.623724809282935,-0.633540368761242,-0.645256816323447,-0.659101033244413,-0.656483329601861,-0.518969566414313,-0.391355366190304,-0.208565346372075,0.180757501394507,0.35413913479608
"2021-05-30",-0.621308691816288,-0.631459342454248,-0.643471879207356,-0.657293569701805,-0.652961829723889,-0.506421080191037,-0.3740630621078,-0.187713452102176,0.19875379392063,0.367139113383972
"2021-05-31",-0.615260134416593,-0.626254146232899,-0.639466112915614,-0.655453816781493,-0.654566770759439,-0.512612561520234,-0.380113099049004,-0.191262087642266,0.206042808838914,0.380892768418577
"2021-06-01",-0.606213517353997,-0.618879891845205,-0.634279978906787,-0.653650104252644,-0.65655128259899,-0.514845757444606,-0.380183795355252,-0.189041780892408,0.207389211164572,0.379376996150367
"2021-06-02",-0.596780846733427,-0.611313627159901,-0.629234239591585,-0.652765835713853,-0.661262420039181,-0.524881514802698,-0.390228508919116,-0.198314517801912,0.198424058096417,0.369552797652987
"2021-06-03",-0.592925848925972,-0.608359548094843,-0.627589476580681,-0.653585189431151,-0.666389304212166,-0.538507894696794,-0.406761035998461,-0.216790491359746,0.180301642888815,0.352714921424063
"2021-06-06",-0.598872888669687,-0.613676949104721,-0.631987233578904,-0.656259725541261,-0.666214040203559,-0.535080998332755,-0.404667587422283,-0.219368791586575,0.160584706492379,0.323243507947364
"2021-06-07",-0.608398553722611,-0.621584748501441,-0.637919633832991,-0.659619974254694,-0.668419381193761,-0.54686119563528,-0.423927331305539,-0.246162131189802,0.129494745432182,0.294398204203936
"2021-06-08",-0.61061284943257,-0.623953291385138,-0.640567824168353,-0.662968426513313,-0.673531067525886,-0.557759800451429,-0.437968455721954,-0.263490588989893,0.1081623069554,0.272189997233138
"2021-06-09",-0.627290765294276,-0.639360742185026,-0.654484241389556,-0.675143090933472,-0.685632500875304,-0.578240737758589,-0.462227959813278,-0.287346898004393,0.10743367740356,0.290693258850336
"2021-06-10",-0.628043249358594,-0.639760747149557,-0.654453040755722,-0.674562564828066,-0.684956444723948,-0.581741682996535,-0.469886806857372,-0.301158087967395,0.0799156462157106,0.256846978421479
"2021-06-13",-0.610317913079884,-0.623346115218559,-0.639647764451867,-0.66188445362997,-0.673367975560182,-0.563210725405958,-0.446178596498651,-0.27321909923293,0.10337815630035,0.272594486777651
"2021-06-14",-0.630516529258674,-0.640761472979834,-0.65327385692548,-0.669156500547151,-0.671783961456802,-0.551842253841119,-0.433836784458787,-0.261011070429823,0.117181304747629,0.289001125150042
"2021-06-15",-0.631629449032959,-0.640718713052885,-0.651790527477863,-0.665699070286924,-0.667076210580014,-0.552953681270964,-0.440139844722025,-0.272843507008228,0.102553891769121,0.277197111662744
"2021-06-16",-0.624380141524363,-0.637534765778021,-0.653550998303907,-0.67386013972941,-0.678177344380717,-0.543754324736799,-0.417858058994743,-0.243040651801754,0.105578153130911,0.251978272118809
"2021-06-17",-0.631973405416196,-0.641678990663493,-0.653186213357835,-0.666558800452838,-0.663369670590627,-0.531895196042493,-0.414621654392453,-0.252158855480332,0.0751777648284717,0.21436502156779
"2021-06-20",-0.634418164012987,-0.641745122090964,-0.650051132211968,-0.658155832734072,-0.647817928985846,-0.507649017212347,-0.387614476555259,-0.220956686705738,0.121176712478726,0.269631648030455
"2021-06-21",-0.631825923399759,-0.639530631774492,-0.648262084628671,-0.656792434365857,-0.646115058732214,-0.501580743219406,-0.378889268559929,-0.20998463911213,0.131748918945643,0.278231864846814
"2021-06-22",-0.635988129125738,-0.64392680037436,-0.653057522017559,-0.66251228870816,-0.653905259821644,-0.514405490041004,-0.393160976848133,-0.22415289921015,0.123820224692225,0.274989141454525
"2021-06-23",-0.62587044422666,-0.634983237466577,-0.645727490503287,-0.657937606322542,-0.653337622362123,-0.519019438374461,-0.398717789288406,-0.230048948793184,0.117738898727625,0.268603678609615
"2021-06-24",-0.619740682372186,-0.630500549026584,-0.643152046465811,-0.657475011455614,-0.652297916777478,-0.502076380022488,-0.371368624256079,-0.193041503726597,0.158256117624455,0.305096596478385
"2021-06-27",-0.612547801130419,-0.623956011304783,-0.637756248116197,-0.654859951985897,-0.656283347337348,-0.524500413751126,-0.401417412637967,-0.228216923696283,0.126688968990322,0.2792491409697
"2021-06-28",-0.618037245612297,-0.628344434496106,-0.640626004131582,-0.655114584526556,-0.652640718620727,-0.515117284728746,-0.390366788558597,-0.215657242303681,0.142220483197402,0.296383819780889
"2021-06-29",-0.611653583108256,-0.622342454026573,-0.635391432034947,-0.651974767060822,-0.655072905420165,-0.535427388978165,-0.419276499365204,-0.251808277568841,0.104416223012315,0.262231084550655
"2021-06-30",-0.615337186615828,-0.627047311402398,-0.641366206579443,-0.659683304029434,-0.663879200081869,-0.539344862231301,-0.41888411492893,-0.246808181816565,0.112731800172098,0.269518567513673
"2021-07-01",-0.611311067857517,-0.622494019564555,-0.636421728756444,-0.655149440985241,-0.663428364803634,-0.5589618004324,-0.449514907020594,-0.286899072059287,0.0725886893709829,0.236591712108692
"2021-07-04",-0.613630720942402,-0.624833309466069,-0.638535112960565,-0.656061570728139,-0.659978488596494,-0.539068561634,-0.421546751961812,-0.252752680941264,0.103326833331597,0.259880363899148
"2021-07-05",-0.614926874935286,-0.627952934888741,-0.644313413037986,-0.66688509369382,-0.679843634553098,-0.578842319785717,-0.470000957177171,-0.309772893456896,0.0349774969108928,0.188060624617822
"2021-07-06",-0.633229264651209,-0.642247103119989,-0.653563947189667,-0.669042446825135,-0.676688861984517,-0.590907923905824,-0.496299161170642,-0.350009210712248,-0.00352537346895665,0.164813293028184
"2021-07-07",-0.631168742919447,-0.640555405225446,-0.652378560631276,-0.668724280553102,-0.677671392116863,-0.594211871468885,-0.500853083756745,-0.356578742155515,-0.0168301819454431,0.14707226077272
"2021-07-08",-0.610915559169262,-0.623068059066214,-0.638448547359677,-0.660064722737837,-0.673981794378301,-0.584516463563097,-0.483188258656814,-0.330147258221374,0.0120111604886484,0.168819502663929
"2021-07-11",-0.63812161205773,-0.644919775908838,-0.653296340211509,-0.6641257102946,-0.666305786335331,-0.579887250192266,-0.488948580565273,-0.347302727909771,-0.000644448383949559,0.174452231859267
"2021-07-12",-0.622089017901947,-0.629875478211773,-0.639535386686839,-0.652309331216713,-0.656494941412064,-0.569079211892996,-0.476306587434153,-0.333362493166275,0.00695545315501561,0.173796994767743
"2021-07-13",-0.609810825509429,-0.620583111948351,-0.634361578181072,-0.654210211685415,-0.668771428032778,-0.594653853508328,-0.503921237770115,-0.361106473199659,-0.0204880175474316,0.144706737382574
"2021-07-14",-0.613839973978819,-0.625757123474537,-0.641064958133798,-0.663383799105446,-0.681090303742741,-0.609404497598859,-0.518677528817041,-0.376366154552376,-0.0423807452709036,0.116665084674521
"2021-07-15",-0.622634702166966,-0.63128460227722,-0.642407149086407,-0.658597768369756,-0.670881726099192,-0.609026610227321,-0.529816792644,-0.400233645127727,-0.0684808161990862,0.103963812197676
"2021-07-18",-0.632391627376736,-0.639012484289937,-0.64760214421156,-0.6603432665911,-0.670745725891774,-0.623182149999284,-0.557460074672786,-0.44393704115979,-0.122505286273364,0.0629798004663324
"2021-07-19",-0.62160171843291,-0.63363439113697,-0.649494957001989,-0.674066432496968,-0.699488885667155,-0.659012928603725,-0.586408935371624,-0.462424986022491,-0.140943520579933,0.0246767553137661
"2021-07-20",-0.641585375721038,-0.649852649659769,-0.660590384570469,-0.676599394308218,-0.690274299636729,-0.638535109662817,-0.566238858333581,-0.443986260651558,-0.115377000178234,0.0633393327224085
"2021-07-21",-0.638618489109263,-0.648203080200968,-0.66083905381942,-0.680379352500928,-0.700159854389792,-0.66084936716293,-0.59343528972267,-0.475445394218217,-0.150147632147876,0.0290775132720628
"2021-07-22",-0.634256097348671,-0.645288025653996,-0.659823392438161,-0.682298512602836,-0.705234321821453,-0.664031765426459,-0.592413205038964,-0.46905441947611,-0.141382819632742,0.031982559439392
"2021-07-25",-0.635861168238519,-0.647420194127603,-0.662625223676464,-0.686056806999933,-0.709715554666605,-0.665875700668145,-0.591407496567645,-0.464443183443998,-0.132847431854542,0.0397527602434578
"2021-07-26",-0.633473833603349,-0.646759501695639,-0.664374869606693,-0.69204318745315,-0.722252153974788,-0.688610158692881,-0.617031595444141,-0.492329595608582,-0.164956829640781,0.00453172572000532
"2021-07-27",-0.627667730762447,-0.643770795954083,-0.665150742687035,-0.698876642372121,-0.736545265168905,-0.705079111385341,-0.628782363669401,-0.496633692102489,-0.159783384496332,0.00878972859815316
"2021-07-28",-0.632929016611089,-0.647250530011004,-0.666273158778752,-0.696282581865815,-0.729634861294574,-0.698190596138758,-0.625413168645184,-0.498043935413637,-0.164626996274514,0.00694484503332443
"2021-07-29",-0.615988332628437,-0.631766568563645,-0.652824359475082,-0.686416500860855,-0.725326342813778,-0.702613152188991,-0.632330054393166,-0.506871183365118,-0.176537452068846,-0.00702605364208239
"2021-08-01",-0.627736033506518,-0.643598834174125,-0.664808052178064,-0.698777122325414,-0.738645777777217,-0.719263109270769,-0.650931562339448,-0.527648472091609,-0.200093100598792,-0.0309979357380435
"2021-08-02",-0.632056418379993,-0.646727243579582,-0.66637842817868,-0.697960097447623,-0.735327798100502,-0.717824709548714,-0.653142423071378,-0.534624964618188,-0.211326247917772,-0.0401316691575665
"2021-08-03",-0.628305481927654,-0.645481660366086,-0.66851030235902,-0.70563433015889,-0.750256526057638,-0.737958296501986,-0.671710884249957,-0.550484267964299,-0.228749710055156,-0.0640085403593148
"2021-08-04",-0.637381006199989,-0.653075901315896,-0.674114286452666,-0.707999595022648,-0.74851150641885,-0.73442904018461,-0.670437469864905,-0.553150164660955,-0.237817222201941,-0.0738838076775418
"2021-08-05",-0.639090017589281,-0.652369608988252,-0.669978785215529,-0.697651174472925,-0.727966665695764,-0.695670408696836,-0.625758703575457,-0.504220563798311,-0.187347802365814,-0.0245462696018296
"2021-08-08",-0.631820360864945,-0.645953580429093,-0.664713998756522,-0.694280906653927,-0.727120326658768,-0.697220705928635,-0.62754589071786,-0.506529897942932,-0.194793503655338,-0.0369639606605091
"2021-08-09",-0.637839240020376,-0.650564167788332,-0.667462999459589,-0.694100814194861,-0.723555528767005,-0.693693318363803,-0.626688541381692,-0.509083616623782,-0.198089147810123,-0.0362226255904401
"2021-08-10",-0.645028769439294,-0.65731909398909,-0.673667031304707,-0.699516860808408,-0.728332407940237,-0.699817744739754,-0.634003877739085,-0.517043595174017,-0.20108758678193,-0.0331830320834784
"2021-08-11",-0.645717487015627,-0.656568461453197,-0.670971028312199,-0.693617194653184,-0.718235714701476,-0.687164662124792,-0.623025108522323,-0.509196784185841,-0.197211970468025,-0.0280915885633347
"2021-08-12",-0.646248902645644,-0.657052983011367,-0.671458390640298,-0.694338232559458,-0.720106678155703,-0.694806367270017,-0.634555294153503,-0.525258040173888,-0.21855131194566,-0.0491237994444624
"2021-08-15",-0.650230216649665,-0.660633557993873,-0.674481038839492,-0.696383904539157,-0.720645505147346,-0.692871179768184,-0.631692205311374,-0.521232962791469,-0.210627259931555,-0.0381021690278859
"2021-08-16",-0.649079557622151,-0.660280127344282,-0.675210099750974,-0.698912989248112,-0.725598063642829,-0.699730070232503,-0.638008254920417,-0.526402215570102,-0.21539797108756,-0.0448806505810714
"2021-08-17",-0.652633460460101,-0.66385347106681,-0.678825484112495,-0.702654048081128,-0.729724869326477,-0.705610951622856,-0.645220030202512,-0.535517019532465,-0.228962719255705,-0.0606979463394512
"2021-08-18",-0.65200900453827,-0.662556623968347,-0.676671815521122,-0.699269309483101,-0.725391591465123,-0.704683224794914,-0.64805189436109,-0.543140635926382,-0.241270108179699,-0.0708557917619504
"2021-08-19",-0.657297176496093,-0.667500402367713,-0.681182649649019,-0.703177554228468,-0.728901840851905,-0.71004577008006,-0.655085124352098,-0.551736930537772,-0.247325968324126,-0.0714465831127489
"2021-08-22",-0.654976706527799,-0.665782112544181,-0.680217536383774,-0.70324167108497,-0.729529816771853,-0.706253793780828,-0.646986614083604,-0.538244408123468,-0.228684021775024,-0.0554833189244976
"2021-08-23",-0.652162716248923,-0.662726192853756,-0.67679017753782,-0.699052338563869,-0.72381208236524,-0.696762674576614,-0.635997948235084,-0.526419872302086,-0.220038414847374,-0.0510375824692352
"2021-08-24",-0.653483843390234,-0.66383784993271,-0.677381190006941,-0.697967258113663,-0.717531662918834,-0.669496363451075,-0.595671468737377,-0.471419238989899,-0.148774962371671,0.0191638379124003
"2021-08-25",-0.661903318561589,-0.670816143500649,-0.682390884480786,-0.699662442617533,-0.714611703317362,-0.662054189690687,-0.588542307197626,-0.46573357417483,-0.14450211519446,0.025116678735522
"2021-08-26",-0.657082416825851,-0.666944232984282,-0.679877393855531,-0.699642025051083,-0.718759751005802,-0.673593186337238,-0.60205731682629,-0.479687204420019,-0.152904884221298,0.0219484115273926
"2021-08-29",-0.653449343997412,-0.664220291396493,-0.678452261980387,-0.700596819671622,-0.723712498418821,-0.686168808316182,-0.617406268601713,-0.497341255491823,-0.172429979457242,0.00237752733169524
"2021-08-30",-0.660185264263322,-0.668339296748254,-0.678796358299598,-0.693908053009305,-0.704846181358865,-0.64265261504625,-0.564466663678709,-0.436638478686611,-0.108012758075423,0.0638456691663379
"2021-08-31",-0.657291577894555,-0.666257385311657,-0.677780170028669,-0.694533800427804,-0.707176097622044,-0.642893843979749,-0.560920043748879,-0.427139014318318,-0.0860478248374905,0.0905397581691674
"2021-09-01",-0.659259068080181,-0.668335384730398,-0.680074361381854,-0.697408403787763,-0.711592949308886,-0.652327044759425,-0.572670459993314,-0.440341697119654,-0.0947002883909278,0.0881096575524001
"2021-09-02",-0.658564565196216,-0.66673064551649,-0.677152624454673,-0.692019581524244,-0.701884654046146,-0.633600476570513,-0.550310713154049,-0.414763126399,-0.06659454201466,0.115820928875991
"2021-09-05",-0.657682026866975,-0.666530198262138,-0.677855491473118,-0.694150364162209,-0.705696617916111,-0.637717173595221,-0.553519285714038,-0.417116812252307,-0.0719695421772371,0.105737512419349
"2021-09-06",-0.656808475531459,-0.664350261473548,-0.673666293573624,-0.685829044805543,-0.689053197095183,-0.600150556769006,-0.507047424885102,-0.364043243913106,-0.0243589878569634,0.142007485903534
"2021-09-07",-0.660446350574894,-0.667060738759922,-0.675215484903602,-0.685773051512317,-0.68795289907462,-0.603846651956227,-0.515066645787037,-0.376449177872104,-0.0357181083139773,0.137129108754704
"2021-09-08",-0.656454271111942,-0.665310223945988,-0.676632622695961,-0.692881142456093,-0.704245431726226,-0.635868766394194,-0.551898615449248,-0.416559284878831,-0.0770818323807557,0.0962321910392374
"2021-09-09",-0.655505345535502,-0.66373385258224,-0.673987031325852,-0.687730946394755,-0.693209648843321,-0.607342704457307,-0.515234305552734,-0.373694975579845,-0.0399516199996268,0.121890430271184
"2021-09-12",-0.655067432196523,-0.662461741257677,-0.671657918527924,-0.683890368353123,-0.688140335833876,-0.604855925282947,-0.515127022397403,-0.375238023725355,-0.03511622551277,0.135054993087597
"2021-09-13",-0.658250743742353,-0.66609168847023,-0.675913008590229,-0.689250797544206,-0.695238518002414,-0.614892121346764,-0.526205301817077,-0.387395301135828,-0.0497677246175451,0.118805205266644
"2021-09-14",-0.659652728936265,-0.667133234222438,-0.676311995213142,-0.688063154338004,-0.690081401063347,-0.596628681018886,-0.500862820632262,-0.355024834494335,-0.0125127176751099,0.153671567593788
"2021-09-15",-0.644701764383812,-0.65336265747305,-0.664110378799749,-0.678355222976262,-0.683313628571535,-0.589672697764395,-0.490932877065725,-0.340338501852744,0.0109855607197516,0.17980216816752
"2021-09-16",-0.658278034209469,-0.665492999492175,-0.674213146207918,-0.684861028390914,-0.684128414214532,-0.580777686707749,-0.478655576936498,-0.324791244756232,0.0328261311557524,0.205171999759735
"2021-09-19",-0.656925592962745,-0.665885998408898,-0.677115076951313,-0.692409455682242,-0.699638831339884,-0.612139261058378,-0.51607663371631,-0.3674272798642,-0.0142477524395648,0.157965882423537
"2021-09-20",-0.663046966251437,-0.670731708185278,-0.680244118358957,-0.692733154661941,-0.696341854301174,-0.606682526675636,-0.51191840360462,-0.365559654014454,-0.0147525010232307,0.158510887076728
"2021-09-21",-0.666106448232616,-0.672573839034982,-0.680506393508684,-0.690612549661022,-0.691857637133788,-0.60471456619221,-0.51381211330352,-0.372079852258721,-0.023241661121616,0.154205060447153
"2021-09-22",-0.66479889600653,-0.671153816658929,-0.678501271524934,-0.686189717849382,-0.679185290969784,-0.559853248117724,-0.451562874396921,-0.294461391105302,0.0523808914874156,0.212625615142091
"2021-09-23",-0.662367600917821,-0.669386439886647,-0.677448764906946,-0.685706677399539,-0.677349210464288,-0.546099995537329,-0.429805980200795,-0.264307063529981,0.0892630476923387,0.247908685151011
"2021-09-26",-0.663331203355258,-0.670407675568465,-0.678505735515061,-0.686691616583522,-0.677850671274098,-0.545069657442285,-0.428730122450797,-0.264565897975505,0.0812682475729434,0.234584332592047
"2021-09-27",-0.661756221786226,-0.666461742210755,-0.671336594181041,-0.674140094068405,-0.657918498820999,-0.518158542675577,-0.402426296815629,-0.240840799446799,0.0994051803023277,0.251133609703104
"2021-09-28",-0.67335482898845,-0.679680147462486,-0.686607239742777,-0.692355039487183,-0.678619571407359,-0.534668058648597,-0.414701042819381,-0.249380237151505,0.0881263941720924,0.234239771535645
"2021-09-29",-0.669328776759164,-0.67791687705863,-0.687748575538578,-0.697789476113297,-0.68811481399037,-0.539681884544206,-0.413498809298461,-0.240835775957246,0.103997840533604,0.250117148726345
"2021-09-30",-0.663168398961145,-0.673796249367715,-0.686508556351537,-0.701705626319116,-0.700207567764081,-0.564130279963849,-0.440110769373464,-0.26662025333497,0.0874065805013123,0.239341120934563
"2021-10-03",-0.644650080504624,-0.659106025767081,-0.676636862444375,-0.698671001411266,-0.702855540139521,-0.558426515274507,-0.426660585235227,-0.247564860166572,0.097791746867303,0.239179724075871
"2021-10-04",-0.691939591754487,-0.697633249982862,-0.703537271696878,-0.707025419614685,-0.688273328441587,-0.529474581920186,-0.401637332039801,-0.227882704554277,0.121310073986864,0.270893406017898
"2021-10-05",-0.665472468756414,-0.675531379847467,-0.6871198143601,-0.699312362866236,-0.690065752193325,-0.530948532494646,-0.397155876094397,-0.217046635985473,0.13233672178646,0.276916100811601
"2021-10-06",-0.661272134151374,-0.674135397921424,-0.689374373734778,-0.707151836586008,-0.703975563592656,-0.544217442798318,-0.405943516603943,-0.220311788618302,0.13465342064017,0.279528633366631
"2021-10-07",-0.667524058767033,-0.678595569537744,-0.691205417094741,-0.703974597444976,-0.691965430615357,-0.515522335266489,-0.372520466357622,-0.185101033968395,0.164134683118492,0.304474225933867
"2021-10-10",-0.667677922510454,-0.677361863618967,-0.687933482082997,-0.696810914288148,-0.67789451806346,-0.488006294015176,-0.340799215881383,-0.151074700961169,0.196219983741951,0.334338927679802
"2021-10-11",-0.666284558157999,-0.675001962077743,-0.684024692634636,-0.689594244873242,-0.664027215621148,-0.460814285155172,-0.310994437347693,-0.122952375514179,0.209864677934414,0.339429093447397
"2021-10-12",-0.660191851979557,-0.670937405199199,-0.682589171445447,-0.692225080210236,-0.671727169749176,-0.476816325971452,-0.333170644178381,-0.15583524831997,0.148817365658404,0.264975531395016
"2021-10-13",-0.652333283657323,-0.66616259176712,-0.682298443694682,-0.70035645734184,-0.694400305683227,-0.526516492171551,-0.391125538995727,-0.218706623230309,0.0865189198646698,0.204680816677107
"2021-10-14",-0.632895565445293,-0.648150490496417,-0.66585739549284,-0.685431471387287,-0.678410798824828,-0.499718878100265,-0.360153456294712,-0.18693287690183,0.108804236537452,0.22074669640602
"2021-10-17",-0.68462003446298,-0.684796873933058,-0.682738406091402,-0.671569119120222,-0.629158415803932,-0.442581451586774,-0.321833575259925,-0.17609211828836,0.07467558483888,0.171314409707773
"2021-10-18",-0.676687172300322,-0.679627027839197,-0.68087940140144,-0.673828997239421,-0.632640488425908,-0.428375371674914,-0.29444011290244,-0.134457552453098,0.134193117368564,0.235843006868176
"2021-10-19",-0.675706819232822,-0.682620527466759,-0.689082412118474,-0.690136938819284,-0.658289457734381,-0.456177263943786,-0.317309758743358,-0.15006018662843,0.130743188386255,0.236640176301037
"2021-10-20",-0.679610268777749,-0.678846372643225,-0.675194866309323,-0.660379883547212,-0.609935689031763,-0.403615580651701,-0.275782278690265,-0.125793721030606,0.122848101038727,0.216510559643116
"2021-10-21",-0.66268190138649,-0.668061443442777,-0.672072885589881,-0.668042314445054,-0.627060953839904,-0.416694261194592,-0.285135817264751,-0.135750789005532,0.0975391069103387,0.182161259258644
"2021-10-24",-0.674779349977889,-0.683063532099768,-0.690896091775226,-0.692805640193367,-0.65836676161262,-0.44509142084878,-0.305101924837736,-0.143016147957031,0.114856655178354,0.209164214124063
"2021-10-25",-0.68701733636226,-0.695018614179593,-0.70221963987426,-0.702393404393353,-0.664009675647089,-0.445631894661472,-0.308134889272499,-0.153208152395463,0.0853850463763678,0.171248560409619
"2021-10-26",-0.749792536458443,-0.737540234693997,-0.719479308844901,-0.684468214418283,-0.61865362386647,-0.450558791362394,-0.358866026964322,-0.245316254444836,-0.00421106780421702,0.121786058857866
"2021-10-27",-0.737190193109658,-0.729467289246793,-0.716646521830795,-0.687475517456788,-0.62056139276106,-0.414953161461647,-0.301903222311354,-0.175029387309941,0.0278148473026805,0.103148714230146
"2021-10-28",-0.742033603342878,-0.735150288423308,-0.722241652976896,-0.689431205001572,-0.608754224096814,-0.371362160832189,-0.256246711622191,-0.140858824512137,0.018756363278468,0.0739223075295188
"2021-10-31",-0.707142016740572,-0.713217022232317,-0.716471610495588,-0.706491039454846,-0.646358788805242,-0.399780519140719,-0.270413946259888,-0.140059925260804,0.0386136522130748,0.100021216176899
"2021-11-01",-0.717877812861724,-0.723227805762189,-0.72700430142282,-0.722044737291708,-0.678557217218493,-0.464662209043788,-0.334851829468173,-0.190526184647439,0.0292118309606925,0.10794026675564
"2021-11-02",-0.721762284641091,-0.727922108657635,-0.732538073032551,-0.728255607854783,-0.683991194757894,-0.466970158959812,-0.338141090770473,-0.197636263231006,0.011289612245867,0.0853271696593804
"2021-11-03",-0.68818043241327,-0.697504736300503,-0.707776924181577,-0.716904357237627,-0.701631952378496,-0.540054675467883,-0.417998948715605,-0.265082411552366,0.00267848437190857,0.105955953875418
"2021-11-04",-0.681232634265386,-0.697133757029348,-0.715831095580252,-0.737562619693173,-0.73598381112784,-0.582467459892278,-0.462853198066384,-0.317430279139193,-0.0772851663525569,0.0117800211464097
"2021-11-07",-0.66920329972495,-0.68941580510378,-0.712823565375667,-0.739030464993198,-0.73434961020244,-0.550699205386873,-0.418908263485663,-0.267846304573584,-0.0357756474429709,0.0472521662891276
"2021-11-08",-0.677743969883668,-0.700721498497074,-0.727600512994215,-0.758909523004851,-0.760236957067853,-0.588213014801845,-0.465439667511648,-0.327738560849344,-0.122227426767653,-0.0496688686218486
"2021-11-09",-0.686903344413845,-0.707249951109119,-0.729678846855589,-0.751110227477332,-0.732838324930469,-0.527808422508565,-0.40084546096202,-0.266756293518046,-0.0772698972694776,-0.011639230955538
"2021-11-10",-0.714924054155937,-0.729069545948076,-0.743679854263074,-0.753737680608889,-0.723812163652156,-0.514259073100101,-0.388121385560766,-0.254085985655528,-0.0623399332138139,0.00442967615834217
"2021-11-11",-0.71859307609221,-0.736202903405958,-0.755944585450419,-0.775702243693368,-0.761566038984419,-0.56970307422564,-0.440841990989622,-0.296994380526299,-0.0814526077848252,-0.00509909884724019
"2021-11-14",-0.748077364447264,-0.758330121181785,-0.768171876006914,-0.771676373205358,-0.735864825645462,-0.523453590579119,-0.394699723310842,-0.254993874799518,-0.0497119619244807,0.0225797111007452
"2021-11-15",-0.784611909230858,-0.790359400545699,-0.794952155376891,-0.792159746645469,-0.753782603075549,-0.550476964022398,-0.422428474398536,-0.276739550343168,-0.0489276542191927,0.0337384578577636
"2021-11-16",-0.777650626895025,-0.78631661878509,-0.794486852428547,-0.796551619301567,-0.761994258907357,-0.556114787408761,-0.426724827072091,-0.281964236452583,-0.0613358007039788,0.0176396279549983
"2021-11-17",-0.782772010397173,-0.793445461283271,-0.80400045372127,-0.809116182092322,-0.776694330002441,-0.571561877323216,-0.44503153135953,-0.306617267784534,-0.101633395748742,-0.0292274902874967
"2021-11-18",-0.786173313809819,-0.795305936064311,-0.804905885944124,-0.811762290353626,-0.790703853570596,-0.622031667297175,-0.506040585650118,-0.369622832353276,-0.149668758281323,-0.0687848766756289
"2021-11-21",-0.823569922466795,-0.821166325098225,-0.815815879533006,-0.799862840326351,-0.753318165299256,-0.575275042760941,-0.465114380017458,-0.333866692646954,-0.109660846502434,-0.0233499053485817
"2021-11-22",-0.792235406915254,-0.797038223237671,-0.800073392758816,-0.793879109519117,-0.748679994837304,-0.532807626213697,-0.402717427103379,-0.258365120119077,-0.0388607290673205,0.0397570297716371
"2021-11-23",-0.807478000873856,-0.809253795652042,-0.808726298458145,-0.798172294300964,-0.751076067584457,-0.542459600569181,-0.413985221110587,-0.266624872759572,-0.0315632446018754,0.0548393959106794
"2021-11-24",-0.803333685559387,-0.811147950065485,-0.818083382038022,-0.817829731972105,-0.779207826378752,-0.564841552548128,-0.431950692661751,-0.283811782659648,-0.058540988686244,0.0220475925695201
"2021-11-25",-0.82490824864414,-0.827374263968761,-0.828661471957209,-0.823849138054908,-0.792756916183365,-0.629843301140752,-0.518377982496865,-0.380807737424045,-0.138824337240185,-0.0444966028897716
"2021-11-28",-0.829947137239635,-0.829839775877009,-0.827593636724262,-0.816769394308915,-0.777081043651988,-0.604645020105659,-0.493130068475134,-0.358259922654171,-0.12521533258766,-0.0351186683755679
"2021-11-29",-0.848967781898979,-0.838492717530035,-0.823040500748537,-0.793047990707893,-0.736525071158282,-0.591238113859532,-0.511357343735516,-0.41172217931079,-0.19695617193442,-0.0825521291160155
"2021-11-30",-0.839492114718421,-0.829071875820897,-0.813703240011803,-0.783882329514934,-0.7277175586877,-0.583577079159473,-0.504480447045908,-0.405997515186605,-0.194502417127435,-0.0823754227268232
"2021-12-01",-0.844545095313707,-0.83486071814836,-0.820559527843361,-0.792747870408228,-0.740136537238859,-0.603602044630221,-0.527635500813221,-0.431847771382092,-0.220562098187999,-0.104602836033951
"2021-12-02",-0.815610490537532,-0.807382376559553,-0.795205727964426,-0.771435203180664,-0.726128787940872,-0.606274147613957,-0.537978960687985,-0.449948463223526,-0.246276767763244,-0.127159074528243
"2021-12-05",-0.794076229015918,-0.786286172879867,-0.774744967601911,-0.752170054902418,-0.708972971044823,-0.59354139669219,-0.526936833358169,-0.440076503585878,-0.233832936697366,-0.10886193422146
"2021-12-06",-0.791845895321822,-0.783359725627495,-0.770816923666763,-0.746386430864535,-0.700027690703007,-0.578766583142864,-0.510633462879833,-0.423945600856295,-0.228990514469677,-0.119227172467712
"2021-12-07",-0.760462192563612,-0.759837759071544,-0.757127527885008,-0.746349090172858,-0.709704329849395,-0.557359614031679,-0.460888371491447,-0.34556619535136,-0.149143824349475,-0.0738610952336239
"2021-12-08",-0.714135312565277,-0.726598982590178,-0.740612244766372,-0.75461937657472,-0.743526625581553,-0.593128324537873,-0.487517236140476,-0.365212369148297,-0.173653073331504,-0.104396454763752
"2021-12-09",-0.744596768448664,-0.745111959399716,-0.744163951063739,-0.737001029548083,-0.707410342995752,-0.57027961294968,-0.478682213222307,-0.365725008221151,-0.16550472292544,-0.0868243912254677
"2021-12-12",-0.671003323657251,-0.68789726005234,-0.708084473163861,-0.732906456692286,-0.738396980516468,-0.613016733021555,-0.513829775187628,-0.395470722557325,-0.206122893382016,-0.137171381769268
"2021-12-13",-0.763209422503449,-0.755577786070419,-0.744269598504037,-0.722144574602385,-0.679786017439516,-0.566441778374977,-0.500931273564612,-0.415362864698036,-0.211468304926581,-0.0873178018194388
"2021-12-14",-0.894772379042685,-0.878187471263231,-0.8540525359813,-0.808325513874384,-0.72612970018733,-0.538201788336614,-0.448743352252658,-0.350290689984945,-0.183158555743718,-0.115038013333136
"2021-12-15",-0.94064395768634,-0.921545689861544,-0.893816725357725,-0.841492726266284,-0.748175535290507,-0.53882997669117,-0.441448023729175,-0.336274135776658,-0.163258952788176,-0.0947142765524194
"2021-12-16",-0.933720720146426,-0.916712605982902,-0.891940645646864,-0.844935538237359,-0.760193072705814,-0.565053842351371,-0.471350379456325,-0.367480752414376,-0.188962694907215,-0.115349748151349
"2021-12-19",-0.845969970565358,-0.835248974795635,-0.819424340423488,-0.788675566390142,-0.730603191408666,-0.580521209486355,-0.497446504526418,-0.393189188325666,-0.165522600144194,-0.0421984539340814
"2021-12-20",-0.846302789650892,-0.833484388058629,-0.814616580504397,-0.77813656369324,-0.70991132071196,-0.537896245451357,-0.445554770366091,-0.332839742477191,-0.100520569462634,0.0164629703763887
"2021-12-21",-0.81407302269264,-0.802192186716587,-0.784683242948776,-0.750757412176454,-0.687039284901238,-0.524661871684952,-0.436332627546417,-0.327221804013016,-0.0967458257682539,0.0229072784483353
"2021-12-22",-0.733991679156077,-0.724766455976354,-0.711094673939845,-0.684337125990397,-0.633079119357458,-0.495712021519596,-0.41616584144021,-0.312079292643965,-0.0630673517051281,0.0893935617290315
"2021-12-23",-0.796759677921675,-0.784378285844977,-0.766132355300716,-0.730780900352981,-0.664394026416525,-0.495272260856596,-0.40331240297769,-0.289759368910564,-0.0500866458231355,0.0742192032901374
"2021-12-26",-0.748248681473594,-0.737514179080886,-0.721657295579252,-0.69080308871853,-0.632372037318586,-0.480310662748813,-0.395411337336431,-0.288019109685032,-0.0495171417842665,0.0825535337253898
"2021-12-27",-0.715687173019359,-0.706062515249178,-0.691820940252674,-0.664025654446533,-0.611071656743662,-0.471145305756816,-0.391525736666601,-0.289033285632586,-0.0525867696424228,0.0851590374098334
"2021-12-28",-0.75812763938122,-0.745058282078964,-0.725811933013005,-0.688568452781933,-0.618799161112155,-0.442151727147108,-0.346829758763062,-0.229932421209098,0.0133188103940467,0.137260565092497
"2021-12-29",-0.737333450857564,-0.725102366618973,-0.707064000038185,-0.672066463676358,-0.606165564339122,-0.437126309682277,-0.344426332966997,-0.229073538088888,0.0183456427170423,0.149312383551323
"2021-12-30",-0.621383025919505,-0.631849495486935,-0.643320425407007,-0.653423041248531,-0.636837388697879,-0.468814355543144,-0.347511442957793,-0.201227504604728,0.0415269800160747,0.132139699849446
"2022-01-02",-0.634358607461215,-0.634751434270019,-0.63325229809639,-0.623857981553622,-0.586511251143814,-0.415579286450324,-0.301487258995632,-0.160518548563428,0.0903939334545448,0.1893227330799
"2022-01-03",-0.647755855489353,-0.647588759525301,-0.645441253527679,-0.635301700636281,-0.597859075393932,-0.429022296868482,-0.314918054002485,-0.1715854918539,0.0909400006060829,0.196732486691329
"2022-01-04",-0.640748456278223,-0.641495932657344,-0.640447879440601,-0.631692967244439,-0.594766338847136,-0.421123012327673,-0.303927389517406,-0.15828438647072,0.102793785278572,0.206192577504971
"2022-01-05",-0.646364260031128,-0.648427860845795,-0.648497445379368,-0.639571807370663,-0.596574058375081,-0.398686196158793,-0.273971573197588,-0.128724570301215,0.107446874783689,0.195170896875942
"2022-01-06",-0.633518760737312,-0.635446067652587,-0.635165633780411,-0.625160398577741,-0.579282276480432,-0.374216405696351,-0.247604236427852,-0.102266734365551,0.129692053270085,0.214968460448154
"2022-01-09",-0.61726888279152,-0.621753232859484,-0.62460721211988,-0.618830972605803,-0.576038185298265,-0.366440169432439,-0.236808369196556,-0.0900730837619351,0.138609369333582,0.221510738732303
"2022-01-10",-0.60414924703122,-0.612307750045762,-0.619603032476886,-0.619634239389706,-0.58055426911136,-0.363327133877803,-0.22937748611394,-0.0807837955687916,0.143810200899509,0.22392675271596
"2022-01-11",-0.614674579819733,-0.621892657350687,-0.628142054313362,-0.627139075775438,-0.588752801627973,-0.380305337461903,-0.25166044025729,-0.108426457460255,0.109223375641448,0.187070028425192
"2022-01-12",-0.596882789792287,-0.611288892522549,-0.626679875690884,-0.639189379774326,-0.615167823322227,-0.413956621779316,-0.285651709377764,-0.144697077283973,0.0639118432437253,0.137502326299603
"2022-01-13",-0.585212124658131,-0.60126134810447,-0.617576815115759,-0.627949776931408,-0.59184150108814,-0.357445606633073,-0.221929464584013,-0.081575610305586,0.114166580742162,0.181725666678417
"2022-01-16",-0.598706993464069,-0.614959395940874,-0.630964182660489,-0.639190457671843,-0.596171085100727,-0.345799590497281,-0.206770265665044,-0.0658830669824425,0.126777847867589,0.19286719011518
"2022-01-17",-0.667631851042322,-0.667286831471393,-0.662871253168331,-0.642923588612909,-0.575382466930339,-0.328306211948251,-0.195114099579255,-0.0551305685921718,0.146658798001359,0.217388073343612
"2022-01-18",-0.661790248538124,-0.66369365443203,-0.662113120616116,-0.646252680552147,-0.582579417465234,-0.334112887050425,-0.198186063530281,-0.0551813440017588,0.150550739418205,0.222558676767911
"2022-01-19",-0.663852683636439,-0.666093846460982,-0.665132369302604,-0.650785767731392,-0.590564739100633,-0.350383938647636,-0.217428902855106,-0.0766230986659802,0.127302369160749,0.198862977240023
"2022-01-20",-0.654835388155731,-0.662700404917775,-0.669059516630839,-0.666041186675804,-0.619266543388687,-0.389023418612067,-0.256161555477024,-0.114833822544035,0.0892485000857718,0.160673336316188
"2022-01-23",-0.659055558624821,-0.668672091453464,-0.677588233872944,-0.67934645704033,-0.640457052280422,-0.421626934683684,-0.290260044399025,-0.148068776793562,0.060564456937574,0.134010692210679
"2022-01-24",-0.664653965618658,-0.673080090755546,-0.680190390696269,-0.678358650039464,-0.632830849352866,-0.400778905442364,-0.26503302150868,-0.11959890619351,0.0919024064777478,0.16612237312961
"2022-01-25",-0.66972604130525,-0.674429155102494,-0.677023116508544,-0.669186036799302,-0.619221382269061,-0.390769236542537,-0.256683166209023,-0.110412339053967,0.107746438158105,0.185204035632072
"2022-01-26",-0.662940800377874,-0.670915097920157,-0.676969717711841,-0.672181331594871,-0.619914368195777,-0.377951681343783,-0.243694210443924,-0.104386590367707,0.091730604177149,0.159723193778786
"2022-01-27",-0.662407722546307,-0.669767326996151,-0.674752063000147,-0.667529792758802,-0.610367970185218,-0.360349109198366,-0.225252827550553,-0.0870605403786945,0.104914054793533,0.171173297820705
"2022-01-30",-0.669755890492798,-0.671276831199336,-0.667548419028741,-0.643753792692868,-0.559596229341281,-0.278163966068665,-0.144491223757366,-0.0161168911650575,0.15303263218592,0.210527797968069
"2022-01-31",-0.681574023602866,-0.680773326783671,-0.674146461105351,-0.646137075425331,-0.557208677046886,-0.269026450141417,-0.131632183002626,0.00140605282413145,0.17821831191478,0.238473832369235
"2022-02-01",-0.657984495273847,-0.663587438201352,-0.662672238364159,-0.636699432366415,-0.536168617197028,-0.227018978440253,-0.0972870762330858,0.0182099849826931,0.161894173082685,0.210114118010758
"2022-02-02",-0.663522266038267,-0.67390305193694,-0.665673708288612,-0.599666727678558,-0.41321322197312,-0.0540617971726912,0.0475481525726774,0.126213682062942,0.218377335208211,0.249101603244359
"2022-02-03",-0.615603132730626,-0.658987478340799,-0.660239108530319,-0.557066861543512,-0.30032092045891,0.044174656325858,0.121179814593516,0.17909562152808,0.246671117408544,0.269196291748166
"2022-02-06",-0.601686972021353,-0.62266230098886,-0.621610701489293,-0.553786465361536,-0.350091331929039,0.0230336955787259,0.123144912244204,0.199838579391624,0.289513851391383,0.319406733184144
"2022-02-07",-0.605796851423369,-0.644142394860008,-0.655827625277194,-0.587909063836562,-0.357935661750139,0.0543387303203854,0.161360027125789,0.242889245378911,0.338136903201174,0.369886691121012
"2022-02-08",-0.629114262209389,-0.650069814385137,-0.652817114818929,-0.596311634216083,-0.403979554142363,-0.00321979279608289,0.113991355729799,0.205235265796893,0.31225386399522,0.347931687046073
"2022-02-09",-0.631184222282388,-0.659039490464733,-0.660306381958747,-0.581998913295324,-0.344341895624454,0.081388006631829,0.193466084525803,0.27906412139022,0.379102798528789,0.412449892549001
"2022-02-10",-0.646087227004777,-0.656496442350181,-0.649178839006475,-0.58404114157793,-0.387552773974148,0.032268430982872,0.160902859188046,0.262358878659511,0.381757441273491,0.42156881380959
"2022-02-13",-0.67715456240688,-0.691444726899921,-0.685902409938475,-0.616609807922805,-0.405626145936807,0.0288953029681296,0.157331101224571,0.257677435658551,0.37547968856075,0.414754124692886
"2022-02-14",-0.636571119236057,-0.667959000515055,-0.679256624185524,-0.6236533573472,-0.407653621985981,0.0575424188976251,0.194670394328132,0.301496314083821,0.426804615547106,0.468579980413134
"2022-02-15",-0.670478230567163,-0.678087715270153,-0.669952144631036,-0.608812932794854,-0.420674974226861,0.0141203352812879,0.157230870150282,0.272562153730914,0.409205961766892,0.454786676560692
"2022-02-16",-0.65313225845155,-0.671924416497754,-0.678656277472063,-0.640717743621399,-0.478161301261935,-0.0497917407327841,0.0998530072012174,0.222333202829463,0.368209168697332,0.416888359309474
"2022-02-17",-0.653020523424366,-0.666936557792986,-0.672877576083863,-0.646564282377305,-0.518714297127911,-0.120691019166607,0.0403360560952496,0.180346195535136,0.351937587706061,0.409384416636591
"2022-02-20",-0.67671216310177,-0.680310021113276,-0.673267949271563,-0.628241622697494,-0.482205852607842,-0.0845299054515466,0.068892340234375,0.200557521026337,0.360974992064345,0.414642660918435
"2022-02-21",-0.619189332808316,-0.640380655935077,-0.650157833333156,-0.616767767469239,-0.459447276953619,-0.0358577019777181,0.112912582530139,0.23477198021555,0.379936795459475,0.428379210271962
"2022-02-22",-0.692900684133237,-0.688264052470333,-0.668049767010492,-0.597692459086486,-0.417207563822659,-0.0181346778121366,0.114524845129298,0.22229736793316,0.350416636116959,0.393165812219259
"2022-02-23",-0.670052984043051,-0.671598262872803,-0.663655613804173,-0.621849589788889,-0.48966431506443,-0.120462816976186,0.0273184453577746,0.156568179529666,0.315774635477332,0.369122322184756
"2022-02-24",-0.690326581089012,-0.69437726864535,-0.682761339010069,-0.619271028922519,-0.435240089912901,-0.0192885022253548,0.116758419047523,0.226301140844417,0.356060686159519,0.399344563753745
"2022-02-27",-0.611249876015505,-0.640774666006013,-0.668361565686532,-0.678655589617226,-0.599159298642975,-0.232213249789218,-0.0618195453998763,0.0936733435939902,0.289344497145482,0.355115950417869
"2022-02-28",-0.591064404392977,-0.634011393651623,-0.682639159896572,-0.735046482919975,-0.7269364542683,-0.446176945775522,-0.277638641625183,-0.108087341832612,0.119729484837891,0.197371339524876
"2022-03-01",-0.611631836794803,-0.646134268910961,-0.680278065321293,-0.701200847059297,-0.636872584302683,-0.296367130435263,-0.136544650606873,0.00889969511539396,0.191368068505055,0.252661619810721
"2022-03-02",-0.667897867359121,-0.685357790072608,-0.699181029343456,-0.693613538936315,-0.608947577835265,-0.273981037045046,-0.11992655703407,0.0216555054097833,0.201038137080731,0.261423297253367
"2022-03-03",-0.662323468582705,-0.694830556003362,-0.727691905487521,-0.75037579499283,-0.697881601116296,-0.393911500819088,-0.247746727854472,-0.113485667398531,0.0558975793147869,0.112849642940016
"2022-03-06",-0.685279450214023,-0.709414836402972,-0.73128993608023,-0.736790025724391,-0.663769104799623,-0.346612722482382,-0.202531514906668,-0.0722097845729301,0.0909088954722153,0.145688479711
"2022-03-07",-0.720006704653522,-0.73101087503294,-0.733597084159457,-0.703546824681682,-0.576038619855524,-0.197384360250852,-0.0476815020110777,0.0813879908362485,0.238889253438125,0.291588726370681
"2022-03-08",-0.720951688427758,-0.731025647886372,-0.729736338786071,-0.687048995069677,-0.531350885841183,-0.11293906652511,0.041162730622146,0.17029612256902,0.325692636895614,0.377601132449391
"2022-03-09",-0.71480970036374,-0.722626261588027,-0.711678313156979,-0.64020433872013,-0.434300557922915,-0.00139441947088015,0.130674021136024,0.234786994067098,0.357301235020045,0.398151340999504
"2022-03-10",-0.656377004530396,-0.692666156599644,-0.709314494396186,-0.660562488800853,-0.453844335054161,-0.0107811929930233,0.117802176602913,0.217570317636599,0.334493981438126,0.373472708289883
"2022-03-13",-0.660784336242202,-0.703357062433601,-0.720320192639684,-0.655583026545465,-0.405987935700675,0.0929717011642087,0.231456898880414,0.338020358293051,0.462709169501082,0.504274425722873
"2022-03-14",-0.669919164670135,-0.681423709593272,-0.679039270157402,-0.627451532816617,-0.447399491577032,0.00838860576106754,0.167861162436401,0.298895528653827,0.455251168052179,0.507436703910983
"2022-03-15",-0.654559948326419,-0.685059382492123,-0.692272228319526,-0.624131765600929,-0.38395596392649,0.109695324311141,0.251592408632691,0.361599962907896,0.490508759256188,0.533482833557574
"2022-03-16",-0.637158716781165,-0.669029179542988,-0.678149132845478,-0.613288541763767,-0.377828513106201,0.109697587165624,0.250074907850747,0.358920379315381,0.48647009385871,0.528991115849138
"2022-03-17",-0.578063564610979,-0.646934991593683,-0.686357914704055,-0.634597412133883,-0.378946571447819,0.112816952152877,0.242301360286836,0.341019996209587,0.456357750595954,0.494804395245164
"2022-03-20",-0.57158042410104,-0.643438382556528,-0.680207117981741,-0.611970699023183,-0.322279074402096,0.205508642582512,0.340966354814567,0.443933622067216,0.564190484992101,0.604276593608192
"2022-03-21",-0.679829139981826,-0.683941801149648,-0.660592492507466,-0.55394015884609,-0.283196714609109,0.218465530667048,0.358963955930196,0.467639276884383,0.594945952678041,0.637385590934472
"2022-03-22",-0.681961672430777,-0.679056444478305,-0.651597763422513,-0.549203258453053,-0.298764893048689,0.176494007415062,0.313893183325389,0.421001164381601,0.546695303582347,0.588600373128938
"2022-03-23",-0.669648491105102,-0.687816968243341,-0.668188687620216,-0.542069152068146,-0.229745621718888,0.269596096800992,0.394292370756462,0.488950850959821,0.599491208856133,0.636338393382287
"2022-03-24",-0.654469055234675,-0.699496798462693,-0.683698968595868,-0.517889743433401,-0.14050197267539,0.353786031295111,0.463814413016381,0.546560247170399,0.643106821485153,0.675289025434985
"2022-03-27",-0.661982249124925,-0.673447504877351,-0.635444465969971,-0.470210843087048,-0.121581986063342,0.351887132690552,0.460502417231441,0.542344534460573,0.637849042952064,0.669683921788006
"2022-03-28",-0.665299884387158,-0.666461861528402,-0.609968207746837,-0.413030547912998,-0.039432834807799,0.421905421011596,0.523507866939943,0.599900762597367,0.689034084056995,0.718745201777295
"2022-03-29",-0.657260146437671,-0.668971299601743,-0.606817839129086,-0.380273699938218,0.0203481476610227,0.461439613873842,0.553959748802715,0.623407036555913,0.704430335513281,0.731438102699943
"2022-03-30",-0.665433035460269,-0.657961303347806,-0.60323635510774,-0.428189661476469,-0.090348918480035,0.35347100477521,0.454587875866323,0.530764752864255,0.619657365770824,0.649288274595707
"2022-03-31",-0.663362966923611,-0.65556882824364,-0.597655417174927,-0.414969355399747,-0.0714982026293577,0.363294123105864,0.460542609226691,0.533724215166063,0.619115089307046,0.647578733565621
"2022-04-03",-0.630613660520821,-0.643625782805656,-0.603437796072203,-0.433155943328897,-0.0929952134788365,0.33475928035865,0.429284166920392,0.500360392844277,0.583290575818153,0.610933980264941
"2022-04-04",-0.58275467786091,-0.64737593226468,-0.626275707629385,-0.421519275252284,-0.0162876710382473,0.429814511599529,0.522547755457187,0.592137120800495,0.673325535469501,0.700388340718796
"2022-04-05",-0.658106923346782,-0.684177374402146,-0.643611693148564,-0.444371128569775,-0.044707179870459,0.443508018012467,0.549707424322621,0.629505748364531,0.722609293936161,0.753643814701949
"2022-04-06",-0.596274758721304,-0.662658186632388,-0.645664503675042,-0.442722613359718,-0.0194580034827736,0.46993835368351,0.573341501574865,0.650963363014019,0.741523986089593,0.771710861509239
"2022-04-07",-0.583315578708235,-0.667677042511265,-0.64723961262888,-0.4120487018702,0.0406647258718039,0.517952114234212,0.615762365318422,0.689145334617404,0.774759217322337,0.803297178354405
"2022-04-10",-0.594511940758417,-0.651216858094638,-0.611260415576752,-0.36414831005333,0.102362109638516,0.609355682463672,0.714563084771616,0.79351235507207,0.885620747355663,0.9163235451816
"2022-04-11",-0.613349261725527,-0.618900176940566,-0.556284440961286,-0.331991773716743,0.0861247734490067,0.584498376742272,0.6924457061411,0.773551807282977,0.868180965736237,0.89972402399253
"2022-04-12",-0.642771503370804,-0.625503554098674,-0.547098824771143,-0.320549861528427,0.0826797907171659,0.568669243788156,0.675206872446495,0.755302984470931,0.848756787088879,0.879908065257421
"2022-04-13",-0.619687095081381,-0.609602958997806,-0.548349345968429,-0.351587894677865,0.0438508289523801,0.599813409816973,0.731343912267103,0.830721552808013,0.946716268133803,0.985381322747205
"2022-04-14",-0.79453675341658,-0.697331399053274,-0.561158041823123,-0.322318869377672,0.0388443412413427,0.565286771621367,0.710176363417157,0.823775198097682,0.957509206694545,1.00210506837811
"2022-04-17",-0.796069109648312,-0.700441909597853,-0.565688255512779,-0.327608298429046,0.034982230473013,0.56416175363592,0.70905564241563,0.822380164772181,0.955673552525952,1.0001196892875
"2022-04-18",-0.647925566811043,-0.637570843204634,-0.572695490200418,-0.363402997871333,0.0578808940813117,0.650562709143104,0.790801056994655,0.896758514217831,1.02043331521954,1.06165840843098
"2022-04-19",-0.759508597556636,-0.683918068592829,-0.565311382223001,-0.33220161130586,0.0487774926259357,0.586932562519972,0.722679092752586,0.826367503758914,0.947583734304445,0.987990676159836
"2022-04-20",-0.644443991477518,-0.64585127818937,-0.566167567914102,-0.300032770427845,0.173032109602183,0.711131622982008,0.82563169364404,0.911611840973143,1.01192526510748,1.04536307569999
"2022-04-21",-0.639278849241516,-0.654858847594465,-0.564203602974572,-0.254849147985806,0.248439380325491,0.754459939768745,0.857540805335364,0.934875616738872,1.02509996189301,1.05517474373488
"2022-04-24",-0.650565742595526,-0.635139365841723,-0.550619700374599,-0.302865764569308,0.130178736248522,0.634275291688118,0.743000875182213,0.824686084440059,0.9199906894516,0.951758896370647
"2022-04-25",-0.657382864724707,-0.630401464397898,-0.544662982960977,-0.313612072967637,0.094813226546941,0.598999256787557,0.711191382090847,0.795607793683476,0.894107272379971,0.926940453562428
"2022-04-26",-0.665875999351532,-0.644578836235102,-0.555862844263087,-0.308058496164099,0.117233274700251,0.608801185289778,0.714687414501546,0.794237744081117,0.887051455320347,0.917989364109805
"2022-04-27",-0.69195634598722,-0.606016986230695,-0.471384870173908,-0.21313982470286,0.181778844906976,0.673876648056535,0.787895520441363,0.874040404019486,0.974594248470462,1.00811236119986
"2022-04-28",-0.656398190450359,-0.62133900589323,-0.511000488297113,-0.228254288134388,0.228854232665421,0.73062851308362,0.836755163964772,0.916441339805039,1.00941135756869,1.04040136568755
"2022-05-01",-0.662050671475735,-0.628336691834959,-0.521898160542537,-0.244178094771782,0.219299503145852,0.749016186786877,0.862883850475285,0.948427584189582,1.04823386433658,1.08150262969084
"2022-05-02",-0.633830266473099,-0.615095150205238,-0.512519242581647,-0.223583037223053,0.248587742007975,0.754373951022871,0.860011596191803,0.939301758611193,1.0318085288218,1.0626441198274
"2022-05-03",-0.629705004865559,-0.615351925868149,-0.522122962850973,-0.247830390317219,0.22007127938298,0.744440065275393,0.855740044449035,0.939314496390823,1.03682109776924,1.06932330063443
"2022-05-04",-0.620022026090485,-0.614425198931335,-0.525387192093895,-0.244626242363359,0.245625880624491,0.799754464298997,0.917540555239302,1.00598702869018,1.10917788754302,1.14357484308309
"2022-05-05",-0.625395616630918,-0.57160119847976,-0.454134391030235,-0.177413329051515,0.289263805355321,0.867247570084097,0.997246153636881,1.09514430974393,1.20938175235959,1.2474609440126
"2022-05-08",-0.610056644419943,-0.534849273063174,-0.418677865607025,-0.191115505157924,0.189921076160874,0.768648912077274,0.924060475259894,1.04425547520521,1.18512534947218,1.23208800007263
"2022-05-09",-0.630384749261109,-0.546921045606468,-0.425430217737186,-0.201597299207066,0.15628975847909,0.701138158233059,0.852389047585369,0.970730829155984,1.10989207524405,1.15629344311428
"2022-05-10",-0.608444388555382,-0.52376413142372,-0.405907927719334,-0.199491461813255,0.119470991287508,0.633652152103146,0.794478278410795,0.926150014105291,1.08061428447502,1.13134218912993
"2022-05-11",-0.648950230411686,-0.565606387333972,-0.450104164483326,-0.249191121857403,0.0579505554846358,0.547523021353649,0.701878134893895,0.831165602682046,0.989086556647139,1.04204803302503
"2022-05-12",-0.626345543358023,-0.541189613212286,-0.4230329211486,-0.217071955252211,0.099005575450304,0.606797034378122,0.768205785613524,0.903931402530751,1.07016041002112,1.1259398249773
"2022-05-15",-0.628970271826193,-0.536733467214123,-0.40979216306385,-0.191607942424232,0.13467798518535,0.632328524029664,0.782351965089219,0.905478821100884,1.05394839154562,1.10361815757766
"2022-05-16",-0.658729179921328,-0.537210049039882,-0.373856767219954,-0.104138148596426,0.270998224177966,0.769862650856545,0.902147892012463,1.00576249910559,1.12791073513953,1.1686521434855
"2022-05-17",-0.675443793430681,-0.534732275741541,-0.349473024150636,-0.0541168122163579,0.332134233772607,0.793858476901218,0.906151553899232,0.992222461452356,1.09300101061798,1.12659816889582
"2022-05-18",-0.661242764414728,-0.52114670878026,-0.337817666586058,-0.0484979031150784,0.323261841676095,0.755051076164187,0.857862054404592,0.936342019988974,1.02814268397198,1.0587453666903
"2022-05-19",-0.652425016239977,-0.520026881646403,-0.345594885068921,-0.0671842170528449,0.297628506271578,0.735174701870906,0.841857488329841,0.923671680036391,1.01947922194915,1.05141940155028
"2022-05-22",-0.679135404313471,-0.534938364846326,-0.345425346122533,-0.04417834331342,0.347769632207794,0.812388244882659,0.924682930079364,1.01064796506455,1.11127181169565,1.14481687466573
"2022-05-23",-0.672989541833532,-0.537485324763874,-0.358551894473614,-0.0718590802412312,0.306318044264856,0.7649587593819,0.877733515948511,0.964374015969531,1.06588031210656,1.0997211936409
"2022-05-24",-0.6767696200641,-0.549192222417222,-0.378986871408721,-0.101525330752343,0.275731936925014,0.75762883723431,0.881130852192529,0.976953015490545,1.08954309074646,1.12708631205353
"2022-05-25",-0.658669361079191,-0.538814500699246,-0.377128696476009,-0.10855917293142,0.268995248562867,0.780924996018698,0.919013744010635,1.02774027025392,1.15617353002451,1.19901940899531
"2022-05-26",-0.671283367241275,-0.546964434428393,-0.380190108283633,-0.105778632378524,0.273531606823122,0.772375421892734,0.903393251740633,1.0057290340724,1.12624664499014,1.16644058281279
"2022-05-29",-0.672643807086044,-0.526403871425082,-0.333492874538428,-0.0249383122570241,0.380855063732804,0.870520475967379,0.990461926732416,1.08253262144539,1.19037755453192,1.22633122289667
"2022-05-30",-0.632404959244815,-0.489428379624315,-0.29980338159367,0.0062504322621405,0.415157244549987,0.921901627862797,1.04862500637393,1.1463522583494,1.26096814393402,1.29918200713052
"2022-05-31",-0.623352650140898,-0.479699600242017,-0.28841113396836,0.0224214049232006,0.442673155061949,0.97424120639838,1.10938025749805,1.2140159267058,1.33688182471343,1.37784960905046
"2022-06-01",-0.669234058894855,-0.497065930001192,-0.27233431644007,0.0808405767401597,0.531397009991769,1.04870924241137,1.17088098040517,1.26400476461657,1.37290038434088,1.4092013468302
"2022-06-02",-0.658879994872488,-0.481639719507801,-0.250960025666719,0.109811541883132,0.566260987615564,1.08348989956303,1.2045272126072,1.29664318717852,1.40432545107998,1.44022146011958
"2022-06-05",-0.630123335827533,-0.458798554425047,-0.234035013052426,0.122177741706682,0.583242915348738,1.1251478348968,1.25529528703283,1.35480325906028,1.47124449465706,1.51006203812995
"2022-06-06",-0.652709561056701,-0.475105713892919,-0.243602117931095,0.11937060674092,0.580582597114306,1.10676258128423,1.23047171889237,1.32469418023949,1.43485638764612,1.47157932096328
"2022-06-07",-0.671879024815124,-0.479633804026752,-0.230836635764791,0.154634207253629,0.6345972651173,1.16505624867417,1.28711201592194,1.37975790409989,1.48800423268174,1.52408759085799
"2022-06-08",-0.638118241837016,-0.485918502986615,-0.23198320151182,0.226108780804611,0.784639861395326,1.2758395923078,1.37357818979322,1.44689212999966,1.53242518657486,1.56093620545996
"2022-06-09",-0.649785614861473,-0.489008159788681,-0.195589427660053,0.325568720660137,0.901580270724568,1.35532230639048,1.44348512809994,1.50960828195339,1.58675196648538,1.61246652799631
"2022-06-12",-0.662607746448777,-0.516880751062767,-0.166524091324366,0.452416978999958,1.05547300476572,1.48171819853207,1.5634064080578,1.62467260160875,1.69614982746051,1.71997556941109
"2022-06-13",-0.636968566541227,-0.463359126726051,-0.0859585373319421,0.560223170469009,1.1821021384905,1.62034896662398,1.70432676110421,1.76731014352165,1.84079075638447,1.86528429400541
"2022-06-14",-0.658937687176119,-0.38551925514587,-0.0378453116689973,0.470162890248465,1.01607026795132,1.48318931415742,1.57654970149509,1.64658894109531,1.72830176539232,1.75553937365105
"2022-06-15",-0.674545275563848,-0.393104052920528,-0.0144832842450688,0.547632762398654,1.12077678521021,1.56815259369733,1.65527013008965,1.72061011640033,1.79684011302813,1.82225011190514
"2022-06-16",-0.637981839506087,-0.376654268161642,-0.0337646770437662,0.480947913130465,1.0407290447357,1.51594190012114,1.61043924203783,1.68132507337414,1.76402541530342,1.79159219600882
"2022-06-19",-0.770297740796618,-0.423174814342059,-0.00874769710084617,0.555043477568626,1.12492958042229,1.60427102297917,1.70058987196166,1.77287175643475,1.85720219709885,1.88531234577418
"2022-06-20",-0.759025035272269,-0.42881891950862,-0.0291433639328523,0.526448483102005,1.10679531150864,1.61316135281398,1.71623923125812,1.79362472405632,1.883911336509,1.91400687946568
"2022-06-21",-0.778692772162235,-0.420937455695,-0.00263600703873511,0.548234775118836,1.07886323887773,1.50340268762107,1.58740999840736,1.65043176568883,1.72395758176921,1.74846618741294
"2022-06-22",-0.750101119363743,-0.452681818545432,-0.0962072846852143,0.391711750037859,0.889440804322039,1.31225607089511,1.39749874462392,1.46147435293547,1.53611426371575,1.56099423606424
"2022-06-23",-0.70704925980252,-0.432028857298083,-0.0975470570534948,0.370979018947807,0.866202902480165,1.30433340753423,1.39400202284005,1.46133465206637,1.53989344877967,1.56607972150581
"2022-06-26",-0.760609900300187,-0.454657813504063,-0.0863253058241081,0.421373570798726,0.944873820615465,1.39499994931191,1.48614210450216,1.55455464027825,1.63437163325641,1.66097730086544
"2022-06-27",-0.73706475107166,-0.426125246224111,-0.0511779848992895,0.466968256352158,1.00334146220349,1.46658310357084,1.56053110492591,1.63105344699724,1.71333217998731,1.7407584281581
"2022-06-28",-0.724707215797948,-0.446440877991481,-0.105577103421757,0.377370317750461,0.89700870221385,1.36665284919574,1.46360636604336,1.53643692630728,1.62141242750477,1.64973760819572
"2022-06-29",-0.683059639478544,-0.453068225803255,-0.164907771398959,0.258471672216156,0.741201804979379,1.21110688372078,1.31150531926371,1.38708431458006,1.47528299850453,1.50468264341615
"2022-06-30",-0.619957301862335,-0.440219265608137,-0.208026949545404,0.15064710497913,0.59499659810045,1.08230440960653,1.1938634343552,1.27847942316492,1.37733058326256,1.41028196354708
"2022-07-03",-0.658833117659837,-0.438400084409097,-0.161140841506159,0.248795863323719,0.721001898540551,1.18705127480849,1.28733378143677,1.36286797447961,1.45101962738332,1.48040362360262
"2022-07-04",-0.548971029951952,-0.402801030296503,-0.20951947590959,0.100873559837471,0.511955962498679,1.01387818278995,1.1379422047918,1.23336548828029,1.3451962678456,1.38247987011426
"2022-07-05",-0.459127843329457,-0.344610487842186,-0.189272581015466,0.0711798777397541,0.44352661551997,0.964319435472426,1.10879836248031,1.22361273417862,1.35976672641123,1.4052071603848
"2022-07-06",-0.509911711246795,-0.340323253334327,-0.121065707359322,0.218080708285883,0.639192503057764,1.10263372160101,1.20897320723895,1.28965721645494,1.38392058993782,1.41534272536407
"2022-07-07",-0.489491333983101,-0.334822822395736,-0.131441061601696,0.192134455508868,0.613771150581299,1.11482614616216,1.23615041912183,1.3290617847797,1.43782611765275,1.47408514417392
"2022-07-10",-0.443740214839893,-0.322602667742466,-0.159221845922939,0.112063542462447,0.493185661102613,1.00933405765633,1.14841294090241,1.2578826466071,1.38717669834478,1.43030918142962
"2022-07-11",-0.461787792528991,-0.349049237193389,-0.196733127487711,0.0569242267931282,0.415160520571674,0.905015294633663,1.03814950797708,1.14322702468992,1.26747065864976,1.30892292389486
"2022-07-12",-0.465361756821334,-0.310594063418734,-0.111413429966776,0.19435192105539,0.569184747225486,0.973731864856703,1.06539916593062,1.13482946067848,1.21592055748125,1.24295153297891
"2022-07-13",-0.374953176321362,-0.234577175876835,-0.052386441474076,0.231231983822283,0.587238673082139,0.985669902208812,1.07812015347632,1.14838410079574,1.23049949879826,1.25787248148871
"2022-07-14",-0.339398426905498,-0.241934879540637,-0.109305436250355,0.114290963248541,0.437115140209584,0.897093521425831,1.02691733693362,1.13071521784048,1.25414885225732,1.29535771078111
"2022-07-17",-0.367108940815357,-0.25060055138589,-0.0943207402477138,0.162776745352711,0.518041299200385,0.984998087117882,1.10758231056045,1.20331783385397,1.31605715623807,1.35365680012549
"2022-07-18",-0.35619140245609,-0.215481935385417,-0.0309753342423559,0.261193644431233,0.638823547743828,1.08164229246761,1.18781594161514,1.26896883822924,1.36392472656895,1.39557968102786
"2022-07-19",-0.376717554688034,-0.21455725027707,-0.00716979644472626,0.307916471666203,0.6875316795261,1.08680353825219,1.17584727043055,1.24315663347727,1.32174608087081,1.34794292718671
"2022-07-20",-0.239495439545611,-0.0824422045284048,0.115581274637097,0.409531923710894,0.750344070537745,1.08974197914415,1.16312113221757,1.21841402321966,1.28294620655402,1.30445703405288
"2022-07-21",-0.162663984860578,-0.0892300829943056,0.0118102392063026,0.185407287930508,0.44482601930628,0.839923450855465,0.958860969590961,1.05641533887102,1.17400676130336,1.21334400079098
"2022-07-24",-0.126579282926872,-0.0616445434096702,0.028503547730199,0.185789873861034,0.427588944711046,0.817434400086322,0.941814390381424,1.04659379962851,1.17508525555855,1.21821361437945
"2022-07-25",-0.104237765488952,-0.0529472191425397,0.0192223102719163,0.148109132625655,0.355042114506933,0.720482997289036,0.849077257308334,0.963254455492136,1.10934191148512,1.15895480565236
"2022-07-26",-0.165475877458924,-0.0772725378415258,0.0404972148597786,0.232741333965929,0.494758378286839,0.830861966268198,0.917300883001629,0.984428212891416,1.06332571227559,1.08963471375107
"2022-07-27",-0.0552371412044108,-0.02318906644314,0.0228864759482828,0.108333503860414,0.255702351650126,0.561140867651694,0.690340747785804,0.819970435367338,1.01079954097165,1.08025228441225
"2022-07-28",-0.0607592165341486,-0.0260119431186082,0.023698151621543,0.115088355092739,0.270107329656666,0.579327976495872,0.704353083417166,0.825769605138498,0.996999806708838,1.05772685152143
"2022-07-31",-0.0484073328055431,-0.0178239574684415,0.0260987866052744,0.107400248152952,0.247113627403782,0.534269951770833,0.654536928139005,0.774325816104291,0.948921974889394,1.01206395720846
"2022-08-01",-0.0689412726609027,-0.0260937509860039,0.0341373801213319,0.14152217869201,0.313387855551753,0.614845515736601,0.720132302448392,0.813209547973205,0.931832951246283,0.972067291877327
"2022-08-02",-0.142304794363297,-0.0648022479228333,0.0386603562190494,0.207496547539172,0.437481860150891,0.732209211983038,0.80794591384472,0.866749612469663,0.935859249134466,0.958904290945133
"2022-08-03",-0.00646862874851448,0.0258776823189653,0.0720797512805637,0.15678496444617,0.299704826438787,0.581370509641428,0.693659977298764,0.801639646318759,0.952075408821623,1.00507586218345
"2022-08-04",-0.100458299048587,-0.0179483300239517,0.0918992499580975,0.270332847939609,0.511430326678794,0.816063892904899,0.893442389748656,0.953341931899981,1.02367268601656,1.04712330392594
"2022-08-07",-0.11120197077313,-0.0289202578251172,0.0800945791345791,0.255739265665029,0.489702085774237,0.778159234197772,0.850004364479002,0.905358905596843,0.970262398632756,0.99190139511803
"2022-08-08",-0.126548170360546,-0.0264318780050498,0.103006484902305,0.303221058700136,0.551823763370335,0.825415567210802,0.888192915729809,0.935824593801579,0.991472828192647,1.01002283645798
"2022-08-09",-0.0207996324210041,0.042513252687624,0.128508217124199,0.273020272275631,0.480458793230478,0.772818685399939,0.854498645919845,0.919567369880132,0.996815096344124,1.02259929955903
"2022-08-10",-0.0202075003476547,0.0406277523318145,0.124447406495284,0.268795776150751,0.485434782049974,0.818197898870598,0.919227230156516,1.00239980909634,1.10287611456998,1.13650073062639
"2022-08-11",-0.0827238428525211,0.00998115911842235,0.131880474244908,0.32581042198613,0.57849167320781,0.87872804202435,0.95141954423209,1.00708637322682,1.07225103084865,1.09397512396333
"2022-08-14",0.00837834304470282,0.0568125570966079,0.124476191304421,0.243820683449992,0.431023530378013,0.745687154861874,0.850607806001979,0.941007635453328,1.05374529937401,1.09174079903508
"2022-08-15",-0.0146432751231884,0.0501497333139344,0.138714150263561,0.289163243381245,0.509395281223102,0.831567411547397,0.924799247494105,1.00004420760124,1.08993971928986,1.11997028100875
"2022-08-16",-0.0975245596070125,0.0420264457876353,0.21486719957418,0.464126111852833,0.739939531176841,0.998090593150011,1.05220940704353,1.09289664829314,1.14037178022899,1.15619684249986
"2022-08-17",-0.0998160235855097,0.048543151965234,0.230786013873682,0.490150987667269,0.771185730653864,1.02736758653959,1.08044510964547,1.1203234007478,1.16685221436766,1.18236182812494
"2022-08-18",-0.125028855580844,0.050226863198249,0.261751562076484,0.554479070844284,0.858162154776074,1.12107862136408,1.17444623168121,1.21450793255794,1.26124816897644,1.27682825010609
"2022-08-21",-0.150922756094115,0.00824380038911899,0.208163840276928,0.503081623447756,0.841535941696305,1.17387273433461,1.24519104057263,1.29889692858293,1.36157246520303,1.3824643815908
"2022-08-22",-0.189275457817256,-0.0331436974563489,0.16533463215606,0.463921261066924,0.81780226622366,1.18127216875876,1.26121147560457,1.32154619809642,1.39197700598005,1.41545414738715
"2022-08-23",-0.235112271565278,-0.105790901039588,0.135279407162889,0.54098952793484,0.946028659251966,1.24084548513713,1.29752620811309,1.34003683612026,1.38963256896776,1.40616447991693
"2022-08-24",-0.259231944385576,-0.0774980041131667,0.148157033592273,0.474901246011505,0.838786676985628,1.18216404981544,1.25441985435886,1.3087550103093,1.37215616498384,1.3932899124419
"2022-08-25",-0.211256189375227,-0.0996026006962972,0.16493087139866,0.606913866218549,1.00793202421565,1.28079023553593,1.33294269648386,1.37205704717982,1.41769045632814,1.43290159271091
"2022-08-28",-0.172875176102921,-0.0780838921752997,0.170097913797027,0.618952731252591,1.06020285107112,1.37274294869857,1.43264534145827,1.47757216316642,1.52998678852416,1.54745833031007
"2022-08-29",-0.0775534975008339,-0.0296544509208521,0.206964085168453,0.659311371340883,1.08880796274438,1.3837669203615,1.44015967135139,1.48245424048795,1.53179790448419,1.54824579248294
"2022-08-30",-0.0365159504167845,-0.014662137596661,0.213186327236782,0.675387617417946,1.12202539433395,1.42981837431208,1.48867105867102,1.53281057828609,1.58430668450754,1.60147205324802
"2022-08-31",0.011115147647193,0.00698073115117581,0.198607239117472,0.640638861202615,1.11022965319905,1.44870587406188,1.5136263331531,1.56231671078917,1.61912215140346,1.63805729827489
"2022-09-01",0.0353135737302006,0.0294349440215659,0.18988294612733,0.585614143302799,1.0383834890264,1.3796906289624,1.44543338937641,1.4947405825937,1.5522656415959,1.5714406612633
"2022-09-04",0.0823479796364622,0.0720115136833676,0.215212989354941,0.594871021331518,1.06169080503093,1.43072008092981,1.50220908195468,1.55582623753376,1.61837958702389,1.63923070352064
"2022-09-05",0.102021612218803,0.105908780796051,0.232881994021432,0.578083081510596,1.04705585807618,1.45246440456755,1.53219646011571,1.59199811972954,1.66176674094531,1.68502294801883
"2022-09-06",0.09523735774495,0.146680451176915,0.299840107043666,0.635280498441998,1.0579836391056,1.41506274517947,1.48513937278696,1.53769896657525,1.59901850748671,1.61945835445848
"2022-09-07",0.2069738373237,0.311100760447681,0.502216533913211,0.851639419998075,1.25696323305586,1.58983789746032,1.6549884418849,1.70385311556651,1.76086191380179,1.77986484654795
"2022-09-08",0.267832359579368,0.392671749107471,0.585625205951391,0.910372573428277,1.28001329826348,1.58861676343966,1.64936247822957,1.69492485915592,1.74808099966833,1.76579971317654
"2022-09-11",0.343505318439707,0.498812067301802,0.690138483226905,0.963690257080628,1.26227203137082,1.5369454551922,1.59408213031775,1.6370192211571,1.68711775584603,1.70381728006705
"2022-09-12",0.325931943125087,0.494696554879991,0.708114229344436,1.01596874418474,1.33873555474737,1.6070551411709,1.66023382626234,1.70012432305226,1.74666333895112,1.76217634428177
"2022-09-13",0.214818856878936,0.401908235803661,0.658992810167424,1.02442444371658,1.35839635326994,1.595201774171,1.64066309361343,1.67475913946761,1.71453785974312,1.7277974331683
"2022-09-14",1.94234946546078,0.543126820847964,0.532610220679656,1.05116447880944,1.42987031929393,1.66102772526539,1.70505862384333,1.73808179777678,1.77660883403247,1.78945117945104
"2022-09-15",0.16270111077754,0.415090838974147,0.713464705336784,1.10690166392193,1.46412546186807,1.66992768810136,1.6947626503297,1.71188969606989,1.73162911005673,1.73820707456386
"2022-09-18",0.180509666602709,0.522959886116893,0.89725422802911,1.32821624552355,1.63228096145619,1.74611337191728,1.75721461581753,1.76519473899947,1.77448053915759,1.77757574637967
"2022-09-19",0.233411291346273,0.567813085105702,0.941759002735825,1.38951129033481,1.72882764747672,1.87074295391349,1.88486078846529,1.89485954342703,1.90647189686065,1.91034250033421
"2022-09-20",0.238180275128778,0.580336148051245,0.968469259773717,1.44033089506721,1.79058621766747,1.8713908058103,1.85826411159643,1.84639358072186,1.83227777425529,1.8275709319277
"2022-09-21",0.252380986411232,0.610092296767035,1.0176891721881,1.51634981803198,1.88792449166783,1.96137741090584,1.94097325272108,1.92297283807982,1.90158567534843,1.89445405787865
"2022-09-22",0.28175296603675,0.621955217936139,1.02396698943389,1.54661696217719,1.97800836043003,2.05370679032292,2.00433409641019,1.95826409529663,1.90237594578782,1.88371857616843
"2022-09-25",0.307658347366442,0.644986634073148,1.04531541169419,1.57068726113784,2.01712447109813,2.13072436752609,2.09360711793021,2.05729292890765,2.01291179521247,1.99809166505382
"2022-09-26",0.297181376407562,0.632633957817344,1.03181170434899,1.55980482361272,2.0231644097273,2.19428289764645,2.17972624422522,2.16224721045164,2.14037758666132,2.13306978910145
"2022-09-27",0.305950577618931,0.635347007192282,1.01655392794488,1.4988460124039,1.8957141284178,2.05788137312255,2.06442462650934,2.06729113610702,2.07033867487809,2.0713525358052
"2022-09-28",0.368135475041209,0.654792791379507,1.02869237152387,1.49410606165343,1.85002292532271,2.07985508610161,2.12369125998195,2.15656839088381,2.19492504360279,2.20771059450911
"2022-09-29",0.374887603047872,0.632482658097411,1.00106612831582,1.45922309122447,1.79473635328731,2.00702353660219,2.04748421793552,2.07782972898689,2.1132328252135,2.12503385728903
"2022-10-02",0.379773570409007,0.60887701581717,0.935857609527293,1.34182881137871,1.63898717068537,1.82699261860856,1.86282530952874,1.88969982776428,1.92105343237241,1.93150463390846
"2022-10-03",0.39458451611438,0.627692586623771,0.964782441818371,1.35965062938774,1.62936526694212,1.7965913414893,1.8284507808847,1.85234536043362,1.88022236990737,1.88951470639862
"2022-10-04",0.40099133232105,0.6331696392442,0.973872633484253,1.40217500972047,1.71723492570103,1.91671980574566,1.95474080239125,1.98325654992455,2.01652492204674,2.0276143794208
"2022-10-05",0.493174538303394,0.605346625424541,0.984010268477558,1.47158408511995,1.79530088436431,1.99367232739998,2.03145990062327,2.05980058054084,2.09286470711133,2.10388608263483
"2022-10-06",0.695012328003114,0.690619147529791,0.989190781164307,1.47877080776724,1.84644403991814,2.07683640860491,2.12073359685412,2.15365648804566,2.19206652776911,2.2048698743436
"2022-10-09",0.632679661451213,0.659987818886681,1.0032189838891,1.54457096259379,1.9474779874341,2.19970627065601,2.24776356215023,2.28380653077582,2.32585666083901,2.33987337086007
"2022-10-10",0.677517503765565,0.722310160629605,1.05375366872099,1.56429734434141,1.94211646337185,2.17849443048504,2.22353154084316,2.25730937361628,2.29671684518494,2.30985266904115
"2022-10-11",0.711991034315763,0.746556867957674,1.07300428060022,1.58218619057753,1.9601434754078,2.19668517384736,2.24175358975224,2.27555490168549,2.31498976560761,2.32813472024832
"2022-10-12",0.732961290341152,0.767877600352335,1.13009851085063,1.63403509286596,1.97449645178816,2.18341099993938,2.22320710696703,2.25305418723787,2.28787578088718,2.29948297877029
"2022-10-13",0.745050442720572,0.759598900564385,1.08646163492995,1.60959477704922,2.00028466808258,2.24495479787518,2.29157215513143,2.32653517307845,2.3673253606833,2.38092208988492
"2022-10-16",0.742625770176682,0.732492645852086,1.15516564778498,1.68519240823656,2.01346150156976,2.21237900416863,2.25026849227357,2.27868560835227,2.31183891044409,2.32289001114137
"2022-10-17",0.748462810005905,0.729231783792142,1.14880791842625,1.67843627752379,2.00683575416437,2.20584325679479,2.24374989061753,2.27217986598459,2.30534817057949,2.31640427211113
"2022-10-18",0.657128741219466,0.889317130060354,1.49679818827792,1.94374134275627,2.17420251514743,2.31249845944112,2.33884054410439,2.35859710760184,2.38164643168221,2.38932953970899
"2022-10-19",0.645852574508221,0.888639802776242,1.51258164958486,1.97117125056477,2.2076195579209,2.34950823007618,2.37653464385678,2.39680445419222,2.42045256625024,2.42833527026958
"2022-10-20",0.681457369161525,0.869884785469081,1.49081202900483,1.95291891310885,2.19140597767481,2.33451872875807,2.3617783004313,2.38222297918623,2.4060751044003,2.41402581280499
"2022-10-23",0.603851535832135,0.868031845172445,1.46636278424616,1.9027485355514,2.12761575521027,2.26255442435895,2.2882570280405,2.30753398080166,2.33002375902301,2.33752035176346
"2022-10-24",0.623840068627642,0.94421394796831,1.46743675700199,1.83941162081654,2.03070689804516,2.14549855468391,2.16736363216581,2.18376244027725,2.20289438307392,2.20927169733947
"2022-10-25",0.642418279879749,0.970966625158358,1.47121240636562,1.82445459131901,2.00601883507395,2.11497085065287,2.13572361555003,2.1512881892229,2.16944685850792,2.17549974826959
"2022-10-26",0.707932519462407,1.00989427278477,1.4291972179517,1.72241819164924,1.87301476998223,1.96338354735209,1.98059664782355,1.99350647317714,2.00856793608967,2.01358842372718
"2022-10-27",0.741367382162394,1.04404776063821,1.49783768085939,1.81777518150164,1.98220056170612,2.08086792802251,2.09966171210529,2.11375705016737,2.1302016112398,2.13568313159728
"2022-10-30",0.759641606287063,1.02158508708745,1.49438361194129,1.83348049242133,2.00798827715539,2.11270651832461,2.13265285000113,2.14761259875851,2.16506563897546,2.17088331904778
"2022-10-31",0.802650672816411,1.14736908393301,1.57039987997461,1.86190841345163,2.01144712522429,2.10118058600663,2.11827267379359,2.13109173963382,2.14604731644741,2.15103250871861
"2022-11-01",0.696983119670497,1.14950177349129,1.56805861498425,1.93059943212256,2.08238792998114,2.10795214240489,2.11027402989517,2.1120078151213,2.11403046316782,2.11470467916108
"2022-11-02",0.761559277345926,1.23661536449217,1.66566076462659,2.02405144971332,2.16797712918794,2.19615046198202,2.19961241607673,2.20220511096797,2.20522988397233,2.20623814163502
"2022-11-03",0.724276414374263,1.23927528769689,1.70164874597556,2.08227861732629,2.22694445676572,2.24717383309279,2.24887814693072,2.25015215469896,2.25163845487623,2.25213388826258
"2022-11-06",0.918887665205699,1.21128183120519,1.69018585906061,2.03074402557536,2.2058863485213,2.31098501978817,2.33100381433985,2.34601791025361,2.36353435548632,2.3693731705639
"2022-11-07",0.984686911423208,1.43445976849778,1.83214470397229,2.14695153530543,2.2479441642877,2.24259982291184,2.23951682495637,2.23720057216924,2.23449823737355,2.23359745910258
"2022-11-08",0.80919399067872,1.3875658550837,1.83924045983055,2.12373540740648,2.16934575945547,2.1445023363644,2.1389194669322,2.13473198991863,2.1298465989869,2.12821813534296
"2022-11-09",0.913749512277843,1.42329555242676,1.8249749175935,2.0707815216573,2.08034757755129,2.01847444265828,2.00533885227067,1.99548622506897,1.98399148865084,1.98015990984455
"2022-11-10",1.15372631156765,1.51808484775471,1.85043174179885,2.12203327343311,2.19855858795847,2.16020360414842,2.14935326281028,2.14120069079887,2.13168910431844,2.1285185754112
"2022-11-13",1.13082107837479,1.52160605484183,1.86825400716821,2.13734544359382,2.20201580316014,2.16093722860222,2.15025407285445,2.14223347315136,2.13287599828314,2.12975683997005
"2022-11-14",1.23679643069789,1.53883866331626,1.82953267539974,2.08848350809961,2.17124994670244,2.11453460298118,2.09712166922494,2.0839943496057,2.06867697382329,2.06357118014896
"2022-11-15",1.15500263517961,1.54697448552711,1.88132333075814,2.11156792063226,2.11655554524337,2.01840840392788,1.99625243537559,1.97962571924503,1.96022775595163,1.95376176815937
"2022-11-16",1.20537510452585,1.54796190788008,1.8590197533287,2.10373124094716,2.1433052828651,2.05732159266332,2.03582620771115,2.01967544491641,2.00083226303439,1.99455120212785
"2022-11-17",1.19541834358869,1.53232987101272,1.83952462136391,2.08423929882654,2.12983066597476,2.05222218076961,2.03251673618389,2.01770946124254,2.00043370359477,1.99467511744257
"2022-11-20",1.04234804712043,1.42478062922026,1.76965127754977,2.04259793509411,2.10377902981274,2.04446355667828,2.02919762988016,2.01773174479841,2.00435459922898,1.99989555061686
"2022-11-21",0.976919960628657,1.40797347285645,1.80540892209225,2.12492751968723,2.17441961776462,2.0417320550449,2.0078872302531,1.9824379515332,1.95274539501472,1.94284787512489
"2022-11-22",1.00953292554984,1.44325431850019,1.84439903153788,2.16253226365192,2.18626266265564,1.99676712513513,1.94877533130886,1.91266333633834,1.87052890876584,1.85648409655636
"2022-11-23",1.07659374069241,1.49187870881623,1.8708830866648,2.15870597381454,2.15169805422631,1.93648496403093,1.88334842110015,1.84337630709494,1.7967383638462,1.78119237971349
"2022-11-24",1.03286204611592,1.50709832826689,1.93364733230536,2.25066952802248,2.24615442816552,2.03599847325048,1.98532600307737,1.94724128538535,1.90280700220759,1.88799557320304
"2022-11-27",0.988695630806241,1.47337440252357,1.91094008944921,2.24018023152298,2.2445154288359,2.03947249114376,1.98972370653289,1.95233121693775,1.90870451822074,1.89416228402697
"2022-11-28",1.00229378550823,1.4964626517111,1.90800605403721,2.16863794110149,2.13017477750893,1.96388074943777,1.92739810254226,1.90002273081251,1.86808462184974,1.85743858549076
"2022-11-29",1.00974540294875,1.51272508798104,1.92691102939061,2.17824228995132,2.11803730404358,1.92875447523779,1.88759844182797,1.85671727046551,1.82068905214947,1.80867964600397
"2022-11-30",1.06473503524338,1.53298985369225,1.91228983808196,2.12758038346512,2.04331755167733,1.84027128977618,1.79656604357468,1.76377324104084,1.72551479021478,1.71276197323348
"2022-12-01",1.11217648770631,1.55319643037598,1.92086179455494,2.14368376312397,2.06913665205498,1.856257832627,1.80925929249647,1.7739846892291,1.7328305518763,1.71911250595495
"2022-12-04",1.17471670834842,1.54644633128316,1.90154448358041,2.19501277315605,2.20183495619213,1.94132831494322,1.87094929737365,1.81776501358144,1.75569592560701,1.73500619593451
"2022-12-05",1.11548196268782,1.58901635046976,1.96670985921736,2.16695114097432,2.05535450890334,1.82492852529207,1.7756896892301,1.7387458850266,1.69564458853527,1.68127748966333
"2022-12-06",1.21670365201426,1.6337491618504,1.96310047730638,2.12969186929579,2.01666951214104,1.79971568679244,1.75353478454453,1.71888581684276,1.67846184779894,1.66498719141345
"2022-12-07",1.21057703523101,1.63886028019983,1.99072041068297,2.19123116493479,2.09378089289273,1.86210178779787,1.81138481505556,1.77332096569165,1.72891270123567,1.71410994627794
"2022-12-08",1.17144809111296,1.67560505439766,2.06758148902254,2.26580987455945,2.1564598183626,1.94845147178355,1.90486311132447,1.87216461214067,1.83401629200847,1.82130018528762
"2022-12-11",1.06230314715768,1.66564397558256,2.1335216935436,2.36726074966583,2.23137940789476,1.97789361888753,1.92482503453439,1.88501488349028,1.83856962160813,1.82308786763523
"2022-12-12",0.978493147189493,1.64151691130448,2.11641407757587,2.30912221618688,2.15734817055922,1.94119950123253,1.89765181868027,1.86498945903449,1.82688336482087,1.81418133341592
"2022-12-13",0.966680449161338,1.64845062665597,2.11900767519319,2.29701705450568,2.15953518696618,1.97951199452834,1.94373537116554,1.91690235743479,1.88559717294312,1.87516211144585
"2022-12-14",0.902537881240243,1.58887804430449,2.13613385450366,2.44518810745335,2.35272848381488,2.12075435151421,2.07158624134682,2.03470101218032,1.99166815473499,1.97732386890704
"2022-12-15",0.883013781602199,1.58181319159145,2.14457132692771,2.47524197312221,2.40413900509853,2.18886331608928,2.1429565037674,2.1085173655804,2.06833828204013,2.05494525418069
"2022-12-18",0.76194013973534,1.55837807079337,2.15876759160213,2.46991777448383,2.39050655704418,2.21585716670358,2.18012414142712,2.15332269252617,2.1220543270829,2.11163153860138
"2022-12-19",0.996682854277279,1.62614138800787,2.14491887259347,2.47687456077796,2.46189764197022,2.31252602623065,2.28002324908642,2.25563863742479,2.22718984947867,2.21770692015268
"2022-12-20",0.998339401532363,1.670565772128,2.20338162577633,2.51624743852127,2.47820490292341,2.32844093962205,2.29687628761438,2.27319926728749,2.24557605158263,2.23636831301209
"2022-12-21",0.963168265860568,1.65544099570093,2.20672158649768,2.53605643765877,2.50663395460949,2.360850347585,2.3300058343095,2.3068688675765,2.27987571402686,2.2708779961747
"2022-12-22",1.09538313137131,1.72255289928201,2.25480082262358,2.61511215915119,2.61088138996768,2.44222970401562,2.40444628301576,2.37609283116427,2.34301359564656,2.33198718376202
"2022-12-25",1.51377346980894,1.88788173588115,2.25358817359467,2.57809318770208,2.6416683452965,2.45221391331813,2.39769133909082,2.35643872132171,2.30829188669256,2.29224291126462
"2022-12-26",1.07665811530362,1.70256594989561,2.24284256652429,2.62946088565581,2.66604758429015,2.53654369744663,2.50663316176326,2.48418541575625,2.45799618371096,2.44926643965341
"2022-12-27",1.10057644941283,1.5958394491037,2.08540650331906,2.54023455162483,2.6926788867345,2.5613582655675,2.519219174118,2.48733618554433,2.45012683409175,2.43772370048351
"2022-12-28",1.19866005614397,1.6506997867534,2.10184344280606,2.52632352300213,2.66610945654776,2.51793308848342,2.47015903942577,2.43393919602652,2.39166236115209,2.37757004965888
"2022-12-29",1.20417221880281,1.73177783747403,2.21721137986822,2.61416417267212,2.70813987971243,2.61012415354573,2.58411706192857,2.56456945096352,2.5417629981825,2.53416084685008
"2023-01-01",1.51625681620888,1.89004263611215,2.25824296548508,2.59229427294826,2.67492460403702,2.51013844428759,2.4611579428978,2.42407630784836,2.38079634665244,2.36636966352243
"2023-01-02",1.72691373795802,2.08006993899603,2.41270849724833,2.68050428658178,2.68244853167982,2.45719045537849,2.39816459098286,2.3536421234328,2.30168795441162,2.28436988333027
"2023-01-03",1.80499787402043,2.15692283984737,2.46129327896416,2.65732214724857,2.58693395499692,2.35801836833839,2.30513833697856,2.26540943579789,2.21905724721248,2.20360651659523
"2023-01-04",1.80739512888732,2.2062281179248,2.53979358027697,2.73484494205022,2.63315580329421,2.37914119882838,2.32236647279182,2.27973926154615,2.2300065351502,2.21342895924994
"2023-01-05",1.75928917101666,2.14543870846061,2.47505347994475,2.67610189251118,2.57486893062406,2.29757110851519,2.23407946821781,2.18638185417282,2.13073257393112,2.1121828126058
"2023-01-08",1.78734213217075,2.17310797863802,2.49461903647126,2.67973930897817,2.57555852376264,2.32380046411998,2.26763457800544,2.22546503065558,2.17626626764644,2.15986667955171
"2023-01-09",1.81131926850282,2.14190698304952,2.44164476974728,2.65823257764017,2.61306412690146,2.37112642277853,2.31153372600774,2.26667105280766,2.21432489860359,2.19687617396122
"2023-01-10",1.83386171733101,2.21214634489062,2.52101700459471,2.68240053315263,2.54710367754016,2.26571155216737,2.20351466226802,2.15682001382228,2.10234192826374,2.08418256596947
"2023-01-11",1.82753697638432,2.17170565805447,2.46768004150683,2.64641509501106,2.53470560964873,2.23604384061616,2.16641348224526,2.11406806900397,2.05299453726833,2.03263669026086
"2023-01-12",1.94211413940788,2.22055743833957,2.47062935270369,2.63988234577576,2.56230381236193,2.28716840213078,2.21915650415739,2.16790776886886,2.1081069313115,2.08817330494265
"2023-01-15",1.92314774638096,2.21519605482275,2.47197048084501,2.63628561421193,2.54690105139294,2.27456276921542,2.20923774662176,2.16007850378682,2.10271980303899,2.08360022968342
"2023-01-16",1.92188436989273,2.20824345087303,2.44406462091299,2.56538499974656,2.44285428574074,2.18556443425772,2.12766560826737,2.08417644925205,2.03343739935556,2.01652438170125
"2023-01-17",1.89918326812194,2.19128346993231,2.43477453323516,2.56104726664546,2.42121688986238,2.11659535742504,2.04661893567034,1.9940225658592,1.93265653060143,1.91220118264674
"2023-01-18",1.88661589726981,2.20792696080187,2.47923119013163,2.62955703165423,2.49597725532753,2.1838783696468,2.11179407143448,2.05760986659533,1.99439113530737,1.97331822183095
"2023-01-19",1.91768104660434,2.25530155639762,2.53648962509382,2.68969204741509,2.5625964465935,2.27815320278523,2.21384802332088,2.1655448504255,2.10918920828916,2.09040399307486
"2023-01-22",1.97695004561239,2.25150368848969,2.49842649862997,2.66649757663764,2.59223591835284,2.32369709961071,2.25724143102162,2.20716435483299,2.14873065086423,2.12925273594792
"2023-01-23",2.00485857918058,2.25498263257718,2.47697747855117,2.61993641498244,2.53309925514655,2.26480479691709,2.19905535212738,2.14951911525426,2.09171689711659,2.07244947814676
"2023-01-24",2.01373257471851,2.25343994236322,2.4617117192007,2.58821058790276,2.49952360174281,2.25784680767923,2.20030314688373,2.15700434028567,2.10648374205702,2.08964353716634
"2023-01-25",1.99936675344838,2.25355571184397,2.47749804983776,2.62204397423674,2.54705116057711,2.31333871937067,2.25720067169559,2.21495407075834,2.16566096459426,2.1492299236372
"2023-01-26",2.04318241263735,2.27085686804368,2.47111015108653,2.5994679914468,2.53026433116646,2.31852220629022,2.26771888725431,2.22948756032986,2.18487947865807,2.17001011308672
"2023-01-29",2.01875861370301,2.27491987339695,2.5130802195162,2.69243450250186,2.65264440600187,2.41607579094232,2.35478366659614,2.30850604926479,2.25449953728539,2.23649734079147
"2023-01-30",2.01907724560847,2.28320624209366,2.52231308905338,2.68935977559602,2.62803544242865,2.38216641810216,2.32098029151309,2.27486945859141,2.22106365828687,2.20312837872629
"2023-01-31",2.03780674819844,2.29454240161539,2.52596708902385,2.68493986513857,2.6189144905164,2.37201576617972,2.31080038249553,2.26467053185889,2.21084267780336,2.19290004716985
"2023-02-01",2.07492445825783,2.32298011488389,2.52758079342922,2.62763683255205,2.49618147707242,2.22305476437936,2.16055830297098,2.11358628834318,2.05878245716993,2.04051451094114
"2023-02-02",2.11286872255582,2.33932448135474,2.53061458143428,2.63682117481071,2.54313450314408,2.32369230242021,2.27299907313732,2.23489398673799,2.19043535948398,2.17561581492087
"2023-02-05",2.20538360365795,2.37683680458494,2.52880386056579,2.62609637514467,2.56524620160309,2.37970332985328,2.3342740519691,2.30004776761413,2.2601102584749,2.24679774653215
"2023-02-06",2.30666640688262,2.44921308354409,2.576860395306,2.65958804112595,2.60423184584343,2.42999702667623,2.38633892059485,2.35339911945791,2.31495923573857,2.30214592483035
"2023-02-07",2.34091173630373,2.50880450096434,2.65316339380855,2.73314130585217,2.64466985162331,2.42736930150447,2.37504312005286,2.33563265541888,2.28964644105835,2.27431769341334
"2023-02-08",2.37153397734484,2.55101937278937,2.70020779545866,2.7721530758692,2.66404750139236,2.43369931459566,2.37992704472951,2.33947795460121,2.29228283688116,2.27655112633803
"2023-02-09",2.40849656046917,2.60819139961234,2.77375931768151,2.85239495549432,2.72953443372283,2.47019100947946,2.40970237499594,2.36420162892278,2.31111237190888,2.29341594771278
"2023-02-12",2.42653864721544,2.61951939613043,2.78266948296094,2.86504837459539,2.74532043296011,2.47331291944766,2.40827206844967,2.35929163854588,2.3021389702853,2.28308806940919
"2023-02-13",2.41043376142456,2.63169858274106,2.82298906249348,2.93196666533483,2.82212290492184,2.5440683270734,2.47694075002227,2.42637996086904,2.36738285047364,2.34771713464589
"2023-02-14",2.39252711395261,2.63196603086509,2.83162033895146,2.93532933175085,2.82106483781768,2.57176705095308,2.51449249918315,2.47144317290597,2.42121600725932,2.40447361636079
"2023-02-15",2.37126766922638,2.68517253153851,2.91497861267353,2.98662315002774,2.82041367939757,2.57995383656105,2.52969183940365,2.49198332962364,2.44798991205266,2.43332543949528
"2023-02-16",2.38999396685973,2.69538498680871,2.92292625758301,2.99441691017209,2.81210917783042,2.53457401347793,2.47555525521239,2.43126732130805,2.379597664847,2.36237444590067
"2023-02-19",2.34566769592188,2.70689600738125,2.97053356330395,3.0505624924631,2.85564758071078,2.57546734767028,2.51693098074956,2.47301479248348,2.42177905864969,2.40470048066604
"2023-02-20",2.33381698277307,2.66872477300321,2.93807229336484,3.06803633984807,2.92701301319333,2.65576217670396,2.59613313410409,2.55136801252703,2.49914111959915,2.48173215488325
"2023-02-21",2.31132909756692,2.63750565325417,2.90099384915168,3.03122677910098,2.89989509651243,2.641981509914,2.58519952897874,2.54257132792548,2.49283754312669,2.4762596144689
"2023-02-22",2.35907254994662,2.66197665593365,2.9085940593659,3.02780259759284,2.88260522714707,2.59348534278341,2.52868926027715,2.48002125270806,2.42324005982645,2.40431299441885
"2023-02-23",2.36877447606401,2.67332252472771,2.93123148967092,3.07621817815831,2.95404085178523,2.66326079250522,2.59600862685168,2.54545581427939,2.48647393724929,2.46681330870824
"2023-02-26",2.32658075227698,2.66986435597468,2.95709846308577,3.11715754592251,2.99525583069723,2.71401453724444,2.65030012805495,2.60243979648575,2.54660079582548,2.52798779443221
"2023-02-27",2.31367684479164,2.66832306294601,2.97607329910322,3.16937284382264,3.07041949464876,2.78101965421558,2.71317418295844,2.66216727706792,2.60265532967354,2.58281801077225
"2023-02-28",2.33197480335693,2.67779696989743,2.99456006870708,3.22599053426934,3.16971745405678,2.8774139996802,2.80382282705873,2.74835201181544,2.68362372192971,2.66204760922837
"2023-03-01",2.34874522941469,2.70098825065796,3.01745650511376,3.23844752033452,3.17240407212159,2.89339848838651,2.82531116935644,2.77406038543183,2.71426079209731,2.6943275870854
"2023-03-02",2.34672823529189,2.71108260337802,3.03495641848593,3.25183507692081,3.16207735211568,2.84808133051857,2.77215810916295,2.71501669147826,2.64834418038437,2.62612000226353
"2023-03-05",2.34228402569311,2.7043697984048,3.04684379099103,3.31536120559572,3.2707392010143,2.91907811077762,2.82488348892685,2.75361337427706,2.67042780101939,2.64269920330012
"2023-03-06",2.38477731510779,2.77883878473397,3.13364877087858,3.37627428619551,3.27232522290657,2.89014803039086,2.79548134259348,2.72414491255044,2.6409041392553,2.61315719538751
"2023-03-07",2.38714597531751,2.7821420156478,3.14288119342214,3.39670657381387,3.29113369187131,2.86964873227273,2.76242268805334,2.68149475146828,2.58705257331414,2.55557180481887
"2023-03-08",2.45151745141604,2.81797705658526,3.13571975566001,3.3268887638213,3.18724128802288,2.81295674750093,2.72394364519381,2.65696677681087,2.5788189067245,2.55276960826439
"2023-03-09",2.49144175768136,2.82030859626994,3.08175057989169,3.19081893191691,2.99838756046654,2.64662355557307,2.56834592413628,2.50955587902279,2.44096536114178,2.41810185389964
"2023-03-12",2.46119532962972,2.70522439652438,2.85623526229329,2.84087868055018,2.62776415656225,2.38167691539178,2.33169287887832,2.29419938010646,2.25045691147428,2.23587608858934
"2023-03-13",2.41939907103692,2.67284014196689,2.88303889792122,2.98908110515548,2.86152604897784,2.59014239366447,2.52792140700815,2.481155329374,2.42659173594665,2.40840386894836
"2023-03-14",2.31459179804491,2.50169194078515,2.60974674130549,2.58528393799697,2.4222898231642,2.24863782174222,2.21389416851382,2.18783458871246,2.15743173256003,2.14729744717474
"2023-03-15",2.28846940065916,2.57733080475024,2.75095307479845,2.74634490078199,2.56582118315378,2.37716225533231,2.33976023029279,2.31170774940576,2.27897985026901,2.26807055055651
"2023-03-16",1.87887308437781,2.57096112257052,2.83148377225616,2.68576065383929,2.40106760620449,2.19484996647061,2.15542531554363,2.12585682600901,2.09136025488491,2.07986139784355
"2023-03-19",2.15355689423649,2.56597268986965,2.69776937045237,2.564582838286,2.35316255472016,2.20248640558709,2.17368925538755,2.1520913918475,2.12689388438387,2.11849471522933
"2023-03-20",2.3365861806793,2.61675427799826,2.7935323117412,2.79840531158803,2.61104326440267,2.40011722347146,2.35775017025152,2.32597244414515,2.28889841304528,2.27654040267713
"2023-03-21",2.37961512729916,2.7091660876533,2.90023724137282,2.8763289589326,2.64628497908367,2.4111528975918,2.36460130754008,2.32968646134895,2.28895246841182,2.27537447076582
"2023-03-22",2.4609870362444,2.73175203251066,2.86845638261425,2.79483065104793,2.53609388175099,2.28531273457521,2.23583205607691,2.19872043719887,2.15542354302029,2.14099124496048
"2023-03-23",2.40698656757436,2.64818245893123,2.7571073835009,2.67371784812199,2.44717982865895,2.24327250667986,2.20345727332658,2.17359550328388,2.13875677043582,2.12714385948644
"2023-03-26",2.40166108648838,2.71368192343675,2.87363972135301,2.81420961580254,2.58003445214404,2.3626631496086,2.32014572918743,2.28825726777129,2.25105406148504,2.23865299272291
"2023-03-27",2.46256321734577,2.7249344727987,2.86828876984268,2.82592259122241,2.61263626328129,2.40054439355615,2.35862741496981,2.32718869247265,2.29051017800072,2.27828400650983
"2023-03-28",2.53237848592568,2.7119787641437,2.82693524390063,2.81883102670511,2.64961712335306,2.44155427874447,2.39863625432251,2.36643902923526,2.32887548718812,2.31635430648145
"2023-03-29",2.58454757303748,2.76061159034033,2.88354283406268,2.89315188293419,2.72244382462583,2.47925225901932,2.42715396406443,2.38804952155099,2.342427024786,2.32721952557876
"2023-03-30",2.64893734213929,2.81071713132442,2.9087105201948,2.87757582352211,2.67209083243794,2.41662819860156,2.36330108335831,2.32328804586331,2.27660587340228,2.26104514915598
"2023-04-02",2.72692232974485,2.84775680679116,2.91938445952009,2.88067657406877,2.6753439052991,2.39957164887207,2.34013110512743,2.29550207821577,2.24343362250771,2.22607746985305
"2023-04-03",2.72138967328431,2.84421547607383,2.90686314020747,2.84726008368243,2.63449148940314,2.38402337181332,2.33203815249536,2.2930331626418,2.24752707344118,2.23235837695716
"2023-04-04",2.64829111475912,2.8230122803224,2.90860037583687,2.83282828875896,2.58701789001907,2.32620180281469,2.27360322625628,2.2341492285323,2.1881195152363,2.17277627746401
"2023-04-05",2.89195099362319,2.85428632946968,2.80072733237446,2.70348733050977,2.54369942089468,2.26429947846345,2.18341411205441,2.14451167690303,2.23636030788093,2.34136301782641
"2023-04-06",2.27438152101417,2.69045087735015,2.91391966387041,2.86053855602716,2.57971377087068,2.31463708114198,2.26274115306868,2.22381870565299,2.17840918202057,2.16327267414305
"2023-04-09",2.20321702977301,2.69275976630759,2.94241935690585,2.87642834267612,2.58742310194553,2.33162623181679,2.28196809383116,2.2447243246262,2.20127326021454,2.18678957207732
"2023-04-10",2.6617049659555,2.82646222484333,2.93362547998171,2.91785307690982,2.71737636542628,2.4473747252332,2.389869941012,2.34670925669276,2.29635444991737,2.27956951402803
"2023-04-11",2.68225962586728,2.85220669440125,2.97106117711827,2.97502806196039,2.78604895180168,2.50682020338309,2.44596516980896,2.40026927124669,2.3469559724331,2.32918487197929
"2023-04-12",2.65678753155003,2.85289325802485,2.98905603279102,2.99736225329235,2.80328025707085,2.52829965230619,2.46942388499467,2.42523251715885,2.37367519379363,2.35648941901753
"2023-04-13",2.71274017805081,2.89822123602992,3.0319138218939,3.04905784467367,2.86470337833252,2.58378507140062,2.52235779263214,2.47623073554668,2.42241436607278,2.40447557536695
"2023-04-16",2.69411394087709,2.90184852648782,3.05051962937366,3.07326482611493,2.8906125115679,2.62321967488726,2.56578158324192,2.52266830917597,2.47236875785219,2.45560224042126
"2023-04-17",2.59501199865947,2.88060959440933,3.09495873050177,3.15753522663,2.95791203470078,2.64393026649305,2.57602739642728,2.52505676239313,2.46559010470943,2.44576788507576
"2023-04-18",2.66597769928782,2.93526981304915,3.13372387963151,3.18122421304738,2.97407748002284,2.65831323310503,2.59022153649008,2.53911020991087,2.47947943106669,2.45960250438863
"2023-04-19",2.4785219675705,2.8665895190238,3.12823458528466,3.16561948507592,2.91566130519344,2.605060514409,2.54161298805139,2.49401973762478,2.43849420442228,2.41998569334424
"2023-04-20",2.52989182477948,2.89674263456641,3.14276502043071,3.17431766333905,2.93257345240038,2.63400521509795,2.57304340852892,2.5273147966359,2.47396467847566,2.45618130574553
"2023-04-23",2.4613528888532,2.81204909221915,3.07622734595984,3.16714145930363,2.97170449300299,2.6668530757812,2.60189792143539,2.55315479642098,2.4962873682737,2.47733155874991
"2023-04-24",2.42714904386039,2.80293503670157,3.05208854681008,3.07618485429022,2.81671585665625,2.50013104775083,2.43554993826705,2.38710652668653,2.33058913909275,2.31175000988433
"2023-04-25",2.49409480786543,2.79569232678085,2.99410132778292,3.00896718615457,2.79428537301127,2.53435772195901,2.4813654532134,2.4416150892725,2.39523960445403,2.37978110950602
"2023-04-26",2.47295992015437,2.81466233978314,3.04643518583002,3.08334451423977,2.86899430136147,2.60071686558194,2.54588560673493,2.50475553636542,2.45677038946283,2.44077534048612
"2023-04-27",2.4507898949205,2.77545266987757,2.98723868800396,2.99807646542492,2.75954328719257,2.47298990846073,2.41460455231431,2.3708088100173,2.31971371162995,2.30268201215819
"2023-04-30",2.00690048797307,2.7102328538145,3.06918110942857,3.01932138744754,2.71365472409032,2.45422103205102,2.40415249497808,2.36660104088814,2.32279101105599,2.3081876677786
"2023-05-01",2.52314500146299,2.86310426680961,3.04557401872673,2.98195772981127,2.69433301334245,2.4102167488586,2.35408927791525,2.31199236761909,2.2628792991403,2.2465082763137
"2023-05-02",2.60149927156573,2.87927222905443,3.03098900393028,2.97054683526304,2.69560022840938,2.40925085382775,2.3520554651129,2.30915600669826,2.25910661787406,2.24242348826418
"2023-05-03",2.67892633572155,2.8915885272131,2.9802083033535,2.87248113177082,2.60480979862273,2.35460538606264,2.30535893353598,2.26842307244676,2.22533122946662,2.21096728180631
"2023-05-04",2.98579734756188,2.9461836499703,2.88999968451879,2.7884933535367,2.62348948482398,2.34549141785287,2.27278701635218,2.24941564237888,2.38500427210968,2.51343813089475
"2023-05-07",2.71153143352252,2.91612068859077,3.0191513358108,2.95048121882533,2.71497309416872,2.47549178034715,2.42774465125645,2.39193197048856,2.350150493066,2.33622333392369
"2023-05-08",3.04284422246563,3.0041470134157,2.94923352660399,2.84993182354162,2.68824921754063,2.4152206217109,2.3441228692851,2.32281444435074,2.46755679768291,2.60487946340278
"2023-05-09",3.08224313164271,3.03453977189475,2.96717280763583,2.84641112296782,2.65323989410821,2.34234072465004,2.26896129920002,2.25446920845321,2.41550647074265,2.54861556870476
"2023-05-10",3.11556972391114,3.06340267023891,2.98972093457966,2.85758936077695,2.64597041192606,2.30276318480212,2.2188601899064,2.19619317848994,2.34920931128634,2.4793210340825
"2023-05-11",2.82101531712665,3.03555787629204,3.10563312834447,2.96326377011164,2.67887202237883,2.43216650551267,2.38409746292891,2.34804530336815,2.30598444931116,2.29196416462547
"2023-05-14",2.77868797376632,3.01395209090631,3.10090574981591,2.97049948718546,2.68989364963458,2.44399409329092,2.39605352671612,2.36009771435635,2.31814926533437,2.30416644899367
"2023-05-15",2.78145575724133,2.98187658994128,3.06764236581905,2.97209693534577,2.72755865043063,2.49813728756857,2.45297009335361,2.41909375277322,2.3795713507648,2.36639721676175
"2023-05-16",2.76258919124048,2.97455573666526,3.08069971921304,3.00788527691187,2.76160568811153,2.51151528812885,2.46165823056261,2.42426300646127,2.3806352277973,2.3660926349078
"2023-05-17",2.74847557612693,2.93449782971717,3.03527722992533,2.99251553510813,2.80526522594222,2.61079707835733,2.57196224686986,2.54283415229568,2.50885136132449,2.49752376433286
"2023-05-18",3.04051761089761,3.00980651196542,2.96608219908082,2.88654128002517,2.75544569457191,2.52642511348271,2.46247106391321,2.43823376757335,2.55656029178025,2.68211646670955
"2023-05-21",2.67045517316364,2.96136003541875,3.10653143843543,3.04104834935265,2.81047542198506,2.59816288136577,2.55665341612305,2.52552093744845,2.48919971108144,2.47709263562574
"2023-05-22",3.07808772491174,3.04559413999963,2.99928811708407,2.91490447492215,2.77532607423377,2.52890642631167,2.45849260981116,2.42972255804602,2.55291543297939,2.6889624417004
"2023-05-23",2.84419915120835,3.04421315995197,3.15548574413537,3.10696303660405,2.88057046598629,2.63192464385124,2.58163012863196,2.54390412089495,2.49989039530337,2.48521915343246
"2023-05-24",2.85648411924858,3.03825078794634,3.14828627664831,3.12134644691971,2.92180373026306,2.68433016069853,2.6354898653995,2.59885013209961,2.55610365350117,2.5418548272752
"2023-05-25",2.83474754854719,3.05249315822277,3.1790755361715,3.14190478662934,2.91796990403516,2.66773020798592,2.61703936935693,2.57901594243583,2.53465522604341,2.51986832057196
"2023-05-28",2.92243289150201,3.0520718353953,3.12629606618672,3.08212733246635,2.87214788155107,2.60528752752216,2.54881599585151,2.50643279906784,2.45698511589397,2.44050255456305
"2023-05-29",2.85319219368956,3.05329195246325,3.15313927403676,3.07161434363483,2.79765962595953,2.50582199713261,2.44694667046695,2.40278446750579,2.35126184183735,2.33408763327336
"2023-05-30",2.8331236469932,3.04975579740694,3.14680484752791,3.0407036305857,2.74571173992296,2.45263048817202,2.39430247424804,2.35055373593406,2.29951352193809,2.28250011727108
"2023-05-31",2.83464726802553,3.07443195838883,3.18419569735012,3.07324785418411,2.75560033496606,2.43887798273775,2.3758272106415,2.3285361620443,2.27336325100504,2.25497228065677
"2023-06-01",2.86468923181665,3.08798957195228,3.20286196489338,3.12179737571958,2.83034486289146,2.51761960512075,2.45449050585478,2.40713748729123,2.35189223867092,2.33347715578896
"2023-06-04",2.86986914258819,3.13747398493211,3.28610425673097,3.22048077064228,2.91657084124793,2.58298102845207,2.51550789850361,2.46489618660276,2.40584912250448,2.38616676779561
"2023-06-05",2.91111281132332,3.14743602417856,3.26974405073033,3.1860683572666,2.88066440822179,2.55246600935947,2.48620451140404,2.43650187008941,2.37851539177082,2.35918656565566
"2023-06-06",2.8660461068345,3.14330035061664,3.30356713547648,3.25362232130124,2.9647232092034,2.64267766375733,2.57745453757601,2.52853040074344,2.47145217489206,2.4524260995989
"2023-06-07",2.81294211200024,3.16516180884369,3.34381419855097,3.25022996278581,2.91648635588373,2.59259922513476,2.52868899530681,2.48075488558633,2.42483175047291,2.40619070543474
"2023-06-08",2.99211554320169,3.21070194799724,3.32684019360551,3.24635804380216,2.93380264718679,2.57919144710888,2.50658849491056,2.45212304573889,2.38857985074199,2.36739878570628
"2023-06-11",2.9462489982112,3.20738036065062,3.34413140986197,3.25628191456835,2.92545263396491,2.56882383097234,2.49680289838812,2.44278007858022,2.3797533861452,2.35874448865706
"2023-06-12",2.96275544586464,3.2250061993032,3.37989840376457,3.32954633278859,3.02431221862962,2.66520177299628,2.59142335442056,2.53607538792326,2.47150257728132,2.44997830702796
"2023-06-13",3.02512946238276,3.25493101966391,3.39302809094283,3.34544025499072,3.048250814265,2.68009302030804,2.60326908455045,2.54562574262572,2.47837475340513,2.45595775686544
"2023-06-14",2.98770724312969,3.26810011301989,3.44758528725897,3.42314528315193,3.11359588780579,2.71722589952433,2.63423908163719,2.57197045327759,2.49932324390141,2.47510750729323
"2023-06-15",2.92115625980232,3.24770096715688,3.46294335294709,3.45350147016146,3.12302042456979,2.69129916891737,2.6007341400379,2.53277855429104,2.45349650587718,2.42706915623898
"2023-06-18",2.79876166847004,3.23616087475235,3.51420430069644,3.50786743540206,3.15637280561729,2.74296389216311,2.65887094422168,2.59579180178437,2.52219937684451,2.49766856851818
"2023-06-19",3.09322173699778,3.35901428283514,3.52612687376166,3.48254266013548,3.12929088310009,2.66263639632849,2.5634566451517,2.48901760086325,2.40217090926415,2.37322201156226
"2023-06-20",3.10874251574147,3.36695993308614,3.53634680462791,3.50625897876596,3.15740866002124,2.66597958153252,2.55945266555368,2.47946597764714,2.38614580442523,2.35503907859872
"2023-06-21",3.12672951683821,3.3797290093951,3.55650921729445,3.55332849586674,3.23289355485461,2.74262056375798,2.63384093208892,2.55211331010669,2.45675993145148,2.42497546834583
"2023-06-22",3.12947519736822,3.38517971451643,3.54927643406797,3.50773898292094,3.14221741550244,2.63373146524193,2.52366853772637,2.44102796592868,2.34461154720737,2.31247273951966
"2023-06-25",3.18470226190553,3.42279106334158,3.56675719822497,3.49962322598993,3.11065192744623,2.58426789471651,2.4707052457142,2.38543961282693,2.28596061809665,2.25280095173747
"2023-06-26",3.17193356529819,3.41189157052864,3.56965317347406,3.53395683979575,3.17216533350453,2.64142016466582,2.52426137719971,2.4362439462857,2.33355229215314,2.29932173709446
"2023-06-27",3.15813198918816,3.40174755294303,3.55176605366893,3.49181339401389,3.10874780284256,2.58639944498315,2.47360404841347,2.38891373950455,2.29010595245514,2.25717002198712
"2023-06-28",3.16610876732721,3.40291443704451,3.56094818647305,3.5334557477305,3.19011538884829,2.68190375241868,2.56959455164903,2.48521929107366,2.38677699057955,2.35396288685552
"2023-06-29",3.15863517936941,3.39454720760684,3.55890178382052,3.54653770277465,3.20865249935448,2.67399337333534,2.55314473292884,2.46228369251189,2.35627074331241,2.32093308498563
"2023-07-02",3.16799787630438,3.40677510298384,3.581946218466,3.59217108364906,3.27083757515673,2.72075925505913,2.59327336245858,2.4973235537448,2.38536736106132,2.34804861111616
"2023-07-03",3.16954089262016,3.40717547747506,3.57467856903671,3.56878914225902,3.24045775616705,2.71613210541943,2.59748139638651,2.50827127726914,2.40418449326837,2.36948889009855
"2023-07-04",3.18360673434171,3.42655077598353,3.59287406768171,3.5785017123231,3.25075863487512,2.75720194487866,2.64790176062932,2.56578496780186,2.46997759754534,2.43804180393965
"2023-07-05",3.19999136692875,3.44239526192573,3.61233338651704,3.61113809611129,3.30740315406173,2.84138904258625,2.73795782232097,2.6602482194005,2.56958274000089,2.53936091014687
"2023-07-06",3.25630804779603,3.47817556635467,3.62261237583697,3.59319692606976,3.28736618128606,2.85848978493646,2.7655713687948,2.6958030973424,2.61440472225534,2.58727192932752
"2023-07-09",3.28165235033455,3.4965812447172,3.64122304285142,3.62025442548358,3.31568830412424,2.86244165760798,2.76221299933402,2.68691295108026,2.59905886200835,2.5697741624584
"2023-07-10",3.28506650956278,3.50791071209497,3.65972634202064,3.64407876266093,3.33908712807685,2.88140688806772,2.78009489639117,2.70398000187065,2.61517518419865,2.58557357505563
"2023-07-11",3.28673229039296,3.53356376425168,3.68271101863836,3.62322605554799,3.26390767704476,2.79797437258996,2.6991513955166,2.62498123066604,2.53844825974141,2.50960393561025
"2023-07-12",3.33097031254593,3.57541234970146,3.70317504682507,3.59399615399253,3.18545315177158,2.70181823627497,2.60137788994291,2.52601632979309,2.43809398824861,2.40878654090386
"2023-07-13",3.3573377054427,3.58714680474281,3.71524254712741,3.62599800784562,3.23576482178604,2.74394982006256,2.63997456520999,2.56193926479706,2.47089695074948,2.44054951223633
"2023-07-16",3.41021232643921,3.59863239317956,3.69873931607704,3.60103030676007,3.2170227988263,2.71753701908681,2.61030490131337,2.52979620279158,2.43586720189816,2.4045575336279
"2023-07-17",3.39217523575107,3.55238062692523,3.6343860816192,3.53361423973132,3.15581119581751,2.64667842097498,2.53552938117222,2.45203840851703,2.35462823522244,2.32215817426901
"2023-07-18",3.38020195399974,3.53461192941318,3.61296867763598,3.51359181013412,3.14547032416159,2.65022796762627,2.54213657341293,2.46094262647212,2.36621243531259,2.33463570183148
"2023-07-19",3.38700873326337,3.53989960681175,3.62695691984734,3.55338286347761,3.21435684873943,2.72567013993225,2.61658813302887,2.5345900248731,2.4389186051797,2.4070281248466
"2023-07-20",3.40759560312077,3.54795235654793,3.62284548173489,3.53836502543503,3.19611761185872,2.71076021520601,2.60267333708505,2.52142626295776,2.42663122883804,2.39503287721578
"2023-07-23",3.48140612203341,3.58722501240155,3.62819314708301,3.51229046972576,3.15865869860839,2.67950509223844,2.57351769120947,2.49385728325982,2.40091382184051,2.36993266159965
"2023-07-24",3.45755116470782,3.57747231596968,3.6310021883106,3.52358226074313,3.16663849719598,2.67552368242798,2.56663921656828,2.48479836311925,2.38931075945554,2.35748155150174
"2023-07-25",3.44626352697046,3.57592242571871,3.64008539581063,3.54512369619834,3.19797960917834,2.71292065571544,2.6051329018764,2.52411343711121,2.42958407310356,2.3980742783169
"2023-07-26",3.46836753266656,3.58007703318448,3.63000556832891,3.53015738309793,3.1980512229171,2.74103439546923,2.63970724344742,2.56354666542257,2.47468650723135,2.44506644823446
"2023-07-27",3.66914249289834,3.61296230620493,3.53271648458366,3.38581550579056,3.14014953157912,2.68659575438786,2.53852542116379,2.4436632073584,2.51115116651902,2.64517812951432
"2023-07-30",3.69555644696554,3.63624538658848,3.55164729427721,3.39717352990916,3.14016973726287,2.6721487626568,2.522852572432,2.43042969595546,2.50573777093843,2.63923880301406
"2023-07-31",3.70043530134818,3.64280657107046,3.56068614247529,3.41099821989181,3.16286717172085,2.71591704338945,2.57651494468707,2.49408236325353,2.57985888950225,2.71263335266109
"2023-08-01",3.68856228208913,3.62770602028434,3.54118778682031,3.38414698348705,3.12605627477198,2.67206244319008,2.5365474536154,2.46256242743887,2.56323571289708,2.69523261540575
"2023-08-02",3.68471632958404,3.62483291911982,3.53994182196999,3.38665430344295,3.13739324047843,2.71159803349149,2.59140549258681,2.53270510436867,2.64048019682318,2.76047255813463
"2023-08-03",3.70868589333959,3.64642864348525,3.55804416971948,3.3980228026425,3.13635604801733,2.68188493458744,2.54890413191438,2.47814192083557,2.57639735905491,2.69933409640356
"2023-08-06",3.6718426030146,3.60880324946994,3.51975840612123,3.36001490052068,3.10370066188012,2.68188990836168,2.57147221736447,2.52642123693465,2.64940217017746,2.76499464615517
"2023-08-07",3.67729162153501,3.60965902442607,3.5139525661661,3.34168227984393,3.06330100697657,2.59507599169498,2.46602976246237,2.40484480601029,2.51747368707723,2.63718925380746
"2023-08-08",3.67618926201701,3.61100130318659,3.51869727690224,3.35236496137584,3.08296115563905,2.62692090589628,2.49961862584446,2.43755036499673,2.5439369787773,2.66085916536448
"2023-08-09",3.66571887950118,3.60580802911483,3.52087465949857,3.36749532407724,3.11800299775074,2.69097589404707,2.56953313053163,2.50855728077423,2.60866010481135,2.72347369989315
"2023-08-10",3.6824607761093,3.61503631609367,3.52057373572122,3.35358350375703,3.09341272322007,2.6966656294358,2.60637611681939,2.57964010368748,2.68893212817361,2.7710189669824
"2023-08-13",3.69420498423414,3.62847397373017,3.53624693362148,3.37276388513813,3.11660268837821,2.71932171600104,2.62512263433156,2.59261458493031,2.69287556868941,2.77297303094555
"2023-08-14",3.68538896795495,3.62536615688321,3.54091944993498,3.39049730021472,3.15249518229559,2.77400968359376,2.68008661405519,2.6443753614421,2.74164477221485,2.82531651141064
"2023-08-15",3.70110248171248,3.63659534572309,3.54608165603675,3.38562975827507,3.13424227746478,2.74505928411494,2.6536875093489,2.62392906742103,2.72936822085511,2.81220439904784
"2023-08-16",3.70146223328928,3.63688671144528,3.54631593799214,3.38589501357352,3.13502788478034,2.7493374335536,2.66077380045893,2.63494740587265,2.7488314323933,2.83552214664096
"2023-08-17",3.65980841175594,3.59710411115713,3.50886325584093,3.35162715651806,3.10275881491297,2.70794382832149,2.61173063564227,2.578945652771,2.69788200475423,2.79673612832598
"2023-08-20",3.82941933219299,3.74786218633249,3.63471585399509,3.43821281974338,3.14289155537996,2.73442847534967,2.65979667650302,2.65396745921432,2.77557284110096,2.8477521323811
"2023-08-21",3.50089018248,3.63879777166586,3.65833847201335,3.47371659540346,3.12595602695786,2.8008634661753,2.73648542577107,2.6881992593685,2.63186537998103,2.61308742018358
"2023-08-22",3.67362622407245,3.59938961268307,3.49529088473829,3.3109762450712,3.02293100833202,2.58049537273092,2.47874599244675,2.4483450544589,2.57479437298884,2.67120523247757
"2023-08-23",3.69645732588495,3.62084718959306,3.51495405736835,3.32788492918759,3.0368865953909,2.59570051402138,2.49719348157697,2.47091992724355,2.60114578980174,2.69661018993152
"2023-08-24",3.47994573890731,3.65402159802679,3.66155804653968,3.42060063216654,3.03738258624483,2.71703662672116,2.65475852808951,2.60804951762837,2.55355567066513,2.53539105501068
"2023-08-27",3.6863298297469,3.62002382728733,3.52655549525905,3.35948484173903,3.09332820880719,2.66294561046892,2.55332168032701,2.51017466331269,2.62775639952858,2.73327944352329
"2023-08-28",3.45870435498396,3.66305417111096,3.70301912990917,3.47923007131439,3.06666594827828,2.69792527801319,2.62557645004793,2.57131348606025,2.50800668812956,2.48690442215232
"2023-08-29",3.48011529694655,3.66800318744663,3.6999632964326,3.48146619589174,3.08568630729315,2.73306281018469,2.66389203203656,2.61201267534757,2.55148675294429,2.53131144547621
"2023-08-30",3.70106977474882,3.62413934833132,3.51606872336049,3.32410740321376,3.02221943070775,2.55146266710952,2.44064283972568,2.40648842721966,2.54988242977482,2.66301895580818
"2023-08-31",3.67960759901577,3.60755137387923,3.50634748102148,3.32665750895718,3.04438350364627,2.60664386646509,2.50586634765125,2.47882502774295,2.62680710351773,2.74041018810305
"2023-09-03",3.45763399768976,3.65784109685322,3.68353203993563,3.44969946048699,3.06157900332481,2.73462233872968,2.67102901136026,2.6233335587236,2.56768886248741,2.54914063040864
"2023-09-04",3.70171757782141,3.63367307333317,3.53803954744784,3.36804166832833,3.1004124871656,2.6836795414223,2.58765731047061,2.56308885501819,2.71347883467801,2.82951110431455
"2023-09-05",3.69229145050582,3.63174676851716,3.54630029152628,3.3932576781543,3.14852057644512,2.74982271868775,2.64791466431394,2.60938936118481,2.73326707690806,2.84458941375676
"2023-09-06",3.77100240592816,3.69550233304586,3.58978602730574,3.40311578022384,3.11310591259438,2.67622711426094,2.58127848237374,2.56053418599281,2.70512585471168,2.80822190356285
"2023-09-07",3.7496961090992,3.67803175965181,3.57747004655574,3.39920405229666,3.1199999869093,2.68953422550837,2.59068276866767,2.56280004776359,2.69670093343942,2.79878007010826
"2023-09-10",3.74800351521083,3.67847147348664,3.58080459011787,3.40736655441837,3.13481264104134,2.71156083662321,2.61367411884277,2.58669519460067,2.72758532062351,2.83632575503481
"2023-09-11",3.77958201859362,3.7107852134992,3.61398856978261,3.44156161820838,3.16880501748588,2.73647407210078,2.63102435728292,2.59452836104158,2.72112887035553,2.82652190164948
"2023-09-12",3.80795809635706,3.73830275651356,3.64025704245284,3.46546472717534,3.18846150123916,2.74646374095883,2.63644659115313,2.59496493294735,2.71325301150898,2.81532759969376
"2023-09-13",3.88552600545993,3.8072234546909,3.69714085838961,3.50132602179128,3.19242570065173,2.70588325119009,2.5881679147661,2.54743384529147,2.68377354517057,2.79589940259833
"2023-09-14",3.89378197803477,3.81921153166951,3.7143894652535,3.5279864787026,3.23417796187823,2.77343387433748,2.66392299855893,2.62950969264324,2.77190900434698,2.88587701457475
"2023-09-17",3.88421206361412,3.81536571429964,3.71827462635655,3.54459743231412,3.26751888760954,2.81811575463271,2.70334246118658,2.65851268133682,2.7860065477232,2.90075383092672
"2023-09-18",3.87703847914649,3.81263313610402,3.7216786644828,3.55857243999031,3.29705889621514,2.86743557152952,2.75522131766543,2.70945614475761,2.83312934383803,2.94897600627064
"2023-09-19",3.82533021235012,3.76568206655506,3.68113860360582,3.52853126241744,3.28059322585558,2.85871482119132,2.74116085892192,2.68636666467078,2.80490413026339,2.93147815416857
"2023-09-20",3.82471270216996,3.76309722018577,3.67594938982123,3.51924386847329,3.26665170949915,2.84638019141049,2.73460291527576,2.68831110302422,2.81790884555139,2.94304205458875
"2023-09-21",3.83561893500474,3.77179206484814,3.6816377862141,3.51992398754838,3.26058501976672,2.83544978832989,2.72605783175253,2.68506729078825,2.82540592048689,2.95286137526036
"2023-09-24",3.82506677655333,3.76157185130801,3.67215178393282,3.51264363602012,3.25993020416772,2.862282554127,2.77139041245027,2.7537740184792,2.93563022820545,3.07775853475608
"2023-09-25",3.8034144529995,3.73924906169167,3.64912251015505,3.48912108305226,3.238099532277,2.85386824130032,2.77156936945782,2.76194881916324,2.94169664182979,3.07271028807334
"2023-09-26",3.7906203316866,3.73124459115062,3.64776609881766,3.49931159908194,3.2655894786704,2.90440318432428,2.82536302497307,2.81428546666625,2.98356795499217,3.10984826963703
"2023-09-27",3.79951382947346,3.74240134281864,3.66217012257725,3.51969760787243,3.29603806971421,2.95286892990424,2.87871795953474,2.86889523987492,3.02610165219773,3.14139524603238
"2023-09-28",3.82578606990756,3.7582124180043,3.6636851433341,3.4971183784989,3.23982565971115,2.86372974508004,2.79281003558105,2.79708248748763,2.98817426257462,3.11397579982065
"2023-10-01",3.82910623024779,3.76260989710288,3.66976123491003,3.50672118782405,3.25681580846191,2.90146006008907,2.84136224635509,2.85720073215262,3.06368393137005,3.19327867148649
"2023-10-02",3.8542821929454,3.78269813495364,3.68338845337213,3.51106835822998,3.2535590899586,2.9161279691467,2.87550942406618,2.91417262204168,3.14231676705533,3.26937698823038
"2023-10-03",3.87837050730487,3.80013864505503,3.69187881323369,3.50486294775654,3.22780179835364,2.87183005352188,2.83034539246416,2.86925153471797,3.08842740414348,3.20609290344873
"2023-10-04",3.88669590916951,3.80239702245431,3.68588285955993,3.48505708154457,3.18894525401155,2.81424042334357,2.77378907032853,2.81898655478289,3.05440287535656,3.17850294944858
"2023-10-05",3.91875234829338,3.83001913375425,3.70781257850124,3.49854730797048,3.1942024159645,2.82521073006758,2.79368865768455,2.84818401568108,3.08704790444752,3.20693490763541
"2023-10-08",3.9396596074809,3.8372399245048,3.6963025860145,3.45529721253707,3.10556429009042,2.68133044128462,2.6420587339524,2.69697232067669,2.94534405265724,3.06883083080135
"2023-10-09",3.93232730921781,3.83670639211703,3.70478331534706,3.47811777631164,3.14588428897101,2.73007405273073,2.68473565658763,2.73022106921875,2.96652849562617,3.08822164387216
"2023-10-10",3.91923161392696,3.82982163458305,3.70566821786667,3.48977065548916,3.16494970371068,2.72088309637425,2.64828278611407,2.66119562207919,2.85448007082548,2.96621659903048
"2023-10-11",3.9032050068816,3.82417750426765,3.71395524856141,3.52076905697768,3.22557445888411,2.80651635330538,2.73295969836331,2.74334648716539,2.95089854535075,3.07979764024271
"2023-10-12",3.90217121444658,3.82120415317758,3.70807077171284,3.50910152786365,3.20276289735795,2.75625446955701,2.66985792221219,2.66752052594067,2.86029695557532,2.98625956215622
"2023-10-15",3.89832724666441,3.8184184838117,3.70701916132401,3.51193518359329,3.21435691674018,2.79396325461859,2.72114922114759,2.7326958834152,2.94093920784876,3.06909544083626
"2023-10-16",3.8992043465211,3.82801009531613,3.72858528282135,3.55390673416732,3.28561512857336,2.89826784119437,2.82617627838615,2.8293601322201,3.00969760792934,3.12527655287075
"2023-10-17",3.87827764624093,3.80949335182465,3.7134477661943,3.54476205939817,3.28593464362255,2.91446101059941,2.84755472419272,2.8552099444488,3.04209018312707,3.1606686703514
"2023-10-18",3.87924401562649,3.8085986118866,3.71017645934068,3.53804439530755,3.27635280327051,2.9124651773018,2.8545580773112,2.87439445556108,3.08154731582589,3.20631868856821
"2023-10-19",3.8747788998312,3.79955123575424,3.69493514018134,3.51257451405572,3.2372271135635,2.86199468422384,2.80616432923596,2.8313965467891,3.04732645337623,3.17315108298885
"2023-10-22",3.8724880591282,3.79781780055465,3.69374820521755,3.51160267068529,3.23419788446404,2.84564775398861,2.78156464822766,2.7986631828273,3.00969430117501,3.13807549373169
"2023-10-23",3.85398638284068,3.77812057499716,3.67230702177179,3.48686464985393,3.20368981238846,2.8043011154346,2.73732386635044,2.75402076897637,2.97369134633623,3.10909446105033
"2023-10-24",3.86268053901057,3.78860760794086,3.68546857839956,3.50529615257957,3.23219585107527,2.85791267287937,2.80328100795622,2.83319579635768,3.0724382566717,3.21432353712921
"2023-10-25",3.86226861590439,3.7814523811243,3.66911944883811,3.47350613362204,3.17893349581376,2.78285498060469,2.72881783643429,2.76484777139873,3.01831866621096,3.16418067004873
"2023-10-26",3.86401794310395,3.77813344593375,3.65896486161766,3.4521341814684,3.14296281713768,2.73843830653285,2.69101152428804,2.7404000598871,3.02445933967233,3.18297752035823
"2023-10-29",3.86286024432799,3.77835990612527,3.66114023601977,3.45777363233393,3.15397878440877,2.75652001361413,2.70918830275813,2.75564248337025,3.02657520910518,3.17726118793658
"2023-10-30",3.87341884536194,3.78835087353476,3.67032216562877,3.46549341730947,3.15939895376167,2.75938389955875,2.71288660152726,2.7624407050554,3.04507138012683,3.20263315813514
"2023-10-31",3.88297785182608,3.78831282120084,3.65717343942143,3.43022710022631,3.09296238909783,2.65839242513439,2.60987785829761,2.66419371318875,2.95989516675617,3.12088723485061
"2023-11-01",3.88026799681541,3.79238711661478,3.66997233517323,3.45594593374521,3.13080195720721,2.68005739544974,2.60942877062475,2.63599525467277,2.89756053693087,3.054482702766
"2023-11-02",3.87024265261221,3.78136113790863,3.65742459388453,3.44032537722456,3.10918460371275,2.64430439417917,2.56806549638153,2.59063937209941,2.85422384045411,3.0156285315431
"2023-11-05",3.89005571218892,3.80504045697295,3.68656945893633,3.47928652457096,3.16391602763058,2.72489639058805,2.65526126911585,2.68024965166221,2.9356025576167,3.08992195071745
"2023-11-06",3.89913242007198,3.80843097902525,3.68207639680525,3.46109846438052,3.12500183036927,2.65484595790475,2.57640970025834,2.59407760989104,2.83591579939151,2.98231084190208
"2023-11-07",3.92086939159497,3.82920328342718,3.70144363615191,3.47776416865398,3.13646007123238,2.6500895669726,2.56007913663194,2.56051788374936,2.75900369338036,2.88286916820533
"2023-11-08",3.89332241267551,3.80769057510013,3.68815292944489,3.47830747798282,3.15660820835259,2.69562319599072,2.61252827393844,2.62124468884669,2.84825438276212,2.9917678549061
"2023-11-09",3.92348513916511,3.8372684083461,3.71711230392048,3.50679728635379,3.1862189810338,2.73301006316293,2.65311456181267,2.66187187632499,2.87229347571026,3.00172790416986
"2023-11-12",3.92352336548767,3.83882409621802,3.72060907514956,3.51313428238323,3.19510532930701,2.73791181741519,2.65317730417019,2.65637869969545,2.86257983516016,2.9935561950135
"2023-11-13",3.92100765699349,3.82639527494884,3.69461142694545,3.46416516563806,3.1135262906487,2.61941244848028,2.53219918285534,2.5402033557921,2.76019262468431,2.89458657301342
"2023-11-14",3.9005618158037,3.8061425133799,3.67524119038978,3.44828103403156,3.10899454742665,2.65495278180403,2.5866993685023,2.60890645290036,2.82204820165074,2.94127209411097
"2023-11-15",3.89727630224674,3.79631518681325,3.65659462659237,3.41513355953847,3.05661609230667,2.58644243600217,2.52059206971392,2.54953809378612,2.7749322315226,2.89725940147769
"2023-11-16",3.87002737055937,3.77445756732759,3.64195908647295,3.41220657612614,3.06856541492127,2.60657954180874,2.53475601434905,2.55250999156661,2.75547089857795,2.86956753829033
"2023-11-19",3.87176966969828,3.77822605411972,3.6485834598051,3.42390707894332,3.08808671181087,2.63550989419458,2.56275151935621,2.57451906515492,2.75491860434662,2.85652794257038
"2023-11-20",3.81626011429154,3.72971980292506,3.60909310014045,3.39787592594193,3.07556939582377,2.61704664130633,2.53338708379284,2.53655527935683,2.73292945535237,2.85506320106889
"2023-11-21",3.82486938877774,3.73996213552636,3.6214162935362,3.41319995220003,3.09331448092077,2.62761990172472,2.53559148696325,2.52725508142301,2.70316563103809,2.81810564788983
"2023-11-22",3.79756620301665,3.71883094999881,3.60885021476087,3.41551083376897,3.11794935271611,2.68250572757899,2.59527753941446,2.58589661351062,2.74876945738783,2.8564431078467
"2023-11-23",3.79437119776803,3.71775800138691,3.61056712869727,3.42158565632796,3.12907208876988,2.69512565643761,2.60621484079358,2.59587734037555,2.76718626215305,2.88374182729016
"2023-11-26",3.82280305908622,3.73376644968059,3.60968408300194,3.39248485283868,3.06121836732034,2.58999184047827,2.50342325839761,2.50499049245576,2.70006796425093,2.82136963248967
"2023-11-27",3.82425212483955,3.72652765037776,3.59081135254676,3.35476272378999,2.99956561958468,2.51475453729786,2.43683808200706,2.45402018280003,2.67512039775105,2.80274732900526
"2023-11-28",3.82475958849843,3.71790200706513,3.56994617388478,3.31399953552434,2.93308113836418,2.42864504908741,2.35423363952828,2.37882796962221,2.60597120305912,2.73073369536613
"2023-11-29",3.83324399445579,3.72409333376376,3.57346851034332,3.3144864893013,2.93384817124952,2.44748896677248,2.38379278597888,2.41632605940412,2.63763290342712,2.75301878530369
"2023-11-30",3.82090828501073,3.68754985916073,3.50579464693576,3.20031131831177,2.77215482609405,2.29845354384092,2.26950027582948,2.3383333207026,2.57940684824198,2.68728707587199
"2023-12-03",3.84880826943364,3.71648965708424,3.5357997721792,3.23096965714873,2.80002951817497,2.30641955770552,2.26452763262407,2.31890922559088,2.53878764316961,2.63945906688914
"2023-12-04",3.89407062332936,3.74360701620631,3.53936629213883,3.19844699980848,2.72640134546073,2.21130250050422,2.17272974770013,2.22686942897183,2.42303051117273,2.50817553470738
"2023-12-05",3.87321270123851,3.72959267383187,3.53351048900421,3.20272913198545,2.73446035482212,2.1878894732134,2.12978583734876,2.16829720218327,2.35956840535651,2.44785373101591
"2023-12-06",3.82315065972973,3.68779408871056,3.50220748857461,3.18676500040954,2.73358833148211,2.18616276068724,2.12365291336248,2.16313968634209,2.37876322808452,2.4826758426171
"2023-12-07",3.83309133070784,3.70686264773818,3.53333807871097,3.23697384657783,2.8068329325327,2.27023236456967,2.19985047977164,2.22691974606714,2.42368810055369,2.52221047277035
"2023-12-10",3.84848691518044,3.72066979903801,3.5449514135817,3.24480621254143,2.80905998712732,2.26485813566067,2.19303562116213,2.219768913888,2.41783076660937,2.51713223521095
"2023-12-11",3.85591507214004,3.7274327352248,3.55077158321345,3.24889250754529,2.810028629843,2.25699859146021,2.1792904206587,2.19782938270052,2.37816775976935,2.46957331744465
"2023-12-12",3.86884964318932,3.72573774046886,3.53017491210012,3.19969197617539,2.72988357436456,2.17175014592655,2.10543299983755,2.13393237285754,2.30820349966727,2.39004313541284
"2023-12-13",3.84767197013935,3.70556873289294,3.51093594995274,3.18068603384099,2.70752709146416,2.13581941559454,2.06636626271054,2.09755141401875,2.29234424065475,2.38582888873125
"2023-12-14",3.85072051344982,3.70287708267866,3.50036113476176,3.15662715508869,2.66355590961952,2.06252292510703,1.98438125453129,2.00795161749417,2.19112388833428,2.27987851893479
"2023-12-17",3.84702644765502,3.70148140256866,3.50200785632096,3.1631601404997,2.67658900649716,2.08537389633769,2.01253142032451,2.04429778276746,2.24806963650276,2.34656241052608
"2023-12-18",3.83689990789464,3.68747856154166,3.48289387928899,3.13595607172377,2.63933575796409,2.0392202272097,1.96488523960544,1.99421529703975,2.18859947660176,2.28181558113019
"2023-12-19",3.83958239476592,3.68131903839397,3.46507396150321,3.09971362472029,2.58057392624085,1.96507273680503,1.89280906688568,1.92558619091665,2.12039106248465,2.21167799728376
"2023-12-20",3.82383365019027,3.66891507627195,3.45704117749212,3.09849189430693,2.58757883251092,1.9796076542966,1.9096261110366,1.9466033063316,2.154787010179,2.25291528738401
"2023-12-21",3.8082937021231,3.65221757471871,3.43890198494275,3.07838218468667,2.56625914831249,1.96485770645869,1.90135510528059,1.94688892317513,2.1704718997249,2.27457177057697
"2023-12-24",3.95198125539568,3.76542659398976,3.51329202901518,3.09569581955589,2.5264965132275,1.93078399584745,1.89436665898854,1.96190821078561,2.18028818848881,2.27178819481511
"2023-12-25",3.94901222137984,3.7624096722253,3.51033648161074,3.09318423325196,2.52532610503341,1.93080006846048,1.89227619672005,1.95502816207636,2.16122523564354,2.24743104865931
"2023-12-26",3.82085877059645,3.65831855908707,3.43606412783154,3.06009135264845,2.52483857122952,1.89034898300013,1.81906199955263,1.86038616816127,2.083038178674,2.18759328921894
"2023-12-27",3.80409387079988,3.64260514459866,3.42227282682871,3.05106541918478,2.5272073870832,1.92391255947562,1.86561546170594,1.91717115285722,2.14588062185478,2.25027555561122
"2023-12-28",3.79432171650827,3.63574849336428,3.41977927343355,3.05715146865662,2.54929782078477,1.98110001894764,1.93664389395326,2.00009300544801,2.24089190188203,2.34837240702157
"2023-12-31",3.79437505019631,3.6360709567033,3.42041658112957,3.05814600915797,2.55020950666114,1.97900571102399,1.93216103313687,1.99262411642307,2.22828418536498,2.33381115446384
"2024-01-01",3.88454608755484,3.71648001519285,3.48847456602048,3.10831271200065,2.58336431075991,2.01751812670278,1.98017933924397,2.04722255813874,2.2768179418449,2.37578434254088
"2024-01-02",3.92971703532899,3.74817230723703,3.50230614672735,3.09363577306793,2.53285393157698,1.93851277906955,1.90270585352409,1.97526003324351,2.21300509034676,2.31403104987782
"2024-01-03",3.8965310091502,3.73761411724448,3.5214062293786,3.15903830213031,2.65321433340454,2.08992618495711,2.04452183989224,2.10278537463458,2.32568434146867,2.42437826773927
"2024-01-04",3.97382788845352,3.80573353334666,3.57816779979847,3.20013746227533,2.68181924007406,2.1314616324664,2.0958662718204,2.15815901470809,2.36626424667155,2.45456291038553
"2024-01-07",3.98382529278567,3.8135916170737,3.58293516751375,3.1991873021436,2.67139985015085,2.10620253460121,2.06791753896003,2.13061628523725,2.34513506041426,2.43678935111967
"2024-01-08",4.00926624468375,3.84018500615399,3.61112898817899,3.23017202303858,2.70665340865285,2.14810401137792,2.11176305673809,2.17594618355766,2.39202310898327,2.48415796863488
"2024-01-09",4.03630984364178,3.8704504283046,3.6457844868631,3.27215725236069,2.75848899952137,2.2064056498059,2.16591317550635,2.22131926407331,2.41715563262168,2.50081526730119
"2024-01-10",4.07978443847493,3.89135085051075,3.63827761391156,3.22388423407717,2.67214279867514,2.13221555949801,2.11301436656813,2.18558180589021,2.38465001855034,2.46439831384375
"2024-01-11",6.51202581964396,4.28166884313158,3.30968152414587,2.79492402335646,2.53735954762504,2.3828222201169,2.35338653869128,2.33130977762207,2.30555355637465,2.29696814929218
"2024-01-14",3.97718777146052,3.81927301661033,3.60423790029285,3.24325365508955,2.73767434151815,2.1691056612375,2.12084993479006,2.17724176953187,2.40104999287019,2.50102595659898
"2024-01-15",3.98154583092836,3.82313175938916,3.6079763814537,3.24848659338038,2.74984795001527,2.20436988572669,2.16421218376894,2.22387699498346,2.43924862936032,2.53310379099372
"2024-01-16",3.97145517524232,3.82777111559303,3.63159457446315,3.30063107048626,2.83202641658773,2.2846751742592,2.2262108519598,2.26434668218267,2.45505407083933,2.54313486838652
"2024-01-17",3.97437149009723,3.829764389158,3.63248043071031,3.30015497550448,2.83134153126576,2.29230344720764,2.24084279847671,2.28787962197736,2.49411942855131,2.58814188705121
"2024-01-18",3.96318431082834,3.8252471759618,3.63635629187444,3.3159679649664,2.85734376069359,2.30524650975459,2.2396416536109,2.27207181949631,2.46480313069946,2.55693738211418
"2024-01-21",3.98375548586628,3.84045109293412,3.64434646168044,3.3121371773017,2.83778528142636,2.27053014181965,2.2044870915473,2.23884641692543,2.43574302424408,2.52911782625464
"2024-01-22",3.96368782900591,3.81295296743999,3.60856810021714,3.26809491214733,2.79867864189424,2.29338523352072,2.25893699719741,2.31591916853852,2.51251108089849,2.59696506914026
"2024-01-23",3.95237640407651,3.80309542932232,3.60082367662252,3.26428368419614,2.80136875290706,2.3053777262468,2.27159036622096,2.3263289456243,2.5140609647228,2.59429405006059
"2024-01-24",3.93887843888366,3.77499985621787,3.55386236698228,3.1887523669518,2.69492220638806,2.19628178448379,2.17876073147484,2.25426374585796,2.47115955090806,2.56061895185168
"2024-01-25",3.95058143060725,3.78573566802598,3.56369839204637,3.1983006937504,2.70732916646241,2.22020112236612,2.20570957819163,2.28062657804238,2.48847901929779,2.57313835120968
"2024-01-28",3.97006569577428,3.78483511558916,3.5366402174359,3.13211552953373,2.59971527038022,2.10731746126763,2.11009832846496,2.20494147352716,2.43577976571903,2.52669114230794
"2024-01-29",3.9501822418539,3.77583142525826,3.54138817415207,3.15680061467603,2.64370664695394,2.14815990968322,2.14130329579797,2.22746533480363,2.45329072908916,2.54417162773182
"2024-01-30",3.94181673765387,3.75016958620984,3.49395812086595,3.07807615731162,2.53532647107113,2.04561366746995,2.05283410891394,2.15026773824725,2.37865253230669,2.46748487994975
"2024-01-31",3.97069117910857,3.77685476091495,3.51776028345071,3.09724470822574,2.5480646425563,2.04619978211282,2.04649306707991,2.13487497130083,2.34638226573265,2.4286343395175
"2024-02-01",3.96899209473528,3.798474133767,3.56841656224982,3.18864034227633,2.67479745042703,2.15161991250156,2.12813912469984,2.19852164915016,2.4070330527939,2.49306567739908
