"time","01M","03M","06M","01Y","02Y","05Y","07Y","10Y","20Y","30Y"
"2007-02-01",0.353341544274634,0.394199834167089,0.453756485040084,0.566925700794251,0.771512683134925,1.24578060195944,1.47538352747222,1.73163085373598,2.17726538255173,2.36312826278359
"2007-02-04",0.356964937001872,0.397125849436543,0.455695945720641,0.567091618353964,0.768828797601929,1.23850992864656,1.46709289175422,1.72332869547746,2.17240805894637,2.36113693525307
"2007-02-05",0.355633456913489,0.396914948471622,0.457085872780369,0.571413558725987,0.778063966879571,1.25694123803395,1.48867282754681,1.74720012205509,2.19650894109075,2.38378639043429
"2007-02-06",0.358769869551205,0.400430172281245,0.461124387837488,0.576349181871625,0.784279716257269,1.26420437049137,1.49531399302158,1.75210275315846,2.19524557944175,2.37869410094204
"2007-02-07",0.387290379903903,0.425765949302328,0.481957512747327,0.589097786493156,0.784079327864582,1.24348981615716,1.4703686468861,1.72784999263959,2.18915692672871,2.38736881736948
"2007-02-08",0.37979433850315,0.416839734202567,0.470994977546364,0.574430201161351,0.763301332156791,1.21199242800219,1.43582510810429,1.69204030531711,2.15830966643078,2.36193083938542
"2007-02-11",0.378744919574615,0.417067830401368,0.473035165823353,0.579743578298087,0.77392383484984,1.23135778190099,1.4572069588096,1.71346831810735,2.17242339489319,2.36955178351337
"2007-02-12",0.382097694361447,0.421845534894952,0.479832125011006,0.590181868070232,0.790250340867602,1.25732985638611,1.48541283247078,1.74181146062688,2.19342786176855,2.38416657726962
"2007-02-13",0.384243033040471,0.423584543932119,0.480988633719017,0.590264585943102,0.788508949892853,1.25203030395083,1.47879484428105,1.73410829577633,2.18505791986159,2.37604143085627
"2007-02-14",0.409406466947898,0.448526766619446,0.505609621703334,0.614279264383398,0.811442072817809,1.27253964138233,1.4981812810509,1.75229004343555,2.2012990920239,2.39154011425367
"2007-02-15",0.408679424861942,0.445962567734001,0.500433952962196,0.604366521104522,0.793766881764527,1.24151211285337,1.46353225765571,1.71637215793806,2.17220930295539,2.36933902042193
"2007-02-18",0.413564177869243,0.450808052671265,0.505241034046025,0.609164636002208,0.798777579721894,1.24835674107903,1.47209855712236,1.72768942929395,2.19109413342955,2.39267643642735
"2007-02-19",0.423377146574757,0.459245379408851,0.511726016055233,0.612119911529459,0.795999329989599,1.23613452894717,1.45773909506258,1.71342217477946,2.18558511646487,2.3950127322342
"2007-02-20",0.464673380407049,0.498602218646136,0.548274686967769,0.643396894409114,0.817980264096869,1.23799538693827,1.4507959848155,1.69764747671139,2.1581141821148,2.36459116876178
"2007-02-21",0.490867003498262,0.52271568873633,0.569381649477224,0.658878966355842,0.823615469765728,1.22279280068912,1.4268279647908,1.66532687400508,2.11668432425447,2.32231985545253
"2007-02-22",0.501507640442313,0.534295504908118,0.582270649060883,0.674050945532032,0.842172746694678,1.24470178462309,1.44744086026347,1.68142566081333,2.11375382160914,2.30562464166685
"2007-02-25",0.505345441573519,0.537415168492318,0.584357016791924,0.674220012768001,0.839042876277474,1.23493531508426,1.43511575283629,1.66692962062455,2.09795698990775,2.29055825854604
"2007-02-26",0.507452273163759,0.538133308666817,0.583100498150905,0.669381208588415,0.828345990406246,1.21443418532398,1.41234467638985,1.64426105070937,2.08524940586636,2.28722758095473
"2007-02-27",0.512759247548485,0.542937354682819,0.587180582289617,0.672117088821418,0.828767340413436,1.21021212718695,1.40636171595079,1.63684899988642,2.0774392672293,2.28043475417286
"2007-02-28",0.510753014935356,0.542027092582737,0.587843021325995,0.675682521663356,0.83726815335697,1.22821507067031,1.42766939362683,1.66043490108944,2.09958358904767,2.29897276284626
"2007-03-01",0.506388394305204,0.537442749522177,0.583006689402526,0.67058841219365,0.832425097701087,1.22714071824004,1.42960239855015,1.66592845524546,2.10745601893092,2.30345477828632
"2007-03-04",0.526449398775802,0.550322145570047,0.586207308973159,0.657904450016743,0.798878164986464,1.17762441245418,1.38349721775606,1.62621455704213,2.06341126890669,2.24375994762064
"2007-03-05",0.508266268209924,0.537048512094078,0.579412073881078,0.661279502493381,0.814019401741918,1.19382533109224,1.39212588471752,1.62596355916766,2.06685629683589,2.26264389478783
"2007-03-06",0.503373288359502,0.532566091037397,0.575410290275623,0.657816663319227,0.810364489831349,1.18525582953044,1.38023625829733,1.61163878898846,2.06257136979869,2.27494242825621
"2007-03-07",0.505338664856475,0.533303922709593,0.574515538428078,0.65432706582961,0.803830298957632,1.17899751761667,1.37686071129815,1.6120224900366,2.06120887238656,2.26309840674484
"2007-03-08",0.509548255757538,0.535486226348711,0.573970843971205,0.649341173508294,0.793240744023467,1.16673251169893,1.36873834741641,1.61122907886396,2.07425749117316,2.27922827676099
"2007-03-11",0.508439582597446,0.535375688225688,0.575205132872259,0.652774774380007,0.799493304621988,1.17423804312871,1.37462804944428,1.61421517460927,2.07232832011992,2.27674547026783
"2007-03-12",0.512756785664197,0.538113056906523,0.575820196741641,0.649937293573534,0.792275279787093,1.16504407119534,1.36765768903535,1.61093884633063,2.07310778931941,2.27587671305235
"2007-03-13",0.513641532397768,0.535841340021944,0.569189816505209,0.635811709090315,0.767180787408582,1.12669474170689,1.32841751756601,1.57413467968007,2.04530976720712,2.25167852840181
"2007-03-14",0.503160846703517,0.527116402543765,0.562891776327564,0.633704743959308,0.771333138175554,1.13995674989559,1.34429379250789,1.59265429525666,2.07193072847142,2.28452866791392
"2007-03-15",0.505611357038063,0.528554526624511,0.562936610455274,0.631372847796161,0.765612894741325,1.1309314929078,1.33594485602521,1.58673812671699,2.07376912211722,2.29037485171549
"2007-03-18",0.492565911690245,0.518918167268484,0.557852094083134,0.633593375550505,0.776712302000781,1.14347976631821,1.34175898683478,1.58239090548284,2.05987758683462,2.28309402972991
"2007-03-19",0.533101964686833,0.559666766753857,0.598735609505244,0.67416073579953,0.814808527356818,1.16682071694557,1.35407548806092,1.58079019235898,2.04042432411186,2.26726000392199
"2007-03-20",0.548703903936477,0.574077200186534,0.611420980272392,0.68360973398977,0.818567480506727,1.15851551394171,1.34079567272799,1.5630615985474,2.02020868421751,2.24980526858075
"2007-03-21",0.536681531008884,0.562692111327505,0.600954196590116,0.674850511095435,0.812752604544338,1.15855372004623,1.3429402102052,1.56665421438284,2.02214140414072,2.24809349920032
"2007-03-22",0.525695232770769,0.554725698106246,0.597322923371084,0.679224411397253,0.830729366484935,1.20239640567848,1.39527640911225,1.62374558696588,2.06729431966971,2.27528686643267
"2007-03-25",0.517348811314536,0.548387520461644,0.593881200301942,0.681179867139057,0.84204811476488,1.23292790893008,1.43340107717198,1.66842921369946,2.11573038135194,2.32080329381263
"2007-03-26",0.514770147162766,0.544552077660977,0.588271230948508,0.672395880180073,0.828253016798176,1.21206493800921,1.41219168430203,1.65023225225492,2.11612729235179,2.33665542945732
"2007-03-27",0.509084238191546,0.54073836036729,0.587137567346126,0.676185854930105,0.840321436597608,1.23940095705401,1.44424437652459,1.68456447198767,2.14255096896688,2.3528386831176
"2007-03-28",0.51129989759087,0.541599622457704,0.586052406465183,0.671498091860646,0.829474204195288,1.21649742277376,1.4170152074306,1.65418752286579,2.11333805782932,2.32795240401001
"2007-03-29",0.51115622863408,0.541804969498894,0.586751618309666,0.673084450722157,0.832475953649515,1.22160101255324,1.4223388661544,1.65887522907307,2.1134568620792,2.3241709436826
"2007-04-01",0.510424722315297,0.540561374792229,0.584791061859458,0.669863190043838,0.82734908311877,1.21439616816571,1.41571180319217,1.65464654365476,2.12030883925016,2.33964518390731
"2007-04-02",0.508284724438795,0.538919042518228,0.583864630439043,0.670264141668438,0.830027549652087,1.22157462151374,1.42452902756659,1.66467968653436,2.12995824830361,2.34763107188871
"2007-04-03",0.510101678391014,0.542413952672967,0.589746778844485,0.680480738584076,0.847341323805156,1.25075400688366,1.45638202860018,1.69616406917807,2.14787801716987,2.35263507553468
"2007-04-04",0.505108048015844,0.537364018118218,0.584613799076041,0.675186631178019,0.841743938491846,1.24438173232501,1.44958863732303,1.68885317868047,2.13949785189655,2.34372292835207
"2007-04-05",0.49819140234805,0.530332073898812,0.577421731301602,0.667717529600316,0.833873035530392,1.23618444751642,1.44163029273684,1.68158422362433,2.13499881558657,2.34122003684036
"2007-04-08",0.499572076215634,0.532203769861681,0.579990719220782,0.671548249241945,0.839754619683499,1.24541336075013,1.45155606653819,1.69130351361361,2.140700392562,2.34328898492804
"2007-04-09",0.501536083318883,0.534587989442352,0.582961030669454,0.675541829418698,0.845270731608213,1.25248006481753,1.45809286030173,1.69590846468287,2.13709165633504,2.3337462424682
"2007-04-10",0.507200235285084,0.537854368689728,0.582808001117511,0.669151087424361,0.828550095702041,1.21762418488888,1.41829168815478,1.6546997654016,2.1088666480959,2.31930000736969
"2007-04-11",0.506287976933918,0.537809566339095,0.584019488116744,0.672721522406915,0.836280306323695,1.23432810946821,1.43887658111462,1.67909082625567,2.13775369915527,2.34880589827348
"2007-04-12",0.506857229956394,0.537988142349153,0.583646901606701,0.671364643084558,0.833374869791763,1.22926844948739,1.43373693814214,1.67491581672671,2.13933563434098,2.35509361496189
"2007-04-15",0.502796750439005,0.535890801157856,0.58435455422044,0.677207828491566,0.847791176634177,1.25916142485389,1.46819341693966,1.7112879521617,2.16691214942156,2.37228494421667
"2007-04-16",0.507723888201524,0.540878054989944,0.589401160266014,0.682270528777868,0.852533353745441,1.26105260515855,1.46734479614681,1.7059641315581,2.14870059572571,2.34607760476831
"2007-04-17",0.515188632833785,0.548738295101386,0.597817327575547,0.691672834411142,0.863464995018759,1.27400987272708,1.48030952474285,1.71793188819532,2.15536604610759,2.34873726596457
"2007-04-18",0.517287802971465,0.549307054941497,0.596199958174849,0.686054193776703,0.851166025833426,1.2495687111163,1.45215355157366,1.68789347063404,2.13023955734237,2.32987805312231
"2007-04-19",0.52708154169013,0.559939073640668,0.608003022238077,0.699908575216263,0.868100192770903,1.26985601470721,1.47162534279429,1.70391714397979,2.13115542516679,2.31983898823107
"2007-04-22",0.528851439172746,0.561666505448349,0.609672681998838,0.701482537092825,0.869551837252686,1.27132635763134,1.47329690944882,1.70601000338649,2.13466991523314,2.32428665740468
"2007-04-23",0.525556922287457,0.557273918334195,0.603731278167886,0.692775199509252,0.85648525303285,1.25202663635347,1.45348303953421,1.68823948776596,2.12991186909268,2.32983025607789
"2007-04-24",0.529773524204919,0.56062171382743,0.60583354526557,0.692582484886181,0.852405695107272,1.24055327543252,1.43950331019276,1.67262143577796,2.11583540600527,2.31880251889661
"2007-04-25",0.53862636748809,0.569449408316505,0.6146122283721,0.70122566781865,0.86064985357752,1.24693071948509,1.4443588456243,1.675119308109,2.11177620028981,2.31068599234783
"2007-04-26",0.545677348385035,0.574930597254582,0.617838273316673,0.700280417244445,0.852581871569777,1.2249633243172,1.41742381364949,1.64457860078022,2.08251395002404,2.28624348274765
"2007-04-29",0.543098405030247,0.571525169341429,0.61325142158346,0.693529159723734,0.842215003359513,1.20809619759661,1.39869943418277,1.62523012702875,2.06790105518352,2.27705428052935
"2007-04-30",0.538439781246234,0.567059663793204,0.609069318982775,0.689892074631692,0.839586549741267,1.20794472786176,1.39983510083483,1.62789216437152,2.07353287766574,2.28408216674525
"2007-05-01",0.538991135756368,0.568236039879978,0.611144178594001,0.693630665658339,0.846171421352856,1.22009663689587,1.41396768734942,1.64342294912037,2.08817817613175,2.29635602224681
"2007-05-02",0.538017931951754,0.567818705170268,0.611525864763262,0.695491793661953,0.850563644087026,1.22944790728476,1.4250968523042,1.65583691231475,2.10002223889955,2.30630930663414
"2007-05-03",0.535521355998414,0.565670164414553,0.609878222459051,0.69477380739468,0.851444671342272,1.2335210802764,1.43036449745974,1.6620463044325,2.10631667716166,2.31173681830881
"2007-05-06",0.534291901359674,0.564528641282335,0.608862656840545,0.693989948173251,0.851051642140108,1.23385858011394,1.43093711892207,1.66275054504125,2.10673833970474,2.31174839798617
"2007-05-07",0.533316074357633,0.563824892286454,0.608548038131183,0.694389048755902,0.852646767018609,1.23763909744191,1.43538092959177,1.6675017333894,2.11034553056764,2.31392974469536
"2007-05-08",0.527799681682301,0.5597255187071,0.60648220815854,0.696077462304687,0.860720684330225,1.25803612512675,1.46009532767088,1.6952510288502,2.13659825131658,2.33583433991301
"2007-05-09",0.53553307836647,0.56713508061473,0.613418810445514,0.702112241093625,0.86511428341173,1.25856501608129,1.45871872715909,1.69171726819976,2.12923028020365,2.32684205056442
"2007-05-10",0.534765060831306,0.565309298315749,0.610077198127481,0.695979639543125,0.854262345232039,1.23878342167755,1.43594713551079,1.66704615086772,2.10669037204731,2.30816083250478
"2007-05-13",0.531368946144849,0.563450015154695,0.61040653940726,0.700291076047707,0.865129948828473,1.26092148896534,1.46096428133233,1.69253224167407,2.12280121364747,2.31491758142968
"2007-05-14",0.523584033791657,0.557226781506382,0.606406392109581,0.700333417192839,0.871825407117198,1.27912873652572,1.48225302620816,1.7147035253535,2.13752390673395,2.32207869496721
"2007-05-15",0.527781332081289,0.55969162221825,0.606410361166394,0.69588119398405,0.860110147127242,1.25532076336738,1.45562039711905,1.68803697199581,2.121809912953,2.31643090940611
"2007-05-16",0.531462922296754,0.561584792772693,0.60574102562046,0.690494992332683,0.84675252309004,1.22690255718211,1.42217215475783,1.6514061388845,2.08879806054547,2.28990466234473
"2007-05-17",0.533169790115901,0.564030068602699,0.609232688830566,0.695872133372567,0.855163128550208,1.24003743310691,1.43606706997478,1.66450595515283,2.09431459110864,2.28887402987826
"2007-05-20",0.532582004998741,0.563757432340592,0.60941478304624,0.696902346923491,0.857668326037557,1.24560287603967,1.44287606999432,1.67244645567865,2.1032564423212,2.29770862995319
"2007-05-21",0.532069112554803,0.562983189861874,0.608263449606901,0.695047743545471,0.854590806310992,1.23998901183612,1.43623215289834,1.66486600033968,2.09484991480966,2.28939317355117
"2007-05-22",0.528038748837958,0.561442797894106,0.610277055470321,0.703556648540116,0.873909862246448,1.27876130537227,1.48081746793966,1.71219668969501,2.1335719555351,2.31772659314073
"2007-05-23",0.528277425852457,0.562173589653547,0.61171390829116,0.70629680456567,0.878868593904705,1.28805043378081,1.4916925398131,1.72432723483737,2.14612619489585,2.32961689972443
"2007-05-24",0.530963167596348,0.566538171157753,0.618448612661042,0.717273966978777,0.89658490610229,1.31598405987438,1.52125089442748,1.75244343892533,2.16105131349867,2.33421376195951
"2007-05-27",0.534647896092722,0.570951599509116,0.623882517534878,0.724506101926199,0.906570044687601,1.32951307574327,1.53479471346896,1.76439046675702,2.1651810267278,2.33295693662323
"2007-05-28",0.541351886635178,0.578658145087172,0.632985556687773,0.736044357462946,0.921743725790487,1.34880859351669,1.55355758103129,1.78022450145988,2.16891559674861,2.32885172631504
"2007-05-29",0.54235449099393,0.580203982689785,0.635265499211792,0.739525582103175,0.926721177685289,1.35352581626957,1.55600858440806,1.77822878652169,2.15368621800222,2.30604686020626
"2007-05-30",0.547073456367928,0.585050793663893,0.640304724631901,0.74495072926423,0.932914545692406,1.36188630146133,1.56563741088091,1.78946653504627,2.16826399207791,2.32221345182595
"2007-05-31",0.542987557763283,0.583321410525744,0.641880994006204,0.752376616748708,0.949422180480248,1.39137378714972,1.59690386331416,1.81883212004186,2.18378590092873,2.32832838064453
"2007-06-03",0.539723636261571,0.5815287233074,0.642164489942585,0.756378037724758,0.959365538266265,1.41096321101115,1.61892334381951,1.84170396706744,2.20337881868958,2.34504598729822
"2007-06-04",0.524402911609792,0.56938943494066,0.634489096843339,0.75661093037107,0.971944530832516,1.44206149083378,1.65367595399367,1.87631066971721,2.22758617613556,2.36199713526652
"2007-06-05",0.523612845711749,0.569973251717469,0.636950374905713,0.762228317692455,0.981886426616495,1.45508924956773,1.66470246305735,1.88248891104064,2.21962300798474,2.34673385219222
"2007-06-06",0.51791809151216,0.566914237017423,0.63755692183839,0.769222780469954,0.998506383300019,1.48454958304931,1.69573514428891,1.91193011656689,2.23936862258085,2.36086548219459
"2007-06-07",0.508630969185893,0.561488780420243,0.637450216228469,0.778215249610656,1.02064159912263,1.52142544685317,1.73242029873009,1.9435001268344,2.25299233856487,2.36534245267866
"2007-06-10",0.512407870518099,0.565560282718275,0.641962361885647,0.783600338992126,1.02771659915287,1.53288669416447,1.74617790172704,1.95988657095624,2.27389999860111,2.38804748624754
"2007-06-11",0.513658520864283,0.567770066252302,0.645507055657865,0.789477044174489,1.03714118330579,1.54739811307962,1.76171401397939,1.97562441799897,2.28828828867134,2.40156384711192
"2007-06-12",0.52972084787075,0.584831952897002,0.66397955614036,0.810479396718177,1.06222307399058,1.57958779869947,1.79624592954525,2.01202468914608,2.32649362810987,2.44021196719546
"2007-06-13",0.537070731715127,0.588814383203179,0.663383872967096,0.802255139451348,1.04370625182493,1.55365918882952,1.77426016579147,1.99934103875932,2.338599277362,2.46405537080577
"2007-06-14",0.544082174294314,0.591762377858941,0.660754746661691,0.790161434324511,1.01828037332575,1.51600034892458,1.73987188742878,1.97526338450243,2.34632926512617,2.48821071713488
"2007-06-17",0.547139673355824,0.592315218429056,0.657775443499355,0.780862785581189,0.998888265853291,1.48006517176036,1.69950663154145,1.9327725195759,2.30681582368475,2.45182014004516
"2007-06-18",0.537452508044014,0.586112212447365,0.656429103616385,0.788013275357441,1.01892941177168,1.51740936078016,1.73876558321645,1.96919369297689,2.326926590497,2.46209852500043
"2007-06-19",0.539638134325933,0.588693536778018,0.659503124912258,0.791748348002812,1.02294374268657,1.51756793650745,1.73485995196577,1.95918454707641,2.30314319612081,2.43190916469368
"2007-06-20",0.532352152610465,0.583555845839821,0.657381803879544,0.794982148491011,1.03460482529887,1.54258867187471,1.76331965264878,1.9892959768721,2.33156972926487,2.45857674431889
"2007-06-21",0.535454425556143,0.584841023038724,0.656140665564395,0.78934064216515,1.02233845738593,1.52149146267765,1.74112782122095,1.96815479689611,2.31689931733507,2.44763455797569
"2007-06-24",0.536353975735019,0.585446764960458,0.656322999271891,0.788734495693506,1.02036157300628,1.51662094641228,1.73500669185827,1.96075898206001,2.30758647075401,2.43761444280202
"2007-06-25",0.529592776673904,0.578014239464423,0.647978892886021,0.778877618323183,1.00850178272887,1.50373814155694,1.72341158836987,1.95189217878612,2.30614329639879,2.43986805932008
"2007-06-26",0.532539451889293,0.578505191303124,0.645047872981106,0.769962950010703,0.990516113905553,1.47355952837729,1.69182626074627,1.92215250597073,2.28726655933208,2.42749438942254
"2007-06-27",0.512479993203684,0.561802021756324,0.633064107622438,0.766377670036125,1.00019544823902,1.50425968109343,1.72773366366063,1.96007432582931,2.32009401617984,2.45593462099984
"2007-06-28",0.523531863007693,0.571127618858114,0.639908262916368,0.76862174090961,0.994513967246784,1.48221944967914,1.69882882452364,1.92434598284491,2.27452602483416,2.40686451156902
"2007-07-01",0.519335981239524,0.569234562657166,0.641204582139087,0.775430538497901,1.00946159707637,1.50701087934516,1.72394719517938,1.94661661299187,2.28515756856029,2.41111819138931
"2007-07-02",0.533815294491513,0.583369284558967,0.654856537455533,0.788229007235574,1.02092956139234,1.51643860720671,1.73289745888935,1.95540041321025,2.29440889010875,2.42073694339083
"2007-07-03",0.51680144643982,0.567721490329017,0.641159245821827,0.778104329133377,1.01681512164688,1.52400816184617,1.74499031658776,1.9716883699825,2.31608004744022,2.44414464412902
"2007-07-04",0.517141633443614,0.568372163370742,0.642254702724955,0.780019327580195,1.02012549724794,1.53011782745249,1.75223343033776,1.9800268858612,2.32593370574611,2.45452210338711
"2007-07-05",0.50890736580253,0.563449626746008,0.64190010981871,0.787500902991649,1.03899546819247,1.56208032147724,1.78426893234499,2.00788726700183,2.33848798333017,2.45914797718793
"2007-07-08",0.511479157323449,0.566916208124881,0.646622008377885,0.794449069254296,1.04944586873686,1.57815938730551,1.80190671425452,2.02647470408196,2.35721850780286,2.47763040444061
"2007-07-09",0.510678620200104,0.566056202109552,0.645704671787451,0.793517466242582,1.0487949426268,1.5795648750188,1.80492559289264,2.0316675530665,2.36674525665487,2.489005404603
"2007-07-10",0.528989114999596,0.577852342664567,0.648428322370523,0.780381717897845,1.01155480755833,1.50860121693961,1.72826559417107,1.95608552448762,2.30780341790125,2.44014482284482
"2007-07-11",0.513847474076039,0.563881545218925,0.636143876492679,0.771234456801935,1.00785052362873,1.51633020969431,1.74090442119565,1.97370193490115,2.33284008209444,2.46789906638676
"2007-07-12",0.624013681216031,0.666494935202839,0.72818279599071,0.844616307317097,1.05237251611897,1.51900341792806,1.73638155078023,1.97142769688969,2.35882992045445,2.51256764530101
"2007-07-15",0.654147920984115,0.694759737103824,0.753815354934123,0.865556577440972,1.06589940516993,1.52111338567538,1.73617318026264,1.97138826941731,2.36650853224666,2.5259989909163
"2007-07-16",0.628132612543316,0.669620157334833,0.729920959900574,0.843923601578253,1.04799188010255,1.50987107187499,1.72705035435835,1.96366702811488,2.35857660660675,2.51704905182199
"2007-07-17",0.624248432462397,0.664913841480984,0.724052987252015,0.835971017021408,1.03669620032072,1.49313792190053,1.70898427244599,1.94524493160292,2.34264601975073,2.50325090215168
"2007-07-18",0.627183302275097,0.669960867634843,0.73203525082972,0.849052273543629,1.05734536101176,1.52247372380248,1.73763197644589,1.96895956825958,2.34671357037148,2.49542019218135
"2007-07-19",0.63291931518596,0.671664792944351,0.728078367024369,0.835061967509106,1.02771901122549,1.47014749472733,1.681890219272,1.91595885800074,2.31633937952031,2.48069508199266
"2007-07-22",0.632765491330419,0.670064014779534,0.724435203078742,0.827762470530168,1.01459748118772,1.44794079443359,1.65786598985675,1.89227784387285,2.30032242302443,2.47066398387251
"2007-07-23",0.643427278838927,0.680833676823316,0.735365344140594,0.83900846510048,1.0264528949306,1.46142600002023,1.67226872903494,1.90782457361848,2.31822465843191,2.48969793375771
"2007-07-24",0.637589863173494,0.674554221747427,0.728446318559037,0.830890196855989,1.01622324825063,1.44662223788658,1.65544075294254,1.88891565703837,2.29624310193316,2.46665925947621
"2007-07-25",0.627769110965412,0.663865437745374,0.716546827120272,0.816874502054405,0.999033764107624,1.42579599987096,1.63508720549216,1.87121243410745,2.28980211863358,2.4677346041057
"2007-07-26",0.633519875766885,0.667052620268825,0.716050832982423,0.809561590426648,0.980045009289346,1.3835065321235,1.58383359580361,1.81222670491651,2.22483582680047,2.40365181024454
"2007-07-29",0.618057835535677,0.652188130554267,0.702075434844471,0.797337065222779,0.971205189513317,1.38379852321334,1.58934489627865,1.82435631416733,2.25113320962815,2.43709425341061
"2007-07-30",0.628950671040846,0.66313998948527,0.713087853592044,0.808377980137181,0.981988121405995,1.39216877068369,1.59541853501454,1.82674364335206,2.24333854760924,2.42329496321978
"2007-07-31",0.62197506457055,0.654227975997547,0.701418703500968,0.791692655645794,0.957034785535555,1.35278832873756,1.55204049112205,1.78192725711431,2.20643038293898,2.39470780652682
"2007-08-01",0.62000536125612,0.65464600827862,0.70525507518235,0.80181289897937,0.97775492252811,1.39357392751315,1.59969585826308,1.83436556572964,2.25723106287337,2.44000650719402
"2007-08-02",0.608278605900862,0.640561114687928,0.687820897044507,0.778314572153127,0.944373264313766,1.34370336118894,1.54591412595079,1.78037135587038,2.21733353973497,2.4130830196943
"2007-08-05",0.609628342897933,0.640504320798556,0.685741930555638,0.772489337471533,0.932126034411819,1.31871749062549,1.51617596080237,1.74684171548998,2.18285202078299,2.38123145066255
"2007-08-06",0.637399374174837,0.667931550723478,0.712648998730628,0.798342894375117,0.955839279246423,1.33604195035227,1.52948208481907,1.75469146176347,2.17767092209693,2.36876428343516
"2007-08-07",0.631233756260613,0.66383526322646,0.711504871186495,0.802589056371396,0.969037133181873,1.36521806544758,1.56332144919057,1.79054177614014,2.20557712900131,2.38753202867121
"2007-08-08",0.671970471250677,0.703414332186553,0.749419924069931,0.837422080063684,0.998586531203849,1.384241777345,1.57834854700723,1.80223816554174,2.2154587147665,2.39863273700929
"2007-08-09",0.631087477283789,0.660140735212717,0.702770050335963,0.784728602597717,0.936322319550966,1.30810457157176,1.50097875338898,1.72937283392203,2.17251837557788,2.38018323644369
"2007-08-12",0.619955191606968,0.64819820909772,0.689712246121895,0.769779084108192,0.918793987052869,1.28994495482752,1.48620173601358,1.72255170664844,2.19662240212027,2.42759565912082
"2007-08-13",0.638030515935744,0.665427468347482,0.705708728298771,0.783435219504389,0.928230693153287,1.2897235553486,1.48143118877271,1.7129018808547,2.1796005581931,2.40839932464715
"2007-08-14",0.624004868909968,0.649170319046468,0.686245162675662,0.758041639631331,0.892736258702256,1.23502164565904,1.42056691125878,1.64904379448667,2.12851316214873,2.37539836669631
"2007-08-15",0.615762162604331,0.635731773751598,0.665879340116706,0.726615323195808,0.848213421092091,1.19217625868825,1.39203464649167,1.64235002040973,2.14565913974478,2.37610632675264
"2007-08-16",0.609238522497952,0.631910423455501,0.665436374416832,0.730790930260165,0.854987186632691,1.18069647848205,1.36393224822536,1.5967082510778,2.11213622417999,2.38724450495047
"2007-08-19",0.601582126430587,0.623943176892686,0.657100125567565,0.72202365219943,0.846297878552991,1.17554993154344,1.3611130789473,1.59500168152991,2.0957598961107,2.35126679449597
"2007-08-20",0.617045872268518,0.633669930137382,0.658867367730091,0.709999997928973,0.813872678295954,1.1190407227936,1.30471303183273,1.54712445406216,2.07505070005776,2.33804398913146
"2007-08-21",0.636175122004143,0.658203049677784,0.6908006937444,0.754426725372103,0.875624522298882,1.19504935980044,1.37548725571689,1.60486823061086,2.10493244936535,2.35029810880796
"2007-08-22",0.641922721653174,0.666210683445489,0.701999718518597,0.771330189726978,0.901487043246693,1.23280972403467,1.41279504847598,1.63485199325484,2.10270619730944,2.34481519390878
"2007-08-23",0.621250310077231,0.645303906075381,0.680768945185364,0.749545618677904,0.878936061162929,1.21007098749992,1.39114873855329,1.6158962555495,2.09536182259249,2.34742013933189
"2007-08-26",0.618671929027271,0.643421447232214,0.67989556119957,0.750570315895182,0.883314211445489,1.22162973961966,1.4056884104413,1.63307755974099,2.11350917659464,2.36300353550446
"2007-08-27",0.61041099583539,0.634565009465556,0.670224262993306,0.739534164289477,0.870484929329172,1.20881617791194,1.39559312478683,1.62869274989441,2.12482597249674,2.37542165308495
"2007-08-28",0.615307422918447,0.637685767489091,0.670801765957939,0.735438828643658,0.858559666938649,1.18303209039849,1.36630482791565,1.59926657473286,2.10698397266533,2.35591715066307
"2007-08-29",0.615548319890497,0.635532687276783,0.665388155971097,0.724579165624568,0.840339220861364,1.15947531256901,1.34511985571272,1.58274758015472,2.09547584410928,2.35399477070996
"2007-08-30",0.596118482891103,0.621272172933003,0.658354126297592,0.730246635970273,0.865409707154891,1.21047377780147,1.39834082304535,1.63017318977594,2.11531761261365,2.36002506038619
"2007-09-02",0.583850024315584,0.610094878950555,0.64877198031269,0.723710384409363,0.864426314031378,1.22253215018255,1.41671966472354,1.65545708617975,2.15097867692379,2.39812349796048
"2007-09-03",0.569111315045188,0.594947671065922,0.633017031044322,0.706759763425784,0.845175554118518,1.19728347431829,1.38832845296899,1.62367237341638,2.11730993811974,2.37078206555697
"2007-09-04",0.586207252280115,0.609378551539333,0.643815592812226,0.711485363609608,0.841693786527889,1.18822734408552,1.3826080737759,1.62458821025422,2.12269837407013,2.3624913386404
"2007-09-05",0.56761891202145,0.590731539564251,0.625100305662709,0.692700167019422,0.823004037913887,1.17116809204912,1.36729743423241,1.61228023236214,2.11954821684336,2.36519898814936
"2007-09-06",0.571233567766661,0.592745568983566,0.624888206853518,0.688607605611151,0.813053651931901,1.1531606320286,1.3478590203553,1.59257412046877,2.0990234762976,2.34169226680846
"2007-09-09",0.529445297217089,0.555960015534161,0.594988118510305,0.670448002493395,0.811576986500973,1.16742358857498,1.35846358218361,1.59166826663636,2.07239413698311,2.31450107030088
"2007-09-10",0.540140890368178,0.562913356414497,0.596624163046951,0.662463305147788,0.7880338187922,1.12013840281115,1.30865653470353,1.5495924529255,2.0833847449489,2.35576301232753
"2007-09-11",0.550356908819993,0.570312393119095,0.600146039813051,0.659374631654805,0.775553166199627,1.09868756500305,1.28894538288068,1.53540612436566,2.08103491569014,2.36479768727367
"2007-09-12",0.537593824725024,0.55726033769325,0.586774795569652,0.645728935122455,0.762500063418308,1.09199101980733,1.28728914768219,1.53988344569527,2.09067444103904,2.36944743934794
"2007-09-13",0.537019340100213,0.560330833759011,0.594830612619916,0.662178832528095,0.790503739873697,1.12898401588325,1.32040167008683,1.5640421225396,2.09719921386194,2.3612614026935
"2007-09-16",0.543892409110097,0.566913165886508,0.600978824953805,0.667466568834487,0.794105938556025,1.1278868706985,1.31653070772635,1.55662467013567,2.08350032933496,2.34863688597551
"2007-09-17",0.534152653307622,0.557653609340428,0.59241313171981,0.660197362870774,0.789093280325676,1.12747076657191,1.31785177749175,1.55931388905164,2.08734455255412,2.35616700690607
"2007-09-18",0.525374511094788,0.551461107993607,0.589944147674252,0.664641781914931,0.805404186874872,1.16680821743466,1.36489562952986,1.61071745031582,2.13003919505727,2.3934450207282
"2007-09-19",0.563514823106213,0.589000307394056,0.62661983337792,0.699721413018447,0.837769815362354,1.19405012105463,1.39051582144993,1.63553926498268,2.15717424002583,2.42212533217814
"2007-09-20",0.540704225665919,0.569949891953221,0.612960226187903,0.695990361515931,0.850803671030799,1.23817007581699,1.44416651273162,1.69350189753986,2.19870923189411,2.4478647560144
"2007-09-23",0.525899644640272,0.556856933609731,0.60232316502213,0.689883881621114,0.852377342763622,1.25419716020188,1.46479043650184,1.71641571403077,2.21329546164595,2.45094213623426
"2007-09-24",0.535832188515001,0.565846072142385,0.609949262319088,0.69496226097563,0.853009430550081,1.24558006464693,1.45246157637007,1.70085926908338,2.196121212461,2.43570582707123
"2007-09-25",0.551366272349129,0.580553852125689,0.623459668247553,0.706222401044717,0.860297151628281,1.24431535588312,1.44754919131017,1.69248704670018,2.1845277857867,2.42469060070944
"2007-09-26",0.545106728100455,0.576297821674881,0.622085293571187,0.71018879019929,0.873413791968723,1.27534690798122,1.48490769314117,1.73415416956827,2.2219224198743,2.45277156728209
"2007-09-27",0.551792259027779,0.580714039021563,0.623244636754524,0.705336922929358,0.858358626208674,1.24097293499915,1.44426537053476,1.69013712869569,2.18754984459531,2.43240001581729
"2007-09-30",0.541843540260256,0.570499996261872,0.612656789820944,0.694083885017929,0.846072055080849,1.22739952656602,1.43086407905784,1.67787157740379,2.18138757368211,2.43152879242835
"2007-10-01",0.537889524763151,0.567768971188991,0.611687362050532,0.696387928185032,0.854014118061762,1.24653412548089,1.45403876407518,1.70387919590684,2.20478816072658,2.44870908958836
"2007-10-02",0.542411244900083,0.571897927189659,0.615248021045972,0.698883537332968,0.854640849667554,1.2432133446567,1.44909363606395,1.69747448643612,2.19745237719316,2.44208740366752
"2007-10-03",0.533483883661262,0.565141424563716,0.61159214462573,0.700898322605155,0.86608482577403,1.27121750636804,1.48140242688945,1.73030468667996,2.21327735677258,2.43962510717451
"2007-10-04",0.563316528764481,0.592960608790661,0.636521971684589,0.720495944922574,0.876631155649418,1.26457497821697,1.46909781073449,1.71474825864725,2.20486867134089,2.44215889953831
"2007-10-07",0.572847252830043,0.602127920273547,0.645161691122135,0.728140719126495,0.882506676283648,1.26655633661453,1.46935357885109,1.71328093808724,2.20135503503837,2.43845826074233
"2007-10-08",0.56513367216648,0.595643234412059,0.640433960695476,0.726632279034639,0.886373941844459,1.2800137887503,1.48543367421748,1.72994701392829,2.20918953729788,2.43640951844895
"2007-10-09",0.564176085500966,0.59549463676087,0.641447457169564,0.729794647117399,0.89320108820029,1.29392984119628,1.50180553917763,1.74794778930973,2.22546896604334,2.4492101509634
"2007-10-10",0.570378841028721,0.601692986962135,0.64765184838341,0.73605346284274,0.899715843844378,1.30202180105845,1.51132487737084,1.75979268902902,2.24423598633854,2.47252851850347
"2007-10-11",0.565169093792394,0.594999359475236,0.638839121830647,0.723366267865349,0.880590219139364,1.27161363849169,1.4780042273826,1.72615859112889,2.22231156050286,2.4631206010412
"2007-10-14",0.561043126817329,0.592397096225365,0.638412993142639,0.726919479398468,0.890758469560596,1.29339114751342,1.50279526593512,1.75131107445515,2.23557414751026,2.46363269841946
"2007-10-15",0.560787713826262,0.58976349438461,0.632372057588489,0.714609864112486,0.86788463731362,1.25101777437229,1.45451101964286,1.70054495712651,2.19795761571113,2.44261307377548
"2007-10-16",0.591659994133722,0.616800148860157,0.653952561810021,0.726292147991215,0.863427193265824,1.22048086709179,1.41917760417612,1.6683875824337,2.19757365960016,2.45188599780728
"2007-10-17",0.580251214006007,0.6043921798615,0.640115337986178,0.709836862398252,0.842625898973458,1.1924550825286,1.38995260441803,1.64085936873102,2.18677842220264,2.45332897717985
"2007-10-18",0.588766494554799,0.608497824647851,0.638177338964318,0.697673147496042,0.816160287737876,1.15286197925883,1.35281175363302,1.61072625263739,2.16654820918054,2.442852694725
"2007-10-21",0.60109740043631,0.618144046519893,0.644092087472135,0.697093525538064,0.805828005606639,1.1296274039798,1.32788515379955,1.58672147755531,2.14632034233047,2.42154120734918
"2007-10-22",0.600743208217252,0.613530886905141,0.633919916875658,0.678429786138731,0.778358528400081,1.10908132403017,1.3199674299425,1.59418078744429,2.15832670916928,2.41570284794179
"2007-10-23",0.577800417512492,0.596832910884204,0.625459835597089,0.682851012086015,0.797231535346939,1.12363713996003,1.31889484522932,1.57279786427313,2.12996938990612,2.41305325283068
"2007-10-24",0.580086065204276,0.599432635068576,0.628598018914684,0.687271367106621,0.804795776195991,1.14195168451357,1.34349317662935,1.60419490507428,2.16670278822717,2.4458219843841
"2007-10-25",0.574397895554991,0.594971508730634,0.625901258872843,0.687843142050808,0.81096404956725,1.15910495448466,1.36461019753606,1.62825506109619,2.19038468520527,2.46654697872297
"2007-10-28",0.577718750052353,0.594648086125771,0.62060129686064,0.67418401522942,0.785834711324709,1.12497120691062,1.33424971724278,1.60703607550714,2.18900210429667,2.46937041987079
"2007-10-29",0.581207380132842,0.594391291524388,0.615418833847812,0.661351625603289,0.764616174204997,1.10767082615744,1.32741290833691,1.61431313011257,2.20902593370015,2.48234461999656
"2007-10-30",0.576087342249694,0.592938685464534,0.618815340029274,0.672366679699671,0.784290549502899,1.12498254663398,1.33486847711324,1.60743263412758,2.1833985159695,2.45771360403708
"2007-10-31",0.558636932268878,0.584213797825268,0.622035269738439,0.695759268284657,0.835818998596188,1.20237527498907,1.40755072278307,1.66602330720128,2.2168571021616,2.47613092902877
"2007-11-01",0.573370509683548,0.591691437393712,0.619492540576208,0.675990956088664,0.790900315283172,1.1273549815704,1.33012722037221,1.59176672392189,2.14642082088846,2.41407384167119
"2007-11-04",0.565464634945774,0.586075884212157,0.616983322581205,0.678623659537305,0.800293715564729,1.14004697079643,1.33858954580674,1.59184340086749,2.12830992815114,2.39089900250171
"2007-11-05",0.570304362722194,0.589504721036287,0.618459762587123,0.67673383061636,0.793478655570628,1.12768848757679,1.3264932489374,1.58214788970768,2.12638129064457,2.39210992329685
"2007-11-06",0.574265938839533,0.592569328774552,0.620281733212914,0.676409022249719,0.790001405764856,1.12065703010587,1.31968401029275,1.57706837061217,2.1274026907164,2.39617975733806
"2007-11-07",0.576929374810852,0.594083276060993,0.620154705528115,0.673283495402674,0.781897220498828,1.10378883187015,1.30043314919661,1.55714968363494,2.11348068596703,2.38824535709827
"2007-11-08",0.577330092625082,0.594492656566826,0.620526049602572,0.673421631976652,0.78111232225716,1.09892554620194,1.29314771169806,1.54758978278562,2.10503535419627,2.38441861252242
"2007-11-11",0.575093856551159,0.592158437347799,0.618037070760433,0.670598342312765,0.7775429964909,1.09282642054113,1.28534996289302,1.53745387530283,2.08948356249863,2.36605749209331
"2007-11-12",0.580755037105339,0.596241330804751,0.619866485008853,0.668304473237728,0.76835405625302,1.07081150221904,1.25899557342305,1.50800209077546,2.05997044830482,2.33869091420107
"2007-11-13",0.568333275205736,0.586066052941114,0.612778468817344,0.666471606989291,0.774004316125499,1.08432084313601,1.27224646998254,1.5191582137625,2.07171988565305,2.35854661551631
"2007-11-14",0.576230692853805,0.591321648695744,0.614488774756709,0.662436375934652,0.762814453441756,1.07122308670723,1.26406055006499,1.5183596092278,2.07305986363247,2.34661766629938
"2007-11-15",0.571046777176065,0.5840510787907,0.604357854402172,0.647459186442018,0.741005952614543,1.04256302915574,1.2359613183684,1.49285854799458,2.05149266910726,2.32326306028369
"2007-11-18",0.571241977221674,0.585405315928328,0.607243859486173,0.652743883519638,0.748952573390929,1.04892662639281,1.23824804411144,1.48896453424788,2.03769514581283,2.30847356714974
"2007-11-19",0.569364503676552,0.583905670806074,0.606284076648958,0.652773463239578,0.750643477615581,1.05376627884721,1.24420881265747,1.49581518516814,2.04505675704872,2.3156607814318
"2007-11-20",0.559072877750555,0.574817127636547,0.598631861311876,0.646829276753322,0.744514269382309,1.03323332171703,1.21205660388889,1.4509129201608,2.00037674162712,2.29350184904755
"2007-11-21",0.561637890496225,0.575366372582304,0.596456339010811,0.640171746555794,0.732040870606029,1.0178753636809,1.19965532550989,1.4433667267542,1.99324292620212,2.27484608719014
"2007-11-22",0.561724992942718,0.577888312582054,0.602381818735251,0.652079694714009,0.75309555038437,1.05125435735272,1.2341830256215,1.47523165160235,2.01107667983847,2.28458791227419
"2007-11-25",0.559509791288623,0.578755249358562,0.607532674414119,0.664682758021005,0.776853444942227,1.08930485280541,1.273587989427,1.51266481156576,2.04349104656678,2.3204702716847
"2007-11-26",0.562554749663925,0.579824983085587,0.605957635988276,0.65885698689784,0.765967669577412,1.08001435437477,1.27169498352711,1.52352455055629,2.08132030801489,2.36535853459052
"2007-11-27",0.574813780264377,0.58802268314819,0.608579827257046,0.652017711046236,0.745827412201568,1.04796756272485,1.24307788067819,1.50486825696029,2.08767558398064,2.37906354582937
"2007-11-28",0.568010173839291,0.583387857347488,0.606860359202278,0.655036552811773,0.754773489396563,1.05826512636503,1.24867274973655,1.50261848239099,2.07465501675116,2.36879105308221
"2007-11-29",0.562566556379078,0.578598182486201,0.602958682934405,0.652604458371681,0.754245091519331,1.05809048797551,1.24642442693243,1.49616236120882,2.05609360526032,2.34384548272993
"2007-12-02",0.567782460475048,0.580314253067474,0.59983571662228,0.641152364893155,0.730659675493998,1.02116180667877,1.21040789120158,1.46633592430122,2.04488629020121,2.33896834180938
"2007-12-03",0.56346297583419,0.573747820791101,0.590146062157126,0.626028114442311,0.707390395858904,0.987394423617165,1.17566700225217,1.43332783063729,2.01911237444815,2.31560075883905
"2007-12-04",0.52515860661958,0.540063240787825,0.563076719230675,0.611116819105976,0.712929760692741,1.03067501543698,1.23072018424591,1.49456819370554,2.06637703862072,2.34525639320736
"2007-12-05",0.50430815363467,0.524171913743125,0.554172494885814,0.614688454862082,0.736321468049529,1.08572864864075,1.29352472128783,1.55996920912377,2.12201761622435,2.3931019182137
"2007-12-06",0.502999511154794,0.523967123839765,0.555472506374074,0.618510763820044,0.743610151685344,1.09614487996639,1.3035277200885,1.56887070266289,2.13200661890564,2.40738422658562
"2007-12-09",0.50988678868587,0.52764273634092,0.554845342212096,0.610930317599727,0.727414749019859,1.07767286625593,1.29095153046224,1.56545896693878,2.13676867446467,2.40490891350894
"2007-12-10",0.507903306573449,0.528596301511583,0.559818403992792,0.622690760198228,0.748656466536473,1.10783387217068,1.31968242332017,1.58942780080129,2.15112810845202,2.41844447784852
"2007-12-11",0.52639002616977,0.541298648264184,0.564563645428123,0.613855170326137,0.720300136657037,1.05758967053421,1.26900233480859,1.54374865878813,2.1162542363125,2.38268844195386
"2007-12-12",0.517070110108476,0.53596149725342,0.564357049967239,0.621233582126762,0.734497970930321,1.05839396379761,1.25342496494599,1.50924268307901,2.08282569203301,2.38244894806604
"2007-12-13",0.523657788888072,0.540119571490145,0.565515456654741,0.618432780120276,0.730104300427418,1.07408494267974,1.28700208164575,1.56336340438623,2.14380772468535,2.41769125104624
"2007-12-16",0.521462118777951,0.538213868980225,0.56397042681774,0.617374576145562,0.729294859493373,1.07116415673348,1.28210440073284,1.55605819865019,2.13420035840833,2.40893727375132
"2007-12-17",0.529981141771776,0.544129045442489,0.56630598889712,0.613612735975591,0.716841309272524,1.04978510333371,1.26163356820865,1.53993892643892,2.1301639655267,2.40935200055543
"2007-12-18",0.536192027799612,0.548822742391135,0.568739375537485,0.611609713593583,0.70646931029976,1.01996494613117,1.22375262731998,1.49580543196967,2.08873774176199,2.37667363070634
"2007-12-19",0.547301593003159,0.562295699816136,0.585448468628105,0.633785268967547,0.736261082251245,1.05643969320231,1.25832938146751,1.52501076865394,2.10470380305994,2.38835106523691
"2007-12-20",0.534617133819416,0.552490586805743,0.579680985887667,0.635162180568453,0.748757479682094,1.08540479278483,1.29039334403511,1.5567221186954,2.12721816343756,2.40505427894399
"2007-12-23",0.528873275224137,0.549027487417894,0.5793946611965,0.640426792412531,0.762429916482298,1.11049209674593,1.3170839624743,1.58255331325841,2.14778032634012,2.42413113845089
"2007-12-24",0.529426902746848,0.550350258492914,0.581755492037717,0.644490600399872,0.768692983136976,1.11784473237436,1.32334591071396,1.58700810820903,2.15144270886406,2.43076550497798
"2007-12-25",0.525683830401455,0.545983042093746,0.576465338509325,0.637409445971887,0.758290421054168,1.09993553952088,1.30245327517548,1.56406841106021,2.13207671604975,2.41775428783378
"2007-12-26",0.524057041285749,0.544148557672377,0.574317369260114,0.634632938678932,0.754284399213484,1.09287054772877,1.29404406227203,1.55462098688409,2.12388680411158,2.41238701412302
"2007-12-27",0.529747826728674,0.546143450137621,0.571192925939159,0.622658077044061,0.729226298364207,1.05156927533552,1.25131957780568,1.51397452281411,2.08720374823214,2.3711751122708
"2007-12-30",0.535304226160259,0.549080645312935,0.570494907335788,0.615647891560616,0.712768699253099,1.02252096722923,1.22033191714984,1.48312777376002,2.05714083457878,2.3383947267428
"2007-12-31",0.535743931971827,0.549425889864435,0.570651127129609,0.615282147547864,0.710953356398072,1.01538298929653,1.21013101235037,1.46982939569179,2.04255505829093,2.32646172184113
"2008-01-01",0.53374817066733,0.548322603275774,0.570730548020719,0.617227664352623,0.715043034538809,1.01903244342851,1.21154696110922,1.46826770506355,2.04032781887508,2.32895864442207
"2008-01-02",0.532484484986236,0.547308799923376,0.570068775118293,0.617196027688412,0.716029617194332,1.02191112061813,1.21523304708583,1.47295823008077,2.04799537907418,2.33888074969708
"2008-01-03",0.534120426938033,0.547139195008116,0.56750805960658,0.610872033024432,0.705444638827389,1.01304028009555,1.21193191730296,1.47780433302497,2.06239307729632,2.34993740812475
"2008-01-06",0.53959742700362,0.549757984656258,0.566315830036277,0.603583898493648,0.690835608347767,0.997988145674006,1.20325980746157,1.47891164473958,2.07566683318925,2.36069784951947
"2008-01-07",0.545195838938972,0.556721580326317,0.575041620942,0.614933626285605,0.704656892092967,1.00833223284955,1.20910322685093,1.47996248754429,2.07948822709011,2.37458499319547
"2008-01-08",0.550010920519859,0.556788289581077,0.568774211108342,0.598518129084101,0.675951617500913,0.977735525056515,1.18788657534057,1.47301523686191,2.08852901841567,2.37847612197254
"2008-01-09",0.554288156446684,0.556477041696709,0.562232033832169,0.581615504505988,0.645130099555919,0.936811230668811,1.15171883263406,1.44763003265505,2.08722662179529,2.38535444698677
"2008-01-10",0.557858116092229,0.561747665053394,0.569723361824931,0.592506707977152,0.659602744855778,0.949107135587079,1.15949531312228,1.44984543362124,2.08647472858542,2.3887398075484
"2008-01-13",0.559440792313387,0.56220457254684,0.568762545725445,0.589556278709852,0.65522936284894,0.949911088982791,1.1652339192145,1.46080089516977,2.09792194571857,2.39450503710671
"2008-01-14",0.559434704178382,0.558783282888269,0.560750544208931,0.574057342260636,0.63010808560779,0.919170966416168,1.13802257243123,1.43985175137003,2.08476347263559,2.38029770750085
"2008-01-15",0.561667194857812,0.557960265729808,0.555666782308721,0.561504294494639,0.606107644324558,0.878359946215418,1.0935472860591,1.39418781559559,2.04191819339776,2.33925534366331
"2008-01-16",0.571149846359311,0.564378325174191,0.558354297571228,0.559374364105675,0.601956847752963,0.891994412289579,1.11957123274087,1.42940232785782,2.06099850544629,2.33591932497644
"2008-01-17",0.561974233443564,0.557892675330538,0.555195585756975,0.560707731196437,0.606035980805814,0.884499849009373,1.10352408658494,1.40755239955943,2.05433748875199,2.34767084491998
"2008-01-20",0.57032556607866,0.557771741293858,0.54371266829026,0.530782309462854,0.552718060731814,0.819569278161595,1.04942977579835,1.37288300059803,2.05468139446461,2.35765321829083
"2008-01-21",0.54294701993021,0.534137996986983,0.524794487992394,0.51850692485155,0.545453617000757,0.798137951016081,1.01457455228987,1.32459327011126,2.00596140077704,2.32155214825092
"2008-01-22",0.534846893728882,0.520725662846925,0.504899714526546,0.490214351321286,0.513739384962094,0.801060221560541,1.04463418411939,1.38188545730397,2.072823190127,2.37237768019856
"2008-01-23",0.515623622870978,0.506696729194669,0.497865494598824,0.494650866325968,0.533266339357581,0.832568224371734,1.07383984244762,1.40569952829091,2.08959481265591,2.38935461439907
"2008-01-24",0.537353706498924,0.526794130244401,0.516599482389204,0.513831102295707,0.561597943721767,0.903456823973937,1.16341609970125,1.50380900329316,2.15098539020869,2.41672016411753
"2008-01-27",0.51588520890562,0.507784733885792,0.500392098499216,0.500576591657303,0.546934926294092,0.864979939011359,1.11113103169784,1.44116163455434,2.09580324824766,2.37415161173602
"2008-01-28",0.49153267910923,0.491511385543279,0.49509440058371,0.513588364448188,0.58502929697312,0.927012768569193,1.17141822222875,1.49308805858476,2.12826230739116,2.39992492344987
"2008-01-29",0.49350361032356,0.49404582226967,0.498076103427337,0.516275308843639,0.583868456624683,0.906412025249018,1.14013247214846,1.45273055229014,2.08866442239306,2.36797316117212
"2008-01-30",0.492169882041689,0.493664530144421,0.498949427273876,0.519115178762175,0.588999520295586,0.912135295396071,1.14486650873286,1.45649032787435,2.09416778665276,2.37614238374518
"2008-01-31",0.491167716507536,0.490946503188685,0.493878122860726,0.510046404751966,0.574222634412081,0.890881910474447,1.12328807588696,1.43606420180956,2.07732698128954,2.36057973440168
"2008-02-03",0.493121086022788,0.498182514189708,0.508254986515145,0.536202402773836,0.61597060688989,0.943797707590785,1.17154990991676,1.47414594719763,2.09452314931377,2.37110523971895
"2008-02-04",0.503041571606676,0.507870247806646,0.517636073314575,0.545100105180012,0.624277877504095,0.951556793398621,1.17903879785792,1.48090249864157,2.09773887133673,2.3717878406244
"2008-02-05",0.546108131949786,0.542746828005919,0.541376555543212,0.550230266382358,0.603790592598557,0.905662941409935,1.1336782022445,1.44152439373885,2.06828935930228,2.3421258510248
"2008-02-06",0.545403077509435,0.541293299036235,0.53888384132435,0.545941874870316,0.596910127770006,0.896676804558399,1.1260389310962,1.43753029134129,2.07627721431662,2.35677961581902
"2008-02-07",0.52867713091188,0.525808661363531,0.52513085267847,0.535234333818259,0.590950825048698,0.898682484021617,1.13087260831092,1.44523255043314,2.08965699614545,2.37311178785436
"2008-02-10",0.517939352466167,0.515273746994458,0.514843302871332,0.525269049127509,0.581141327449542,0.887905582688225,1.11950314590919,1.43363744414658,2.08011746718513,2.36553204957788
"2008-02-11",0.520953268794348,0.51748268540251,0.515951068975268,0.524510272440814,0.577695427260126,0.880846359535475,1.11145400149311,1.42451140727746,2.06766012091543,2.35082517359542
"2008-02-12",0.531192842705557,0.527650089630939,0.526120801443054,0.535004453004524,0.589643024052361,0.898098734608471,1.13065480263871,1.44390649765081,2.07892680708783,2.35529974215296
"2008-02-13",0.518424417943987,0.518531510652744,0.522010999345434,0.53941784363567,0.606307132507935,0.929411859075001,1.16353170021667,1.47572874864284,2.10647588975026,2.38164770704286
"2008-02-14",0.513189495310314,0.515842446785771,0.522633577425899,0.545074902560447,0.617180700738666,0.936879820425865,1.16425552297225,1.4677806392903,2.08869784808182,2.363752751477
"2008-02-17",0.517473282490077,0.519949885371662,0.526565446014412,0.548912917383912,0.621478379927941,0.943320380887732,1.17086739307589,1.47254640112052,2.08175198433164,2.34842465033384
"2008-02-18",0.502091124119585,0.504184122763523,0.510384663938852,0.532395914976949,0.605738778533556,0.934768474272573,1.1674533417167,1.47507911330643,2.09214803574318,2.36048500922846
"2008-02-19",0.532105199789593,0.528746474565632,0.527824832688215,0.538853149369782,0.599922465086071,0.927401543389091,1.16574301331468,1.47798786101988,2.08310416763438,2.33690573081259
"2008-02-20",0.510082342078224,0.513138803227799,0.520697338127383,0.545128418478449,0.622256290399291,0.95651423811678,1.18956305584599,1.49561671908286,2.10468488324665,2.36810198254858
"2008-02-21",0.513261721886492,0.514932596277591,0.520677750814471,0.542303274358966,0.616273720445418,0.950112790758695,1.18466192415021,1.49200348789637,2.0980572697591,2.35757167596699
"2008-02-24",0.506298015030815,0.508685092231709,0.515529259190693,0.539400199731278,0.617810371406522,0.962174146643715,1.200860942025,1.51112387388883,2.11607288365892,2.37288909548004
"2008-02-25",0.505871249109344,0.511231338253462,0.521757913807843,0.550616335380786,0.632107671744874,0.963281985669702,1.19161594944679,1.49335753116314,2.10671465975209,2.37816371248156
"2008-02-26",0.50037545706433,0.506723032233884,0.518511125451672,0.549204456994213,0.632267483240636,0.960033895429155,1.18436081349702,1.48109350113095,2.08841493574628,2.3594746020071
"2008-02-27",0.509636235216019,0.51211414341106,0.518562830940173,0.540077142595782,0.609646507363528,0.919949109474488,1.14156216841352,1.43831623935445,2.0484793179449,2.31996883232668
"2008-02-28",0.546838104351361,0.539769080471497,0.533107687119647,0.532307909561456,0.569935033373644,0.844528950921548,1.06554508462194,1.37150893642927,2.01151304462762,2.2960983479668
"2008-03-02",0.547703470252546,0.538231206589175,0.528424910957646,0.522761264181665,0.554923523072691,0.828840427312378,1.0524481081351,1.36051411595061,1.9942947726352,2.27124119588981
"2008-03-03",0.539113614729405,0.533416239739741,0.52866157113555,0.531182278661369,0.573807935483258,0.855084372209935,1.07696107933327,1.38220482222932,2.01757055816192,2.29948837211864
"2008-03-04",0.618474853555789,0.597629480702016,0.572881252437627,0.543919014849145,0.549330141679559,0.819000666465925,1.05751700799605,1.38425463217313,2.02975255582419,2.29986186657043
"2008-03-05",0.624802348023311,0.599687902148857,0.56908301780821,0.530205761548765,0.521823846142433,0.780753074430862,1.02491036472479,1.36597662695322,2.05276573997183,2.34339197314467
"2008-03-06",0.598928940617981,0.575369143895322,0.546693730916526,0.510472661753014,0.504086181819259,0.759995248048155,1.00276231634012,1.34563486501253,2.05001483181288,2.35310265063763
"2008-03-09",0.595932898314492,0.573958167968624,0.547139189478666,0.513071950989786,0.506694803028021,0.751342880820313,0.988170935172714,1.32868625596962,2.04952034493302,2.36754459478057
"2008-03-10",0.599838558208144,0.580229781043919,0.55641559367846,0.526683356384462,0.524052151529633,0.7629224939404,0.9936665519996,1.32871175379718,2.05312921428977,2.37908566638009
"2008-03-11",0.590282924786155,0.577696644110326,0.563111703327489,0.547742839273914,0.561279302886763,0.798702003632924,1.01623304261739,1.33436356680406,2.04670125905588,2.38009938501897
"2008-03-12",0.595814134907227,0.581855047279813,0.565116692575832,0.545214056514434,0.549447995276019,0.764472323276845,0.974182924251338,1.28962002452478,2.02369126438644,2.37843788344564
"2008-03-13",0.595350359637224,0.580559023292315,0.562641853120746,0.540644178156246,0.541784847607726,0.755785005621637,0.970089543610086,1.29673187562929,2.07205637511685,2.45335591474751
"2008-03-16",0.591196729015704,0.575431207791547,0.556228532442663,0.53222503120155,0.531171947397877,0.746837793567129,0.965007129434051,1.29784901318807,2.08649598809297,2.47319167410974
"2008-03-17",0.580432068233013,0.569962925896352,0.557897971232377,0.545591306774316,0.559736115504806,0.784931961310162,0.99802974701017,1.32187277322681,2.10345305330047,2.49751669865106
"2008-03-18",0.586633037473774,0.57641735707688,0.564583900794764,0.5522705042868,0.564949545757378,0.780070624621931,0.985441298571298,1.29918242031645,2.06287940787179,2.45106369635089
"2008-03-19",0.58989428953996,0.580726855996124,0.570325690819541,0.560409791002116,0.576272054803862,0.792161157860035,0.993928760886254,1.29990276076933,2.03876335521897,2.41216243936522
"2008-03-20",0.583838545946761,0.57607757780182,0.56763523815453,0.561132151228168,0.582065441042977,0.803397986535905,1.00400649939035,1.30511424820295,2.02473503016638,2.38591997466908
"2008-03-23",0.580961493178646,0.571653421542019,0.561118649425928,0.551155548854565,0.567442917550606,0.784450165961722,0.984916073507376,1.28574777575531,1.9980603239766,2.35102464847527
"2008-03-24",0.592329675014005,0.582236034835589,0.570620208487438,0.558802416884137,0.572335442143432,0.785031335461424,0.98373221062113,1.28197819702384,1.98502280828619,2.33120967171354
"2008-03-25",0.59429700209751,0.581768628913175,0.567015975602735,0.550541395598467,0.559703395541854,0.778376992943462,0.984907288208727,1.29194635253438,1.99669027563801,2.33372573214109
"2008-03-26",0.597620173065981,0.583699611428399,0.567079229265821,0.547579581857318,0.552985908422386,0.770981418633617,0.980802058814328,1.29374934534731,2.01196778392702,2.35465689254653
"2008-03-27",0.598996474213365,0.585274891809228,0.568863409663641,0.549518099067966,0.554543667367455,0.770296399060039,0.979786167934189,1.29453022623875,2.0263592219559,2.37988885664625
"2008-03-30",0.600090802047781,0.586728870470827,0.570789951123583,0.552187607243241,0.558131904883591,0.77510683151551,0.985646147746468,1.30294088110301,2.04606303990347,2.40777983422759
"2008-03-31",0.586869810768663,0.578117809060165,0.568649872020909,0.561528526885265,0.585506094940005,0.830796166253714,1.04839524598869,1.36876998982194,2.10746635566458,2.46528308441358
"2008-04-01",0.584649529261575,0.573487960152245,0.560876662309895,0.548952645791372,0.567903902999049,0.816440098313212,1.04053315955037,1.36892958232416,2.11257900769209,2.46531803057021
"2008-04-02",0.579644680919807,0.56766480136617,0.553981670370455,0.540394185164094,0.557435256964482,0.805110502048142,1.02917560316139,1.35630247112964,2.08975792192829,2.4340179423949
"2008-04-03",0.573483770535488,0.566460228276402,0.559216449504935,0.55536454844961,0.582130668125403,0.819379417095171,1.02668948744508,1.33187194681604,2.04031609759268,2.38672091241616
"2008-04-06",0.579880080484533,0.571376895852672,0.562430390527976,0.556754529926932,0.584440681270814,0.838388071450941,1.05619981076771,1.36937851052132,2.06330232500517,2.38730549129684
"2008-04-07",0.58762336280068,0.574310066916572,0.558915677811917,0.542778891407166,0.557180471685068,0.80387611201414,1.02670851211748,1.34839424236013,2.05220020337412,2.37465426134746
"2008-04-08",0.570254949260176,0.563438370898024,0.556592492653837,0.553795262063276,0.58335537334461,0.830047722849029,1.04228526827732,1.35190560286075,2.06058857942634,2.40271495680216
"2008-04-09",0.575117755794563,0.569537505223451,0.564233544381856,0.563554070772404,0.594497407008091,0.835796934456273,1.04394432478429,1.35127749361602,2.07450296298233,2.43413756678303
"2008-04-10",0.585711977565981,0.578004087690378,0.570032035589153,0.565645136369159,0.594059102287704,0.845241398207898,1.06210031240899,1.37739389932421,2.09212731155543,2.43350111666644
"2008-04-13",0.581003045138361,0.57263866878534,0.56361768230337,0.556969081997247,0.580612265490882,0.820126830722236,1.03315460585233,1.34796630613089,2.07935091702049,2.43635677633489
"2008-04-14",0.589023848597557,0.581107415405028,0.572726908671436,0.567240421914613,0.592709715096475,0.833910195592473,1.04558692980417,1.3562484959276,2.07073691907287,2.41642736372453
"2008-04-15",0.587464847816046,0.581356213618583,0.575424272763059,0.573992842119684,0.604887398328787,0.850404158907873,1.06101565473976,1.36930590455272,2.08169559476794,2.42928983855993
"2008-04-16",0.560581707654167,0.564135031995134,0.571339880519428,0.591812809433493,0.652402760129197,0.921995508641793,1.12583358680153,1.41806760953331,2.10794777425531,2.46143386748747
"2008-04-17",0.564381545070368,0.568393873670443,0.576310886417903,0.598262918562496,0.661843472265945,0.938489345415794,1.14457582197419,1.43684474190192,2.11390083229939,2.45434796313656
"2008-04-20",0.56525175221653,0.56804220786893,0.574333153797074,0.593700652953172,0.654276633922918,0.931916373437003,1.14211912670098,1.44118043095957,2.13222572797468,2.47736703695557
"2008-04-21",0.550734283128008,0.558360648580816,0.571404694012234,0.602613611604957,0.681152936017276,0.981592822706491,1.19215263389349,1.48220887087083,2.13136842773408,2.44965885705413
"2008-04-22",0.545147202420319,0.555627874686766,0.572441948560022,0.609561949242126,0.694792788745091,0.993708603637593,1.19758745513794,1.47935200740536,2.13027261162339,2.46487026078642
"2008-04-23",0.539003717910288,0.553670173707553,0.576375420979069,0.623978447273909,0.725637844090232,1.04814182606051,1.25466923836744,1.53098032503422,2.14583006719847,2.45405601936358
"2008-04-24",0.516496931035099,0.54319619900004,0.582676509828035,0.659629542993639,0.805796919795639,1.18796927256657,1.40142020600162,1.66936866946783,2.23088549915466,2.47867358619362
"2008-04-27",0.518070093549725,0.548749088503615,0.593840346520964,0.680794813468991,0.842585966872074,1.24529373332428,1.45806405868821,1.71411615223176,2.22696565447789,2.47640311310404
"2008-04-28",0.528535169799143,0.558697655374819,0.603035730972687,0.688558269460474,0.847760066603709,1.24449006532444,1.4544075886452,1.70735375327152,2.21529367373305,2.46310700078482
"2008-04-29",0.528262479672142,0.55619908603169,0.597352614093832,0.677034094652415,0.826471726501357,1.20590354520106,1.41137141127652,1.66414349302152,2.19357170485144,2.46552262167838
"2008-04-30",0.518302670601173,0.542925614579883,0.579373600113163,0.65055100500877,0.786273253443741,1.14500961182016,1.34847325677895,1.60827110653755,2.18226857631113,2.47325291676549
"2008-05-01",0.527319750437447,0.548628517187782,0.580831248589557,0.64583173593137,0.776477748123755,1.14990665119339,1.36970407384679,1.64822435953396,2.22077445798783,2.48895365864013
"2008-05-04",0.525529134498161,0.5473173018137,0.580289457021125,0.646967204998583,0.781255740823437,1.16468068812004,1.38887988550198,1.67046309902801,2.23768550891853,2.49733416978939
"2008-05-05",0.525299998434984,0.547371044778154,0.580693957611316,0.647843816326865,0.782386174144066,1.16410013535124,1.38688524906114,1.66716336938625,2.23577519541063,2.49859045704517
"2008-05-06",0.522186680467279,0.544659434336384,0.578495704387564,0.646393832049597,0.781593289967021,1.16225862094762,1.38400021960049,1.66368707460624,2.23693238409412,2.50563895394784
"2008-05-07",0.515663622165235,0.538065087869309,0.571846038458425,0.639792221295805,0.77554898733782,1.15926509971053,1.38286896843618,1.66427580335482,2.23677039920189,2.50250134064072
"2008-05-08",0.519750213491675,0.54012862132098,0.571106624123644,0.634188147673429,0.762579554519898,1.13478543966632,1.3543286081182,1.63073843038456,2.18670818392775,2.4398936997044
"2008-05-11",0.519747003853788,0.544959746694132,0.582262957268396,0.6550472254008,0.793587455434671,1.15796493455535,1.36319648282045,1.62325831915678,2.18463232303214,2.45324665515187
"2008-05-12",0.531919485045919,0.556927894994372,0.593922590145169,0.666082888851833,0.803349771563794,1.16374778559905,1.36623611493088,1.6221181866328,2.1697720629272,2.42600701428015
"2008-05-13",0.541670853820941,0.568284460369474,0.607628475607292,0.684281636938478,0.829746133556984,1.20909771002359,1.42018602980143,1.68405560416865,2.22952374862691,2.4606666110781
"2008-05-14",0.520992326206,0.552353977062945,0.598414167136547,0.68711903472931,0.851736812580155,1.25881603902531,1.47216985648404,1.72709786001662,2.23051628024883,2.47129971626322
"2008-05-15",0.528297406339755,0.558328180254328,0.602549248156512,0.68810287888361,0.84825396259877,1.25209669540769,1.46805653696133,1.72930387481558,2.2450389353526,2.47465437478524
"2008-05-18",0.522191271017678,0.551709067193447,0.595154162087915,0.679142605587601,0.836179566343487,1.23186724724677,1.44411723524596,1.70301725610059,2.2358889413366,2.50375007129703
"2008-05-19",0.535616968772713,0.562372901356912,0.601835849774134,0.678412463478802,0.822650796637534,1.19291144136714,1.39615167718785,1.64927431323012,2.1931740817003,2.48174106381197
"2008-05-20",0.540839763715658,0.566361766946491,0.604120536428738,0.677786554089359,0.817977443431015,1.18649253943974,1.3938923089486,1.6564741369308,2.22176906445112,2.49037970522923
"2008-05-21",0.531575541814779,0.558351118590618,0.597956099733016,0.67519417869557,0.822066794593963,1.20729117115583,1.42341410902251,1.69608470240642,2.27671568332015,2.54469142009505
"2008-05-22",0.53372917267339,0.562088704009833,0.604012738589128,0.68568875118549,0.840670485690734,1.24473385144602,1.46948632358864,1.75031376851997,2.33000521948744,2.57457516508121
"2008-05-25",0.496169792951252,0.53117829082831,0.582523540029892,0.68116372367448,0.863339153706364,1.30846054221375,1.53832296560684,1.80942310115774,2.33134122858532,2.57374869063244
"2008-05-26",0.514808416870517,0.549183102002284,0.599587130453618,0.696379346879949,0.874998063469504,1.31055780841479,1.53492928240558,1.79898425899581,2.30523370467517,2.53925961711116
"2008-05-27",0.520202149255795,0.555663310102629,0.607574594850878,0.706968678906509,0.889337116472235,1.32775289321207,1.54967153538615,1.806895327323,2.28599426940295,2.50047718983236
"2008-05-28",0.537976395419256,0.571575497887665,0.620847330780641,0.715482622434369,0.890183377134201,1.31656726329377,1.53645216234405,1.79547430826832,2.29298887060319,2.52345630748551
"2008-05-29",0.526031152555241,0.560920206112303,0.61200991558207,0.709885179247645,0.889661636081257,1.32300520653309,1.54307993770312,1.79889322421776,2.27791957339522,2.49362527494297
"2008-06-01",0.539690199803022,0.573639893455706,0.623416157675893,0.718987167280909,0.89529559544564,1.32487870079251,1.54595386757044,1.80590619446109,2.30346765954353,2.53304856480042
"2008-06-02",0.540806794782423,0.573670158673122,0.621878123742259,0.714521583076319,0.88573174351096,1.30472911645887,1.52152711901128,1.77765988005925,2.27240851507336,2.50307108807898
"2008-06-03",0.528708020192147,0.56328738632337,0.613979245913829,0.711282198313084,0.890691786267409,1.32726362000832,1.55157612362904,1.81496704595549,2.31776051929139,2.54905560425047
"2008-06-04",0.535157632217861,0.568434633146198,0.617265914148123,0.711163838244379,0.884897470249566,1.31132205943725,1.53276430424437,1.79521709582737,2.30531320074845,2.54482044134486
"2008-06-05",0.520400228459681,0.556486874970717,0.609324467890413,0.71052846052212,0.896348060842916,1.34383544655392,1.57082927311305,1.83442037086327,2.32707875462141,2.54846448870596
"2008-06-08",0.524768875163554,0.559307052264205,0.609875140226195,0.706724488473988,0.884520992753524,1.31252326614512,1.5295307484544,1.78142290417296,2.25185567515655,2.46307745307167
"2008-06-09",0.51886354432077,0.557025334243377,0.61276497070641,0.719064996398779,0.912593526159997,1.36902041740302,1.59469234277384,1.85106083989446,2.31120695495119,2.50928826448614
"2008-06-10",0.523174978543344,0.565709961853217,0.62760520217924,0.744863850160137,0.955603161189661,1.4372213011547,1.66636519144594,1.91843993065128,2.34604869009688,2.52021773456808
"2008-06-11",0.517554751338916,0.560407926947911,0.622748375956869,0.740790684241528,0.952729798602549,1.43593834559034,1.66517357066191,1.91674817424608,2.34178541173996,2.51425930962267
"2008-06-12",0.535646499569982,0.58050290557801,0.645656009946917,0.768684317008907,0.988395825636325,1.48289566546228,1.71383241938716,1.96404499151395,2.37781920987765,2.54250396055397
"2008-06-15",0.523525610227561,0.566539250775471,0.629178380665913,0.748005530499307,0.96212127153804,1.45455796666511,1.69066056757191,1.95204864484848,2.40031314014098,2.58477513564217
"2008-06-16",0.528915870551584,0.56524679193087,0.618479701071674,0.720569244855724,0.908476686632891,1.36375564849062,1.59643853532757,1.86839558098708,2.38296947825839,2.61735374970362
"2008-06-17",0.532567150362678,0.567864412360372,0.619590559040954,0.718816991444052,0.901550197797712,1.34486736835886,1.57179916579381,1.83740319609204,2.34128878488261,2.57148288238377
"2008-06-18",0.521504052838152,0.558196380400825,0.611912078288402,0.714768268856131,0.90351485629996,1.35741736772164,1.58727072092343,1.85378717395357,2.35052832818573,2.57307188669457
"2008-06-19",0.549494197628045,0.58299792844002,0.632129063320159,0.726491252267757,0.900677484236973,1.32574279891906,1.54490782364978,1.80304091935075,2.29869607371032,2.52822257819498
"2008-06-22",0.549620959943171,0.581030161400272,0.627160260572358,0.716000011171038,0.880869009374704,1.28857506320132,1.50226102540198,1.75758971749006,2.26181429270682,2.50299167548369
"2008-06-23",0.553907043216093,0.585212274635269,0.631153201753418,0.719503713097311,0.883011248310807,1.28456808549334,1.49324515954604,1.74072355172217,2.22230249459461,2.44873758502835
"2008-06-24",0.538285756544855,0.567322678891252,0.610042286162369,0.692567166329334,0.846643628133726,1.23345752332436,1.44001264909099,1.69094935477097,2.20320665825349,2.45813328302575
"2008-06-25",0.546092212579985,0.573373674017249,0.613622190821272,0.691753488352611,0.838990013739063,1.21665666845956,1.42301889869716,1.67768930213754,2.20229640161261,2.44899173487735
"2008-06-26",0.544801532414886,0.570889977619854,0.609415421151841,0.684329489504318,0.825972875588084,1.19226127079725,1.39432538397725,1.64564728466971,2.1690955403867,2.4132783279021
"2008-06-29",0.543350769671019,0.567961936595173,0.604370555951208,0.675393227742141,0.810517660321842,1.16544967227908,1.36499378763328,1.61733358513716,2.15859963630065,2.4133358422679
"2008-06-30",0.538606295807897,0.566656131045912,0.608036469631473,0.688357633829237,0.839685671821781,1.22746774046002,1.43894079484762,1.6991589874527,2.22874549924238,2.4685478575624
"2008-07-01",0.489394416944909,0.520527486335102,0.566254836411424,0.654328558164587,0.817810926694079,1.22230391189605,1.43444567186172,1.68807695889706,2.18952564715034,2.42969915078645
"2008-07-02",0.528562050101077,0.555917907840361,0.596310932337008,0.674840785195588,0.823248750630489,1.2063162813732,1.41688667842539,1.67744162029743,2.20843414091641,2.43840741924987
"2008-07-03",0.552363866697538,0.57936488887952,0.61921289135353,0.696610791225631,0.842616211549485,1.21787217066721,1.42317331411012,1.67634850518898,2.19166306982219,2.42067637019297
"2008-07-06",0.580017442037977,0.605215459316075,0.642480565800407,0.715132538351806,0.853195406773975,1.214657505584,1.4169256837187,1.67137971673325,2.20827982425233,2.44987431250423
"2008-07-07",0.571749020092997,0.596621487401105,0.633396005673353,0.705059070395206,0.841116252845891,1.19639528955627,1.39445822977186,1.64257018410239,2.15901501949145,2.38244834793545
"2008-07-08",0.577789554470475,0.602314305860417,0.638578371635644,0.709259693906634,0.843503571261463,1.19442095149722,1.3903516663897,1.63621665365758,2.150848118812,2.37717270922945
"2008-07-09",0.571202237529969,0.590280705001615,0.619297814552094,0.678431749952362,0.798914718133,1.14854239381299,1.35473998534242,1.61413043058305,2.13465035718464,2.37103253578187
"2008-07-10",0.576209743654105,0.5936566131553,0.620414453085148,0.675665071536575,0.790623831063204,1.13654200922501,1.34674627448916,1.61639595677206,2.17318529609733,2.43217331222067
"2008-07-13",0.579850973314376,0.597181372962308,0.62371539524187,0.678371620829324,0.79174475486647,1.13218364104383,1.33944181926312,1.60635111561681,2.16289520298339,2.4247384694183
"2008-07-14",0.582032638965204,0.597405610129126,0.621311916692706,0.671693868107556,0.779606019448243,1.11680104161548,1.32566675136512,1.59482759772449,2.1481819045845,2.40257792182703
"2008-07-15",0.572623099267098,0.589282557423756,0.614950877068661,0.668327794478238,0.780592793422892,1.12419105961796,1.33558997466877,1.60871240083859,2.17784796302584,2.44437709154781
"2008-07-16",0.570316658998099,0.586903342815547,0.612520273172162,0.665981386051077,0.779022390458859,1.1277252720015,1.3433893423138,1.62276107530077,2.20657084841171,2.48041870460391
"2008-07-17",0.576574327371832,0.591000032659051,0.613810034483704,0.663016252979902,0.771670605150535,1.12270046285016,1.34263760828553,1.62544613144228,2.1978654610784,2.45549091201502
"2008-07-20",0.566976722766742,0.584978956675921,0.612551179103873,0.669365353934969,0.78720522499898,1.14008305077533,1.35380261405296,1.62748911019686,2.1915570520215,2.45364499615889
"2008-07-21",0.540994753989688,0.566014545604992,0.603038134880944,0.675297621049542,0.812919926419123,1.17547899700927,1.38016066186714,1.64019078440177,2.20593638046758,2.48213807577176
"2008-07-22",0.535411440632422,0.56128469041395,0.599562715939926,0.674240366625127,0.816350938847732,1.18987163903607,1.40005621683708,1.66611841611915,2.23860278316851,2.51025331026348
"2008-07-23",0.52188376365003,0.548023165905212,0.586690135462476,0.662109491328278,0.80556496900871,1.18213071697605,1.39363856127379,1.66082814635272,2.23207826551858,2.4985984153532
"2008-07-24",0.556939161275108,0.575793963000863,0.604359406268893,0.662283961805929,0.779813440627968,1.12439967457232,1.33372761876922,1.60678182737258,2.20081783368898,2.49654383566333
"2008-07-27",0.560134961147951,0.580073947452714,0.610066152959237,0.670193563420918,0.789978934291454,1.13091797853963,1.33392209187511,1.59652656625485,2.16603786350384,2.45127902103007
"2008-07-28",0.563569637071663,0.578194340313922,0.600914400064354,0.648772856062604,0.751512533941847,1.07758866819406,1.28464856343989,1.55833888158549,2.15036732782306,2.43750524232858
"2008-07-29",0.569414962663089,0.585858747876871,0.611047415100885,0.662998545996903,0.771152443605062,1.10018572472964,1.30421047667168,1.5717265464999,2.15002662069939,2.43286259336821
"2008-07-30",0.564832961036279,0.58222377607911,0.608694227953953,0.662763532876297,0.773727915411637,1.10485957389214,1.30831171408318,1.5749123932521,2.15586629218547,2.4441759244284
"2008-07-31",0.571446862752413,0.584618997112746,0.605302068428093,0.649555598928901,0.746680922645052,1.06440287291559,1.26985031229927,1.5436400728822,2.14016800638821,2.43025070781195
"2008-08-03",0.579197794701875,0.589208385725973,0.605656070673064,0.643050869930078,0.731526421721086,1.04475091500659,1.25321285019251,1.53095404395013,2.12134198036519,2.39771974835386
"2008-08-04",0.568597046727411,0.578155360662884,0.594211016804376,0.63168919630773,0.722773490113373,1.0502877253948,1.26676130946014,1.55081206726907,2.13370621042654,2.39652046368411
"2008-08-05",0.570453817595382,0.579258051197125,0.594343118895405,0.630364221322817,0.7198895668389,1.04643307848001,1.26181542346752,1.54212745447689,2.10628074560114,2.35556175438484
"2008-08-06",0.56224862153419,0.574118137297158,0.593286380500856,0.635846106011835,0.733381747673612,1.06287433028417,1.27432555991902,1.54890547850082,2.10901165094316,2.36169444608554
"2008-08-07",0.57080779796298,0.576890600204146,0.588161563680642,0.617436438669269,0.696443578127909,1.00697190215683,1.21877556879834,1.49817910564946,2.06739898578657,2.32040837592931
"2008-08-10",0.55427721338337,0.564560023105355,0.581352757340364,0.619210929877163,0.707735272878231,1.01526327455063,1.21664796798502,1.48165877552996,2.03328151188965,2.28649748793401
"2008-08-11",0.564899672242761,0.574501794962572,0.590414017727036,0.626943844758682,0.714081010027813,1.02167893673233,1.22341938337473,1.48758608368458,2.02970567893145,2.27459060813811
"2008-08-12",0.561115377993772,0.568918013694125,0.582439086115247,0.615166814431168,0.6977888360521,1.00514471233183,1.21075282601221,1.48096656230034,2.03314873468513,2.28034518408419
"2008-08-13",0.55003701271145,0.56187167879788,0.580676191157856,0.621556220217852,0.712996244887225,1.01632321078794,1.21156048452032,1.46827920533643,2.00879232609945,2.26137649151324
"2008-08-14",0.553168710462758,0.56312818564327,0.579596112097956,0.617296163099744,0.706931426858787,1.02222800953536,1.22864426357033,1.49872336533135,2.05256851297501,2.30265637010179
"2008-08-17",0.532473258389816,0.541161873537436,0.555916781380512,0.590820720979343,0.676945658336823,0.991911708391512,1.20213335291167,1.47946037998995,2.05257221705294,2.31237255386892
"2008-08-18",0.556129105250449,0.563397310041176,0.576103916876918,0.607199936280282,0.686797067008745,0.989342006671665,1.19559061114755,1.4707531078772,2.0476893854884,2.31211437979679
"2008-08-19",0.549490782629023,0.558536049724647,0.573536517624596,0.608064511666709,0.691063694946643,0.991409609191302,1.19454734219735,1.46822251436411,2.06045014291746,2.34225301928917
"2008-08-20",0.553562406354932,0.561265994220009,0.574555960061765,0.606596497989144,0.687379974969179,0.990427264101657,1.1960602986291,1.47019800175842,2.04571296216897,2.31012952895086
"2008-08-21",0.537214658620445,0.549331630027582,0.568614389002999,0.610641948397593,0.705084368174054,1.02169830143468,1.22785079207941,1.50165569305962,2.08889377681988,2.36841141311118
"2008-08-24",0.545634280011118,0.554627119915139,0.569574291298534,0.604081968577559,0.687348457031098,0.990266199412052,1.19596225214196,1.47386906500691,2.07805712403521,2.36680289463864
"2008-08-25",0.552847737318795,0.561581656074514,0.575998245965422,0.609025071305096,0.688232129612844,0.977573943075238,1.17685650953101,1.45057302177202,2.06654561384204,2.37205174442733
"2008-08-26",0.554748358234995,0.561679890960737,0.573926315046684,0.604273910195147,0.683105406085611,0.988918862781943,1.20084602335539,1.48716269816344,2.10044902413157,2.38716395359561
"2008-08-27",0.558018647199516,0.566413447279749,0.58051580464212,0.613503380660849,0.694286495458233,0.99249194936765,1.19620727383945,1.47185306590562,2.07084720599101,2.35650218797451
"2008-08-28",0.560499654080364,0.569039558489849,0.583253093118381,0.616126626064709,0.695641441641145,0.985976250290995,1.18372673441982,1.45151687237564,2.03603369151723,2.3164519649919
"2008-08-31",0.550569270584473,0.560787421112155,0.577598610807085,0.615863713798511,0.706380753830943,1.02495223882721,1.23499592279072,1.51222970382614,2.09095880249083,2.35701621641929
"2008-09-01",0.563213224093689,0.572118527520051,0.587079629105659,0.622034652544823,0.707234755630483,1.01654334364394,1.22343021705014,1.49789120132405,2.072543606462,2.33667267128904
"2008-09-02",0.560349659717336,0.571721486022584,0.589927267683512,0.629921335634091,0.720618754713259,1.02671781978068,1.22569212355302,1.48852090930779,2.04443381939217,2.3048599834885
"2008-09-03",0.559996263269769,0.572047161500062,0.591166207750608,0.632658587978541,0.725364928638926,1.03388324161614,1.23390868874947,1.49904452866513,2.06653425694719,2.33634830840346
"2008-09-04",0.554752182674704,0.563898150977509,0.579134691547483,0.614364547727998,0.699221911628448,1.00345319135756,1.20567907399638,1.47324191892926,2.03203786447797,2.28854581433129
"2008-09-07",0.554562421397692,0.567500596057902,0.58828415110524,0.634050682673933,0.737515733731208,1.07737473852583,1.28927767966341,1.55792279429572,2.08370523190559,2.31214666776248
"2008-09-08",0.543722421568587,0.558262558554872,0.581107486416357,0.629924319843923,0.736202953560733,1.07155862427239,1.27751136216987,1.5385491715802,2.05493175517176,2.28272584915463
"2008-09-09",0.539024780547295,0.551267766832812,0.571125627733977,0.615407497738756,0.717023267457866,1.0557566324478,1.26800119744514,1.53698322389755,2.06112922518086,2.28757449554319
"2008-09-10",0.53887923126133,0.550053602611763,0.568368442362362,0.609783487222989,0.70654289673569,1.03694520012784,1.24751267757084,1.51727276998434,2.05124185978913,2.28484542377765
"2008-09-11",0.549164233716974,0.562308489733408,0.583190785235172,0.628541913751949,0.729611579726918,1.06033996893146,1.26935776051188,1.53947866704252,2.08990803866889,2.33892913664309
"2008-09-14",0.548269941001282,0.560161081325054,0.579289118499149,0.621545598242738,0.717828828801438,1.04160360389655,1.24940184391626,1.51983492930619,2.07470357843245,2.32664363653405
"2008-09-15",0.542564963764454,0.553808097248463,0.572047651931934,0.612786522241715,0.706811739818948,1.02669181349405,1.23247479704963,1.49967522652184,2.04363824782409,2.28834885816743
"2008-09-16",0.544775937096315,0.559308991498209,0.582046299492321,0.630367747976097,0.734959362580861,1.06474615271301,1.26885608630309,1.53032430079351,2.05936426696578,2.29819189947842
"2008-09-17",0.551046328983528,0.565434959170687,0.587954475559629,0.635849536520665,0.739701517495811,1.0688677896179,1.2739299637133,1.5381949687985,2.07885384177232,2.32557783023517
"2008-09-18",0.560017397735575,0.572043235643383,0.591343814177842,0.633849695745834,0.730318963308402,1.05317647040347,1.25983864808955,1.5284726910765,2.07900899521091,2.32882949007704
"2008-09-21",0.54812197418227,0.565472243618845,0.59188768897524,0.645840614892082,0.756385163356385,1.08311630403184,1.28071205759562,1.53534407217545,2.0709685418351,2.3264578547339
"2008-09-22",0.531856313239592,0.554949314110116,0.589115485071472,0.655776065010659,0.782649173558566,1.11625925064907,1.30409655116371,1.54202610476492,2.05501790056579,2.29973021802426
"2008-09-23",0.539146383244352,0.56216454591543,0.596214333250751,0.662627738206124,0.788952160794374,1.12054359848984,1.30678577915152,1.54205165264954,2.04500490990391,2.27960562670546
"2008-09-24",0.533849889760841,0.557013622487923,0.591274979404716,0.658087669275726,0.785119484565518,1.11818419686312,1.30494791424584,1.54044240940258,2.04100347709675,2.27088783339159
"2008-09-25",0.531110893569095,0.553469768343927,0.586555359501243,0.651127407022491,0.774102362858493,1.09802823437412,1.28086348689903,1.51308908138078,2.0180037977697,2.26409378709318
"2008-09-28",0.54959568813782,0.564812272285952,0.588467106380147,0.638282898756476,0.744803819594488,1.07600540068105,1.27987695421118,1.54109149286116,2.0723506216008,2.31399886012587
"2008-09-29",0.553047175260902,0.568086039023589,0.591365031269979,0.640114768843458,0.743736281965839,1.0660833112453,1.26673344221123,1.52770647680127,2.07622728828843,2.33476711158573
"2008-09-30",0.559895827920556,0.574946871056601,0.598141271176189,0.646411801978214,0.748217401427982,1.06322497583713,1.2600941130239,1.51840441914919,2.07350585440022,2.34209440603107
"2008-10-01",0.553368311582829,0.569495677238518,0.594273485872787,0.645589069517181,0.752945162960004,1.08000573272193,1.28144454086878,1.54281452215158,2.0938392574465,2.35553294933001
"2008-10-02",0.568103481261976,0.578669709292551,0.595601997663316,0.632879008948434,0.717857594713411,1.00919854236623,1.20230367363546,1.46203589790992,2.03071918151682,2.30670776688187
"2008-10-05",0.597988482913708,0.600687810122498,0.607208104615263,0.62801624587932,0.693377866963565,0.977978875215305,1.17830663531937,1.4439146367946,1.98166663240032,2.21783758813162
"2008-10-06",0.660555070028011,0.656736988183321,0.654507824749646,0.661063905750342,0.708047449171769,0.980374446162606,1.18556180754981,1.4604096574135,2.01086179813678,2.24773507861535
"2008-10-07",0.692130405427623,0.686819966275115,0.6826155506708,0.685990243338223,0.728620581184343,0.99205278928208,1.18993731791374,1.45129073541256,1.95965003368253,2.17278008642947
"2008-10-08",0.632858167911034,0.64459412699819,0.663226954207201,0.703644210661282,0.793498259454722,1.08565923397953,1.26892891327755,1.50420922615735,1.97793357404657,2.18982863149335
"2008-10-09",0.632772324640413,0.648400198642816,0.672234579097926,0.721035175434703,0.821326234772502,1.11812419511597,1.29696498136953,1.52603362332318,2.00082770074601,2.22341836150972
"2008-10-12",0.64513305815495,0.662415599457275,0.688521622261506,0.741184256263709,0.846975660352152,1.14971338921876,1.32854160156124,1.55616476296916,2.02883519565048,2.25280487354593
"2008-10-13",0.630823062312224,0.648499933358862,0.675392192377254,0.730200924767214,0.841779299542408,1.16376436135391,1.35188704451864,1.58625524505215,2.04759216215734,2.25301567474972
"2008-10-14",0.59807139585054,0.610869933579938,0.631853040145674,0.679131156527504,0.787951727481956,1.14010147065129,1.34952844348268,1.60167137426417,2.05076067545481,2.23053034547459
"2008-10-15",0.540679059484799,0.565720281292027,0.602724292321349,0.674763443856155,0.811257460134039,1.16563199747859,1.36155088225294,1.60465394525099,2.09498499152626,2.28698388943262
"2008-10-16",0.594055405301955,0.608428869701269,0.631165845143025,0.680190290016854,0.788033818064833,1.13060549101702,1.3401846941543,1.60362951692115,2.11504378670068,2.33633127213643
"2008-10-19",0.595682913191151,0.611253418813294,0.635497055639833,0.686664874511622,0.796370782637143,1.13813693149257,1.34831652517975,1.6169933088994,2.16035856654817,2.40597859027126
"2008-10-20",0.589999869387269,0.604972165665505,0.62845359998093,0.678513962731161,0.787234050829673,1.13020256797023,1.34152892245256,1.61058238016363,2.14786476557534,2.38714862274903
"2008-10-21",0.607463657020984,0.612606417127355,0.622910138964665,0.651586784519295,0.733143077061168,1.06152684994046,1.28374601779777,1.57192025551388,2.13799163149934,2.38092110250119
"2008-10-22",0.621235382440617,0.625636270829409,0.635002030094011,0.662306371777898,0.742380944874077,1.06805681683219,1.28660371991033,1.5664574729016,2.10281698649606,2.32797932702416
"2008-10-23",0.629664650716583,0.628612449919044,0.6306807963125,0.646167689552061,0.711197144554073,1.02743852573354,1.25028673132499,1.53809051892481,2.08683504295737,2.31459043196564
"2008-10-26",0.6320591460001,0.627817338263162,0.625625416536611,0.634254632512485,0.690789847162241,1.00411198222422,1.23220994962624,1.52926726288154,2.09762436429618,2.33332639438673
"2008-10-27",0.643906023855083,0.634675813713552,0.62583758814856,0.62380365768498,0.66712608496731,0.974350568813068,1.20822134621357,1.51514573250078,2.10114770356335,2.34258868432195
"2008-10-28",0.529022851311212,0.518509879468121,0.508958182111869,0.509005139559122,0.565465869766859,0.927670778423092,1.18783709433538,1.51443293178737,2.09771248209729,2.32675481625439
"2008-10-29",0.562662777022971,0.546473967686767,0.529685860570165,0.519061111906549,0.5646525584701,0.924980881974482,1.18613646803584,1.50884494428791,2.06690671761169,2.2808677751791
"2008-10-30",0.413722568599408,0.421875535455294,0.43695470133397,0.475817820359612,0.578534183451305,0.958685156559111,1.20044614333957,1.50028588509365,2.05046147566041,2.27426081754193
"2008-11-02",0.37503721707234,0.38565484959886,0.404215227808761,0.449332155857391,0.562172145405202,0.960197453835655,1.20801178189346,1.51285552562413,2.06835841513937,2.29365249143897
"2008-11-03",0.423450654445113,0.424946974071799,0.431698409116391,0.45894141395321,0.552874304320798,0.953960099837192,1.2150485896448,1.53427907444158,2.0964421720197,2.31680471631113
"2008-11-04",0.43648847331003,0.439523692697775,0.448122302913546,0.477690114448221,0.57253555759915,0.966350314935786,1.22315298695054,1.53991747625459,2.10744157668639,2.33294275716232
"2008-11-05",0.463096186653997,0.460385500205812,0.4613909580731,0.478947205407064,0.559271424292803,0.945853549816174,1.20693104879163,1.53003861964002,2.10430046240354,2.3301979303673
"2008-11-06",0.504090389858895,0.495929784280437,0.48995355259208,0.497119146493593,0.566636442026167,0.951361578491065,1.21428286079217,1.53545818630634,2.0897001541611,2.30277109992966
"2008-11-09",0.491817179511226,0.489808912966526,0.491950899413232,0.511911555312633,0.596681403919483,0.987045974518488,1.24319794404158,1.55375656136448,2.08989489133671,2.29675853413497
"2008-11-10",0.462516102912665,0.462041024843856,0.465989090488649,0.488113318052289,0.573360195632976,0.955873458368755,1.20810909313465,1.5171799539314,2.06089791945233,2.27358592407359
"2008-11-11",0.478432939888347,0.477127238624087,0.480032304586951,0.500685469870195,0.584748567079086,0.969459817116537,1.22388461417404,1.53524687590026,2.0809993134633,2.29382747198366
"2008-11-12",0.483756931202856,0.47758872589378,0.474235145234106,0.485496787951021,0.559667760216679,0.943821633542813,1.20220376219977,1.51632164879827,2.05651893036393,2.26393810389318
"2008-11-13",0.48323752209615,0.476025568570672,0.471349927013716,0.480700083523478,0.553114680042072,0.938568395827131,1.19862759410737,1.51429337184531,2.05499754677306,2.26197590497523
"2008-11-16",0.475457365268086,0.471830939601066,0.471561137962772,0.486864242476284,0.563537037411762,0.942291183926038,1.19913737892304,1.51671595090134,2.07921560719235,2.29981480012945
"2008-11-17",0.476216922115619,0.467666950409133,0.460854124861866,0.46573660410106,0.529897337299133,0.906690480212997,1.1733088275931,1.50732272695771,2.10468983779039,2.33980900877684
"2008-11-18",0.465611393018086,0.460697664764181,0.45848476236836,0.469968596203275,0.53984693547706,0.908751294214444,1.16656543805857,1.49125984600772,2.0808122216405,2.31587644408864
"2008-11-19",0.46816898128074,0.462446365782809,0.459069439189483,0.468391252577193,0.534530995927024,0.895653139188728,1.15016701629225,1.47155125772034,2.05624914103998,2.28955495435725
"2008-11-20",0.454224712390074,0.45571361576226,0.461337382262392,0.48314467910861,0.558458011874154,0.896320261860884,1.13064091318834,1.4337602187364,2.01821729177943,2.26376191437812
"2008-11-23",0.448411838113479,0.452372813541863,0.46117484280688,0.487705278581676,0.567638384482116,0.902219139812867,1.13153905091821,1.4298225072204,2.01575533036224,2.26668806090251
"2008-11-24",0.452404489493863,0.456406318640538,0.465288879858049,0.49203097992481,0.572479907716801,0.908194986130059,1.13756327693734,1.43509522331295,2.01686527562423,2.2650445874331
"2008-11-25",0.464201303554432,0.469965034913787,0.480990954182086,0.510476098540827,0.591834896992091,0.914161008584054,1.13244036188112,1.41720399951322,1.98433186734173,2.23100104484599
"2008-11-26",0.488843161024319,0.492134164455897,0.499810303195456,0.523728227245712,0.597460503884925,0.911535529371669,1.1287025964646,1.41259423093334,1.97408025492801,2.21579109044088
"2008-11-27",0.509480527249501,0.508657318361068,0.510934212772221,0.526471543458999,0.590830644540693,0.906106767235202,1.13147026016833,1.42657392215091,2.0026527767578,2.24643008308417
"2008-11-30",0.515622635438021,0.511221721207896,0.508828485424637,0.517189465831743,0.573705129733723,0.89018465148903,1.12191426082414,1.42496015156771,2.00847729468748,2.25165474126568
"2008-12-01",0.490759629296996,0.48422961510571,0.479215825108156,0.484039781850121,0.538133640764573,0.85956791654496,1.09350114268826,1.3944498308949,1.95585360270815,2.18373932212914
"2008-12-02",0.484576117913648,0.483304043079931,0.485096982503367,0.50022908442991,0.565304657718951,0.886411745422988,1.1147663489955,1.41165037309564,1.98352770279439,2.22277946403476
"2008-12-03",0.482435643986169,0.47972606847768,0.479576309599348,0.491509915838909,0.552403582304445,0.871219389090976,1.10177286768766,1.40318361611948,1.98634194863204,2.2307650884148
"2008-12-04",0.474280134732731,0.477162011766269,0.484268773345689,0.507201280377677,0.579524322007647,0.892757747814708,1.11109737534003,1.39780980184285,1.96834678206102,2.21509147255041
"2008-12-07",0.477237861390352,0.478689910427653,0.484153690972914,0.505325602622581,0.57848797364159,0.907581057680785,1.13654876168311,1.43358852833046,2.00906757471051,2.25179568204115
"2008-12-08",0.466645008238202,0.467794318371391,0.472876849873988,0.493529159807975,0.566485015499803,0.899271205286396,1.13241587131992,1.43612991115265,2.02798357742937,2.27872422094982
"2008-12-09",0.480271374114995,0.480463995766738,0.484378548129505,0.503496740948114,0.575617249160114,0.912138751425194,1.14741741162748,1.45154414110568,2.0346713060667,2.27815300316468
"2008-12-10",0.483670750438619,0.482245640475122,0.484033352986671,0.49984324178827,0.568278705089048,0.905922619146587,1.14543285270711,1.45598487064663,2.05139881205562,2.29953839828718
"2008-12-11",0.492471546968137,0.48463781650032,0.477844914797761,0.479743133629582,0.530406901050572,0.856628835945901,1.10111959749407,1.42122811638069,2.03317504478145,2.28597309341404
"2008-12-14",0.480425314671447,0.475894521090409,0.4733402890913,0.481512101069366,0.538219810014583,0.859358412484408,1.09635917638956,1.40824137725711,2.01477888576193,2.26954896432131
"2008-12-15",0.47958100575733,0.47050162197337,0.461980935657697,0.46087963412073,0.507039487257728,0.827053514052189,1.0704255390092,1.39047196713986,2.00432665245106,2.25824777932073
"2008-12-16",0.382501614255852,0.380770128086102,0.381869609298192,0.395665524913538,0.458626882466908,0.780385126424078,1.0143267772417,1.32349553996448,1.93451547743923,2.19544174949358
"2008-12-17",0.385366202916048,0.381516500423431,0.380028539048541,0.390405160084015,0.451319653448907,0.77919947912154,1.01550105851199,1.32165898790056,1.90358023314659,2.14380791724984
"2008-12-18",0.26995444198318,0.278297310906689,0.292964032508961,0.328979047824177,0.420849172444078,0.761164242004849,0.985018529186203,1.27373281635892,1.84295191603424,2.08935870282477
"2008-12-21",0.24201914001269,0.254921434411709,0.275800369829876,0.322192247935638,0.428020311297573,0.776485310784964,0.992062154026269,1.26240266675403,1.77995150337261,2.00014764002531
"2008-12-22",0.168806801668624,0.194381943352027,0.232172106075873,0.305731653606095,0.44506707889356,0.80652799765458,1.00613024704774,1.25346891527293,1.75006020084835,1.94148644737264
"2008-12-23",0.154866281002628,0.180827542219665,0.219181660850323,0.293815566967144,0.435094747567602,0.800923080574062,1.00239226090831,1.25126518535849,1.74561759931434,1.92910223936804
"2008-12-24",0.1509049965219,0.177331165865121,0.216357400645687,0.292246833437559,0.435698356107225,0.805639754277886,1.00815154735176,1.25655921056354,1.73798118388813,1.90051737107998
"2008-12-25",0.145150405686926,0.170403964395485,0.207703986390301,0.280256243999758,0.417476049902304,0.77191322918537,0.966397691751101,1.20562230741823,1.67382340131282,1.83820472179122
"2008-12-28",0.144359695695849,0.17006197510684,0.208006790265863,0.28174928402533,0.420970530688878,0.778728156009629,0.973535654082191,1.21100018879034,1.66091893342824,1.79862620679172
"2008-12-29",0.147044026271209,0.172150064703032,0.209217556165103,0.281265437124446,0.417327962832847,0.767269866718642,0.95806697360564,1.1909989627713,1.63480061959536,1.77411958479231
"2008-12-30",0.221453154313959,0.230140616015091,0.245515608454835,0.283330126129074,0.378623678915074,0.712849656793531,0.917691275691091,1.16564208274924,1.60531749236602,1.7798749666384
"2008-12-31",0.229375737178535,0.234660423082361,0.245537385133435,0.276242754798823,0.363028543241618,0.694176170272932,0.90288314469894,1.1567404160783,1.60539248568279,1.78239520510847
"2009-01-01",0.231561685147727,0.23506292023322,0.243733920670598,0.271454409071676,0.356377729823341,0.695515797196119,0.911201682304908,1.1728240677725,1.63070147128787,1.80975841260627
"2009-01-04",0.218255693536305,0.224767271928004,0.237683567382249,0.273011485682609,0.37020342419156,0.730966824181318,0.954077241411811,1.22203295890898,1.68734473782213,1.86875693183115
"2009-01-05",0.118794305818358,0.146807140124468,0.18816135888893,0.268523624579131,0.42021870751481,0.809853223347846,1.02187407099226,1.28011177148151,1.76793578815848,1.91519557602928
"2009-01-06",0.189550001507653,0.200217267602955,0.218819965707087,0.263836697704585,0.375405856955386,0.760022392025509,0.993358875462386,1.27419574550481,1.76865466913128,1.96406466297135
"2009-01-07",0.112232232642725,0.141102728466295,0.183732824558659,0.266609149456817,0.423185438234024,0.82636353272717,1.04657419156094,1.31597710461177,1.83315912113897,2.00097276927259
"2009-01-08",0.224213123206932,0.228802718683428,0.239808950404619,0.274186732802217,0.37718396367436,0.774222158424466,1.01829895695071,1.30651624275958,1.79162381181313,1.97645805012162
"2009-01-11",0.237083580389193,0.237650818233684,0.243158373877517,0.268220300774318,0.357795083521571,0.73697065445287,0.976935706906315,1.2624198860201,1.7443370892413,1.92786349764201
"2009-01-12",0.225905349871094,0.228479139654775,0.236437085954077,0.264747257533844,0.356347350541978,0.729632142770488,0.965950603862654,1.24973592193303,1.73745961530959,1.925640575957
"2009-01-13",0.215436689492452,0.221866214660071,0.234904599222112,0.271227259705056,0.372585151636528,0.752758683559868,0.988854963393347,1.27283308229748,1.76655628218296,1.95913495139599
"2009-01-14",0.223843850262886,0.232380479767774,0.247604904766708,0.285440605074168,0.382274694692361,0.732511749078903,0.954064825045565,1.2292652271396,1.73742921248619,1.94547353676208
"2009-01-15",0.214540076233947,0.223170401596535,0.238693936010187,0.27757417444651,0.377544990069513,0.737520825077758,0.962771069780823,1.23949926016006,1.740965862703,1.94320086153297
"2009-01-18",0.225600723035617,0.230441724199363,0.241278589841394,0.273798593183004,0.369591424091007,0.743667872587765,0.980269230206702,1.26729007511565,1.77094345708069,1.96842999810049
"2009-01-19",0.23216037770247,0.235266055106316,0.243726660583096,0.272186933469984,0.361888968782398,0.725268788424987,0.956897412520448,1.23749655003013,1.72682741304531,1.91760464566409
"2009-01-20",0.243390445461673,0.244715067777201,0.250812905258937,0.275524410180082,0.360778099376141,0.723792918638268,0.959182671653017,1.24600385567779,1.74843399460741,1.94465384626137
"2009-01-21",0.261639246620389,0.257343402026665,0.256249913177852,0.270356365648766,0.34534864839366,0.715364644534191,0.961997800507376,1.26172684849758,1.77850636897191,1.97744719077604
"2009-01-22",0.241670235355689,0.239606517032336,0.241382484937836,0.259775377998826,0.339168255672345,0.70830096218158,0.952002473678956,1.24872896981776,1.76402843905502,1.96361554033663
"2009-01-25",0.267158671044581,0.267429977842258,0.271988546005308,0.293817899245455,0.374326809084612,0.731849338205272,0.968950311101845,1.2618998274553,1.78470862631017,1.99140887369388
"2009-01-26",0.261113343737896,0.265690479543762,0.275923571351232,0.306677726434542,0.397802374519397,0.759840837081098,0.993401678400551,1.28153372054448,1.80044534993023,2.00777649013902
"2009-01-27",0.274070634711015,0.272651816749952,0.275453503595666,0.296016615765758,0.379727186641354,0.757474548476058,1.00297111533449,1.2989415381009,1.80625166633111,2.00113486108915
"2009-01-28",0.277721214361947,0.283194876103424,0.294490394620602,0.326509966059704,0.417692986615622,0.771903291556335,0.999570978212063,1.28109246053695,1.79154823009076,1.99676273052004
"2009-01-29",0.305669813891042,0.307112314703587,0.313266615597405,0.337755675409657,0.421789908528978,0.780806118846709,1.0152345226612,1.30277242251814,1.81169399404643,2.01191526505268
"2009-02-01",0.305590958366034,0.306311037538669,0.311781706823094,0.33602622504332,0.42222810595524,0.790079772891745,1.0258491093503,1.30951626818578,1.79644202889139,1.98392579220943
"2009-02-02",0.294163406925046,0.298955154658843,0.309829180391995,0.342678182797507,0.439356847708787,0.811304857365869,1.04193904637598,1.31692908345516,1.78695902033969,1.96794273794098
"2009-02-03",0.294542202378415,0.300888396280132,0.313996017803649,0.350982592458199,0.454778353590938,0.841349426792941,1.07808352920694,1.3591134155893,1.83784114600122,2.02193904776375
"2009-02-04",0.186985133134942,0.215203523112024,0.256857596867599,0.337789752318855,0.490510527799466,0.88240812316011,1.09535765435895,1.35428703271719,1.84036549375466,1.98278150338212
"2009-02-05",0.171592954821248,0.200031387796648,0.242019221454963,0.323631707774288,0.477760767128352,0.874196257381376,1.09036555503026,1.35430574117277,1.85741488201567,2.01567155307259
"2009-02-08",0.267425945633345,0.273281732033943,0.285563200721427,0.320715965472422,0.420900069773706,0.803400090107996,1.04325047619014,1.33332122933423,1.84109349717645,2.04000592741376
"2009-02-09",0.168653245786301,0.196334369473005,0.237209663103124,0.31667956870969,0.466839945539175,0.853643785440911,1.06503013898989,1.32380972463534,1.82178862000019,1.98502865257157
"2009-02-10",0.170907548988283,0.198086251983739,0.238219796903998,0.316248125953107,0.463686694330529,0.84349479275661,1.05107058145283,1.30520343557895,1.79436601309996,1.95489033486425
"2009-02-11",0.256354867732742,0.26463127228822,0.279828499939887,0.318632764373236,0.419821645579991,0.784457994293876,1.01006491240368,1.28363882553536,1.76829771075573,1.96032253952192
"2009-02-12",0.260160332147171,0.266301737280119,0.278794893224943,0.31370260672869,0.41142530638436,0.779801723377918,1.00964399505436,1.28711290985316,1.77213434619102,1.96202817423991
"2009-02-15",0.154534514496895,0.182407084074888,0.223559116788972,0.303545854484412,0.454599969826851,0.843091973927147,1.0549018106727,1.31347856628416,1.80608305846034,1.96064133022812
"2009-02-16",0.262891969168342,0.267402813517252,0.277973614416933,0.310598930092662,0.408070147919545,0.787858398954711,1.02516805184769,1.30947524926112,1.79849113630627,1.98753238304877
"2009-02-17",0.264284395589606,0.267153779030827,0.275408480644651,0.303896980493188,0.394846578857265,0.764940396493671,1.00053238419422,1.2852001581206,1.77935198325232,1.9713553821383
"2009-02-18",0.279730490002023,0.279425265068677,0.28360073201993,0.306012443569474,0.39084836005137,0.763554900509502,1.00465797857619,1.29562631027256,1.79622410567147,1.9891330679057
"2009-02-19",0.280424907317008,0.280599601645978,0.285385034283768,0.308693593034542,0.394457789844911,0.767690341877891,1.00918638697935,1.30131021826423,1.8061412248722,2.00132168782246
"2009-02-22",0.279762119902647,0.280434768571857,0.285928473002374,0.310505728120634,0.398194716915368,0.773023059726458,1.01339517356278,1.3026523652624,1.79924089095965,1.99045466601311
"2009-02-23",0.293913997936245,0.292720547732845,0.295498189360464,0.31499311720854,0.39413297754547,0.75592774421905,0.995120372510373,1.28781119832038,1.80079634326521,2.00084031008088
"2009-02-24",0.295895657606725,0.296921324588504,0.302575746829518,0.326456439090904,0.410460734996786,0.773930172541373,1.01226415781381,1.30500689306372,1.8237075746044,2.0278623988733
"2009-02-25",0.313385476930772,0.309407157381484,0.308289633365609,0.320966288619259,0.389984895793672,0.741664106630222,0.983675266721924,1.28565364987996,1.82716464134282,2.04127672436846
"2009-02-26",0.277125171856218,0.276976224839377,0.280954808920603,0.301803176068654,0.381025372420306,0.738782638503103,0.977988679773208,1.2749669631509,1.80834777494376,2.02011928599268
"2009-03-01",0.309221651588406,0.3042171987928,0.302143084926281,0.314577423094467,0.387296656641812,0.75674883666448,1.00584321626807,1.31043460162387,1.83958356907735,2.04421578797174
"2009-03-02",0.298832874891398,0.295744625436675,0.296138903113264,0.312281599076637,0.3889078645223,0.758434485907737,1.00576001874368,1.30891356820353,1.83945045910264,2.04587305007389
"2009-03-03",0.293519510629023,0.290089720163227,0.290497549630218,0.30810286741395,0.390792776275044,0.777930512971307,1.02879265108436,1.32811119366702,1.83177644854804,2.02278870149442
"2009-03-04",0.295010285822988,0.291710904919914,0.292140544286078,0.309310703384406,0.390052180273398,0.771042062528649,1.02016413948408,1.3196601247078,1.82912427985209,2.02367004496759
"2009-03-05",0.2696893475221,0.270017349533638,0.275110174527283,0.299244954058095,0.387119399563193,0.766387181236257,1.01036342371428,1.30425873549477,1.80919778689541,2.00368177822498
"2009-03-08",0.264459499549813,0.266098265467862,0.272605839215574,0.298011494994614,0.384665228851743,0.755886205329884,0.99989200002789,1.30109104972204,1.83964411529609,2.05309601659006
"2009-03-09",0.258674826178332,0.262843085237139,0.272850539408653,0.304274136257288,0.399589162000168,0.778936810899358,1.02057274181498,1.31443029050824,1.83108908656123,2.03382989436506
"2009-03-10",0.259519010497526,0.262846875620271,0.271954589549822,0.302624759851639,0.399126446675247,0.787309758563663,1.03268317865297,1.32782567766765,1.83704046249249,2.03411831519948
"2009-03-11",0.270970608121622,0.272323123227922,0.278799914947425,0.305238213321945,0.396375235303948,0.780600914226167,1.02666259622886,1.3232947080318,1.83459825877174,2.03209279539697
"2009-03-12",0.261395199373138,0.264901608586794,0.274368486474483,0.305991729173393,0.404809520251399,0.798246993756713,1.04453955635498,1.33853070295619,1.84016548389567,2.03288708349216
"2009-03-15",0.258660312264861,0.261397978267728,0.269762750048586,0.299372354876518,0.394933471110976,0.783801832475715,1.0298633357866,1.32529878716709,1.83297950717468,2.02885120714643
"2009-03-16",0.262640086084728,0.267332414266212,0.27810495453133,0.310984547183013,0.408928648454131,0.794238212822678,1.03861931252564,1.33536715820497,1.85648937923473,2.06088699956914
"2009-03-17",0.272476168043637,0.275069109614865,0.282925411888138,0.310757921148951,0.401357265978386,0.779670409923866,1.02617529288398,1.32954928762131,1.87072322725948,2.08501653617987
"2009-03-18",0.283689443485802,0.28247926047802,0.285003973180273,0.30342057501488,0.379501421091081,0.737665221680393,0.981600098655372,1.2875707674212,1.84440816797317,2.06742975363901
"2009-03-19",0.285890864260771,0.284971888532919,0.287722580307095,0.305983641102148,0.380221968858791,0.7305235317851,0.97126747031957,1.27598144239224,1.8388606295675,2.06687434215992
"2009-03-22",0.283585613166181,0.283641527290926,0.287775756799356,0.308529214341365,0.38673652230297,0.742745144397391,0.984067789933289,1.28751332271773,1.84374015138943,2.06795983805176
"2009-03-23",0.275659783235555,0.276324283797175,0.28142839267653,0.30423902523674,0.386542233129934,0.750391683985916,0.992719845424921,1.29379893980122,1.83628242970615,2.0523173454635
"2009-03-24",0.268125593841015,0.271534752653613,0.280347360850845,0.309286292901952,0.399837173017142,0.771313648366558,1.01316226508072,1.31190118381388,1.84909272747514,2.06322150357448
"2009-03-25",0.255717997827824,0.261227414410283,0.273000468988467,0.30723893887085,0.406313060486058,0.792645545806942,1.03947008095102,1.34232267837619,1.88401096959354,2.09946848787795
"2009-03-26",0.253865424055663,0.259560484340881,0.271743439884034,0.307138368804059,0.409098539023972,0.801290463060496,1.0479276698455,1.34651314442181,1.86961624620025,2.07459977860537
"2009-03-29",0.263773968891588,0.266353812784943,0.274603093682794,0.304353246588374,0.401276988539369,0.797780331289268,1.04913255797799,1.35110751910436,1.87027088191177,2.07060798888406
"2009-03-30",0.25303262702658,0.257871245688492,0.269171406744766,0.303971997215274,0.407797844751434,0.811986030783017,1.06445849463722,1.36689662433121,1.88705195884471,2.08812417732959
"2009-03-31",0.255187550677123,0.257944394737655,0.26650568596887,0.297017540462476,0.395832425628487,0.798727441302351,1.05383733991788,1.36020720141331,1.88676993763742,2.08993987758708
"2009-04-01",0.246031262233906,0.250482180235689,0.261578923052481,0.297065277157666,0.405049815896305,0.826693918460514,1.0879247777865,1.39790489315542,1.92294290979531,2.12376420248229
"2009-04-02",0.248421403423719,0.249009261328147,0.25575687156265,0.286742596610343,0.39664471045165,0.848313543621489,1.12456840853496,1.44414908227968,1.9627920387059,2.15560094676829
"2009-04-05",0.209524758133504,0.22246884774802,0.244851378664487,0.298462796414634,0.429691412370909,0.873937178957312,1.13931166796506,1.45511804398983,2.00211199555135,2.21582702405147
"2009-04-06",0.244854085120935,0.250300795900059,0.263041800753522,0.302205425680539,0.418226484119513,0.860871298836056,1.13110039666296,1.44873421703608,1.98010717389781,2.18181375967649
"2009-04-07",0.235764635695129,0.243958367441787,0.260502779117738,0.306255945175221,0.432182360761712,0.88913976506067,1.16278520922383,1.48228721933446,2.01407079281745,2.21556127773275
"2009-04-08",0.125598543066616,0.158356551860332,0.206712540642837,0.300669223299419,0.477979224067545,0.933061866130545,1.18041550177634,1.48128006564125,2.04679558102007,2.21350158919833
"2009-04-09",0.115652369081752,0.148268048782222,0.196424588119766,0.290031648255601,0.466830036729013,0.921699470696021,1.1698344488787,1.47295307393515,2.05177250553014,2.23528864673431
"2009-04-12",0.229917139857155,0.240397379651004,0.25956460823931,0.308262958636332,0.434385051602514,0.88306094383182,1.15709560721808,1.48596542002694,2.05952271798262,2.28423844968046
"2009-04-13",0.230494133308457,0.240759060354382,0.259680615005101,0.308111108167607,0.434269079574435,0.884124836201783,1.15845852912077,1.48687927459794,2.05713130269571,2.27980379375742
"2009-04-14",0.234336599205429,0.241537281863269,0.256108320480735,0.296715589849695,0.410579763041829,0.844766054952703,1.11975170378261,1.45609381634382,2.05615367947945,2.29458293585177
"2009-04-15",0.213507559740108,0.22443344613328,0.244192995706289,0.293851015912799,0.421282957181378,0.872208539654984,1.14766586123169,1.47887862528997,2.05882032213665,2.28676549411793
"2009-04-16",0.223624436816566,0.228240381392913,0.239969333112152,0.277906989747535,0.394284484854455,0.852508927220335,1.13821556887171,1.47878862134994,2.05930113153509,2.28224059218049
"2009-04-19",0.227186417209449,0.230478011557801,0.240844230468891,0.277842898893261,0.396820450478736,0.870513871183493,1.16232958467117,1.50488454320881,2.07448577255711,2.2896081332097
"2009-04-20",0.220450870985011,0.22667364628088,0.240335825000491,0.280743133005662,0.398362773461936,0.85150037750964,1.13506440784197,1.47637735801057,2.06861344008637,2.29906719292533
"2009-04-21",0.230337200281033,0.233375677817037,0.242780559266075,0.276253200845348,0.38458168808708,0.826094104015964,1.10561845464226,1.44129305997183,2.01820219977168,2.24079499804202
"2009-04-22",0.216878246491797,0.223937283932659,0.238456543548221,0.279404568338587,0.394950027599746,0.834167041873939,1.10984694878612,1.44401988458921,2.03153833300133,2.26246360104897
"2009-04-23",0.197420546897358,0.209308515148099,0.230038772965089,0.280257455948925,0.405197324704403,0.84123199590382,1.10973238740927,1.43705675315355,2.02513557584054,2.26108200148367
"2009-04-26",0.187786413841423,0.201647553499585,0.22517602510339,0.280416950248953,0.413218881894324,0.859043780709917,1.1267929435975,1.44834236314911,2.01477026006317,2.23903154883113
"2009-04-27",0.169404990634316,0.18242579871322,0.204911059993231,0.258704168845305,0.390311265208913,0.83663680861493,1.10411369348281,1.42338992660516,1.97908247717292,2.19696431355954
"2009-04-28",0.188818137241042,0.197264018463349,0.214027522934612,0.259776873698813,0.384675895425753,0.837902409585882,1.11093730786772,1.43176760363233,1.97111882350826,2.17684407296971
"2009-04-29",0.213254929691742,0.217149245059313,0.228189381565882,0.265774609793614,0.383379669352538,0.841163858285434,1.11906292878774,1.4421514376453,1.972715978499,2.17162507485823
"2009-04-30",0.202191098811233,0.206295034433649,0.217299500477261,0.253857476856581,0.367309353745127,0.812726433675965,1.0874978730743,1.4116209799839,1.9553038301612,2.16188240509997
"2009-05-03",0.205461292420662,0.208853783980795,0.21870976131337,0.252787377524746,0.361146871518859,0.795477527160909,1.06709628308536,1.39043074414416,1.93941167053796,2.14957670113778
"2009-05-04",0.223046974690271,0.224581628329079,0.232023373703753,0.262391047129666,0.366478308046179,0.79807835018979,1.06938070503327,1.39143026122438,1.93417770300208,2.14074833665678
"2009-05-05",0.230856529656669,0.232570036804687,0.240391317351292,0.27180041098091,0.378444528155317,0.815563735436446,1.08752385362753,1.40781744291327,1.9416912462139,2.14349171054
"2009-05-06",0.207438102472824,0.213840151152201,0.227994173341634,0.269878671194695,0.390760356394988,0.842704176186591,1.11565830378861,1.43459697176537,1.96438687994647,2.16467869117024
"2009-05-07",0.169539123544322,0.181851016346318,0.203928302817402,0.258754219205653,0.396852440274875,0.866901659688,1.1425392449609,1.4632781205486,1.99838007397635,2.20190515348912
"2009-05-10",0.206466498555983,0.212460984252809,0.226321860138835,0.268564481166776,0.392732830427282,0.86116678193597,1.14420598016702,1.47429282927242,2.02049525946804,2.22642600759067
"2009-05-11",0.205048408151079,0.210441563176455,0.223403871221011,0.263921949236643,0.385226371383726,0.851131224067173,1.13626354270014,1.47169877680034,2.03321067798418,2.24640701930693
"2009-05-12",0.211456421528281,0.214715906238471,0.224950766024559,0.261461993252783,0.378989166310021,0.848652479255681,1.1392464739269,1.48159477982453,2.05377830605972,2.2705724692727
"2009-05-13",0.20723371712561,0.209877608466928,0.219096904563045,0.253364313448521,0.366207277683504,0.825925396308182,1.11412856460356,1.4567196986957,2.03623904953511,2.25744719976594
"2009-05-14",0.226523221876468,0.224735444242466,0.228465229121856,0.255167958811506,0.362102541864014,0.829138344763591,1.12245663601052,1.46639923058259,2.03315897918688,2.24556757566956
"2009-05-17",0.224410862284812,0.222736536660097,0.226374471139721,0.252137038396675,0.355262278852108,0.807378018760295,1.09270816836413,1.42864935848345,1.98540591323178,2.19479294113598
"2009-05-18",0.202406992237228,0.205920717348204,0.216255795008411,0.252164722131392,0.366496568947185,0.823622059502466,1.1083463102577,1.44606533483115,2.01640927218049,2.2339861673989
"2009-05-19",0.207685351959309,0.209598737899652,0.217794026320596,0.250246032241237,0.360222529850071,0.81514153611883,1.10180868693778,1.44315920106853,2.02132187700708,2.24211458739366
"2009-05-20",0.199334353854662,0.20154933372269,0.21019662214196,0.243544983772469,0.355248228298153,0.814493997896124,1.10329393575846,1.44694932423849,2.02871880026236,2.25084794339044
"2009-05-21",0.213145498756515,0.208827605837023,0.209111657143101,0.230094776394893,0.329627847878961,0.795246845502328,1.09579417682721,1.45306381928316,2.050948929647,2.27690591415055
"2009-05-24",0.205508289711822,0.203233464460844,0.206476101738706,0.232945063200463,0.341539678156207,0.820361446455837,1.1219406688125,1.47588771167583,2.05950768243536,2.27828248633759
"2009-05-25",0.18336836109431,0.184475505750825,0.191971830773439,0.224504202421662,0.338446861122927,0.812812265090158,1.10946619852238,1.45943116403133,2.04348484109662,2.26434880546386
"2009-05-26",0.196078571780455,0.193638722022237,0.197093593152577,0.225219251312088,0.339697021574062,0.834574839061011,1.13966857560252,1.4916443316729,2.05857067907535,2.26820018415202
"2009-05-27",0.201799413875068,0.195290297681721,0.193732129306759,0.215046220235163,0.324597378251119,0.829046490714005,1.14169983458728,1.49997082151285,2.06941460493914,2.27819236504096
"2009-05-28",0.184932655032245,0.183057045313518,0.187306245663378,0.216889601569526,0.334050579182405,0.837233232635783,1.14806662929813,1.50784348701905,2.09031374199955,2.3063630719303
"2009-05-31",0.191291889269258,0.188671155991173,0.19194251514317,0.220005347892571,0.335442248113261,0.838649038031731,1.15088653759956,1.51279144428743,2.09928005698372,2.31688927954812
"2009-06-01",0.177852658402237,0.179622805130493,0.18839285689522,0.224267364861213,0.346832257995127,0.848993819431815,1.16030448557413,1.52563786469271,2.13134806627842,2.35952771984549
"2009-06-02",0.16076563250558,0.163072151255236,0.172806988700015,0.211014454273552,0.338898283808234,0.853537447629278,1.16844173407812,1.5346210705125,2.13439859371147,2.35872299136495
"2009-06-03",0.200498872769266,0.19541150693689,0.195421048634333,0.218326896801472,0.327607370360181,0.829034395685627,1.14478413688112,1.51242364079534,2.11009892353988,2.33208790418316
"2009-06-04",0.196777119877329,0.19209125536676,0.192607081482016,0.216229612356999,0.326065849816208,0.825934340755489,1.13998351226181,1.50538760600043,2.09913943724537,2.31963627234348
"2009-06-07",0.183745212358805,0.186609288036019,0.196819440735925,0.234914734766768,0.359729545606858,0.858218868418628,1.16353905313704,1.51955821590159,2.10546845357267,2.32529090099756
"2009-06-08",0.179490704564761,0.182680575921574,0.193618897644772,0.233780801129345,0.36378278299417,0.873855888454348,1.18105606061864,1.53466611957485,2.10648539080783,2.31881015939468
"2009-06-09",0.182180262390975,0.184038918801434,0.193363299514115,0.231436343185094,0.360399442685625,0.876553498986907,1.18834669708376,1.5466814221167,2.12390722429147,2.33765889922009
"2009-06-10",0.190593008743492,0.189922136405302,0.196089235341269,0.229729215666292,0.354942798266077,0.874484345566359,1.1895346541722,1.55016068304345,2.12622651297202,2.33836707914454
"2009-06-11",0.165517823295324,0.171687557447413,0.186312228520936,0.231557376284593,0.365657922026506,0.872555888179629,1.17805732117655,1.53321414600837,2.11797424233636,2.33772835664361
"2009-06-14",0.168206640398976,0.174041382505238,0.187985359377169,0.231421128881453,0.361181031373269,0.858886075998497,1.16332792491101,1.5214180426735,2.12077643609202,2.34833184560409
"2009-06-15",0.172801126124368,0.178563356176212,0.192175286457847,0.234324606136847,0.360069960587615,0.845010872812659,1.14409392300615,1.49843550998705,2.09789814879552,2.32708580522246
"2009-06-16",0.16145973836798,0.169788191696598,0.186451205062899,0.232358174739282,0.359370979803135,0.832803752234217,1.12608555966432,1.47853087657838,2.09085575438054,2.32962922720155
"2009-06-17",0.172845573477714,0.177533248309861,0.189656064430088,0.229196394173487,0.350776225119632,0.827017077630569,1.12149584966722,1.46992427071596,2.05726089112556,2.2811690268047
"2009-06-18",0.162671254803022,0.167910787140788,0.180567727593035,0.220349172813086,0.340429421356752,0.809969516003169,1.10287612228273,1.45284563881159,2.05199857283745,2.28283992058491
"2009-06-21",0.19033069654757,0.191037022442468,0.197704414755083,0.228035327019135,0.336909485495734,0.803651815669606,1.10324894390796,1.46388794633424,2.08316715143748,2.32164395928872
"2009-06-22",0.173790395570311,0.176546023517929,0.185678897661569,0.219121226188529,0.329166321297829,0.784679994855602,1.07637214277224,1.42953894311871,2.04354970712904,2.28226475974872
"2009-06-23",0.19368657030662,0.193392561050854,0.198169095787089,0.223645632645059,0.320450466387792,0.752161985187326,1.03629577756209,1.38423295200486,1.9960318682634,2.23530802972447
"2009-06-24",0.191657314457472,0.188485388315217,0.189763505311545,0.210694793840576,0.305242092363138,0.750452942147527,1.04448717219912,1.40170964641137,2.01934766030015,2.2577893096257
"2009-06-25",0.181255251623818,0.178815105155207,0.180983453994605,0.203100893772246,0.298527294460224,0.743680846694296,1.0388112269969,1.39946609676125,2.02921136238812,2.27402992192925
"2009-06-28",0.198647613761615,0.192179845648499,0.189018042677015,0.202666100343827,0.287655109623173,0.725966142104905,1.02262630603082,1.3858117038706,2.01729904307544,2.26158378830503
"2009-06-29",0.182480614883629,0.180831215392111,0.183712749392763,0.205868896794887,0.297698614656023,0.723813613918111,1.00855017688106,1.35972939650847,1.98226537787866,2.22691150085109
"2009-06-30",0.168899022854426,0.167416912973465,0.170702545520923,0.194062515593913,0.289004230155039,0.721782576118829,1.00675255524142,1.35422295763023,1.95994504106743,2.19528023391364
"2009-07-01",0.16604366697983,0.163566320283676,0.165527352041769,0.186793756142856,0.279418191802762,0.714500269404311,1.00446055781017,1.36019541508656,1.98489058588497,2.22867446963678
"2009-07-02",0.173267261364043,0.164596261817506,0.158565438776042,0.167782714723415,0.247580296495716,0.681977372606745,0.977706405001999,1.33854359377218,1.96071692449942,2.19983391912649
"2009-07-05",0.156161526716783,0.152157147438769,0.151913658464966,0.169086609750148,0.254778017644371,0.677555601024356,0.964157765048929,1.31848987548227,1.94603718571933,2.19213909191457
"2009-07-06",0.150288774316123,0.147349913255519,0.148792970174181,0.169489178240262,0.261927153744514,0.695495240058591,0.981517796312325,1.32888244915784,1.92931743912389,2.16109550950072
"2009-07-07",0.182353130675273,0.173213485971209,0.166475545263516,0.17424666496295,0.250955935405749,0.674702152859737,0.963103684916499,1.31408749962628,1.91640863771358,2.14712357416818
"2009-07-08",0.190571854277241,0.178131553932719,0.167205665934816,0.168913915084179,0.240130424028738,0.669650678024873,0.965427893004327,1.32482690171512,1.93745237774524,2.17082011746703
"2009-07-09",0.189325245703047,0.177286316295476,0.166706310158214,0.168386728260724,0.237832708244519,0.660189071925661,0.953707712628561,1.31311377542504,1.93256796538381,2.17020353060203
"2009-07-12",0.19294176286432,0.180778862640779,0.170214144958519,0.17247316340193,0.244268695659618,0.673446424299898,0.968447187873126,1.32671356803672,1.93718334525791,2.16970072838541
"2009-07-13",0.178800237567435,0.169049720260729,0.161884572336669,0.170229301636122,0.25182961549308,0.698353842012826,0.999408939930509,1.36297059477825,1.9800142953061,2.21471784843695
"2009-07-14",0.184809982944542,0.175649846546881,0.168919264467746,0.176879264873417,0.254809597295542,0.688396993721754,0.986151558974728,1.35131401729914,1.98506796156603,2.22961295077637
"2009-07-15",0.185709937806983,0.177376131094576,0.171595016194053,0.180615613926292,0.258516278208444,0.687691545919614,0.983924196830341,1.34964328413906,1.99125247625527,2.24068584535726
"2009-07-16",0.201033670767714,0.188926163825335,0.178351983516102,0.180373702423869,0.251440352560583,0.681468264490492,0.98000761851959,1.34545128185711,1.97517792786653,2.21673644728532
"2009-07-19",0.210811156541521,0.196403390322309,0.182968532400531,0.181034149290881,0.249114393251685,0.685199792285231,0.989089903874855,1.35960382004169,1.99267089586522,2.23401939090253
"2009-07-20",0.205222590835197,0.193291349009773,0.183081554583021,0.186130083248862,0.260062857884651,0.700596481153688,1.00545217265988,1.37828095873987,2.02031263272605,2.26653528166386
"2009-07-21",0.192634827085267,0.185291051541771,0.181012509804449,0.19304363384523,0.276676190746663,0.718310313291734,1.01899541501962,1.38777721254203,2.02984260512527,2.27833756464463
"2009-07-22",0.20308043177067,0.192274332910268,0.183540576270585,0.188939470505679,0.266080251004871,0.713445556056102,1.02353423516514,1.40487689532258,2.06802512262269,2.32409230821749
"2009-07-23",0.203770020180894,0.19309101589207,0.184031915172059,0.187404855684555,0.257726707283593,0.688953291316451,0.999019094616609,1.39116266389341,2.10141470749882,2.38330584915111
"2009-07-26",0.189200044274407,0.178345111986863,0.169528824990771,0.174768478194125,0.251810974253121,0.701741834171545,1.01531911828184,1.40262504549924,2.08037136933342,2.34315349355777
"2009-07-27",0.207428628477456,0.194775146344633,0.183400665908778,0.184014553697905,0.253635022971753,0.692458527579416,1.00432719568062,1.3927012229161,2.07832286947536,2.34546719745068
"2009-07-28",0.204370696599993,0.193501969653294,0.184435596910046,0.188508282893771,0.261495596270706,0.696095383244482,1.00134990954407,1.38017745019364,2.04729266699141,2.30699492349594
"2009-07-29",0.186286221563288,0.176965175258938,0.170279246396201,0.179198127109611,0.261532911984439,0.715897013727043,1.02732997939543,1.40905121301255,2.07127415773854,2.32676749003161
"2009-07-30",0.176344417178831,0.170960431645817,0.169322293966653,0.185765549560886,0.275953071459761,0.731605567308096,1.04147256725373,1.4240769175142,2.09917672628645,2.36309970390395
"2009-08-02",0.197614126844666,0.188839082343327,0.182976563858209,0.193544102658546,0.279102293765043,0.741735272922565,1.05731872134316,1.44356951555323,2.11295533174843,2.37111688949398
"2009-08-03",0.183620318534367,0.174846735559938,0.169219142099764,0.180897482845772,0.270113329176411,0.743849258461248,1.06328438625922,1.45095387729774,2.11490985673005,2.36905711338902
"2009-08-04",0.211384785789624,0.197939308128698,0.186154029273378,0.188117646125713,0.265520277498888,0.731586070049877,1.05242163657644,1.4422313640366,2.10664959416205,2.3597409588535
"2009-08-05",0.204405689776407,0.191817624422408,0.181286763821218,0.185608129758578,0.26695673478154,0.738519297979392,1.05929521845923,1.44665843597264,2.10215150571892,2.35081914196772
"2009-08-06",0.196303396357884,0.18440979991019,0.174813133816155,0.180663946443139,0.264018211956946,0.737112256494998,1.05746264947792,1.44379836474469,2.09694677798669,2.34464729855738
"2009-08-09",0.189979872160522,0.180338267918024,0.173730067427131,0.1844026071104,0.274224496442565,0.757003407658983,1.0822744575343,1.47593193417385,2.14687266874695,2.40283490844012
"2009-08-10",0.191799427102372,0.181904562665142,0.174843473878852,0.184429279053094,0.271807385929585,0.749180634787564,1.07324978912228,1.46734021394016,2.14326909647573,2.40212991593502
"2009-08-11",0.184809658201592,0.175603895595659,0.169304699340768,0.179610711109064,0.266254467012141,0.735751375532773,1.05502819582194,1.44447031206388,2.11580860859445,2.37379967634692
"2009-08-12",0.189832919519143,0.180225717949729,0.173307187189017,0.182331194477971,0.266347641928032,0.728665504601217,1.0441962173492,1.42948515895248,2.0941781865546,2.34968516629668
"2009-08-13",0.1887265645462,0.179883266633661,0.173564578070734,0.182236680873677,0.26175009809943,0.70550893105412,1.01379948963096,1.39606902694814,2.070768847248,2.33410202770591
"2009-08-16",0.199069684681846,0.187265560385499,0.177021751595499,0.179414698214365,0.250922743441613,0.686751223111454,0.993268740136851,1.37286781788505,2.03839966700768,2.29662214874434
"2009-08-17",0.190398382929814,0.18157746908842,0.174881776215644,0.181650257466157,0.254669042605159,0.677480881360983,0.977709983870873,1.35598470598894,2.0392226708888,2.31011059547432
"2009-08-18",0.206436308671596,0.192132789716184,0.178407766075005,0.174761848456466,0.237528988359845,0.666148591901722,0.976580778934264,1.36625135752789,2.0601109605019,2.33179033717717
"2009-08-19",0.176357485922381,0.167492297610241,0.160774978296726,0.167662300178422,0.241540470677184,0.670595765481321,0.976451882185893,1.36315563246628,2.06538799637447,2.3448829765256
"2009-08-20",0.17964435651866,0.170026237159292,0.162127630724921,0.166530893180384,0.2353276610329,0.651843668147465,0.952469994513782,1.33485704611545,2.03431811306859,2.31399490773029
"2009-08-23",0.181411209630767,0.171043153414539,0.162330707100439,0.166024707622636,0.235871062687532,0.661554756096858,0.96723642493575,1.35368496291577,2.05342265975161,2.33111112382515
"2009-08-24",0.18686493927359,0.174342280531389,0.162891739857757,0.1625796990551,0.228460417995905,0.653850795206359,0.959792712002716,1.34399529494843,2.0303407946739,2.29988142826255
"2009-08-25",0.201751263685581,0.187550231843576,0.173834185376771,0.169763793889919,0.230402441328398,0.648578840003645,0.951987934298993,1.33303711676801,2.0117918594731,2.27759177316016
"2009-08-26",0.183701708287465,0.172394086556785,0.162262955303197,0.163108737991506,0.22734969607932,0.638365723274778,0.936490913426242,1.31451061568304,2.00047829796452,2.27292400370364
"2009-08-27",0.187230281811824,0.175714258183326,0.16538886794328,0.166186737271683,0.231191458100232,0.645916508024316,0.945546982459646,1.32414030964793,2.00742202252564,2.27775423648691
"2009-08-30",0.208157946796531,0.193095660432981,0.178048469347664,0.171269119102699,0.226809678792989,0.636109619112029,0.9387014644235,1.32265599029821,2.0157018493917,2.28940517395471
"2009-08-31",0.189731428705599,0.177146589213908,0.165294074611209,0.163316000266083,0.223866479183068,0.632473053505281,0.931934047447917,1.31280059092542,2.00545996131503,2.2807897501939
"2009-09-01",0.213696136887651,0.196786942089701,0.179367126979806,0.169034100060988,0.22079638711276,0.628958585057163,0.931798989324179,1.31453781083298,1.9993515954885,2.2679544644678
"2009-09-02",0.201360967156063,0.185164664822628,0.168923048169877,0.161168603767658,0.218059594757802,0.633963346975537,0.93528363094456,1.31058218721257,1.96910787878312,2.22419534033342
"2009-09-03",0.217054091828456,0.197959273047237,0.17831095927323,0.166477443480148,0.222331137930728,0.651108794649621,0.958043079449735,1.33403412637221,1.97658592287257,2.22115182542149
"2009-09-06",0.198978504244404,0.182630062969116,0.16672454992548,0.161217928919443,0.226281133518641,0.669168377435406,0.981266382415245,1.36298684183558,2.01662341044293,2.26599770792251
"2009-09-07",0.219970754677705,0.200617394833432,0.180306324409565,0.166463387047801,0.217244037177632,0.637151365574314,0.946001872344476,1.33126189367456,2.005935803433,2.26663709868313
"2009-09-08",0.225919171075225,0.203689271214102,0.179999007039297,0.162098559657889,0.211693952354532,0.642546373659705,0.955095260657781,1.3382313735279,1.99126034352251,2.23917045023816
"2009-09-09",0.224445288111689,0.201402617052459,0.176560218693985,0.156615513238275,0.203210036453401,0.632370256791409,0.947421857789658,1.33596567281975,2.00300376120899,2.25727456079419
"2009-09-10",0.225598424772935,0.202486145984358,0.177291602207601,0.155972018669456,0.198387134965741,0.615787002436176,0.927219011921102,1.31504890990673,1.98927624674577,2.24823712506852
"2009-09-13",0.212909837670805,0.191180036394024,0.167700640696351,0.148735421637679,0.192842295485205,0.605990401363262,0.913711343903095,1.29781123470356,1.9686892318581,2.22723074425585
"2009-09-14",0.228071390500515,0.203332840631353,0.176173587462939,0.15231597278621,0.193358778250625,0.616005022890845,0.930356443140026,1.31936076447904,1.98871879450085,2.24406711962948
"2009-09-15",0.231194647801648,0.205571096434335,0.177269103696301,0.15170145481789,0.191066313351634,0.615485478167908,0.932714387853021,1.3257786296013,2.00269706506657,2.2610019552984
"2009-09-16",0.224104565587211,0.200054521471602,0.174134415965902,0.153275243677034,0.201160871492853,0.639902514239384,0.958925577203149,1.34909381809147,2.01098631297026,2.26144694356309
"2009-09-17",0.220843431860661,0.198258236697975,0.174176707912267,0.155927019690929,0.206083601124071,0.642844820368675,0.959779385129896,1.34832386216997,2.01060788755956,2.26203610117453
"2009-09-20",0.213504656535102,0.193085191709365,0.17177868641966,0.157647046901243,0.211949427436221,0.64745406904243,0.961249175470569,1.34632506122091,2.00519368665003,2.25607044727619
"2009-09-21",0.208445035945374,0.189066552073704,0.169247141134022,0.157803288906883,0.216289801413455,0.656280172652631,0.968913683620254,1.35003128691412,1.99719022455824,2.2425687826344
"2009-09-22",0.20644800193143,0.187268709055852,0.167800283293609,0.157170311138084,0.217328174657934,0.659541093454048,0.971252682507502,1.34933592541346,1.98717480394142,2.22809704797539
"2009-09-23",0.212446869242313,0.191744208182288,0.170193414811056,0.15604175805987,0.211181698970832,0.647351482657712,0.958273177653979,1.33654213154163,1.97599779844482,2.21769178551408
"2009-09-24",0.223123598257255,0.199804094843269,0.174568685629332,0.153871069305628,0.19885938663915,0.621112787205181,0.930443457194978,1.31061380018713,1.95970891446005,2.20626546657353
"2009-09-27",0.203956692977845,0.185485909293711,0.166189036024254,0.153419207112247,0.203518682990059,0.61133327051497,0.910607957283375,1.28369229393249,1.93676510959245,2.18908232983353
"2009-09-28",0.209679172040103,0.19196925917324,0.173452253652655,0.161227258747422,0.210003249867673,0.611347494231377,0.909911348823988,1.28655056287825,1.95755784945586,2.21986133116676
"2009-09-29",0.202145586519393,0.186877680358583,0.171711489031017,0.165189943314368,0.222183882971291,0.633542622048397,0.933291775559199,1.30925619925964,1.97635716074054,2.23675883263474
"2009-09-30",0.204326035019053,0.188714634924322,0.172859120856382,0.164520624997949,0.21718200878809,0.619695289666467,0.919064310907026,1.29957477005711,1.98723576457021,2.25893236106379
"2009-10-01",0.209058207521537,0.192700655557409,0.175562164627027,0.164224609212323,0.210055996061385,0.594512902449467,0.886640810758206,1.26201719504028,1.94975279458976,2.22387454801976
"2009-10-04",0.172956067142531,0.162326879716817,0.152799809746976,0.153643962161748,0.214707643917076,0.609543006148247,0.899378154025581,1.27074591117919,1.95566230811434,2.23089725873242
"2009-10-05",0.206354253388299,0.190264724754061,0.173548293266791,0.163085103856515,0.210561079443818,0.59736668938838,0.888971700923029,1.26193934955614,1.94098715698451,2.21051242750385
"2009-10-06",0.209557770324712,0.194759431224558,0.179801507813121,0.172285978167242,0.22384376984592,0.614679126903598,0.906009475469141,1.27744576577303,1.95217705189483,2.21976680960225
"2009-10-07",0.207725308529634,0.194039308551344,0.180599376598151,0.175613042046276,0.230465243808146,0.621783944098835,0.909477262289247,1.27395001728768,1.93108688855964,2.19050148760128
"2009-10-08",0.201504851030527,0.189379749766203,0.178138525076893,0.17708408284873,0.238251292020145,0.640586973418551,0.932008077789421,1.29962255292263,1.9603830296119,2.22093355410114
"2009-10-11",0.209206396237736,0.195386369145345,0.182055379602084,0.178180234709788,0.237512539864715,0.645877209330943,0.942062347195751,1.31400131909774,1.97648041791981,2.23590005288277
"2009-10-12",0.216882353299321,0.201007203287567,0.184977649385096,0.176886064320771,0.231271927758766,0.637671349235713,0.935525674478604,1.30972136547961,1.97444580170669,2.23402582211335
"2009-10-13",0.216686573754002,0.19989208344615,0.182650294305327,0.172659614168587,0.224874373910627,0.631539052011511,0.93156231663959,1.30917709719304,1.98084392195899,2.24325574645191
"2009-10-14",0.211681133094133,0.196310883472812,0.180995459627042,0.174219642605062,0.231020042680768,0.644846656489865,0.947993124940887,1.32975101644318,2.01108556995075,2.27808161220333
"2009-10-15",0.215620165413117,0.19944710871198,0.183112255343052,0.174875832340883,0.230519854964035,0.647854851018914,0.955048882978825,1.34242921902208,2.03446282018552,2.30574509712551
"2009-10-18",0.214763106105223,0.198682940171527,0.182651450563966,0.175457653011226,0.234054383103804,0.658708280414758,0.9671987294101,1.35280513146494,2.03333247336999,2.29799054807132
"2009-10-19",0.193684687745406,0.181288369131326,0.170133667905995,0.17070642868036,0.239010361106516,0.671545574358966,0.980336377845724,1.3663366682001,2.05161756723174,2.31964957251632
"2009-10-20",0.220450610747353,0.203128649013495,0.185403373897655,0.175391277056618,0.230333388307128,0.654526155731342,0.967054401112019,1.36025915995156,2.05946989792242,2.33261694713327
"2009-10-21",0.211123521042201,0.196644120616883,0.182730764650588,0.178941368216309,0.242112794370516,0.674388932220636,0.987587732711226,1.38077365702148,2.08094679603585,2.35510584748462
"2009-10-22",0.180044999881796,0.172073123586036,0.166795055398255,0.176746542193381,0.256563724944183,0.694373156775933,0.998323993194312,1.37602955592949,2.04563123450453,2.30786074025422
"2009-10-25",0.191226229469723,0.183353066172305,0.178388962028118,0.189444667173293,0.272660022304563,0.722299362219923,1.03228635447593,1.4157638953038,2.09144525683749,2.35499769413281
"2009-10-26",0.179124227576135,0.171583941506157,0.167153816036811,0.17934841918903,0.264831654731263,0.718744375176224,1.02928454977748,1.41163414780502,2.0811040880004,2.34118351906124
"2009-10-27",0.207056675435518,0.193549731435518,0.181639390969901,0.1832553550039,0.259699414877964,0.722302798077185,1.04108096992213,1.4285051455607,2.0889930891107,2.34060493639965
"2009-10-28",0.221979236299953,0.203398311022848,0.184845950661541,0.176129777778488,0.240482306742631,0.697296633819662,1.01885429298925,1.40984773586735,2.07262151369014,2.32377602144018
"2009-10-29",0.222495436127935,0.204721414282244,0.187264302532086,0.180374545738331,0.247240572644898,0.706630056751814,1.02820496888597,1.41861935459217,2.07971903151696,2.33015227622374
"2009-11-01",0.231504554202953,0.21132835645734,0.190610737935551,0.178243182656789,0.237191984781227,0.684168955825926,1.0007745041683,1.3853000257947,2.03458418994192,2.27990079306389
"2009-11-02",0.226796739379335,0.208180759620251,0.189519845900113,0.180379387893288,0.243077947425099,0.69040482020467,1.00419540990335,1.38429737453086,2.02496872889052,2.26689002581238
"2009-11-03",0.221777701563563,0.205105249148231,0.189251100212463,0.185312209193641,0.256719646955509,0.718561439056599,1.03565153629404,1.41638889391976,2.0523602616022,2.29140630905982
"2009-11-04",0.225327390612558,0.207893304636649,0.191342119127226,0.187271093414807,0.261504054714148,0.736500110611783,1.05912797713092,1.44312849758714,2.07686503997709,2.3133892245678
"2009-11-05",0.234907829855576,0.214598504688466,0.19459998750544,0.186136365082714,0.258059291430016,0.74109578003602,1.0674809208353,1.45192665304843,2.0762174839182,2.30696457897918
"2009-11-08",0.249671769659042,0.226201246700283,0.202369954719466,0.188908891446586,0.257991941158771,0.751844216954927,1.08578903967465,1.47682297656244,2.10553074936962,2.33653149978819
"2009-11-09",0.237992587017597,0.216620374798289,0.195211809309722,0.184552554006386,0.254255877762759,0.741601529042879,1.07470590651447,1.46948869479437,2.11517037906799,2.3547190660159
"2009-11-10",0.236572743628786,0.216037370146656,0.195467361633227,0.185274828930761,0.252758675573263,0.726382721469312,1.05182823159255,1.43925746985943,2.076762877136,2.314096325398
"2009-11-11",0.236280492175671,0.217190901980641,0.197544001122657,0.185764469117672,0.242286268668897,0.678995200279696,0.994423955298414,1.38383275948924,2.05680745517661,2.31476991614523
"2009-11-12",0.236491948744072,0.217166732766557,0.196930525756404,0.183335432394602,0.234884691111926,0.65781819948198,0.968543356641663,1.3560228585917,2.03443985493022,2.29656835773317
"2009-11-15",0.230908526215559,0.213123477781343,0.194688012656882,0.183186740940214,0.234834124842667,0.647186354059844,0.951401467066446,1.33329958615951,2.0093120180348,2.27249316330609
"2009-11-16",0.234580292003276,0.213528835155978,0.190861684415776,0.172920716839792,0.217489349346507,0.628188823619981,0.934713429951599,1.31857842816932,1.99262902634244,2.25333210126618
"2009-11-17",0.243435016123321,0.221853394339806,0.198231573842198,0.17797871377371,0.21727213095728,0.615824835192018,0.919289847226702,1.30350514519651,1.98764525642054,2.25454225461775
"2009-11-18",0.246569150923561,0.224026186304951,0.199101126548532,0.176682656313219,0.213035055453506,0.60890873001731,0.912709719909479,1.29814587690558,1.98543427068926,2.25369220407259
"2009-11-19",0.231345428609083,0.212235489908279,0.192024032582143,0.177604557993267,0.225198571344531,0.631244683898206,0.932414248037333,1.30995610241679,1.97540027966729,2.23357188209777
"2009-11-22",0.22825065772284,0.210209866556813,0.191412239193572,0.179222814672238,0.229429068541976,0.635627325391916,0.934627847313815,1.30867555630847,1.96701637364168,2.2223046335583
"2009-11-23",0.234251207747838,0.214470249939799,0.193343964480622,0.177386687488882,0.222829105208012,0.626559564600195,0.927665267671609,1.30568875741783,1.97266646323986,2.23152539756459
"2009-11-24",0.238651029199698,0.21665425138966,0.192691580320331,0.17255012689986,0.213959732092385,0.620824731015191,0.926879730883582,1.31095524965187,1.98633648670875,2.24768200331161
"2009-11-25",0.236921204464643,0.21501015647778,0.190986971977954,0.170183987119399,0.208929437548432,0.605886023309931,0.907159375053145,1.28715650983891,1.95976231171901,2.22109477848636
"2009-11-26",0.214093645335015,0.195703150832049,0.17586005854609,0.160179831740191,0.200515990295741,0.580736716411284,0.873224427976899,1.24940392643852,1.93699718779834,2.21030650876983
"2009-11-29",0.243997425583664,0.219417772867764,0.191657260149279,0.1642761362954,0.193006733923009,0.577146358276619,0.877750702663362,1.26106076073089,1.94691665460411,2.21493628602069
"2009-11-30",0.219321152604909,0.193427915453774,0.163900791678827,0.133631750424826,0.158608039731029,0.54023821068265,0.842044314048884,1.22791804146127,1.91961537514364,2.19008775087776
"2009-12-01",0.225025434888385,0.194944123909406,0.160397268844865,0.123769364436439,0.145694949862877,0.540917773110302,0.848736220923789,1.23409470170943,1.90228888023082,2.15783714180526
"2009-12-02",0.232266761461182,0.199557260064004,0.16168593894062,0.120325734380933,0.138539192843035,0.544418369820903,0.864162319571544,1.26555891504891,1.96282388564871,2.22964791331688
"2009-12-03",0.224942518698456,0.193388954613315,0.157010086543062,0.117924770162333,0.138776789083589,0.547282747299846,0.868447375656839,1.27264202055995,1.97821807276168,2.24914541358953
"2009-12-06",0.216078323290056,0.187359006426393,0.154600110408675,0.12086549298267,0.147144245638273,0.555574980313063,0.874762913766108,1.27813120910819,1.98856267182134,2.26312135972778
"2009-12-07",0.221834567082578,0.193931060056278,0.161815864919456,0.127742908601169,0.149504146372959,0.540924205210065,0.855199683335996,1.25965902361222,1.99019847321992,2.2771553280642
"2009-12-08",0.222781731481236,0.194297569946514,0.161216095761416,0.124966184126844,0.141957750948075,0.521229085892615,0.830694016834728,1.23165430377804,1.96148614604821,2.2494902634448
"2009-12-09",0.223690494346522,0.195030597258176,0.161925059704439,0.126290296376703,0.146020776611998,0.533957248439463,0.845772741045398,1.24606293038124,1.96556626900993,2.24717725947622
"2009-12-10",0.174570442079021,0.154311868158992,0.132442772693676,0.115057547269272,0.158642762497696,0.569073541937266,0.88242206531254,1.28257255244569,2.00595158575927,2.29125919739713
"2009-12-13",0.224225829614922,0.193556728455884,0.158375849903596,0.121317006195852,0.145276340891836,0.560827061395185,0.886538457486696,1.29726235970655,2.01730311047581,2.29463837143117
"2009-12-14",0.188187167656433,0.163966245839867,0.136890938709382,0.111385330330621,0.145649441865627,0.555173465279706,0.874964587483093,1.28472127080073,2.02492945913835,2.31625021387559
"2009-12-15",0.224016200399527,0.194725623062134,0.160582874587771,0.122743884776675,0.138591920245876,0.526578466373002,0.847136486796682,1.266015375308,2.03773101953775,2.34475659917093
"2009-12-16",0.188868064915055,0.165530438984414,0.139161840845979,0.113317511507828,0.142656723113287,0.532605818890453,0.846024731087901,1.2559076177865,2.01853053538711,2.32481991246885
"2009-12-17",0.223799410947378,0.193589796786183,0.158179346765949,0.118128057423933,0.130406108801388,0.510008761754971,0.825310489802314,1.23674095014124,1.99161752512373,2.29091930998879
"2009-12-20",0.223089630171818,0.1939386931791,0.159660865940443,0.120559346513334,0.131380073689924,0.500425821289375,0.811710532848293,1.22272127850107,1.99013013295166,2.29812249111419
"2009-12-21",0.22845687552507,0.197733394133925,0.161504062701033,0.119743453296033,0.128858422512469,0.505104386968433,0.82297629332981,1.24173272980094,2.01993901713387,2.33111795758722
"2009-12-22",0.211513537048854,0.182901283596028,0.149587797208563,0.112851658920142,0.129407327738454,0.515648708637492,0.835317757074291,1.25432863223321,2.03035056204835,2.34027756849638
"2009-12-23",0.201892779673441,0.175033306692276,0.144085703092826,0.111243424984919,0.132937426640896,0.522859550136515,0.840975630774652,1.25645852794866,2.02406035647112,2.33035497072507
"2009-12-24",0.226384660595059,0.195796188915171,0.160078593974257,0.120181666076306,0.134818384924929,0.526255481225703,0.848262900005566,1.26630886336783,2.02826682448363,2.32909020594735
"2009-12-27",0.223542013042386,0.19257339176333,0.156673532972988,0.117526554796837,0.136464036019468,0.545274869711049,0.87551483949275,1.29997937357486,2.06356572994815,2.36251576297664
"2009-12-28",0.232952797652845,0.199384931557436,0.160204512331813,0.116343080040643,0.130978562314316,0.542251809426916,0.875365288217013,1.30126123510595,2.0596252147159,2.35433569606447
"2009-12-29",0.233976764016086,0.198235338508937,0.15618730949253,0.107783259878407,0.116774279889002,0.523145683135171,0.855558466648987,1.28031594154711,2.03391768892883,2.32587592712895
"2009-12-30",0.209889057437324,0.176820363362365,0.138394733121553,0.0960097745909021,0.113189702944467,0.52726035988066,0.859037462328619,1.28089435611754,2.02692150980235,2.315631474819
"2009-12-31",0.181217281900737,0.153125987159669,0.121355895764859,0.0897650274892627,0.120934863633367,0.546794611659721,0.877754721996097,1.29660077764934,2.03734724454392,2.3245472150645
"2010-01-03",0.18502492693395,0.157525071326506,0.126584833258052,0.0964677181528595,0.129972939280668,0.559781252147509,0.892025260815366,1.31192395779655,2.05385074309655,2.34141838626781
"2010-01-04",0.233666836036275,0.198805340231167,0.158278500758942,0.113421464449596,0.130298373949363,0.555373761618397,0.893663962038635,1.320667884041,2.06750355737562,2.35445651780708
"2010-01-05",0.240036271594385,0.204479022949283,0.163036757011589,0.116750390816915,0.131998638940517,0.557181364974744,0.896945326874115,1.32622985654131,2.07753575944165,2.36626714227327
"2010-01-06",0.239247561437441,0.203293375626601,0.161493537654781,0.115170694061129,0.132032592755928,0.564775698829243,0.907837034832754,1.33915679350547,2.08914021453015,2.3762303886633
"2010-01-07",0.182873760546876,0.156513268791375,0.127345602663297,0.100902057974229,0.141716127070633,0.588353965784123,0.92695761027044,1.35156998787742,2.09554657420077,2.38256556442953
"2010-01-10",0.200711284759042,0.171425887008253,0.138403019002483,0.105878106640254,0.139306524075105,0.581255371050083,0.920845643661945,1.3469540529404,2.09150630274622,2.3779669990542
"2010-01-11",0.241112940357444,0.205114977030355,0.163236640238231,0.116719238715945,0.133094203179915,0.564211443209558,0.906340754443686,1.33659591137411,2.08484965649243,2.37129286678981
"2010-01-12",0.236630933343588,0.201548749704863,0.160888288354743,0.116317538659692,0.135079490250672,0.567122491797369,0.908004905599691,1.33609739734228,2.07991653646815,2.36457812712709
"2010-01-13",0.228108587838191,0.195049879080951,0.157057547176523,0.11667370955123,0.140289870510236,0.572596701559883,0.909606932228244,1.33160512788265,2.06343841039647,2.34333864292301
"2010-01-14",0.18367273590347,0.155765225174427,0.124517390621875,0.0946324507537936,0.130578644218213,0.569238433084265,0.903929947445256,1.32313982885929,2.05476048641051,2.33613286605204
"2010-01-17",0.226904897471796,0.194175693657013,0.156369476450659,0.115506696762664,0.136229294595793,0.558955431221055,0.893420101547456,1.3161542918741,2.05837987972085,2.34440493937488
"2010-01-18",0.227140021310063,0.193577943316891,0.154818020446997,0.112917163197607,0.133890909729801,0.563262180482345,0.901633014452973,1.32772797079462,2.07181631249511,2.35756737285351
"2010-01-19",0.22074252855798,0.187628178240543,0.149504511450086,0.108759742312592,0.131651128356392,0.564659110449255,0.904416523437133,1.33180518805339,2.07763345648862,2.36398696288966
"2010-01-20",0.214976281734331,0.183139287637567,0.146747366392209,0.108882673689477,0.135705980969526,0.572530524084413,0.912111142875957,1.33830346118343,2.0809247749288,2.36590521875214
"2010-01-21",0.181818851542547,0.155239615178354,0.125586548265429,0.0977405436209303,0.134796257423938,0.570385125477797,0.904393961636185,1.32565167198137,2.06894069280603,2.35689902042451
"2010-01-24",0.216320990997461,0.184130475354396,0.147232858396957,0.108438727025331,0.133686786319937,0.567379439991913,0.905701169223633,1.33067797175417,2.07160108427531,2.35598310223638
"2010-01-25",0.158383994153538,0.134999272221997,0.109435268576341,0.0876482270982069,0.130810837793654,0.565215384316411,0.895681691295944,1.31398375584455,2.05869754911676,2.34920898725407
"2010-01-26",0.214735536536981,0.183182453780238,0.146714010128493,0.10729537342748,0.127749404229925,0.543247945896455,0.874840193761692,1.29727048043302,2.04767103601772,2.33905177986692
"2010-01-27",0.220837790096853,0.18734615446539,0.14851963169383,0.106004922244121,0.124629732265151,0.546160569013377,0.881427487315263,1.30571374160649,2.05128806150127,2.33868350167576
"2010-01-28",0.221775791883283,0.18766182127197,0.148149747315671,0.104984811090353,0.12418717610019,0.551600239201105,0.88985261678968,1.31623404627981,2.06132274786938,2.34752128214349
"2010-01-31",0.216349949255059,0.183526543975325,0.145778099466789,0.105593040702841,0.129025658404575,0.561392849165648,0.900158502702191,1.32614944822929,2.06936602127819,2.35469493275267
"2010-02-01",0.212535187419395,0.180259238602948,0.143434147105371,0.10534615694662,0.133323839487445,0.576269183872572,0.918387595029017,1.34580921309573,2.08594097466304,2.36887667482922
"2010-02-02",0.215260899490694,0.182165480839372,0.144400426412583,0.105273442331287,0.133368032091152,0.581670690189478,0.92650411208848,1.35558052300367,2.09419785875922,2.37550895721261
"2010-02-03",0.216364851403805,0.182297237755518,0.143539821792793,0.103748421647544,0.133747896050535,0.592697647634628,0.941352827249499,1.37120376655667,2.10192399482481,2.37813841149301
"2010-02-04",0.220532995479068,0.185136569958454,0.144415871994934,0.100869409039065,0.124343760731694,0.572551671144646,0.919499951439923,1.35054506556051,2.08938193666859,2.36989217486055
"2010-02-07",0.222609175281126,0.187180011909603,0.146290583249219,0.102097838086479,0.123717052046776,0.567925308882673,0.914800782986654,1.34800585516301,2.09552105206328,2.38044220050856
"2010-02-08",0.211681595598196,0.180092338975368,0.143965655024159,0.106345099967089,0.133051327132111,0.569748260237662,0.910724691427525,1.34029096770861,2.09289159934177,2.38270716058859
"2010-02-09",0.212721837865448,0.181096364522782,0.144780479327035,0.106417264366699,0.130868419054912,0.561343771010862,0.900566338361741,1.33013790724998,2.08776022980819,2.38069205918232
"2010-02-10",0.213634688073998,0.181829715606688,0.14526653094468,0.106478894216449,0.130305549921689,0.559943450312381,0.899004965706879,1.32852855753795,2.08624927624079,2.3792429360283
"2010-02-11",0.2121283766384,0.18067164545663,0.144586795995495,0.106615322324298,0.131626791998791,0.562774392100312,0.902075214204765,1.33160472555798,2.08898724424994,2.38180482777318
"2010-02-14",0.210028063545091,0.179052778837141,0.143520632730017,0.106172669226705,0.131242355257246,0.560674677097345,0.899959570410715,1.33111983891888,2.0957625398145,2.39250713695531
"2010-02-15",0.213145024457686,0.181610186174987,0.145227009369515,0.106192991801223,0.128253105843024,0.553444147523936,0.893245608541796,1.3275143651591,2.10305828530778,2.40530985499541
"2010-02-16",0.21679846401657,0.183980894018299,0.145985357611485,0.104657345565786,0.124711389982579,0.551595732816056,0.893112208593379,1.32844694569337,2.10208018177318,2.40252284655754
"2010-02-17",0.216445715749067,0.184199167627038,0.146844143213187,0.10617130614475,0.12592057540094,0.548530786460888,0.888184428996635,1.32286786231287,2.09987396007293,2.40279147639444
"2010-02-18",0.211471821646848,0.181118164344659,0.146333435149874,0.109946514238796,0.135572170939537,0.563877525587189,0.903173935330054,1.33585343373311,2.10743079875115,2.40798623160033
"2010-02-21",0.214612169202061,0.182501459388206,0.145603161071916,0.106524795548445,0.130883810218709,0.565955485734459,0.909105466232709,1.34374596966434,2.11042026277648,2.40686656498565
"2010-02-22",0.212080995631948,0.180328184762879,0.143888852787502,0.105485488612547,0.130457271320751,0.564480507656472,0.906222940448904,1.33889925068091,2.10189608541702,2.3968927935248
"2010-02-23",0.20909389889287,0.178515793139826,0.143374063228058,0.106216311005207,0.130171836550328,0.55358205071838,0.890211963012115,1.31987630865367,2.08653846168987,2.38524080815448
"2010-02-24",0.211977226954679,0.181163114439147,0.145528397411821,0.107009751233848,0.127460589742678,0.541234492272947,0.874344550982349,1.30213857681384,2.07128072346649,2.37234740905838
"2010-02-25",0.212994584604376,0.181166310412871,0.144394901730852,0.104708312886981,0.125621310264419,0.545954864411548,0.881213033659316,1.30825334005297,2.0667719200902,2.36129554056302
"2010-02-28",0.209740254151992,0.180156060735346,0.146292328185865,0.111024954566274,0.13673162732172,0.557347024852894,0.890075650063131,1.31422838664433,2.07041902469589,2.36495662373302
"2010-03-01",0.209590462443933,0.179615738759364,0.145104912673276,0.108406573916721,0.13116327722323,0.546134982520953,0.878215341730298,1.30405554068449,2.0689223115342,2.36821261144713
"2010-03-02",0.220980674775336,0.187523969021942,0.148829137487816,0.106816065340409,0.127107198277584,0.555412178604675,0.894895154789367,1.32415806443454,2.07806220455656,2.36861535129842
"2010-03-03",0.232659557242198,0.194536858814478,0.149951177756988,0.0994607098616392,0.111952929155042,0.544454564859102,0.889332124871088,1.32219412144856,2.07153565702165,2.35745092989702
"2010-03-04",0.229536306296118,0.192027614617169,0.147874589763878,0.0969031169808368,0.105385112771324,0.52451188058086,0.866469997975475,1.30185868440038,2.06999235970008,2.36647414580264
"2010-03-07",0.22928200225942,0.192885821493262,0.150125077912516,0.101123268778634,0.111346154740876,0.529748838846223,0.871168217444745,1.30718283690069,2.08046447994353,2.38000926287753
"2010-03-08",0.228372149108453,0.192493792408152,0.150378795948911,0.102261729870729,0.113031884457888,0.528459207401631,0.86691458384095,1.29898212572008,2.06507521568439,2.36181104091638
"2010-03-09",0.236498858446087,0.197621744410021,0.151910374143296,0.0992038801691104,0.107482219798516,0.529706137114014,0.869658165966296,1.29730273350757,2.03869086360642,2.32170396166107
"2010-03-10",0.233208024351817,0.194961931971193,0.150176456558361,0.0992451614761846,0.110760844116188,0.540368313575957,0.883683491059087,1.31480442935579,2.06137785762424,2.34626714729328
"2010-03-11",0.222318873316661,0.186364963931144,0.144971502125761,0.100531611610907,0.123263092197266,0.570282126646058,0.915188156784233,1.34202199578877,2.06938554726192,2.34454410436932
"2010-03-14",0.230520400617171,0.191906100722029,0.147123373855987,0.0977132651279615,0.115613392730339,0.564731621676374,0.913550199889764,1.34452904220979,2.07576286208386,2.35152652231568
"2010-03-15",0.22835927137334,0.191449241646711,0.148587393587536,0.101230878856637,0.118926986839264,0.561321736876904,0.909982408508869,1.34638140529478,2.1004916166829,2.38806005186198
"2010-03-16",0.226944202222267,0.19014951494775,0.147583818986705,0.101136319668645,0.121217502822829,0.568974627052888,0.918360512985924,1.35327053422298,2.0996627118065,2.38315460543945
"2010-03-17",0.228469862410181,0.191103509978882,0.148049214059475,0.101637171648015,0.124065004111791,0.579918653801026,0.930513575463407,1.3626794521465,2.09483427186702,2.37081631236617
"2010-03-18",0.232039475960778,0.193356105870417,0.148668697076715,0.0999892816621463,0.120522667894378,0.577437686606275,0.928643447674364,1.36010931945758,2.08708841735114,2.36018389995176
"2010-03-21",0.232083411972971,0.193270733017083,0.148386597406598,0.099308722603627,0.119053474597464,0.573945972862565,0.924157519837924,1.35456499466093,2.07993583921598,2.35244753866869
"2010-03-22",0.229413364435311,0.191353972422974,0.147287095137819,0.0989473857047392,0.117903438285183,0.566032485545072,0.913194301639082,1.34186699911088,2.06890693474169,2.34305583147461
"2010-03-23",0.230084479356559,0.191645773701975,0.147031680146907,0.0976717550083616,0.114854572052507,0.559284055745873,0.904891267159808,1.33202783840469,2.05687866948767,2.33025122915399
"2010-03-24",0.228694210176141,0.190549951799315,0.146824837055727,0.100398992026971,0.125578369565477,0.588683531503691,0.937529257561417,1.36125927320698,2.06537603277158,2.32787897386957
"2010-03-25",0.224667456985829,0.188720041326577,0.147922725989712,0.106205143831224,0.137301359592672,0.603929927053503,0.950924225258506,1.37110322143747,2.06794995658885,2.32758764550656
"2010-03-28",0.22499191918828,0.189098895351713,0.14848389030942,0.107428435128073,0.140646658820519,0.615459475610806,0.967299026669358,1.39298194909717,2.09857354054148,2.36142604049253
"2010-03-29",0.224547284265913,0.189488235519232,0.149691286552302,0.109075870571611,0.140424830180569,0.60728302974156,0.95780400495942,1.38600602739208,2.10488461086346,2.37463436469842
"2010-03-30",0.219358050932588,0.186066431047567,0.148644849198676,0.111914586757089,0.148365765720278,0.619360269787385,0.969112079586624,1.39522049878595,2.10933818204465,2.37715593770596
"2010-03-31",0.222849345815686,0.188392508035864,0.149105310745621,0.108374051994463,0.136587698126018,0.588292520572896,0.93083787945686,1.35165021005466,2.06301447675831,2.33097579174803
"2010-04-01",0.226707575176297,0.191231648863035,0.150801272300129,0.108850768151612,0.137096508408732,0.5913694575035,0.932523212255205,1.34796696550191,2.04172684464387,2.30118823349025
"2010-04-04",0.227169076759175,0.190547599161738,0.149073866002639,0.106892927434213,0.13889413603189,0.607473738946613,0.951634215183261,1.36436375044394,2.0401480374051,2.2901536137356
"2010-04-05",0.231300249535631,0.192928345815785,0.149384523085673,0.104693290759967,0.136036372011548,0.614216719722561,0.964672761255283,1.38341526043801,2.06536813630164,2.3168856576806
"2010-04-06",0.2386507394926,0.199192899960639,0.15440633685544,0.108329226652342,0.139649308255152,0.623141769615351,0.97574066196338,1.39504286958373,2.07353215785857,2.32289825117941
"2010-04-07",0.236712960440074,0.19758608425871,0.153082061323651,0.106931033011539,0.136336204725992,0.609145858469627,0.954875928564719,1.36626999640071,2.0322239896733,2.27701076639518
"2010-04-08",0.239356254871739,0.199671677677254,0.154457993289625,0.107276762980505,0.13576473554966,0.609953317023924,0.957447777079118,1.37115409612371,2.04106459886076,2.28732839617181
"2010-04-11",0.240129483490032,0.199482716648446,0.153223429616741,0.10508206052063,0.134466700001428,0.616659225728566,0.967788281643336,1.3837926085352,2.05324302636993,2.29853304922751
"2010-04-12",0.241931612189115,0.201590878632732,0.155354899663013,0.106103459777846,0.130899120522126,0.600710715545804,0.949608078577283,1.3677921470891,2.05016233678522,2.30197739061689
"2010-04-13",0.240044885568381,0.200843600294026,0.155777134708041,0.107360831331292,0.130277248819698,0.590049118601168,0.936181673173554,1.35515932868478,2.04754843792307,2.30482792993195
"2010-04-14",0.239784991041493,0.200741625088563,0.155858963072071,0.107648899327132,0.130513461457938,0.588598147095936,0.933435422843648,1.35083804099268,2.04061686047788,2.29692558757637
"2010-04-15",0.230724908165654,0.195256803076318,0.154519270265323,0.111110774058625,0.134752511684631,0.577241753369036,0.91604016633957,1.33321777821002,2.03949408096584,2.30566391144653
"2010-04-18",0.238450644879799,0.201198837945172,0.157964107680102,0.110137189297628,0.126821821919468,0.557663105969803,0.892681517286174,1.30672495103596,2.00934976363883,2.2743391104582
"2010-04-19",0.234422895068601,0.198323810294934,0.156673275659981,0.111554117029594,0.132196715374561,0.568326223728598,0.904412333865898,1.31888839337328,2.02128562047612,2.28607569435786
"2010-04-20",0.239664534104329,0.202026004700891,0.158471230041375,0.11073634515956,0.129368484977937,0.568365909410132,0.906679668376451,1.32256344532231,2.02356315850902,2.28693127657967
"2010-04-21",0.237731929293545,0.200914193068573,0.158252371849314,0.111327274682198,0.129072986156568,0.560118863509976,0.894442100297347,1.3073775053703,2.00785214254585,2.2719987358858
"2010-04-22",0.245194336442435,0.206015345334462,0.160466571989338,0.109670284805483,0.124654489046499,0.559562186212838,0.895759464937466,1.30798424791552,1.99937151401353,2.25829083601679
"2010-04-25",0.242222930799553,0.203928763189475,0.159563438273171,0.110684052741815,0.128123060643901,0.564716526594487,0.900311376848553,1.31125354745114,1.99991369894033,2.25774580535515
"2010-04-26",0.236834993509491,0.20061810594953,0.158667380253446,0.112582214856962,0.130308483553385,0.555444191445877,0.885001851424372,1.29199807122067,1.98234034313982,2.24265926552984
"2010-04-27",0.247367319491879,0.207920346517697,0.161729887621296,0.108998066385268,0.118694372561129,0.538075203012311,0.867779483941435,1.27496809942539,1.9633378926311,2.22219661836351
"2010-04-28",0.244789427757242,0.206298595342318,0.161226428092583,0.109817976752928,0.119802942040459,0.534783340300138,0.862404656482404,1.26874421906233,1.95985507405125,2.22068595793576
"2010-04-29",0.24311869997619,0.205525665909104,0.161653568350495,0.112185680227448,0.124639722765225,0.541185336067398,0.868070131393998,1.27293028916104,1.96091345462633,2.22049195880206
"2010-05-02",0.238221939812656,0.202069090896746,0.160094748958449,0.113603647104502,0.129522338905274,0.546514294590079,0.87094984163404,1.271968358534,1.95254894275033,2.20923142477638
"2010-05-03",0.237850900122969,0.201559175674613,0.15949973878421,0.113158442067753,0.129980206284114,0.548533343578247,0.871848791876727,1.2695150556817,1.94004367104028,2.1919911089946
"2010-05-04",0.236265721584165,0.200194094975258,0.158406651763182,0.112430624265039,0.129456656228251,0.546739700678927,0.868869000635603,1.26501698772502,1.93292188635311,2.18387607451381
"2010-05-05",0.237147447281523,0.200877505691685,0.158711514168758,0.111792204160158,0.126750729859268,0.540882826863314,0.863783574355101,1.26310598732503,1.94102597269143,2.19673070493204
"2010-05-06",0.244126437090172,0.206088776075563,0.161637484575358,0.111283961896573,0.122790028413208,0.539704154167792,0.867656025529863,1.27406235561536,1.9649159237346,2.22560606159711
"2010-05-09",0.236924680899931,0.20052459479382,0.158466844740412,0.112620832580227,0.131797149038679,0.561141988925077,0.891250892691324,1.29682628938673,1.98021201601072,2.23693474931815
"2010-05-10",0.242939156254118,0.204668018003262,0.1601546210499,0.110489353750631,0.125332309287008,0.554720804113271,0.888345143852298,1.29925226283644,1.99270905240259,2.25334162656016
"2010-05-11",0.243156401897378,0.203851988344748,0.157941182738555,0.105961158856561,0.117663367025609,0.543979908498217,0.877654596741403,1.28932512598998,1.98482148549435,2.24630790139672
"2010-05-12",0.24420040289105,0.204593038791498,0.15830256168719,0.105793431981961,0.117118705200773,0.544786859983428,0.87985197552924,1.29333294201402,1.99198951767086,2.25467587146177
"2010-05-13",0.241897625958325,0.203518346346856,0.158561537857511,0.107276712409265,0.117493655126551,0.535917258300846,0.867819450020263,1.28125474328311,1.9887493329451,2.25674680007761
"2010-05-16",0.24157684600836,0.203746887970014,0.15938596694028,0.108646830500586,0.118372161638102,0.532833869572073,0.863568444034035,1.27744409016626,1.99016063236151,2.26115632882118
"2010-05-17",0.238861678255499,0.201604996286281,0.158056633203519,0.108787223074052,0.120929395579231,0.539886182600434,0.87229632004235,1.28771216018931,2.00246620835853,2.27416220699492
"2010-05-18",0.241315295455607,0.204161753363869,0.160450627500462,0.109995317303047,0.117916418529843,0.524780099924747,0.85400885129163,1.2699449296526,1.9954537119152,2.2734587851741
"2010-05-19",0.245087870150757,0.206581109200615,0.16106371415921,0.107651922396986,0.111425027660712,0.510936768780812,0.835991410457904,1.24588599668838,1.95760654098736,2.22943000932654
"2010-05-20",0.242095402373202,0.204205802750015,0.159438238744722,0.106984033853467,0.111068908249632,0.50574929374959,0.826574644102109,1.23104981989884,1.93326436389911,2.20144550160464
"2010-05-23",0.244046864006772,0.205971527072054,0.161079675568241,0.108796750719578,0.114140832411007,0.512614089509294,0.83390304551052,1.236923269906,1.93201174580139,2.19643371608449
"2010-05-24",0.244271280454234,0.206078232537471,0.160882819809802,0.107615238021292,0.109964514197461,0.497014901879095,0.811443545886869,1.2065354984724,1.88869634030806,2.14829063731189
"2010-05-25",0.2352154272665,0.200526370578041,0.159910310253076,0.113736780213013,0.124258285555534,0.514234976848743,0.82582286177855,1.21708524110116,1.894616771333,2.15315766469547
"2010-05-26",0.241085029675241,0.203501000688911,0.159496905483115,0.109330581448815,0.119193273425098,0.524867276977032,0.845058868954617,1.24215989279414,1.91753208270368,2.17242005716812
"2010-05-27",0.241770839316403,0.204738167346747,0.161329965342743,0.111700934073774,0.121034930557132,0.522583987847616,0.841486661043853,1.23884062843694,1.91893784026679,2.176571793475
"2010-05-30",0.246378322795981,0.206825622415786,0.160348652553859,0.106665398839346,0.113441710513236,0.521747579547722,0.844884586359494,1.24457107581425,1.92090818657179,2.17531745615979
"2010-05-31",0.2473863462745,0.209022967745631,0.163689903777466,0.110503969127426,0.114031653433165,0.50771627858506,0.82659317050643,1.22700531014328,1.91805577131891,2.18099723361469
"2010-06-01",0.253120913933966,0.212765705159278,0.165059296659415,0.108912469892767,0.111187960115824,0.512171994334858,0.834723722795396,1.23649163397678,1.92168111986598,2.18049544515437
"2010-06-02",0.259145554285461,0.216414723372261,0.165895201087191,0.106309131237637,0.107465678092796,0.519235356243983,0.847906453239271,1.2538604317486,1.93786131826293,2.19437295332686
"2010-06-03",0.266301845236215,0.221766445778876,0.168629709736339,0.104176830342156,0.0972357241272782,0.496641151875814,0.823632670830008,1.23116604594957,1.92406540379426,2.18508520417458
"2010-06-06",0.262358875011613,0.219652249072902,0.168544564644056,0.106079082826678,0.0977362711281234,0.480901032000522,0.799332151523745,1.20018068107573,1.89071854466993,2.15283989365496
"2010-06-07",0.259525865336309,0.217702901242316,0.167656571857167,0.106551840216826,0.098972769570321,0.480147865352793,0.797984619292372,1.19969897368325,1.89586809397194,2.1611039653477
"2010-06-08",0.256399555669403,0.215686393951427,0.16693114730263,0.107310223149053,0.0997562524014355,0.473419199010896,0.78669456824104,1.18441056138177,1.87796195945986,2.14321076729435
"2010-06-09",0.252990377192893,0.213142050635636,0.165568381547628,0.107943477811886,0.103224519215957,0.480243108564117,0.793908509745785,1.19143969603035,1.88391716319171,2.14866359363835
"2010-06-10",0.242955536589434,0.20491913042285,0.160083045431935,0.107854764795842,0.112862328238323,0.506143250506113,0.821865852267873,1.21623581443172,1.89229452639484,2.14852619020123
"2010-06-13",0.245211642282964,0.206472561112422,0.160817588507862,0.107621635113146,0.112365374017887,0.507942157389555,0.824117287793694,1.21737170877129,1.88742780118069,2.14045375501956
"2010-06-14",0.249091414348527,0.209510004089124,0.162602861153483,0.107006442668563,0.107665119597389,0.497882498424009,0.814675902786754,1.21139240920353,1.8925732859564,2.15087732299662
"2010-06-15",0.246385317321553,0.207422140806732,0.161360731010553,0.107196890029611,0.109905486184339,0.502643994818214,0.819808561231518,1.21651628825576,1.89716732638752,2.155209203314
"2010-06-16",0.246854825706181,0.208156521261326,0.162207360097621,0.10750315162833,0.10753096851127,0.493136598220186,0.809893752362495,1.21019749034317,1.90623576148456,2.17218866971486
"2010-06-17",0.244073917493878,0.206441404155622,0.161713601702173,0.108339750398988,0.108031960425462,0.48479896488606,0.796113579014471,1.1913126134554,1.88278700546963,2.14801621366228
"2010-06-20",0.247689234598832,0.209257894396149,0.163658246576048,0.109494059567221,0.110117927982286,0.495581002388131,0.81172346008436,1.21110787052504,1.90538939121225,2.17065170174902
"2010-06-21",0.249922671242277,0.211092611103678,0.164693275586222,0.108378725839388,0.103498259574195,0.47289811989859,0.781983277114435,1.17546391459886,1.86517926827988,2.12988838622287
"2010-06-22",0.24508262461602,0.207639157254215,0.162914333814203,0.108741090084314,0.104809922771453,0.467364847165425,0.771479924842097,1.16006421758935,1.84510622044841,2.10899938812685
"2010-06-23",0.244793362514324,0.207366737153294,0.162721492948073,0.10878478100813,0.105035063280126,0.462022721484103,0.758423310104663,1.13390392371208,1.78778269466792,2.03774923289957
"2010-06-24",0.240632621857066,0.204836702328095,0.162252976773132,0.111289802003044,0.110283901044512,0.465638150727958,0.759862802270427,1.13354070725484,1.78755486084085,2.03843959135567
"2010-06-27",0.244451272607841,0.207764050965655,0.164044672352937,0.111435474983051,0.109019522807403,0.467346459565807,0.765213396585216,1.1438568059806,1.80694258890359,2.06135446540662
"2010-06-28",0.240728138795137,0.205532639691994,0.163197472714191,0.110904541342436,0.102924443431253,0.433446158741478,0.718372453954659,1.08795616477262,1.75229145214177,2.01127975685624
"2010-06-29",0.2438804863679,0.207637713731335,0.164014937570314,0.109950380701308,0.100402426604122,0.429453571704525,0.711813147498844,1.07546695492689,1.72181416656372,1.97189765192911
"2010-06-30",0.248621220249432,0.210384132936237,0.164154193913375,0.106001109897301,0.0912831558399295,0.41299312531569,0.690994705004974,1.0474144100847,1.67497591898503,1.91617818596397
"2010-07-01",0.253823192973591,0.213496753097478,0.165018480679843,0.104895029202871,0.0925317283430133,0.432315406787628,0.717230048964219,1.07538220923175,1.68970033996338,1.92215692579152
"2010-07-04",0.258946000798045,0.216907276704579,0.166173115722059,0.102512539389451,0.086037565584128,0.425322052308668,0.713168018970216,1.07591002625619,1.69906570578123,1.93497899495828
"2010-07-05",0.254060005618417,0.213742202881809,0.165324263264929,0.105509610846223,0.0945544048434533,0.443409591277051,0.736079240803097,1.10525837120096,1.74206118982859,1.98388266873879
"2010-07-06",0.255918712840624,0.215185169809255,0.166092537284473,0.10483166630663,0.0910549878643599,0.435426692215205,0.728305973397293,1.10007340165782,1.74609105250689,1.99242960216462
"2010-07-07",0.249169766283588,0.210172758039776,0.163424574499041,0.106076399817904,0.0979594903758865,0.452150236596139,0.749898865604363,1.1281270950611,1.78794272978848,2.04031949386144
"2010-07-08",0.249750235129054,0.210050655929474,0.16254979294351,0.104570246638974,0.0974595759703319,0.459633450102641,0.761551423205618,1.14312513004604,1.80436776965032,2.05629413464819
"2010-07-11",0.24134485153771,0.204526727474287,0.160435685646545,0.106559355370253,0.100169921216737,0.44295564148644,0.731339823102807,1.09891324545621,1.74371618880281,1.99124992202101
"2010-07-12",0.24210395658822,0.20532124165798,0.161422670798408,0.108306767702193,0.104228740023386,0.453415907823327,0.743682359286984,1.11148927551459,1.75211222312306,1.99702441501503
"2010-07-13",0.245181181276877,0.206695975457883,0.160809953739246,0.105366336535942,0.100942297703012,0.459172356137823,0.754116217644643,1.12463498235307,1.76209851686659,2.00397547666431
"2010-07-14",0.242493684909987,0.205471799212974,0.161111759613647,0.106770353881793,0.0994392049181273,0.437272826056136,0.720927895044406,1.08115716933609,1.7094677424399,1.94978102375431
"2010-07-15",0.242703907236734,0.205950077481888,0.161822050254155,0.107469335158706,0.0989956514940643,0.432293632200688,0.714600946213223,1.07496805189472,1.70773223566491,1.95071890333275
"2010-07-18",0.240438258025412,0.204058115017917,0.160428206313713,0.106875637639544,0.0993973091147992,0.433163568238232,0.715018834755284,1.07457030412502,1.70563605827757,1.94793763176459
"2010-07-19",0.240085238922095,0.203576274883432,0.159782609973576,0.105994047344023,0.0983189299019848,0.432544562875429,0.71494489201908,1.07523598524239,1.70764936864717,1.95047448601542
"2010-07-20",0.240118053651072,0.203902560314713,0.160322743337507,0.10634965077559,0.0969960414489296,0.426600416786183,0.709254369568239,1.07323611739467,1.72010797480759,1.97038708544952
"2010-07-21",0.239094106839778,0.203493657956434,0.160539329755097,0.106944938073271,0.09602731916589,0.415376688063475,0.692155455508065,1.05050717034084,1.69173847233626,1.94086611226517
"2010-07-22",0.238855888107922,0.202545090887882,0.15897951730097,0.105434785112897,0.0976245456359039,0.429286092768547,0.709683386273314,1.0674650401798,1.69552508088688,1.936685018115
"2010-07-25",0.23846556603115,0.2024023311471,0.159196930585243,0.106292513954794,0.0992606813256399,0.428808662480099,0.705407093231509,1.05664679814169,1.66924690647636,1.90354755703616
"2010-07-26",0.236351771926971,0.200772219226297,0.158162841400922,0.106050727530012,0.0994165567003358,0.425825491682751,0.699513183394994,1.04697930088408,1.65291235446422,1.88465263733768
"2010-07-27",0.23493805313639,0.199728573789457,0.157854731319354,0.107704355536821,0.106050417501459,0.446813333141075,0.72671758956202,1.07930874172337,1.68905678117363,1.92121152960429
"2010-07-28",0.238724207435278,0.202453515377932,0.159196719491357,0.106887826130195,0.102515292484961,0.439282861174728,0.716730790293405,1.0653193021281,1.66510548539178,1.89269255319887
"2010-07-29",0.23662642049169,0.201079662744466,0.158681744586323,0.107394473903927,0.103027339548799,0.43273089062889,0.704429790586488,1.04581485310566,1.63322801637696,1.85612271184945
"2010-08-01",0.23463193915344,0.199601859349593,0.157869092412212,0.107571232052776,0.104158339338394,0.432794886911844,0.702844465212202,1.04194277384468,1.62518889786556,1.84647482757453
"2010-08-02",0.227184238692651,0.194511510637656,0.155725847349967,0.109544692434221,0.109312533046291,0.430998467522667,0.694133595237743,1.02528998704006,1.5976289536176,1.81549948898919
"2010-08-03",0.223954154623175,0.19171183834785,0.153271991678105,0.106912405219378,0.10407015210336,0.413246671746159,0.669612192885119,0.994280478521507,1.5595661909401,1.77565216979139
"2010-08-04",0.232852516556682,0.197827228284658,0.155989632318348,0.105147120875314,0.0997207514527846,0.419889777608802,0.684702614227164,1.01770583606061,1.59098947768959,1.80855748399454
"2010-08-05",0.236349254144534,0.199792767128712,0.156255635518121,0.103746803815237,0.099492039241019,0.433314838939117,0.705371994395445,1.04410076482514,1.61965757337152,1.83643224428984
"2010-08-08",0.233717631818562,0.198225930426775,0.155786809042732,0.104003422446175,0.0972470014270715,0.413459244625304,0.674756507902873,1.00217966912428,1.56268053914852,1.77464331418592
"2010-08-09",0.235353844967696,0.198992465781252,0.155676922280086,0.103349190564756,0.0984416254504783,0.424559601877251,0.689494396859821,1.0180053089284,1.57286599904037,1.78110124185866
"2010-08-10",0.236272460548807,0.199836967688922,0.156292288466432,0.103157422373047,0.095697890297978,0.412007903057956,0.671121173073607,0.992996574449335,1.53726013385387,1.74158773750139
"2010-08-11",0.243431662632938,0.205316633957091,0.159430437547539,0.102183809186625,0.0883475524413595,0.394383334200707,0.65034284670942,0.969718199021125,1.51123584821639,1.71470080938625
"2010-08-12",0.247761389170108,0.208809547147287,0.161565448670546,0.101406543797533,0.0818671562464287,0.378450667790022,0.634237087058335,0.957690644559965,1.5145359908954,1.7254835080401
"2010-08-15",0.23932958813157,0.203444659749252,0.159710730182925,0.103430145198493,0.0836092965171467,0.362660108475897,0.611010492004159,0.932443285203641,1.50374353263795,1.72440283178395
"2010-08-16",0.244645604026365,0.206411812312807,0.159876237988529,0.100058175048996,0.0783669372454656,0.361922266971014,0.610282511898574,0.926433442883508,1.47485819500849,1.68348480485399
"2010-08-17",0.241955521055108,0.204091733599627,0.157771762616699,0.0974389023773571,0.0725063820975383,0.344406273398202,0.588589536488318,0.903142926167314,1.45670506161914,1.66902861172375
"2010-08-18",0.231517847777933,0.194621256776155,0.149677115111361,0.0918485235436118,0.0710837356904771,0.350946903787366,0.598192875979556,0.915620534800158,1.47307405421111,1.68674919285592
"2010-08-19",0.236312727866457,0.197786258349205,0.150649319083451,0.0892290879140309,0.0637449404666004,0.339916857092074,0.58807014798574,0.907772635797784,1.47043442755231,1.68625283209374
"2010-08-22",0.237205446640876,0.197874341908658,0.149891542076135,0.0877996100878363,0.0634516053314895,0.346637600886781,0.596873633304245,0.915988500184801,1.47017085259397,1.68106026883898
"2010-08-23",0.228336637925524,0.192053644451766,0.147824255438286,0.090793981337036,0.0697755432057827,0.342455422806573,0.584011971695406,0.894310104576634,1.43943418320769,1.64840651942799
"2010-08-24",0.228569366152293,0.192073663103926,0.147618480279579,0.0903832599986045,0.0694495559700438,0.341893617240067,0.581898600958638,0.888817024379752,1.42461588263926,1.62922210949269
"2010-08-25",0.236024980425507,0.197221538551311,0.149825087062576,0.0883202495483964,0.0636829230327352,0.343353147895685,0.592327544139408,0.911402802206889,1.46916661189785,1.68224925835587
"2010-08-26",0.247529579815978,0.204698366445071,0.152956565156334,0.087640643600465,0.0678162738544186,0.387246321253953,0.65556234609107,0.988287098681738,1.54637919710148,1.75467394035161
"2010-08-29",0.241905378378689,0.201353979151303,0.152136340874362,0.0894285641629604,0.069417175470487,0.385789442517921,0.660938205323999,1.01186107567299,1.62346685147113,1.85690057983014
"2010-08-30",0.2445676273355,0.204867580036472,0.156257860250159,0.0928605349037448,0.0667619931448479,0.357707369500258,0.621262787632272,0.963625650841311,1.57352288400661,1.80926363735307
"2010-08-31",0.248010860840887,0.206592842969829,0.155940314795625,0.0901037360688509,0.063995242218339,0.372301512806819,0.650267854709172,1.01100078891559,1.65323367440962,1.90142465078516
"2010-09-01",0.257464198072591,0.212159773725455,0.157143941667039,0.086840974322438,0.0629019611878714,0.40280672624483,0.697208935458345,1.06982321593519,1.71165078006342,1.95483235057921
"2010-09-02",0.253748001700188,0.209753292104987,0.156557746164811,0.0894819845593677,0.0709325207291102,0.424020817264852,0.726353319572643,1.10939288420438,1.77190751131363,2.02370649576385
"2010-09-05",0.244269705845558,0.202155162423696,0.152046162426004,0.091737480319855,0.0871364392218331,0.469315301357138,0.778878906353965,1.16247976802582,1.81012830264306,2.05315659600629
"2010-09-06",0.244997418093027,0.203664323663637,0.153879079634504,0.091866242578438,0.078434607401514,0.430177224180769,0.728796078658152,1.10770447363408,1.76597348812448,2.01696482444621
"2010-09-07",0.259112870804843,0.214041978884192,0.159207242845191,0.0888999943265001,0.0647558262682395,0.411777107602653,0.71701551666813,1.10854053349597,1.79573117849341,2.05908812696803
"2010-09-08",0.248888829309463,0.208651479802185,0.159363917809337,0.0952688507706611,0.0712570151468778,0.396173514118596,0.696078957546818,1.09575781365624,1.83691095671073,2.13126790178756
"2010-09-09",0.23087574148393,0.195060031383815,0.152016664087931,0.0990686926078046,0.0924764819882823,0.441172669631205,0.743038639903259,1.13740434086373,1.85453178873799,2.13632921208306
"2010-09-12",0.213115942521717,0.182397619701436,0.146079934688017,0.103752380287505,0.110026635921979,0.466129708950408,0.765422009252265,1.15598889227757,1.87032920404888,2.15269323382564
"2010-09-13",0.223264919832122,0.189465693095132,0.148752849431766,0.0984175674004371,0.0915367681090749,0.425338956350555,0.718671560947202,1.10652724950087,1.8244494071157,2.10997724209159
"2010-09-14",0.221946707428491,0.188729188644123,0.148708850751715,0.0991011823582205,0.0911279765172343,0.406431037145549,0.681174599188685,1.04063282097995,1.6949077335657,1.95209033868163
"2010-09-15",0.233724809453741,0.197258656487613,0.152766078242653,0.095563490803996,0.0771002319981867,0.386047565073126,0.667272487049015,1.04094430145583,1.73254161676316,2.00703679566305
"2010-09-16",0.23610988789834,0.198461741451193,0.152505256260678,0.0933388708950866,0.0738685831660215,0.391035765897352,0.680208236966781,1.06457331042625,1.77612147225902,2.05855682109559
"2010-09-19",0.234396148653784,0.197437866688118,0.152374087335091,0.0945469997641849,0.0763840150502365,0.391913575768629,0.678504381004792,1.05912698669719,1.76337429344358,2.04286111184398
"2010-09-20",0.232318749927753,0.196248868018152,0.152179570346608,0.0953271212366832,0.0762827521722764,0.380917531568444,0.660225311705424,1.0330124502891,1.72728591136655,2.00399462302034
"2010-09-21",0.228197880377783,0.193103041254056,0.150089213112486,0.0941484121581312,0.0737174924396484,0.366430880142788,0.639145565204086,1.00649192267506,1.69931830416638,1.9778036953055
"2010-09-22",0.228453243685909,0.194094620090509,0.152002331905651,0.0973321107790573,0.077693157566741,0.365880847031304,0.633939401605979,0.994887231489617,1.67548994250693,1.9490400881401
"2010-09-23",0.224593394720566,0.19217106015407,0.152569696581423,0.101608833608573,0.0856294453241963,0.37111387223828,0.634572778436571,0.989721556167931,1.66208707018667,1.93326952589293
"2010-09-26",0.219568952413368,0.188352778970893,0.150223746827829,0.101206768884326,0.0863814663521979,0.367931230570392,0.629059845982945,0.983398615599484,1.66156500050177,1.937293191264
"2010-09-27",0.219740743939089,0.188332657236392,0.149768372564173,0.0994575177301522,0.0809899878580104,0.350330534112695,0.605232798549029,0.953591748723246,1.6256333199244,1.90022846908732
"2010-09-28",0.211075554582838,0.182972800013727,0.148313129863944,0.102624416625338,0.0843500076811106,0.32629322891551,0.561588319139662,0.889416848763197,1.54057070919808,1.81243163895282
"2010-09-29",0.2222907195256,0.190772966199101,0.151903717327242,0.100577793760069,0.0790597053139778,0.33783088505705,0.5873455711243,0.930633947207733,1.59798923034295,1.87200460099098
"2010-09-30",0.227895927972273,0.19447536276101,0.153181894937127,0.0983381398778844,0.0737557837199714,0.338105855193011,0.594427051888603,0.946537065186483,1.62812375090273,1.90695755018279
"2010-10-03",0.230170587562538,0.196325967377607,0.154301973479745,0.0977397109591552,0.06917415309765,0.322332535693426,0.573633763663101,0.921484010965789,1.60040285053941,1.87956477526482
"2010-10-04",0.219835561670054,0.18692624406065,0.145816447059021,0.0896754946980494,0.0584117147429762,0.298081566107984,0.54501498192908,0.894047378501754,1.59598644576058,1.89098093312963
"2010-10-05",0.219467323912029,0.187742838016971,0.147710603975051,0.0916734419167985,0.0552285059500167,0.268600499400813,0.503251762953075,0.845272765105973,1.56305814581684,1.8744560978345
"2010-10-06",0.217520159228213,0.186031109647333,0.146693446651323,0.0930051593643252,0.0634979919934426,0.298082856029899,0.540512707976221,0.885110728364052,1.58504728275167,1.88156256484529
"2010-10-07",0.213289420019738,0.183843899602609,0.146789813890173,0.0953860217349418,0.0645119029807005,0.283886027309445,0.522457344182738,0.873569853008753,1.62676058548108,1.9600958155949
"2010-10-10",0.211232536471227,0.18241356947279,0.146031004906954,0.095167613369085,0.0631658822076995,0.273556747592781,0.507293163434504,0.855169687404079,1.61402550343355,1.95446944722112
"2010-10-11",0.21033193688296,0.181375820518614,0.144963679236804,0.0945481401319751,0.0647034937159401,0.282901168703013,0.519271861984887,0.866870887376403,1.61212830734208,1.94188431349379
"2010-10-12",0.207094383000174,0.179102195914073,0.144033534331929,0.0960010439610177,0.070094763320388,0.297849497037495,0.540517039149733,0.897705768237655,1.66845274805916,2.01186268505236
"2010-10-13",0.208773330984014,0.180532015621658,0.145028906715953,0.0959725278654237,0.0677722290070889,0.290560027916184,0.532676011543925,0.892199191059587,1.67756224890304,2.03090487853271
"2010-10-14",0.204785430263694,0.177693714414516,0.143808169148969,0.0976206467331335,0.0738343970253665,0.301998673125193,0.543640332359098,0.899748618615257,1.67136759512036,2.01662196023172
"2010-10-17",0.197345933462423,0.172371829018055,0.141257016021611,0.0993479271527084,0.0803087411365866,0.308256664395342,0.546646599710106,0.899165301514579,1.67122542103036,2.02043895874881
"2010-10-18",0.194918847950256,0.170569933033593,0.140422139982265,0.100504546716162,0.085401216844546,0.322040840206408,0.563020961535381,0.915883392025188,1.6792992628469,2.02144860137852
"2010-10-19",0.193950991820063,0.169616231022371,0.139493496534388,0.0996378721350905,0.0846934913469386,0.321922055858655,0.563287660709993,0.916644294653522,1.68102342522665,2.02358540424475
"2010-10-20",0.191691048234778,0.168062144563381,0.138808701521244,0.100112024081916,0.0858054741580629,0.319500787027426,0.558162523037265,0.909227086469558,1.67528142441139,2.02126453233039
"2010-10-21",0.193240719607174,0.169846066549836,0.140942404178771,0.102925100402815,0.0898175828665145,0.325227551869432,0.563576188061832,0.912857030068795,1.67108876931374,2.01214158129993
"2010-10-24",0.19148011028658,0.168429295358722,0.140192125566215,0.103917896866401,0.0951486319391851,0.341801919494596,0.58307923711376,0.930837948446115,1.66826653588935,1.99383484179814
"2010-10-25",0.196939056251381,0.172314165983845,0.142034977678722,0.102668607380725,0.0906982913479237,0.338987777730555,0.583721939760392,0.935586763759835,1.67620888763873,2.0008147244635
"2010-10-26",0.20543090663347,0.177967774411399,0.144327273666522,0.100952409669419,0.0886728031994929,0.359339142902185,0.619205698306572,0.984744794220944,1.72701626863839,2.04294735770305
"2010-10-27",0.201316906437913,0.175554607701444,0.143666301796276,0.10143226864117,0.0850962350141522,0.329420146306672,0.576618663211845,0.935649323056253,1.70105012112329,2.03968556406219
"2010-10-28",0.204804590314033,0.178404806699029,0.145895041217228,0.103410461505281,0.0892451674987066,0.346097931643231,0.599521472147467,0.962353141677943,1.71939483199569,2.04860350446191
"2010-10-31",0.202815394240304,0.175912900082184,0.142841276040664,0.0998040178358433,0.0860822511182858,0.348002102659895,0.603914415620993,0.967802603937276,1.71885511441898,2.04261257398906
"2010-11-01",0.202574321543621,0.175584282262412,0.142459849670564,0.0995260266132102,0.0864202400349895,0.349112914899432,0.603367829814916,0.962465361219874,1.69578546251149,2.00923008505044
"2010-11-02",0.205412038950883,0.177985620402189,0.144249136246429,0.100230195725353,0.0854174605550225,0.34535499353747,0.598831091085897,0.957428189284771,1.69056485210318,2.00406860709368
"2010-11-03",0.208860336502183,0.18105875414614,0.146707723893675,0.101340927915348,0.0837440617404769,0.33831673948225,0.591463287671168,0.952829032885933,1.70067594637588,2.02338556770643
"2010-11-04",0.203325290342267,0.177343658082587,0.14529325578368,0.103229807823736,0.0885656400389452,0.34083251220754,0.592140195565575,0.954322650191754,1.7179287055478,2.05282737840654
"2010-11-07",0.202067140765529,0.175782593953392,0.14362639988438,0.102374933674893,0.0920245536179238,0.362330721421783,0.622489503225529,0.991154316049596,1.7502759681286,2.07721302722282
"2010-11-08",0.197994272268917,0.172437481930908,0.141400288470829,0.102424050119376,0.0964297943632336,0.37522146257372,0.636957206564605,1.00404759250951,1.75009185724802,2.06838498471531
"2010-11-09",0.200663555889239,0.174006001653121,0.14174120518963,0.10156260453086,0.0965324991300613,0.386133627362113,0.653100994565757,1.02245307062405,1.75716580937593,2.06541114378735
"2010-11-10",0.198490905326033,0.17277522819644,0.14172410609237,0.103378078642653,0.100370857986567,0.391435465865007,0.659415270379442,1.03168375040183,1.77843502299191,2.09397269801967
"2010-11-11",0.202760362605627,0.176619545509364,0.14492870606697,0.10532748937965,0.100075798002232,0.387767818872525,0.656042980131562,1.03088799685556,1.78855039953418,2.11046180128889
"2010-11-14",0.200651233263315,0.176015327973159,0.146403849774171,0.110402987454066,0.110632170602756,0.407515349327379,0.679467693393075,1.05867117201211,1.82621217255722,2.1531622982723
"2010-11-15",0.213477086646532,0.18510108174316,0.15073244917198,0.107817096869273,0.101723867044148,0.404506689691376,0.683356372267256,1.0680311534016,1.82913267013266,2.14705594368896
"2010-11-16",0.204246031599493,0.178052875535003,0.146782961008263,0.109440098816303,0.112109763069534,0.426020102879477,0.704208811441791,1.08263293177899,1.81963577619557,2.12437840625186
"2010-11-17",0.199047087067666,0.175384221414134,0.147349225729869,0.114786927375971,0.122255143705083,0.435991711510821,0.713111260244369,1.09336063013803,1.84736375435613,2.16389249718409
"2010-11-18",0.209576210567656,0.183214796153763,0.151749282030699,0.114193346678922,0.116981721604084,0.433373291700952,0.713665411191281,1.09491963728741,1.83739240377571,2.14439030692222
"2010-11-21",0.201578879689065,0.176515398445446,0.147080816703371,0.113750926113837,0.124876483356384,0.458510933442849,0.742974769663303,1.12346412385545,1.84919664800165,2.14511995852645
"2010-11-22",0.206491661218897,0.180236311034715,0.149278355141135,0.113710260845937,0.122714451446564,0.458137527743468,0.74513897753027,1.12838559990011,1.85628865676507,2.15203086767465
"2010-11-23",0.216743238098364,0.187840376008453,0.153458508049152,0.11271587687209,0.116246812637122,0.452282336519519,0.742759555521454,1.12958872486777,1.85834581494348,2.15236199611086
"2010-11-24",0.210718005500012,0.183170605089173,0.150918326641639,0.11461669259893,0.126850663135576,0.479923746426067,0.773640939205069,1.15809161473804,1.86718639796171,2.14941243849803
"2010-11-25",0.202756963153468,0.179942294082387,0.154188837426555,0.128932383833249,0.156829228810335,0.525626563998645,0.817434153033277,1.19360770295317,1.87810570937301,2.14870978360503
"2010-11-28",0.207805527488155,0.184874299775764,0.158876130677004,0.132948452852563,0.159170557046937,0.524074015411796,0.815190004843963,1.19225937664003,1.88277128680229,2.15690021056938
"2010-11-29",0.221823614780676,0.194342560533769,0.162421401201173,0.127424415557058,0.143729444747543,0.509257106884579,0.807571821278741,1.19410564456638,1.89770336543073,2.17535851161254
"2010-11-30",0.23224127290645,0.202496765064052,0.167260783254909,0.125986189934934,0.131430125634866,0.478286964666529,0.772857784394957,1.16035125174596,1.8774640585525,2.16322075621029
"2010-12-01",0.234390598855563,0.202975351008147,0.165847791566842,0.122597093222648,0.128910828592523,0.490055374000645,0.792339013722295,1.18531834313726,1.89995091706312,2.18131961241696
"2010-12-02",0.224887805120632,0.196016633826578,0.162238713780694,0.124283183300093,0.137216185456679,0.505286702193965,0.810075060276331,1.20749073225685,1.93628719208121,2.2251973809305
"2010-12-05",0.235806887557802,0.204293397581658,0.166592584107678,0.121059311449406,0.120522917925054,0.464900055669748,0.765271593008767,1.16505465529434,1.91554303615291,2.21732745940087
"2010-12-06",0.221316631423515,0.193920440481671,0.161566020163683,0.124219007896594,0.132928243990587,0.481985322670456,0.782406331440036,1.18516742006329,1.95460306812256,2.26853097709283
"2010-12-07",0.199535791633759,0.178025916503782,0.15400528371219,0.131617080961251,0.164036477796095,0.54752880178366,0.852415253129201,1.25000035498991,1.98826218958065,2.28454977117624
"2010-12-08",0.194704494768314,0.176934655837788,0.157896695824698,0.143533382977704,0.186200620396467,0.578217261935476,0.883067287045752,1.28017138940158,2.02138416262568,2.32059635683839
"2010-12-09",0.193975926027295,0.176893909279012,0.15838016380945,0.143584627789164,0.181535046638655,0.551948665057025,0.846174569200479,1.23529262969463,1.97819388182667,2.2830651551844
"2010-12-12",0.17574894766278,0.162902881415643,0.150503426326946,0.147033781286315,0.203921056226085,0.604806166224626,0.903944786731251,1.28908255873628,2.00190853264454,2.28874450855521
"2010-12-13",0.20663548932219,0.187288809063703,0.166319448399301,0.14934596566428,0.189989878312699,0.582027238475156,0.884478410435597,1.27377721424645,1.98574312814925,2.26879713675287
"2010-12-14",0.207996694878035,0.187799513568678,0.16579257504541,0.14742995218277,0.187039072086816,0.579277357136647,0.880595245666961,1.26602308596053,1.96359683240585,2.23884116518197
"2010-12-15",0.216202696324138,0.193110681970751,0.167469063780452,0.143953468437551,0.179144945294642,0.575747999724411,0.8811985351119,1.26908952705186,1.96119779699077,2.23139718872032
"2010-12-16",0.223609792203552,0.198717804183888,0.170190928956388,0.140472293654957,0.16283916007144,0.529634438609788,0.824748343645382,1.20681057665872,1.90406053213148,2.17999212991723
"2010-12-19",0.225272454709377,0.20074664488316,0.172483649452844,0.142473367657576,0.162202095807357,0.51788882423986,0.80813001706018,1.18722466836733,1.88762279694021,2.16710459753482
"2010-12-20",0.20973443005515,0.190128610779388,0.168181131020648,0.147554137758556,0.176625969059861,0.527921769443361,0.809821556529305,1.18015948709964,1.87559525286778,2.15696220275015
"2010-12-21",0.208456777951155,0.190107157589478,0.16968495983412,0.151006010305373,0.180739099350697,0.522748867180002,0.796795319023782,1.15754725498547,1.83798600492975,2.11428781341458
"2010-12-22",0.202957853590278,0.186543054887957,0.168562715326807,0.153359629489278,0.185946033123405,0.52245261079927,0.790713216163112,1.14503521840006,1.81892918089498,2.0945333192209
"2010-12-23",0.201618414923894,0.185132656246236,0.167156975645232,0.152285842207831,0.186364631917873,0.528768338159878,0.799934441280168,1.15662496310685,1.83106343119355,2.10573593776878
"2010-12-26",0.213820900272707,0.192777676545702,0.169040758569368,0.145910368249955,0.172829157402891,0.524474617033211,0.805628971515514,1.17188717966551,1.84942287297667,2.12043502610239
"2010-12-27",0.212882968314986,0.191166592225319,0.166204611311813,0.140051411703713,0.159800992975326,0.492737282953059,0.767326445901171,1.13064255917305,1.81631534915374,2.0942479127293
"2010-12-28",0.216758399486329,0.193185433597328,0.166059204500973,0.137410623781908,0.157105836384742,0.502231163924127,0.783344217791098,1.15034842125523,1.82819589521988,2.09864874493314
"2010-12-29",0.231302452634368,0.202228953381848,0.167713151997361,0.126962467145504,0.130547891857918,0.45958364483123,0.739300629080572,1.10633021813956,1.78225670738286,2.05060605864557
"2010-12-30",0.234633401752334,0.204123499385536,0.16772994599716,0.124064573762534,0.124242104289365,0.451342887269305,0.731298461244964,1.0981928316994,1.77114256119529,2.03740766101842
"2011-01-02",0.234094313214455,0.203895643035323,0.168195995813269,0.12653750160732,0.132064786359208,0.47435615088688,0.760028449991363,1.13010229777533,1.79933386699261,2.0618139128567
"2011-01-03",0.231907866783938,0.202149359852416,0.167131708549039,0.126894066664461,0.135361961958008,0.485822504508271,0.77581988382058,1.15073518056652,1.82781028801084,2.09324438974286
"2011-01-04",0.225176327035562,0.196163610815081,0.162025159776325,0.122868313739428,0.131851105787073,0.481605968814654,0.773018643814518,1.15251452609333,1.84564374629078,2.11949121949841
"2011-01-05",0.209340114970493,0.183543482229993,0.154215021442134,0.124467567408354,0.150606866643785,0.533516404946413,0.8340103534437,1.21630457566312,1.89694981120669,2.1619397626895
"2011-01-06",0.211396747469564,0.18463116692017,0.153851422802623,0.121264760406614,0.142263444924322,0.51576205614753,0.814195384010591,1.19674263079563,1.88367282455631,2.15244291036697
"2011-01-09",0.215391058577873,0.18703240200832,0.154065135680062,0.117749446194347,0.133353457366309,0.500143387869677,0.797669550027378,1.18047480108117,1.86958733068012,2.13944347543604
"2011-01-10",0.214115257355987,0.186029106461242,0.153365991972265,0.117368698429547,0.132944519585734,0.499251942184336,0.797649778812503,1.1830506927284,1.88084663030343,2.15517146479628
"2011-01-11",0.205977747983144,0.180919968815498,0.151957402631785,0.120887046969942,0.139715529374554,0.4994445307828,0.795165552428301,1.18314875086195,1.90441382518031,2.19343285419867
"2011-01-12",0.205921578525963,0.181343234036719,0.153115955677104,0.123527970462084,0.145120589661823,0.509664525946959,0.805865682679969,1.19232769813626,1.90580833678648,2.1904346833293
"2011-01-13",0.194445996631004,0.172904021163417,0.148706092885058,0.125568296769231,0.155346512799048,0.527366966166801,0.82469978844428,1.21297443304568,1.93465128912461,2.22438647920957
"2011-01-16",0.190420682892804,0.171160701798819,0.149957076238909,0.131502871247376,0.166875698853993,0.542715274518792,0.84024891205198,1.22971229826107,1.95918958081297,2.25404726006689
"2011-01-17",0.194973367845668,0.174203771359488,0.151115040679683,0.130030064846593,0.163334308450863,0.542587309278935,0.84293794352802,1.23420662196262,1.96021658621921,2.2515099885621
"2011-01-18",0.190120249181972,0.169996031951824,0.148043575773827,0.129678496530575,0.169299916114806,0.565290066972526,0.872113410559617,1.26750025660838,1.99119281390136,2.27899471409853
"2011-01-19",0.196610878254874,0.17479693135535,0.15027301791903,0.126712263849655,0.156179829792748,0.527676694900769,0.823745450986186,1.20910771579667,1.92156533531955,2.20648526242158
"2011-01-20",0.2012318221369,0.177829243097415,0.151314929536589,0.124946474722957,0.152052073213208,0.525981098134359,0.824082316702855,1.21012760188313,1.91698616097706,2.19759173153269
"2011-01-23",0.198594408177641,0.176293902697227,0.15150587550878,0.128731209386805,0.162918827270086,0.551566965756537,0.853549837130211,1.23998589320142,1.93744163372028,2.21184956515609
"2011-01-24",0.191097081434576,0.17089095012975,0.148912650012559,0.130705901607934,0.170732334139688,0.562620446804486,0.862110904182924,1.24367835724454,1.93025657332672,2.20009373686407
"2011-01-25",0.194975791725499,0.173500881463432,0.149904821586861,0.129293872469094,0.166691551441024,0.555863178121917,0.853046942407416,1.22959809342027,1.90044469361229,2.16220375934854
"2011-01-26",0.194766920339901,0.173563392950567,0.150185242162088,0.129491599108193,0.165576784171531,0.550825064989646,0.848184706926636,1.22804045332641,1.91279295913104,2.18208777711109
"2011-01-27",0.201137633341226,0.17893276406782,0.153999723030813,0.130113708008804,0.160066782753116,0.533604211241834,0.828757872293059,1.21010716361361,1.90725734979393,2.1838512015579
"2011-01-30",0.19799401609825,0.177130391001934,0.153861516075128,0.132271509162056,0.163996193314369,0.53510519129967,0.828736026310857,1.21020058190907,1.91451819652075,2.19604685171896
"2011-01-31",0.193891553820417,0.173803715064333,0.151727697257112,0.132570611773746,0.169031045243732,0.550576256260663,0.847791628808547,1.2313463325783,1.93408797777756,2.21366009910889
"2011-02-01",0.190183391449824,0.170728003621216,0.149392761802222,0.131096732468617,0.167567068934797,0.544351084617364,0.838507857642145,1.2192966900484,1.92061159004395,2.20068410208465
"2011-02-02",0.182734698330697,0.165521566401734,0.147353933822809,0.13469838212268,0.179824358810915,0.566361456290767,0.858838069931388,1.23237167535875,1.90971909436182,2.17767122923225
"2011-02-03",0.18580706239696,0.168235024492457,0.149938582222933,0.138193675535528,0.188021587014218,0.592502574384423,0.892799714431246,1.27141757540564,1.94569088438233,2.20923518105492
"2011-02-06",0.1850355864081,0.168041472648046,0.150627082612038,0.140650081378956,0.193761176288249,0.604153917541892,0.905406485854641,1.28306137177448,1.95091511430404,2.21083123610034
"2011-02-07",0.196471658939393,0.177839759236838,0.158396202043235,0.145656419182231,0.196948172434417,0.614029833891687,0.921269987184442,1.30570359554598,1.98241954291575,2.24484612398669
"2011-02-08",0.183162877239807,0.168270278169316,0.153957109079455,0.149918166711308,0.213461223440993,0.642205611930878,0.947357232354074,1.32454845437787,1.98091859536906,2.23399061909043
"2011-02-09",0.183817788249099,0.169491863227395,0.155693764951842,0.151723226060258,0.212981660712827,0.630742926061004,0.931019723595142,1.30523396509158,1.9642600070155,2.22036432010699
"2011-02-10",0.191223284697761,0.175397660857892,0.159609599142388,0.152477612912178,0.209953466099856,0.627043316471692,0.930107313884147,1.30895479421162,1.97758363938431,2.23761846807187
"2011-02-13",0.191276426718295,0.175462202088376,0.159633858134763,0.152277070171514,0.20907171556094,0.625359039067948,0.929488931455334,1.31122710992848,1.98892273073196,2.2535086964044
"2011-02-14",0.187648786972695,0.172662120923098,0.157837475904063,0.151778158670682,0.209200442802588,0.621655343764899,0.923066153133089,1.30237848336559,1.9790196900928,2.24413025539937
"2011-02-15",0.182947764843638,0.16941217028488,0.156988579071682,0.15625845431538,0.224891332823892,0.6615362080597,0.968892970464012,1.34761341441868,2.00518596790512,2.25852586340555
"2011-02-16",0.186637691470002,0.171642421171164,0.157228002973133,0.153148291762299,0.217081607685966,0.648575399343994,0.955698881978306,1.3353327379079,1.99595984411992,2.25067405620679
"2011-02-17",0.192842094683118,0.175290759447523,0.157307516126535,0.146979420225195,0.201496220062421,0.621267483803253,0.927943267909238,1.31080010730325,1.9836773683392,2.24447170414014
"2011-02-20",0.187102651448069,0.171529342133021,0.156113041615509,0.1496989953908,0.208502052560966,0.628713581754613,0.933249693166739,1.3136580672495,1.9846951859992,2.24561898542941
"2011-02-21",0.19261000793783,0.175767035620688,0.158092134251705,0.146277408704546,0.19294121794443,0.586453183370366,0.885691399943036,1.27028638841601,1.97501873783787,2.25593089947507
"2011-02-22",0.195304991995114,0.177884275914156,0.159349961270874,0.145849334817751,0.189311893485904,0.57490001325266,0.870217067128183,1.25052300037866,1.9483759390946,2.22668986769956
"2011-02-23",0.190989565948818,0.17566906733118,0.159725187631902,0.149701247616001,0.195204888251994,0.570625458600161,0.857177266622464,1.22763429119591,1.91334975636522,2.18875925033881
"2011-02-24",0.182856889297106,0.170575916891104,0.158777321243535,0.155718514793427,0.210911354412181,0.595980760426208,0.881851831717891,1.24851369875221,1.92332560619916,2.19377264417328
"2011-02-27",0.189987907125551,0.176077166923839,0.162239208916173,0.156325670327372,0.209280483104024,0.598591681513802,0.888318421439073,1.25843556938173,1.93369726782653,2.20243003893036
"2011-02-28",0.193497058831496,0.178429677676517,0.163208130196612,0.155598018247642,0.2082505999158,0.606891226754813,0.903979500606383,1.28273527661339,1.97073458788625,2.24358217038549
"2011-03-01",0.201147208797427,0.183469477148245,0.164732767501338,0.151338058175525,0.19619598907556,0.586587925153153,0.882639363142151,1.26096972606228,1.94731141767191,2.21886408636023
"2011-03-02",0.200716769941945,0.182418687323963,0.162938672005723,0.14864058932458,0.193453011503137,0.590374941000562,0.892107646958966,1.27795389567088,1.97825760677478,2.25538131372033
"2011-03-03",0.199448278295674,0.181488414244177,0.162565602132073,0.149498838951018,0.196892400454635,0.599349172475943,0.902377165435689,1.28788926417555,1.98296127329823,2.25684340851254
"2011-03-06",0.203402093209464,0.183951896539321,0.162840143108292,0.145623210921539,0.185913179975306,0.577508820203945,0.879903771636066,1.26922926774253,1.9813714869748,2.26451404107359
"2011-03-07",0.211758408411357,0.190650466544994,0.167605858285008,0.148155903541123,0.188364375819031,0.590697285658976,0.898968027865264,1.29199402796173,1.99953041420258,2.27765200453156
"2011-03-08",0.204954797208565,0.185117314906548,0.164015954204885,0.148441970377511,0.195603762070226,0.607379126079489,0.913768957424326,1.29818460824118,1.97614624317566,2.23922845585105
"2011-03-09",0.204221162159252,0.184404324330012,0.163427643288894,0.148352939746733,0.197019096728551,0.612604499273102,0.91966446192873,1.30316125182968,1.97531549333118,2.23511891580186
"2011-03-10",0.207154456327782,0.187002058373599,0.165248294635479,0.147896633795084,0.190602509837836,0.591330826533693,0.894801217384391,1.27948838289238,1.96714933598909,2.23628385631644
"2011-03-13",0.217799021146922,0.190183337763462,0.1581348829931,0.12314502783191,0.140423426569153,0.514127143849942,0.819809117961198,1.2171915778264,1.94444347832634,2.23253445260315
"2011-03-14",0.189374159419364,0.170867175898109,0.150486036530174,0.132790811577276,0.167433204397604,0.537265283479893,0.833230491827186,1.22455472755072,1.9693839835955,2.27408606286882
"2011-03-15",0.213322249879903,0.194567464239356,0.173728256786451,0.154877147428481,0.186668488690424,0.548165010480004,0.840438242009638,1.22884417710864,1.97296812348147,2.27874881602453
"2011-03-16",0.21748170492208,0.198280814541285,0.176867478287094,0.157146523617845,0.187934127274117,0.548130480200701,0.839252503009119,1.22520173103833,1.96120468019816,2.26251495938376
"2011-03-17",0.216015588890841,0.193905864181267,0.168810271499765,0.143772830408652,0.169680817016853,0.532748513040621,0.826962708276406,1.21351828392457,1.93727173163757,2.22919756247197
"2011-03-20",0.214417410377099,0.191913498774519,0.166509737007726,0.141676763500149,0.170100306376107,0.54453190417456,0.844127561586182,1.23448476617652,1.95669822622041,2.24559551835259
"2011-03-21",0.218180729606312,0.196143991673003,0.17139132087163,0.147699775245912,0.177880159497634,0.555008575360005,0.855317847671588,1.24611528364742,1.96851281587226,2.25739200950513
"2011-03-22",0.22492137301605,0.202231177417669,0.176391941488335,0.150241039347833,0.17492249252094,0.536840518170437,0.830118926715799,1.21447670460679,1.93066572410216,2.2184616597635
"2011-03-23",0.212836033484429,0.191594196514549,0.167640677957913,0.144381501110162,0.17226430044586,0.53452808493343,0.826171749427578,1.20869507628023,1.92404141060856,2.21244877866384
"2011-03-24",0.212573100414695,0.190215142667475,0.164916892797281,0.139945226947639,0.167060465768014,0.534049467431151,0.828381690195053,1.21211538004225,1.92237635722529,2.20653638978838
"2011-03-27",0.212230485860317,0.189309187043759,0.163431312690533,0.138094426032595,0.166678354670944,0.544183818742226,0.845169386507533,1.23597420107729,1.9550605950263,2.24157742176011
"2011-03-28",0.21044073710489,0.187692772412342,0.161969166364772,0.136642546055475,0.164533166768969,0.539272845379536,0.839632637224258,1.23116093941014,1.95576704015773,2.24565430586338
"2011-03-29",0.20956694724031,0.18659329752072,0.160746174879957,0.135776361183304,0.165806560220637,0.54802744784449,0.850609818480741,1.24174818521383,1.95703557455812,2.24085974609966
"2011-03-30",0.209872775269599,0.186797553074852,0.160905914426042,0.136147946441506,0.167299993860081,0.553257003891898,0.856862453795354,1.24765295004376,1.95800730549041,2.2387290558463
"2011-03-31",0.209129774961092,0.185173688464677,0.158518893314868,0.133816030057079,0.168920198699653,0.571461756397025,0.880655989576321,1.27186600928011,1.96579955172938,2.23561757052188
"2011-04-03",0.21161366907236,0.186721554099969,0.158872478368154,0.132436034372341,0.166064134874244,0.571988182717057,0.885338229973297,1.28231733022135,1.98710111876372,2.26122069068313
"2011-04-04",0.209522528268455,0.185983472154639,0.159631503963837,0.134647870000758,0.167216944020758,0.562004441831135,0.870704842295052,1.26638970241678,1.98135056740203,2.2627588803647
"2011-04-05",0.205985236878692,0.183078150710218,0.157735812601142,0.134914089619125,0.171934052839561,0.577041359463466,0.889333455652082,1.28707664304447,2.00039953914992,2.27989845328231
"2011-04-06",0.198795384849942,0.176462548295398,0.152082127068874,0.131444573390102,0.173294907674464,0.590899800593385,0.908269239324851,1.3098872080478,2.02476780476328,2.30362364846209
"2011-04-07",0.19790801552523,0.175975440962372,0.152165608934787,0.132570536612618,0.176168239645821,0.597165782115561,0.915864455920981,1.31874550061466,2.035360854159,2.31482340791756
"2011-04-10",0.19969411826599,0.177269047956732,0.152792490821388,0.132092628205771,0.174200919220251,0.593901216370112,0.912820539630275,1.31638554273557,2.03471436204788,2.31491288059903
"2011-04-11",0.204863713303185,0.180545150022228,0.153859125333018,0.130579516385169,0.172351906860768,0.602100411214271,0.925736752675043,1.33087699327584,2.03990285685137,2.31332922007956
"2011-04-12",0.204447272217708,0.180462847742795,0.154042628151886,0.130612906860563,0.170332269849079,0.590512167696074,0.909239055496872,1.31009657417949,2.01604468473204,2.28935863853086
"2011-04-13",0.203491272733067,0.180349317665719,0.154810355568364,0.132039731115662,0.170262293854459,0.580593042373623,0.895007092951761,1.29374819466988,2.00456567034621,2.28198072207179
"2011-04-14",0.193923961703443,0.17348841832587,0.151284780746097,0.133023486870327,0.174286910295195,0.576387239866142,0.884682502381523,1.27883030842613,1.99192724451965,2.27326004927645
"2011-04-17",0.197883058047939,0.177284645304721,0.154609646106524,0.134774191719327,0.171444593797575,0.559502338464298,0.862171633975794,1.25289587688209,1.9689419439876,2.25383131904259
"2011-04-18",0.20298797603852,0.180913927953858,0.156277440091443,0.133288049077358,0.165890046742387,0.549733788443412,0.851360986395969,1.24051239823603,1.95121448162316,2.2330837957862
"2011-04-19",0.201450463570951,0.180134135705978,0.15640520889616,0.134545741886967,0.167504957324271,0.546915419962261,0.845512688680163,1.23190043844242,1.94118025818972,2.2235481452982
"2011-04-20",0.20170921622712,0.180253146070682,0.156375648266815,0.134379755159137,0.167376871266943,0.546263969705352,0.843248334161581,1.22615666031302,1.92513634265654,2.20231077263218
"2011-04-21",0.205689558164427,0.182500403443819,0.156448443100459,0.131373778609854,0.161735976263587,0.543089814910944,0.842276927454777,1.22609794834978,1.92003234659578,2.19322171216959
"2011-04-24",0.207473836276843,0.185458787851558,0.160911234082145,0.13807050942192,0.170701159385862,0.5517555798871,0.849800292592686,1.23286308873147,1.9284555269923,2.2032429814992
"2011-04-25",0.213491653148864,0.189334109335883,0.161889837279068,0.134263825054794,0.160507694265565,0.536484503247749,0.835969541919646,1.2227042899915,1.92725139065787,2.20589839950346
"2011-04-26",0.215489038603017,0.191465204522076,0.164122191715461,0.136423211625053,0.161891549503281,0.535314247820357,0.834478528817868,1.22238962621588,1.93328224245485,2.21557702066511
"2011-04-27",0.211746855303744,0.187866656442983,0.160620383160385,0.132778759039267,0.15714957158661,0.526410609462758,0.824137022865473,1.21182640376899,1.92660461590068,2.21160975708131
"2011-04-28",0.214272729625819,0.18965136588531,0.161399760487763,0.131886761766609,0.153991785139478,0.521282947073213,0.819393381342628,1.20823975565637,1.92598684960221,2.21229576876678
"2011-05-01",0.219458329428463,0.194062218151661,0.164750460412171,0.133443506308727,0.153004682345442,0.517457262946633,0.815455129598658,1.20487974802688,1.92461506196475,2.2118491379954
"2011-05-02",0.224156253993811,0.197742836768603,0.167008729501185,0.133193081210805,0.148840863774444,0.507019229990365,0.803189776336377,1.19131125312933,1.91001328475276,2.19703195004933
"2011-05-03",0.227518628668476,0.200081077116833,0.167895944371299,0.131458066605571,0.14280418075974,0.493057459918004,0.786327563734827,1.17183442947724,1.88719453828819,2.17309295564691
"2011-05-04",0.229272460315196,0.201150852540585,0.167979764151245,0.129705665522643,0.137861297325417,0.481411299144708,0.771814417342108,1.1544332571503,1.86554409003237,2.14990257186554
"2011-05-05",0.225756313697015,0.198555562576406,0.16651348661384,0.129737339644154,0.13874488567952,0.478242186234438,0.765484177880981,1.14503294679898,1.8540583023691,2.13867089265997
"2011-05-08",0.220294853503685,0.194707561084691,0.164770883586546,0.131239191760003,0.143893242964259,0.484048954636493,0.769576027940512,1.14711601703513,1.85493209226434,2.13999966775322
"2011-05-09",0.215626441417581,0.190711926272807,0.161673995999989,0.129589070726821,0.144032603713478,0.484747922946641,0.769086725408259,1.14451449253025,1.84767538505094,2.13076661903188
"2011-05-10",0.21096897689679,0.186008973112876,0.15696076948198,0.125006655433483,0.139993314510634,0.481507460404109,0.764942275035837,1.13769285296928,1.83177432660535,2.11006480059517
"2011-05-11",0.205949649290836,0.181580329377142,0.153281658445213,0.122397921586339,0.13820796133643,0.476895528305519,0.757102919353158,1.12532094576725,1.81059501097509,2.08530103358415
"2011-05-12",0.211611583631885,0.186472392326992,0.157193813955871,0.124872324131067,0.139251727848503,0.477868979777574,0.758246963673576,1.12579693220338,1.80656266706697,2.07845363501664
"2011-05-15",0.210183665138946,0.1848056696069,0.155330073522627,0.123083086526577,0.138823383788168,0.48387748258149,0.767456044035307,1.13752787234466,1.8187170820064,2.08964109923008
"2011-05-16",0.211936157098389,0.186163303596828,0.156251617791456,0.123616657598759,0.140027070390961,0.492332150979049,0.781558874013045,1.15890099142378,1.85334651394066,2.12952503787534
"2011-05-17",0.209797589410637,0.184708047541036,0.155585260991019,0.123850676615015,0.140360092098968,0.490092901306798,0.779267383402615,1.15921292159112,1.86624095462605,2.14965714277103
"2011-05-18",0.204003887436557,0.180020689035151,0.152457508704985,0.123487885662922,0.144190436417799,0.498275294910216,0.7862280331786,1.16201068361559,1.85588008231974,2.13269801836874
"2011-05-19",0.202562098911756,0.17900793636594,0.151782825943072,0.122600760405724,0.140578136827536,0.482046665815741,0.763731234640291,1.13457701488214,1.82776959929859,2.10664497682719
"2011-05-22",0.211119116226586,0.186214109726026,0.157174490687017,0.125037147790432,0.139232332476837,0.478730169497815,0.76223736867501,1.13662765694683,1.8379232835639,2.12027494903717
"2011-05-23",0.211926062350821,0.186791335192595,0.157436730237896,0.124764336915093,0.138194340419432,0.47681075046053,0.760264647628911,1.13480849095829,1.8366798676643,2.11930544334446
"2011-05-24",0.208015312369574,0.183320148215432,0.154531965220711,0.122699612606807,0.136903666956797,0.474116316374632,0.755617319922153,1.12732618583605,1.82355775337847,2.10386451962653
"2011-05-25",0.207888991432968,0.183386724740783,0.155098343818783,0.124823202733202,0.143231430824236,0.49059297173028,0.773719505003809,1.14244174497631,1.8201947340291,2.08961750188808
"2011-05-26",0.214562242605062,0.188114220544198,0.157129835081776,0.122179718085802,0.133562019949874,0.470935679899301,0.751874668250054,1.11968987666821,1.79821418795597,2.06828879235907
"2011-05-29",0.219354393232579,0.191344498983465,0.158357836929902,0.120442533611153,0.128914454466338,0.468036455636199,0.751984768064761,1.12322207237705,1.80524358878559,2.07578302819376
"2011-05-30",0.213930186469076,0.187253156518724,0.156193626186288,0.121886406730325,0.136686767387132,0.48935181565463,0.779193284627611,1.15642362227208,1.84734178213313,2.12111604963641
"2011-05-31",0.211844586212571,0.184975126349063,0.153686934325349,0.119108933911074,0.133929059462795,0.488754422623933,0.780435832426779,1.16008150416741,1.85544908220649,2.13098999330295
"2011-06-01",0.216000075593323,0.186256084525517,0.151197437483176,0.110720009821029,0.118454834943572,0.468070959614793,0.759253149301185,1.13735318635435,1.82438725158251,2.09481633020057
"2011-06-02",0.214261205455101,0.184576592334491,0.149565575263041,0.109056318978924,0.116356773140013,0.463442780898577,0.752856329779355,1.12876455043381,1.81194276116226,2.08087134012337
"2011-06-05",0.215083163155258,0.185835163678951,0.15145654827583,0.112134786230687,0.121528509456987,0.473133899203228,0.764527825233896,1.14245569990128,1.82863566520233,2.09865500172966
"2011-06-06",0.208517834907751,0.181466383497431,0.150015714384674,0.115422004549362,0.130936318753869,0.488396788596801,0.78051636677827,1.159147022772,1.84851130013059,2.12057067081271
"2011-06-07",0.203721202083293,0.177588772486388,0.14724317856825,0.114039390087253,0.130041740668205,0.482139180198223,0.770399587682297,1.14521529167073,1.8312682842357,2.10305293457164
"2011-06-08",0.207511188828159,0.180542325088623,0.148942680374221,0.113278617258517,0.124789112819027,0.468381908255251,0.754574518427167,1.12929183497874,1.82057858951769,2.09573726679655
"2011-06-09",0.198646633481109,0.173985613414012,0.145313403131936,0.113910725085035,0.129543463349662,0.472775635599611,0.758200056425143,1.13472815932604,1.83952136157547,2.12320712193224
"2011-06-12",0.202049182334858,0.177068165995064,0.147981309778119,0.115955457744268,0.130981002426276,0.475039425772106,0.761755420751732,1.14018645483951,1.84879802918497,2.13405822025475
"2011-06-13",0.19835730936331,0.17357531636451,0.14491658782954,0.114084739387161,0.132117358309864,0.483066097404808,0.770764668922723,1.14697391944178,1.84259360753375,2.1202478100931
"2011-06-14",0.197060280514649,0.173072231037382,0.14558976019125,0.117021950128247,0.139050625678145,0.496858839545175,0.785689848206133,1.16092447404445,1.84949680702575,2.12305755338698
"2011-06-15",0.15329419400682,0.136632248726931,0.118434538317772,0.103273695749033,0.137376526785787,0.483627592976617,0.759099976839844,1.12274703758659,1.81410276976611,2.09680557009116
"2011-06-16",0.149073079989542,0.132448981727023,0.114268522268774,0.0990404683216651,0.132832379745401,0.478942221950804,0.75549507516315,1.12183517671069,1.82207029381247,2.10956193546318
"2011-06-19",0.155339917280814,0.137029068499869,0.116662816382229,0.0981110405580885,0.128277308200156,0.473662558184393,0.751251188812786,1.11784864649476,1.81299786968906,2.09641078199144
"2011-06-20",0.154737656078158,0.136460410224989,0.116210295278322,0.0980695574311078,0.129437747452319,0.478033142277596,0.756338605231628,1.12233904961592,1.81219802560836,2.09225199211138
"2011-06-21",0.156273362897413,0.136708213718583,0.114784534955945,0.0940901507855184,0.122686658017133,0.471381383114844,0.751441296642765,1.1194482130974,1.81062078914447,2.09028007716612
"2011-06-22",0.151215792235125,0.132476532423111,0.111523426270172,0.0919771226487869,0.120731769932766,0.46457551430317,0.742157318917971,1.1091818418796,1.80572996460708,2.08980397793531
"2011-06-23",0.147244289853852,0.128942828015067,0.108626970760899,0.0902647151574622,0.120929503419425,0.46661364392661,0.743017762159538,1.10666701734681,1.79229439662386,2.07066102474986
"2011-06-26",0.149497114078027,0.131086451267977,0.110531867135781,0.0914862914571698,0.120333541238174,0.460860103088029,0.735406975981699,1.09829285386843,1.78681682412713,2.06759220781731
"2011-06-27",0.148905812867402,0.131359945563535,0.111816128975406,0.0939365731409113,0.122755902224788,0.456728036791064,0.727286861074942,1.0870293802612,1.77650418950079,2.05986982354231
"2011-06-28",0.147207190603386,0.13027492582945,0.111740837288674,0.0961035391289466,0.129732499948752,0.475171303711617,0.749466521920466,1.11053364859776,1.79360092086497,2.07184221462983
"2011-06-29",0.148557291376688,0.132036943898429,0.114220021583039,0.100270188074858,0.137690471351506,0.492005941358102,0.768625552827309,1.12934664262938,1.80317093001945,2.07525891108524
"2011-06-30",0.150682153758233,0.132081492963239,0.111695117211996,0.0942613245974826,0.129348562856907,0.490557072829869,0.772438131041257,1.13729567853072,1.80921708796245,2.07754358304734
"2011-07-03",0.153571660558687,0.134400734323325,0.113318663241039,0.0949927850284192,0.129814894638772,0.496115747784857,0.782677747272914,1.15383986982375,1.8376902874866,2.11082709767323
"2011-07-04",0.152075928604437,0.133470646429411,0.113053922182589,0.0955379003272526,0.130702405910967,0.496288365211411,0.783971610155003,1.15902113931459,1.85740169299286,2.13852408763093
"2011-07-05",0.151132589048556,0.132108452094631,0.111227070060643,0.0932658900292342,0.128847964019193,0.498962883102701,0.789189010835706,1.16626973536018,1.86465106425985,2.14466701107356
"2011-07-06",0.146821075179134,0.129071419905362,0.109788693704916,0.0940907856845236,0.131621023416224,0.500235484204126,0.789350411415329,1.16684209632974,1.87262975012263,2.15772074663247
"2011-07-07",0.14635607953045,0.128653992528824,0.109503857112266,0.0942339537177142,0.132941176240416,0.50437697526593,0.793849334182449,1.17024227860039,1.86981941629035,2.15122844024411
"2011-07-10",0.150571686098384,0.132038069016272,0.111517966511072,0.0931941107513545,0.125271405893174,0.479974981257728,0.763004220918929,1.13516299557999,1.83655728128933,2.12128307970108
"2011-07-11",0.152846302214291,0.133799499797293,0.112355620121323,0.0917642616869211,0.118413159672081,0.45797190900933,0.734720945957394,1.10243474501352,1.80477828506745,2.09248241963208
"2011-07-12",0.151816150652035,0.1332247816879,0.112444860297783,0.0930925450950809,0.121770347427878,0.46358252334388,0.739434483783921,1.10414013572263,1.79624476471606,2.07850001170878
"2011-07-13",0.153177650855488,0.133600794021815,0.111282900845806,0.0887304377527579,0.111023242301444,0.438522832682184,0.709675071205402,1.07229301905251,1.77014403786588,2.0574027654776
"2011-07-14",0.153946633728214,0.133895912838868,0.110969105981379,0.0875213102578706,0.109029870217295,0.438398720603612,0.711990081868289,1.07818171833272,1.78333594847566,2.07366759329259
"2011-07-17",0.2021407714095,0.173806774099323,0.140138551996902,0.100357008061467,0.104215814247197,0.433213899634558,0.716104259146587,1.09135570708631,1.79419795314214,2.0765943849107
"2011-07-18",0.157029335352284,0.136503833446579,0.112995183426449,0.0887722754615001,0.109799074528861,0.440646285117909,0.71509272955542,1.08143663161491,1.78345883118257,2.07138795522122
"2011-07-19",0.153681673226495,0.134073718725088,0.111728286052713,0.0891802433069986,0.111660925128616,0.440378431662344,0.712436370385671,1.07622962244093,1.77629346152094,2.06445538116237
"2011-07-20",0.150654440538493,0.132379235609106,0.11193850034159,0.0928646252520163,0.121019069041856,0.458610956102258,0.732144394368805,1.0950177683906,1.78734449550999,2.07082552975259
"2011-07-21",0.15151410616345,0.133082220683628,0.112417033746481,0.0929295366048597,0.120379206297482,0.456550660506654,0.729502782280923,1.09180674632446,1.78332162849843,2.066512947338
"2011-07-24",0.16257636972816,0.142528441634694,0.119647257413008,0.0963970167245876,0.118482146554858,0.448688797106009,0.721536190753131,1.08537617260752,1.78210057533959,2.06777948261974
"2011-07-25",0.163366102452781,0.142967782657121,0.119683079532258,0.0959859627164314,0.118142838141881,0.450876590812777,0.7249588054182,1.08928331288129,1.78330761696548,2.06675266629276
"2011-07-26",0.152229957952911,0.13344374123684,0.112145695531856,0.0911295106225767,0.115056972207551,0.442811150293204,0.713591815473696,1.07643944989023,1.77800898742733,2.06796454279041
"2011-07-27",0.153516544629512,0.134151504162308,0.112069399960714,0.089754914739344,0.111950443772116,0.438461417114511,0.709832024478605,1.07404248156313,1.77903683242486,2.07053306626301
"2011-07-28",0.153517907760796,0.134396973539807,0.112635635965822,0.0908183218405672,0.113553183478414,0.439710795555737,0.710232646903269,1.0731086986643,1.77525100611604,2.0655253848393
"2011-07-31",0.158873227969497,0.138923381145115,0.116097803168672,0.0926961799747435,0.113824550756538,0.440291772591837,0.711659405655899,1.07493968948215,1.77457640032731,2.06265021255363
"2011-08-01",0.158016663519091,0.138750322589206,0.116568015106532,0.0933233412375668,0.111730439103708,0.422965762958963,0.686103539904505,1.04248588376209,1.74091075628047,2.03226546896145
"2011-08-02",0.157509463374323,0.13858258444069,0.116736135054074,0.093620747224919,0.110637226560707,0.411457924575115,0.666563901277678,1.01234043688887,1.6903604859538,1.97326440930183
"2011-08-03",0.154463221367312,0.135504675514748,0.113693034499551,0.0908817071367381,0.109076945193991,0.413960815548938,0.670628791067932,1.01698668656217,1.69182426290901,1.97207196263485
"2011-08-04",0.152404409102905,0.133146324235962,0.11085206201303,0.086998197445539,0.103041842294372,0.403251034680528,0.658775101636236,1.00544689407283,1.68568095093645,1.96958256432128
"2011-08-07",0.158649874046583,0.137295389961922,0.112258882882792,0.0841790468410291,0.0956108536957613,0.397269053171993,0.657734594379505,1.01149703007149,1.70391816937713,1.99197156399788
"2011-08-08",0.155989161701009,0.135423859275015,0.111518524593129,0.0855471355752523,0.100783828679878,0.412603389333954,0.679434690337933,1.04194515342823,1.75395199417916,2.05122608493538
"2011-08-09",0.159167676037175,0.137449559346963,0.112072373452406,0.0839318596091402,0.0970070560207089,0.408911994760159,0.676151133599741,1.03763393585802,1.74123018045592,2.03276309049668
"2011-08-10",0.155001036888916,0.135039844520278,0.11193005767296,0.0871973065166061,0.103796308597673,0.414825517533827,0.679581920876755,1.03878729036594,1.74362567009626,2.03779790469644
"2011-08-11",0.156776329740939,0.136937339066424,0.113929120989843,0.0891792293332752,0.105291088129243,0.41558550804014,0.681757760380502,1.04511331412012,1.76509012332084,2.06787429700011
"2011-08-14",0.162162861093318,0.14128253643361,0.11690716726751,0.0900252065724364,0.103666437563373,0.413208226662549,0.680325981628912,1.04471557243205,1.7642978212632,2.06589705180527
"2011-08-15",0.157933056937007,0.137678492127838,0.114053388838175,0.0881185844681407,0.102189182882215,0.409809110761876,0.676634378046987,1.04290040183282,1.77405134305778,2.08319945603115
"2011-08-16",0.159603963211976,0.139569615577555,0.116119773687727,0.0900670120827846,0.102581356280733,0.401752630595878,0.663228326270545,1.02360463400665,1.74706130078218,2.05424372698649
"2011-08-17",0.157872721710171,0.138071880109606,0.11480876111075,0.0886342949547115,0.0995031341541477,0.389649471440342,0.645346697179148,0.999284759954,1.71408777009088,2.01895993818557
"2011-08-18",0.159164928330473,0.138293482158562,0.113551543116454,0.0848314778656186,0.0919598921087299,0.377459180761526,0.632733703405305,0.987377888496006,1.70546930167121,2.01205736382189
"2011-08-21",0.168962541948424,0.14477851754256,0.115711487989995,0.0803366626447223,0.0801295900242286,0.366051209338054,0.626521259973126,0.98744707983928,1.71018059828615,2.015364864335
"2011-08-22",0.163135224530094,0.139671423485635,0.111728455526166,0.0787065413396986,0.0833180096768947,0.381459302329257,0.647298661010279,1.01291621143475,1.7390833451057,2.0441166811019
"2011-08-23",0.167915489392758,0.143174221470467,0.113537999809765,0.0778238676990186,0.0791520810272128,0.375665611298484,0.642537644218198,1.00967078485693,1.73711619159555,2.04185925224257
"2011-08-24",0.160982353310915,0.138165731098744,0.111222381754268,0.0802615022614792,0.0890003576557791,0.397194404513574,0.667233331749208,1.03629517271272,1.76422371794542,2.068636752058
"2011-08-25",0.159541911431755,0.136689577689859,0.109780433783135,0.079137493923414,0.0891164154605906,0.401545152360445,0.673155147605563,1.04268349463395,1.76682941716133,2.06821813498728
"2011-08-28",0.166809551154809,0.142609290789873,0.113760881612886,0.0795401768231838,0.0835499820442273,0.386114467191371,0.655782532812194,1.02588626806378,1.75801334792005,2.06452559555463
"2011-08-29",0.161684889134245,0.139626811730163,0.113630746605055,0.083978770454555,0.0936142076450879,0.398472020723256,0.665361507440281,1.0307638346944,1.75419947152452,2.05771415662295
"2011-08-30",0.161649591437572,0.139849411087159,0.114213881501391,0.0851972614202805,0.0958195370337686,0.402211599551727,0.669502357249391,1.03513171821445,1.75856726011225,2.06200923107897
"2011-08-31",0.16160622419768,0.14092805894784,0.116864800467992,0.0906313228040909,0.105619115485277,0.419020689742911,0.688288314582426,1.05520064522804,1.77919077871197,2.08254447861187
"2011-09-01",0.157711787162649,0.136307801664159,0.11138740447344,0.0841295193786434,0.0989576120737972,0.416840950053812,0.688559083653535,1.05666375952824,1.77586265679824,2.07485029602967
"2011-09-04",0.166877916446581,0.144172970746663,0.117234983721632,0.0857975421021833,0.0922270783713492,0.389848358462694,0.653391025423943,1.01523393015238,1.73304894144014,2.03443609500294
"2011-09-05",0.156694947172403,0.135714709011087,0.110869009625695,0.0821105596249299,0.0895727424143944,0.37643868420554,0.631803779435501,0.985391549312565,1.69756113231091,2.00034162349488
"2011-09-06",0.148543388167198,0.129958524514826,0.108287451801474,0.084589452920715,0.0983631400252044,0.390358133522641,0.646351956589209,1.00178229325251,1.72536435179635,2.03629667216627
"2011-09-07",0.146067665666979,0.128341241494356,0.10790091811352,0.0864572519085987,0.103921412279085,0.40141390425185,0.657847351877884,1.01153557286461,1.72601458481973,2.03141501426824
"2011-09-08",0.142733674316638,0.126240361773027,0.107414068160074,0.088461720851043,0.108663954632659,0.40551615475353,0.659306905057017,1.00935851672838,1.71858366204819,2.02276153105309
"2011-09-11",0.151008073314979,0.132781522817782,0.111617143220636,0.0888143208211727,0.103880148510835,0.396141623157457,0.650232319648338,1.00147400966774,1.71215850270823,2.01613274909614
"2011-09-12",0.145259187043714,0.12826406439006,0.108803411418214,0.0889265085590857,0.108167155073032,0.403770145794318,0.655865419130854,1.0018605433173,1.6963572258805,1.99185088556749
"2011-09-13",0.145527738985192,0.127588260017332,0.106884522632287,0.0850591295325282,0.102013260820859,0.396825599867512,0.64976063923963,0.996702047462445,1.69080348433804,1.98512367532899
"2011-09-14",0.147467242320828,0.12898325629124,0.107572445288406,0.0846662343617374,0.100415281802379,0.394726079387589,0.647679691250203,0.994085819910303,1.68442583674266,1.97612510621569
"2011-09-15",0.14607174823663,0.127601869163203,0.106355592904058,0.0841844797552548,0.102373825977468,0.404574750875096,0.660467688080895,1.00784708550355,1.69146171584009,1.97760064998128
"2011-09-18",0.185000870396217,0.160493750503602,0.131288533439777,0.0965914916139761,0.0998481896414869,0.39523665525608,0.655343049600637,1.0077609289667,1.69014959878556,1.97111844033242
"2011-09-19",0.150425297345929,0.131502295993992,0.109543153633264,0.0858684143752478,0.100978645632866,0.395747470371513,0.64879921979389,0.994313314890541,1.67903618602881,1.96701052907376
"2011-09-20",0.152285381537225,0.132869851324223,0.110271372083325,0.0856165165901157,0.0996006678938204,0.393455301928183,0.645997741997104,0.990143922370982,1.66924573935182,1.95379659845753
"2011-09-21",0.150315820698152,0.131680127328237,0.110210335992708,0.0876196178011927,0.104742315062511,0.399494520132408,0.64734079100861,0.980988962428999,1.62821628243115,1.89604780882279
"2011-09-22",0.184085364685978,0.159975181901926,0.131261942902311,0.0971788186386416,0.100257604375701,0.386683193195849,0.637096387265973,0.974090200746596,1.6195614004571,1.88316454036933
"2011-09-25",0.156539692917275,0.136300851169683,0.112661171626629,0.0864832075059653,0.0988417066093434,0.390300742719456,0.639883558945098,0.977436208247187,1.63438985592845,1.90658638619328
"2011-09-26",0.156304980674476,0.136237311859082,0.112957055558218,0.0877902370458696,0.102879622967639,0.403069351918499,0.656837596263158,0.998035736118317,1.6571609415858,1.92886976294657
"2011-09-27",0.156725793284919,0.137176411343316,0.114516648450483,0.090136795191555,0.105641070120729,0.405015652682907,0.659386997209729,1.00346534616259,1.67499628800614,1.95405182804228
"2011-09-28",0.151449663427449,0.133323621957077,0.112475718069126,0.0907318766391003,0.108637954911564,0.405469725004109,0.656776203751566,0.997915227848046,1.66922937368052,1.95021648189045
"2011-09-29",0.150870259188284,0.13291497777074,0.112502124655341,0.0921261522649216,0.113897390772707,0.422111696466766,0.677468103758592,1.01990160978965,1.68235139287002,1.95619460540985
"2011-10-02",0.155562620447645,0.136416690385462,0.114386219559073,0.0913151998734242,0.109431153954938,0.414662485198438,0.670941416068005,1.01580981143302,1.68462171301201,1.96135663658363
"2011-10-03",0.152747634032052,0.134181905122483,0.112670501001819,0.0896119058909947,0.10508196242964,0.39728653116243,0.647640712523487,0.989296970586637,1.66612772528965,1.95074242851634
"2011-10-04",0.150621570742452,0.133463737911467,0.113559735638574,0.0922091878879376,0.106951189422547,0.386102872789763,0.629196216764907,0.96612603365741,1.65117980543305,1.94540746725925
"2011-10-05",0.151747235048125,0.134277463769382,0.114022217373315,0.0923216261460225,0.107357799498822,0.39029254914674,0.635807316592994,0.975026249703657,1.66113959034731,1.95456254401474
"2011-10-06",0.142349521098819,0.126140707728389,0.107658603046693,0.0891011250579867,0.108982295616791,0.398100579340472,0.643571314847421,0.980076844669875,1.65494728803994,1.94199249649985
"2011-10-09",0.178878676685438,0.156776916691546,0.130619288208365,0.10029084131949,0.107181577589344,0.395128072560349,0.646943634914083,0.989305430738837,1.65806546155444,1.9355391320556
"2011-10-10",0.146239632543024,0.129541500584508,0.110496882266141,0.0913237220480224,0.11135659041297,0.404342370132739,0.651725726305954,0.988930909752908,1.65868893987528,1.94131904492742
"2011-10-11",0.145745856174152,0.128979580881087,0.10985918493437,0.0906176981091722,0.110770196946874,0.405128505589899,0.653644522221702,0.992384141942395,1.66517627607963,1.94908447551657
"2011-10-12",0.142270501406121,0.126262133801518,0.108248700774226,0.0911164135624082,0.115091854961525,0.418250353061606,0.670918862259576,1.01413444909109,1.69411790799124,1.98077813675639
"2011-10-13",0.14701435042027,0.130504867443706,0.111855809640197,0.0938002078837676,0.11689710846714,0.420189580335166,0.672932935870771,1.01534264085275,1.69011994845506,1.9732898969222
"2011-10-16",0.140642552030676,0.124946787837943,0.107392190206851,0.091141409586183,0.116737780363501,0.42373206708584,0.678256744848705,1.02350295897475,1.70680310931024,1.99474373663469
"2011-10-17",0.140860056658227,0.126285125080024,0.110155679647172,0.0959730227819378,0.123438356422548,0.428461747028661,0.680752606820169,1.02416840031349,1.70934530420231,2.00017232452385
"2011-10-18",0.145869362411588,0.130729404409618,0.113786637812178,0.0981079869636666,0.12312973733413,0.424839390542446,0.677335602112012,1.02285030410747,1.71680641554482,2.01275013328567
"2011-10-19",0.142111148622526,0.127743598640528,0.111694835782786,0.0970125152237758,0.121842895589643,0.417211501608202,0.666240493289753,1.00985379774811,1.71014868026695,2.01249208514001
"2011-10-20",0.142940300958501,0.128427969335807,0.112198956871086,0.0972736895526459,0.1219887932231,0.418595598278934,0.668899854524418,1.01436048237414,1.7185525585238,2.02260186184049
"2011-10-23",0.144313281485751,0.129428418139346,0.112802608499968,0.0975652492366109,0.122962500583099,0.424738110276232,0.677672741358241,1.02467855419658,1.72497575064026,2.02484877842789
"2011-10-24",0.145484394228216,0.130164357266039,0.112973172510331,0.0968680341119545,0.121267351205607,0.422229818775176,0.67468130221461,1.02035141803056,1.71493899616557,2.01120679193476
"2011-10-25",0.148052215299414,0.131438575153723,0.112384528956381,0.0928309453791687,0.111403529452414,0.402020613081792,0.651736971040992,0.996631334597621,1.69609135220753,1.99619907117137
"2011-10-26",0.155690194207046,0.137790521296533,0.117157932972694,0.0955098180744539,0.112919062090158,0.409385057985445,0.663370366492877,1.01162037103061,1.70814970700398,2.00346756954612
"2011-10-27",0.150357907604307,0.133364101578346,0.114160902481579,0.0955396298458218,0.119176845000437,0.430728195869474,0.690443463825175,1.04233097441227,1.73583216735657,2.02686720345549
"2011-10-30",0.150604020232895,0.133671501358942,0.114567127406468,0.0961639346934144,0.12029147669316,0.433396817586506,0.694031346346987,1.04702804702617,1.7425210348079,2.03435995042744
"2011-10-31",0.147942367903307,0.131133718483525,0.11205029657054,0.0932119267876155,0.115258871537633,0.420346334627879,0.677489039866388,1.0285510816006,1.72851898872827,2.02492869166394
"2011-11-01",0.153432473819337,0.136127516441331,0.116167523405216,0.0952047260709673,0.112142560803719,0.402038273609557,0.652006671399952,0.996808066947162,1.69337906926025,1.99113233346179
"2011-11-02",0.181431573072991,0.159685265134362,0.133826034867585,0.103435241104085,0.108657969870571,0.390921565552982,0.642577431183872,0.98947196348223,1.68157649185071,1.97341662053704
"2011-11-03",0.146267423237873,0.129875530700526,0.111100358645912,0.0919335040704115,0.110740831940449,0.399760593486754,0.647753373755051,0.990138624679555,1.68432019883205,1.98213043764434
"2011-11-06",0.15091293507502,0.133383732218945,0.113070223916502,0.0913666519460873,0.106846476796961,0.394019790416436,0.643771122415428,0.989810605994768,1.69321222895336,1.99529026975693
"2011-11-07",0.149448252158063,0.132054788170521,0.111827424910365,0.0899580638572023,0.104262782769458,0.386909167986979,0.635183459823725,0.981535759889066,1.69311535810622,2.00133667431019
"2011-11-08",0.149305207085126,0.132475299626906,0.112981687185329,0.0922370069258361,0.107784918207005,0.390651028955482,0.638520290698304,0.984784344770485,1.69884040103587,2.00924521329308
"2011-11-09",0.152705851192203,0.134895345616089,0.114098707141451,0.0912575434376325,0.10407055496797,0.383425291570489,0.629465132626507,0.97221367480946,1.67366504864112,1.97637378381579
"2011-11-10",0.153480000143248,0.135219011067871,0.113937065727929,0.0906781632621054,0.104071379110196,0.387485519135499,0.634390575161391,0.975153166821,1.66189746324207,1.95455829163333
"2011-11-13",0.151756879444273,0.133945915305642,0.113271760913571,0.0910280348725434,0.105900486853814,0.392205621869244,0.641000158141249,0.98487842338724,1.68060242787396,1.97816725892398
"2011-11-14",0.151943590710529,0.133924707368414,0.112883012190487,0.0897500562722981,0.10250299696245,0.382763091795582,0.628955800143757,0.970952775405728,1.6674440648235,1.96677923518154
"2011-11-15",0.151994091766101,0.133707142133117,0.112108563401629,0.0874414629588905,0.0962526836079768,0.366353981962156,0.610160065576203,0.954084399414105,1.67037293763113,1.98367874889099
"2011-11-16",0.15817480180762,0.138764522212196,0.11568216495503,0.0886787636704238,0.0947537543243577,0.364439993920318,0.610036444345777,0.956533782236958,1.67619900284459,1.98994801583612
"2011-11-17",0.155009574206401,0.135405608693063,0.112034905031889,0.0844643874742217,0.0894534252970022,0.356362315455764,0.600514651096759,0.945358216385352,1.66216014191452,1.97476109974818
"2011-11-20",0.153571197207376,0.134848854169907,0.112733588708665,0.0874371816308957,0.0960776932955711,0.368182771094136,0.612608024764083,0.955559518798075,1.66308957497512,1.97007080732763
"2011-11-21",0.151027151149242,0.132342086976911,0.110389122653336,0.0857181136627234,0.0963217268282035,0.374553647718019,0.62110868770744,0.964377240976344,1.66458580335993,1.96571215782453
"2011-11-22",0.190968792548862,0.165668744565001,0.135032032694605,0.0968232014787867,0.0917590370196462,0.365270534887201,0.617718750416746,0.967084434259121,1.66217846427294,1.95382388987279
"2011-11-23",0.153911356124305,0.134461355165134,0.111643112799742,0.086082577587807,0.0972083544201449,0.382859570946556,0.633361136562543,0.978908720747683,1.67302128455334,1.96781494377959
"2011-11-24",0.154440098324139,0.135029263573893,0.112564149384522,0.0885676145507127,0.105033073771532,0.410338631445811,0.670778442852844,1.02500895303669,1.7230606126817,2.01539766155514
"2011-11-27",0.159752672331086,0.140463850748404,0.118359558980161,0.0955956584431846,0.115797708177579,0.433778640750001,0.700258032740823,1.05943072935139,1.75864785307907,2.04892604047021
"2011-11-28",0.17448246857015,0.152168724237806,0.126203273636903,0.0977705083717025,0.112523791613155,0.433401900701389,0.704099895782487,1.0661296931736,1.75874041906537,2.04206179920007
"2011-11-29",0.15938743302348,0.138708196373722,0.1149280624177,0.0900388101673078,0.109388569642743,0.434347805247616,0.705175687518023,1.06712729959636,1.7613247681302,2.04613634842435
"2011-11-30",0.154495276593007,0.134829965756414,0.112293797807429,0.089064899522236,0.10944791519997,0.431115405952358,0.699921939034355,1.06120526427156,1.76124205184408,2.05080065964595
"2011-12-01",0.162280889540259,0.140237114612957,0.114629638579771,0.0867634547475116,0.102179111486606,0.42299622941475,0.693000977024514,1.05388722252108,1.74402150373412,2.0262857749032
"2011-12-04",0.162198185225276,0.139975375934706,0.114017984621863,0.0852265399990873,0.0982864033294513,0.412231358823778,0.679353036987108,1.03823642586548,1.72909507975019,2.01293076167544
"2011-12-05",0.160168567581403,0.138860402417599,0.114058031669694,0.0869131895534277,0.10133539638248,0.412760183611194,0.677230969547118,1.03323168918721,1.72151297070401,2.00532814647439
"2011-12-06",0.15296826822756,0.132971914912449,0.109917458935498,0.085590382059307,0.103633445650525,0.418391594852018,0.683298387099433,1.03999611235705,1.73204991382022,2.01844923741293
"2011-12-07",0.153499978043439,0.13357060716177,0.110576928880893,0.0862476115632789,0.103912546583298,0.416157091262438,0.679178981687885,1.03341879571102,1.72081386041837,2.00530259841892
"2011-12-08",0.156772913499402,0.136334075819144,0.112527130920182,0.086446109595533,0.100407089809965,0.403041949469131,0.661880549467865,1.01259018735068,1.69787628959905,1.98277727743631
"2011-12-11",0.156967955779122,0.13762442917766,0.115248196158693,0.0913748599785258,0.107818242472955,0.410878699915874,0.668582684663102,1.01812568399399,1.70387324705352,1.99005659124878
"2011-12-12",0.158172478916849,0.137793054832268,0.113871715341095,0.0869860713034922,0.0979629873004334,0.39078044874026,0.646230887227313,0.996453628754064,1.69253442646224,1.98561764726614
"2011-12-13",0.156224696855907,0.137111310773476,0.114890827421721,0.0907716477907838,0.105247339108745,0.399322720964348,0.652384189633585,0.998124448262421,1.68359648890717,1.97193522677133
"2011-12-14",0.154345596016047,0.135527175392071,0.113592153339249,0.089588769401668,0.103133954284574,0.39253343995776,0.643995102887757,0.990051457793267,1.68401806134408,1.97855496848733
"2011-12-15",0.152568260213866,0.134216724130933,0.112879096648931,0.0897597937195587,0.104195509654964,0.393600967399155,0.64494355203678,0.991552415926392,1.68967648114457,1.98711904137549
"2011-12-18",0.154819889615009,0.136413019720079,0.114924481183238,0.0913086787990077,0.104271799280839,0.388813096107311,0.637957824104081,0.9829967067187,1.68205626471421,1.98121590347661
"2011-12-19",0.152189865144997,0.134913615161089,0.114949683124686,0.0938320451018153,0.110014884616445,0.396004125701405,0.643149743709135,0.984255048064484,1.67364813048304,1.96838243774703
"2011-12-20",0.156111315804834,0.138246201139605,0.117525991752241,0.0952846606091328,0.110353076717068,0.396857995807701,0.644880981724559,0.986626417079411,1.67454131012888,1.96756439676595
"2011-12-21",0.153645067050299,0.136178120462182,0.115913563192963,0.0941682954091085,0.109137232252411,0.39313534453377,0.640479329066424,0.983311503631038,1.68038216574641,1.97977379477212
"2011-12-22",0.195130908545846,0.171006060952798,0.141959860154783,0.106395875599288,0.104998486258966,0.383072624230909,0.636739020912785,0.987536741359024,1.68693818560968,1.98115833768499
"2011-12-25",0.154649513121711,0.136782433270798,0.116024148113431,0.0936131332577933,0.108159797517733,0.393610852249139,0.641954727411213,0.985314850146504,1.6801434403711,1.9773513350735
"2011-12-26",0.15247538513613,0.134323696508952,0.113285145118407,0.0907420523670687,0.106139482179006,0.396208731060831,0.646388587847509,0.990021638886613,1.67818230411396,1.97009694976516
"2011-12-27",0.156827009073048,0.138177166003864,0.116548727100913,0.0933066811748356,0.108699371695223,0.403326990957382,0.656932790369077,1.00436688181331,1.6969480066729,1.98962616458158
"2011-12-28",0.152526505943128,0.134090934615,0.112758184387884,0.090024244776306,0.106160872470108,0.401703343252765,0.655388213359796,1.00267958291681,1.69461787554224,1.98696498203888
"2011-12-29",0.151227131985111,0.132885621350943,0.111647485347327,0.088956859193788,0.104733560210854,0.397471820399497,0.64896009922509,0.993319155020172,1.67952197834907,1.96946354012834
"2012-01-01",0.190192920452826,0.166065934754109,0.137196851708132,0.102488006431729,0.103934286184373,0.390357433562493,0.646169274725287,0.995745873560289,1.68102231681585,1.96572906338064
"2012-01-02",0.191854038515083,0.167688025389293,0.138782169234255,0.104067701928334,0.105708014708368,0.393474986058808,0.650302536720951,1.00120674079198,1.68900395857876,1.97474521086074
"2012-01-03",0.153539664580852,0.135012965958897,0.11354465943325,0.0905445526056984,0.106173528043222,0.400433757448048,0.653463340471067,1.00001589626415,1.69070824880859,1.98256643143814
"2012-01-04",0.154291899739985,0.134921739533131,0.112296976337399,0.0873350409912024,0.100181810803395,0.391523704205059,0.644717339872113,0.992442997241188,1.68682744817656,1.98047025271205
"2012-01-05",0.15469600289057,0.135340528116072,0.112685519928947,0.0875167193260789,0.0996114127309901,0.388665758324313,0.641295634201416,0.989479003206895,1.68845647721484,1.98524464115186
"2012-01-08",0.196672965569527,0.170725016375355,0.139389279766257,0.100595878987922,0.0965930207543246,0.379102663753263,0.636768794664533,0.990630704099401,1.68667763905845,1.97622974211731
"2012-01-09",0.158100854599038,0.138342256301888,0.115156256041241,0.0891444685516187,0.100150873870502,0.387538003087681,0.638990035019276,0.984918908781156,1.67656256768107,1.96918653568484
"2012-01-10",0.158127415261711,0.138908073867792,0.116344057594038,0.0910197134490893,0.101881204149672,0.384971824036037,0.634186445314754,0.97905820318288,1.67541698507136,1.97239988864913
"2012-01-11",0.151261920952783,0.133548565941511,0.112841956416006,0.0900205404323372,0.102472778478466,0.380256121890498,0.625952674326116,0.969325319519252,1.67570289144462,1.98183186587731
"2012-01-12",0.153999945620216,0.13603938286498,0.114980311883021,0.0915149104673656,0.102888590815515,0.378592729831914,0.623489306398518,0.966119439101634,1.6715287658666,1.97733584916897
"2012-01-15",0.153307987000282,0.135875966297222,0.115451898168918,0.0927694207444936,0.104268113706678,0.37528900873337,0.616381774619814,0.954503197370475,1.65375963224859,1.95808281273025
"2012-01-16",0.150729513879766,0.133499776266095,0.113509925253355,0.0920727944737522,0.107001386821795,0.389259483649338,0.635778066072276,0.978444973142074,1.67862223100578,1.98058933938781
"2012-01-17",0.156961520679951,0.138767922256514,0.117509720716732,0.0940885442367977,0.106719799446594,0.388537526594959,0.636299228871624,0.980547679050417,1.68172975416313,1.98309903353485
"2012-01-18",0.15747902931503,0.138777655645832,0.116834737117078,0.0922917685817838,0.103478757927614,0.384667652586118,0.633352438015238,0.979411890257861,1.68505819577875,1.98847932210496
"2012-01-19",0.151543694414578,0.133473717189541,0.11247936123604,0.0898121027961637,0.104517266277051,0.393178348920565,0.644320231914468,0.991550769345385,1.69421434568083,1.99477406855441
"2012-01-22",0.151573773463176,0.133142013517199,0.11184004464784,0.0892455084530021,0.10589330259369,0.40377729458401,0.659081985484805,1.00845224806271,1.70433449529615,1.9983151028454
"2012-01-23",0.155552836016238,0.136352382794323,0.114127289713429,0.0903731706763547,0.106592880960624,0.408277389629563,0.665678930912529,1.01579480680465,1.70576308644502,1.99471895297603
"2012-01-24",0.156172811278325,0.136664975302296,0.114030787596438,0.0896245778418294,0.105068695518229,0.406782229604135,0.664988628989733,1.01647320422353,1.7095233243432,1.99983230557033
"2012-01-25",0.155155539851584,0.136016834221845,0.113661661053403,0.0890104279968663,0.10187097840906,0.391909576664151,0.644657941354618,0.992743751479772,1.691151499252,1.9876353709229
"2012-01-26",0.155031921116228,0.136510833972363,0.114839188144356,0.090822148197468,0.102889316687143,0.38459491569034,0.632050983094419,0.975034499924488,1.67034239082903,1.96796668655481
"2012-01-29",0.159212327710244,0.140154485604144,0.117734314589592,0.0924047378218857,0.102458238556482,0.381190240921858,0.627988222543117,0.970754182987995,1.66663188899553,1.96467191052251
"2012-01-30",0.15195142032829,0.133434814358838,0.111824608620327,0.0880848715246002,0.101071105469146,0.385659490628305,0.634063778373458,0.977064895846603,1.66856554888154,1.96329464467063
"2012-01-31",0.161054077156227,0.140996877050436,0.117350417332612,0.0903833338356414,0.0994087654059777,0.381111542266636,0.629384330426307,0.971565007557641,1.65660375818352,1.94658023836754
"2012-02-01",0.157270220804808,0.138021436140056,0.115365454647985,0.0897087521107453,0.0994628681884911,0.377706162435187,0.623602358761508,0.96421592037359,1.6524584209767,1.94606097512725
"2012-02-02",0.154671769411769,0.136001806527226,0.114082526106841,0.0894966174423978,0.100220088174626,0.377400690400167,0.622073035901569,0.961621614916131,1.650582288826,1.94559441760661
"2012-02-05",0.159666622742214,0.140099256404394,0.117130085071455,0.0913313580650902,0.102083452136624,0.385998995242435,0.634537024188902,0.976500085127802,1.66027576879727,1.94958102915492
"2012-02-06",0.160038720449275,0.140393632794861,0.117300983394287,0.0912513273933678,0.101598662463043,0.385946336077609,0.636049563876691,0.981308730206913,1.67521577277951,1.96998448489041
"2012-02-07",0.161686039993686,0.142108750594983,0.119260129187036,0.0941022073189792,0.107200337511187,0.400370357919474,0.653999147093031,1.00098713407523,1.68960071086185,1.97937028253126
"2012-02-08",0.157841977205365,0.138594627077544,0.116135891990306,0.0914475752322334,0.104653498036165,0.396205763978634,0.649226186472941,0.996588989305645,1.6900709086108,1.98330260576867
"2012-02-09",0.158710507483269,0.139354860988474,0.116676825062916,0.0913911295267832,0.103039767661765,0.390006979123132,0.641179896720337,0.987484366579463,1.68287502896253,1.97817110209493
"2012-02-12",0.158616387968241,0.139841644241501,0.117870791510292,0.0935125337768055,0.105697850784124,0.391039516854154,0.641728537306024,0.989206897509062,1.69364704137117,1.99518379395289
"2012-02-13",0.1618363743044,0.14149432856504,0.117372215646295,0.0893574653816797,0.0963378861829205,0.376177433742588,0.627180814645077,0.976924666633683,1.68862046378517,1.99371561006262
"2012-02-14",0.163330729019911,0.141253164601192,0.114882347102785,0.0834665776443697,0.08690922855753,0.368124709237914,0.622423547086787,0.975903585998891,1.68980869559252,1.99365177126479
"2012-02-15",0.161478992344485,0.139216534018724,0.112450159337427,0.0799125036639858,0.08035202322555,0.352680031738077,0.603527441520884,0.95534514056722,1.67457791260405,1.98346572484496
"2012-02-16",0.165276305623693,0.141972802666032,0.113922299971235,0.0796441801990084,0.0788767370636989,0.353621440689593,0.605500396395628,0.956021914011808,1.66254105485093,1.96239948054769
"2012-02-19",0.170964916976664,0.146773526281828,0.117562110396372,0.0814847584942679,0.0786395058839297,0.352375623567402,0.604418526590732,0.954553657962509,1.65691443942514,1.95369630798855
"2012-02-20",0.171658734134075,0.146927724517412,0.117139017439143,0.0805997514101613,0.0787318512425038,0.360345307461061,0.616930891085175,0.970945640270776,1.67381776518263,1.96849296247631
"2012-02-21",0.162312419986253,0.139180338841747,0.111568516543964,0.0786875332173253,0.0819924599092909,0.370162407887339,0.628267431361052,0.983636361959041,1.68998793381282,1.98678450782847
"2012-02-22",0.165245462115218,0.141695534254114,0.113528477028301,0.0797655285504171,0.0820331523117872,0.370321453518076,0.629575072043169,0.9868741931525,1.69754600859027,1.99623575259453
"2012-02-23",0.165340490122052,0.141747023184432,0.113457273995498,0.0792907085958314,0.0804022398543085,0.365452504882022,0.623797525650295,0.981337321961291,1.69667559706844,1.99863740045817
"2012-02-26",0.165104801969135,0.141308224435192,0.112744234102472,0.0781268387141493,0.0786503431004935,0.363374506898861,0.622016639321279,0.980165162702136,1.69699684354203,1.99963376650466
"2012-02-27",0.164202234699102,0.140851956613429,0.112806668069714,0.0787739768947561,0.0792052098730941,0.360106151260664,0.616391699556516,0.972633861257864,1.69010518689028,1.9945170691402
"2012-02-28",0.164304002836839,0.141017313300828,0.112997904989123,0.0788171826951658,0.0784544970905696,0.356365144914627,0.611528993854359,0.9675212691492,1.68836161248412,1.99546509537637
"2012-02-29",0.161575614960549,0.138907252091408,0.111664008689927,0.0785730069454947,0.079046797755228,0.354976808338122,0.608301958301986,0.962527393489431,1.68306095281329,1.99124381987709
"2012-03-01",0.167909547528265,0.143251987455111,0.113638350520354,0.0776490503137613,0.0774661830555788,0.366009652232974,0.627181266005851,0.986959216692151,1.70050026519373,1.99952523453634
"2012-03-04",0.167696070918851,0.142930956371388,0.113129651755099,0.0767022672180479,0.0755742407537839,0.36244945595815,0.623829645401604,0.985191458584932,1.70551226331583,2.00850973604276
"2012-03-05",0.167102402091279,0.142669677314956,0.113320802841923,0.0776498392750359,0.0775558164524427,0.365305349063724,0.626440787688,0.987121788438092,1.70561252281923,2.00776425379459
"2012-03-06",0.165768797379661,0.141690500441232,0.112686116705928,0.077159728162334,0.0759520028341066,0.357894534099769,0.61679985293735,0.977241715883453,1.70395643769741,2.01241897417577
"2012-03-07",0.165076095896898,0.140602658918123,0.111202000172082,0.0754569070639886,0.0753067724387225,0.363276306722675,0.62466765088137,0.98572068061725,1.70497818635419,2.00745649771296
"2012-03-08",0.165942560826899,0.142233909871611,0.113818420649568,0.0795481958803354,0.0809059600094227,0.368468086661922,0.628850824440736,0.989131145779556,1.70984143414218,2.0140528770054
"2012-03-11",0.163829698645788,0.140450680497198,0.11235009633679,0.0781867651119841,0.078407394480915,0.360158737509869,0.618246744248269,0.978117066992617,1.70652454777595,2.01680468129468
"2012-03-12",0.171095965130569,0.145971931596396,0.115650450273499,0.0782449088998898,0.0753857539945065,0.358466862424543,0.618142785830966,0.97772476616713,1.69529376768077,1.99726151896326
"2012-03-13",0.160593050712531,0.137053568428791,0.109093733959873,0.0762989788085793,0.0819037495593482,0.382191097966704,0.64719725790458,1.00908044029792,1.72008391795052,2.01629450302826
"2012-03-14",0.157371269720226,0.134490570092377,0.107839698464517,0.0785302868417839,0.0929034913634987,0.41657391382287,0.689112670411039,1.0525178882398,1.7441710228723,2.02597305830285
"2012-03-15",0.156019577061442,0.133554781484295,0.107342066936957,0.0783760154962352,0.0921035962648065,0.411863598695703,0.683519370383779,1.04835485964698,1.75048396339971,2.03892114807532
"2012-03-18",0.154480054482564,0.132290184447779,0.106387020262339,0.0777183153858395,0.0910617192312664,0.405922643182463,0.673585242311883,1.03311493618495,1.72510968089281,2.00939546041255
"2012-03-19",0.15350475221546,0.13156354537099,0.105924277336111,0.0774641187935577,0.0903869488989263,0.402241945154207,0.668564023731973,1.02756343370201,1.72232961269637,2.00892600486364
"2012-03-20",0.155555228273269,0.133440664529022,0.107545888569112,0.0785916319806502,0.0905965803128644,0.400248054791289,0.665496765878379,1.02332341234165,1.71619128205058,2.00206243542484
"2012-03-21",0.156066302128948,0.134011857040597,0.108214008606673,0.0794734174621122,0.0919569935219031,0.40310623327879,0.669226608168666,1.0280900992609,1.72277742554131,2.00936997528771
"2012-03-22",0.156788944817865,0.134445860960817,0.108251471595466,0.0788350979553037,0.0903468871320838,0.400373755186961,0.666440597062368,1.02553878608191,1.72109598422133,2.00811209686613
"2012-03-25",0.162923121830378,0.139202602631076,0.111112789347692,0.0784558959222922,0.0852711748923874,0.38967203317581,0.65529969282869,1.01528610714181,1.7145673671354,2.00343194975354
"2012-03-26",0.159208689306902,0.136355354143112,0.10937738503636,0.0783696399969762,0.0868303682230737,0.390703715260931,0.655276289988787,1.01459053746435,1.71593231601743,2.00684080385776
"2012-03-27",0.159204994034862,0.136652526219777,0.109936925630097,0.0789053664572399,0.0859104513655011,0.382986880758155,0.644700723708572,1.00286547651356,1.70996630755465,2.00577599550102
"2012-03-28",0.159107663897224,0.136809704734725,0.110370845720783,0.0795798766468785,0.0862101241958353,0.379961709528229,0.639792390294933,0.996442192890046,1.70382096290548,2.00080461337802
"2012-03-29",0.155459753327724,0.133923511842803,0.108439563101594,0.0789828079320608,0.086597621880858,0.377497332536981,0.634598079472265,0.988234146008146,1.692719228335,1.98960575836255
"2012-04-01",0.153735869729019,0.13256802689537,0.107761270971858,0.0800042293410979,0.0917887886786717,0.394716373219129,0.656951170639931,1.01426419982108,1.71752087756949,2.0113762335033
"2012-04-02",0.156478741273653,0.134647347538648,0.109061357347888,0.0804036045752452,0.0922775866292369,0.401533692307477,0.668406730955175,1.03081960423674,1.74010051294114,2.03515632442362
"2012-04-03",0.157983507591545,0.135907000297049,0.109986642370777,0.0807672256837748,0.0918631410606722,0.400392359642375,0.667381687432536,1.03020640468268,1.74064268805501,2.03623460820766
"2012-04-04",0.15542844853341,0.134275933601068,0.109370001739213,0.0810707388395404,0.0909625596056485,0.387902980728432,0.648202372083419,1.00550660030842,1.71627255086291,2.01563865431476
"2012-04-05",0.157068286227647,0.135197862978535,0.109219489958803,0.0788224763576546,0.0848747290852599,0.374349840962999,0.632751565968842,0.990027296495084,1.70689619992465,2.01061212423702
"2012-04-08",0.157772632912651,0.136261015157262,0.110553653199843,0.079913132236596,0.0834036654417789,0.360994939390934,0.613538755066834,0.966667302522079,1.68704327112137,1.99616305093014
"2012-04-09",0.159045777422987,0.137069922880534,0.110747192540433,0.0791184313118403,0.0813058157852424,0.356925352460995,0.608200266837916,0.958963115828822,1.67160282854192,1.97626729065021
"2012-04-10",0.158639070958218,0.136918862309784,0.110878872973443,0.0795146698181841,0.0814037802527414,0.353980423839618,0.603555660534668,0.953080228406303,1.66689316635697,1.97332996604295
"2012-04-11",0.16405076224489,0.14134385705868,0.114051756912412,0.0808738067021774,0.0811004628692203,0.354809797802508,0.605518602959307,0.955095351273763,1.66266178436167,1.96406325301956
"2012-04-12",0.157235514610715,0.135665757121132,0.109864113592356,0.0789971108357601,0.0818228687024766,0.355538379711498,0.604404491390814,0.951576104064611,1.65659245768548,1.95794310828668
"2012-04-15",0.156125743088116,0.134886460248827,0.10942386729551,0.0787753156109114,0.0808293133294711,0.34982498960354,0.596739385054734,0.943543217408363,1.65540795494036,1.96230891156301
"2012-04-16",0.157225876333179,0.13575278716473,0.109954350212614,0.0786839547961622,0.079668712928788,0.346463901445653,0.592455355676234,0.938339025977917,1.6488610718175,1.95527617565663
"2012-04-17",0.157880435143234,0.135745889710757,0.109161653820726,0.0769391920178073,0.0777436663338653,0.348781886348622,0.597266807689743,0.944606288101093,1.65096480080256,1.95305668286457
"2012-04-18",0.172096941580013,0.147671986023685,0.118057373131752,0.0810354532960758,0.0760517285480226,0.344501476931236,0.594917821571131,0.944837496652148,1.65215789583726,1.95268660957982
"2012-04-19",0.175978388255792,0.150292283902228,0.118971673213837,0.0791346309566494,0.0704424616495377,0.336637230407848,0.588766444760837,0.94232758945673,1.65875518084272,1.96343886957044
"2012-04-22",0.161412587598551,0.138767792204389,0.111304563521345,0.0770277694819406,0.0731972215077358,0.332967141530017,0.578265218044298,0.925925785316254,1.64622253813221,1.95858718830611
"2012-04-23",0.162887284739163,0.139509789406763,0.11116896191583,0.0758049343359014,0.0716789285753451,0.336027601705019,0.584241094741283,0.933963356507199,1.6512116561315,1.95963475142244
"2012-04-24",0.160804630032054,0.138073858772124,0.110560793450923,0.0764161845902516,0.0734563662148,0.336957413006078,0.584010192879178,0.932785406117625,1.65127641285339,1.9614735049948
"2012-04-25",0.16154125836426,0.138613714270315,0.110818022261405,0.0761501769036065,0.0722909059602359,0.333942022684272,0.580219470170412,0.928222117923042,1.64558668842015,1.95537639157697
"2012-04-26",0.164548456920963,0.14183682018931,0.114092057328784,0.0787325458730311,0.0714581754676876,0.319774238929839,0.560311034015727,0.905514934911462,1.63333482214014,1.95325643515974
"2012-04-29",0.202865963888079,0.174135952671843,0.138371665677071,0.0901279747473716,0.066722676590985,0.305193377276973,0.549497992861759,0.90049330127745,1.63005998747511,1.94541106709136
"2012-04-30",0.165052202846245,0.141988359468083,0.113757288421197,0.0775463894787964,0.0688768588259862,0.313550003243767,0.551404501572887,0.892295302001515,1.60823576574492,1.92174996281573
"2012-05-01",0.163532756585234,0.140659075114231,0.112748779306594,0.0772728846562455,0.0702441040888707,0.319051044135886,0.558291361611781,0.899569823911375,1.61195846319846,1.92249577558833
"2012-05-02",0.16308224128407,0.140440064761982,0.112795500346513,0.0776076584906201,0.070487281660582,0.317319692846313,0.555549517191944,0.896407338572657,1.61144129685222,1.92441331240592
"2012-05-03",0.206125192867285,0.176941354185625,0.140527308675975,0.0910696799541855,0.065431129002988,0.297345888971895,0.537074113898397,0.881335845952214,1.5945218076547,1.90172027649193
"2012-05-06",0.160779626687618,0.138423431111267,0.11104576979698,0.075895134084196,0.0674060564679042,0.305481164614122,0.537713053592879,0.871539103166317,1.5761702681259,1.8860391326333
"2012-05-07",0.159028997517986,0.137127473183434,0.110438170372316,0.0766628917826529,0.0707828154216171,0.314345631624289,0.548204674929627,0.8824034560872,1.58287295770208,1.88936667382641
"2012-05-08",0.159100852909046,0.13760619098424,0.111306803560051,0.0776570799853937,0.0702610631972272,0.305253658353982,0.534795574196193,0.866231568136068,1.57195315484468,1.88473046093835
"2012-05-09",0.158499046826425,0.137016034491842,0.110837631595979,0.0777269952617602,0.0721420548079044,0.313223672473412,0.545177128599323,0.877535178442228,1.57749075387025,1.88502760905662
"2012-05-10",0.161119578928765,0.138646248383453,0.111073980022869,0.0754901438155418,0.0660975381153128,0.302528259613236,0.53486357987847,0.870087122410821,1.58145966224728,1.89561702539148
"2012-05-13",0.166658324910275,0.143604510010452,0.115212508894129,0.0781571604792675,0.0663894572179444,0.298699626928883,0.529707174700832,0.8639193795224,1.57448893489653,1.88852835205039
"2012-05-14",0.160937987221236,0.138446330572606,0.110863868734354,0.07530048438141,0.0659896048799219,0.301822434554224,0.532828667809224,0.865212620109259,1.56727207427697,1.87609261249125
"2012-05-15",0.16332668715985,0.140233828409309,0.111754527268196,0.0744214248018875,0.061702864348678,0.288730251207776,0.515115759451467,0.842177190136143,1.53495095951121,1.84002896431679
"2012-05-16",0.161111781763087,0.13805891978242,0.10980432595893,0.0733906630849789,0.0636528633391165,0.300420739437615,0.530547022369267,0.858904534831606,1.54240630380881,1.83936163975652
"2012-05-17",0.172713267849751,0.1474432909593,0.116180423270004,0.0747408571391214,0.0579648571885293,0.285673324373156,0.513179410803474,0.838280503907634,1.51155389428191,1.80216296888035
"2012-05-20",0.169809905979349,0.145014418991689,0.114494530728636,0.0746312389404776,0.061230041776154,0.299082436089485,0.532453365727587,0.864600677049558,1.55058272323375,1.84636387319025
"2012-05-21",0.169860066067726,0.145076337326827,0.114548208304368,0.0746046586074361,0.0609559064086586,0.298987919013317,0.53360031748323,0.868653249018427,1.56442251050389,1.86575122081708
"2012-05-22",0.171921625728478,0.146406138100455,0.11491357369209,0.0734676806586561,0.0581762322060719,0.297375700612997,0.534781128879738,0.874347321837571,1.58023766514322,1.88607576774893
"2012-05-23",0.171044291742364,0.145749066582705,0.114598192926011,0.0738502347445487,0.0598674877990655,0.301045889584775,0.538088459330123,0.875591405326073,1.5728185768783,1.87347911615852
"2012-05-24",0.172261821320483,0.146387797700771,0.114532879325758,0.072897271980874,0.0587660662608386,0.306271210157363,0.549305847212906,0.895268485429264,1.60987022638549,1.91800610275964
"2012-05-27",0.174056323403061,0.147410093416451,0.114489313668709,0.0710217606654938,0.0542095763587518,0.298454646689822,0.541258097219208,0.887836078173426,1.60504714775514,1.9145314232722
"2012-05-28",0.177806927748855,0.151146474557343,0.118054655357471,0.0737960283896718,0.0541607698982154,0.286802723739035,0.522664121771659,0.861596288247144,1.56841307337768,1.87503005643344
"2012-05-29",0.172737400115282,0.146859005421953,0.114775230860133,0.072022514353711,0.0538820423138687,0.285486331588448,0.519625928930982,0.85665761912031,1.56247158436977,1.8698456619718
"2012-05-30",0.172932037274457,0.147144393651093,0.115073337804168,0.0719750857984879,0.052112078348145,0.275836242576043,0.505239178851481,0.837231741303257,1.53716352965463,1.84346367086418
"2012-05-31",0.183359912848209,0.156128636683364,0.1220173039875,0.0752659811934749,0.0496321296635175,0.265077783964263,0.493605479529397,0.827450328954286,1.53786311202424,1.85056461352935
"2012-06-03",0.172899996932501,0.147192431328791,0.115156655438831,0.0718927421956599,0.0511638248538123,0.27246939946417,0.502032957438931,0.836575389993341,1.54944155471457,1.86410792201081
"2012-06-04",0.17728258500436,0.150410576074946,0.117038995198938,0.0723581480274381,0.0524196938097031,0.287693696614219,0.5271268488242,0.872275250742958,1.59579850347317,1.91100518605863
"2012-06-05",0.176823031766167,0.149176754114897,0.114810567069247,0.0686555925363625,0.0472970968480193,0.283827344012064,0.525084859993052,0.872222669678911,1.59679225097134,1.91121778476915
"2012-06-06",0.188737565156719,0.15873258128897,0.121295252243438,0.0704526729513819,0.0441181462440907,0.282677699918704,0.529234821565285,0.883291271176707,1.61675177828886,1.93268060788785
"2012-06-07",0.176401736723836,0.149230592259977,0.115373774842778,0.0696292219299865,0.0474151364512011,0.277028719606351,0.514398405861876,0.858521420554345,1.58489185010435,1.90290929425101
"2012-06-10",0.17722430685407,0.149533362611885,0.115113067721754,0.0688907732054244,0.047525598195132,0.284569551460245,0.52630965442163,0.874129071338692,1.6001032504399,1.91513527502696
"2012-06-11",0.183703875907615,0.155748345150346,0.120761478515444,0.0729294019133575,0.047240351876879,0.271404431781887,0.508138550943757,0.853655667429995,1.58845192960301,1.91180842372908
"2012-06-12",0.173990835343985,0.148690955737848,0.117260482207153,0.0752110607734254,0.0570652694476371,0.288254800629607,0.525796816851112,0.872729035085775,1.61735773568463,1.94843057043392
"2012-06-13",0.179354472796015,0.153535106761298,0.121380980720753,0.0780658131140237,0.0579924625696856,0.286450398646224,0.52349433384447,0.870438144548352,1.61618656578409,1.94795050785557
"2012-06-14",0.174856488256654,0.150144491504968,0.119414168210525,0.0782029209687533,0.0600630054707247,0.285346580263951,0.51814021815288,0.859394157915655,1.59613270147621,1.92530205418922
"2012-06-17",0.173826071414143,0.14901635015853,0.118141585915037,0.0766495132133697,0.0579818072920782,0.281955967402779,0.51408320159662,0.854580589606785,1.59001457235001,1.91865961406141
"2012-06-18",0.167063779707746,0.144170032803634,0.115663814006723,0.0773584509962008,0.0605421909834256,0.275053391488468,0.499586798866235,0.833130873961788,1.57037904507008,1.90670218068968
"2012-06-19",0.162941482804249,0.140085356194251,0.111717991654399,0.0739358238895207,0.0588308316675044,0.279907710979771,0.508087213503334,0.845221817855935,1.58525460455936,1.92104588319925
"2012-06-20",0.167536417325086,0.144527732414272,0.11587189558086,0.0773532909908033,0.0604659355597745,0.277289803454643,0.504794072730001,0.843628600673946,1.59607825955523,1.94078448177047
"2012-06-21",0.165906055723318,0.14321770259182,0.114998536814375,0.077210810119433,0.0613164490606926,0.278837078955426,0.505901000296106,0.843694120838564,1.59323236023241,1.93649296138728
"2012-06-24",0.168828227570335,0.145363817147541,0.1161345144706,0.0768097622103852,0.059323149854913,0.277953233814316,0.507184648626235,0.84783434351357,1.60098391809656,1.94459731089211
"2012-06-25",0.161207989874701,0.138715590184011,0.110734182327289,0.0732542991071423,0.0575173087198214,0.274400712626745,0.50133445340413,0.83979638506875,1.59429827170971,1.94128329025653
"2012-06-26",0.165855885608506,0.142803125641456,0.113980710434308,0.0748371409004983,0.0559599216085153,0.265949823634791,0.490463399453487,0.827639868617555,1.58521853381566,1.93561087534721
"2012-06-27",0.161763510017829,0.139105200315313,0.11086688919118,0.0728498189722003,0.0559803649732049,0.26946798792851,0.494398681196839,0.830388162018461,1.58018436662918,1.92515716997195
"2012-06-28",0.170916344151294,0.146680848679651,0.116437341628508,0.0755289219948229,0.0562246249441541,0.274614986383946,0.504871740475486,0.846675613999621,1.59941442472051,1.94142327764878
"2012-07-01",0.165745555374451,0.142150719630795,0.112759832932933,0.0732066906543878,0.0554768999653025,0.273282437515894,0.501237444953546,0.839080246648484,1.58226410136476,1.91977905128744
"2012-07-02",0.166211626265029,0.142786853154685,0.11356096372162,0.0740656186501718,0.0556864674767723,0.26943869504613,0.494983216664288,0.830621068845167,1.57341014340926,1.91243018969619
"2012-07-03",0.16469930064882,0.141884878283345,0.113425532004526,0.0750098447804767,0.0574913260893049,0.269830933587837,0.494383725106528,0.83008312198126,1.57966072565651,1.92461365761674
"2012-07-04",0.165037134040351,0.141834829901973,0.112795116903771,0.0732409810702871,0.0536300117581887,0.261969353596056,0.485715165677737,0.822065029611803,1.57829866598321,1.9281659411747
"2012-07-05",0.168567270619141,0.144862558283847,0.115113038603405,0.0742840403195326,0.0526156824273033,0.257419246246786,0.480069158459646,0.815652141160203,1.57154192364484,1.92151142931408
"2012-07-08",0.172321281949425,0.147716333942928,0.116752672385691,0.0739242529438518,0.0495818669103008,0.251804379709243,0.474267793313643,0.809673893811053,1.56301519786789,1.91053141242905
"2012-07-09",0.164992608196674,0.141592994367838,0.112231497939979,0.0719544644528192,0.0506682684403942,0.253344830650451,0.473504820320379,0.805277753664577,1.55249611949119,1.89843395099274
"2012-07-10",0.169372453522699,0.144738761364793,0.113765314749134,0.0709978861133531,0.0468704679153805,0.248185610551333,0.468194237861874,0.798060839480384,1.53187666586725,1.86750449395837
"2012-07-11",0.174228303575874,0.148721411169962,0.116486783624391,0.0713741617731141,0.0432609752902795,0.23758258464768,0.455993390702323,0.78606282813505,1.5264682024105,1.86704310294903
"2012-07-12",0.172295833576038,0.147599229091716,0.116462104921877,0.0731617906638862,0.0474183934370372,0.242806262192243,0.459592192243685,0.786338546278764,1.51796195499429,1.85425172842018
"2012-07-15",0.163680996318401,0.140401374156135,0.111177005715977,0.0710244098668352,0.0494313067007892,0.247829592834127,0.463512808900244,0.78788331175877,1.51517924807162,1.85044532133885
"2012-07-16",0.163042416418294,0.139718795227192,0.110418604226242,0.0700838368544653,0.0480356032002088,0.244772469395394,0.459364448999005,0.782322438708298,1.50680606823996,1.84084220414824
"2012-07-17",0.166825830791409,0.143456222308496,0.114036096579149,0.0733008897891593,0.0499581779372454,0.240934200220233,0.451423526309207,0.768902202081235,1.48217222544379,1.81123998564069
"2012-07-18",0.164913265729236,0.142256357536202,0.113756395658166,0.0743819192393444,0.0522127754672924,0.239633842075708,0.445374148968402,0.755427879047164,1.45161098992586,1.77271987105026
"2012-07-19",0.16906354671981,0.145682356901152,0.116177405950884,0.0750716904780252,0.0504445446991963,0.236412962298034,0.444182559383874,0.759139608782818,1.4713876056197,1.80168378527019
"2012-07-22",0.163757943301284,0.141249570501436,0.112811831482156,0.0730938780554873,0.0490399666123534,0.22919620146139,0.432350328324068,0.742650572116357,1.45364949252141,1.7873084872494
"2012-07-23",0.166735579379381,0.144062354633535,0.115394588915077,0.0752841864317009,0.0507395150295552,0.231696371553382,0.436802887118244,0.751064011621758,1.47479602780463,1.81596296401035
"2012-07-24",0.163875545534439,0.141440606281041,0.113029687059609,0.0731320428170924,0.0481882928178561,0.226009063847741,0.429708338471821,0.743775150627532,1.4744311809533,1.82199391559583
"2012-07-25",0.16655470969134,0.143892475312766,0.115239883849757,0.0751555389264409,0.0506486768218454,0.231646742940548,0.436750009570702,0.750990349314867,1.47464935843097,1.8157770144028
"2012-07-26",0.174558663815323,0.150338560196371,0.119691303242739,0.0766871091074116,0.0495879225821289,0.235207489393731,0.445901248499382,0.766819720741507,1.49648133411969,1.83618654061642
"2012-07-29",0.168432058972834,0.144088508248441,0.113505137906691,0.0713717158276794,0.0480353057151293,0.249457473492325,0.468688481084448,0.7971083483802,1.52727656314802,1.8611570172815
"2012-07-30",0.169602813665136,0.144726783649554,0.113493737342964,0.0705237974463577,0.0468999872755244,0.252490898607946,0.475284712495117,0.807958397075374,1.54356718232383,1.87833913627845
"2012-07-31",0.178828124925679,0.152411772426362,0.119025574010045,0.0722652122893955,0.0427887833974129,0.239708231948056,0.46068414220591,0.793024913853187,1.53151551931479,1.86826006276074
"2012-08-01",0.166134758722808,0.141247244737039,0.10984954237171,0.0661242844386251,0.0399235699765568,0.23670866245855,0.456015323340748,0.787554714901432,1.533593089902,1.87799891121408
"2012-08-02",0.164101443758537,0.140185589919317,0.109897088430665,0.0673204476756877,0.0402946703249158,0.224432006691656,0.434870872335019,0.757181246705206,1.49709603039167,1.84459304986088
"2012-08-05",0.162853504323069,0.139428546771902,0.109815677908932,0.0683919328686203,0.043012568258769,0.22878827535166,0.438938083140807,0.760131811365359,1.49642045019636,1.84201069727839
"2012-08-06",0.166307318012308,0.142418121679892,0.112380567907243,0.0709290517144422,0.0478055939206181,0.24665618205691,0.464496165993791,0.792642729660533,1.52923157719548,1.86893626586488
"2012-08-07",0.165956272572996,0.140721221437065,0.108990129466739,0.0651708218959569,0.0404239111311735,0.246504473982316,0.471774844755602,0.809547457009457,1.56097668895879,1.9046651761185
"2012-08-08",0.169543973637212,0.144534410998013,0.113113206997388,0.0698213517938956,0.045824268571485,0.252648495108782,0.477797916170332,0.81509609307339,1.56502192045301,1.90794028300404
"2012-08-09",0.16450835468093,0.140094657186085,0.109481386005612,0.0675268198803257,0.0452912733731712,0.253005354447682,0.477048167842602,0.812034513701602,1.55581991001256,1.89574607539296
"2012-08-12",0.184136527884789,0.157524208456486,0.123889271580096,0.0767765267301668,0.0470600727509096,0.245336224786059,0.467875460216015,0.802579828813896,1.54634126650239,1.88549266038
"2012-08-13",0.171375675455106,0.146767719286741,0.115857979951508,0.0732968892481662,0.049823564936728,0.25400334940536,0.476032599462021,0.8085803402948,1.54782798548212,1.88584209139458
"2012-08-14",0.155358892860332,0.13360525038568,0.106697276017643,0.0712207359011869,0.0588257185913638,0.280177403180951,0.506353728644518,0.840530106384559,1.57638627249308,1.91155730704553
"2012-08-15",0.178720263868413,0.152490515479266,0.11987399351819,0.0760905208470684,0.0563258995636691,0.288753167880094,0.527714292119452,0.875282896012276,1.61493170217965,1.94125134451978
"2012-08-16",0.170929409433468,0.146442372899001,0.116000657654169,0.075210139079681,0.0574117013169186,0.281495259276963,0.512783361959051,0.851745128670014,1.58340793620349,1.91028684489976
"2012-08-19",0.169022337431779,0.14496181535782,0.11512255332765,0.0754139305925339,0.0593627284629955,0.286477300318583,0.518738123196622,0.858432925069471,1.59064441288565,1.9175843239853
"2012-08-20",0.158921466234553,0.136223554421131,0.108118786486711,0.0709265531353023,0.0571051768229605,0.281211005255025,0.510191631680494,0.847052710355325,1.58217053398328,1.91419175954026
"2012-08-21",0.164438857617357,0.140106453089906,0.109798809257993,0.0689941520952049,0.0504614740710483,0.271539367038275,0.502196886984146,0.842471560434228,1.58459696139577,1.91903115261757
"2012-08-22",0.168381791054758,0.143714456072492,0.112899821405642,0.0710963468048522,0.0508025388189084,0.269937109092372,0.502000707702332,0.846816885085085,1.60669403923178,1.95203877348887
"2012-08-23",0.161907742771864,0.138709763774119,0.109700290959186,0.0702817662584914,0.051174903743418,0.261941896082731,0.487466894033708,0.826221454243266,1.5874386047051,1.93953138023369
"2012-08-26",0.161112796322687,0.138598414180108,0.110509931570558,0.0726033954535521,0.0554932061106531,0.267940156049684,0.493312300612392,0.831700354127286,1.59346959081494,1.94668502169322
"2012-08-27",0.159568678944503,0.137121188829568,0.109091044919337,0.0711791697613736,0.0537483179743109,0.264845224332564,0.489920913101172,0.828923108364278,1.59593387344354,1.95315811237503
"2012-08-28",0.16627073124384,0.143411716783302,0.11478233826689,0.0757341014876086,0.0562583699350798,0.262684289965273,0.485550274593904,0.82214423826105,1.58516823477729,1.94081665052351
"2012-08-29",0.160234550249515,0.137932323492295,0.110078427005505,0.0723853016386052,0.0549633093961293,0.264179614809116,0.487417080490992,0.823706021390105,1.58466597740207,1.93908906486618
"2012-08-30",0.164623163056249,0.141425697776583,0.11233252779104,0.0724998374609392,0.0519292293445341,0.257418936872308,0.480622874180537,0.818169515660719,1.58405406184404,1.94117023324984
"2012-09-02",0.171142235923323,0.147007583950477,0.116584208298447,0.0743417962901954,0.0498108263154886,0.24811123415455,0.468840868048745,0.8043844501619,1.56847618738998,1.92528379343896
"2012-09-03",0.171294444634515,0.147107364106057,0.116624871487741,0.0743267439002525,0.0498834130785147,0.249312243267201,0.471038912562831,0.808015761473389,1.5752415817648,1.93348794092204
"2012-09-04",0.174949889088591,0.14989152540877,0.118358267337062,0.0747330921378198,0.0498175305989139,0.253974467345511,0.478271468873927,0.81564823061771,1.57001477894132,1.91656207761289
"2012-09-05",0.171587298188768,0.147663971410006,0.117671386808875,0.0766143383673971,0.0552264582866646,0.263053964981409,0.487603495518642,0.824865530565038,1.58037952351337,1.92852473606724
"2012-09-06",0.177178988960976,0.152720591159117,0.121978062527826,0.0796074749879986,0.0563001416018671,0.262933108543213,0.489205410243413,0.83077417123869,1.60096917771382,1.95771727222747
"2012-09-09",0.171359597123804,0.146918867697838,0.11614040633102,0.0735090662598988,0.0491490651613841,0.25120387368767,0.47472434577459,0.813373618903784,1.58053611678471,1.93716905517369
"2012-09-10",0.168656451242825,0.145434043410464,0.116288616636676,0.0763046572022272,0.0552880012171626,0.258900052308158,0.480787174123066,0.816577977201493,1.57885139904713,1.93435522297669
"2012-09-11",0.172510406187388,0.148527845702647,0.118458831123106,0.0772889294930432,0.0558044453711539,0.263931996833076,0.48887960212084,0.826763298877621,1.58370684353573,1.93251772906362
"2012-09-12",0.172430163400661,0.147345174522924,0.115896505838283,0.0728211359698595,0.0501017910846152,0.264151195723325,0.49481102650226,0.839622256073336,1.60511682509155,1.9549450956961
"2012-09-13",0.168124486684986,0.144978029475837,0.11587611860283,0.0757783479737286,0.0540502548236445,0.255346884372961,0.477089528759562,0.814809591449188,1.58933690793,1.95382375537181
"2012-09-16",0.17024292086374,0.146503551346548,0.116626337986934,0.0753351933124634,0.0523098452858621,0.2539525310638,0.476871466634298,0.815949999573653,1.59065865486493,1.95378693803779
"2012-09-17",0.160053660659929,0.13782853938883,0.110054640203238,0.0724307895821651,0.0550062559018996,0.265399575959931,0.491078572986639,0.832813011761526,1.6133775237747,1.98008959342771
"2012-09-18",0.165226509606215,0.142011684429077,0.112896066045144,0.0730537808122779,0.0527262357910165,0.261905214571947,0.489739185648005,0.835892772362763,1.62841152133099,2.00110268465679
"2012-09-19",0.167268488861784,0.144043253236924,0.11480332041636,0.0743902287610144,0.0520609565365602,0.253612931628703,0.477588946894153,0.820728447030705,1.61549633058255,1.99286454180718
"2012-09-20",0.164434048904209,0.141754729378585,0.113249900167122,0.0740344159216443,0.053202146086582,0.254877734284835,0.477235200274395,0.817321112553042,1.60408715734725,1.97747278426094
"2012-09-23",0.167080057576568,0.143887266498836,0.114694645519009,0.0743600929910878,0.0520621699763645,0.252238524400398,0.474185088755003,0.813368780633693,1.59535091344127,1.96503761653934
"2012-09-24",0.167486100643177,0.144032041444062,0.114504570133999,0.0736730494153213,0.0508693348359791,0.250925990507768,0.472694977569479,0.810908423625263,1.58729250964346,1.95279406039414
"2012-09-25",0.170283324103689,0.146945728389261,0.117504633599724,0.076575423087809,0.0527940301240968,0.247515068139594,0.465831916225848,0.800255979339494,1.57253164765447,1.93787741966554
"2012-09-26",0.160084817347081,0.138094072851335,0.110450337700673,0.0724136568960755,0.052248803754687,0.249009604669864,0.466372713206084,0.799615056466386,1.57403287567626,1.94313557198472
"2012-09-27",0.1707016030584,0.147372686492673,0.117867346078881,0.076586005186198,0.0515401347292092,0.241958130971836,0.458773591857244,0.793313243722496,1.57423351217945,1.94712890063925
"2012-09-30",0.161831343047889,0.139867849484292,0.11215196214373,0.0736387959614373,0.0516543419088212,0.241643162600282,0.456079279989633,0.788098754657457,1.57101709851261,1.94892804473137
"2012-10-01",0.163736290412735,0.141394414674807,0.113152060884432,0.0737211722236117,0.0503566291859087,0.238566302526176,0.452869952784511,0.785301790731407,1.57021386809038,1.94929384168327
"2012-10-02",0.161867718111536,0.139709684884458,0.111707934449311,0.072653963587855,0.0497634686165657,0.238812043622521,0.453963126462456,0.788301859534474,1.58086412816358,1.96518686714122
"2012-10-03",0.162560701484083,0.140672029757398,0.113076904082822,0.0748316626908934,0.0534606304007195,0.245519341340589,0.461282981823497,0.795025833468325,1.58145869290922,1.96095493535003
"2012-10-04",0.180892701750508,0.156424688278588,0.125368818286498,0.0815024219877369,0.0529966842841745,0.241499360464247,0.460468699790455,0.799723043041629,1.59390514397407,1.97357979968305
"2012-10-07",0.17271388380736,0.150353848592246,0.122071940503438,0.0825327384739934,0.0589242164430785,0.247120441332826,0.462277028365644,0.796944682200484,1.5908190360201,1.9758863934544
"2012-10-08",0.160825704794129,0.138939586333028,0.111326728251937,0.0729870542037424,0.0513040812656741,0.242718683687933,0.458787748598494,0.793970179094273,1.58756396835369,1.97218974880971
"2012-10-09",0.160420339804505,0.138550401478795,0.110930322120815,0.072484935742236,0.0503615602931036,0.240254968647369,0.455889948927988,0.791430800025771,1.58970666012829,1.97828039156361
"2012-10-10",0.16082458637985,0.139700383437794,0.112996099097631,0.0757531669598396,0.054160089788693,0.239087327283758,0.450736028999408,0.782385098731384,1.58154905707699,1.97536873762391
"2012-10-11",0.159774664759902,0.138393416247586,0.111411092662675,0.0739408615915511,0.0528400884825024,0.242074714059993,0.456377015973368,0.790247300959896,1.58731963680264,1.97677294919316
"2012-10-14",0.159167076658487,0.138031138718544,0.111345504816436,0.0742471854237164,0.0532280701975394,0.24036514689355,0.45300841540652,0.785121043265692,1.58147208758567,1.97218989309885
"2012-10-15",0.159288688437598,0.13787084726404,0.110834584379957,0.0732598917171677,0.0519637204516304,0.240713134863056,0.454764868392943,0.788344543009299,1.58489107520708,1.97412218310777
"2012-10-16",0.159979682327955,0.138614324366154,0.111707534658715,0.074544183836093,0.0544899385553024,0.24790208134128,0.464575256424566,0.800752704889569,1.59890562174917,1.98708371060371
"2012-10-17",0.161624828356377,0.139408621721117,0.111465997988801,0.0729774893273551,0.0525023161284363,0.252540652957981,0.474550519647944,0.81639828918779,1.61711048286593,2.00159610982259
"2012-10-18",0.171724627073484,0.148210522021366,0.118483341419323,0.07694631226584,0.0520442377245863,0.246451764332754,0.467478795915241,0.808894825888307,1.60811252589245,1.99085644045537
"2012-10-21",0.159911644950212,0.138314533200749,0.11116091388954,0.073808834512454,0.0542339035538424,0.251360232986918,0.470025951639117,0.807334614920533,1.60064150442196,1.983145352514
"2012-10-22",0.162166490481519,0.139687011487303,0.111337733357601,0.0720118274461612,0.0498734420120678,0.246154852237304,0.467014189876954,0.808755417439734,1.6142283424758,2.00295145354403
"2012-10-23",0.162998759771705,0.14062563991315,0.112360477984644,0.0729806613522575,0.0501514477724371,0.24341634061056,0.463253300192214,0.805456291197723,1.61978863207135,2.01622051909787
"2012-10-24",0.165029719633034,0.142256757974564,0.113472831004436,0.073308692026022,0.0496790814208282,0.243448896228179,0.464172015122459,0.807234860965991,1.62058651359716,2.01501236678281
"2012-10-25",0.165483426205058,0.142405690670001,0.113163941934156,0.0720852944574685,0.0466532311463715,0.235500435559123,0.453470435577747,0.793190679288682,1.60017340351869,1.9918274034255
"2012-10-28",0.163500386586517,0.140488820265868,0.111363411993544,0.0705712897021513,0.0458773923204654,0.237547312261949,0.457446899374528,0.799744373183269,1.6121364363063,2.00627097396644
"2012-10-29",0.161474650069119,0.139436117018992,0.11154971841008,0.0725490736287767,0.0493751683750782,0.238104204104141,0.454933683886581,0.794379536278391,1.60966042733881,2.00994573484572
"2012-10-30",0.162033235134498,0.139713742601659,0.111517919921435,0.0722407493004585,0.0494988265671544,0.242465547569674,0.461901220656755,0.803459034955885,1.6162217424801,2.01188246660363
"2012-10-31",0.163543535675065,0.141007254511923,0.112568902051921,0.0730531106044713,0.0505022644160723,0.245480843780389,0.465535786574981,0.806250818380003,1.6096666352189,1.99747018103632
"2012-11-01",0.163987217654014,0.141465578696188,0.11304858499534,0.0735734247408604,0.0510961432558505,0.246245284063896,0.466382394415274,0.807188324134212,1.61075839676859,1.99862424334506
"2012-11-04",0.162198759340574,0.139963590781589,0.111868382316171,0.072708897045124,0.0499317368301857,0.241555362628081,0.459694587076657,0.799310750810587,1.60758076046027,2.00108055912799
"2012-11-05",0.162423408481153,0.140150649935338,0.111996245690908,0.0727097844906359,0.049654315023275,0.240386505822637,0.457969376052445,0.796870722346996,1.60369255352941,1.9965391931608
"2012-11-06",0.177571460757399,0.153476128072668,0.122830236625586,0.0793444292564072,0.0504420011108415,0.235737510246309,0.454298720670908,0.796459263078209,1.611755261811,2.00795517979897
"2012-11-07",0.176218409131378,0.152570215159528,0.122461988042651,0.079631647855875,0.0507418879248628,0.230898866927286,0.444903102190424,0.781026117242325,1.58590548757481,1.97876375927266
"2012-11-08",0.16496333250007,0.143031987790511,0.115189317925096,0.0759093906346442,0.0510624697367097,0.230665563500767,0.440902712082582,0.771903023099193,1.57216166674336,1.96707662056972
"2012-11-11",0.158498846106571,0.13768847027264,0.111333926056004,0.0744167536957921,0.0523738358211918,0.232311560239256,0.440520479886044,0.768676392866235,1.5667715739982,1.96342754705068
"2012-11-12",0.158776983173778,0.137795663590496,0.111233238710463,0.0740491282261788,0.0519039454337967,0.23287419864834,0.441736014698292,0.77017246925075,1.56561855691313,1.95935283922684
"2012-11-13",0.15819371422154,0.137185025262192,0.11063139863189,0.0736162068635244,0.0522364810669311,0.236638499689368,0.447502433542303,0.777860472561033,1.57380921238368,1.96602266354138
"2012-11-14",0.16505181206231,0.142420825425382,0.113614773165036,0.0726996917623117,0.0456168837460537,0.22447518914309,0.437202531401196,0.773815577516418,1.59264703564427,1.99870999359743
"2012-11-15",0.163068312915323,0.140827275542714,0.112510632394508,0.0722816305164558,0.0457226723730959,0.223519527261583,0.435593524747043,0.772541287234076,1.59878395877507,2.0118130059025
"2012-11-18",0.160697678010037,0.139125698953679,0.111702528508598,0.0729089271741691,0.0481060100078854,0.226306767470659,0.437152013775496,0.772162491541393,1.5957843316731,2.00890327467052
"2012-11-19",0.16032628635166,0.138677380787133,0.11116174363288,0.0722491947348772,0.0473705809805497,0.225430142919652,0.435714729004868,0.769134990427225,1.58555347785588,1.9934225186618
"2012-11-20",0.162305709582646,0.140218687014563,0.112138297927169,0.0723884864301728,0.0467430627342214,0.226191533451086,0.438294990643812,0.77407788887429,1.59327805536946,2.00096405819904
"2012-11-21",0.164025952202647,0.141671623213806,0.113231700925272,0.0728982986995479,0.0465362669416947,0.226075382805687,0.439142993608113,0.776732283710498,1.60081801377925,2.01103632992424
"2012-11-22",0.163535011717773,0.141108302747983,0.112567759102074,0.0720593179622735,0.0454358178193952,0.224654046923629,0.437716686174108,0.775420412083359,1.59999434326671,2.01049970868265
"2012-11-25",0.162521458134443,0.140343517036515,0.112129708946989,0.0721234495582868,0.0460046555982536,0.224307574283577,0.435832953412686,0.77095422998204,1.58897354172288,1.99616327287145
"2012-11-26",0.162909377513592,0.140265233668839,0.111434542977972,0.0704546094294371,0.0431934725389114,0.221324606400802,0.433536961146389,0.769448119727865,1.58676395790883,1.99211545734734
"2012-11-27",0.162450125673208,0.140044832716814,0.111466133182002,0.0706643493761381,0.0428159902200898,0.216313621538066,0.425621590417419,0.758943463804458,1.57761399975257,1.98713753940986
"2012-11-28",0.159723874913188,0.138023915909158,0.110364048984484,0.0709628323372429,0.0445772027656839,0.217273519617724,0.424991612559016,0.756714098481523,1.57724811838132,1.99083620352286
"2012-11-29",0.161571058992256,0.139356889469078,0.110964880784077,0.0702382552707179,0.0417336126127357,0.211643620666754,0.419648742675267,0.753582068677648,1.58473368833847,2.00574691418051
"2012-12-02",0.162825475958754,0.140726480295709,0.112462815828554,0.0718568647341273,0.0432009940639749,0.211487996492917,0.418521875811878,0.751778959362637,1.58487132367685,2.00861453554522
"2012-12-03",0.16232281854684,0.139982940869389,0.111393128009984,0.0702502955818372,0.0409070432894902,0.209087572541059,0.416866702017763,0.751605633618252,1.5888945465716,2.01487889951839
"2012-12-04",0.161280920546205,0.138820976024248,0.110096462127807,0.0688233989030153,0.0396223957108858,0.209444489639494,0.418221824819732,0.753678244102793,1.58911270690149,2.01240133659026
"2012-12-05",0.161928151994667,0.139287405880469,0.110300995120224,0.0685194339712793,0.0382570365930213,0.203523750045947,0.407978175749078,0.735774143537564,1.54674024277707,1.95459704207442
"2012-12-06",0.16456107663313,0.141192987331829,0.111299819492024,0.0682773133482804,0.0372448319038854,0.206246653704222,0.413852544628529,0.744493850800295,1.55241682775243,1.95382766566704
"2012-12-09",0.166163959216229,0.142707503287551,0.112661268044516,0.0692764915184494,0.0374033365377776,0.204219513571036,0.411175752061595,0.742006935191194,1.55458986852017,1.9601351433293
"2012-12-10",0.16573567950201,0.1425044162652,0.112778555513512,0.0699764560451124,0.039067710054424,0.207655366911564,0.415222505581502,0.746536254344687,1.55946840811011,1.96501280275538
"2012-12-11",0.164661140497708,0.141821210679825,0.112604354058229,0.0705747977057746,0.0404561334025917,0.208437954721761,0.414950472371552,0.745062471965264,1.55797493361536,1.96506815385119
"2012-12-12",0.162550099296347,0.139872073275881,0.110977509251849,0.069837123009492,0.0422099561622664,0.219823236187619,0.432490637812602,0.770059367369165,1.59514254655168,2.00607823819205
"2012-12-13",0.162210334174936,0.139388001580982,0.110311517113501,0.0689194622496705,0.0411565922777933,0.220105484464867,0.434284347945946,0.774223929529677,1.60505368704349,2.01884132574002
"2012-12-16",0.165143471479716,0.141828026311922,0.112114665318048,0.0697743283328167,0.0411288566646997,0.221595379290452,0.437835637233172,0.780524264314447,1.61501195432151,2.02902252544611
"2012-12-17",0.162405675989147,0.139834904122553,0.111214749667532,0.070967960061993,0.0461022478895594,0.234541550741255,0.453667971553955,0.798189023210985,1.63033342107975,2.04081606322637
"2012-12-18",0.170286536136451,0.145295176290237,0.113533413265871,0.0685431483029331,0.0389285632363506,0.231903177725058,0.458324364308393,0.811736916853083,1.64979250344069,2.05526717088578
"2012-12-19",0.168556726748416,0.143736827237645,0.112224512643176,0.067695559090159,0.0388013055408857,0.231985156419332,0.457124642079962,0.807364415501783,1.63362598855387,2.03156628501314
"2012-12-20",0.180381669619692,0.153709741911339,0.119706752609191,0.0711008811623381,0.0368412678903527,0.22521733921907,0.450115086040632,0.799753568088096,1.61781033985887,2.00786014926074
"2012-12-23",0.170461803103119,0.145210420995788,0.113109135654048,0.0675814048401855,0.0372153593229815,0.227787963482405,0.45143300086996,0.799146042160217,1.61677666911034,2.00906961298655
"2012-12-24",0.169469001230574,0.143412849294733,0.110321459700471,0.0634814275828817,0.0324478139369059,0.227495549375508,0.454521403226569,0.804971759206334,1.6185669849615,2.00430209594167
"2012-12-25",0.168986162515994,0.143470195083765,0.111168566270358,0.0658366844197734,0.0375523854749037,0.239060890116324,0.469237465958449,0.82319663777322,1.64277992821663,2.03093476264502
"2012-12-26",0.168812415646161,0.14328406338861,0.111040248459089,0.0660545976646222,0.039107219197542,0.246274649689153,0.479763050691894,0.837090727766442,1.65933585701949,2.04681264681505
"2012-12-27",0.170856373483387,0.144566654528692,0.111276357115013,0.0645100086075175,0.0350391789232117,0.239828529571528,0.47389763678991,0.833151639844777,1.66148169136056,2.05214593004869
"2012-12-30",0.169172078685075,0.143866089326806,0.111873238635605,0.0671368453904679,0.0399575067235473,0.244158272525891,0.475694866547482,0.831203474603281,1.65350792820927,2.04278269508799
"2012-12-31",0.169521361651433,0.144011637486411,0.111784731327367,0.0667976480761874,0.0397357357468741,0.246084293757247,0.478904241322575,0.835289893902493,1.65549626493807,2.0420372738449
"2013-01-01",0.170149654337656,0.143871845399408,0.110682899416481,0.0643586148373355,0.0363562897969082,0.245864933544639,0.481447015118649,0.840324497065341,1.65874177077604,2.04114499756866
"2013-01-02",0.171348646249021,0.144562500727754,0.110757302543973,0.0636473632447151,0.0353632539531026,0.248066113112919,0.485836039903867,0.846311758132101,1.66156046677701,2.0396340326618
"2013-01-03",0.17400344837164,0.147289770722669,0.11362802486273,0.0669141063376793,0.0397546119458986,0.257047581701573,0.497987737713778,0.862655680410995,1.68643099802241,2.06827916599604
"2013-01-06",0.173700717514627,0.146779470044987,0.11284494917389,0.0657101139298876,0.0381134671418127,0.255980409009384,0.497969977530993,0.864356610599526,1.69221741050396,2.07599758959655
"2013-01-07",0.170876639921732,0.144560649495822,0.111433312188359,0.065596417138489,0.0396228217049667,0.258442133643486,0.500045830838317,0.865945473023366,1.69460971663445,2.07978950617107
"2013-01-08",0.175234915264174,0.148535986193141,0.114872104676658,0.0680866478823155,0.0406354721924089,0.257209244554407,0.49831192183895,0.864083037556575,1.69344339650109,2.0791339704434
"2013-01-09",0.176296523236871,0.149258178028977,0.115113694326177,0.0674614490191776,0.0385989499044811,0.25268034316277,0.492967538924917,0.858120533254855,1.68704728853727,2.07271956376629
"2013-01-10",0.178051028832964,0.149110556424322,0.112357890537067,0.0602881476349679,0.0252351471556633,0.233835611552487,0.475830924457959,0.846042862510079,1.69029889259918,2.08383085158623
"2013-01-13",0.229787948767554,0.193130755680357,0.145942786569288,0.0766280990424789,0.0185234156086505,0.207922589886369,0.45338528670446,0.832544680858917,1.69013990056476,2.08393505688608
"2013-01-14",0.175045427157973,0.146808004833133,0.110748227696133,0.0589734417490128,0.0214626305992482,0.214693056933724,0.448139081380375,0.811904654653317,1.6643511098744,2.07105870366102
"2013-01-15",0.168963945942389,0.141797046632289,0.107096453298693,0.0572638533255758,0.0212477839809775,0.209472700827164,0.437421406147988,0.794033583621293,1.63616568381966,2.04092290449434
"2013-01-16",0.166053309542262,0.139466899549432,0.105481222197663,0.0565983542875085,0.0210715765856327,0.206069494010717,0.431571132354398,0.786221086289649,1.63159640698081,2.04149495009858
"2013-01-17",0.167851734301573,0.139795410547917,0.103911347414129,0.0522015068750643,0.0140401285611527,0.203575893673932,0.435331965183159,0.798573415063092,1.65744329571616,2.07045897214855
"2013-01-20",0.16826806738132,0.140493252224846,0.104906957407961,0.0534046743756502,0.0144910600161523,0.197557269529784,0.424481869120332,0.781801158917147,1.63178757619266,2.0425580413358
"2013-01-21",0.165965786411532,0.138643044311192,0.103643560143714,0.0530303236940408,0.0150365748700217,0.197675624703429,0.423755198765999,0.78036673546031,1.6321320794063,2.04547208741099
"2013-01-22",0.165506287282044,0.13924616246797,0.105699633837179,0.0575311543704152,0.0228912463573104,0.207893554599943,0.432350703462071,0.785037949899852,1.62521363742872,2.03248671103861
"2013-01-23",0.167830496818764,0.14107198646453,0.106815310234019,0.0573621445437936,0.0206880860687216,0.203316867294993,0.428458628248717,0.784002883158849,1.63627276887169,2.0514699433634
"2013-01-24",0.169391991254236,0.142010872911841,0.10687564611072,0.0558592681798699,0.0167857774262502,0.196879977544338,0.422970810948548,0.781925355967394,1.64785386320995,2.07180919864963
"2013-01-27",0.168900358144501,0.141093348497291,0.105510980120069,0.054183349087145,0.0161468210561823,0.204067041907827,0.434761399568855,0.797347071549077,1.6587812968159,2.0748700509665
"2013-01-28",0.167490228907326,0.139497932980266,0.103789972896532,0.0526655711498809,0.0162690304477223,0.211765596879954,0.446142934767765,0.810816628933311,1.66452663425699,2.07166862245534
"2013-01-29",0.172992053756639,0.144150857566673,0.107322264412709,0.0544391048519911,0.0160239578821004,0.211646082440812,0.447773236465388,0.814887700011336,1.67133457522619,2.07819538760818
"2013-01-30",0.17040718728416,0.141381072851723,0.104227326700212,0.0505567944995521,0.0102334849652407,0.200036246502093,0.433383660673291,0.798210884167845,1.65507983000509,2.06427438030824
"2013-01-31",0.167353694777004,0.139017246120264,0.102876338873402,0.0511421205990913,0.0142753859174416,0.210843982054777,0.446107490987247,0.811279387539854,1.662245841703,2.06631972719216
"2013-02-03",0.170624668756911,0.139838453309202,0.100705772393887,0.0450885441305628,0.00661053326685912,0.218865666379368,0.466124750219471,0.842461300895525,1.69073947768438,2.08169014194022
"2013-02-04",0.170270691302071,0.139328502666046,0.0999131798029959,0.0435931224622819,0.00338833092979507,0.210546181896102,0.455603326916131,0.830497910325902,1.68092927689046,2.07480346502641
"2013-02-05",0.171182962426398,0.138793733378428,0.0973879996247944,0.0376746110860324,-0.00737103522994631,0.194923062310377,0.44072982036709,0.818682307171163,1.67896605699366,2.07794324466549
"2013-02-06",0.166980451900235,0.133714424756702,0.0911064792194571,0.0293567483708491,-0.0185450544521718,0.181180622514665,0.427720293619689,0.807902279287841,1.67493435397754,2.07735009632511
"2013-02-07",0.145172022101112,0.114261593164972,0.0748587006682456,0.0184668954777098,-0.0220876748357284,0.184353276229386,0.429932101086659,0.806884246930359,1.66660449668196,2.06665849568309
"2013-02-10",0.187630885020509,0.150748532310836,0.103387839451323,0.0342200953445108,-0.0222475979903257,0.175204719530235,0.424955736737952,0.8074932537034,1.66308993422568,2.05251190192507
"2013-02-11",0.147700156820179,0.116689873978104,0.0771101018278635,0.0202799732176291,-0.0214052516150068,0.180775809775112,0.423510741771701,0.796752007886365,1.64901341899953,2.0457840759304
"2013-02-12",0.14808443860242,0.116988071287966,0.0772397388281683,0.0199589379261658,-0.0229079830957981,0.175542307801855,0.416560393438397,0.788551330652186,1.6419410195441,2.04068656705536
"2013-02-13",0.164319103805306,0.132087422740499,0.0909540128400624,0.0318675592279183,-0.011869983917166,0.192041273893547,0.436364800917557,0.809429732626385,1.64964908787455,2.0358410247142
"2013-02-14",0.168908463952131,0.136177759047693,0.0943148433573805,0.033835744663168,-0.0124379013771655,0.185541033463473,0.426995042378458,0.796891984102917,1.63179775334506,2.01587873339746
"2013-02-17",0.162456453533277,0.130467002256915,0.0896065444561705,0.0307775835665903,-0.0133570189701674,0.185473166035443,0.425363402310912,0.792132802914993,1.6188844160681,1.99901550367195
"2013-02-18",0.162651676549226,0.130424794220698,0.0892309071272093,0.0298097965360119,-0.0152573598564651,0.182090506605218,0.421596324755152,0.788177208218943,1.61510227604721,1.99542188110117
"2013-02-19",0.165444840085843,0.132734422399697,0.0908921177789249,0.0304229857600843,-0.0159290372955043,0.181403719563289,0.422324960453524,0.791477540944207,1.62481062128917,2.00818761956013
"2013-02-20",0.16055850362001,0.128659683513987,0.0878546833604086,0.0289101920730254,-0.0159805785637791,0.180659518393096,0.420837361124909,0.790489946386253,1.63242075724437,2.02298580759264
"2013-02-21",0.155950919087576,0.125065409374058,0.0855735920631635,0.0286038485699325,-0.0143508602496674,0.179933381177171,0.416462350825373,0.781115910061246,1.61523152931134,2.00382718969275
"2013-02-24",0.153611254981529,0.123564640955166,0.0850530415211639,0.0291891654127195,-0.0140501669937478,0.171206355505069,0.401308999210441,0.759468834548708,1.5907208729207,1.98284718613021
"2013-02-25",0.150682611241527,0.120940477635648,0.0827598049541547,0.0271679291904642,-0.0166871340034392,0.162682569594658,0.388466883287051,0.741521879575489,1.56590579355802,1.956708689495
"2013-02-26",0.14376770714249,0.115446622719025,0.0790946536980974,0.026206226607391,-0.0151845959439105,0.159772330781599,0.379774695710128,0.72518718463383,1.53875667560254,1.92772085190142
"2013-02-27",0.138783308318367,0.11219378038748,0.0781068637033947,0.0286914058774068,-0.0090829306622644,0.162469204462949,0.376024905895205,0.71187768593834,1.50781551139987,1.89092842889282
"2013-02-28",0.137729763870929,0.111512406429069,0.0779445370595408,0.0294190107261509,-0.00719273508653839,0.163291465840932,0.373344613001425,0.701887218847057,1.47374846824405,1.84238949793974
"2013-03-03",0.126551450070935,0.101700578187768,0.0698331761567,0.0236002654469276,-0.0118953872698749,0.14747841351468,0.34634606474308,0.659238588543734,1.40098574489794,1.75805861052212
"2013-03-04",0.11815233711109,0.0940004492332816,0.0632003519608927,0.0191360936645985,-0.0120859919622306,0.157494592356552,0.360395431667541,0.675970948600074,1.41454469132857,1.76673888481826
"2013-03-05",0.124442514457796,0.0983600564389936,0.0651578382710302,0.017833737816982,-0.0152153425601751,0.166722028234363,0.381254948111362,0.711200677527039,1.46856330111609,1.82337773315567
"2013-03-06",0.129081385371498,0.101855641925032,0.0671307557337948,0.017384343535892,-0.0184735777414844,0.164705345582925,0.383646948210796,0.72125722856206,1.49758915863038,1.8615511037714
"2013-03-07",0.127628552567034,0.101017903303778,0.0670895325321992,0.0185290379852868,-0.0162762780439544,0.163964609437744,0.37885030380899,0.710045116479739,1.47137448950254,1.82825557880267
"2013-03-10",0.123701397433132,0.0974137142058311,0.0639096514460048,0.0160272796919729,-0.0178271300811229,0.165124417472817,0.382897183145616,0.719857606143667,1.50110158838363,1.8703928727372
"2013-03-11",0.120387469893153,0.0957058699215524,0.064251117080686,0.0193394461027133,-0.0120173199969554,0.165086922510034,0.376158029119667,0.704856291100256,1.47704157318893,1.84673605009278
"2013-03-12",0.117500336527195,0.094204536740719,0.0645165847158046,0.0221578461328115,-0.0071052592594405,0.164412760695079,0.369136993028496,0.68978514628632,1.45195325492625,1.82107512976246
"2013-03-13",0.115552564390289,0.0921593880309054,0.0622930924613862,0.0194947559679689,-0.0107796439163896,0.158837844687809,0.363990623539073,0.687371838858799,1.46366315358495,1.84295960032456
"2013-03-14",0.121178988499764,0.0967193788612948,0.0654301475317931,0.0203521094779086,-0.0126726096095183,0.156787277118878,0.364500960564698,0.692160877472902,1.47699787275209,1.85922488639464
"2013-03-17",0.116442402900052,0.0928620377028137,0.0626343933156499,0.0188759397776171,-0.0139401387774801,0.147162704501378,0.34793409460734,0.667428188670663,1.44354973231262,1.82642715249674
"2013-03-18",0.114367184049926,0.0913952046629576,0.0619881974834661,0.019570601476149,-0.0115613901176069,0.149647710470022,0.348499383265825,0.664312778449307,1.43045332865478,1.80819351892092
"2013-03-19",0.113796256083664,0.090829092402039,0.061424792973348,0.0189981149783442,-0.0121983942205753,0.148615267906256,0.347148660811532,0.662508788206591,1.42763667979768,1.80489545210358
"2013-03-20",0.112504621458319,0.0904288039020335,0.0622100363161847,0.0216605826913084,-0.00741349526956991,0.151800031744547,0.346177958110397,0.654266268701453,1.40063422665005,1.76841357526399
"2013-03-21",0.113974577929246,0.0915917178186181,0.0629708924549872,0.021781413635312,-0.00819807379510806,0.148093837479885,0.339097976421352,0.640225758002698,1.36122685186156,1.71230763254204
"2013-03-24",0.109292048347647,0.0877523566872311,0.0603333693983399,0.0213028996691772,-0.00541770845885414,0.152372332691858,0.339004272068213,0.629208078603676,1.31026132433946,1.63618737706911
"2013-03-25",0.105523197794283,0.0844553106305653,0.0575013722016749,0.0186807409459228,-0.00955035243442859,0.139927698714773,0.323544604572543,0.614926823497805,1.32140697494144,1.66965144150225
"2013-03-26",0.113501981942342,0.0916417919208336,0.0635032683638689,0.0223498501333583,-0.0102714340354094,0.129465785374969,0.309567966595691,0.599046984857347,1.31084257763485,1.66542121575019
"2013-03-27",0.104364539159042,0.084537376540411,0.0591038123285962,0.0222575103416193,-0.00526402487676381,0.13421854149458,0.309206401493226,0.590526518856336,1.28782539320257,1.63879488211265
"2013-03-28",0.102712034902032,0.0843165955061803,0.0610511993509276,0.0285325804428383,0.00914943129111345,0.164176410651266,0.341335520249297,0.616874570340842,1.27044680852787,1.58745242388895
"2013-03-31",0.106659822738131,0.0877807557792446,0.0638660466308424,0.0303049692556454,0.00973386628625128,0.166191109911474,0.346652793116321,0.628387137336642,1.30020113384737,1.62753489095253
"2013-04-01",0.103051550404208,0.085013763776184,0.0622509361321169,0.0306253869889722,0.0126473699543672,0.169860284856969,0.347523581237588,0.623194720294179,1.27599761945874,1.59240981853847
"2013-04-02",0.103275965411866,0.0855265018224073,0.0631034294076931,0.0318734988387234,0.0138658522989217,0.168463313404529,0.344461560541998,0.618963921914803,1.27482083450636,1.59538260780656
"2013-04-03",0.100204772865774,0.0867148769954095,0.0693296749535181,0.0439688292138242,0.0251028105622118,0.133256421251178,0.275121980936309,0.516488995813785,1.1871953716257,1.56794304958437
"2013-04-04",0.0993177826098433,0.0872085308474845,0.0724930552328517,0.0541241394620983,0.0527648456870125,0.20524073179426,0.354307461068734,0.573607976286808,1.05916950457841,1.28239133611107
"2013-04-07",0.114622431322992,0.102815788822005,0.0881502450296059,0.068697320173518,0.0621026171489826,0.194471879072069,0.335920750175372,0.55494577012885,1.08091437244027,1.3409019371847
"2013-04-08",0.135365841348085,0.121448734996664,0.104034117891296,0.0804275505871427,0.0698802193996752,0.210480733783584,0.364306321288551,0.60298026533664,1.17407927506889,1.45466906293611
"2013-04-09",0.137770171778592,0.126632742674359,0.11312724024629,0.0964886099958326,0.0970501343779755,0.25666240617611,0.416853985737471,0.661153373526896,1.24126824168336,1.52661724131918
"2013-04-10",0.153687903932161,0.137889276172149,0.117899526227426,0.089978655524617,0.073759809048259,0.214278868293926,0.376439893275181,0.632744102915558,1.26052970197597,1.57492004984209
"2013-04-11",0.158518560944321,0.142908645789773,0.123457650513381,0.097383828475298,0.0869869476908357,0.249863410636997,0.424584470058575,0.69307333596475,1.32616124209791,1.63316501883104
"2013-04-14",0.150320368230532,0.136973539021538,0.120654755236555,0.100010538022145,0.0978392074423852,0.273875734342973,0.45354692198289,0.728259813698707,1.38023744847966,1.70014890375604
"2013-04-15",0.151806104652515,0.139040621504851,0.123239525113909,0.102546938478666,0.0971612836083111,0.25448218512776,0.422878412899555,0.687486800700247,1.3440605459513,1.67998202951495
"2013-04-16",0.15265258933874,0.138895164825066,0.121775236287537,0.0989992076622775,0.0912975139690366,0.250945523339899,0.42465256842586,0.698670966298718,1.38055135077569,1.72986500684177
"2013-04-17",0.150255008709491,0.136441102691538,0.119203502619064,0.0960863759218633,0.087365072481789,0.242515214935051,0.41288754215139,0.682224776348081,1.35351703988949,1.69764682511312
"2013-04-18",0.154558956795083,0.139697004568861,0.121076961219679,0.0957730466398033,0.0843321254828507,0.236151675986981,0.403886584373801,0.666475346056009,1.30526654634656,1.62422729369925
"2013-04-21",0.145080043803311,0.131196873491463,0.113969786935586,0.0912131368071689,0.0841164922642149,0.245662089194489,0.418676032727166,0.688462356982573,1.34611562649979,1.67626369782471
"2013-04-22",0.143136827007448,0.129510966859025,0.112541223751535,0.0899010784431495,0.0818594993948335,0.236669440904594,0.405125668955907,0.670059239836419,1.32477391591041,1.65768466490003
"2013-04-23",0.148149002012001,0.133378884221486,0.114900429114103,0.0899097223049057,0.0793053840504574,0.236019714251631,0.408844043702568,0.680601761743549,1.34873722803359,1.68614687628028
"2013-04-24",0.142789417024353,0.129167019354737,0.112195811541371,0.0895424375629477,0.081513747840297,0.237494965872597,0.407847673527888,0.676810730842001,1.34654338430689,1.68973188267916
"2013-04-25",0.14213178786781,0.129589890469921,0.114099433445828,0.0939516631543852,0.0894294642787506,0.248559898050223,0.418069104956397,0.684509011536883,1.34731452643974,1.68754607262426
"2013-04-28",0.171173307148079,0.155179223320192,0.135081150926404,0.107532357440062,0.0939092657147346,0.249879381976835,0.424087282176184,0.697021467651357,1.35968686214981,1.68954445304869
"2013-04-29",0.144211471739683,0.130954426092262,0.114613060984104,0.0934500230709215,0.0889285153419631,0.254835816802281,0.429097881644085,0.699570172142056,1.35664330145933,1.68600474410708
"2013-04-30",0.146362291643582,0.131984906126384,0.11405876048852,0.0900445578061834,0.0809165830603989,0.239026029367127,0.411059966357997,0.680312176532257,1.33843996084511,1.66921698577402
"2013-05-01",0.148702158769254,0.133610248839297,0.114577159993244,0.0882667564754059,0.0744862686794445,0.22122148050949,0.388965949194697,0.656168959863438,1.32423733907238,1.66643182656729
"2013-05-02",0.147982456721635,0.132622306948444,0.113217637819419,0.0862657188124265,0.0715469529794068,0.21728056052855,0.385176993059879,0.653078487025019,1.3237151870187,1.66740870034911
"2013-05-05",0.176783763456868,0.15799454214611,0.133998201838775,0.0996249995060045,0.0756502978121271,0.217959137988439,0.39102573065307,0.667079078518723,1.34585548030084,1.68556129202817
"2013-05-06",0.142103202421252,0.127850683885626,0.110077105965988,0.0862736111422627,0.0773756052793081,0.236776897553584,0.411002681000624,0.685294698708663,1.36365182567631,1.70869964178825
"2013-05-07",0.141042253585619,0.126684341048698,0.10877794136661,0.084791166166013,0.0757984374300175,0.2362281691324,0.41162474506269,0.687777105949678,1.37076604196754,1.71817675693905
"2013-05-08",0.1457191860701,0.130843321842477,0.112188908566174,0.0868157260458996,0.0755129386307816,0.23262259993031,0.408262848939293,0.687075078125483,1.38407859317105,1.74186283368781
"2013-05-09",0.148300776392585,0.133580617052898,0.11560481090271,0.0929210519282493,0.0906290739617427,0.282295998539958,0.476039609618865,0.769603919891612,1.45477926233181,1.78558527539102
"2013-05-12",0.130887394173644,0.118840643282162,0.104932005082599,0.0904681702144497,0.104250627083248,0.333857821171902,0.542391269841062,0.845540104785042,1.51765578149588,1.82945488688472
"2013-05-13",0.126621797387885,0.117408564462145,0.107717951483297,0.101488341061619,0.130456000842581,0.391510804332241,0.609749119558311,0.915911242207866,1.56481972579644,1.85568740981381
"2013-05-14",0.120549057735543,0.112952030289294,0.105534746206436,0.103343835400741,0.13860795077341,0.408489886052689,0.627613826997555,0.931762216737502,1.56928622794361,1.85302319659631
"2013-05-15",0.126068092649055,0.116730750084635,0.106847810149773,0.100225617579042,0.128457598038973,0.388449036517046,0.607017547355006,0.9146940174185,1.57023197115471,1.86536315905732
"2013-05-16",0.1283943474019,0.118936008651214,0.108603176978692,0.100304400480348,0.123235197899634,0.365451228023845,0.576772418572663,0.881618597911852,1.55708249208553,1.87176881796888
"2013-05-19",0.126915821978003,0.117724429580368,0.107995650746849,0.101495265628514,0.129507391901601,0.388386084121256,0.607209859632292,0.916863749112069,1.58282528518522,1.88520213372412
"2013-05-20",0.124087128557728,0.115203865523008,0.106030851433971,0.10091387640435,0.132380573106562,0.402316893270088,0.626835516955001,0.941897709470701,1.61154485070418,1.91271137008714
"2013-05-21",0.127036411501133,0.116923539125238,0.106099543345336,0.0983070893051683,0.126468511680227,0.396212754066169,0.624243739502526,0.945759503721529,1.63163641542706,1.94059264332927
"2013-05-22",0.132166705912064,0.120422644484235,0.107117799745195,0.0943237873249049,0.112803253493932,0.360802476223628,0.581361108426849,0.899570553760223,1.59916307748009,1.92179639748779
"2013-05-23",0.132067505394533,0.120836254879926,0.1081910170154,0.0963720348105684,0.115746471464184,0.362275650939911,0.580910093483344,0.896662817907398,1.59323579794424,1.91567995503837
"2013-05-26",0.135994552517037,0.123482164234171,0.109193435932128,0.094936799250315,0.111884625311899,0.358863186834426,0.578088053570621,0.892029036180464,1.57148849663779,1.88012223561881
"2013-05-27",0.131588608457419,0.120062583461131,0.10756798353568,0.0977752107374308,0.125607528724353,0.403456359234285,0.634826156314069,0.954809271301212,1.61327583438971,1.90044524861619
"2013-05-28",0.123554839501994,0.113939154905933,0.104197297042687,0.0994932795571384,0.135819850067702,0.427230123993641,0.660448111009308,0.977516270619087,1.61657782863993,1.89122624517388
"2013-05-29",0.12337238768895,0.114234242384601,0.104810498464637,0.0995690230360591,0.131710729089388,0.404416253393769,0.628662368822825,0.940055706725351,1.58984452794481,1.87735898896137
"2013-05-30",0.131508715540848,0.119937832456671,0.107155780464736,0.096122700487539,0.119604998839763,0.379362032673818,0.599633638767965,0.907082877911185,1.54778843521565,1.82994527195064
"2013-06-02",0.133893641986007,0.120300367571582,0.104490118891498,0.0874866429990017,0.0997458350788671,0.334790951188023,0.546050089713554,0.847846097453689,1.49443528192588,1.78490464489146
"2013-06-03",0.139136259553943,0.123872569685763,0.106111144520437,0.0869142371151853,0.0998202358155708,0.354023383965804,0.579797401695348,0.898205259582279,1.56481639278751,1.85823677652744
"2013-06-04",0.139493843128871,0.12288287284189,0.103196048423434,0.0805052044143508,0.0878843677813653,0.335974980246191,0.563937763359964,0.890287147603457,1.58700803797257,1.89826139071673
"2013-06-05",0.140003382830407,0.124325457593086,0.105762867293793,0.0844754153220577,0.0921949803088756,0.333147878786405,0.555745737647615,0.876709015591166,1.57117637821515,1.88520806688946
"2013-06-06",0.14222338837836,0.125502394770314,0.105660881403429,0.0826701755751162,0.0893351864374673,0.33314437824664,0.556565463791432,0.874930043769645,1.54859916766423,1.84715780213315
"2013-06-09",0.136458414001643,0.120129621834186,0.100809056771804,0.0786555270241965,0.086408344942088,0.331610622480164,0.555797522469928,0.875704689603506,1.55520648516074,1.85747565218331
"2013-06-10",0.137042156634639,0.120715278967268,0.101633154429609,0.0806440172198481,0.0924984738655874,0.352723054198329,0.584025209881967,0.909021343598006,1.58394748862647,1.87881722909488
"2013-06-11",0.1405455177023,0.124205221326879,0.10517449985896,0.0844986628331257,0.0975348066822138,0.362349579506603,0.596012120490414,0.923021925246841,1.59826312900421,1.89195221554117
"2013-06-12",0.133701307072117,0.119883530159526,0.104065508360756,0.0880533873250022,0.105207790769195,0.363954717798054,0.590742925646983,0.9107895313687,1.58505892748735,1.88398663673141
"2013-06-13",0.14319987326446,0.127446943687602,0.108801168709127,0.0874282402000315,0.0951537135409307,0.335943337998092,0.557714230045484,0.876553243500476,1.56287418397402,1.87179916838971
"2013-06-16",0.13194973159786,0.1177984510222,0.101471173195228,0.0844282593014071,0.0995874937910094,0.353982629338851,0.579417883848362,0.89910455063228,1.57686111898904,1.87876637372997
"2013-06-17",0.130149866634652,0.116144616051867,0.0998895156382539,0.0825597764650288,0.0960168949067358,0.343343573759088,0.565671644944018,0.883959122983544,1.56900231648238,1.8780842537131
"2013-06-18",0.132745184447268,0.118800787963672,0.102472024390978,0.0845232096256638,0.095595612244357,0.335144295845222,0.555387208845632,0.875432906859728,1.58099581369945,1.90603525937093
"2013-06-19",0.137052498556993,0.122801722340387,0.106219281839359,0.0883891663660758,0.101482579548854,0.352257020964114,0.57947710703001,0.906679377748877,1.61779286664279,1.94137803454955
"2013-06-20",0.134287885087635,0.120184500961455,0.104063972218994,0.0878586706075388,0.1059911806792,0.374197249771643,0.609514754845332,0.942321297232747,1.64648759543685,1.95989550309156
"2013-06-23",0.135101353920782,0.120888285243993,0.104576594025133,0.0879287577047885,0.105141407651738,0.372327911976672,0.608849402745451,0.945360259927368,1.66414341660074,1.98663329686956
"2013-06-24",0.13165560986193,0.118516725362547,0.103556376262931,0.0887900710801827,0.107216721807756,0.367612798048261,0.596950102208075,0.923463437312436,1.62331571762456,1.93852816250132
"2013-06-25",0.132151556897441,0.119037217896243,0.104144936344045,0.0895894043718224,0.108516576380457,0.368861406197884,0.596354416208326,0.918277258328573,1.6013172974318,1.90625583304918
"2013-06-26",0.134601413704537,0.120460488693474,0.104045526958469,0.0865355740106378,0.100075075592759,0.349563099869349,0.573873249944276,0.895013252523553,1.58621981545221,1.89808713689954
"2013-06-27",0.140341406074296,0.125708436035784,0.108568529707283,0.0896673441461684,0.100718828099097,0.345443182903428,0.56854015860421,0.889724294554244,1.58576142654226,1.90140794801173
"2013-06-30",0.137248865240609,0.122721667487875,0.105950022718517,0.0884100554503841,0.103878656805042,0.365539478247317,0.59809544242088,0.928697463457679,1.63255823955599,1.94724443627719
"2013-07-01",0.138932805837621,0.123694475355469,0.105985809526606,0.0869896201616207,0.100895710773324,0.364085820102248,0.599820736710755,0.935634504947209,1.65168614364301,1.97202789549051
"2013-07-02",0.140596468248012,0.124926943070592,0.106575807420344,0.0863257591342688,0.0979338542334972,0.356576866913675,0.591128353018571,0.926987810731158,1.64780974355622,1.97186318494024
"2013-07-03",0.139532794386046,0.12450007201153,0.106999663594966,0.0881017416826512,0.101206720416478,0.357862657669058,0.588246912086065,0.916627974983534,1.61712996854975,1.93057119109202
"2013-07-04",0.140882341695841,0.125333924520405,0.107092785739961,0.0868351671031636,0.097715967482671,0.351251594559518,0.581722593500106,0.911946071532466,1.62099991512899,1.93982460393282
"2013-07-07",0.142124007100592,0.126678118553884,0.108667769853383,0.08910132242068,0.101987623028076,0.362882942233661,0.597551697146607,0.932220241551208,1.64641932342785,1.96604257893125
"2013-07-08",0.146035623896586,0.129756671450682,0.110569873682448,0.0888917982912019,0.0983727985811857,0.353401887758928,0.586224163809575,0.919549208141914,1.63291392783839,1.95254383425525
"2013-07-09",0.149260413434516,0.132139545535611,0.111736344548144,0.0877947820576785,0.0934218480093403,0.341620014195762,0.57279942018389,0.906120790967706,1.62512393279268,1.94904280189307
"2013-07-10",0.149627231091608,0.132354220938279,0.111562724102463,0.0863771913671889,0.088314523873957,0.323791274132844,0.548794108104501,0.877270859055916,1.59839477349181,1.92793454303754
"2013-07-11",0.149732691073803,0.13254052476815,0.111864875141979,0.0868929074519714,0.0891941914629001,0.325402231916417,0.550701443665179,0.879464473475148,1.6009828244144,1.93065806136903
"2013-07-14",0.148800540780338,0.131572228271541,0.11085125293444,0.0858172030997025,0.0880859835512756,0.324607109420903,0.550244916378714,0.879516601574881,1.6021745708132,1.93237498033405
"2013-07-15",0.148597752591299,0.131592188528214,0.111187583509306,0.0867273963599094,0.0899421657709286,0.328199016275078,0.554447931166621,0.884230687551256,1.6074014114005,1.9377195706048
"2013-07-16",0.154225705720669,0.136187036439738,0.114405179901446,0.0877249961119981,0.0880977159750986,0.323726483059481,0.549392214931591,0.877744821800142,1.59291414511165,1.91719964160043
"2013-07-17",0.154027451426925,0.135993748432831,0.114132496366179,0.0870422316568595,0.0859634933981827,0.31656702101354,0.540258938733089,0.868039096390719,1.58957968345384,1.91968219928785
"2013-07-18",0.152223242931479,0.13459592124572,0.113262210646209,0.0869745432913666,0.0867589422342699,0.317406162889465,0.540816256964196,0.868742649158158,1.59362367657414,1.92663585396066
"2013-07-21",0.152913563992523,0.134896795453813,0.112936831331296,0.0852871474743932,0.0821612463079981,0.305374291898744,0.525921931464805,0.852311111683008,1.58157808107141,1.91945449477934
"2013-07-22",0.153788277704693,0.135609840476363,0.113394494211636,0.0852060066904896,0.0809977960607857,0.302025857021506,0.52228455586304,0.849551663867848,1.58494489343993,1.92726947823143
"2013-07-23",0.150158205770448,0.132952796168035,0.111942620069299,0.0853866736115315,0.082196183126257,0.299231572497399,0.516742576018035,0.842850874778488,1.58867646936061,1.94176274038839
"2013-07-24",0.150480396414145,0.133386015516853,0.112707746239342,0.0872983200025277,0.0876380945530012,0.316811302334406,0.539799359531597,0.869195435563552,1.60624128881337,1.94872175697695
"2013-07-25",0.150255446293742,0.13317847178058,0.112517570605765,0.0871041732839984,0.0872454244525657,0.314181591619703,0.534624261509503,0.859502382901873,1.58320039868577,1.91806995666974
"2013-07-28",0.148073978522918,0.131457936237825,0.111427050559311,0.0870736331064559,0.0886733084353882,0.316722737157094,0.536585158056898,0.860002528384063,1.57946298481561,1.91217975130426
"2013-07-29",0.146084857508895,0.128235236096258,0.106654122530801,0.0801231416539825,0.0800716874560402,0.312251600076756,0.535698449896829,0.861851185189337,1.5758287412091,1.90098432578773
"2013-07-30",0.146544676644083,0.128819557866026,0.107406840723816,0.0811530995377012,0.0814609961030394,0.313781343475556,0.536961353496498,0.862580339580534,1.57516088841304,1.89963693430028
"2013-07-31",0.147435272010161,0.129801260741544,0.108474263577931,0.0822411465340248,0.0821871254436138,0.312598669658833,0.53495339664921,0.860361659776059,1.576024011322,1.903311882946
"2013-08-01",0.146434328997598,0.129096089398495,0.108280488256274,0.0832575792286517,0.0860328479688726,0.324330419805715,0.549883028513839,0.877114946982675,1.5883375021872,1.91055011617211
"2013-08-04",0.147671690475717,0.129741732683926,0.107922997403999,0.0805786819240113,0.0780580146009601,0.302082651082511,0.522130505893729,0.846686518354788,1.56809422583243,1.90083523811737
"2013-08-05",0.150575456146138,0.132171993825646,0.109746188567266,0.0815202436387372,0.0783100742089341,0.305174965336052,0.528758499263703,0.858796493710026,1.59281885922838,1.93146124148496
"2013-08-06",0.151093349676571,0.132540595169474,0.109803591564233,0.080702505984633,0.0751078034376591,0.294236070303133,0.514231271565327,0.841689595928454,1.57845971891993,1.92161080074469
"2013-08-07",0.145873120192062,0.128334294634784,0.106952413932669,0.0800237615320883,0.0770124472427294,0.295468889370302,0.511849942566345,0.83288532685032,1.55351111460491,1.88881175183219
"2013-08-08",0.143670695502822,0.126477242384817,0.105567995028317,0.079436443709559,0.0775285902486682,0.296865345246146,0.512840414928689,0.832813728705394,1.55030711677885,1.88400351789824
"2013-08-11",0.142988275600481,0.126254598212434,0.105909431341526,0.0805124698211839,0.0788732917914288,0.294401293896598,0.506927360078747,0.822506051967075,1.53328708425739,1.86525574871236
"2013-08-12",0.140292177139322,0.123753719963753,0.103653648113586,0.0785930429776223,0.0771299407276259,0.290924448009891,0.501553652788528,0.8142475102415,1.51841908148968,1.84727866847634
"2013-08-13",0.139487489271588,0.123207771560708,0.103500893619616,0.0792398279638906,0.0793957669794302,0.29778720357002,0.511045322829874,0.826950375810076,1.53721812284292,1.86870006765334
"2013-08-14",0.143165575214247,0.125958865965369,0.10495313176786,0.0784062572323947,0.0751060258383247,0.289670542095739,0.503740909723832,0.823131293806117,1.54700094964436,1.88677292364983
"2013-08-15",0.145539661576392,0.12810844430598,0.106851696992145,0.080067454506754,0.0770727042156961,0.295180240767958,0.51178778178107,0.833986341128378,1.56059527376544,1.90013793431765
"2013-08-18",0.141285648587263,0.124271418405065,0.103631309636146,0.0780369003329025,0.0771849721142267,0.299377191045784,0.516925928282436,0.838782665069801,1.55976900530536,1.89494655809071
"2013-08-19",0.140550628564992,0.124264465474862,0.104461746799101,0.079764836058915,0.078474262746056,0.292583108296146,0.504992627669031,0.822661616607039,1.54786631380789,1.89092365020999
"2013-08-20",0.139733556309912,0.12371925796714,0.104224756317783,0.0798403091192862,0.0783012379203051,0.289040015354236,0.499344456373868,0.815321013753747,1.54249294037991,1.88906043918759
"2013-08-21",0.142269381314417,0.126152998640419,0.106634647383955,0.0825893493032316,0.0827866286460492,0.301113437698306,0.515387424355361,0.834399254715984,1.55828435645186,1.89903940716019
"2013-08-22",0.143001070444666,0.126883727661001,0.107452746960513,0.0838442703402077,0.085607082760878,0.309823039062329,0.526923824467026,0.847843551051859,1.56827141100526,1.90427415115795
"2013-08-25",0.138900107634044,0.123206023559666,0.104325045638744,0.0815521965122034,0.0841896548070249,0.308062047402429,0.524384937823086,0.844591547343484,1.56611796893372,1.90395549580272
"2013-08-26",0.141003455492176,0.124976811660716,0.1055668860653,0.0816541505027027,0.0818451272510281,0.298930231577083,0.51199158491155,0.829200271140659,1.54899748456503,1.88782898723747
"2013-08-27",0.140757779878509,0.12458752373891,0.104866898200007,0.0800474970609616,0.0776454914649435,0.285264664586686,0.492964820975751,0.80464238569181,1.5193271916168,1.85861838763988
"2013-08-28",0.141642689305617,0.125257360910514,0.105200057312998,0.0796648634380353,0.0757146409930717,0.278481494005751,0.48320734861699,0.791111455106329,1.49830100417349,1.8342691140598
"2013-08-29",0.15296413122663,0.134939258231941,0.112680676543767,0.0835660901412445,0.0750661027747335,0.275640090102233,0.482581174400454,0.794409976847327,1.50821740747681,1.84548053788194
"2013-09-01",0.145103998182662,0.127510173060468,0.105965650593444,0.0784684592114145,0.0736317563446952,0.284748245610092,0.496643662297852,0.812638627194965,1.52657724250788,1.86045988547704
"2013-09-02",0.143702363725724,0.126374460898802,0.105201719835169,0.0783691977842691,0.0746588399131888,0.288804855039687,0.502939537512969,0.822600188004124,1.54736962541377,1.88762111311099
"2013-09-03",0.144380051028842,0.126495145298508,0.104709454435264,0.0773321917986593,0.0745030428764967,0.297438191127283,0.517377422411199,0.84274660278973,1.56954107415604,1.90623430751802
"2013-09-04",0.146691815379772,0.128928349064065,0.107294125813166,0.080121066451557,0.0773827089184359,0.299158469489723,0.517867172587787,0.841384839311061,1.56399313395779,1.8987372869942
"2013-09-05",0.144600733925649,0.127065061145616,0.10585080522566,0.0797439014235016,0.0797014730936456,0.309997462310401,0.532872002121768,0.859941696086445,1.58281564696437,1.91488394375035
"2013-09-08",0.147267557338658,0.129834222296308,0.108486093441116,0.0812593561610556,0.0766977991928398,0.288988356865497,0.502863100173401,0.823325198929722,1.55390784075855,1.89850113235491
"2013-09-09",0.145218645061732,0.128046287045755,0.107012870398115,0.080168491591537,0.075576211951379,0.284193691129636,0.494495391556824,0.809649719757007,1.52820788364606,1.86714483448051
"2013-09-10",0.142023493954146,0.125075962345967,0.104324781592205,0.077883971462429,0.0736823591114406,0.282824684451089,0.494136637348484,0.812000303808297,1.5421555267799,1.88905246044866
"2013-09-11",0.142476538426966,0.125609604297879,0.104880909727551,0.0781892803815347,0.0726684130000348,0.27589807176314,0.483996404057928,0.799196514981379,1.53086469811129,1.88169246773719
"2013-09-12",0.142747523017462,0.126401362414086,0.106390731970273,0.0809283387994462,0.0771736207261754,0.282179444044777,0.489950716034632,0.803876788553518,1.53127096481764,1.87977876867408
"2013-09-15",0.176028742218749,0.155137909367207,0.12900689369037,0.093514863480571,0.0766391934286842,0.2719275874703,0.482212467616151,0.800906582036306,1.5292789599196,1.87155581563796
"2013-09-16",0.134204833925805,0.118787301324232,0.0999931385936417,0.0764074774038379,0.0746885511359197,0.278890483319954,0.484442443570307,0.795578320434214,1.52121458430951,1.87144017347868
"2013-09-17",0.131650376488973,0.116824115696477,0.0987867111588538,0.0763083109499668,0.0755758967279451,0.278173725900357,0.481889180272767,0.791196606391784,1.51786287522995,1.87127177794466
"2013-09-18",0.131478321007054,0.11639100590176,0.0978622024312635,0.0740992825999037,0.0699557951161595,0.260313763946792,0.456780094182211,0.75799213822742,1.47429997764053,1.82608579413617
"2013-09-19",0.115602004364508,0.102316426006432,0.0863298133501313,0.067111920026687,0.0701667020950536,0.271334630586039,0.469503383929695,0.76932356587448,1.47358546390201,1.81683144815916
"2013-09-22",0.150197965791363,0.131917297973079,0.109213165557046,0.0790232318667096,0.0678766688649834,0.259594180755438,0.461457756109133,0.767653037449063,1.47385587353629,1.80938004201102
"2013-09-23",0.116135414004549,0.101827204870774,0.0844148649952517,0.0626949130582907,0.0618814482379413,0.256857353142144,0.453039497756708,0.750958251319571,1.45095472709736,1.79141121727866
"2013-09-24",0.102825113547771,0.0897782176076523,0.0741041079770538,0.0553557662098918,0.0587915855926671,0.257845376184085,0.452997918875455,0.747414532966111,1.43580695728481,1.76990340617773
"2013-09-25",0.104981584212857,0.0919031983746374,0.0762694561158372,0.0578672618635761,0.0627423410344622,0.26806121236655,0.466859649837533,0.764831533442009,1.4547083546964,1.78661665210652
"2013-09-26",0.0978210617219475,0.0852258572193954,0.0701821383324583,0.052546322248024,0.0577503713542197,0.260238726072947,0.457135968603513,0.75403466912026,1.44967697707912,1.78834495857357
"2013-09-29",0.0975656654801942,0.0856722537668151,0.0715704175825214,0.0554634551881679,0.0625918524685568,0.265791816245454,0.461500030267275,0.756334137543764,1.44834050722222,1.7862355899825
"2013-09-30",0.0974773959297033,0.0861733687035591,0.0727482885575513,0.0573504041023781,0.0639705734879925,0.258905292683057,0.448504440549327,0.736657984266872,1.42407208234321,1.76512194585538
"2013-10-01",0.0999247887524352,0.0879788888486363,0.073655875239848,0.0566638390142301,0.0607018207919046,0.250158389383468,0.436595240557313,0.719938431781005,1.39265202242775,1.72425075251316
"2013-10-02",0.10368379415155,0.0904341210972942,0.0743464805897575,0.054430271821818,0.0545088799583097,0.2399927470349,0.426018986369342,0.708751126968428,1.37513371350769,1.70040265902181
"2013-10-03",0.110837356882836,0.0966544676669083,0.0793649497320607,0.0576659577697303,0.0560764695697469,0.243884180674389,0.432943751519296,0.719119565631622,1.38655011684795,1.70868431210759
"2013-10-06",0.115216010698066,0.100559941089377,0.0825649602702242,0.0594886189801018,0.0553813333440876,0.238431217346441,0.426636165411308,0.713960209126556,1.39170844407286,1.72190537577034
"2013-10-07",0.112871764697285,0.0983787548321923,0.0806378906127513,0.0580985861924439,0.05514488128182,0.241797796045343,0.432222125375299,0.722385465098423,1.40588040632903,1.738676179608
"2013-10-08",0.1149495535009,0.100517535835434,0.0828866584194201,0.0606108682714607,0.0582214799014552,0.245415506625915,0.434817777334913,0.721870935065721,1.39196431595326,1.71551271992733
"2013-10-09",0.113224954646257,0.0986880586492396,0.0809655196258326,0.058701469233053,0.0568592942441839,0.246726973653746,0.437221946076828,0.724335856049343,1.38840204518267,1.70632077336193
"2013-10-10",0.116054391654294,0.101038782599775,0.0826637669264177,0.0593091669344759,0.0559987019872561,0.245016801066786,0.436405587958562,0.725513352664695,1.39529004035244,1.71616933746816
"2013-10-13",0.144442742083125,0.125473781295567,0.101826451424577,0.0700122144988101,0.056305545825361,0.241671166357342,0.438610391156477,0.736192483685747,1.41488853912593,1.73354364245896
"2013-10-14",0.116407499551261,0.101248964530811,0.0827104687887852,0.0591928510399799,0.0560843785490246,0.248079771518384,0.442182642420844,0.735279951418338,1.41411223014015,1.73929140401453
"2013-10-15",0.116331088215851,0.101524462931422,0.0833186724203198,0.0598703277717555,0.0551874526670478,0.237402515504935,0.425464150687488,0.712833692291163,1.39114697219303,1.72171593422033
"2013-10-16",0.114330868815848,0.0999441198094882,0.0822601673771914,0.0595199058105584,0.0552491063423428,0.235133550187552,0.421221246106254,0.706681720738965,1.385811930207,1.7193996095269
"2013-10-17",0.117727791408597,0.102854445050975,0.0844582512076864,0.0603549630017565,0.0535883893470822,0.227536595326163,0.410681751056764,0.692816094881982,1.36611217155202,1.69727914963233
"2013-10-20",0.119875576623142,0.104678228339738,0.0858643120661516,0.061140443722601,0.0537934698519156,0.228603650692898,0.412890182471865,0.69639387980177,1.37058317848731,1.70094290703761
"2013-10-21",0.1192988786635,0.104123683118842,0.0853221101300957,0.0605558333887192,0.0529092387709484,0.225881500726835,0.408685762495091,0.69007417687695,1.35951902276986,1.68761448421775
"2013-10-22",0.117940217301053,0.103368246627209,0.0853098488168371,0.0615197740681743,0.0542485449518839,0.222068132244782,0.400071865591472,0.675220231616371,1.33512588428313,1.66113926739161
"2013-10-23",0.115894394632243,0.101400889445828,0.0834822497311208,0.060041637782688,0.0536866901094493,0.225096077111997,0.405602038033677,0.684142884222954,1.3513529935151,1.68079648808086
"2013-10-24",0.120102597693178,0.105302916375435,0.0869518548526763,0.0627422736836955,0.0552202236651685,0.225640314520064,0.406983934394776,0.687967965152861,1.36473246099206,1.70044197075804
"2013-10-27",0.122070790650471,0.107067089101764,0.0884371216662768,0.0637587578836055,0.0555974794267279,0.225617693778721,0.407339057495729,0.689201462670703,1.36859715720658,1.70572318826562
"2013-10-28",0.123237281039878,0.107853220973022,0.0886788978333824,0.0630063183211165,0.0532283626689216,0.221003431521909,0.402848749814887,0.686284719576424,1.37361044732799,1.71633465177723
"2013-10-29",0.120993566627671,0.10561922199934,0.0864126851769652,0.0605319683502233,0.0499205038553112,0.213937832167283,0.393409634904675,0.674215468356234,1.35874330719859,1.70161896289605
"2013-10-30",0.121891528126623,0.10675484857025,0.0878324034711739,0.0622976713264154,0.0517332513740361,0.213905440833118,0.392240425770067,0.672480745099543,1.36114527997714,1.70885033934832
"2013-10-31",0.120371123567719,0.105202761486742,0.086236329863302,0.060631535070535,0.0500270017275625,0.213083269348871,0.392760463496306,0.675687589762691,1.37366978099113,1.72746174174916
"2013-11-03",0.153934607120305,0.134236903859859,0.109141008306835,0.0734067902119283,0.0493501250215677,0.202550864704723,0.385803979217025,0.676114475431926,1.38288325182513,1.73349326817722
"2013-11-04",0.120028320164829,0.10472399283735,0.0856024835985114,0.0598397845416122,0.0493765435965473,0.21447403003908,0.395663519205671,0.680258912681647,1.37939241559117,1.73233183711408
"2013-11-05",0.119594992014615,0.104727208445085,0.0862303640382729,0.0616095293703812,0.0530147969185646,0.220879435501779,0.402171106554547,0.685421106346335,1.37688809626164,1.72422950311794
"2013-11-06",0.116495995711101,0.101949301072317,0.0838301360765409,0.059639732784835,0.0509229395829994,0.21483119730245,0.393024772976735,0.672740286342929,1.36122776578063,1.70985865105729
"2013-11-07",0.112352696674317,0.0984262726244436,0.0811509326897176,0.0583637172658603,0.0514984708945294,0.21609112738564,0.39267511893156,0.669001885355455,1.34759575213055,1.6908718116538
"2013-11-10",0.109298740018989,0.0957560078427475,0.0790117136645468,0.0571398062958154,0.0516082685238924,0.217600998715283,0.393951577091289,0.669268903708721,1.34422010665711,1.68539431459187
"2013-11-11",0.109885687740645,0.0961549942768039,0.079188705474225,0.0570614608827241,0.051598418713631,0.220029096649796,0.398404106411694,0.676241732056891,1.35459785740706,1.69612772453887
"2013-11-12",0.113082624002993,0.0988884537560712,0.0813129516065161,0.058242035915784,0.0517635998832233,0.220942105684209,0.400951062094915,0.681210605270483,1.36361802603561,1.7060221818481
"2013-11-13",0.109183696182397,0.0952171212548386,0.077914385462137,0.055178428292469,0.0487590155801243,0.216240589343498,0.395217943607177,0.675027889531638,1.36170221107028,1.70896044946501
"2013-11-14",0.118058795344479,0.103084782789848,0.0845421063935435,0.060175212289049,0.053071611283797,0.228102139955597,0.413591180970055,0.700720869887958,1.39179932967456,1.73450389772565
"2013-11-17",0.117145231066297,0.102058462542467,0.0833858460527935,0.0588789491367864,0.0518407281528623,0.22809868187966,0.414323773496446,0.701914787804478,1.39119777849283,1.73162475593812
"2013-11-18",0.116846103045211,0.101857957930053,0.0832432762932995,0.0585828940384819,0.0505028950633304,0.2220747660035,0.406090524971419,0.69267142953287,1.3889176806346,1.73714925050386
"2013-11-19",0.116455877788554,0.101597483296084,0.0831276759922177,0.0586024681268205,0.050331486166611,0.219734232797028,0.402189034713242,0.687074494287367,1.38220965629574,1.73132245303813
"2013-11-20",0.116406188524768,0.101564414379282,0.083151642119588,0.0588369782058918,0.0512525120666421,0.223296371291001,0.407180213812533,0.693322270810345,1.38808772565369,1.73548808547356
"2013-11-21",0.118815821630963,0.103585582830731,0.0846673438230572,0.0595868298082913,0.051237682586294,0.224182231110426,0.409506567537629,0.69760036035108,1.39487370524329,1.74226619424682
"2013-11-24",0.112693894584047,0.098092107378527,0.0800514365529607,0.0565176083055074,0.0505956281110878,0.227794833195305,0.414859694324397,0.705096889509931,1.40828572444111,1.75956576250557
"2013-11-25",0.111913796610445,0.0972318284301899,0.0790191306673514,0.0549822576366126,0.047593086356464,0.219031621618927,0.402465041164062,0.68843408422829,1.38542002482761,1.73528802623455
"2013-11-26",0.110132263171854,0.0957056020628046,0.0777849099140612,0.0540434632058652,0.0463437024128064,0.2131693299313,0.392687163108565,0.673368491368616,1.36058439280646,1.70699998829808
"2013-11-27",0.106458350798754,0.0919729046388518,0.0740014375453496,0.0502730011329658,0.0429298536329921,0.211800505831167,0.39256637305824,0.674406234034347,1.36138090694805,1.70623511623627
"2013-11-28",0.109809780512772,0.0945772837906883,0.0756075440052936,0.0502762409781976,0.0409965098863014,0.209860420796154,0.392607657126656,0.677811325020847,1.37177445099639,1.71909630452612
"2013-12-01",0.10702571515473,0.0918887613850009,0.0730476854419119,0.0479322996312909,0.0389879431204286,0.20888953237191,0.392684626825278,0.679956793078397,1.38144031766706,1.733856697304
"2013-12-02",0.107394053545719,0.0919632544613872,0.0728166961708945,0.0475073575771712,0.0393973952072034,0.21571349298112,0.403731728571972,0.695203981763106,1.39748709378798,1.74591065805114
"2013-12-03",0.10521178287521,0.0903155761898106,0.0718683169003936,0.0476299811178971,0.040623282729159,0.215738521921843,0.401612181307022,0.689912818051817,1.38654364133983,1.73336787174924
"2013-12-04",0.105367213109484,0.0904810880857647,0.0720675734023721,0.0479495738922172,0.0413075389260645,0.217466195454077,0.403530367962241,0.691323046719389,1.3835969816011,1.72680791191902
"2013-12-05",0.111826925946131,0.0958605823986083,0.0761908496375999,0.0506845169983499,0.044577174547539,0.233325820596693,0.428242004354301,0.724603233210958,1.41628223530969,1.74947551730056
"2013-12-08",0.113030181491435,0.0969551944309343,0.0770824443805792,0.0510513087036915,0.0435783024408964,0.227696336931405,0.420097911120874,0.713967000431483,1.40387045576505,1.73779886691595
"2013-12-09",0.110945947358826,0.0949938623091803,0.0753144010781895,0.0496970978102909,0.0431288242037031,0.230135031825666,0.42433552595119,0.7205137312586,1.41509090434281,1.75112619717156
"2013-12-10",0.110916893201129,0.0952625789431123,0.075861421123104,0.0503039054560926,0.0425461186682659,0.223827123809654,0.416429879973325,0.714750745132937,1.43308065962815,1.78936743723869
"2013-12-11",0.113137482518524,0.0976309901683398,0.0784003039422233,0.0530248343941977,0.0451591319082874,0.224506554027748,0.415719095635869,0.712611958377425,1.43055566970453,1.78811056747725
"2013-12-12",0.108606492650903,0.0939322516198508,0.0759741000466173,0.0531914697987117,0.050466716857321,0.242285775878097,0.438500537106819,0.738671949524853,1.45135807658547,1.80111960968908
"2013-12-15",0.108527837950986,0.0938395074569621,0.0758427031711528,0.0529340447808297,0.049850048077698,0.2407580000986,0.436932996101117,0.737868927256279,1.45559592658052,1.80931081257796
"2013-12-16",0.111670272074493,0.0969181270792293,0.0787170611060186,0.0550731624244981,0.0496155498837761,0.231347351597007,0.422438136084412,0.718639628347864,1.43577588203802,1.79391321752358
"2013-12-17",0.113126422624122,0.0978174155409399,0.0789405974190104,0.0544269127342422,0.0485760191155894,0.232577975498108,0.424280490459312,0.718368575957916,1.41630056503097,1.75799194870322
"2013-12-18",0.117362159955885,0.101686376389145,0.0824317122898049,0.0576861111739225,0.0528590586116117,0.244085238331804,0.439943827136232,0.737153051860972,1.42981783981865,1.76328060152408
"2013-12-19",0.116023882985437,0.099768223456296,0.0798208549713726,0.0542347486245476,0.0493211816041076,0.24548910726089,0.444831722093863,0.745104699746903,1.4355459028359,1.76371530149998
"2013-12-22",0.146371276596368,0.125990826042096,0.10047275078542,0.0657055328385511,0.0486052929902493,0.234954531501411,0.436179490698531,0.740716765886242,1.43405757627793,1.75857441208674
"2013-12-23",0.116520507362928,0.100605951961834,0.0810489970481655,0.0558712870045869,0.050688921519469,0.242578438624824,0.43902896018697,0.736573429150955,1.42723580923122,1.75839715545894
"2013-12-24",0.11685832411973,0.10082458698702,0.081181247210289,0.0561088440782755,0.0519086834929028,0.248643970399041,0.447710538717544,0.747259714646193,1.43552183479611,1.76255116839017
"2013-12-25",0.119185783402872,0.103007442857914,0.0832479828345712,0.0582498911441849,0.0550711093566145,0.257351692502338,0.459784535408416,0.762613204188357,1.45218548785024,1.77727321926577
"2013-12-26",0.114567613390472,0.0989465400053928,0.0799354102794098,0.0561583867872897,0.0545721276436626,0.258190898019168,0.460612750194826,0.763499098414121,1.45521493533932,1.78248269351163
"2013-12-29",0.110877272261421,0.0956465048407575,0.0772930486907868,0.0550377888955162,0.0569907774043943,0.271228314234852,0.47890170724874,0.786551797103151,1.48019416808212,1.80505768074841
"2013-12-30",0.134696032981023,0.116103560319064,0.0933796755921825,0.064482367976197,0.0595134534520868,0.277259351743218,0.492319180357007,0.808205039638245,1.50283723537497,1.81977582666436
"2013-12-31",0.138364739667745,0.118920471492306,0.0951625882634289,0.0649406964346072,0.059462635560134,0.282379017310754,0.501039566281817,0.819704445263429,1.51050878338042,1.82167360962182
"2014-01-01",0.144747192003817,0.124171696079019,0.0989247212521788,0.0663702283221325,0.0581669050928889,0.280191632059974,0.499783483467138,0.819194508279514,1.50702173158126,1.81471443141933
"2014-01-02",0.149502933476326,0.128359264853555,0.102254771165558,0.0679886972074383,0.0565041175752996,0.271018296051401,0.487706769469932,0.805079180740952,1.49378859987595,1.80352403617006
"2014-01-05",0.119518051515928,0.102913271750325,0.082668168721808,0.0571736415335763,0.054398586655919,0.262551999923258,0.469178308702459,0.776495512770319,1.46948808782798,1.79331073081681
"2014-01-06",0.114884801589572,0.099144523856822,0.0798683576635899,0.0553121455878846,0.0515484928468701,0.248208358371967,0.44771243040147,0.749217563448275,1.44795024627825,1.78275029194634
"2014-01-07",0.109323702053084,0.0941017872840961,0.0756307599617768,0.0527428461224814,0.0523032276529302,0.256263552485411,0.457682769935062,0.758575438524012,1.44491309237155,1.76946934559774
"2014-01-08",0.11066261453866,0.0954529117387588,0.0769269422962212,0.0537109947706742,0.0520263983991748,0.251055455719283,0.449946298230815,0.748874903437234,1.43698369918858,1.76496871445007
"2014-01-09",0.109792705896879,0.0944979526909,0.0758522009586859,0.0524224582535018,0.0503979906271301,0.248876676685271,0.447623114735056,0.746484582730335,1.43469210484898,1.76277606320519
"2014-01-12",0.145274271875131,0.124783545394918,0.0990938599985311,0.0639650555432576,0.0460934685900349,0.230082065372908,0.429889675872885,0.732655367972431,1.42255879252207,1.745581997006
"2014-01-13",0.113572449756667,0.0974704124556327,0.0775885241100275,0.0516318220241906,0.0445516482171076,0.230247246700519,0.423283597194508,0.717247336122865,1.40411328197478,1.73514981839487
"2014-01-14",0.114743200483811,0.0987077441681532,0.0789256069351658,0.0531673138830513,0.046475484650582,0.233219070052892,0.42683605575276,0.721501088239329,1.40969547171449,1.74130819035633
"2014-01-15",0.115399203320752,0.0994806795629545,0.0798529377333075,0.0543431207916079,0.0480001235102858,0.235684616465966,0.430292314622205,0.726983997098017,1.42258177671012,1.75907264812774
"2014-01-16",0.1142147921624,0.0981222242062033,0.0782776586065347,0.052477372842881,0.0460194160769865,0.235524788439772,0.432084264640361,0.731774656812635,1.43444239415193,1.77436151886305
"2014-01-19",0.113224810719292,0.0974909446214559,0.0780716238789577,0.052773111909901,0.0462880780132582,0.23223311778456,0.42619723248378,0.723342004597896,1.4260368754448,1.76876420374917
"2014-01-20",0.11092597386206,0.09566533696671,0.0769577359193198,0.0530760453115448,0.0493193213429496,0.241799619520179,0.438564764100705,0.738033687240731,1.44105567086123,1.78209264283734
"2014-01-21",0.113030688518519,0.097448735858368,0.0783169116371526,0.0537668289494287,0.049216642294785,0.241339590677889,0.438231697357804,0.737565958083122,1.43792490470865,1.7764204677906
"2014-01-22",0.111482711012796,0.096646531009947,0.0783283078698042,0.0544588086693674,0.0484502093944651,0.226456330063266,0.41318939879813,0.701075413654751,1.39020794177158,1.73037648756682
"2014-01-23",0.112114862346853,0.0976427564987919,0.0797691336626612,0.0564597590307022,0.0504970758780959,0.223614851623102,0.405364964308433,0.685622165831499,1.35658678942252,1.68780746805263
"2014-01-26",0.107685157224852,0.0935450025343824,0.0761222001322316,0.0535668479336115,0.0486617045279866,0.223200496520557,0.405504479266527,0.686727865891059,1.36187214275451,1.69630367970567
"2014-01-27",0.105454670977543,0.0912566122253584,0.0737617017576283,0.0511166892779613,0.046253464184046,0.222498493229747,0.406884354539691,0.691889361982952,1.37880760834388,1.72041600899843
"2014-01-28",0.105898761679124,0.0923799780969685,0.0757227070266227,0.0541891070612586,0.0498602464673517,0.221744885600684,0.402610918159026,0.684323987371872,1.37377083677601,1.72200822159923
"2014-01-29",0.105798201901812,0.0919726282742991,0.074964459769588,0.0530582020032829,0.048896714342508,0.223471461804189,0.405304963647609,0.686064519359352,1.3622169043109,1.69835509013588
"2014-01-30",0.105882522846527,0.0919480264786455,0.0747683624260869,0.0525005934912757,0.0476062316017005,0.220609508736745,0.402151126689085,0.683412412187107,1.36412966813414,1.7040252069443
"2014-02-02",0.102388110591737,0.0891035145346847,0.0727318227193073,0.051555717119842,0.0472399982880486,0.215826364426139,0.393308953124646,0.669785032732347,1.34647507799722,1.68828242218241
"2014-02-03",0.101888876276308,0.0885437354551576,0.0721413139223008,0.051079286712331,0.0474402731139705,0.218530175386229,0.396583491410186,0.671886908805053,1.33719645064074,1.66918187596421
"2014-02-04",0.100396315975586,0.0873551953147166,0.0713654392156546,0.0509802684034248,0.048158803954956,0.218506906051531,0.394416593591709,0.665459428210655,1.31719715188392,1.64097679696514
"2014-02-05",0.094560812718907,0.0819442610723283,0.06659619666513,0.0474994590206185,0.0472006283432588,0.223866390951617,0.402686133299338,0.676413774507725,1.32981494558061,1.65266431385871
"2014-02-06",0.0981673419668836,0.0845601605729813,0.067857991634732,0.0464922997286129,0.0431686049083961,0.218957270082411,0.400991096247945,0.681661261554222,1.35688925029216,1.69241319122648
"2014-02-09",0.09447004480476,0.0807514048191787,0.0638341753166207,0.0419045894591758,0.0371553945316552,0.209107651968442,0.390183705821569,0.671843669756112,1.35883878875431,1.7045642953945
"2014-02-10",0.127394800239211,0.109208334022232,0.086251603705415,0.0543638364444622,0.036469152083288,0.199226346070333,0.384160893263034,0.673501867255798,1.36995630995202,1.71300265769697
"2014-02-11",0.0958551949812268,0.0817797741129017,0.0644067396659937,0.0418178882547947,0.0365426680906038,0.210240406731586,0.393355078345347,0.677818961632859,1.36933411699526,1.716059454516
"2014-02-12",0.0957152327054148,0.0817314134496865,0.0644569996833794,0.0419398460518922,0.0363995955649038,0.207420745867061,0.388142210933878,0.66904857088415,1.35220308625828,1.69479981224065
"2014-02-13",0.0933137998246407,0.0794205024566026,0.0622476347653307,0.0398226508277547,0.0341052319203787,0.202919008855901,0.381615579870126,0.659489327477202,1.33547446386985,1.67452117982698
"2014-02-16",0.0925843047596669,0.0782218030634184,0.0604920490922431,0.0374102209321581,0.0317466296945123,0.205532377990526,0.388003147161415,0.669838185454822,1.34707705704109,1.68268177673123
"2014-02-17",0.0939991233193129,0.080561275891678,0.064019797240252,0.0426929070770198,0.0386529317359563,0.210252927771318,0.390089269784279,0.669493976245183,1.35039839648452,1.69292782755407
"2014-02-18",0.0983371290062652,0.0844727173780958,0.0673364341387287,0.0449749447982809,0.0394312138199761,0.2099848209135,0.391006596904567,0.673551240892539,1.36610221043962,1.71614635761926
"2014-02-19",0.101354015005356,0.0868733319118216,0.0688568797790429,0.0448831834084845,0.0366316717457164,0.202003617168865,0.381111356987435,0.662013841020341,1.35297626061469,1.70276114435104
"2014-02-20",0.103109641058535,0.0880741174983987,0.0693268594307187,0.044216993612343,0.0347345186713762,0.201056781235923,0.382275919253266,0.666443253183687,1.36367702324601,1.71547044312154
"2014-02-23",0.0979128302678351,0.0838415278683674,0.066383827096413,0.0433523176451305,0.0364375040870267,0.203529208583707,0.383140836832826,0.664805931357908,1.35939609472631,1.71225352863513
"2014-02-24",0.0959722541070661,0.0824585153056546,0.0657020122888164,0.0436438586326665,0.0373333431799441,0.200698255054329,0.376469267777129,0.653007845091164,1.33981245231914,1.69134361812828
"2014-02-25",0.0975191761795268,0.0837631404091336,0.0666771503966779,0.0440717219663159,0.0370423979605459,0.200177282422521,0.376618361276422,0.654555866233248,1.34546771956211,1.69924473104944
"2014-02-26",0.0960538184033739,0.0825858125761028,0.0658497667839689,0.0436927811813886,0.0368348378684248,0.198338224978655,0.373920241054907,0.652036526322386,1.35090638031902,1.71275560997005
"2014-02-27",0.0918910422740925,0.0783114097110962,0.061438494349215,0.0391025444615387,0.0321679797024307,0.194388853079153,0.370488669452854,0.648956745446905,1.34638588239641,1.70624815085325
"2014-03-02",0.0957814349419586,0.0821850428221026,0.0652564905843083,0.0427109391112259,0.0350403649079084,0.193652970497774,0.366966403429755,0.641453316851929,1.32969847810265,1.6850024171221
"2014-03-03",0.0893916846760941,0.0763391686075988,0.0602892519350733,0.0396697370556666,0.0361724989257382,0.205666761418143,0.383055810922588,0.658989248410927,1.33363083573477,1.67424251791209
"2014-03-04",0.0950796835568257,0.0812217273407289,0.0641188544733364,0.041888120081353,0.0367306559276904,0.207932021719156,0.388363088483589,0.668638653010651,1.34993743233558,1.69153260511151
"2014-03-05",0.0805862241853435,0.0681846365974634,0.0530604960020599,0.0341299107624407,0.033486355762802,0.209073801649045,0.389527713932978,0.669426059535246,1.3540505653098,1.70058811438115
"2014-03-06",0.0774442408891644,0.0654619620589449,0.0508892439655513,0.0328246787470563,0.0332332142855024,0.209975369059097,0.391371973341695,0.673876402617598,1.37179592496918,1.72894329429706
"2014-03-09",0.0756285111465659,0.0640594562846612,0.0500424104245792,0.0328838532878525,0.0344503963457568,0.211784308331171,0.39267359831522,0.674348858985437,1.37172494250509,1.72970570383545
"2014-03-10",0.0794735785183618,0.0676440745736744,0.0532643887736923,0.0354733671740283,0.0360913848602499,0.212267020656234,0.393166412494433,0.675334067169428,1.37482556603335,1.73410015075934
"2014-03-11",0.0691162881715917,0.0587035772430873,0.046221159324478,0.0315006820681319,0.0359902062783292,0.214293384168873,0.394087158166679,0.675113719307305,1.3805078389451,1.74866947266469
"2014-03-12",0.0752131065286831,0.0643967115081266,0.0514142041900199,0.0360282040567423,0.0402325764169092,0.221954205833281,0.405007612147699,0.690277664040939,1.4015683710269,1.77012806292708
"2014-03-13",0.077960866544754,0.0663029393365182,0.0521501076549339,0.0347228987732099,0.0358332929909493,0.213137928652453,0.395237458062652,0.680059265503644,1.39064109191143,1.75815244517686
"2014-03-16",0.0795269256766655,0.0678562111352215,0.0537076226339306,0.036359393735169,0.0378221229480057,0.216607895133036,0.399443141865092,0.684700506596752,1.39342836845346,1.75851774936442
"2014-03-17",0.0787319308389296,0.067036237561122,0.0528183370258266,0.0352393254012632,0.0360123793554358,0.212648808617845,0.394830822927491,0.680487971782126,1.3960869030019,1.76767001725447
"2014-03-18",0.076821774443869,0.0644136938342449,0.0492902559531564,0.0304119667558815,0.030149036392386,0.209587146797249,0.39460830179839,0.683096918463587,1.39643396942409,1.76161692237939
"2014-03-19",0.0735386243245297,0.0623252613340458,0.0487256881621528,0.0320440652181824,0.0335147889332121,0.207235328878841,0.38582977170734,0.666014975347383,1.36975257709953,1.73638734502665
"2014-03-20",0.112755284537077,0.0971504150287339,0.0775449703966011,0.0507297375862362,0.0380337337631219,0.197840740696881,0.377623798626568,0.662981057195022,1.37459828497817,1.73868816941956
"2014-03-23",0.0794213922702192,0.0679723732309719,0.0540356754299709,0.036739731141216,0.0372232999419002,0.209753811239523,0.388713167848825,0.67049872328833,1.3817904628912,1.75398593283688
"2014-03-24",0.0904472088560762,0.0774758324519268,0.0615100667296224,0.0409661526554079,0.0375054729181939,0.209021090299764,0.390294561463175,0.675095833031789,1.38496467960069,1.75046094231261
"2014-03-25",0.0886663847429292,0.0757209977062599,0.0598587048358095,0.0397182838817776,0.037623791783477,0.214724243137602,0.399288811139076,0.687413650507304,1.39886532202184,1.76207499612592
"2014-03-26",0.0702693998894473,0.059790482009594,0.0472755268510605,0.032696687979469,0.0380797666813808,0.221025533388351,0.403836229168773,0.688122215696535,1.39579867809596,1.76221098929764
"2014-03-27",0.0787983841471327,0.0680179857681756,0.0550718588179216,0.0397013372181157,0.0437486572979877,0.224112594003034,0.405959540434305,0.6894156135295,1.3963101101743,1.76262187319096
"2014-03-30",0.0811980806910403,0.0698689678096509,0.0562344008427099,0.0399115512811591,0.0433631431285597,0.227058179729908,0.412113545023642,0.699347011085023,1.40873710777346,1.77247968834953
"2014-03-31",0.089956659112998,0.0778698298550231,0.0631120717683658,0.0445927331190567,0.0438602410115155,0.21672739559455,0.395929958622719,0.676126590356659,1.37200040256366,1.72971073573117
"2014-04-01",0.0887596838873544,0.0765475489216227,0.0617508404498807,0.0436062206248727,0.0449018804803233,0.227168085550882,0.411620311784516,0.696142152071593,1.38742295163957,1.73546037026125
"2014-04-02",0.0977114045348774,0.0842078601530821,0.0676764223051853,0.0467131893896143,0.0444660780129262,0.225639548938679,0.412607730405559,0.701551603717514,1.40125513168205,1.75149011580095
"2014-04-03",0.0996626378669636,0.0858279447605676,0.0688557357976812,0.0471874462933086,0.0440757848541401,0.22484830853334,0.412074546024432,0.701220321698221,1.3993723174186,1.74761205064413
"2014-04-06",0.10323879291772,0.0893538988732595,0.0721250930611187,0.0493979670238909,0.0426621597829139,0.209199614085571,0.388765827672611,0.671418765734743,1.37367215913095,1.73317031230754
"2014-04-07",0.100346305956646,0.0863594310801039,0.0690432907911834,0.0463481683996265,0.0403108476813049,0.211360787557468,0.394304401200131,0.681285418748462,1.39082007106633,1.75247200467552
"2014-04-08",0.101200162661616,0.0872960168377795,0.0700556311893743,0.0473670884356362,0.0409464337404088,0.210006956364296,0.392139220754252,0.679200261006505,1.39474655303532,1.76238100939067
"2014-04-09",0.0928800711915071,0.0803440406077366,0.0649032273586914,0.0450123463446903,0.0416812895665253,0.209661526634963,0.388473297223245,0.671471615401941,1.38701021216181,1.76091569192364
"2014-04-10",0.0963428179046708,0.0833795876654034,0.0673724720422122,0.0465831005155293,0.0421719758095728,0.209667974628238,0.388674191978156,0.671455561677504,1.3822519097208,1.75111736794074
"2014-04-13",0.103214390784693,0.0901850359982158,0.0740708660827635,0.0530425248056393,0.0480769856583589,0.213632919660462,0.391339877411539,0.672366937936433,1.37931345214435,1.74631124771378
"2014-04-14",0.10607406320752,0.0925718255906191,0.0757755084602844,0.053480124686422,0.0463594423221129,0.208106238689329,0.384974366770334,0.666326017749518,1.37880580901676,1.75057499348494
"2014-04-15",0.101497168118422,0.0884727916060763,0.0723627646239614,0.0513319194455842,0.0463261067180372,0.21159723711656,0.389060897645498,0.669727139751396,1.37581087068586,1.74237120005253
"2014-04-16",0.0978624691507896,0.0855407442934726,0.0703986099198113,0.0510243983035547,0.0484180427323092,0.216505565252076,0.39415769537707,0.67443101506098,1.37981575962693,1.74686589481086
"2014-04-17",0.103159621819083,0.089921609937074,0.0734648728277406,0.0516679864538085,0.044976012063131,0.205626086376961,0.381148598237433,0.660702372278741,1.37087582197221,1.74276527809033
"2014-04-20",0.101214654231652,0.0885443685369662,0.0728901444426446,0.052534650443169,0.0481597482797487,0.212623517975932,0.389125562176368,0.669027728190646,1.37780002529643,1.74841988683446
"2014-04-21",0.105085537654947,0.091697830921636,0.0750652648806839,0.0530703815993849,0.0464561231650984,0.209178354775909,0.386408331700471,0.668069074589996,1.38083140886265,1.75263148120463
"2014-04-22",0.102251889129865,0.0890131149761811,0.0726257602514448,0.051185215731578,0.0458428776315258,0.212499521542104,0.39182749644822,0.675586597454778,1.38972188498994,1.76052505742245
"2014-04-23",0.100720248754494,0.0876667113048038,0.0716256143897458,0.0510750924622242,0.0479980559903901,0.221544436346864,0.403697049272038,0.688557668570012,1.3928763610599,1.75265611987605
"2014-04-24",0.112426464469141,0.0974013173620452,0.0786550484986308,0.0535132070028624,0.0439417434669367,0.21099120048047,0.393885021348456,0.681936578352468,1.39452722549423,1.75703370934235
"2014-04-27",0.122622119919931,0.106861572626563,0.0870506194877957,0.0599160584943624,0.0468867921187648,0.207212466612072,0.387945949150979,0.674942961015318,1.39088650672301,1.75724297292211
"2014-04-28",0.14214145854943,0.124144508680107,0.101284560558844,0.069036942281833,0.048966316556897,0.20291817472476,0.384685241601171,0.674812995484944,1.39580242585715,1.76159723431027
"2014-04-29",0.110259476820752,0.0962006136886041,0.0786909032140788,0.0553555935169041,0.0473719489235057,0.211635192117798,0.391502512500615,0.676890848069377,1.39493511112995,1.76691975933978
"2014-04-30",0.1077375625026,0.0940651481552074,0.0770675591293851,0.0545403278797525,0.0474847975235775,0.211519263840285,0.390323425253999,0.674132673590937,1.39004166523724,1.76214851464362
"2014-05-01",0.105194031727901,0.0919314733661955,0.0754399450402107,0.0535853862481153,0.0468518332434918,0.208188461941601,0.384818221823483,0.666668931012984,1.3852964144468,1.7630374747006
"2014-05-04",0.129298757312499,0.113310473601069,0.0930760931211501,0.064855767520632,0.049048456627989,0.200572916472078,0.377247681596913,0.661595621242588,1.38449591048884,1.76071676445285
"2014-05-05",0.132238388971323,0.115993285572069,0.0954126598986876,0.0666227844281101,0.0500560147126374,0.200816272274134,0.377329695545199,0.661283665658974,1.38139966209845,1.75501974498193
"2014-05-06",0.106232498608579,0.0932983577694048,0.0772252064468597,0.0559691990550693,0.049671256553438,0.208960609913697,0.383228633765647,0.661653561153688,1.37378293839699,1.74943888071085
"2014-05-07",0.108071837386388,0.0945905285467697,0.0777909994788589,0.0553822850691945,0.0477208815078884,0.206860741284887,0.382062136924143,0.66160968956137,1.37272056375873,1.7453243407923
"2014-05-08",0.0949700909808748,0.0825134307485185,0.0671322735578547,0.0471777993682396,0.0431862499029678,0.207567935575629,0.384157204683332,0.665045879232749,1.38110490040113,1.75827153121291
"2014-05-11",0.0936975934783778,0.0811177812410268,0.0656221211644559,0.0456569528005084,0.0422949512476286,0.210760037715822,0.390115379214174,0.673984699933441,1.39174590055133,1.76681759534579
"2014-05-12",0.0860627351826759,0.0745598290251593,0.0604922359158167,0.042787242582672,0.0420716150484024,0.210600569974946,0.387911999168988,0.669250520083326,1.38824639705863,1.76899166031103
"2014-05-13",0.0879223875866508,0.0764411769088068,0.0623577443603335,0.0444731853219347,0.0429752925653883,0.208013660246558,0.38331864847163,0.662884657600003,1.38319377001237,1.7676604929846
"2014-05-14",0.0891341332293471,0.0772896226885273,0.0626806773089078,0.0438111013025466,0.040579680769942,0.201858424735918,0.375490825634853,0.653320991881284,1.37098112064648,1.75447840066639
"2014-05-15",0.0862923881919349,0.0747401667674058,0.06053480229732,0.0423568872874376,0.0401145172787475,0.202257196698663,0.375498364160958,0.652179281589125,1.36584997400735,1.74696722407395
"2014-05-18",0.0864996595661859,0.0754023820710648,0.0618329792791559,0.0447725194276866,0.0442341216324305,0.208597941787546,0.381934648448571,0.657859359021644,1.36780309686909,1.74649755991138
"2014-05-19",0.0847109314902497,0.073926950788594,0.0607561250937797,0.0442672899184384,0.0441742210309176,0.207126670117333,0.378993179218555,0.653295605271985,1.36348158048831,1.74497147729064
"2014-05-20",0.0831451548643131,0.0725963686291987,0.0597728451696532,0.0439545894345331,0.045082263239678,0.210526610805731,0.383109749980295,0.657424734774129,1.36391779049788,1.74172478744919
"2014-05-21",0.0899401336154595,0.0785221080395912,0.0645194876731338,0.0467461289269256,0.0452721685501644,0.208996398381968,0.382580422604931,0.658906382009686,1.36837575086365,1.74566161555487
"2014-05-22",0.0899877934069425,0.0784096147463853,0.0641353255014233,0.045726853211909,0.0427510876008284,0.201857889712983,0.373178086622604,0.647680501689608,1.35899368884859,1.74044512868827
"2014-05-25",0.0889744337815908,0.0775981467456645,0.0636105237897912,0.0457212534147156,0.0435953344700809,0.204185485598149,0.375946954686054,0.650696822999784,1.36175026199284,1.74284216098898
"2014-05-26",0.0932012457822973,0.0814666707098272,0.0669888974696198,0.0482712596756089,0.0449764890887043,0.204261083862476,0.375882226587866,0.650547878717289,1.36013857496523,1.73934925551124
"2014-05-27",0.0946176333129094,0.0829599336898022,0.0685028113284529,0.0495356409903269,0.0448995698511172,0.197735059919837,0.36552989566473,0.636727438121714,1.34861063992018,1.73502898617858
"2014-05-28",0.095435139196714,0.0838271974761369,0.0694422337297292,0.0506067021894148,0.0461616858649634,0.198804926651013,0.365850610799529,0.6352768366822,1.33991446049028,1.72096604691626
"2014-05-29",0.0987128402819798,0.0864276394924701,0.0711095034687487,0.0506818848292208,0.0439897109530054,0.194897548841042,0.363089596322521,0.635566037173469,1.35054904484852,1.73777860039352
"2014-06-01",0.0965452512517543,0.0846753931997762,0.0699733530192631,0.0507478340657422,0.0463093576698275,0.20249586247244,0.372973151395487,0.647400698391781,1.3625487783181,1.74784871286306
"2014-06-02",0.0957395106734332,0.0835526897313379,0.0685268476614795,0.0491205662828155,0.0456806848612793,0.208962814906722,0.383690529058606,0.661352757330753,1.36867880695921,1.7411247622664
"2014-06-03",0.0944877702299027,0.0824449041786228,0.0676082490117316,0.0484973233872099,0.0454010595931043,0.208870744775758,0.383672115905376,0.661781492563271,1.37243916102572,1.74795702546458
"2014-06-04",0.0960994941105345,0.0835145958631826,0.0679166814264295,0.0474604154155309,0.0423143396672456,0.203531430548132,0.378970149266087,0.659675652406267,1.38159744321954,1.76498935145366
"2014-06-05",0.0882329205366142,0.0768010897561134,0.0627094369886009,0.0445539536075785,0.0417657110392,0.200601236318348,0.371988467538516,0.64745667681953,1.36600269357329,1.75410914189733
"2014-06-08",0.0870629350062715,0.0761032115639926,0.062676417674553,0.0457061688781952,0.0447883771727555,0.206460965351555,0.37836422801041,0.653643655396449,1.36968305329424,1.75593806066825
"2014-06-09",0.0886835406768396,0.0774203819419798,0.0635469176544502,0.0457175118360357,0.0432383105751658,0.20162486556806,0.372422523780461,0.647252900670016,1.36625675427301,1.75594235748129
"2014-06-10",0.0863293553189755,0.0750778343218315,0.061251817613455,0.0436105079715388,0.0417845517873089,0.203030769518802,0.3756876278343,0.652663810716815,1.37408955805617,1.76349113001407
"2014-06-11",0.0879745729723512,0.0766615882003657,0.0627506741234496,0.0449594339774528,0.0428735724850983,0.203193392376178,0.37491839154013,0.650069013323203,1.36457778103951,1.74891456447473
"2014-06-12",0.0865828080543328,0.0750985530236852,0.061017267836304,0.0431495803277712,0.041666061536857,0.205838822224262,0.37959291942124,0.655699220830367,1.36212437764818,1.73640619657256
"2014-06-15",0.0895830477350604,0.077711915330947,0.0631135462643097,0.044410357596279,0.0418636797311615,0.205170500756063,0.37876639920725,0.654176465228591,1.3548963978468,1.72365707724584
"2014-06-16",0.0901276103218471,0.0783365083214677,0.0638207004690195,0.045165269918737,0.0423584682405309,0.203601794416896,0.375700928850956,0.64938447790016,1.34848904466676,1.71784380606642
"2014-06-17",0.0912164766945073,0.0789515881996334,0.0638224118303947,0.044249784065735,0.0405808213128884,0.203291785241191,0.37739372144015,0.653673996408489,1.35518584279518,1.72324375014648
"2014-06-18",0.0928169412444383,0.0805674635659691,0.0653640463376574,0.0453599505239206,0.0401200333860884,0.197776981322146,0.370863013588724,0.649885339488103,1.37778336502673,1.77014286034938
"2014-06-19",0.088357300950159,0.07683770412337,0.062597713912124,0.0441004419948546,0.0405414275241874,0.197505724917038,0.368528505693304,0.644780149191448,1.37112650032907,1.7665104580079
"2014-06-22",0.093342454713792,0.0813987563229263,0.0665768552189341,0.0470912884012689,0.0421274073382552,0.197564580796889,0.368546666057203,0.645026220300528,1.37103304168535,1.76518184993585
"2014-06-23",0.0762012107602505,0.0663354347577462,0.0542824886660183,0.0392210365637559,0.0395616032535813,0.195545866557466,0.362515647405353,0.633707666994024,1.3617443513769,1.76860154183051
"2014-06-24",0.0761136610121774,0.0665612375356956,0.0549101487330777,0.0404332841947143,0.0412404438668644,0.19552507388876,0.360461820757748,0.628788948524937,1.35244487868126,1.75909597457469
"2014-06-25",0.0836355243639655,0.0731614967543855,0.0602522762051925,0.0436578887211558,0.0415050712283178,0.192542441584138,0.357033589117865,0.624682554288245,1.34107887600187,1.7391194752167
"2014-06-26",0.0756239558158228,0.0647602829717621,0.0513530724971804,0.0340362713643445,0.031286437649348,0.183864929085366,0.349995999233705,0.61930866510191,1.33374345857988,1.72664695275021
"2014-06-29",0.0843100699287408,0.07278892521589,0.0584756927374074,0.0396091521386748,0.034632921992783,0.184893663743595,0.351273081038626,0.621771670075671,1.33945818629414,1.73336971780184
"2014-06-30",0.0886284484729682,0.0760077423607386,0.060218191024314,0.0389538987820405,0.0309551299634763,0.179968046121136,0.347891362773523,0.620646320849389,1.33776123105066,1.72648944984824
"2014-07-01",0.0894366966227001,0.0766942511550522,0.0607516551127117,0.0392739378918654,0.0311298443224904,0.180737025267066,0.349176405096027,0.62234912942176,1.33820415444115,1.7248599923879
"2014-07-02",0.0869765285675236,0.0744128768895971,0.0587110641491459,0.0376288230700618,0.0300125602165331,0.180205912845219,0.348868484454628,0.622597829577381,1.3418314299781,1.73159953327396
"2014-07-03",0.0851253778278518,0.0729312083110592,0.05770605909953,0.0373346910419493,0.0304079449955982,0.18005227222622,0.348104026987042,0.621906350477628,1.34801673737523,1.74564469647278
"2014-07-06",0.0762867542658897,0.0651303983565125,0.0512938654131554,0.0331638039735053,0.0290292499990275,0.179924103432608,0.346953122894108,0.61983308222083,1.35248627311904,1.76013920348532
"2014-07-07",0.0750457968419326,0.0634737474113384,0.0490294784910387,0.0297419630127084,0.0235284325251184,0.169991734739096,0.335348702811974,0.607098473205133,1.34133115283153,1.75180500778404
"2014-07-08",0.0958244867360562,0.0822846953008867,0.0651063457789165,0.0410636270004287,0.0277222512612082,0.164853262941749,0.329089089586897,0.601724696452503,1.33948197473904,1.74976310652526
"2014-07-09",0.101210709486905,0.0871302518702031,0.0691782631174654,0.0437181212101956,0.0280253832161855,0.161248146955986,0.324776905104034,0.598053733014046,1.34269401872508,1.75895213189083
"2014-07-10",0.0773737445323225,0.0656480365143352,0.0509022869606768,0.0307994459972311,0.0223830073417547,0.1613440620344,0.323012396132865,0.592261368390615,1.33466647678191,1.75799528597907
"2014-07-13",0.102090259046602,0.0884936436634129,0.0711718559930455,0.0466641747117572,0.0318834601118302,0.163369899328419,0.324343565319907,0.59384881445871,1.33212187900624,1.74744627272658
"2014-07-14",0.101011171709544,0.0874969089911992,0.0703202801115204,0.0461654637058151,0.0322434501241116,0.166277586454531,0.32827597106732,0.598082013148113,1.33145428949121,1.7409599579735
"2014-07-15",0.0940368933356287,0.081380946955024,0.0653853389895747,0.0432462368619037,0.0322156674522268,0.169410164936955,0.331394317993591,0.600408851815377,1.33297235381252,1.74398043917642
"2014-07-16",0.073324652870969,0.0619675718169714,0.0477499131109177,0.0286078358690417,0.0217010909042458,0.161814589964572,0.321807002877463,0.586060665904689,1.30547488960409,1.71062344282547
"2014-07-17",0.0686525728192869,0.0575014039031219,0.0436602430269757,0.0254727957487451,0.0210139867719884,0.169236814745677,0.333311027599938,0.600715107548574,1.31446666850146,1.70893301975345
"2014-07-20",0.0887870639430984,0.0752610239209624,0.0581919789310996,0.0346310308132308,0.0229494756827326,0.16600839242975,0.332527138182847,0.60503272334772,1.3254697309862,1.71697361533533
"2014-07-21",0.0759086296186431,0.0639986111050723,0.0490842713645979,0.0289721980081131,0.02146093113335,0.165336730679483,0.329168407054011,0.598333435111252,1.32261487749691,1.72519898510122
"2014-07-22",0.0770581950834595,0.0651585379128974,0.0502191964791065,0.029931901306493,0.02170361666008,0.162332303127752,0.324181175033523,0.591384787584511,1.31581841531312,1.72145123161604
"2014-07-23",0.0753339499291086,0.0639908861203826,0.0498088826548363,0.0307789642382227,0.02418561711054,0.165021764628758,0.324867573798654,0.587893553132279,1.29923486392899,1.697085468186
"2014-07-24",0.0691232277041173,0.0583819983549319,0.0450377584831092,0.0274713990778586,0.0231036038951945,0.167159811152136,0.327757883550666,0.591284859299089,1.304317486327,1.70424311341067
"2014-07-27",0.104532364528915,0.0906882770877247,0.0730354453200585,0.0479829929576114,0.0324101595460135,0.161729665769302,0.320355547690299,0.584708230855771,1.30054312183792,1.6979020666256
"2014-07-28",0.080014944652724,0.0682713995357614,0.0535079551467731,0.0333856751365655,0.024892465370727,0.162172783130625,0.321133182018259,0.584356431363861,1.30146655411205,1.70494673620363
"2014-07-29",0.0800419121782423,0.0681929861450696,0.053329067934838,0.0331866470492292,0.0252031744461967,0.165993540796937,0.32743866746655,0.593450077410665,1.31225851696731,1.71338605924975
"2014-07-30",0.0810944245245223,0.0691424183268184,0.0541061438667228,0.0335699656765199,0.0246960191497484,0.163162569803862,0.323916398133229,0.590272252660558,1.31624837873817,1.72480223177759
"2014-07-31",0.0682416256475014,0.0576369353041966,0.044463234106338,0.0271346753912107,0.0229578499586965,0.167002218385756,0.328033435100797,0.593321727740852,1.31726983321842,1.72721348589452
"2014-08-03",0.100346551700979,0.0871523314559703,0.0703458525865354,0.0465846282996189,0.0323830793285109,0.161536417938012,0.319735355859827,0.585253556980549,1.31677097660017,1.73097318681063
"2014-08-04",0.0754646922818909,0.0643299784359765,0.050339982456311,0.0313255729769898,0.0237106806286322,0.158750618665741,0.31574751730762,0.578005262989054,1.30665488578508,1.72588295806222
"2014-08-05",0.0686111933980192,0.0584116972336752,0.0457015441205961,0.0288465343210089,0.0242325264104465,0.161926934719053,0.318309061876411,0.578928175642669,1.30579279995794,1.72715986759462
"2014-08-06",0.0604134698580057,0.050842623157004,0.0390025805186137,0.0236518359632138,0.0212774229674321,0.162093575060235,0.319285605094686,0.58082723097161,1.31268232317106,1.73962246819083
"2014-08-07",0.0651451224181271,0.0553078173559471,0.0430398013250455,0.0267475844626963,0.0222543752286035,0.156299056598146,0.309520115868991,0.566513558951488,1.29277597515162,1.72006187092645
"2014-08-10",0.0658194715030175,0.0560535002345025,0.0439135415892794,0.0279418813062211,0.0242735369913013,0.161238145655389,0.316157140930269,0.574905149711331,1.30174360632062,1.72693060819135
"2014-08-11",0.07175028391134,0.0614759855727575,0.0486219890278436,0.0313803857884779,0.0256960552397807,0.159197999371742,0.312853605795176,0.570184858097779,1.29258312069881,1.7138596262028
"2014-08-12",0.0647062677895966,0.0550237818391554,0.0429838096310431,0.0271286301706724,0.0234097649047081,0.158750411341551,0.311965345711235,0.567922297131567,1.2870393505612,1.7077419844201
"2014-08-13",0.0704140665137719,0.0602283596191038,0.0474801339755921,0.0303632490591145,0.0246525922026724,0.156908788609963,0.30945504153889,0.565327424671778,1.28576963162771,1.70726985023407
"2014-08-14",0.0691579610699199,0.0593683606718552,0.0471422698052222,0.030838924987702,0.0260213275683819,0.157815867232204,0.309244000201625,0.563820098353286,1.28583951860863,1.71215361277271
"2014-08-17",0.0691328626018465,0.0594863442549859,0.0474516254267953,0.0314536427995286,0.0269806710451399,0.158371339961939,0.308866641218199,0.561681441043123,1.27828660038292,1.70128833508557
"2014-08-18",0.078402504613543,0.0681201710222279,0.0551884983784585,0.0375844980791226,0.0305396211064187,0.157627034978287,0.30684363296626,0.558749475433198,1.27416013059371,1.69603056040858
"2014-08-19",0.0662684347080149,0.0575215917956097,0.0467706797728717,0.0331158868162391,0.0325180053146359,0.170540824826677,0.322597693785202,0.575281959918031,1.28426617790218,1.69998490365375
"2014-08-20",0.0638031183502499,0.055155694358027,0.0445645687804866,0.0312637902525556,0.0314850453944825,0.172443290749501,0.326554743419931,0.582148409082685,1.29819294108861,1.71774624029365
"2014-08-21",0.0706634274550903,0.0614433097230406,0.050017155119212,0.0351288309399101,0.032477264993049,0.166760435444326,0.317631877514638,0.569602455320651,1.27932855196591,1.6962419564939
"2014-08-24",0.0719722801107613,0.0624322533868926,0.0505808781647675,0.0350153495351859,0.0315482008019853,0.165511250193917,0.316550024896074,0.568221666135263,1.27200435818031,1.68168606360167
"2014-08-25",0.0657435753041818,0.0570949369978972,0.0464426312978327,0.0328269181318317,0.0317901393811529,0.166097644001659,0.314909310408251,0.562820209651911,1.26101767233052,1.67190985820719
"2014-08-26",0.0708772143045856,0.0615746307937087,0.04999697928326,0.0347174334005448,0.0310091652714538,0.161075406120466,0.309030996027172,0.557156906708333,1.25955390909326,1.67391561932896
"2014-08-27",0.0686061737378237,0.0594679156271803,0.0480935906379271,0.0330826719393172,0.029474524436715,0.158012210103513,0.304533313520752,0.550868412022234,1.25193987592997,1.66806079930314
"2014-08-28",0.0668592044025532,0.058135351673677,0.0473569370406172,0.0334480989885028,0.0317068152630164,0.163592175485035,0.310928387404506,0.55712580444575,1.2532498383624,1.664384998741
"2014-08-31",0.0624475122379052,0.0542201987350494,0.0441132704651669,0.0313106314286891,0.0310154444429719,0.163760103047498,0.31056851556493,0.556001705240813,1.25394960844693,1.66962901819287
"2014-09-01",0.0656336780917584,0.0569869674151808,0.0464404834488046,0.0333538510829524,0.0342992596597254,0.177164526405502,0.330964293447358,0.583299196926742,1.27611997011692,1.67333576494417
"2014-09-02",0.0624674321772652,0.0546479862284533,0.0451796293302452,0.0337298394807608,0.0363102529163953,0.177271356704343,0.328241464558473,0.577521767615357,1.27470030272383,1.68363885500061
"2014-09-03",0.0619398735090985,0.0541886686410112,0.0448354539389544,0.0336549452890792,0.0368841758946395,0.180039132468588,0.332292769920673,0.582967832712393,1.28121095894302,1.68921880211231
"2014-09-04",0.0468343172711771,0.0405798436953919,0.0332997520202821,0.0257026974768915,0.0342254129934756,0.183943535268562,0.336818446134357,0.586889740965718,1.28578649178302,1.69857259579665
"2014-09-07",0.0611954379302763,0.0534146051945893,0.0440077430741378,0.0326924696150845,0.0355789095278503,0.177613703462465,0.329326752169619,0.57965399227285,1.27936330827391,1.68967522857911
"2014-09-08",0.0522352179804748,0.0451502962841877,0.0366924062532973,0.0269683544021274,0.0320423890346302,0.176083831610633,0.327646589817621,0.577675452557345,1.2812359232625,1.69815136659527
"2014-09-09",0.0648028084013637,0.0568621664430367,0.0472909702101688,0.0358877623325436,0.0393582666408515,0.186275938755358,0.341889200327639,0.59728281374279,1.30432822774605,1.7147138841292
"2014-09-10",0.0482575777253464,0.0419089836462108,0.034580263028732,0.0271814631075558,0.0370325647965336,0.194539492569401,0.353327730555639,0.611142494257727,1.32252413692605,1.73709067166779
"2014-09-11",0.0426305330623836,0.0365229002116228,0.0296051890805671,0.0231750125586807,0.0353446676835514,0.200107870008259,0.362434228405027,0.622814010481381,1.32740272036197,1.73002760961397
"2014-09-14",0.141022202773163,0.113848559516991,0.0782947743058869,0.0241672679508907,-0.0279534369628945,0.0891270356784404,0.271636857732807,0.576132648346278,1.34980821296484,1.7432329731171
"2014-09-15",0.0340514811035792,0.0280524435528486,0.0213471426035096,0.0154950564925393,0.0292708496464177,0.2001782101597,0.366305576603206,0.630929620281142,1.33918818911424,1.7395384481496
"2014-09-16",0.0339535465089796,0.0284545504110394,0.0223552113911183,0.0172539574617575,0.0310686592778688,0.19591758677748,0.356529560129288,0.613937260969815,1.31300367790545,1.71500905580547
"2014-09-17",0.0448216406500108,0.0368138946682647,0.0273711204159649,0.0169388175910942,0.0244853444516536,0.190629484179381,0.358661081934029,0.62746000965772,1.34052139333498,1.73678001570094
"2014-09-18",0.0432438798257765,0.0359348754889916,0.02738072078326,0.0182202154299824,0.0267389696432124,0.189590741848538,0.354297372816501,0.619691422306004,1.33666716562658,1.74377595887343
"2014-09-21",0.0646790314500405,0.0551300587850033,0.0434174935512998,0.0286068356755372,0.0280946131778507,0.175941767646606,0.336290609001026,0.598777383375375,1.31309453962974,1.71793723815859
"2014-09-22",0.144382069676463,0.117224261379225,0.0815379668137916,0.0266670043389244,-0.0283189488009976,0.076177709295048,0.250926389319973,0.547093497551193,1.313411197127,1.70881050769565
"2014-09-23",0.0523495079639566,0.0438493258936733,0.0335660099850387,0.0211439111662039,0.0238517704594631,0.173720657867082,0.332435037360383,0.591420279020695,1.29812567326603,1.70132238234181
"2014-09-24",0.052828127625769,0.0443733105756355,0.0340948843417225,0.0214838230667007,0.0232067048878406,0.167926668679545,0.323074986282539,0.577868639975509,1.28045831845094,1.68558764002211
"2014-09-25",0.0460755082799635,0.038876921006713,0.0303653026982243,0.0208912869324618,0.0274872847067761,0.178677216973584,0.333841836235223,0.58541752692077,1.2709569927594,1.66332747800207
"2014-09-28",0.0666008757193833,0.0581330423872562,0.04783905133308,0.0352012942399849,0.036828602207016,0.18025153159042,0.333480586700367,0.584097536474431,1.26921582970794,1.66043314205987
"2014-09-29",0.0710372227557172,0.0617142121420097,0.0502949534640553,0.0359092089807508,0.0356269844581319,0.179970772797256,0.335443167117493,0.588545082394289,1.27004639232708,1.65189233343642
"2014-09-30",0.0597640483527996,0.0506404525361773,0.0394707304136371,0.0254344929356812,0.025438253873382,0.169782216043001,0.325888490921699,0.581556761914209,1.27903611671063,1.67564098557327
"2014-10-01",0.0614024037965494,0.0514959876289269,0.0392785969428199,0.0235560481249715,0.021514125332434,0.165820580321054,0.323929223109368,0.582771087094219,1.28424266363964,1.67932087091593
"2014-10-02",0.0416119849407755,0.0335361626532483,0.023802967765087,0.0122035713348579,0.0156689213655843,0.163931971459468,0.320495273678472,0.576579670836128,1.28049585706367,1.68578093752195
"2014-10-05",0.0388056924290221,0.0311248139789651,0.0219228168138357,0.0111865117866929,0.0157218092686683,0.164045053242495,0.319490787851198,0.573624704846694,1.27381611960881,1.67855815045383
"2014-10-06",0.0392722061298999,0.0314080019725716,0.0219250450997093,0.0106123850763617,0.0139818820027263,0.159267681897989,0.313344032945077,0.566430082080252,1.26818575705786,1.67618913481253
"2014-10-07",0.0411467630533707,0.0326150868043815,0.022187194546993,0.00917381042082971,0.00980563862427747,0.150690264355876,0.303821523529663,0.557002332487696,1.26263378690119,1.67389183585875
"2014-10-08",0.0537012403366283,0.0436615927908663,0.0311505013348259,0.0145531184228041,0.00993867988038233,0.144414957406038,0.296861141686304,0.550267355456467,1.25308155094653,1.65793230376208
"2014-10-09",0.0387898721264988,0.030815973768486,0.021161541466991,0.00948792937491466,0.0121076111655238,0.155481215737402,0.308838545561773,0.561717060286611,1.26694956939865,1.67927905880143
"2014-10-12",0.0586116267177314,0.0481615293534001,0.0351290231182278,0.0177939493223778,0.0126966637294663,0.15029382571732,0.306305090743943,0.565033109285191,1.27845549228415,1.68661660244478
"2014-10-13",0.0240654491185097,0.0170605366317483,0.00873810835580538,-0.000667091945033449,0.00518581702563525,0.151975415242,0.305257375034697,0.557342059136778,1.26370547615662,1.68065973939644
"2014-10-14",0.0335585778568588,0.0254972488222578,0.0156642768621733,0.00348833956548256,0.00468769969482014,0.142764244628868,0.293110986438873,0.543187183932408,1.25026463713927,1.66944643935472
"2014-10-15",0.00503453618965861,-2.35787593644288e-05,-0.00569195264454653,-0.0106577267821369,0.00119959000725567,0.152024814140181,0.302721671263923,0.549472522507604,1.24886009758202,1.67081620394899
"2014-10-16",0.00283203282736499,-0.00332944779062654,-0.010530199857066,-0.0181548552306925,-0.0102345899944783,0.136064221934185,0.287018677951571,0.535956157079492,1.24271246268213,1.66751629117705
"2014-10-19",-0.0130608669243534,-0.0174578593902322,-0.0221878534220008,-0.0254522743201624,-0.0107829556269061,0.145429301833531,0.298375257368068,0.547733606662544,1.25439691829168,1.68232109597154
"2014-10-20",-0.0391550060699803,-0.0414246202788513,-0.0431860945164976,-0.0412523982600356,-0.0187179336815908,0.147483095651228,0.300760155243097,0.546839601008186,1.24012084011467,1.66213757996288
"2014-10-21",-0.0260043264589189,-0.029215676461522,-0.0322800717116271,-0.0325931282536496,-0.013356660052605,0.148869693725829,0.301826490465173,0.548236937885598,1.23945745273565,1.65588153213232
"2014-10-22",-0.0216654684024417,-0.0256994204344936,-0.0299127324328391,-0.0322403499459936,-0.0160552655219965,0.142382361472656,0.295399587461449,0.543566440146252,1.242457769621,1.66350113709541
"2014-10-23",0.0115659382056635,0.0032565358303929,-0.00689294760885439,-0.0195225572756841,-0.0186517532600184,0.121026945462116,0.273202538585873,0.525843984558353,1.23658665568634,1.65535313660735
"2014-10-26",0.000400783853865182,-0.00664960265393501,-0.01506137939341,-0.0247095218037375,-0.0195223946502872,0.124892346513509,0.276909696457761,0.527978637994293,1.23643089471805,1.65764096927552
"2014-10-27",0.00304486927470504,-0.00414150241527263,-0.0127755362977131,-0.0229219634471534,-0.0188685931052623,0.122103203845957,0.27239615981194,0.522058156176884,1.23269986816635,1.65884632707621
"2014-10-28",0.00232904387956324,-0.00400663194328064,-0.0114769115449036,-0.0196628004151838,-0.0129057410269343,0.130212392046555,0.279645298534445,0.527318743130558,1.23549640644335,1.66402445330983
"2014-10-29",0.00439187115575373,-0.00251436754309069,-0.0107532078111116,-0.0201887699608979,-0.0149628257819635,0.128509247134365,0.280239534886939,0.532199801900622,1.25157049324378,1.68513966881829
"2014-10-30",0.0497896129821859,0.0392642296902743,0.0259787428429809,0.00769552508586513,-0.000658308454226264,0.122129400153276,0.267851679349023,0.513681420386403,1.20760323670018,1.61330580359524
"2014-11-02",0.0353062805306612,0.025877928615472,0.014139354957287,-0.00139856553832146,-0.00559499155949628,0.12056414584379,0.262819988634882,0.498263675466198,1.14577274907812,1.51535037484823
"2014-11-03",0.0604855158662815,0.0476230200368402,0.0312211027826498,0.0079258118823235,-0.00674026247227566,0.110679708396322,0.254356456232553,0.492401597762628,1.12879579172292,1.47709318988859
"2014-11-04",0.0525169764815833,0.0409167855575092,0.0262994314755791,0.00622052363991582,-0.00316580973032249,0.124551029182705,0.272886944890989,0.516791223106604,1.16940629396866,1.52898052279935
"2014-11-05",0.0592061550871785,0.0471217867680127,0.0318436345220998,0.0106600900409355,-0.000195185844752255,0.127049308123361,0.276854071274245,0.523935424603995,1.18656003037495,1.5520248414114
"2014-11-06",0.0525794660660585,0.0416080080998448,0.0278512353020909,0.0092306623514255,0.00193315144884892,0.132424162920005,0.28167109927993,0.527130194797824,1.18813857749691,1.55568390758305
"2014-11-09",0.0481461434523178,0.0373182265185812,0.023712351477408,0.00518880223592583,-0.00255544074840469,0.124012386375949,0.270139644892368,0.511566765023438,1.16647914961652,1.53327768950058
"2014-11-10",0.0628267980154305,0.0503198373650013,0.0346737619844706,0.0135666862828158,0.00518500290955981,0.14610617968792,0.303306401189425,0.554907483937094,1.19638948016097,1.53285153767216
"2014-11-11",0.0587934587969246,0.047714847224308,0.0340671887184138,0.0164919381097317,0.0136656376298591,0.164163412014631,0.325062112925404,0.581039891886292,1.23512039661972,1.58073665779704
"2014-11-12",0.0587803853320171,0.0472157317992687,0.0328086801877309,0.0136288945439731,0.00739894737949237,0.148033829135575,0.303634612122059,0.553934577813251,1.20165162899955,1.54732778014115
"2014-11-13",0.022558749843286,0.0129979233634755,0.0014391595356755,-0.0125880314500081,-0.0105149784982979,0.142377824629238,0.298843598638449,0.544356845346422,1.16244769712646,1.48548354994703
"2014-11-16",0.00546628113192908,-0.00253039824376294,-0.0118996549427466,-0.0220684063094969,-0.0140645894164984,0.146930564466998,0.3041695247039,0.547830740327565,1.15535047829255,1.47145130582539
"2014-11-17",0.00387047231550144,-0.00468728347396595,-0.0147893203543597,-0.0260622321940034,-0.0190301911100303,0.145614638928797,0.308192091798196,0.561216943426441,1.19557213966871,1.52716526510841
"2014-11-18",0.00506223101213456,-0.00394348880612001,-0.0147277305172249,-0.0273987902161126,-0.0232739004451601,0.132214680774326,0.288732121365075,0.533264488787023,1.14683892987774,1.46702579054553
"2014-11-19",-0.00113916119042573,-0.00902100677434815,-0.0183083162665723,-0.0285947729586765,-0.0216715574141347,0.133164308095536,0.286179755063195,0.524994792922716,1.12759625358847,1.444840358807
"2014-11-20",0.0351980536994014,0.0227049520746741,0.00709713481889965,-0.0138913751923368,-0.0219939496476069,0.118688541867398,0.274346737933339,0.521926514587925,1.14596330053945,1.4695049309516
"2014-11-23",0.0587297107809342,0.0440116095022696,0.0253387938782106,-0.000895154926488229,-0.0165866764728959,0.115340144924583,0.27064555762354,0.520005043999748,1.14852353218545,1.47231277753928
"2014-11-24",0.0298076737734474,0.0180142932926383,0.00331537325557799,-0.0163021995248159,-0.0230626340016174,0.115844845573656,0.268865925601949,0.513058535639933,1.13430062158803,1.45983111417659
"2014-11-25",0.0308899217711969,0.0193168609381616,0.00483298814234387,-0.0147129209864829,-0.0223958495915041,0.110194331542802,0.258982319252397,0.498794684898581,1.11891630923781,1.44905358581828
"2014-11-26",0.0239220554097406,0.0132655203587168,-1.61723937406044e-05,-0.0177095422174476,-0.0234388693553181,0.10745859940311,0.252988185900923,0.488301674554185,1.10357302867789,1.43556578097261
"2014-11-27",0.00955706187713181,0.000961937400358326,-0.00955551423084852,-0.0227727883966724,-0.0229180224462316,0.109814011323069,0.251998053640752,0.482380510047531,1.09704242614192,1.43804738016087
"2014-11-30",0.0124112329435869,0.00333392863379835,-0.00776077991637983,-0.0216800752253389,-0.0218912977526398,0.114951316044939,0.259703659129521,0.491200273669977,1.09275030066955,1.4170963138761
"2014-12-01",0.0206244416950542,0.00912054244922077,-0.00518167797871327,-0.0241387808421056,-0.0300864969339164,0.107872268161755,0.258270467271595,0.496998626121064,1.09920296238583,1.41221260663686
"2014-12-02",0.0259429703267876,0.0132233579776315,-0.00285169203726526,-0.0251620484597203,-0.0370009469604838,0.0897772687057056,0.237323753194953,0.476444836245768,1.09450311495396,1.4220660295744
"2014-12-03",0.0205556631933583,0.00849951210631271,-0.00670747575262784,-0.0276784952198775,-0.0380341152647904,0.0889190813229214,0.236130181449175,0.476182849658795,1.1064208728053,1.44639768034397
"2014-12-04",0.0445182202316924,0.0295776061503402,0.0104343405571949,-0.0171456723647705,-0.0366017425947978,0.0824519438630358,0.231503040042074,0.476477269759877,1.11459864422803,1.45320771040109
"2014-12-07",0.0450984878579372,0.0311023733556536,0.0132452272195331,-0.012184417906387,-0.028708610640713,0.0927680500198901,0.241159565841692,0.484530205255302,1.12043653030063,1.45981065239609
"2014-12-08",0.0606339643926626,0.044280014601921,0.023189148552382,-0.00773597051778396,-0.0321398042699137,0.0796653141675973,0.226259269197197,0.467897921372344,1.0926592028616,1.42018415323185
"2014-12-09",0.052623009343122,0.0380366075183721,0.0192507294613123,-0.00816326830685121,-0.0289783382848292,0.0794959069393022,0.220466930587698,0.455272953059711,1.07840086282259,1.41468457679039
"2014-12-10",0.0453487832976806,0.0317640220650835,0.0143354668722045,-0.0108308094094966,-0.0286529657530913,0.0819959773645282,0.222163332104281,0.455437534534123,1.07833744144056,1.41761339288608
"2014-12-11",0.0455317722490818,0.0324843443993511,0.0157198717919307,-0.008561530159161,-0.0259496394316818,0.0812981904946705,0.218869981734844,0.450296560822076,1.08121777911417,1.43249436296864
"2014-12-14",0.0457073706014561,0.033066882492418,0.0167526230890571,-0.00713092765013573,-0.0252506704039155,0.0743025619857682,0.20631509717399,0.431896627230212,1.06290888936118,1.42345401389541
"2014-12-15",0.0523133636690185,0.0378455087084154,0.0189444663813234,-0.00959536574336894,-0.0352204367130828,0.0520880659956456,0.181224318636378,0.406444736548717,1.0455200032269,1.41297295159544
"2014-12-16",0.0632449664138566,0.0475664983981615,0.0270820285882756,-0.0038888954689118,-0.0320934837989253,0.0565034115359946,0.188241333588439,0.415422254213795,1.04281534976421,1.3925928467674
"2014-12-17",0.048321827145889,0.0330405227133785,0.0131007139494106,-0.0169502696309252,-0.04389361574822,0.0453999989181222,0.176190064075644,0.401153519339241,1.02132868142146,1.36682036903753
"2014-12-18",0.0587899461582315,0.040594293387299,0.0167990027724374,-0.0193161659781006,-0.0531798803391595,0.0375874301069007,0.175482610080079,0.409829809146462,1.03293876297573,1.36574683792842
"2014-12-21",0.0555441364422556,0.0370215409580285,0.0127754711089123,-0.0241151918783557,-0.0591332408780976,0.0298637155969617,0.167078841746883,0.400440495963209,1.01970887827426,1.34943825085508
"2014-12-22",0.0997641682593471,0.0753013783539935,0.0430462968568587,-0.00698136540274225,-0.0591149853676418,0.0187734939872891,0.161201148521337,0.403612982044377,1.02569602147522,1.34253264313932
"2014-12-23",0.0537852403676503,0.0355309094499631,0.0116607677415812,-0.0245709384189571,-0.058621376984155,0.0309864954100738,0.167267698345879,0.398160451782539,1.00782739927883,1.33102618174012
"2014-12-24",0.0454220451504584,0.0287913361248307,0.00702709563991111,-0.0260455574729749,-0.0571150411132189,0.0270846911228679,0.155737195685948,0.375966012667036,0.970065984963292,1.29222548806825
"2014-12-25",0.0582506890443895,0.0415463253908498,0.0197012673287548,-0.0134405772276535,-0.0443712602718868,0.0412031723044876,0.170820228177262,0.39204183994693,0.986218207019442,1.30710102550907
"2014-12-28",0.0597129594598761,0.0419841295100801,0.0186953454309757,-0.0170196787623123,-0.0519832999725117,0.0279935012076414,0.15730645158211,0.380633617841632,0.986635933700956,1.31606044104353
"2014-12-29",0.0630789286266747,0.0449216533058933,0.0211181044895003,-0.0152366002954731,-0.0503690578768397,0.0321267953746213,0.162430036607459,0.384504277965369,0.973178564517387,1.28575620251954
"2014-12-30",0.10231998903979,0.0788990466805581,0.0480700394260512,0.000432041811522066,-0.0485589376476346,0.0293768357118552,0.167183135491885,0.399814833123002,0.990430603303399,1.28849637172753
"2014-12-31",0.106138052721098,0.0818681479444311,0.0499276034879822,0.000586606348800311,-0.0501411697439685,0.030101644683927,0.171903098690713,0.410784028196206,1.01477264859384,1.31834351401946
"2015-01-01",0.104526131854737,0.0802380264342301,0.0482341174312448,-0.00133472670910317,-0.0527468738937996,0.0256763488820766,0.167337535917786,0.407602736207881,1.02111439044449,1.33220450356084
"2015-01-04",0.069180603021242,0.0497667629389406,0.0242317659502947,-0.0150841710013095,-0.0544693307870211,0.0236366447439675,0.154503490221144,0.379111758166099,0.975735705281724,1.2920708047073
"2015-01-05",0.0695919814868588,0.0511239323322348,0.026712946453682,-0.0112970781487185,-0.0510593843292932,0.0131133321846827,0.131268129117129,0.338063705698745,0.899925196490433,1.20341736931823
"2015-01-06",0.0750102681879193,0.0567689365915947,0.0326868747061137,-0.00471231553378582,-0.0434781727649104,0.0216440082986006,0.138908785681904,0.342862665443925,0.892029630817184,1.18619838244128
"2015-01-07",0.0296327542164358,0.0166500119037908,-0.000266335357975517,-0.0256766047167497,-0.0481320787334223,0.029354884104954,0.141157057226773,0.332409309229223,0.855323610613903,1.14433726295628
"2015-01-08",0.0745934688648395,0.0555680062386788,0.0303750810316609,-0.00902323798793558,-0.0509875544861361,0.00935215388091781,0.126062198886458,0.33125261666952,0.888942399565817,1.18952060508747
"2015-01-11",0.0871425264173022,0.066548675329745,0.0391921459212709,-0.0039181187577304,-0.0512762184634575,0.00282972384143987,0.119378152293179,0.326111944681685,0.888220206562834,1.1898010117926
"2015-01-12",0.0151742578241646,0.00302201219392573,-0.0128284089615092,-0.0366709577679891,-0.0577075034092806,0.0177442702290141,0.127472466825691,0.317845239912157,0.854152084533413,1.16044325327027
"2015-01-13",0.0220399233074561,0.00878926931959519,-0.00858121196025025,-0.0350489013457682,-0.059969460001967,0.0104523988797409,0.11939901369477,0.309598536250568,0.843994336558251,1.14676503229983
"2015-01-14",0.0714317603799194,0.0535609578264471,0.0298548070155221,-0.00736090175605242,-0.0475169007697001,0.00658605684000046,0.115320509318824,0.30834438932465,0.840145661315779,1.13038597020335
"2015-01-15",0.000505347804417258,-0.00957293143919002,-0.0226333676172175,-0.0419387695454774,-0.0573214212553542,0.0188297033792466,0.123139348944693,0.304066229372604,0.822807585753443,1.12676291135194
"2015-01-18",0.0284362279603596,0.0162154211976539,3.22494575172305e-05,-0.0251935359635988,-0.0511486244639164,0.00240962359019614,0.0978811594659341,0.272144834946096,0.795200646940031,1.11133940429602
"2015-01-19",0.0255523999949139,0.0130809856957824,-0.00340508684387761,-0.029005594797123,-0.0549946124568912,0.00121565743451291,0.0988450310755113,0.275374163277638,0.797156257658082,1.10757820003188
"2015-01-20",-0.0125138607184092,-0.0210784663192476,-0.0320652996496512,-0.0478622234519303,-0.0583158624813361,0.0227943937157074,0.12692742976221,0.306874281401084,0.829683213757006,1.14297002302837
"2015-01-21",-0.0121592608830731,-0.0209064106100506,-0.0318942587750822,-0.0468165351707638,-0.0527169653597285,0.05411092475747,0.17833110396729,0.386087426250916,0.964976627568882,1.29915914133836
"2015-01-22",0.0326072202308043,0.0188214754332078,0.000587421139446792,-0.0277452878042104,-0.0564412171232954,0.0083478965272602,0.120771355401606,0.326135738397509,0.947652241372275,1.3276417920578
"2015-01-25",0.0357257386113529,0.0214296745406061,0.00240042526104856,-0.0275962338751498,-0.059702321839426,-0.00310342225386928,0.106872562227944,0.313196035182682,0.959866383730463,1.36850944925364
"2015-01-26",0.0306175836943718,0.0180711456520039,0.0015583073591251,-0.0237858882739654,-0.0480369468253111,0.0221640720932255,0.134751350720632,0.338599251453092,0.955481116042869,1.33494902249896
"2015-01-27",0.0312716472468762,0.0202152687988639,0.0058404044881871,-0.0155639116263587,-0.0331789110761399,0.0488719528873592,0.164446025038472,0.368189002636207,0.969856084224456,1.33377002966742
"2015-01-28",0.0360708137037297,0.0247717020645145,0.0100456015218549,-0.0120173619742753,-0.0307917315845431,0.0487549248497222,0.163230481547729,0.365860403945332,0.965969048209671,1.32940745296772
"2015-01-29",0.0320166540882708,0.0212345347575954,0.00718787707599627,-0.0138258525183785,-0.0314999252710201,0.0468973667415077,0.159303105481368,0.359120800828183,0.957673949348646,1.32521124903747
"2015-02-01",0.04457984699038,0.0332236619591615,0.0183631932249937,-0.00412188693351678,-0.0242078216341782,0.0497629453565483,0.160513518658789,0.358665984063169,0.953397440615766,1.31791649334805
"2015-02-02",0.0298548236454205,0.0215323749671875,0.0110480584740814,-0.00328222670271641,-0.00923144226979494,0.0935206089450681,0.215366366866033,0.42262263332237,1.01991280269799,1.37787724056581
"2015-02-03",0.0502944690552619,0.040108225464508,0.0270875031261739,0.00854255771870949,-0.00291585126599558,0.0986895420471129,0.226607988083522,0.446479108568142,1.08158721448997,1.46042176985138
"2015-02-04",0.0637114648454438,0.0534765245416136,0.0403379026689578,0.0214052140900976,0.00863223859975154,0.103192948532469,0.224896008467476,0.43464247512378,1.03954330474795,1.39876938169538
"2015-02-05",0.0652845636404916,0.0540718372062683,0.0395674594725337,0.0182297439973248,0.00170867331752134,0.089975852533448,0.209235202122114,0.415765867282547,1.00834523685836,1.356335299332
"2015-02-08",0.0664514447486459,0.055150974994297,0.0405653475247409,0.0192350357966734,0.003327294570938,0.0968335062978911,0.221237822911712,0.436390618520008,1.0549252881379,1.41957187415755
"2015-02-09",0.0642977584669897,0.0534881136472572,0.0396924853098456,0.0201061405617512,0.00814908845561363,0.114517159812027,0.24668589427033,0.471103779464959,1.10349530015631,1.47044791259224
"2015-02-10",0.0827837553983592,0.0694721181564412,0.0522845494907443,0.0270821538911672,0.00768942093890829,0.109358037367565,0.244442373761994,0.474206199568255,1.10959918190189,1.46787724052546
"2015-02-11",0.0623195908245038,0.0511643924282194,0.0369302150097021,0.0167195336553203,0.00429892735683318,0.112361109439823,0.246194761121359,0.472263567126076,1.10217879486013,1.46308348012389
"2015-02-12",0.0611198278069191,0.0504436485125163,0.0369339060642522,0.0181881963939485,0.00872778603791979,0.125421704996562,0.264488120434196,0.497388591886545,1.1422453431194,1.51065085298885
"2015-02-15",0.0489140016071148,0.0386999961211654,0.0259436147815254,0.00889483537743069,0.003415199459672,0.134198814348211,0.282728471823476,0.528364166396895,1.20064229811813,1.58184107539696
"2015-02-16",0.0532305476382231,0.0425928687080013,0.0290674663380158,0.0100661530919239,-0.00054396253739275,0.111107664883982,0.247540959841442,0.478853562339616,1.1323724666575,1.51348377051836
"2015-02-17",0.0488006778105164,0.0387774705746304,0.0261347343609451,0.00876401212217792,0.000918872347717092,0.117685757013744,0.255616489502697,0.487416150372261,1.1368574959856,1.51344557722292
"2015-02-18",0.051158208962182,0.0403447441634826,0.0266266278001512,0.00745375578923707,-0.0029110828079193,0.110629269093148,0.247296200968684,0.476398137693322,1.10981324637105,1.47064529189753
"2015-02-19",0.057134081787507,0.0453930813666872,0.0303575801668562,0.00880496318073093,-0.00538179339774025,0.102640421662116,0.239116487683435,0.470944384097407,1.12096733224976,1.49527404067418
"2015-02-22",0.057603055602965,0.0458823722860888,0.0308462412635851,0.00919205314611127,-0.00552115918453366,0.0994914397441342,0.233569575718129,0.461991073215938,1.10456196264387,1.47555596688481
"2015-02-23",0.0516362326536686,0.0403521937467096,0.0259048701278951,0.00521173314653139,-0.00830046170668819,0.0967351509504992,0.229406111862686,0.455205094202927,1.09129938972326,1.45959208980886
"2015-02-24",0.0541582206428393,0.0425790260132053,0.0275814874827262,0.00545718229276271,-0.011874037105432,0.0791337893350922,0.203406736124781,0.420199540360632,1.05093500711538,1.42698801450563
"2015-02-25",0.0573025715054218,0.045770794853911,0.0307725333685233,0.00842948517675474,-0.0099405465948702,0.0767838005991281,0.199346563939775,0.416523606481556,1.06511943069512,1.46254089541987
"2015-02-26",0.0616097422647818,0.0485914004470195,0.0315629009521279,0.00581346528468607,-0.0171872590281092,0.0665259616242563,0.191436496206303,0.413753036789817,1.07343744216198,1.47250301176822
"2015-03-01",0.0568532623050557,0.0440813211519986,0.0274122498786654,0.00234668854683479,-0.019414608494468,0.0671892317466901,0.193509302086378,0.417408161011674,1.07987119619321,1.48010577996539
"2015-03-02",0.0580319696176606,0.0456706595925076,0.02964734365996,0.00596626655990867,-0.0127494546395834,0.0838130485458988,0.216529299663038,0.448848372103891,1.12886946645324,1.53693433772418
"2015-03-03",0.0464135526436415,0.0347392337632288,0.0197749272503665,-0.00171218915728122,-0.0159069292520864,0.093060504560549,0.231923279620395,0.469936123994679,1.14975359332998,1.54935478551056
"2015-03-04",0.0526265547649754,0.0403870984070949,0.0246677133744974,0.00195626959999623,-0.0138514577438081,0.0927926801284726,0.229772243416049,0.462958169130808,1.11638194479326,1.49170760230968
"2015-03-05",0.0507801212792202,0.0385924470227329,0.0228833963091769,-1.99333296668769e-05,-0.0168654196979892,0.084222404924387,0.21725010605201,0.445602055906095,1.09288485541221,1.46870013345305
"2015-03-08",0.0479102256638757,0.0372518851082282,0.0237505468400594,0.00497552607355894,-0.00460374179950945,0.112752379052466,0.253748754182453,0.491629524638122,1.16006151001487,1.54818244007221
"2015-03-09",0.0468766860407169,0.03723368058824,0.0252436884331299,0.00943555048877975,0.00548329121825569,0.136375340665185,0.283411792397309,0.526542165337148,1.19471862587397,1.57596765739529
"2015-03-10",0.0478555992923816,0.0377205100432609,0.0249016994100227,0.00716319092491552,-0.0013929419731406,0.114467692322007,0.253217796967444,0.488155593977068,1.15500272457258,1.54698150072329
"2015-03-11",0.0466768552058542,0.0360269062106575,0.0224126105766169,0.00301670607940835,-0.0090094171622383,0.0966973954035236,0.229751381642242,0.458214334503851,1.11653865053062,1.50810275385755
"2015-03-12",0.0405656485037195,0.0308674650362193,0.0186904631628079,0.00218017426710043,-0.00417902538195591,0.115877960486453,0.255503757042863,0.489537381361312,1.14510885880688,1.52591666226119
"2015-03-15",0.0426609876118455,0.0324000007891309,0.0194953662613792,0.00189916517227345,-0.00548427759949621,0.116018069327977,0.257408537058763,0.492899137242476,1.14224898649352,1.51252365231274
"2015-03-16",0.0417126728636988,0.0311348584119222,0.017797487497695,-0.00052967626407463,-0.00895766905512468,0.111068052698435,0.251810702222196,0.486032842196551,1.12870823622323,1.49274579829136
"2015-03-17",0.0449196716259742,0.0333724481933337,0.0185753673203216,-0.00268283514662571,-0.0169634018028202,0.0863660848038301,0.21717307739145,0.438576964470356,1.05368405566759,1.40407142649402
"2015-03-18",0.0509094870073201,0.0379214676803004,0.021103258241215,-0.00375522572778225,-0.0238711677478141,0.0673711621897487,0.191336450475219,0.401963725870966,0.978994060651093,1.30027264884227
"2015-03-19",0.0569515911269256,0.0437405238026331,0.026551548306684,0.000857404407732576,-0.0210810272051815,0.0662232061077064,0.190045846230672,0.404072616823408,1.00624009344073,1.35039566431628
"2015-03-22",0.0526024365341757,0.0408042547301598,0.0254761506769718,0.00267748111466293,-0.0160887238398857,0.0696178363947906,0.189534670501289,0.39899383880469,1.00543545032556,1.36408372179304
"2015-03-23",0.0513778028808267,0.040017513278748,0.0253170475604076,0.00366591663658955,-0.0132459579486744,0.0746489174306795,0.193671075765504,0.399410070450796,0.986707439572481,1.32947904301897
"2015-03-24",0.0599243370175196,0.0482295946482717,0.0330888154672235,0.010749997856331,-0.00694786363956873,0.0807657440603627,0.199914585981559,0.405046394880099,0.984512434824756,1.31855490190252
"2015-03-25",0.061234333519452,0.0494032062872473,0.0340866892542959,0.0114854321268327,-0.00647661483746875,0.0812369044926532,0.200290817044125,0.40466317396143,0.978209328121636,1.30639180059337
"2015-03-26",0.0597065810013342,0.0493831201953816,0.0362405906618552,0.0176999388017183,0.00689269869617665,0.111001902251724,0.23856561398071,0.453817841640323,1.05443377547891,1.3995300922739
"2015-03-29",0.0475622876295022,0.0390637126151891,0.0283898506800733,0.0139114188388066,0.0083435932022265,0.114252157178502,0.237811944050847,0.445634081979762,1.03200586157923,1.37539929392621
"2015-03-30",0.0604576728325403,0.0505927407166823,0.0381477614827504,0.0210166119962334,0.0129580859305919,0.123252905411482,0.252652997538513,0.467581520016639,1.05445304773861,1.38499727670701
"2015-03-31",0.0597487691485478,0.0489694730516765,0.0351685451666089,0.015398837799884,0.00245825355687462,0.102275470414077,0.22827117368435,0.44240300192289,1.04371464373968,1.3906117643483
"2015-04-01",0.0522344332910424,0.0416330914291045,0.0279872859936257,0.00817454792363231,-0.00594150539938321,0.0862397907860837,0.206677379391757,0.414196214934258,1.00918434895252,1.35952624538016
"2015-04-02",0.0536673287536103,0.0420894629214087,0.027146845833642,0.00529179468500468,-0.0110640629718944,0.0836605863822317,0.20952607574472,0.426528044157169,1.04602568256279,1.40832158642965
"2015-04-05",0.064593201053677,0.0518375365857526,0.0352220922920275,0.0103397054610648,-0.0109353459620639,0.0758047959291248,0.200065575217683,0.417687165152656,1.04706831312128,1.41797574742016
"2015-04-06",0.0564564625495645,0.0448038324703305,0.0297372766885518,0.00760276172697161,-0.00936977685915724,0.0839074109705491,0.209560187041675,0.427417336034534,1.05485413279812,1.4250470661701
"2015-04-07",0.0517520325811365,0.0410082230934903,0.0272026947901533,0.00725251189507831,-0.00649768584501409,0.0904224948554496,0.215801569451069,0.431747697326871,1.05245297859893,1.41941108528504
"2015-04-08",0.0567326996842549,0.0446773394866019,0.029077513412369,0.00610207781434946,-0.01184289496645,0.0814387873766796,0.207750735677188,0.426089088941979,1.04934900451146,1.41310902342301
"2015-04-09",0.0476340735046245,0.0366569045072058,0.0224968379433416,0.00182810517333259,-0.0133546314306157,0.0798380270739235,0.203458644247778,0.417857753356433,1.03901585312945,1.40866110024693
"2015-04-12",0.0528310609397098,0.040750903152465,0.0250727110296868,0.00181764750206609,-0.0170153971727742,0.0731440618328919,0.19820948887931,0.416547221611668,1.04964737172612,1.42503548031787
"2015-04-13",0.0502056978123487,0.0382360049081533,0.0226489556338835,-0.000661798516987944,-0.0203564598668585,0.0641485349230969,0.184842084291596,0.397466644031038,1.02159413201149,1.39592396687618
"2015-04-14",0.0535557608624207,0.0414065352573407,0.0255883501319038,0.00193414040236506,-0.0180931196390299,0.0665730864871423,0.187321629339464,0.399238611132866,1.01601760974645,1.38233480648096
"2015-04-15",0.0504121007466652,0.0387081154446727,0.0235108863024671,0.0009391401571337,-0.0174940526787908,0.0685399720008406,0.188345485378034,0.397420124413337,1.00235919032313,1.36001662403721
"2015-04-16",0.0405004025618939,0.0297690342501509,0.0158584514911302,-0.0047004726743097,-0.020949983041913,0.0628709844512468,0.178079942611383,0.379754242023246,0.970078478466354,1.32431927503409
"2015-04-19",0.0394035650352176,0.0286405289244175,0.0147216352965624,-0.00573299532495347,-0.0214216418695462,0.0650811825664213,0.181809134022928,0.384605393124205,0.971174925279642,1.31893102200325
"2015-04-20",0.0480524894345491,0.0364183097495368,0.021293933225815,-0.00123719697026209,-0.0199439894982547,0.0634585629383063,0.180778014170564,0.38590936414582,0.98024879829228,1.33185229811675
"2015-04-21",0.0486351245230045,0.0363679715371501,0.0203565372416199,-0.00373970428687526,-0.024848463070237,0.0554466085931778,0.172755592383491,0.37931638323595,0.980758878160478,1.33734175858873
"2015-04-22",0.0419183710555561,0.0303223567079178,0.0152659113097561,-0.00709202076533338,-0.0253126384037808,0.0604461972533618,0.179840031837231,0.388422531203469,0.993536954220641,1.35241076847397
"2015-04-23",0.0426861746729259,0.0296719360524491,0.0125991300141099,-0.0134165889065355,-0.037624170267913,0.0379884684750883,0.154842301910233,0.363011569302077,0.975811373905897,1.34195829142483
"2015-04-26",0.0490064000645465,0.0368959719596698,0.0210551817040625,-0.00289781036643005,-0.0242917821641938,0.0535979681985285,0.16980956891703,0.376640633025439,0.990368336706357,1.36163144093656
"2015-04-27",0.043880880028947,0.0318276386996487,0.0160670873695817,-0.00774157398468084,-0.0288872761868862,0.0497368905349616,0.166590508568224,0.374659501510494,0.99344717924725,1.36889064280963
"2015-04-28",0.057699236701272,0.0440736947765403,0.0261707729214568,-0.00121990648287679,-0.0272208078155112,0.0478557589604992,0.166355113951366,0.37782953386717,0.999302206225671,1.36925534931424
"2015-04-29",0.0478872954004171,0.035896752099701,0.0203205994782049,-0.00283992558074364,-0.0218718668170656,0.0654543006113093,0.187512134200995,0.400669243928762,1.01773191803006,1.38263900824977
"2015-04-30",0.0395377703372966,0.028637362958894,0.0146753759507717,-0.00534220363620552,-0.0184861475181925,0.0828017912530503,0.211110167640298,0.429884236604727,1.04825741130483,1.40757209308212
"2015-05-03",0.0488675809440776,0.0366645376533656,0.0209264303141859,-0.00206622112458077,-0.0192709085368875,0.0787846207439769,0.208175468748283,0.429363617419354,1.04965035986748,1.40526790504766
"2015-05-04",0.0464800120663004,0.0346708735718497,0.0194737830692789,-0.00259936680244638,-0.0185024400524305,0.0808313954696963,0.210049140519072,0.430599165910792,1.04978358969297,1.40574296914029
"2015-05-05",0.0596937528560255,0.047255777252407,0.0313053081708125,0.00832778374725607,-0.00750705624676445,0.0994985903781508,0.23521897213917,0.463605422148975,1.08905976476304,1.43947732006251
"2015-05-06",0.0316508538397823,0.022727359281175,0.01169333626844,-0.0026180423454728,-0.00503586315594801,0.122161829324947,0.262610527851451,0.493280511839123,1.12128236007329,1.47650848871444
"2015-05-07",0.0323238416230126,0.0221387131289859,0.00932853331802438,-0.00814590123374298,-0.0155348215504429,0.104369058430672,0.243798865518031,0.475686374455205,1.11303149632664,1.47512654712465
"2015-05-10",0.0437256323253959,0.0319319851946681,0.0168231881580919,-0.00486043934605423,-0.0192771681762829,0.0879408978554945,0.223619424726842,0.453867669818185,1.09759668490553,1.46697713159037
"2015-05-11",0.0396444367884031,0.02901129802252,0.015688059668114,-0.00230581714203043,-0.00913886654505569,0.119000965388592,0.265351720868229,0.506263904111194,1.1567881197016,1.51969239679506
"2015-05-12",0.0407736347376205,0.0295217606365634,0.0153830967073765,-0.00387636395297514,-0.0120480372081628,0.117665901728173,0.26701479168177,0.51272151573651,1.17321087867859,1.53942126767392
"2015-05-13",0.0430889504336943,0.0312126245161996,0.0161964397443244,-0.00462428792326625,-0.0152712522587591,0.110302340168037,0.258311784921647,0.502810333671816,1.16063491348886,1.52473893859278
"2015-05-14",0.0412279886561986,0.0291528986363953,0.0136803321185382,-0.00854468557418431,-0.0234578685920708,0.084705327900518,0.221582795743464,0.453244209105207,1.0968139734363,1.46340580296929
"2015-05-17",0.042416611486907,0.0304870631173848,0.0151558594806576,-0.00703242330387061,-0.022650842317764,0.0801393656272129,0.21269614990739,0.438540051522464,1.07176886733537,1.43559200853855
"2015-05-18",0.0421332798864866,0.0302573691290575,0.0150420584770797,-0.00680562875928054,-0.0214292695552145,0.0851871857404477,0.220002591105548,0.448136623887066,1.08183188071216,1.44277976036868
"2015-05-19",0.044016062039273,0.0315186757055879,0.0154841175395141,-0.00763184761535429,-0.0235567308014645,0.0853127360791482,0.224076476401339,0.458963343873081,1.11009897600454,1.47981071921494
"2015-05-20",0.0451566210828829,0.0327231735883832,0.01680799640378,-0.00599496979598702,-0.0210646549091542,0.0912295153112763,0.232353509651904,0.470345224422498,1.12748231990642,1.49947139507278
"2015-05-21",0.0457038746865846,0.0335685300324055,0.0180730759456315,-0.00398014811727965,-0.0178489523461726,0.0965470063169402,0.238434950355716,0.477225804389355,1.13641596786574,1.50999875591337
"2015-05-24",0.0454141615225056,0.0332302294894485,0.0176986891660605,-0.00431258274808044,-0.0177599317468957,0.0989668105626774,0.242314217600438,0.482471149869515,1.14067232552223,1.51103323988505
"2015-05-25",0.0460602947916557,0.0335961640215135,0.0176760006661451,-0.00500705185183414,-0.019434678837937,0.0963342422940967,0.239989829548658,0.481203376045553,1.14338039047253,1.51625152718994
"2015-05-26",0.049525543479563,0.036779309450683,0.0203393434336616,-0.00367674909637861,-0.0215922231536445,0.0819081838821889,0.218657756197717,0.453117128620478,1.11493885051491,1.4971861963481
"2015-05-27",0.0501746340462114,0.036230989641891,0.0182117048085432,-0.00825983576475731,-0.0287883407033328,0.0776531362538574,0.220107884740178,0.463639119932798,1.14352945762718,1.53078372820382
"2015-05-28",0.0501978414494233,0.0369561530808801,0.0198462594198785,-0.00526990833596624,-0.0245871068714069,0.0786757950095269,0.216850412294621,0.454034862593228,1.12263805794816,1.50770589715569
"2015-05-31",0.0519624730149766,0.0384824075484369,0.0210713877979273,-0.00446424920147109,-0.0240252646439363,0.0812561764341486,0.22168064819393,0.462245614022697,1.13790395617473,1.52553002186747
"2015-06-01",0.0508087176157825,0.0373162548558756,0.0199234585634586,-0.00546266670326867,-0.0243984288585554,0.0836527493168462,0.225657453362408,0.467543330095103,1.14110602009349,1.52431926263705
"2015-06-02",0.0726061611597786,0.0567101146686507,0.0362203302653947,0.00625468250986727,-0.0167922407617751,0.0994911329004865,0.251570559822871,0.505192638689056,1.17883856296474,1.54252235893032
"2015-06-03",0.0565911949149857,0.0425720760246565,0.0247959648666022,-9.68532866559291e-05,-0.0143248363133889,0.119665336530098,0.278143925439748,0.536266631463794,1.20737265780021,1.56474898291469
"2015-06-04",0.0543278412438502,0.039443934628597,0.0205029621307249,-0.00629331805571337,-0.0229525911712276,0.110030922219257,0.269968875733635,0.530652551845923,1.20567599013763,1.5629395582648
"2015-06-07",0.0562335792874201,0.0410111150608258,0.0216291457756364,-0.00583491033858946,-0.0231460706374689,0.110887070821282,0.272425682591914,0.535446936361041,1.21445067512769,1.57255607782958
"2015-06-08",0.0431181748904114,0.0294924745849811,0.0121460684812666,-0.0123932017914012,-0.0274710659173626,0.0980063420838336,0.249884762305769,0.499903228289442,1.16084182978979,1.51847430447945
"2015-06-09",0.0324304763940553,0.0199687810659173,0.00445689402851807,-0.0161773740748256,-0.0230157572416105,0.12435159971498,0.285626854896321,0.541854393327431,1.18863932520484,1.52492215797475
"2015-06-10",0.0432360059416353,0.0292597978697853,0.0117764510519931,-0.0118492906260124,-0.021705278177357,0.128731533704823,0.294984647861958,0.55739357857456,1.20757232944284,1.53855758614071
"2015-06-11",0.0437145436121345,0.0296349716128044,0.0119585976708243,-0.0121635742955341,-0.0232890828848623,0.123179512861207,0.287665364706452,0.549039244515987,1.20293660812559,1.53870371239398
"2015-06-14",0.0461756709995651,0.0317336922871489,0.0135887652382819,-0.0112364302224688,-0.0230629072923572,0.123855082027519,0.288974519184965,0.550592173242659,1.20061174083866,1.53191784388056
"2015-06-15",0.0466358534947048,0.0319677601959826,0.0134814681118716,-0.0120258200896065,-0.0251630963834408,0.118785365577694,0.282864792567498,0.544061029472092,1.1968073577744,1.53108585534101
"2015-06-16",0.0445000179517635,0.0309945718519113,0.0139861676824184,-0.00940379127927449,-0.0208880853453935,0.117940289831657,0.276639827634649,0.531696345383788,1.18247934625797,1.52319511561692
"2015-06-17",0.0433625881565637,0.0310531198208338,0.0154593576641141,-0.00628956614756876,-0.018097284455981,0.106641045778408,0.254526790710698,0.498188128881825,1.14837265884416,1.50467255961421
"2015-06-18",0.0382890269170348,0.0268757081945425,0.0124171294404188,-0.00772778481598685,-0.0184272517899914,0.100874197726664,0.243019201078355,0.479304948982306,1.12198509265026,1.48169788961179
"2015-06-21",0.0343575355611485,0.0235128432752608,0.00987331554524043,-0.00875858664258378,-0.0169432873965881,0.106017827333612,0.247932683827148,0.481237011294513,1.10671030896532,1.45235056762523
"2015-06-22",0.0380561704072652,0.0267709758569257,0.0126859588826652,-0.00616322132549951,-0.0127449143670394,0.122258408785933,0.272692864946514,0.5154194896968,1.14633648609697,1.48443676637324
"2015-06-23",0.0340795141459583,0.0225891236708852,0.00823324768620901,-0.0110360824270216,-0.0180489286940654,0.117749888559751,0.26958594613099,0.51477116229912,1.1524601018758,1.49428151702932
"2015-06-24",0.0402049964965129,0.0275208471325787,0.0115990626970572,-0.0100854183555472,-0.0196652700203295,0.118050902296557,0.273770938445201,0.524142018156621,1.16608215371233,1.50435569438072
"2015-06-25",0.0375597319415536,0.025545648717758,0.0105190643993428,-0.00972764157912681,-0.0175604488254559,0.120375652734527,0.274661079346307,0.522801193117527,1.16202239575516,1.50102412568026
"2015-06-28",0.0352667138037204,0.0236036754262501,0.00891955314814122,-0.011218043655338,-0.0205723424502791,0.106627699372144,0.253318653941309,0.492868931468212,1.12519445786805,1.46857603882282
"2015-06-29",0.0372776693040089,0.0257098023564648,0.0112111654512613,-0.00842926945503236,-0.0164597183511479,0.115085921249136,0.263791011375756,0.504539735278731,1.13188748931578,1.46845484415481
"2015-06-30",0.0383839482430811,0.0263177801445498,0.0112234561869933,-0.00912905322024626,-0.0171026965353734,0.120395188847685,0.274110840504682,0.52095914386311,1.15472462231668,1.4896116283966
"2015-07-01",0.0338072822980018,0.0220379113242284,0.00752404877065271,-0.0112603597110318,-0.0149766716223787,0.13762803524518,0.299723938208188,0.554707485625901,1.19083775246563,1.51850176790182
"2015-07-02",0.0349889941991754,0.0236177313297998,0.00949832805968964,-0.00912423815044006,-0.014366339189713,0.127698925075225,0.282929441405425,0.531207260639397,1.16815011391053,1.50531829832551
"2015-07-05",0.0414037079879196,0.0295123777499406,0.0145560004461859,-0.00590008351147037,-0.0151637069934819,0.115559957023986,0.265576351260661,0.509954360459501,1.15246347684075,1.50001761798459
"2015-07-06",0.038042231729729,0.0266543528700297,0.0123563077316931,-0.00709033130892761,-0.0152938737140004,0.114713927409799,0.263375101390125,0.506305629389843,1.15061764688345,1.50273625073811
"2015-07-07",0.038175959294714,0.0269256346759382,0.0126763398056002,-0.00716613939203031,-0.0176530839624477,0.100268344320276,0.240648591490486,0.473955760223347,1.10844409588873,1.46354903844058
"2015-07-08",0.0213372981303535,0.0115848123051897,-0.000496465236905164,-0.0162774509101631,-0.0196703715954527,0.112698869860708,0.258429084914891,0.49561907276959,1.12808182086704,1.47745978193998
"2015-07-09",-0.000123836947149663,-0.00729296847527693,-0.0158830588398301,-0.0259193299076307,-0.0218200504051984,0.114859198648603,0.257543352774152,0.489730399394605,1.12313932066612,1.48518650891861
"2015-07-12",-0.0177235522860971,-0.0227336459163809,-0.0283236054551677,-0.0331404875567901,-0.0212068232469289,0.125919170968112,0.270182986982037,0.502287556329807,1.13686182287892,1.50433596199843
"2015-07-13",-0.0172035255494394,-0.0222358859931555,-0.0278038128823822,-0.0324051442804607,-0.0195373924972717,0.131876238384883,0.278689722406309,0.513072661004863,1.14485008363003,1.50518328263349
"2015-07-14",-0.0121827112917562,-0.0175644704722025,-0.0236313706845494,-0.0291482857154534,-0.0178360552516759,0.130323335014105,0.275597775767189,0.508078180226904,1.13491684853188,1.49186177835099
"2015-07-15",-0.01881618753808,-0.0236462511962574,-0.0289938492931639,-0.0334158833936452,-0.0209866891293125,0.126241126595132,0.270089011650586,0.501497611851787,1.13519003636609,1.50311389819937
"2015-07-16",0.0352794412780852,0.0244103915034903,0.0107116306602408,-0.0080992793559389,-0.0167523306999738,0.105523083984193,0.248289043300491,0.484780027446263,1.12755347494437,1.48787296151735
"2015-07-19",0.0541828365565664,0.0409986882538237,0.0241242778007892,-7.33383742824167e-05,-0.0163355389554583,0.0982676421740678,0.241625463024619,0.480896975185134,1.1267620856152,1.48326899296192
"2015-07-20",0.0307770746778904,0.0201640615572615,0.00681326429901391,-0.011421439906724,-0.0193313080964138,0.102991237442388,0.244796142459569,0.47930615532466,1.11590903371434,1.47256898566548
"2015-07-21",0.0312207772445266,0.020514494182339,0.00702506109483661,-0.0114884260534804,-0.0199979207653356,0.0998248829190669,0.239318431765985,0.469686520776277,1.09196903869277,1.43846633915352
"2015-07-22",0.0358074745808689,0.0245589837870499,0.0103501766339637,-0.00930208260581339,-0.0191397336384321,0.100740390248424,0.241352678049287,0.473077735718,1.09413550787278,1.43657906198402
"2015-07-23",0.025626499039226,0.0154726689934034,0.00274872351859648,-0.0144407701106106,-0.0209930449620463,0.101222999456239,0.24085575844507,0.47072784556758,1.09147861799862,1.43778293953821
"2015-07-26",0.0395616656449828,0.0277638882651842,0.0127732430240603,-0.00829788339456394,-0.0204436505800421,0.0958323812365599,0.235960819915164,0.468590443047203,1.09676098641857,1.44502054198303
"2015-07-27",0.029774392696959,0.0191446116063083,0.00572156959114947,-0.0128072229785764,-0.0217721187876686,0.0955428175017957,0.233716541517294,0.463423491762992,1.09106598821294,1.44468081309105
"2015-07-28",0.035905605550847,0.0249715027533195,0.011096844440369,-0.00831177496929053,-0.0189078495609133,0.0948883824198541,0.231902610652287,0.46129839800581,1.09355092397891,1.45241358293193
"2015-07-29",0.0389651861764086,0.0275812162979145,0.0131358383818365,-0.00708353202978496,-0.0182668901504547,0.0979557112273208,0.237464102561427,0.469752793457159,1.10233436454255,1.45659048827345
"2015-07-30",0.0288541123974135,0.0185215446568419,0.00549679305982032,-0.0123875731794398,-0.0205475708665787,0.0970911092315055,0.234896921156643,0.464178506511083,1.09318900891906,1.4494581316677
"2015-08-02",0.0307477136730899,0.0199373680240592,0.00628787837916553,-0.01255160973416,-0.0216854789271722,0.097066029797008,0.236711421315813,0.468413687025051,1.09894074988258,1.45259139555347
"2015-08-03",0.036618686097818,0.025188937830829,0.0106005328203969,-0.0101349279352451,-0.0230260926951332,0.086034838296418,0.221103056453555,0.448650443623594,1.07867512732252,1.43701106073661
"2015-08-04",0.0320350740732794,0.0211308832420342,0.00728195245533209,-0.0121346643894774,-0.0229231297058905,0.0897315243281298,0.226026889682802,0.454767773054708,1.08771957333402,1.44842608768115
"2015-08-05",0.0089596590484573,2.74923861905418e-05,-0.0110022551824293,-0.0252452079842864,-0.0273052856291598,0.102345866374137,0.245184477187536,0.479941775253319,1.12076375354127,1.48447386124096
"2015-08-06",0.00760030100745907,-0.001310190568761,-0.0123178551527588,-0.0265509425248172,-0.0287063992518219,0.100081181811262,0.242119034450308,0.475622566943057,1.11315269037848,1.47502894836536
"2015-08-09",0.0048233726206358,-0.00373568328854451,-0.0143175942436927,-0.02802048406547,-0.0301136167387953,0.094952930172801,0.233864373458826,0.463852508585197,1.10094650560603,1.46843541397247
"2015-08-10",0.00362593850927283,-0.00507506151398522,-0.0158637924733149,-0.0299568728984367,-0.0327286265239862,0.0911539889623062,0.229916154050851,0.460379553772813,1.10145521493854,1.47263549573607
"2015-08-11",0.0025560807519656,-0.00594952496293773,-0.0165948591356825,-0.030873663208445,-0.03546987200381,0.0775523559457876,0.208601817861523,0.430081822278284,1.06409454685094,1.44215924423586
"2015-08-12",0.00691334806298195,-0.00171094127077176,-0.0124639883134726,-0.0267354658199724,-0.0306264817038663,0.0871564119449514,0.221708336191577,0.447355159170043,1.08495987147223,1.46006543452086
"2015-08-13",0.0247397650070627,0.0138406966902491,-5.72641510824534e-05,-0.0197433702313383,-0.0315457428786707,0.0770964594651338,0.211518623074692,0.439550133606497,1.08168447770778,1.45417461979143
"2015-08-16",0.0121124900674677,0.00267365556180069,-0.00916525828290141,-0.0251708137246277,-0.0311225498294691,0.0867419850201975,0.223218493357818,0.451495639300014,1.08880066261782,1.45774667933717
"2015-08-17",0.0265476110376285,0.0154115252159942,0.00117978216814851,-0.0191039863438915,-0.0318771077163746,0.0748661468315994,0.208360372837687,0.435074833635604,1.0727505596134,1.44169817659552
"2015-08-18",0.0304541911466245,0.0189900262587309,0.00431500516427874,-0.0166979591577519,-0.0304222158600694,0.0757540716618267,0.2095932001457,0.436831487915108,1.07376056858498,1.44046898543289
"2015-08-19",0.031075140501615,0.0193883397848238,0.00436720522847628,-0.0173746275813569,-0.032656506702162,0.0687020899775219,0.199613748254142,0.423178649433456,1.05318504315559,1.41720978670364
"2015-08-20",0.0133806365820108,0.00385658011118062,-0.00821645549883751,-0.0250247930550377,-0.0336035856388963,0.0727258461642321,0.201375911009649,0.420090322069208,1.04452506252787,1.41364698332028
"2015-08-23",0.0380334112077493,0.0258275061848482,0.010053469333528,-0.0131063100566722,-0.0309066319282889,0.0648696557121757,0.193231996523635,0.414096857084551,1.03986008639957,1.40230536727029
"2015-08-24",0.0418336023930889,0.029462612136849,0.0135295167325308,-0.009669079357088,-0.0266890417530264,0.0746313407275652,0.207036170297711,0.432623066867214,1.06232542408735,1.4217861205586
"2015-08-25",0.0420357006258198,0.0295853225510353,0.0135408197470191,-0.00985493730920278,-0.0271801520705597,0.0737217122374413,0.206095110834028,0.431806741176983,1.06221354337273,1.42216690029455
"2015-08-26",0.0434186277969043,0.0311528732146961,0.0153889245313015,-0.00743515943267803,-0.0235911211774216,0.0807883805718816,0.215299581365076,0.443821133230958,1.08040817979971,1.44346678926155
"2015-08-27",0.0483107057701174,0.0354663375310343,0.0188939723415603,-0.00535186651862862,-0.0236990046124407,0.0774151890330596,0.211161156062465,0.43927330493085,1.07506521222625,1.43693684506831
"2015-08-30",0.0505130717535724,0.0372327840797818,0.020045376444166,-0.00530052160810546,-0.0253948932935934,0.0730298759895744,0.20627721731991,0.434579895567208,1.07296836775047,1.4368391350705
"2015-08-31",0.0503278115162592,0.0372895827407658,0.0203718672672166,-0.00472625687524897,-0.0252011221403761,0.0690988375897482,0.199572870583029,0.425469716475424,1.06831493483495,1.44138248010751
"2015-09-01",0.0464464887845585,0.0340896808830855,0.0181895161803634,-0.00490518081426766,-0.0215918179175127,0.0813232492385955,0.214986794334557,0.442432843406581,1.07675451193501,1.43870717708814
"2015-09-02",0.0456500719616469,0.0337212530418451,0.0184265083906783,-0.00357991647823558,-0.0185179768434574,0.0872144984748504,0.221510115076334,0.448978304031978,1.08125405948508,1.44150321989726
"2015-09-03",0.0479790866497103,0.0355080286588109,0.0193860337286715,-0.00430985127261685,-0.0226711481159927,0.0736616836339372,0.203033440735106,0.425267355504346,1.0520474883297,1.41311041953314
"2015-09-06",0.0488739726345345,0.0365733564046249,0.0206637251006378,-0.00274540143365715,-0.0209671435153413,0.0739993489622286,0.202069664864468,0.422703292360016,1.04835930394673,1.41088373023449
"2015-09-07",0.0485934207783785,0.0362514850152937,0.0202755536053355,-0.00328176507232764,-0.0218611917200423,0.0716070801346007,0.19842617267085,0.417010238768925,1.03634546193707,1.39465309733113
"2015-09-08",0.0392312763856246,0.0282645222704095,0.0141089885818946,-0.00657753445372783,-0.0218215187348479,0.0719809656847173,0.197103524329391,0.415304460113995,1.05468212536333,1.44005807117423
"2015-09-09",0.0405657759070249,0.0293155769273457,0.0147267567826224,-0.00684402567955672,-0.023854371841052,0.0655817111781193,0.188998569859473,0.406435334204436,1.05195715674171,1.44568188168637
"2015-09-10",0.032903833261671,0.0223154824671446,0.00862137702780247,-0.0114739925475825,-0.0265312795518849,0.0645270490803769,0.187975962906004,0.406063303897053,1.06180735930794,1.46867075031914
"2015-09-13",0.0425585981379273,0.0313589207506979,0.0168579130070735,-0.00450024260494303,-0.0209786341565391,0.0703269543118823,0.19485855383804,0.413510587662151,1.05985793479321,1.45256665623646
"2015-09-14",0.0478706409863066,0.0367651814791149,0.0224324696235119,0.00149164389504131,-0.0139350523309445,0.080820867836819,0.207062306839675,0.426915318406688,1.06929201399389,1.45521747709588
"2015-09-15",0.0483019901119333,0.0372834142952539,0.0230538869865284,0.00223445451727422,-0.0132059397158308,0.080630870550833,0.20626233200409,0.425758636642287,1.0710028575082,1.46124181921545
"2015-09-16",0.0518837100601567,0.0396143034668747,0.0237176687844212,0.000239264010658546,-0.018334616180836,0.0759970974733296,0.205053746912437,0.429500121179377,1.07733253610671,1.45993358515946
"2015-09-17",0.0360727623936211,0.0249561659488324,0.0105722815207085,-0.0105818661736016,-0.0267914046641951,0.064072861041727,0.18734152755162,0.403048933443396,1.03668901491659,1.41903399396654
"2015-09-20",0.066103718542964,0.0514984726432991,0.0322664312994335,0.00267794206182198,-0.0261806414324721,0.0480278171934905,0.169069666228153,0.385576483062511,1.01968502632248,1.39471990074806
"2015-09-21",0.0626207053239309,0.0484494952233637,0.0298209250847294,0.00128313295309007,-0.0259979347775051,0.0502764029502375,0.171561623578084,0.38786989389051,1.02135264972844,1.39673221121072
"2015-09-22",0.0624512881501928,0.0484904664932004,0.0301681000657004,0.00221057355061932,-0.0240271073187753,0.0546335660894757,0.177054313902101,0.394610753516487,1.03020252053754,1.40643456586396
"2015-09-23",0.0555698296446535,0.0424539122107682,0.0252886963303699,-0.000713628084887397,-0.0242257703866716,0.0568726474166068,0.178741665926454,0.394793768462108,1.02867211900665,1.40685831504505
"2015-09-24",0.0427146511092135,0.0309493616267636,0.015627939033705,-0.00728046124360243,-0.0265639971796744,0.0577436638398636,0.178191252619663,0.391100222205024,1.02104113391083,1.40238218780709
"2015-09-27",0.049214088786139,0.0367303017819061,0.0204850649494925,-0.00377400550426005,-0.0241521209480078,0.0641099513989414,0.189384377627445,0.40917536741919,1.04935233223149,1.43007304867125
"2015-09-28",0.0489626413772118,0.0364011885062204,0.0200130438329075,-0.0046141335262872,-0.0259737065787935,0.0585699475347994,0.181472129894244,0.398448857175899,1.03507849080119,1.41607632225406
"2015-09-29",0.0537799161929153,0.0411548970315546,0.0246935656229721,-6.69749930726216e-06,-0.0212637735232131,0.0648753521386199,0.189380124663455,0.408953595351955,1.05272414064224,1.43786895023517
"2015-09-30",0.0516365589298564,0.0387497630075563,0.0218910983650361,-0.00361493866891865,-0.0264915727878931,0.0551998162526792,0.177328951945256,0.394289410585512,1.03488599337843,1.4200903798676
"2015-10-01",0.0460260958012078,0.0336749093698664,0.0175253183852494,-0.00686897659076585,-0.0285255307160766,0.0521081901007612,0.171906087479885,0.385204031794592,1.01951407186804,1.40436798578833
"2015-10-04",0.0622092743341222,0.0477259760213929,0.0286175646586349,-0.000909394838831901,-0.0302064836352109,0.0407395901504016,0.159574621998003,0.373932699264,1.00969263124341,1.39040746713621
"2015-10-05",0.0458521297839891,0.033270728934102,0.0168062008320182,-0.00811903242632389,-0.0305116035509871,0.0494801215422257,0.169429330465107,0.3831044215273,1.01753738412174,1.40143178901993
"2015-10-06",0.00343440114602861,-0.0051679583735708,-0.0160815183873314,-0.0312827680623504,-0.0388910820101133,0.0611432179741337,0.183705269076414,0.395498401907284,1.02198932729956,1.40779240965238
"2015-10-07",-0.00221017843198007,-0.00995832930148359,-0.0196819189961463,-0.032807938948369,-0.037319142899833,0.066206023730302,0.188287722014232,0.39754816775977,1.01380072076171,1.39321237789405
"2015-10-08",-0.00273073740223701,-0.0102427471664126,-0.0196581433170729,-0.0323175844352783,-0.0363882317187073,0.066125404674042,0.186728268160295,0.39371790025932,1.00588561250593,1.38487783919817
"2015-10-11",-0.00638939003650015,-0.0134842307510605,-0.0223301147440839,-0.0340347791725406,-0.0368099410873376,0.0665464994278521,0.186519765953434,0.39218259287891,1.00216738773024,1.38187398661032
"2015-10-12",-0.00381344289533756,-0.0114087011371052,-0.0209544333166556,-0.0338906810895459,-0.0385563818933173,0.06216202654036,0.181753715831272,0.387628323616964,0.998737408444758,1.37828242883453
"2015-10-13",-0.00137265399071225,-0.00927513040399407,-0.0192783412958253,-0.0331126749053778,-0.0394773372280217,0.057262862957781,0.175242224489466,0.380081454420739,0.99441442975059,1.37938482670411
"2015-10-14",0.0595155069143225,0.0462893141724572,0.0289073956973708,0.00231265951751691,-0.02285251330246,0.0518967722910464,0.169840521521708,0.381550957981984,1.01223941345368,1.3936560001884
"2015-10-15",0.0522873409986699,0.0398492739961557,0.0235546401576353,-0.00117772068714794,-0.0236681204775573,0.0537350985859403,0.171168703920725,0.38103988142904,1.00678618419736,1.38688077279857
"2015-10-18",0.0510692991272626,0.0388515839902727,0.0228859312905602,-0.00119736839106449,-0.0224457752984928,0.0579989467550548,0.17681274098083,0.387889117888394,1.01341523897737,1.3916022747879
"2015-10-19",-0.00361283164486263,-0.011306139432322,-0.0210078140879617,-0.0342788516139921,-0.0396480977912504,0.0594371735923289,0.178720405857964,0.38537795911888,1.00516851085127,1.39425722936304
"2015-10-20",-0.00302378167522114,-0.0107390710166129,-0.0204697769836222,-0.0337839189173216,-0.0391755484510405,0.0603661655274854,0.180341109844651,0.388447455133574,1.0141810387969,1.40817365591064
"2015-10-21",-0.000683037342052151,-0.00863692183444809,-0.0187112961384567,-0.0326661722432245,-0.0391836192949824,0.0577698318808764,0.176361919601234,0.382602252283936,1.0029340941478,1.39289180119849
"2015-10-22",-0.00389267910163366,-0.0116625820252465,-0.0215016453288078,-0.0351181300776137,-0.0413924588859331,0.0542601704578362,0.171315576699569,0.375281160690167,0.991695243293178,1.38143826187642
"2015-10-25",-0.000149250063660646,-0.00852986343412052,-0.0191759705761871,-0.0340516943938891,-0.0416782185967487,0.055431113929364,0.175346834739288,0.3837057671876,1.00658119896434,1.39471774691963
"2015-10-26",0.000608140447405408,-0.00783643223265421,-0.018602537545865,-0.0337933355627736,-0.0422740860520737,0.0515750406621436,0.169443688775024,0.375489332497218,0.996633350180902,1.3868086680531
"2015-10-27",-0.00296550073933025,-0.0113975760296781,-0.0221670668317382,-0.037434414887157,-0.0462818040508214,0.0457086289592125,0.162329154888372,0.367011732405596,0.987969866479058,1.38059065395552
"2015-10-28",0.00043783622449254,-0.00843403194629375,-0.019814994866842,-0.0361449926430995,-0.046567355360445,0.0436713999206164,0.160514472795104,0.36636006097952,0.991563261058285,1.38636662285826
"2015-10-29",0.000721183571532835,-0.00810959518598046,-0.0194314601160737,-0.0356518811701297,-0.0458859938414899,0.0447297775260509,0.16171705894459,0.367683654868824,0.992953759661079,1.38771173825771
"2015-11-01",-0.000261449366303543,-0.00900195188668533,-0.0201775080721201,-0.0360715422306747,-0.0455538954238966,0.0475881485148348,0.166146502232231,0.37402526005949,1.00211801214294,1.39707347689611
"2015-11-02",-0.00752599565363766,-0.0154676879612098,-0.0255286723318878,-0.0394695155116553,-0.0459787430128203,0.0512413461378147,0.170411751690287,0.37814365283507,1.00612670621765,1.40323982483863
"2015-11-03",-0.000618698225708647,-0.00945274578941829,-0.0207326435330456,-0.0367200539316779,-0.0460227183145335,0.0491914430554279,0.169456173019521,0.379502306105643,1.00986265750775,1.40337182489985
"2015-11-04",-0.00293042932756219,-0.0113565758631448,-0.0220784859380733,-0.0371261421231431,-0.0451349968794459,0.0510813207017732,0.17090748852466,0.379971209564465,1.00929782350632,1.40434580703125
"2015-11-05",0.0525006575190804,0.0393519482168806,0.0220494435328085,-0.00449787717277195,-0.0298772950788924,0.04360960651107,0.16126689026527,0.37399169478777,1.01589271405309,1.40947966515004
"2015-11-08",-0.0167161968074977,-0.0240938608411542,-0.0333137997571469,-0.0455938034806712,-0.0488868642595083,0.0568884129029464,0.180753849425153,0.394099013950246,1.03210561493402,1.43279526655126
"2015-11-09",-0.0165242033915562,-0.0243471819039325,-0.034228095523627,-0.0478010194933859,-0.0535404250757051,0.0462647299518154,0.167343131505477,0.37807297871907,1.01538796053376,1.419191002792
"2015-11-10",-0.0152772944784435,-0.0229719345873913,-0.0326757190282877,-0.0459443323106259,-0.0512386129745375,0.049136182220812,0.170334221077646,0.381221900686934,1.01991233951973,1.42556021647337
"2015-11-11",-0.00761330351817755,-0.0161917086599524,-0.0271455175563495,-0.0426605257105457,-0.0515611316539095,0.0430282897490898,0.162947175658486,0.373810083868901,1.01651012338606,1.4252103765767
"2015-11-12",0.0324686720476295,0.0211813983298759,0.00639850960417168,-0.0159917286068861,-0.0359246419750612,0.0407467501494004,0.156297808913399,0.365950043320051,1.0153298185735,1.42830983060495
"2015-11-15",0.0405246872545239,0.0281579346904886,0.0118883324393815,-0.0130415046811302,-0.0366092130067972,0.0363066896099443,0.152159230823494,0.363212031676385,1.0129468652772,1.42113886399452
"2015-11-16",-0.0346086710402846,-0.0406136348158482,-0.0480371260054095,-0.0575734313126611,-0.0581301219710741,0.0435264941194191,0.161141574077567,0.36643792212122,1.00565040666133,1.42873942120302
"2015-11-17",-0.038273745595881,-0.0444172363048129,-0.0520306745827584,-0.0618867339459324,-0.0628709718419851,0.0387255044738024,0.156931868265552,0.363561896211597,1.00767373848136,1.43424448750872
"2015-11-18",-0.043549554306516,-0.0494986317254207,-0.0568236586111662,-0.0661173634207138,-0.0660528718400092,0.0378720869487528,0.156883439202278,0.36371981622244,1.00357374610517,1.42432682632094
"2015-11-19",-0.00648409147242267,-0.0147247260394031,-0.0252534598551098,-0.0401791931372096,-0.0487258992033927,0.0435500273527927,0.161294748064692,0.369919608186318,1.01651146341154,1.43590209928446
"2015-11-22",0.100405953679365,0.0805532258187307,0.0540713907642411,0.0120273633553974,-0.0348660941504801,0.0205292170468311,0.144217191077192,0.372332461227505,1.04217790589818,1.43202324513112
"2015-11-23",0.00210407142500339,-0.00660345982968377,-0.0177598794681421,-0.033705555979068,-0.0435258988480812,0.0484310254629443,0.167044432605827,0.376802783360484,1.02093949317551,1.43342146212604
"2015-11-24",0.0067349140621763,-0.00173212416179735,-0.0126205356376236,-0.0283279210252696,-0.0386207569757424,0.0479257152298522,0.162088525694724,0.366246963456936,1.00550361557376,1.42362499353988
"2015-11-25",0.00798251518291237,-0.000632433129281212,-0.0117568573391039,-0.0279790641216692,-0.0394190076644062,0.0435137054271679,0.155609611013489,0.357536743368167,0.995523095169815,1.41621376828931
"2015-11-26",0.0252475969874163,0.0149978128491337,0.00161957154173351,-0.0184580758867447,-0.0354214155812586,0.0419699680807678,0.154835843796256,0.359562293158593,1.00004271545481,1.41368707038297
"2015-11-29",0.0331926274946298,0.0219019782016829,0.00709124907109115,-0.0154281348152044,-0.0358558519801718,0.0383013030804606,0.151924701516253,0.358907228279902,1.00294893832736,1.41413326983487
"2015-11-30",0.0336087617107823,0.0220580101782203,0.00689542529893691,-0.0162030091399913,-0.0373789268795696,0.0364788226313433,0.150582875762728,0.358365291687095,1.00270357702354,1.41208080920042
"2015-12-01",0.0222913025051653,0.0116603763995531,-0.00217997623276855,-0.0228292739440618,-0.0398064839735087,0.0424092604585106,0.159676495205974,0.37007419994165,1.01570106617481,1.42397083117582
"2015-12-02",0.0287562588149951,0.0172338830500275,0.00215443075636904,-0.0206499592378764,-0.0408476938185785,0.0373145669491175,0.154281547252453,0.365384975976504,1.01240880430381,1.41900111202062
"2015-12-03",0.0174834269571193,0.00726845226947663,-0.00598004152766921,-0.0255524623514734,-0.0407446145842134,0.0447939344613669,0.163275095776485,0.374785869132222,1.02236871912304,1.43206007347725
"2015-12-06",0.0247241274513392,0.0135433671957173,-0.00104794506754341,-0.0229565997774765,-0.0416385064271863,0.0395809282823494,0.157869258873184,0.370455742455013,1.02098001288331,1.43008296045581
"2015-12-07",0.0243325421179688,0.0130866024461949,-0.00162104021266321,-0.0238217622240471,-0.0432757306994773,0.0348661180458429,0.150983658011136,0.360629661573795,1.00516599609792,1.41197018497243
"2015-12-08",-0.0117562948871648,-0.0201934906808971,-0.0310053036042503,-0.0464605904274861,-0.0559575025699581,0.0338173703443018,0.149871327958924,0.355722572414365,0.992131250114508,1.40294568440942
"2015-12-09",-0.00944891019562319,-0.0182978901604657,-0.0296715094350402,-0.0460692869172076,-0.0568608545646648,0.0317476312879049,0.147891702388521,0.353823547490465,0.986434142365171,1.39089420993384
"2015-12-10",-0.00684326759908611,-0.0157922332146672,-0.027279005612332,-0.0437857816878045,-0.0544277071484676,0.0360827495609706,0.153707187434786,0.361292759888296,0.993656793434366,1.39425240477964
"2015-12-13",-0.00789407597802926,-0.016753409697384,-0.0281521454108321,-0.0446302004941695,-0.0556729157638685,0.0318853719343244,0.14736178531967,0.352570968449733,0.985032520558375,1.39071972042382
"2015-12-14",-0.00913338493409199,-0.0178871829417792,-0.02916382940551,-0.0455137713445074,-0.0566688861948147,0.0290200498340371,0.142943349757907,0.346261943789979,0.977730054524702,1.38622171173789
"2015-12-15",-0.00434824143092578,-0.0131685182313604,-0.0245482641971346,-0.0411153139576755,-0.0527396183234801,0.0313984465774939,0.144271521913389,0.346104908070316,0.973856623352877,1.38021174670896
"2015-12-16",-0.0111150372247607,-0.0189847423413983,-0.0290592497290755,-0.0434135349186338,-0.0519549061276989,0.0345376057498664,0.146084644851461,0.344712026743292,0.965461804369381,1.37170099625426
"2015-12-17",-0.0022952028266466,-0.0124103577322013,-0.0255299677805808,-0.0449277654105893,-0.0601487572722048,0.0219448914512994,0.135523240948059,0.336841151809802,0.94280519715527,1.3184256077792
"2015-12-20",-0.0352220332971314,-0.0426279652297706,-0.0519544371921418,-0.0646648360997589,-0.069591088953407,0.0267951892705698,0.142134226859202,0.341336857484482,0.93558042623536,1.30649782925489
"2015-12-21",0.00882098769277133,-0.00298374040834351,-0.0183770822485245,-0.0414807346948018,-0.0613903773637439,0.0189650661122017,0.135223343141684,0.340290435979748,0.941605555215539,1.30137094740792
"2015-12-22",-0.0173234690173216,-0.0260286341410197,-0.0371540020815695,-0.052970189013403,-0.0624624997196637,0.0284908736823929,0.143571974355501,0.343745956552735,0.938004631030417,1.30405506392313
"2015-12-23",-0.0201266768774506,-0.0283420585090882,-0.0387860635521818,-0.0534150670723628,-0.061124462243371,0.032138656075376,0.147458419390125,0.347357556752457,0.941084211944042,1.30808715660513
"2015-12-24",-0.00562804189925828,-0.0149979916889679,-0.0270399352662817,-0.0444249778221359,-0.0561720831871915,0.0324383310616775,0.147746470676311,0.348966543758436,0.944791813640776,1.30943834950368
"2015-12-27",-0.0132263979027713,-0.0219983036482734,-0.0332385317147784,-0.049329404245908,-0.0594977165882951,0.029159510745138,0.142943472578081,0.341836589930673,0.936279407645771,1.30478842787567
"2015-12-28",-0.00135973726741461,-0.0111506095377012,-0.0238370324017368,-0.0425426959132958,-0.0569589184032625,0.024699184205473,0.136898311926726,0.335859203215591,0.936799197275621,1.31113176155931
"2015-12-29",-0.0367097068734743,-0.0432889472379204,-0.0515153822279538,-0.0624803041074303,-0.0654021624337482,0.0300881994294622,0.142576484539231,0.337596415668959,0.929123285842293,1.30687900506634
"2015-12-30",-0.0367383939812733,-0.0434059699412291,-0.0517501644351907,-0.0629027881662965,-0.0660441156252999,0.0295049483807334,0.14225776758963,0.337646247566385,0.929124848347014,1.30582705387388
"2015-12-31",-0.0560408667959874,-0.0609200907119789,-0.0667857232744808,-0.0736532736091492,-0.0704902385133597,0.0323655401563003,0.145118399653704,0.33841147943181,0.927759992150235,1.3110717536758
"2016-01-03",-0.028002399611538,-0.0353768003396348,-0.0447331602648707,-0.057746971451596,-0.0640274497573258,0.0256164421404826,0.136405233902224,0.330547253503665,0.923327076876809,1.30239356929247
"2016-01-04",-0.00360137557061411,-0.0127430727644172,-0.0245937131988545,-0.0420768521705999,-0.0555233002234801,0.0220862421007434,0.12922866355022,0.320557406486577,0.90748327501371,1.27981000475632
"2016-01-05",-0.0277797754812611,-0.0352958167590775,-0.0448806880360552,-0.058402516059521,-0.0658574081290333,0.0196797081051399,0.127720754983375,0.318181367386368,0.903319475578496,1.27925586791368
"2016-01-06",0.0291499849474665,0.0166434964237621,0.000102786299757907,-0.0255847624394119,-0.0514795765552998,0.00912771516683852,0.11364909321875,0.305314853035806,0.891469412321461,1.25440609574708
"2016-01-07",-0.0129986025313121,-0.0221581205293429,-0.0340652838716628,-0.0517601067263703,-0.0659651378470233,0.00763653230156169,0.111402033819441,0.297482688075861,0.870053031605378,1.23377632699159
"2016-01-10",-0.0675882646161984,-0.0716074901189992,-0.0763656807316961,-0.0816196351497239,-0.0772529434669451,0.0189907978662779,0.123288392200325,0.302807063859605,0.859520875519233,1.23036341982716
"2016-01-11",-0.0176533380239736,-0.0262273183382818,-0.0373441238401062,-0.0537463133009104,-0.0663255927319752,0.00741995152639774,0.109465287768524,0.292478360669372,0.859431026595302,1.2233140094202
"2016-01-12",-0.00659744567712355,-0.0163320412244427,-0.0291083322044872,-0.0485533730100514,-0.0662330483188387,-0.00188360809911658,0.097188822197815,0.27853973104905,0.848625957424328,1.21694470438356
"2016-01-13",-0.00818093218905191,-0.0180251340361862,-0.0308973686882178,-0.0503116885383865,-0.0672006829337981,0.0029004445113725,0.106859323296116,0.29529674738077,0.880586037565016,1.25465163473943
"2016-01-14",0.00828561162813317,-0.00261061784239337,-0.0169751150451057,-0.0390841412294566,-0.0603355231246027,0.00271705507031794,0.105235113818716,0.294112967857951,0.88750150026877,1.26867384404451
"2016-01-17",0.008653791346386,-0.0021735750820097,-0.0165052880332865,-0.0387761161842801,-0.0610827988302141,-0.00438095104822456,0.0931206750044067,0.275132882208843,0.856103566893248,1.23468230007592
"2016-01-18",0.0101186637276375,-0.000502778982489974,-0.0145273897050996,-0.0361926296269346,-0.0573363292155011,0.00230464795343222,0.101246100356699,0.284698141621468,0.866566161933045,1.24399019602208
"2016-01-19",0.0145244885377616,0.00428967630093124,-0.00922953872126077,-0.0301272842402675,-0.0505398045672598,0.00744288718377872,0.103923565022982,0.283571632025591,0.858706544171744,1.23588589784674
"2016-01-20",0.0182995993874235,0.00821459247915014,-0.00507237624390554,-0.0254874247091259,-0.0449189557950108,0.0153847354032396,0.112512420525341,0.291712364790909,0.858152573858258,1.22501450021648
"2016-01-21",-0.0105175707561207,-0.0186055448435735,-0.0290667116245056,-0.0443994059894749,-0.0556548538908503,0.0178963616975436,0.118087305476373,0.29765251482046,0.856152578645561,1.21702500118484
"2016-01-24",0.00375848620173675,-0.0062625626343959,-0.0194020520360755,-0.0393614562134133,-0.0574032105830653,0.00854235918174484,0.109143103574059,0.291923339182587,0.857833892581596,1.21712962052102
"2016-01-25",0.042851054500143,0.0293305332620658,0.0113238624733849,-0.0171124519809733,-0.0478742172733516,0.00162927217774955,0.100543306940548,0.285281684892393,0.854931845851977,1.20748940059675
"2016-01-26",0.00226772599728416,-0.00783011891322753,-0.0210776321422195,-0.0412330275737331,-0.0596232623556983,0.00514954665267142,0.104620751638423,0.285135307685392,0.841317291338935,1.19216185530788
"2016-01-27",0.00863520361946993,-0.00220632906411321,-0.0164662473298017,-0.0383068391399033,-0.058923494198035,0.005019985968297,0.106386629985122,0.290777760352935,0.85681499280919,1.21129023060143
"2016-01-28",0.0223487221300744,0.00647560163255445,-0.0149933314700151,-0.0501071997886535,-0.0932013826849607,-0.072499810020468,0.0134159001802839,0.185978715870604,0.749390146822094,1.11095722963884
"2016-01-31",-0.0508212444130988,-0.0658454185621938,-0.0860670772714604,-0.118783597595281,-0.157487232168102,-0.12686498620911,-0.0367919676395694,0.139137582744598,0.700864911028446,1.0560457580331
"2016-02-01",-0.0643216361116217,-0.0790410064977138,-0.0987728037156806,-0.13040353021603,-0.166589674075805,-0.126870458967913,-0.0303576530619001,0.154794911194457,0.739448247181432,1.10743436509725
"2016-02-02",-0.0851848424490778,-0.100335056470701,-0.120673998933415,-0.153385179788116,-0.191247202644278,-0.153563144512518,-0.0567015216294835,0.130405632951513,0.724935107391869,1.10086382200564
"2016-02-03",-0.0469642891571427,-0.0668669052819716,-0.0937743032134316,-0.137783562177495,-0.192082663815099,-0.172556986813189,-0.0748462904500962,0.119320406496319,0.729595896108283,1.10314812869658
"2016-02-04",-0.0891134656582799,-0.106721101769807,-0.130526073781169,-0.169428530197133,-0.217067604512639,-0.193691637350318,-0.0985127558221848,0.0919952542085369,0.710464788249337,1.10497485515319
"2016-02-07",-0.0919533669914777,-0.109186002488849,-0.132462811158511,-0.170424460604517,-0.216587894028747,-0.191120240211105,-0.0957626968810977,0.0941053091069134,0.708596008262831,1.10008016112198
"2016-02-08",-0.108323963022207,-0.128412697630227,-0.155705804160097,-0.200801887714559,-0.258097415745722,-0.248261009850923,-0.154288389136066,0.0399976374785045,0.681213546162002,1.09206766146101
"2016-02-09",-0.112761794998835,-0.131578052286178,-0.157072433464796,-0.198938941988016,-0.251054124208055,-0.232847740453743,-0.136905761866348,0.0577393628910374,0.694612968240167,1.10213895126958
"2016-02-10",-0.118040868722853,-0.133873847518731,-0.155211148237425,-0.189812903484687,-0.2309537074355,-0.198374921672836,-0.101034512586271,0.0913852655796297,0.72097558900691,1.13027035790242
"2016-02-11",-0.100590412291938,-0.115472982542101,-0.135475876632315,-0.167710204003283,-0.205138921162001,-0.166789981166829,-0.0680010567163704,0.125261450534295,0.756846786075332,1.1694797688969
"2016-02-14",-0.0942467623611841,-0.106908115093838,-0.123856820017301,-0.150895713603118,-0.180998885006717,-0.136183707047379,-0.0394177220792556,0.148383388247216,0.770910899829737,1.1885489226914
"2016-02-15",-0.0909936618099988,-0.104141075774961,-0.121889427418501,-0.150751913669814,-0.185199868099707,-0.156005539974712,-0.0697220748236775,0.104238114341895,0.700226131952717,1.10952361864308
"2016-02-16",-0.0951540376801511,-0.107110826366896,-0.123168909224635,-0.148979468593789,-0.178524119034697,-0.142198013764072,-0.0556484985950757,0.114663791738897,0.686491958378411,1.07382559686678
"2016-02-17",-0.0370375649722036,-0.0569836630750432,-0.0841079059450513,-0.129030096366995,-0.186632329064775,-0.182514116638638,-0.0955348865787473,0.0853224231438644,0.677177766507213,1.05076795143942
"2016-02-18",-0.0724086272798293,-0.0913372975398264,-0.117039982301522,-0.15945939170721,-0.213176154727378,-0.202794236580545,-0.113674430265287,0.0697214290452963,0.671673802078011,1.05541183173317
"2016-02-21",-0.056090956194157,-0.0775103415761112,-0.10664978855841,-0.154969108984008,-0.217284806023127,-0.217370153603037,-0.12956209309723,0.0534288840711259,0.645172371172517,1.01218293350105
"2016-02-22",-0.0922847651862791,-0.108823892860182,-0.131275351484813,-0.168286646050534,-0.214856203271107,-0.201552610274616,-0.118039895298191,0.054027679407512,0.629307684875832,1.0054593496579
"2016-02-23",-0.0782328162651059,-0.096292089741625,-0.120994321818922,-0.162394990047225,-0.217258926175479,-0.22466342049695,-0.151569270020709,0.00918503642032631,0.569699815269809,0.944718896590063
"2016-02-24",-0.059439677231583,-0.079902841981978,-0.107921682112192,-0.155019532770613,-0.218234786304133,-0.236681931212286,-0.166329426529577,-0.0094006092162241,0.524299917048378,0.866861516549046
"2016-02-25",-0.0792415490524769,-0.0986875765781735,-0.125309484625571,-0.170031430963213,-0.229862175380993,-0.244585434806425,-0.17400053232763,-0.0171014739108368,0.522021568928638,0.87355604733657
"2016-02-28",-0.0700894397334004,-0.0905337245751898,-0.118553286646355,-0.165740158060651,-0.229373798735545,-0.249502612129336,-0.179758008901105,-0.0224736411065082,0.519478325084689,0.871698896168895
"2016-02-29",-0.0814901170606944,-0.100365896096236,-0.12621850014662,-0.16969449642644,-0.228081214455712,-0.244723610785969,-0.17877513736516,-0.0312974951930767,0.474329931638792,0.802051311465258
"2016-03-01",-0.0148229789312697,-0.0388617413086089,-0.0717887312358696,-0.127237003651447,-0.202433148400088,-0.235592377403068,-0.168319375912152,-0.0157594538841526,0.484500983535161,0.788171472348071
"2016-03-02",-0.0917914794455482,-0.105872970445998,-0.12504734143365,-0.156872732487006,-0.197814469357003,-0.193799354173005,-0.128974685126006,0.00772069388124197,0.470705660595104,0.774980533420307
"2016-03-03",-0.0900193434958972,-0.104506006337485,-0.124270595359826,-0.157220873037805,-0.200239510106546,-0.201749107926917,-0.140421445290824,-0.00895119833065328,0.437810939102936,0.730126351996295
"2016-03-06",-0.0847603088136437,-0.101341577747622,-0.123978473807845,-0.161796621233936,-0.211671288319374,-0.22003856625461,-0.158336517951118,-0.0252369321465521,0.415985341295156,0.694078118214782
"2016-03-07",-0.065363941621505,-0.0867311026436363,-0.115812328229834,-0.164194584337699,-0.227978518846221,-0.249181818356529,-0.189824096467032,-0.0647432796076316,0.307337882791179,0.513303779230369
"2016-03-08",-0.0786526144172542,-0.0932805852827754,-0.11316651159331,-0.146075934726607,-0.18815955511557,-0.184019681969064,-0.11907686303378,0.0156434697037942,0.456910251342511,0.73614854764102
"2016-03-09",-0.0851211299635016,-0.0973571280579184,-0.114049583119096,-0.141844201558392,-0.177798544992419,-0.173460283562422,-0.113535359972385,0.0153291398003736,0.472155730912246,0.789024830577626
"2016-03-10",-0.0773496029098591,-0.0899980113995947,-0.107217264469651,-0.135767873650981,-0.172265494339951,-0.165152490411492,-0.102071702036201,0.0311344493129552,0.492360209670119,0.804906465288593
"2016-03-13",-0.0744100929881801,-0.088126959021566,-0.106899279223971,-0.138384447605082,-0.180115944828367,-0.184540453171973,-0.126521995188188,0.00176518828749828,0.458093384386441,0.771208521177019
"2016-03-14",-0.0533307494662226,-0.0666392524062993,-0.0848250101242745,-0.115240709289872,-0.155306212083165,-0.159005672219475,-0.103925660257485,0.0159854688841449,0.430371055927779,0.705660331311159
"2016-03-15",-0.0959316722400734,-0.107492808832584,-0.123271232955835,-0.149573227045664,-0.183752894193092,-0.181473930428449,-0.127040784202394,-0.00968879314531068,0.403736316580862,0.687516600020068
"2016-03-16",-0.0872427299589504,-0.101606484247875,-0.121137045487887,-0.153490586865296,-0.195117361088153,-0.194837969637222,-0.136182627178425,-0.0145626006582237,0.375468503021675,0.615283554962984
"2016-03-17",-0.0758366905374581,-0.0942350832486841,-0.11923992096985,-0.160699593626681,-0.214719649972183,-0.226885647548203,-0.169774596942234,-0.0518008747720502,0.299869281498859,0.49671149863879
"2016-03-20",-0.0352424273653798,-0.0593996349234928,-0.0921366566477235,-0.1461890495311,-0.216423826794085,-0.239824342129377,-0.179971453629172,-0.0589000522855112,0.273567348841688,0.443552690989224
"2016-03-21",-0.0468302640914063,-0.0702205354043713,-0.10181935110919,-0.153653812397568,-0.219767954978817,-0.233984032342843,-0.170543345328255,-0.0468458791845097,0.284609037373224,0.451682508044074
"2016-03-22",-0.0841074505808966,-0.104537621307141,-0.132152603442476,-0.177451060846411,-0.234874409246025,-0.240227959067924,-0.174885063836542,-0.0471220037434137,0.309463563062226,0.497902104591162
"2016-03-23",-0.037050929213149,-0.062561301722404,-0.0971451794927438,-0.154255400268055,-0.228252784081929,-0.248331063597509,-0.178443311756574,-0.0372128553284203,0.359620799489266,0.568137795001794
"2016-03-24",-0.0789472649808898,-0.100760158180274,-0.130262020184378,-0.178715027674289,-0.240342571331411,-0.247238739743527,-0.177999380160992,-0.0418224331231271,0.340549048583129,0.543591911653875
"2016-03-27",-0.0777698287933849,-0.100119292314925,-0.130303537101084,-0.179736723904741,-0.242148099009893,-0.246870322136391,-0.175321755971197,-0.0365215404743062,0.346936676963481,0.54776282797786
"2016-03-28",-0.0384566131744236,-0.066186578965397,-0.103553245954,-0.164539574757603,-0.24129134201266,-0.252497063850302,-0.175096634715905,-0.0279966625061283,0.356111215254186,0.545953242791904
"2016-03-29",-0.0437250489257651,-0.0710398569332735,-0.107860485608081,-0.167996055993451,-0.243789502176744,-0.255104126053471,-0.178518706101939,-0.0324658817174036,0.350934149230703,0.541321769251719
"2016-03-30",-0.075869579095148,-0.0969207718492755,-0.125138883794189,-0.170623177173042,-0.225371524261012,-0.212137146339189,-0.133633556630797,0.00953195963098696,0.385276428804201,0.575383114981516
"2016-03-31",-0.036261057184218,-0.0620076644191754,-0.0965213828614051,-0.152276942306678,-0.220620662770134,-0.222497549629377,-0.149045241364109,-0.0160370203089658,0.312339222861677,0.467621999434056
"2016-04-03",-0.0696970139526096,-0.09314816491271,-0.124555930962188,-0.175177689664197,-0.236689160216997,-0.23349210578164,-0.161968873070355,-0.0333762532388996,0.285329950344976,0.437109374431654
"2016-04-04",-0.0354508656281147,-0.0623352345308389,-0.0983000924537681,-0.156178527198477,-0.226520095797542,-0.227156095026323,-0.152352888946316,-0.0193557811875614,0.300103129051903,0.447742707142606
"2016-04-05",-0.0736493499504139,-0.0968886733545489,-0.127946878397941,-0.177764875860417,-0.237321152627304,-0.226672647739729,-0.149809686698886,-0.0137118359672126,0.322097407139925,0.482208656807227
"2016-04-06",-0.107110815061799,-0.12802858963376,-0.155800088850981,-0.199712465822162,-0.249857754001996,-0.225220780191268,-0.146513587921756,-0.0130031017326725,0.305425922691016,0.454196867541822
"2016-04-07",-0.315470714072344,-0.313187665577835,-0.309409422777326,-0.300674896962694,-0.279157887812981,-0.193180949278831,-0.126908581853329,-0.0253213632263644,0.262596024804356,0.449336170831671
"2016-04-10",-0.275304778270741,-0.275748726865586,-0.275831474904248,-0.274050147830645,-0.263760620517322,-0.196401351935442,-0.134980593657391,-0.0353755380698933,0.255531268082004,0.441636602041128
"2016-04-11",-0.319536292989006,-0.317484149010561,-0.314043024785207,-0.305951218292406,-0.285605711225264,-0.202432485426756,-0.137601986072112,-0.0377541142699035,0.246381384424091,0.430889358586005
"2016-04-12",-0.322047377184815,-0.318919308719549,-0.313960834374006,-0.303157966685025,-0.278519450128151,-0.188819291980776,-0.122804910147864,-0.0233236235577907,0.256870246460755,0.440830248984544
"2016-04-13",-0.319738442722315,-0.317118822120514,-0.312866725093177,-0.303290147752554,-0.280469487157853,-0.192903884417334,-0.126888369400803,-0.0268019046247931,0.25323092553238,0.433220055633845
"2016-04-14",-0.165562023048502,-0.180020959414925,-0.199332776408128,-0.230178851070804,-0.265974712088086,-0.244438793429192,-0.178255201681444,-0.0591786458222521,0.259462098951949,0.425662669281437
"2016-04-17",-0.169267906184581,-0.18278753896574,-0.200864145043532,-0.229797522769678,-0.263555138300796,-0.243902938838077,-0.181540701462681,-0.0683860275412685,0.238555313804815,0.40073800765428
"2016-04-18",-0.151574003723034,-0.168438209188501,-0.190987641818898,-0.227146737552618,-0.270009528542942,-0.255676520281767,-0.191037666192765,-0.0752907170167785,0.222569252267372,0.370980102134132
"2016-04-19",-0.162613068386407,-0.17899249184759,-0.200826915107686,-0.235622653752853,-0.276150043827466,-0.258846535139707,-0.19528285655462,-0.0839854476082246,0.19444594676969,0.329978150513836
"2016-04-20",-0.167136205509678,-0.185415503173258,-0.209452771879836,-0.24670327944854,-0.286670880998333,-0.252464379439775,-0.17913694802305,-0.0617665007427669,0.200026552493897,0.316446773188611
"2016-04-21",-0.347219687020883,-0.345983595764317,-0.343595632414062,-0.337061857947942,-0.318087616283417,-0.231723150678669,-0.16323967580768,-0.0598541019282982,0.212558563619839,0.370747371396865
"2016-04-24",-0.274888631582976,-0.279153389085561,-0.284293132073986,-0.2904483816502,-0.288984001689877,-0.216126197501237,-0.141022550515623,-0.0215652730393026,0.288188642945538,0.455381772094628
"2016-04-25",-0.254202957541781,-0.259362370666723,-0.265713942754398,-0.273872415703678,-0.275050288537934,-0.20379092849154,-0.127538230842934,-0.00587156855611715,0.30705645141359,0.473600012318394
"2016-04-26",-0.282856567224102,-0.285194212264257,-0.28779296294535,-0.289990463815978,-0.284218093520704,-0.214438340355582,-0.146175432268749,-0.0364245879538875,0.263461451710115,0.437072631414393
"2016-04-27",-0.237205647777243,-0.24311374381427,-0.250707377688126,-0.261715017391916,-0.269639634004254,-0.221351110494524,-0.159280536750869,-0.0548197665173793,0.230049888135499,0.38867729852584
"2016-04-28",-0.253098628544426,-0.257175116106237,-0.262256957169054,-0.26900719119894,-0.270935951888296,-0.216780579239532,-0.155384760441632,-0.0534444163037915,0.228488048404276,0.390354330387156
"2016-05-01",-0.245343011501846,-0.251844031748884,-0.260290051161382,-0.272882457361696,-0.2835827044122,-0.241679268109306,-0.183019638230801,-0.0830739661019884,0.190057839259984,0.341314277866276
"2016-05-02",-0.260632385207195,-0.265511016598484,-0.271732781005865,-0.280556563345702,-0.285949922804409,-0.238804201682924,-0.180661999420844,-0.0828005408355714,0.187973058797195,0.341933070765723
"2016-05-03",-0.260990517473626,-0.265847041505122,-0.272037446678633,-0.280804557582873,-0.286105737622617,-0.238804354583272,-0.180621150409635,-0.0827460070139664,0.187953543019665,0.341842759614916
"2016-05-04",-0.260852642130629,-0.265717609899006,-0.271920011078363,-0.280708865180899,-0.286045650180969,-0.238805889392383,-0.18064013330581,-0.0827729008464188,0.187948162242419,0.341860737890199
"2016-05-05",-0.232502690719285,-0.240818182385835,-0.251764460860355,-0.26864065786015,-0.285572237843821,-0.251323411472596,-0.193666129656828,-0.0938152973611715,0.176307567130138,0.32229281031062
"2016-05-08",-0.241556200054094,-0.248860927850434,-0.258386376824219,-0.272734183774993,-0.285662707012267,-0.244866766604944,-0.185305079898652,-0.0841136570466809,0.187483938154735,0.334445750857454
"2016-05-09",-0.177377790474207,-0.193421671013504,-0.214698064785691,-0.248212982337596,-0.285723680786559,-0.258380407066273,-0.188759533134684,-0.0701633947395509,0.220959043670664,0.36130070019319
"2016-05-10",-0.213974150018134,-0.224593138341983,-0.238641727092429,-0.260583251949623,-0.283952436247926,-0.25188922063263,-0.189658639415507,-0.0815298478550902,0.205025839812211,0.355422431722978
"2016-05-11",-0.262374472528325,-0.268375702916527,-0.276133280567265,-0.287539066903003,-0.296433007573543,-0.251043655028288,-0.190172480305165,-0.0861508765747112,0.203807866212856,0.368640193655646
"2016-05-12",-0.196139862278902,-0.207411276652401,-0.222496373395765,-0.246658091449623,-0.274680223009031,-0.253851828839277,-0.195027567386326,-0.086303833426957,0.223798761868458,0.397030432290921
"2016-05-15",-0.133988989816813,-0.153229355540394,-0.179109898478315,-0.221147900058118,-0.273026609812622,-0.27025538805109,-0.205602523014532,-0.0846413326520231,0.237187184666017,0.400825822941073
"2016-05-16",-0.199398525162659,-0.210141891173864,-0.224532405789654,-0.247615358430352,-0.274456421809605,-0.254166655180324,-0.196732652596272,-0.0896773184418542,0.221007806575292,0.397814886846635
"2016-05-17",-0.137292740714541,-0.155054150649979,-0.178915637513302,-0.21755953428333,-0.264742992532066,-0.257754281496258,-0.193991733883616,-0.0757361538931807,0.239426618762672,0.400627865489061
"2016-05-18",-0.209486669559292,-0.216782378106157,-0.226327480159371,-0.240807630609533,-0.254208213037146,-0.21446604452204,-0.154370367947912,-0.0504415917491835,0.237125199574462,0.397578516556879
"2016-05-19",-0.273152492445682,-0.277103547458429,-0.282043168161404,-0.288651803162698,-0.290722165984285,-0.238357760911778,-0.178055415254558,-0.0767276490359692,0.210023127777276,0.378838402191846
"2016-05-22",-0.282687014317453,-0.285356007259063,-0.288534435506209,-0.292149785159143,-0.289989299120305,-0.233560267471095,-0.173906516836578,-0.0746902996359256,0.209800666669486,0.382185954318834
"2016-05-23",-0.264677385841804,-0.269127326980301,-0.274784604131037,-0.282722448065605,-0.287058793126275,-0.238951228769972,-0.179936062593036,-0.079083109524293,0.210989189153828,0.383674384036691
"2016-05-24",-0.187879309071266,-0.200729025410562,-0.217838367860121,-0.244971071657931,-0.275644191395485,-0.250299698957564,-0.18638413389222,-0.0729566671670926,0.228981358228283,0.386541788112692
"2016-05-25",-0.267310132252796,-0.271615777344505,-0.277112530440458,-0.284907586911576,-0.289518670590132,-0.244502204263751,-0.187967414352357,-0.0901737219095755,0.197015279543304,0.37178263626905
"2016-05-26",-0.26080066288921,-0.266189892713801,-0.273187575622261,-0.283577176950864,-0.292021199099022,-0.251758070292392,-0.195677219659583,-0.0974646034547209,0.189065661990823,0.360110085801822
"2016-05-29",-0.259926896521396,-0.264403743008339,-0.270167774223929,-0.278527282070608,-0.2843362543332,-0.242780953683635,-0.188054276743666,-0.0920303489325056,0.194875406804321,0.372125216191562
"2016-05-30",-0.250949943662997,-0.256829018140405,-0.264499630513933,-0.276036770144577,-0.286142766056276,-0.248099651527741,-0.192697781769014,-0.0956066298332529,0.184240748238812,0.348271499746387
"2016-05-31",-0.237474538938281,-0.245364427064911,-0.255826790608918,-0.272203735414178,-0.289451750433697,-0.259304900747061,-0.202936325856499,-0.100719370706128,0.198374163195625,0.373433147635769
"2016-06-01",-0.249220084925468,-0.255212803509365,-0.263036120125434,-0.274818376733739,-0.285199533999848,-0.246714056645707,-0.190352131231702,-0.0913586676755272,0.194979204963462,0.36341249495786
"2016-06-02",-0.234414383465017,-0.24166043247922,-0.251201477990726,-0.265891675395579,-0.280355682307884,-0.245809976290362,-0.188969340217376,-0.0883149762723709,0.19920601348617,0.364397547467348
"2016-06-05",-0.218831630817136,-0.228182703720695,-0.240665073934817,-0.260527621334075,-0.28295101171316,-0.26003624793155,-0.205596202642315,-0.105573597249258,0.182864951063618,0.346967497462253
"2016-06-06",-0.217485648302398,-0.226615024252964,-0.238782704888474,-0.258081285261179,-0.279640695627899,-0.25608443848903,-0.202507955061445,-0.104974345265555,0.17270063484389,0.328785824002657
"2016-06-07",-0.22050192819017,-0.228650144656268,-0.239454687847612,-0.256382650066822,-0.274387711196532,-0.246156661432983,-0.191994317827338,-0.0948650399791794,0.181006881038647,0.336984331968089
"2016-06-08",-0.266581632971924,-0.272140087952961,-0.279385278819039,-0.290249828874218,-0.299580912055557,-0.261707646854675,-0.207123566542929,-0.111083071347206,0.169213223516296,0.336057168930288
"2016-06-09",-0.261810279712747,-0.269477040536289,-0.279657021099344,-0.295645268088357,-0.312733880331892,-0.285600396237378,-0.232942976304218,-0.137278434598963,0.141646173554453,0.303888833641986
"2016-06-12",-0.24660952780755,-0.256554085071043,-0.269836566792262,-0.291019465122955,-0.31524983772596,-0.294908005835843,-0.242009342547083,-0.145420941769759,0.126011518425642,0.275686726439261
"2016-06-13",-0.223891012846961,-0.236128011441681,-0.252580204245229,-0.279228725579745,-0.311518921664415,-0.301432810972222,-0.249874624825481,-0.152908667527611,0.119209915584544,0.26666204067184
"2016-06-14",-0.241904111631342,-0.2526884504615,-0.267225953642037,-0.290888955972092,-0.319880303117866,-0.311371012548887,-0.264095378010969,-0.173031542036046,0.0936501965708417,0.244531409218554
"2016-06-15",-0.11622189629579,-0.137197139265826,-0.165748599851427,-0.213350274967133,-0.277062610898884,-0.31234423097663,-0.272692703140556,-0.18589027576496,0.0582831163316973,0.183102708533719
"2016-06-16",-0.269885547725363,-0.275477609156027,-0.282805788886756,-0.29395010565153,-0.304266464724055,-0.272087804951457,-0.222850635121475,-0.135922596634137,0.115387549565877,0.262573465559559
"2016-06-19",-0.262277177149212,-0.267698176097056,-0.274800782630214,-0.285587309453486,-0.295444006279105,-0.262374946824033,-0.212089289406875,-0.122489492035317,0.142613147238509,0.30217087548758
"2016-06-20",-0.115884792992841,-0.134415326758811,-0.159536723175443,-0.201028499029849,-0.254867603798822,-0.270669249991601,-0.22148355670051,-0.121951470235391,0.156078088064208,0.301074341626217
"2016-06-21",-0.254964270172667,-0.260989224685637,-0.268897187706091,-0.280973695815661,-0.292399479624744,-0.259833531237528,-0.208892457648256,-0.11894187515443,0.139653621306676,0.289873830565671
"2016-06-22",-0.248923841551733,-0.255099081778855,-0.263184307719824,-0.275475432822836,-0.286982159727252,-0.25455324570358,-0.204959183154244,-0.119279781862318,0.116556371971794,0.247276820797116
"2016-06-23",-0.252000138030681,-0.263084309579923,-0.277867639643251,-0.301415454162407,-0.328549095976186,-0.311566372606168,-0.261401889291811,-0.172153610031928,0.0623860536251533,0.182652307666521
"2016-06-26",-0.265603438841547,-0.274410964600675,-0.286137856884683,-0.304731638391684,-0.325724554644554,-0.307970741391191,-0.263675552182274,-0.184988794016572,0.0251772334141345,0.135262878697498
"2016-06-27",-0.262258295167437,-0.272171094661,-0.285473647079477,-0.306950423775656,-0.332817663379612,-0.325132924424243,-0.285455621402524,-0.212165605304688,-0.0136835356422399,0.0900505256694397
"2016-06-28",-0.253888041395065,-0.264934456008109,-0.279890852338383,-0.304491208230832,-0.335785315083157,-0.337498881405693,-0.299128899182705,-0.222873691092288,-0.00120788308096487,0.121111176422132
"2016-06-29",-0.239793523155903,-0.252687713666919,-0.270157710698892,-0.298944159812994,-0.335830513487751,-0.340691876630464,-0.299017342105804,-0.215648387173279,0.0247965140508953,0.155781179525207
"2016-06-30",-0.247296926659811,-0.262919508974738,-0.28409783426315,-0.319064409376472,-0.364325059092543,-0.376015428214776,-0.332478001072337,-0.244594671883448,0.00300727938813633,0.133587623489328
"2016-07-03",-0.264925423798747,-0.278099400220667,-0.295913350780938,-0.325156870938517,-0.3622981425528,-0.366055553309799,-0.323921484374379,-0.241227170203833,-0.00927498202546428,0.113846974406397
"2016-07-04",-0.264074760130595,-0.27647201044343,-0.293221226661582,-0.320667874268484,-0.355350333787297,-0.357760514266266,-0.317459646867134,-0.239010326676177,-0.0205538906675264,0.094795843637895
"2016-07-05",-0.280688946753508,-0.29341399220271,-0.31062845132102,-0.338914841594758,-0.374947084628877,-0.379385480172158,-0.339315900658135,-0.260332355676746,-0.0383043100503497,0.0796424163047526
"2016-07-06",-0.329308872704993,-0.338537069606743,-0.350929493955491,-0.370934673826607,-0.394804450687461,-0.383085557230889,-0.339558717286574,-0.257815444401622,-0.0236680704826536,0.106733467478043
"2016-07-07",-0.317454289416783,-0.328796873225975,-0.34412101929102,-0.369198359362555,-0.400533917911186,-0.397192263248044,-0.352956649263915,-0.266572740873878,-0.0150154806252675,0.125287313801841
"2016-07-10",-0.312385571693726,-0.32299938393404,-0.337332444720454,-0.360756714133069,-0.389850160494626,-0.384676638147777,-0.340912179477779,-0.255604049037148,-0.00477743950857307,0.137009019453464
"2016-07-11",-0.278074276409524,-0.292470238207297,-0.312027048379485,-0.34442592472512,-0.386547272356402,-0.395555637112375,-0.350692917785304,-0.258442778887999,0.0151478896191835,0.167613937834798
"2016-07-12",-0.298471246997946,-0.310703485179406,-0.327285926903241,-0.354619157651845,-0.389522665853054,-0.391116666581623,-0.346962754464784,-0.25814795320324,0.00670614979348005,0.156852450043713
"2016-07-13",-0.25479914766668,-0.272210068208379,-0.295725664314807,-0.334260658174839,-0.383126353664233,-0.389962478712558,-0.338246963524616,-0.237834126495094,0.0353034007587257,0.175662922335801
"2016-07-14",-0.272775836475406,-0.284887652325975,-0.301189003689122,-0.327648936333923,-0.359887923926268,-0.350599873023038,-0.299449387820342,-0.202394102020593,0.0735746646479786,0.22498223449128
"2016-07-17",-0.266428347162777,-0.279376431218822,-0.296809914774165,-0.325141497529218,-0.359864539417374,-0.352359494063154,-0.300522708479874,-0.202130672385201,0.0747036619786471,0.224519091312253
"2016-07-18",-0.269680480247479,-0.282155980066838,-0.298963373823271,-0.326304530012139,-0.359859010340397,-0.352123931598064,-0.300893504883617,-0.203035445329029,0.0762470918710028,0.229688664182352
"2016-07-19",-0.244243900995069,-0.25967139271041,-0.280573603935998,-0.31500968884214,-0.359076234991096,-0.363967281774149,-0.312878240097132,-0.210695244287561,0.0856185018264218,0.248153194812064
"2016-07-20",-0.235064687895058,-0.251645354352916,-0.2741617018914,-0.311430637066741,-0.359734272826695,-0.368694740004657,-0.315630662460841,-0.206994461112946,0.115409693254874,0.295582126461318
"2016-07-21",-0.226307235366343,-0.244275041787113,-0.268615502756517,-0.308720182684483,-0.360166052306338,-0.368246415860743,-0.312117151443141,-0.199955536604172,0.12048889291346,0.293106990529047
"2016-07-24",-0.241695172653532,-0.258314604232287,-0.280903545373565,-0.318355592969412,-0.367090531482492,-0.376846611364633,-0.3234804664535,-0.213239798411709,0.118168802144801,0.305662338142796
"2016-07-25",-0.22539660705837,-0.243317747894077,-0.267766808990506,-0.308625805457118,-0.363058233721426,-0.383255916674149,-0.33319188147363,-0.224875409182027,0.109006419865165,0.300085373527766
"2016-07-26",-0.229172568889161,-0.250628960135774,-0.279971049689654,-0.329267507013145,-0.396032451653039,-0.429755336498724,-0.378396142642694,-0.262535760580358,0.0982108284277657,0.303776389785621
"2016-07-27",-0.240507023111128,-0.258706977489003,-0.283560905151053,-0.325181214676394,-0.380943456851614,-0.40371964878509,-0.354425815113388,-0.246320914682498,0.0899502653047763,0.283508667444264
"2016-07-28",-0.242691012029011,-0.250806437222972,-0.261728272917726,-0.279406185257791,-0.300427032992928,-0.285847417808028,-0.240073713898438,-0.151288786029383,0.125611647846512,0.295666218280753
"2016-07-31",-0.232708594456598,-0.239841480089734,-0.249330584085029,-0.264291119576419,-0.280463787926942,-0.255665738042541,-0.206087381545552,-0.114814250842283,0.157627943934421,0.320066408174078
"2016-08-01",-0.189534672920184,-0.194759743709802,-0.201553585847665,-0.211687919028567,-0.220219471061188,-0.184444624774158,-0.134035142953559,-0.0466398359646956,0.20145552645353,0.344784796886104
"2016-08-02",-0.220261020164482,-0.223520331481026,-0.227660577230387,-0.233435203588072,-0.236276826395343,-0.196602853446923,-0.147180340094951,-0.0600168148080063,0.209620386588854,0.384672560455851
"2016-08-03",-0.15455027877251,-0.164314410925134,-0.177392946904789,-0.198361076263387,-0.222639331950262,-0.202560737018585,-0.148122960346213,-0.0462232373370688,0.2538021222939,0.427512578451539
"2016-08-04",-0.208190104244147,-0.214103906834871,-0.22190938471256,-0.233967086481662,-0.245811912471898,-0.21439809893979,-0.162152616997938,-0.0664376344753617,0.228411026214288,0.413069604699793
"2016-08-07",-0.215019609214098,-0.218254998660675,-0.222248223581531,-0.227373431041417,-0.227793735352449,-0.176310368548558,-0.118269212781022,-0.0198957099678982,0.267283348646949,0.4433623412866
"2016-08-08",-0.177228187958678,-0.185547724383019,-0.196679290807346,-0.214456851839499,-0.234585985014262,-0.211606947638965,-0.15779122772193,-0.05602901533699,0.25708280396909,0.448714238772923
"2016-08-09",-0.186438639085137,-0.194532700943014,-0.20541250708895,-0.222966195589158,-0.243554799137121,-0.22606039510847,-0.177127067495088,-0.082373316187986,0.216533461807678,0.403293509742112
"2016-08-10",-0.209823500161903,-0.215751833596215,-0.223632570662272,-0.236008273084599,-0.248993999052513,-0.222673702810365,-0.173686878065807,-0.0814245140560103,0.213313055471595,0.404384987430509
"2016-08-11",-0.206877530485703,-0.212226117990694,-0.219307043713186,-0.230318449087516,-0.241405297003611,-0.21418032552604,-0.167073374403282,-0.0794064560272391,0.197917021003849,0.376600052747718
"2016-08-14",-0.196546371302175,-0.200934827053886,-0.206656652407682,-0.215227144125198,-0.222436433454052,-0.189781147078904,-0.142612315636954,-0.0579036980562803,0.201540060011413,0.365012147801545
"2016-08-15",-0.189739949728531,-0.195938348783775,-0.204164572439539,-0.217045811894147,-0.230492023852729,-0.203834549992688,-0.154856820639963,-0.0641588526627172,0.215250570130117,0.38894042013544
"2016-08-16",-0.187785050703821,-0.193080369103624,-0.200014714003633,-0.210529061570349,-0.220042273099859,-0.186745009027883,-0.136458926084116,-0.04666312540787,0.220918807885532,0.383414670411804
"2016-08-17",-0.198381063955317,-0.203634390422798,-0.210477404654433,-0.220720286351624,-0.229422409725276,-0.192786414775828,-0.140313318220053,-0.0479297979440712,0.222608162549905,0.38437585954418
"2016-08-18",-0.211086375667666,-0.21627723727751,-0.223006466963906,-0.232963628816577,-0.240952242786435,-0.202225661970293,-0.149035043518521,-0.056835511856106,0.206874305446094,0.360921487743256
"2016-08-21",-0.194074088760624,-0.200146564085354,-0.208052494069608,-0.219891975159829,-0.230116077127688,-0.19105607216367,-0.135296806786422,-0.0390447321276105,0.230422856585426,0.383481874934755
"2016-08-22",-0.209043893444076,-0.21451236878803,-0.221633171600319,-0.232293489214769,-0.24143062560245,-0.204973294479305,-0.152889666816353,-0.0622365441174504,0.19639354791492,0.346475622703756
"2016-08-23",-0.194215488447315,-0.200290083036687,-0.208255165407701,-0.22039024255809,-0.23175528238066,-0.198236513387839,-0.146456392882587,-0.055344306056838,0.205366394313575,0.356161601396826
"2016-08-24",-0.201801798032815,-0.206790090470392,-0.213300571023736,-0.223089839409366,-0.231578832407223,-0.197578410120712,-0.147983865335862,-0.0599774381815061,0.201123356469526,0.359375700479273
"2016-08-25",-0.209115456749072,-0.212831043031358,-0.217565902278131,-0.224242313030596,-0.227976338706168,-0.187190838338762,-0.136228514633544,-0.047677247160152,0.215804596874949,0.378807600303761
"2016-08-28",-0.210071335742952,-0.21446618466868,-0.220113660806165,-0.228264512016457,-0.233760505315622,-0.192121403896206,-0.137971677049788,-0.0434899908613705,0.236247823895703,0.407440120718584
"2016-08-29",-0.213403017989978,-0.21899040203198,-0.226265776741404,-0.237141841120321,-0.24629580898579,-0.206371886786814,-0.149392418381659,-0.0488069642335399,0.247951396062581,0.427013702218926
"2016-08-30",-0.208890770562537,-0.214772295174051,-0.222412786560336,-0.233774272640852,-0.243113507120404,-0.200299868221464,-0.140446430678721,-0.035916741743222,0.26669147083477,0.44564443130428
"2016-08-31",-0.19860040998354,-0.204265066942472,-0.211590085157586,-0.222353032480775,-0.230605159818695,-0.185124794319253,-0.123796855699099,-0.0173258778024268,0.290177193752063,0.472183698468244
"2016-09-01",-0.214058508621511,-0.218034493621607,-0.222995911554789,-0.229582585885729,-0.231293141616866,-0.174882959927462,-0.109539559444527,0.00186630838782725,0.328034528601367,0.527927815061787
"2016-09-04",-0.231648083249047,-0.234922038081252,-0.238858002955672,-0.243489650933212,-0.241648379315777,-0.176982241059037,-0.107694795951859,0.00797318143742787,0.340629698168093,0.54249223869129
"2016-09-05",-0.227152773785585,-0.23079550617032,-0.235233211789785,-0.240703240710116,-0.240011148171799,-0.176502794705683,-0.107365488748352,0.00786410952810301,0.335374371030588,0.530772919737366
"2016-09-06",-0.205076208586298,-0.211524246373609,-0.219891685133635,-0.232312405713194,-0.24250610393285,-0.196715725308494,-0.133319351707171,-0.0239236564622066,0.284907218361401,0.462485956269757
"2016-09-07",-0.22317298266181,-0.22837646759015,-0.234945890298496,-0.244004311468055,-0.248310946831468,-0.189956511281024,-0.121120925306139,-0.00625781404744652,0.310230761707338,0.490242105115439
"2016-09-08",-0.25680476781025,-0.259670749200732,-0.262954111526077,-0.266158008088016,-0.261126365886554,-0.186374484300212,-0.111252026963746,0.0109503826876962,0.350351477152238,0.549833896125406
"2016-09-11",-0.27132334006044,-0.275694015989458,-0.280912808255304,-0.286952536729908,-0.284266638504477,-0.201812306209782,-0.117255048945569,0.0181868371420645,0.376324219348889,0.574182298143541
"2016-09-12",-0.235510187247921,-0.243020798952001,-0.252569611299032,-0.26603899114429,-0.27419668620848,-0.205249191429465,-0.122613138409433,0.0123676996877822,0.364039005575089,0.551481722179829
"2016-09-13",-0.283265043126205,-0.289279731988481,-0.296702694555595,-0.306294729116225,-0.307869773480974,-0.224153318712569,-0.133215783829731,0.0137494014687557,0.401115926165896,0.612650694048923
"2016-09-14",-0.153130445437742,-0.170596646384754,-0.193854960260632,-0.230759834286359,-0.272650185101421,-0.240549738388853,-0.1566260243206,-0.00812603046226168,0.383152704452128,0.585010704752752
"2016-09-15",-0.281297962972584,-0.286669927466259,-0.293304451666847,-0.301877838207124,-0.303162377334128,-0.225655377116532,-0.140333820213874,-0.000310277002837922,0.380682848078097,0.596131210929501
"2016-09-18",-0.326925001956844,-0.328800025820269,-0.330562872910612,-0.330621983943164,-0.319011692075887,-0.224052000697737,-0.136289811821754,0.0025773874623552,0.378158571293781,0.595228953284958
"2016-09-19",-0.298886459877099,-0.302796956098206,-0.307477549538277,-0.312919345714104,-0.310500419068849,-0.234223031055129,-0.15430148843751,-0.0235187005122069,0.337704244606978,0.547133265817303
"2016-09-20",-0.227397982497546,-0.233300944813709,-0.240775776176096,-0.251171405440876,-0.256557190468901,-0.193297709936037,-0.117823907600506,0.00827796606035858,0.355306793854504,0.55214216452126
"2016-09-21",-0.144784050238361,-0.159969565967003,-0.180085778340229,-0.211632339270838,-0.245975267547422,-0.208207429635192,-0.128312799539272,0.00968846349437713,0.366052281545747,0.54755407457612
"2016-09-22",-0.231862458970018,-0.237301500730984,-0.244243629515942,-0.254095400865661,-0.260043917976913,-0.205375190647088,-0.137206649885144,-0.0207228619201967,0.312155449641684,0.508433701900244
"2016-09-25",-0.279394366703043,-0.28155107298464,-0.28394674786112,-0.285939368759076,-0.280273957005744,-0.211085964361569,-0.141290112196094,-0.0253545408014928,0.314327021270754,0.527614742698978
"2016-09-26",-0.284627044115361,-0.290408491190312,-0.297787177561536,-0.308248920282833,-0.314468524831094,-0.25489421168631,-0.1803832955739,-0.0522178859292867,0.31957138971806,0.542637117337213
"2016-09-27",-0.29165368203136,-0.297991303908145,-0.306113426100187,-0.317775440952837,-0.325513450272472,-0.267151094840142,-0.192990140117581,-0.0664573430180098,0.291364664201032,0.499327535008341
"2016-09-28",-0.285383824149841,-0.292056956823307,-0.300602396220826,-0.312862434398813,-0.321056203441348,-0.261622913383182,-0.1868021127079,-0.0607839251471853,0.285929405004659,0.481357537117903
"2016-09-29",-0.305779638782671,-0.311512555204445,-0.318720912053568,-0.32854745294043,-0.332683561228888,-0.265279258259997,-0.187060003163685,-0.0572042967980747,0.298456995261807,0.499751044387278
"2016-10-02",-0.291809070256546,-0.298139747757821,-0.306150662372614,-0.317283531865506,-0.323097894928123,-0.256910855572219,-0.178625763393326,-0.0492038495882157,0.299208362643426,0.492103922834398
"2016-10-03",-0.290999043980903,-0.296695273192768,-0.303872866906005,-0.313717524596512,-0.318155985414911,-0.252975689358914,-0.176734953843082,-0.0499292962959326,0.297859323621555,0.494822265986568
"2016-10-04",-0.296923880301781,-0.302643378611133,-0.309806759124102,-0.319462147733948,-0.322987151226065,-0.252461779736047,-0.171722358633599,-0.0381118720674772,0.326953435660872,0.533341991471497
"2016-10-05",-0.351911154583854,-0.3523529102704,-0.352207830079737,-0.349241581903646,-0.334199980801361,-0.241696773475075,-0.16033935771787,-0.0321874054044054,0.321076836415822,0.532548993236673
"2016-10-06",-0.323728607320511,-0.326585722962988,-0.329799393554269,-0.332678183719393,-0.326371746512523,-0.244660605178157,-0.163698498098601,-0.0325451293844388,0.330468519521428,0.543470739888943
"2016-10-09",-0.340401190376447,-0.341604973275757,-0.34253422146115,-0.341485887439973,-0.329471986249766,-0.241441052706183,-0.16069108337502,-0.0317024800722753,0.327900496099401,0.544144323180646
"2016-10-10",-0.324247626795421,-0.325508264647608,-0.326509364312071,-0.325561945704527,-0.313615622015762,-0.22524921692291,-0.144182029972446,-0.0148853090120772,0.34403109763037,0.558680644957029
"2016-10-11",-0.302859503040407,-0.306207134304013,-0.31011536290608,-0.314249669925475,-0.310017729950107,-0.232459180953831,-0.153490443298245,-0.0250344759955493,0.329332300122951,0.535441697210349
"2016-10-12",-0.298587156952816,-0.302307126212284,-0.306719064488573,-0.311687308424225,-0.308585065497969,-0.232302711014165,-0.153804854872015,-0.0265691651727121,0.31944644697978,0.516928858702162
"2016-10-13",-0.293557304556319,-0.298465984851672,-0.304480410771327,-0.312066528459042,-0.312271606155906,-0.236698971871578,-0.155298421481952,-0.0228756665674477,0.333064323456579,0.532093266702342
"2016-10-16",-0.28943255632712,-0.294928935708418,-0.301750201691903,-0.310705729288021,-0.312837581162687,-0.239010866829511,-0.157142410641139,-0.0233320946481489,0.336055556515674,0.53605226345415
"2016-10-17",-0.283915221295069,-0.290172312309805,-0.298006231297251,-0.308576841524289,-0.312639335368583,-0.239047670877001,-0.155819600854819,-0.0203420465750324,0.337182500960533,0.531721527846248
"2016-10-18",-0.283275966929796,-0.289622912502485,-0.297608743406107,-0.308532008191455,-0.313414142244644,-0.242169171108846,-0.159896968507195,-0.0247985801477207,0.336329330380364,0.535213185728089
"2016-10-19",-0.288478329191675,-0.293377168192684,-0.299445950588367,-0.307353058329767,-0.308812502531096,-0.238668900613031,-0.160361133843703,-0.0305447228463041,0.329417117423444,0.537146319521506
"2016-10-20",-0.302132069743049,-0.30472798620525,-0.307620802279814,-0.310089565283484,-0.303729846527168,-0.225561916137764,-0.148298225683711,-0.0228681719892766,0.32671471127106,0.533681782835409
"2016-10-23",-0.294517764421142,-0.296834396230922,-0.29937449020748,-0.30135228949386,-0.294708780364447,-0.218889780948945,-0.144195619694408,-0.0224928587509339,0.320627958380782,0.526820257310214
"2016-10-24",-0.273248696182978,-0.278072276995421,-0.284093174110871,-0.292112774954302,-0.294459181600791,-0.229768089556266,-0.155729922253087,-0.0317106204115191,0.317442782945394,0.521903276936863
"2016-10-25",-0.282733154825744,-0.286291626755852,-0.290575592622749,-0.295648465831759,-0.293863369338002,-0.225628014705822,-0.152842791302476,-0.0321947800234624,0.309232625081846,0.512512025498279
"2016-10-26",-0.265249632761446,-0.270725950904553,-0.277601513723901,-0.286931060447718,-0.290621273586692,-0.224405981625911,-0.147812816230457,-0.0204246139768208,0.330467029084632,0.530456201411422
"2016-10-27",-0.261567757817643,-0.26724846154767,-0.274400896003323,-0.284185523063058,-0.288447886094687,-0.222137139851682,-0.144650856755652,-0.0154689951460744,0.341001792238345,0.544337966223803
"2016-10-30",-0.261701050222736,-0.266718999275691,-0.273010157866385,-0.281499081705859,-0.284536834307137,-0.220541533675062,-0.146287627238674,-0.0214919663662931,0.330739737529433,0.537246482905665
"2016-10-31",-0.254979021739014,-0.261049983769671,-0.268775256599563,-0.279660011995273,-0.28594013248702,-0.224303527115753,-0.148944625558062,-0.0218443781719044,0.332676608951623,0.536341286745622
"2016-11-01",-0.23156571694729,-0.241392517065553,-0.254228148712029,-0.273644427187958,-0.291517735431649,-0.239466902447704,-0.161849750978506,-0.0297178139821018,0.324563831047033,0.515753464758467
"2016-11-02",-0.267179860990851,-0.272818788395347,-0.279942644342004,-0.289780249680143,-0.294505060202991,-0.231183784656787,-0.156156841270938,-0.0305110599752816,0.318114990966488,0.51791395400994
"2016-11-03",-0.262279518774562,-0.269019291161844,-0.277644179391371,-0.289995637263685,-0.298145550752985,-0.23743656459664,-0.161308857859766,-0.0331956808237658,0.319070458449596,0.517575303400462
"2016-11-06",-0.270980726696723,-0.276458746499778,-0.283325994017033,-0.292605132824782,-0.296094240227146,-0.228956344237468,-0.151777646491775,-0.0237689759034073,0.327347033690393,0.526640036510995
"2016-11-07",-0.262537126831549,-0.268560939803375,-0.27624754451092,-0.287156024579214,-0.293793744918741,-0.23437858327702,-0.16060921550254,-0.0353727906327957,0.317489113172234,0.522229730052372
"2016-11-08",-0.27520284753136,-0.281982861639191,-0.290637506104208,-0.302953796808168,-0.310754985006601,-0.24814257747071,-0.170846795953048,-0.04168203630543,0.309530678302606,0.505269890984749
"2016-11-09",-0.274192604078724,-0.27819407955991,-0.282996810770979,-0.288643111890897,-0.286548503781374,-0.211496363221058,-0.133041888128602,-0.00546851607802118,0.341691095387649,0.539498178043191
"2016-11-10",-0.27612023775701,-0.279329730808214,-0.28302276321892,-0.286707378153059,-0.281558324327282,-0.201844929908155,-0.122275012950101,0.00584756926610885,0.353628431724356,0.552662158375264
"2016-11-13",-0.252931337016115,-0.255866474166251,-0.25921195821366,-0.262406238133051,-0.256926271740746,-0.178967915945803,-0.101233974666974,0.0245749086988382,0.370810677100849,0.572327247066802
"2016-11-14",-0.268817861188129,-0.268074675895293,-0.266332191085254,-0.260762296581966,-0.242492761215522,-0.150219810150336,-0.0729474337974,0.0478238138278703,0.385268622850974,0.593636722046926
"2016-11-15",-0.254691267275821,-0.250675395388829,-0.244431393171644,-0.231209712065882,-0.202247040467564,-0.102194810829088,-0.0303613322325155,0.0774044254751876,0.38557762549112,0.595537623189214
"2016-11-16",-0.258093825573946,-0.256774410392806,-0.254235431330865,-0.247299587222422,-0.227087373238574,-0.133383946856375,-0.0573129627784106,0.0602642445259255,0.386190653060988,0.587238824232541
"2016-11-17",-0.277404103721043,-0.274593514875917,-0.269880525473509,-0.258815282368537,-0.231164759238949,-0.12068889577109,-0.0370631949417436,0.0880031428107144,0.42155975766548,0.621543272193552
"2016-11-20",-0.272880979469118,-0.270522694418469,-0.266466763419215,-0.256638379392563,-0.231154175334117,-0.124871812500379,-0.0423947841060589,0.0827807784694395,0.424246330930765,0.633521499770596
"2016-11-21",-0.263772290439239,-0.26159887458943,-0.257832082624327,-0.248615011807861,-0.22442303467946,-0.12170963419392,-0.0408487440595864,0.0833126953861731,0.429913364266594,0.648101322301818
"2016-11-22",-0.258224812983237,-0.25665591697536,-0.253729486135816,-0.24597329992368,-0.223955298705529,-0.123840435756767,-0.0429908380390157,0.0819949409495093,0.43020812767392,0.646859405750867
"2016-11-23",-0.271572972000422,-0.268635107752082,-0.263797984267667,-0.252692807232158,-0.225582732530614,-0.118598349514059,-0.0368364980729821,0.0877588420720882,0.437237226499012,0.661347390798463
"2016-11-24",-0.270064527847401,-0.266085378405097,-0.259812546138134,-0.246258856588616,-0.215725049111516,-0.106705210118062,-0.0276185881785025,0.0904173882463502,0.41752368798552,0.628664542308057
"2016-11-27",-0.271764996729726,-0.268631895596613,-0.263567488740475,-0.252227509219829,-0.225413334709227,-0.123572447769358,-0.0472715678152298,0.0680035451101611,0.388948631170361,0.59433205757021
"2016-11-28",-0.27680096765892,-0.273471266291578,-0.26812322747045,-0.256255322742365,-0.228533406447314,-0.12497369257361,-0.0481824645651774,0.0671481877087695,0.385544423926195,0.58774675845553
"2016-11-29",-0.283837258280516,-0.279984865638602,-0.27389440191267,-0.260680934684905,-0.23075249785661,-0.123285050133947,-0.0452365983916483,0.0710551555171142,0.39105641297426,0.595322770127007
"2016-11-30",-0.287557310868778,-0.283245022258831,-0.276481622019119,-0.261980416561334,-0.229689767706891,-0.116513982511565,-0.0355276939776815,0.0842626073689788,0.411411262800294,0.619464634866146
"2016-12-01",-0.311202648698,-0.305711073566289,-0.297256296684677,-0.279635944569878,-0.242052084969253,-0.118725936796332,-0.0342184980557506,0.0880261527474494,0.414124839642344,0.619148862252387
"2016-12-04",-0.32372277939737,-0.317868554887896,-0.308882700929607,-0.290246712399757,-0.250816844944266,-0.123362951150884,-0.0371474679816156,0.0864143331836547,0.410755090265129,0.611211267232172
"2016-12-05",-0.29725446443935,-0.293427347411052,-0.287254487734967,-0.273486570212308,-0.241185085657913,-0.120998724667883,-0.0330681307445156,0.0967926410492547,0.440982931192385,0.648344784187
"2016-12-06",-0.305411393756761,-0.301715357708377,-0.295727392525483,-0.28228762176684,-0.250481321680629,-0.130638819334303,-0.0421729261262984,0.0892699144707454,0.441249656001673,0.655603858669513
"2016-12-07",-0.33562121750105,-0.329446912826085,-0.319967159512232,-0.300295724059027,-0.258619397985671,-0.123324409192182,-0.0312749821024205,0.101424306338378,0.454453996386833,0.676450282952411
"2016-12-08",-0.371322166098886,-0.362467246463468,-0.349171309983658,-0.322555810230036,-0.269405503310835,-0.11345375416596,-0.0146449083614903,0.12324934377375,0.485619084378663,0.721830104363035
"2016-12-11",-0.339260622098829,-0.333658738185506,-0.324884368630788,-0.306109344572231,-0.264428927063081,-0.119046056468124,-0.0153769027088078,0.137623807616572,0.554026775710956,0.817953744301008
"2016-12-12",-0.36514478101412,-0.356584834125124,-0.343637018582789,-0.317400729491563,-0.263899044544342,-0.100655050808787,0.00603418783371695,0.157448119748492,0.560783495047261,0.822410894923139
"2016-12-13",-0.373712527710709,-0.365430225603788,-0.352889111824342,-0.327436316950816,-0.275416978152178,-0.116453296977612,-0.0128093480591284,0.133507843373864,0.516696771688583,0.758730672505417
"2016-12-14",-0.375307841519503,-0.366451541009437,-0.353070205682713,-0.326013498295398,-0.271101566666965,-0.10600759599172,-0.000263533723674048,0.14673108160348,0.51969797296343,0.746378896802997
"2016-12-15",-0.352050644165791,-0.342930613272772,-0.329228592492846,-0.30178176291464,-0.246966033510693,-0.0870523369500737,0.0128856341522707,0.149835404652002,0.491905672650981,0.698532627685771
"2016-12-18",-0.338995636933678,-0.331714572374826,-0.320569892654942,-0.297565441228028,-0.249302436923644,-0.0961501722110286,0.00549372844828111,0.148827639178491,0.513040009723721,0.729641138041973
"2016-12-19",-0.340807790884368,-0.333739734658701,-0.322912820579331,-0.300538059569947,-0.253513799336171,-0.103942652567685,-0.00458160746661102,0.135501901707905,0.490725304967704,0.701201467502836
"2016-12-20",-0.342083115451185,-0.334993562703595,-0.324154125657829,-0.301818227903233,-0.255079305280554,-0.107289654700639,-0.00935647734707151,0.128770145881358,0.480716393830952,0.691104823880613
"2016-12-21",-0.367518506626197,-0.358910225488753,-0.34593830691595,-0.319821715424594,-0.267183969462085,-0.110631156972565,-0.0109374923457967,0.12762405130056,0.482335429465794,0.702163365843394
"2016-12-22",-0.314495469327365,-0.310026731840787,-0.302865208328179,-0.287039538139295,-0.250394565505238,-0.116739277803607,-0.0204008102044576,0.120395331777948,0.486803782632948,0.703282018011073
"2016-12-25",-0.359839695241689,-0.351528443423891,-0.338969168012341,-0.313567107795185,-0.261969042745003,-0.106305368763195,-0.00606713533232078,0.134096033328129,0.494863086369027,0.718447136374778
"2016-12-26",-0.359394632625293,-0.350907135220489,-0.338102808914155,-0.312275639375822,-0.26005560075079,-0.103829409516251,-0.00387790526649928,0.135402538087752,0.492835402006304,0.714410538949948
"2016-12-27",-0.35138662073107,-0.343873862108445,-0.332447583982964,-0.309090076005539,-0.260778042774397,-0.10997705120969,-0.0100634514796138,0.132222025074047,0.508038159010798,0.745869883475804
"2016-12-28",-0.333897370514011,-0.328383778714829,-0.319805412096641,-0.301633560439624,-0.261881672593361,-0.126073278850022,-0.030366714743122,0.110244612338132,0.492466219302088,0.73583357579738
"2016-12-29",-0.322959109607734,-0.318444168199398,-0.311278599599814,-0.295645427385913,-0.259960411388812,-0.130517014729507,-0.0360061867655045,0.105085497888024,0.493477380933504,0.740888909247414
"2017-01-01",-0.276406712936319,-0.275858547365055,-0.27422893499721,-0.268294123334107,-0.247315137007721,-0.137070659574435,-0.0441183127771456,0.100680942602707,0.499272651824829,0.74009757479449
"2017-01-02",-0.275992325600584,-0.275467239699314,-0.27387063229426,-0.267996356836643,-0.247118913662197,-0.137062061693618,-0.044169604483554,0.100595232479173,0.499244563093312,0.740154199009845
"2017-01-03",-0.308297812733522,-0.305061148924157,-0.299613256240423,-0.286759589077787,-0.254440283873871,-0.124213130714031,-0.0250364737205129,0.123941244778622,0.524464203706174,0.766718444065983
"2017-01-04",-0.30846618175919,-0.305671318123998,-0.300832775909869,-0.28901817717131,-0.258145061949497,-0.128626176043429,-0.0280550474660531,0.124332695401983,0.537695993237605,0.789019878024567
"2017-01-05",-0.291972478416699,-0.291700633713923,-0.290349832300539,-0.284537718724343,-0.262421310439302,-0.142968951833275,-0.0426401792184676,0.111749007320699,0.52327893367705,0.761990685232099
"2017-01-08",-0.314258100848251,-0.312247474436441,-0.308471848017308,-0.29841518485821,-0.269857964870024,-0.141751868725804,-0.040349798959705,0.113170538502913,0.521712336308565,0.762209627017453
"2017-01-09",-0.33845051754749,-0.336325765207236,-0.332286499815583,-0.321412226699684,-0.29033916222035,-0.151674599697495,-0.043342145498157,0.118263550686154,0.534451008884451,0.770065859567899
"2017-01-10",-0.35199720268209,-0.348891618126994,-0.343466904793382,-0.330105254397332,-0.295020182643065,-0.149402965639404,-0.0387624610049457,0.124881319830439,0.545404108909397,0.784863937865286
"2017-01-11",-0.334254499221228,-0.330959440688971,-0.325392192991232,-0.312198324971684,-0.278878874332686,-0.144380662425471,-0.0421894070370346,0.110718301152805,0.517727810803,0.76075277049127
"2017-01-12",-0.32155383141133,-0.319542926414815,-0.315711866114906,-0.305372726103369,-0.275738208239544,-0.142777374144743,-0.0383595340369178,0.118138101002432,0.525011968783514,0.757852565268348
"2017-01-15",-0.300308857924673,-0.30003870018489,-0.298619172261947,-0.292447802189071,-0.268953173755141,-0.14328926855722,-0.0390884361552949,0.119209991784416,0.529926487570682,0.760900053748464
"2017-01-16",-0.275141675790953,-0.277104120986332,-0.278804028346996,-0.278114779797044,-0.26302496235893,-0.149219920135574,-0.0469628410510948,0.111797089808248,0.526882217201255,0.75835134566647
"2017-01-17",-0.279797931212803,-0.281298865477374,-0.282336552589424,-0.280427226640335,-0.26328567859864,-0.145861390851233,-0.042739444743194,0.115890547374478,0.526157525090841,0.753001076434881
"2017-01-18",-0.270433473941768,-0.272665407674666,-0.27464756261365,-0.274138181389275,-0.258226411727134,-0.137525520929059,-0.0301520562758251,0.134537326652659,0.554061802251672,0.781256011705278
"2017-01-19",-0.274392130146615,-0.276875872402485,-0.279219972948309,-0.279371517873924,-0.264496319111263,-0.144428383915055,-0.0356261469593037,0.133111072976544,0.570879278878683,0.81232786135511
"2017-01-22",-0.290211807728122,-0.291533701465904,-0.292302231125548,-0.289844313461189,-0.271516553953507,-0.149350902318803,-0.0420347369496479,0.123954559325233,0.559510617463103,0.804617262486261
"2017-01-23",-0.28631210092566,-0.288951623886623,-0.291569555936718,-0.292386545096133,-0.279141926940607,-0.164106470434431,-0.0575497854972842,0.110024151605628,0.555349852244251,0.807131913941916
"2017-01-24",-0.273042012243544,-0.273561563834538,-0.27328527899614,-0.269247975627686,-0.249397029654273,-0.129829772455699,-0.0262404040233266,0.134807059502707,0.567190409876722,0.818364545212231
"2017-01-25",-0.295055512570192,-0.29239381141247,-0.2876835708536,-0.275891505025103,-0.24428445943188,-0.108770517192649,-0.00284674326787232,0.157638637651846,0.590293580936925,0.850538408594804
"2017-01-26",-0.270569872541959,-0.27044352989742,-0.269281403662301,-0.263740103678879,-0.241744992066112,-0.119623897106255,-0.0155154195431321,0.146419692084266,0.586687200556121,0.847642463313712
"2017-01-29",-0.277370677898502,-0.27701198641637,-0.275481899232902,-0.269148704695275,-0.245436552497212,-0.118325163929909,-0.0117218535321241,0.152358339906716,0.590451990918615,0.845215839478459
"2017-01-30",-0.270734226868132,-0.270848473070262,-0.269934298929044,-0.264534789784842,-0.241751421910782,-0.113577212728752,-0.00545738463526035,0.160049095111844,0.593485506723004,0.839068969224099
"2017-01-31",-0.285368862643905,-0.285065427776957,-0.28351924468166,-0.276844748421058,-0.251523252665516,-0.11653922770901,-0.00489661457627732,0.164335218679283,0.601529978408766,0.846223318742428
"2017-02-01",-0.275399401914893,-0.276232387613768,-0.276214331322363,-0.272021789864045,-0.249775252883221,-0.114970255508177,-0.000130250940033161,0.174686121937733,0.62269704350747,0.869261112686404
"2017-02-02",-0.273745865140475,-0.273987601030358,-0.273216549499842,-0.267944253732231,-0.244876175191457,-0.113063243648645,-0.00136068994035665,0.169917114182427,0.619148388049108,0.873883020811356
"2017-02-05",-0.269469328839411,-0.269673954767703,-0.26882684249311,-0.263335570639611,-0.239606931329507,-0.104731003906598,0.00939070379401885,0.184279646354265,0.642749695758195,0.902654257230053
"2017-02-06",-0.258368550955592,-0.260460917048498,-0.26219550516845,-0.261052980480599,-0.243331378032513,-0.113404180102682,0.00241712233549951,0.181474072679858,0.646568954017701,0.904284811799684
"2017-02-07",-0.254816613267397,-0.256702034341392,-0.25820802187195,-0.256864782128235,-0.239519014485804,-0.113455976180395,-0.000323488999745991,0.176174171986328,0.643954641245921,0.909244504775273
"2017-02-08",-0.203630746948162,-0.209640444274239,-0.216939192617182,-0.22588454482245,-0.224736468666974,-0.124451809457773,-0.0182747823245065,0.153807803023587,0.615558683026404,0.87386075611313
"2017-02-09",-0.20205457270711,-0.20847982073429,-0.216318698218707,-0.226083316300649,-0.225779862066548,-0.125125568986189,-0.018380256310065,0.153510655546332,0.607176350648499,0.856080526421616
"2017-02-12",-0.206475415750351,-0.211962443485649,-0.218502075617491,-0.226020558758829,-0.222389790128713,-0.117472035070041,-0.0101677935204937,0.161584005804042,0.615471158148832,0.86615953262834
"2017-02-13",-0.201425933108822,-0.208314497781039,-0.21673870733907,-0.227318308074485,-0.227482333913173,-0.122782011723583,-0.0114662118408735,0.167460961859138,0.637126069348234,0.893115039464852
"2017-02-14",-0.194280266263718,-0.203220879189646,-0.214422901796631,-0.229589430888086,-0.235792369792096,-0.134782282527113,-0.0209758738864192,0.162626101790371,0.637724344721601,0.890733291568018
"2017-02-15",-0.211587351043354,-0.218543567658467,-0.227039518877268,-0.237665233673853,-0.237597500922222,-0.130613648179902,-0.0171848373815988,0.165009392539325,0.642989679509424,0.903445234644561
"2017-02-16",-0.218773099387196,-0.225017033652114,-0.232565935972963,-0.241683606588693,-0.239811225510784,-0.132423246061897,-0.0199316705072359,0.161474426375457,0.644551786811577,0.912806495106652
"2017-02-19",-0.228338254281251,-0.233150619022419,-0.238743820182812,-0.2445728648326,-0.238167459682706,-0.126957837515991,-0.0155528752176267,0.163154908278259,0.642748085445148,0.913342482730748
"2017-02-20",-0.224267421589442,-0.229339187239222,-0.235299093734532,-0.241786435821968,-0.236435123701112,-0.126895697882025,-0.0158372656942368,0.162920246004614,0.643955109987092,0.915717438081389
"2017-02-21",-0.227559761503248,-0.234260722915347,-0.242425113413348,-0.252548974455924,-0.251970143449521,-0.145291978837726,-0.0323180653121671,0.149762095261849,0.63164092697607,0.896911976146112
"2017-02-22",-0.226670675915749,-0.233126185469108,-0.240969588583341,-0.250612308188725,-0.249648425846971,-0.145240387981935,-0.0355647907994888,0.140395087390643,0.602545476139736,0.85502113333919
"2017-02-23",-0.261579845723506,-0.265588537093927,-0.270121283961941,-0.27430135325889,-0.266149529856955,-0.157102588961817,-0.0498050581353875,0.122241240988038,0.587656632400296,0.853570477880584
"2017-02-26",-0.274315299494659,-0.276952638593804,-0.279640362256809,-0.280821958020353,-0.268959137015484,-0.159867361459906,-0.056703670921414,0.108039538123963,0.558599431191575,0.821406168952233
"2017-02-27",-0.271902213238154,-0.275256739012475,-0.278891606857149,-0.2815538151737,-0.271325225674368,-0.16129351193261,-0.055834960837546,0.111936620679187,0.56285287466473,0.819666374143932
"2017-02-28",-0.272562233550164,-0.275504665607681,-0.278551494820901,-0.280133968968514,-0.268052691590558,-0.153814546782753,-0.0459854345083081,0.125240207243267,0.587084045591471,0.852018569443974
"2017-03-01",-0.269123043871352,-0.275075220980691,-0.282142939786604,-0.29017061982382,-0.285793799693083,-0.170734829026852,-0.0543181387499946,0.130599975540943,0.612510344099038,0.874825238421062
"2017-03-02",-0.327634770719706,-0.328257793119767,-0.328029609022919,-0.323736096673639,-0.302189426908952,-0.171608246600892,-0.058398553481493,0.117504236806063,0.588802236029858,0.861826173789514
"2017-03-05",-0.326334718461579,-0.327345447186177,-0.327623140919789,-0.324101549826201,-0.303353925002017,-0.172264849920687,-0.0582531698392832,0.117956001963636,0.582273552686332,0.845502376339676
"2017-03-06",-0.334175054501185,-0.33452034965421,-0.333891955533953,-0.328853659051518,-0.306016696671424,-0.172773858736309,-0.0584807988260571,0.1184265247532,0.590783325237622,0.863927458482653
"2017-03-07",-0.326108538453128,-0.327003427476811,-0.327107127573709,-0.323233403352045,-0.301745405121336,-0.167953730096554,-0.0517198162719252,0.128250851836032,0.605175822581818,0.877536225474534
"2017-03-08",-0.355520419317985,-0.351909916531878,-0.345770003814973,-0.331104344962606,-0.293752679556836,-0.14186761204162,-0.0262659435339108,0.146558723224753,0.604629286624573,0.876382500592498
"2017-03-09",-0.366330096208466,-0.362225504046324,-0.355398133034557,-0.339532110931115,-0.30035255929107,-0.145687817434185,-0.029171140388293,0.14490925792408,0.609834339073582,0.889623668127882
"2017-03-12",-0.357778353064389,-0.353522066674182,-0.346516562649537,-0.330453401467085,-0.291390137257602,-0.139268974463554,-0.0249562500813543,0.146330589731836,0.609179772783936,0.892597010077545
"2017-03-13",-0.34382076076682,-0.340690575545473,-0.335263031012826,-0.32198647142923,-0.287230888179683,-0.141235670931016,-0.0278643485185002,0.143839875857124,0.608919011659014,0.891112088100585
"2017-03-14",-0.313444977647964,-0.312888587224546,-0.311016237449818,-0.303848727219334,-0.277969891376431,-0.141963399131923,-0.0286356153457431,0.145368694921464,0.608908901635594,0.878144871190734
"2017-03-15",-0.313084007630884,-0.312781481279126,-0.311313478781371,-0.305026441630766,-0.281110192133374,-0.151395311234241,-0.0418401621046661,0.12769465649857,0.585003735875587,0.853968684789388
"2017-03-16",-0.303872806765799,-0.305199963181763,-0.305941691460821,-0.303308853199413,-0.284176226142961,-0.156645375279856,-0.0440547285836895,0.131098591312943,0.596446235879616,0.862082000655945
"2017-03-19",-0.291913808540662,-0.294504256870149,-0.296982742757992,-0.297306935160198,-0.282376860981327,-0.159051945623951,-0.0459743450043163,0.131107410155623,0.599227729806777,0.8627299469082
"2017-03-20",-0.295618908965112,-0.298559408378477,-0.301542969294621,-0.302805857880271,-0.289474595643542,-0.16896254626215,-0.0564427960076419,0.121115844052831,0.595109390835832,0.864162938578038
"2017-03-21",-0.291982643477038,-0.295789245650794,-0.29998663191921,-0.303395172952217,-0.29339736018044,-0.177825775321486,-0.0662869402321598,0.11118946326547,0.586646679974716,0.856044993016124
"2017-03-22",-0.298047139878779,-0.30168003467906,-0.305652058159622,-0.308720062909141,-0.298374240827982,-0.182926771873717,-0.0715263572884908,0.106325313071004,0.586993559737101,0.862260662929908
"2017-03-23",-0.295563273301856,-0.298320740789649,-0.301102616354499,-0.302191670339896,-0.289215739390352,-0.172345833183371,-0.0624636852015176,0.112364550546842,0.587430161037981,0.862645563674464
"2017-03-26",-0.250469701511354,-0.257939580597337,-0.267209435126978,-0.279379772676475,-0.282294181908272,-0.182332444186358,-0.0716249616841932,0.109044800622874,0.592748033342674,0.860987532214062
"2017-03-27",-0.268433768538617,-0.273603387097921,-0.279737186314371,-0.286657095852628,-0.282425803361225,-0.177090495423885,-0.0687765894346007,0.10656010740522,0.58199639562737,0.852434064452039
"2017-03-28",-0.236813899498891,-0.24397803058478,-0.252918255375464,-0.264838688861054,-0.268529283312755,-0.175962755905905,-0.0710944219420938,0.102231650904294,0.576392287575696,0.84519749750206
"2017-03-29",-0.235605969142575,-0.240915087247682,-0.247343340061575,-0.255116908769064,-0.253377336193459,-0.157943199647456,-0.0558576548453161,0.112478876526331,0.581944804541092,0.856429845697129
"2017-03-30",-0.204320594711387,-0.211196923376045,-0.219841215044153,-0.231596772049987,-0.236260886295119,-0.15133946777694,-0.051910872433948,0.115556510836414,0.589002964824428,0.866786661315349
"2017-04-02",-0.174540897095379,-0.182030049743421,-0.191578969124934,-0.205089068365746,-0.213032204889297,-0.136059691005451,-0.0404724149259075,0.122990483591012,0.591725759333497,0.86936539721821
"2017-04-03",-0.142284157916813,-0.152996414437008,-0.167055320054476,-0.188509441556635,-0.208666800018294,-0.148683524137313,-0.0552762791741949,0.110542209304072,0.593708686631282,0.878836873442565
"2017-04-04",-0.134729256523967,-0.147057393224339,-0.163294123117937,-0.188306773804392,-0.212980885897496,-0.154382749711572,-0.0576590180349801,0.113848639345497,0.60484849725976,0.887583787185455
"2017-04-05",-0.13131304480698,-0.144365695348712,-0.161576218901734,-0.188178536137884,-0.214918450713532,-0.158049607774236,-0.061525296531164,0.108943302269913,0.589433910154493,0.860836582982857
"2017-04-06",-0.122898157899366,-0.138233380517922,-0.158575392971832,-0.190490333498944,-0.224732036076447,-0.175307078594438,-0.0779709493168741,0.0958054959444659,0.582209477720403,0.852494197311586
"2017-04-09",-0.0587796786780176,-0.0800137132329354,-0.108458347513676,-0.154161251336323,-0.208071347723629,-0.179882135123315,-0.0823475324869807,0.0970438111930427,0.592921192458075,0.859469323765744
"2017-04-10",-0.113795690718326,-0.130530154362705,-0.152824931238064,-0.188163099688546,-0.227616062421106,-0.185215314765689,-0.088637752478544,0.0863521748829693,0.579490311373935,0.853644818697746
"2017-04-11",-0.114864681921418,-0.131490751363554,-0.153720530456385,-0.189233300816078,-0.229950680336422,-0.19449054689063,-0.102624551300676,0.0670251089531715,0.555433884543981,0.831851367666594
"2017-04-12",-0.109460553684068,-0.126009467869451,-0.14818233838975,-0.183767068322831,-0.225201417808105,-0.194081124640863,-0.105413011652371,0.0602169468219257,0.542669985492258,0.818267496369186
"2017-04-13",-0.0814406653870215,-0.101773620205803,-0.129060729917824,-0.173075067792334,-0.225636440457461,-0.202703709903662,-0.111768862937986,0.0574689139658154,0.530896868951733,0.787752648297523
"2017-04-16",-0.102523746128361,-0.120399257773654,-0.144373952234674,-0.182967195233037,-0.228569525671519,-0.202494011456835,-0.115471989745132,0.0468317178808731,0.509882489009765,0.767361725224214
"2017-04-17",-0.0960258864345251,-0.114149151808514,-0.138445539433385,-0.177518108059019,-0.223529038072676,-0.195903821186224,-0.106722263111851,0.0592259926798232,0.532037233432072,0.794804685559773
"2017-04-18",-0.103153643732371,-0.121269081941411,-0.145571090865498,-0.184707720128914,-0.230996130633304,-0.204579313631727,-0.116057598076633,0.0493778899011944,0.523129297836278,0.787573737540014
"2017-04-19",-0.109265858633513,-0.126987823366212,-0.150714348738407,-0.188758188659428,-0.233121024381185,-0.203148014423616,-0.113906049694501,0.0508785097207946,0.517056426516053,0.774800513026499
"2017-04-20",-0.127485109040544,-0.142248665499052,-0.161976056960648,-0.193432404725724,-0.229159686799642,-0.193787289035373,-0.107646087778613,0.051751906356605,0.516707635530338,0.784290648912109
"2017-04-23",-0.123095402424706,-0.136956471453533,-0.155468645388292,-0.184940356526497,-0.218132725383536,-0.181600348973255,-0.0967236905875729,0.060730212537848,0.525912173949828,0.797979851825007
"2017-04-24",-0.135974930863507,-0.148299865458207,-0.164737933327354,-0.190803853533151,-0.219585015718724,-0.180738286495238,-0.097855121472379,0.0564400788495022,0.522666459624413,0.803513537531135
"2017-04-25",-0.134840490763059,-0.146826167121699,-0.162830572609917,-0.188266533736073,-0.216517844876145,-0.178820841625926,-0.0970234825523841,0.056711108585913,0.529755012469618,0.820419311466609
"2017-04-26",-0.127193289784009,-0.138789948703699,-0.154288561933284,-0.178963589601349,-0.206501236223334,-0.170268415176246,-0.0905024398661795,0.0604310823628749,0.530687359954934,0.823595739186282
"2017-04-27",-0.119718523632589,-0.134452487274922,-0.15420646129848,-0.185931950248495,-0.222807054847827,-0.192338382350831,-0.108725674868346,0.0491331709095683,0.52172827554952,0.800300564429811
"2017-04-30",-0.11800643759234,-0.132574721363315,-0.15211442333773,-0.183519082920955,-0.220081822708637,-0.189895567219634,-0.106612172655626,0.0512002196170145,0.527026706825756,0.809670853763126
"2017-05-01",-0.116219273018394,-0.130342794818333,-0.149273260247864,-0.179648115130253,-0.214773815187452,-0.183297838276268,-0.100311601484382,0.0566690482621247,0.531230476611994,0.814447890270432
"2017-05-02",-0.105602468726018,-0.121109419867868,-0.141923669759817,-0.175445650937437,-0.214838619896735,-0.186616994754017,-0.10238886583569,0.057228364937068,0.533782034784904,0.81301283132959
"2017-05-03",-0.116288134142576,-0.130561797911803,-0.149691076236284,-0.180378662077178,-0.215857374363088,-0.184233861138645,-0.100792371015867,0.0568185627277363,0.531727310473449,0.814107481629875
"2017-05-04",-0.114259272877204,-0.128717955742429,-0.148102795133189,-0.179229715400685,-0.215348717597826,-0.18446572299521,-0.10104332639475,0.0567368713957592,0.531925737305862,0.814060756656065
"2017-05-07",-0.114354982502105,-0.127590396146565,-0.145291661663583,-0.173544806184025,-0.205546502248053,-0.170259357604376,-0.0869815790447802,0.0694802504678553,0.543495397523413,0.828438654900113
"2017-05-08",-0.119713945568501,-0.13151163111476,-0.147253061911361,-0.172224834824348,-0.199750356328482,-0.160842930473298,-0.0785980665824175,0.0756935156060196,0.550855920550063,0.843531435078586
"2017-05-09",-0.121642660929117,-0.132576385526182,-0.147114989314001,-0.16998912412995,-0.194366971263559,-0.151549781135525,-0.0692019439524428,0.0838249820858922,0.554147813198808,0.844826390036963
"2017-05-10",-0.113696566325477,-0.125391058748658,-0.140940395646316,-0.165413664817339,-0.191615197848162,-0.147927998113942,-0.0629211880237498,0.0941279895891988,0.569266619422916,0.857414884186053
"2017-05-11",-0.116232667147931,-0.127372343973234,-0.142213500643764,-0.165666856016257,-0.191082609971406,-0.150265699794283,-0.0683474284772049,0.085102677801425,0.561036202636918,0.857509548437807
"2017-05-14",-0.0673522738918196,-0.0818465857853697,-0.101383432980677,-0.133119782099951,-0.171357126509079,-0.149548171947434,-0.0717008937624491,0.0803844780545115,0.555197382138163,0.845974132892283
"2017-05-15",-0.104743924946261,-0.115489437266348,-0.129821070857456,-0.152520095378709,-0.17728867839512,-0.138481808846881,-0.059151951559148,0.0905376752902568,0.560798389247584,0.857816977765822
"2017-05-16",-0.10384979114219,-0.113919721959056,-0.127355225593124,-0.148642743946956,-0.171834179328548,-0.134111816694965,-0.0574413883234945,0.0882352788472182,0.553804809193167,0.853964987805756
"2017-05-17",-0.0994740440579996,-0.109117552262924,-0.121982978785858,-0.142361581939781,-0.164528588450254,-0.127991530079692,-0.0540509116625693,0.0865137483972107,0.536719260835898,0.827800133947969
"2017-05-18",-0.109534625175494,-0.119257674603548,-0.132214139126255,-0.15268554056256,-0.174763787985762,-0.136958776355739,-0.0621160444450249,0.0792433375214261,0.527389019592073,0.81406360596539
"2017-05-21",-0.109420382292773,-0.119558066721507,-0.133055080808602,-0.154343121332475,-0.177188735827696,-0.137639226179571,-0.0602884295909286,0.0848289057386372,0.539017403557401,0.825426351164743
"2017-05-22",-0.113227706970144,-0.12317054858526,-0.136401098905829,-0.157241352430947,-0.179479407175891,-0.139599262149752,-0.0626706123223499,0.0815116358926596,0.53312371287247,0.818426932804899
"2017-05-23",-0.110280273496822,-0.119899356919318,-0.132678787383007,-0.152731122690939,-0.173783032132489,-0.132412697366663,-0.0554316891474619,0.0882934643411226,0.538176165399043,0.822867055899709
"2017-05-24",-0.10395614628256,-0.114847872485523,-0.129375766610277,-0.152397589106013,-0.177618839181521,-0.139789444285002,-0.0614598610511663,0.0858479851448734,0.543899252946331,0.829542144628296
"2017-05-25",-0.107025138732861,-0.117784654135393,-0.132180877868509,-0.155151811096647,-0.180938666126385,-0.14748569369605,-0.0725307146707395,0.0706052569688237,0.524402866755424,0.812564293869475
"2017-05-28",-0.110477496251541,-0.12059711937736,-0.134100510659609,-0.155506210717557,-0.178903973984698,-0.142075303112112,-0.0664807720432604,0.076841562439368,0.531657371039894,0.822264956415333
"2017-05-29",-0.108171763989941,-0.118442230629672,-0.132172242096156,-0.154030306665803,-0.178315591512833,-0.143836771859142,-0.0694641963665814,0.0725400120261463,0.525914978000453,0.81680634910359
"2017-05-30",-0.106645257764473,-0.116924989134845,-0.130636994559193,-0.152359356865131,-0.176074385735654,-0.138919022627958,-0.0628673392856451,0.080785695469057,0.53303497133966,0.81936142139971
"2017-05-31",-0.104619667157143,-0.11505368691372,-0.128991252803457,-0.151141009130289,-0.175600918647454,-0.139669700529292,-0.063615455509179,0.0810047444363721,0.540144947507185,0.833122331589834
"2017-06-01",-0.0993290983139175,-0.109609871209344,-0.123370569733692,-0.145336958696153,-0.169975023208105,-0.136914641670233,-0.0633334236617157,0.0780429713948323,0.533142937050667,0.827454579733741
"2017-06-04",-0.097040772016636,-0.107041859001698,-0.120407294511365,-0.141666191633039,-0.165190403917196,-0.130652861273125,-0.0571585076810125,0.0831695904548451,0.532420003869568,0.82182752369302
"2017-06-05",-0.0996936095931447,-0.109265073260102,-0.122064825088942,-0.14244750795462,-0.165049753718459,-0.131545010653633,-0.0599171381824398,0.077788496329378,0.525250672857972,0.818550149670845
"2017-06-06",-0.0753610210572601,-0.0848933651640155,-0.0977161561489088,-0.118406552050613,-0.142452743279101,-0.116662932032462,-0.050759786499824,0.0795893367217146,0.516942063869998,0.811860134583207
"2017-06-07",-0.0784670307608764,-0.0866838535875424,-0.0976436549542733,-0.114974296193365,-0.133555632903307,-0.0981239148926614,-0.0289516940137146,0.104349243650405,0.548788724130883,0.851095078763574
"2017-06-08",-0.0711621801707689,-0.0803941303733068,-0.0928130472073563,-0.112845064333131,-0.136046437589013,-0.109647901781831,-0.0436927886512311,0.0873236636367329,0.533065972614761,0.839049733684374
"2017-06-11",-0.0822474141374912,-0.0904838899148267,-0.101499543931054,-0.119025035566202,-0.138249893328734,-0.105619723338656,-0.0382610374222311,0.0930809737281395,0.537611009018099,0.844347140755461
"2017-06-12",-0.0879209368118543,-0.0951217825887934,-0.104679738864997,-0.119611948295855,-0.134782020264357,-0.0964867932295055,-0.0287175935478317,0.100765236247467,0.534471931100592,0.833462709443278
"2017-06-13",-0.0880415883214212,-0.0950939380844346,-0.104457450314719,-0.119093983263011,-0.133986368690691,-0.0964419422689285,-0.0297993221858313,0.0978260922172797,0.527370652060247,0.825176260530087
"2017-06-14",-0.0835982224339114,-0.0912186557110323,-0.101369393388963,-0.117367276656303,-0.134269346326778,-0.0991970646607183,-0.0328100289244948,0.094846507471436,0.521484051513275,0.813201206683578
"2017-06-15",-0.0821805656675449,-0.0899619132610001,-0.100343872869008,-0.116767522067334,-0.134375011323376,-0.100322357283475,-0.0338339612314964,0.0948325686800814,0.528121514392341,0.826450554963267
"2017-06-18",-0.0862498373348548,-0.0939160094122752,-0.104133997692908,-0.120258518468075,-0.137363858559607,-0.102282625732118,-0.0352984970789727,0.0940392955475264,0.529658375130166,0.830155836266264
"2017-06-19",-0.0819427087815415,-0.0895506938927563,-0.0996961213409095,-0.115724921978524,-0.132811404539076,-0.0986419710208684,-0.0327375961144535,0.0946995379954291,0.524334210818878,0.820828960072281
"2017-06-20",-0.0749543865404444,-0.0827678623411952,-0.0931933425005355,-0.109691475081695,-0.127425210805772,-0.0939364903428688,-0.0281756089854462,0.0988141382774882,0.523715603887006,0.813860247893019
"2017-06-21",-0.0719792425295604,-0.0799527692002906,-0.0906096515832343,-0.107542019643503,-0.126047844811935,-0.0943747334053365,-0.0295992046463669,0.0960549023624195,0.517035912979824,0.804135407948424
"2017-06-22",-0.0769536355934002,-0.0848629821325932,-0.0954258726892833,-0.112175998518589,-0.130324596898617,-0.0974357153506821,-0.0316310807990683,0.0958959482519752,0.524326772492429,0.817933525644426
"2017-06-25",-0.0737714424251632,-0.0817834787606529,-0.0925101513723839,-0.10961574528164,-0.12853982132679,-0.0978381330111631,-0.0329847720991109,0.0940973385097239,0.527046099017872,0.827728664324143
"2017-06-26",-0.0672011813935411,-0.0772826407460925,-0.0908550248600497,-0.112800836297566,-0.138538358086461,-0.113668405658489,-0.0466853412893291,0.0859056136091254,0.527760695343472,0.822564297985386
"2017-06-27",-0.0414775051077729,-0.0535828353691672,-0.0699541511394089,-0.0967175848164469,-0.129460790326106,-0.112130084930375,-0.0444848805958138,0.091636694534426,0.540540901166813,0.832452731476081
"2017-06-28",-0.0694001184300054,-0.0789409143710191,-0.0917464810205465,-0.112306799530356,-0.13579082984562,-0.107096865338489,-0.0390687271056969,0.0939782521214788,0.534800736580534,0.828771628509712
"2017-06-29",-0.0768514702615767,-0.084689030378067,-0.0950721794477469,-0.111231523871076,-0.12746262753451,-0.0857837233371314,-0.0135894484317471,0.122371104222402,0.564721415838159,0.859536012939714
"2017-07-02",-0.0740447970849849,-0.082561542423782,-0.0938806632852748,-0.111638034014507,-0.130134404945789,-0.0903782117240209,-0.0173339049423994,0.120936193227907,0.569381120560186,0.865709447547679
"2017-07-03",-0.0723078007066947,-0.0809020611919033,-0.0923377596877582,-0.110327628603251,-0.129275224426234,-0.0906215787814311,-0.0180380077564616,0.119941214514167,0.569511348308753,0.867749697624119
"2017-07-04",-0.0747512310052394,-0.0817768389739469,-0.0910520753180146,-0.105355331507642,-0.119067516757526,-0.0756231017484779,-0.00436465669088992,0.129845567141435,0.573503806573795,0.876490147281267
"2017-07-05",-0.0713240170992883,-0.077180810296971,-0.0848393547468431,-0.0963603046868692,-0.106036162954467,-0.0583918953304399,0.0123147590174649,0.144283789467194,0.584994674473629,0.893015305057303
"2017-07-06",-0.0677376239437032,-0.0739574836230391,-0.082143873182278,-0.0946612720326313,-0.106101956484009,-0.0621309772468347,0.00724257105735271,0.138441807808129,0.582021899148225,0.894789284555083
"2017-07-09",-0.0793449706830389,-0.0840703713009517,-0.0901683106756502,-0.0990189502456174,-0.104881017514125,-0.0536581463625341,0.0161689602924301,0.145613865892949,0.584478455438632,0.900535514474869
"2017-07-10",-0.0787561547277765,-0.0841013858579655,-0.091036831161255,-0.101257016631256,-0.108819002451055,-0.0572814971773074,0.0150459481943298,0.149118162121841,0.598317173622025,0.915714449340643
"2017-07-11",-0.0761582049180986,-0.0824315374840741,-0.0906543131543796,-0.103102781615374,-0.113947551018158,-0.066187150940152,0.00618455223563008,0.141373715553993,0.590509250779053,0.901655815643464
"2017-07-12",-0.0762643807219747,-0.082717389484409,-0.0912142883996839,-0.104226572959273,-0.1162537007121,-0.0723376326066583,-0.00264440302606117,0.128552811001629,0.566198512557885,0.869442663628667
"2017-07-13",-0.0881226464080321,-0.0931588029462746,-0.0997092115234823,-0.109417731235948,-0.116822528565697,-0.0691077346296973,-0.000918468642207904,0.126784456397008,0.563065873320484,0.878384147825816
"2017-07-16",-0.0773918421935084,-0.0832521082511889,-0.0909580080031436,-0.102708457558459,-0.11326820232841,-0.0699459026977237,-0.00229417899256579,0.126007699025438,0.564377002864781,0.877942155941268
"2017-07-17",-0.0856364124462154,-0.0909065407822703,-0.0978258108420324,-0.108326217744536,-0.11746254158987,-0.0751059378492629,-0.0099435857578738,0.11459793626786,0.550907457100596,0.873665241197389
"2017-07-18",-0.08959122073617,-0.0949134506678518,-0.101874846705407,-0.112343389019142,-0.121043703255648,-0.0758174666099672,-0.00846475156203597,0.11873937983864,0.556030563000733,0.87298766498068
"2017-07-19",-0.0909261044401042,-0.095979887858203,-0.102564676082327,-0.112367235842383,-0.120038916081283,-0.0734159040443038,-0.00595669769146789,0.120880518236524,0.55659794004508,0.873244859318367
"2017-07-20",-0.0962404113468277,-0.10149834164515,-0.10836307244929,-0.118637792721749,-0.126950448606545,-0.080591609296409,-0.012531523523619,0.115639580701177,0.555325090522139,0.873708117019445
"2017-07-23",-0.0943818594020941,-0.0998599033920467,-0.107040956067029,-0.117900278948022,-0.127203285563274,-0.0826312819258465,-0.0150102304487518,0.113259476367372,0.556198007669562,0.878388452308033
"2017-07-24",-0.10354152128176,-0.108231817781834,-0.114311746731774,-0.123238482135747,-0.129615430825588,-0.0815129987947119,-0.0141109876937434,0.112184608805726,0.547657554750203,0.866979290407468
"2017-07-25",-0.0962281019698378,-0.101001950249755,-0.107178124962443,-0.116203759942647,-0.122479398439976,-0.0728318043232097,-0.00419167972671619,0.123448127783241,0.557207714944853,0.869930874916654
"2017-07-26",-0.0919782208101964,-0.0975171292132838,-0.104781807384791,-0.115784480234551,-0.12530338986091,-0.0811769499559969,-0.0139259944091695,0.113482435999138,0.551324723688576,0.867682591370986
"2017-07-27",-0.104449090355556,-0.108535801136768,-0.113766026293388,-0.121179952967336,-0.125181798276962,-0.0736006540142955,-0.00567967790454904,0.120217325242616,0.553354550066329,0.872872035284351
"2017-07-30",-0.0994356635524109,-0.104190049020406,-0.11035584305848,-0.11941951670792,-0.125946496602407,-0.0775625149813226,-0.00958187599415061,0.117872641790933,0.557535425732804,0.879995799724285
"2017-07-31",-0.0997910761497717,-0.104347828660332,-0.110241713395822,-0.118842436879972,-0.124715756553788,-0.0757412660810911,-0.00789851234719108,0.119234141495971,0.559767068469353,0.885386303952873
"2017-08-01",-0.0998543195249843,-0.104499135712881,-0.110531665735073,-0.119429684664806,-0.125953564957637,-0.0790186051949603,-0.0123624007556539,0.113464848324146,0.553470329095239,0.881459879601627
"2017-08-02",-0.101871841412401,-0.106214460879554,-0.111837261015303,-0.120060423654494,-0.125728588515351,-0.0788238558713497,-0.013297879186517,0.110411245316146,0.546103096371878,0.874648127434545
"2017-08-03",-0.0897239776133524,-0.0950569846611507,-0.102081113992459,-0.112823461157979,-0.12253413959155,-0.0820542802079448,-0.0178868740578818,0.10586849066345,0.544993822723019,0.874074540282496
"2017-08-06",-0.0933237576945453,-0.0978126318851188,-0.103660019335954,-0.112346841269134,-0.118971840686772,-0.0747576419330804,-0.0106044192431508,0.111875306847776,0.549377910075123,0.883700177430313
"2017-08-07",-0.0854839864215636,-0.0908750785631156,-0.0979816521209069,-0.108872905650874,-0.118823687968764,-0.0787089546818711,-0.0145805974345746,0.10929516402404,0.549349708490966,0.879298003905099
"2017-08-08",-0.0881151966668734,-0.0940916919306953,-0.102020157397447,-0.114367610873238,-0.126582571569681,-0.0897181136297127,-0.0260922950258816,0.0979849044940179,0.538410657955977,0.86567687797666
"2017-08-09",-0.0922648935328696,-0.0977656005156397,-0.105026833556142,-0.116195974032146,-0.126601921496388,-0.0874297408639325,-0.0238478651908058,0.0990694598049345,0.53434586906748,0.85885260678264
"2017-08-10",-0.0906655737829717,-0.0964101621803746,-0.104010400877552,-0.115768303794487,-0.127045067367706,-0.0888378882107932,-0.0251540386892859,0.098292015060039,0.534621976052507,0.858227923202039
"2017-08-13",-0.0937214464051164,-0.0990783236065263,-0.106148980753701,-0.117019858463467,-0.127107855563775,-0.0883722006791807,-0.0256025737064841,0.0960333304681541,0.52964866734673,0.855747794958251
"2017-08-14",-0.0931157688092851,-0.0990146415006168,-0.10685851815639,-0.119139927531158,-0.131556952832982,-0.0967576268265528,-0.0348346702849535,0.0871262237008987,0.526932666475116,0.859403446956639
"2017-08-15",-0.102398055368343,-0.108074669991794,-0.115602246336492,-0.127306446153878,-0.138749080337267,-0.101829812985491,-0.0387047234350956,0.0852010130936584,0.533685287267906,0.875680678878456
"2017-08-16",-0.0934564215622519,-0.0996549863413874,-0.107910259448262,-0.120886766309347,-0.134249964432485,-0.0998253344735777,-0.0369686986152,0.0870919557958929,0.533441726453855,0.869062327370511
"2017-08-17",-0.107799682365695,-0.114344996558701,-0.123051284323697,-0.136702826255155,-0.150657401645756,-0.114285492958804,-0.0487988648090981,0.0792410814482397,0.530997805051019,0.862801980051954
"2017-08-20",-0.109623683820181,-0.115799677588369,-0.124013066978734,-0.136880136071188,-0.149943692596399,-0.114310635764908,-0.0506331266024014,0.0744385579620812,0.521770372833471,0.85627141480645
"2017-08-21",-0.122007547063332,-0.126905442900306,-0.133331900483848,-0.143061283283058,-0.151367999407494,-0.10993184707877,-0.0465080781469218,0.0756143801147445,0.512595250796613,0.844996910389039
"2017-08-22",-0.120916207393379,-0.126148338946726,-0.133035386012738,-0.143550697621738,-0.152967568444733,-0.11243755701193,-0.0485816175396321,0.0745926032643394,0.512773076037915,0.842455496275239
"2017-08-23",-0.106689330637277,-0.114452419612165,-0.124880621116869,-0.141625727401615,-0.160551564273995,-0.132342868362871,-0.0690037595318878,0.0579561381263938,0.508528778049329,0.836272054123673
"2017-08-24",-0.134366654183183,-0.141227070588303,-0.15038050972216,-0.164838744391202,-0.180086388555669,-0.145562964282878,-0.0800930065552011,0.049044817365386,0.508050788665522,0.846793078064509
"2017-08-27",-0.130935500433221,-0.137962280137986,-0.14736593575102,-0.162324094480707,-0.178550445860848,-0.14653274173928,-0.0822291343003372,0.0459601421666088,0.506722284102806,0.849982206000763
"2017-08-28",-0.128351443837419,-0.136188709186839,-0.146719925889805,-0.163639847671157,-0.182781904780488,-0.154095822651239,-0.0895525176491718,0.0402726781986166,0.504691621839336,0.845814417790749
"2017-08-29",-0.1347265566678,-0.141613121991773,-0.150812580906325,-0.165384167519839,-0.180922523030998,-0.147464253815598,-0.0826444937679002,0.0458086331084073,0.505056622119505,0.845875885804518
"2017-08-30",-0.134272702038055,-0.141727861409115,-0.151708582485801,-0.167605847307695,-0.184992340496417,-0.152931663731763,-0.0873223896972488,0.0429261192032415,0.50418249886326,0.840980067061536
"2017-08-31",-0.1760621696876,-0.180159252756909,-0.185447025228224,-0.193106387964186,-0.197980128073209,-0.149952614223022,-0.0837263335497773,0.041933101694331,0.493006881426096,0.842431758674895
"2017-09-03",-0.154689906493142,-0.159933910054089,-0.166863412845771,-0.177539990328791,-0.187501438706165,-0.149130616221666,-0.0862923268637386,0.036743868422942,0.485612790093935,0.833005046503342
"2017-09-04",-0.150458882561267,-0.155875137007891,-0.163035683587927,-0.174085447715229,-0.184502525251296,-0.146184315454701,-0.0830347369524657,0.0401938959549879,0.484898714935581,0.824025235078941
"2017-09-05",-0.154187278357999,-0.159524283693968,-0.166571316034295,-0.177411833838741,-0.187471161940066,-0.148400979864031,-0.0848921001120808,0.0388055148465236,0.485130552252123,0.825935618384534
"2017-09-06",-0.152865025777801,-0.15902927226576,-0.167184124398966,-0.179800537176797,-0.191922346920337,-0.151415209692797,-0.0838881853536747,0.0466414546168415,0.504722083455854,0.841376127735637
"2017-09-07",-0.138473248731013,-0.146449211051866,-0.157174185801512,-0.174434753139774,-0.194101692198292,-0.166220763286538,-0.101928026687484,0.0275713550962952,0.489935656327742,0.828201630741426
"2017-09-10",-0.1356406834887,-0.143075962668207,-0.153044848505438,-0.168977446856235,-0.18663128642237,-0.156326542299375,-0.0922146391750828,0.0358207815654504,0.492230155358281,0.827419769002974
"2017-09-11",-0.136862552985484,-0.142968315279001,-0.151059242274815,-0.163626689877038,-0.175919175252223,-0.137319134190037,-0.0716381204165344,0.0559568850130556,0.506486193348266,0.839487578928325
"2017-09-12",-0.135957209726087,-0.142083293940544,-0.150197162112409,-0.162785042242969,-0.175028548960293,-0.135763829348335,-0.0693764121050601,0.0594495355845521,0.513973601914264,0.849811151210793
"2017-09-13",-0.115073193130346,-0.121751070381249,-0.130635762307406,-0.144576401981848,-0.158878728047358,-0.122349169083975,-0.0562508472234937,0.0728945313735473,0.52710909816439,0.859238349487387
"2017-09-14",-0.10290652486906,-0.112002415737002,-0.124260777538945,-0.144106595405388,-0.167330715337695,-0.142079883556774,-0.0764496905488319,0.0557671295188443,0.517326345044808,0.84353660356098
"2017-09-17",-0.09487549948165,-0.104552712323201,-0.11762687632006,-0.138917245566295,-0.164386560201098,-0.142374175706286,-0.0772591132225658,0.0551687586337559,0.517941245924494,0.843406678781253
"2017-09-18",-0.107431682573395,-0.115445270313947,-0.12617491823305,-0.143280863737752,-0.162133047635992,-0.130010783217647,-0.0629400423171199,0.0692423636237228,0.526976980134209,0.851565581697579
"2017-09-19",-0.107547258868226,-0.114988597077037,-0.124945431120235,-0.140787626263766,-0.158061210953867,-0.125997231561663,-0.060861341172997,0.0679052723892493,0.520076700716746,0.846959465043568
"2017-09-20",-0.0977732347392157,-0.105456607251479,-0.115766765713006,-0.132282978450486,-0.150790379347491,-0.121770032943896,-0.0583087304350741,0.0682562610075866,0.514577736394783,0.837241506739066
"2017-09-21",-0.100915955117872,-0.109051989403007,-0.119982635701017,-0.137546275931569,-0.157491263788882,-0.129368913314509,-0.0650597709449702,0.0633584331564196,0.513266299769535,0.834976116157998
"2017-09-24",-0.100066730612758,-0.108887183300191,-0.120759913178735,-0.139927660563384,-0.162127057726452,-0.135762120403574,-0.0704479169425323,0.0604672331215219,0.516011755071449,0.837532863921891
"2017-09-25",-0.102546158059623,-0.111073082896517,-0.122523444174027,-0.140907614730609,-0.161760792112106,-0.132722943908223,-0.0664238064563838,0.0652408749124581,0.520671769635371,0.841299039730034
"2017-09-26",-0.105502397292303,-0.112435274948193,-0.121636141601857,-0.135994371712169,-0.150435629369621,-0.111247181105394,-0.0426118592680325,0.0896564248719331,0.543454077130525,0.866049956002814
"2017-09-27",-0.105468034562497,-0.11091750373234,-0.118026551213663,-0.128646797486915,-0.137158716103515,-0.0887644558231685,-0.0181764472337039,0.11431001929753,0.56597799821203,0.890702464083744
"2017-09-28",-0.130736147034926,-0.134256165373217,-0.138690962483127,-0.14469466335281,-0.146488884936597,-0.0914483356082267,-0.0225299500934592,0.10440824164423,0.543963996852633,0.873636723350576
"2017-10-01",-0.13441029377464,-0.137442066023282,-0.141170503435194,-0.145850871087146,-0.145325706772182,-0.0854193036147304,-0.0145379172058359,0.114090489790692,0.554196331452912,0.882359556894766
"2017-10-02",-0.135150498311064,-0.138175045204584,-0.141886460625475,-0.146511920455787,-0.145803346296662,-0.0849248609318952,-0.0131847649182226,0.116858140046463,0.561401749497069,0.892726518889094
"2017-10-03",-0.124542568325887,-0.130050228455663,-0.137253486892374,-0.148082417479994,-0.157061801122353,-0.110025157137596,-0.0400223001180789,0.092262454191879,0.547799791944477,0.878733145069705
"2017-10-04",-0.138514540375621,-0.143680026307491,-0.150405051807737,-0.160393791265384,-0.168090339030487,-0.119311741322224,-0.049078183500317,0.0831106197268894,0.53928775988889,0.872960773617856
"2017-10-05",-0.132223434111664,-0.13712823754731,-0.143468089430749,-0.152707760360738,-0.158992223788583,-0.106656795023847,-0.0345796040298254,0.0997004906087191,0.558982084016642,0.893050135555689
"2017-10-08",-0.138766529319091,-0.143197723199253,-0.148871695882424,-0.156928526344452,-0.161364083062841,-0.106342326853005,-0.0338544264066498,0.100186131016582,0.55828911268975,0.893283538042291
"2017-10-09",-0.144802844432412,-0.149189274500249,-0.154785118591297,-0.162650825622016,-0.166596296624405,-0.109723403239658,-0.0360263132543934,0.0994588371270749,0.558737700951391,0.891874693753554
"2017-10-10",-0.150149452562899,-0.153789945765741,-0.158333878350028,-0.164321350880001,-0.165304162667315,-0.104110874598511,-0.0298966815920996,0.10464909925267,0.557928064105704,0.887579730495322
"2017-10-11",-0.147362546261092,-0.15077162198706,-0.154991285462638,-0.160407997863692,-0.160528551819209,-0.0984403624982652,-0.0245768849642701,0.10865736328907,0.555695221915625,0.880164119390441
"2017-10-12",-0.155450680385181,-0.158194094047184,-0.161480804505271,-0.165250234696586,-0.162831038832331,-0.0972349042254231,-0.0229484423383571,0.109854320052542,0.556214191268488,0.883970997324123
"2017-10-15",-0.147751061396501,-0.151293981558489,-0.15570697255707,-0.1614836307214,-0.162218540240027,-0.101183755953905,-0.0274505799598976,0.106248400275345,0.557796728671156,0.887492342044289
"2017-10-16",-0.147149161434036,-0.150366922380619,-0.154325863990425,-0.159307331077693,-0.158845362704219,-0.096421067008198,-0.0228397591216345,0.109949032991876,0.558237538267217,0.886819735023695
"2017-10-17",-0.150108493059695,-0.152803668551237,-0.156038078036875,-0.159767648390904,-0.157476861465423,-0.0931428148160715,-0.0198513782278096,0.111825665763993,0.559137483635467,0.891917310088858
"2017-10-18",-0.156725181610314,-0.159457466794085,-0.162731794951581,-0.166488929352619,-0.164074738552513,-0.0984370385135157,-0.0238889878702913,0.109784376477045,0.562167898274781,0.897226681282778
"2017-10-19",-0.167590635720628,-0.169412297508559,-0.171391623602062,-0.172798708597511,-0.166536421593725,-0.094377018358868,-0.0181877692625728,0.11581700242058,0.564315803995015,0.896771032507707
"2017-10-22",-0.166925783965606,-0.168622556976568,-0.170433198954918,-0.171564803515294,-0.164962824533447,-0.0928902824607415,-0.0172238333323251,0.115840115724767,0.562629193594128,0.895728200454398
"2017-10-23",-0.167438945376808,-0.169260116336032,-0.1712420535917,-0.172666203685231,-0.166483651936581,-0.0948860462266657,-0.0192892375976252,0.11359999527092,0.557647871244873,0.886079422858043
"2017-10-24",-0.169673565876325,-0.170921100708095,-0.172097745466611,-0.172097020827302,-0.163717729571249,-0.089271096416432,-0.0136850585863755,0.117863079492866,0.556027294281124,0.881799367802078
"2017-10-25",-0.163683053235981,-0.166650647405534,-0.170211587873326,-0.174327228315179,-0.171935524018828,-0.103350832928282,-0.0261823027264099,0.110485868584576,0.55958166612915,0.879990578553829
"2017-10-26",-0.155439118187666,-0.160064658428004,-0.165904501193398,-0.173889943440055,-0.176902795678426,-0.112427100966571,-0.032901809777517,0.109286141936546,0.567079231333046,0.880125436214378
"2017-10-29",-0.153720206458943,-0.158684209806073,-0.164998303659394,-0.173820749073274,-0.178122796131278,-0.115411075175729,-0.0360628653639138,0.106467921160217,0.56572952479899,0.878902553250451
"2017-10-30",-0.159438495652462,-0.164302140414781,-0.170460898843547,-0.178958902307497,-0.182580059325022,-0.117896865636227,-0.0374960311561801,0.106089794796039,0.565362983141972,0.87644211974524
"2017-10-31",-0.163353257770697,-0.167812403944144,-0.173407465756286,-0.180922757402191,-0.18308568302968,-0.116917838258028,-0.0369983535367465,0.104834895715481,0.556942458524151,0.863167147687442
"2017-11-01",-0.172854831638801,-0.176651087167678,-0.181334797024231,-0.187301136093462,-0.187290563456085,-0.119330846297164,-0.0401601269184403,0.0998507858669805,0.549774135456662,0.859543645633414
"2017-11-02",-0.169240704367109,-0.173484213606936,-0.178785415756658,-0.185810264006048,-0.187318304545748,-0.120814263060594,-0.0413024249385472,0.0997589798800671,0.551158743743713,0.85893025556576
"2017-11-05",-0.173006511102704,-0.179458739434867,-0.187837788161557,-0.200237678204393,-0.20982612318797,-0.153337408845652,-0.074063634214049,0.0701026106391647,0.530154489557824,0.835904261851498
"2017-11-06",-0.172420763628264,-0.179149771417577,-0.187892056533827,-0.200850205508856,-0.211008399229781,-0.153753245607919,-0.0732421546634296,0.0725525103889837,0.532537951943588,0.833905370628814
"2017-11-07",-0.183188468719996,-0.190597182210729,-0.200233792254533,-0.214575296245167,-0.226184573848385,-0.167330096197531,-0.083983938132204,0.0656111275224461,0.52620834022397,0.818885421142131
"2017-11-08",-0.202644118879924,-0.20810457869386,-0.215001594701863,-0.224472843387364,-0.228441390000917,-0.158167137880874,-0.0727504368282044,0.0763405052928987,0.530191875809594,0.820005620390591
"2017-11-09",-0.217558004240371,-0.219707951130263,-0.222045707485277,-0.223739039895745,-0.216677801944423,-0.136522048116263,-0.0541894031397446,0.0864101988485941,0.526409931140918,0.826261811722203
"2017-11-12",-0.208634607547184,-0.209937650338081,-0.211120648504065,-0.210885122616741,-0.201246084289094,-0.119789695739059,-0.0390910608481719,0.0984759929813066,0.536934814623633,0.845759454730275
"2017-11-13",-0.19587566179176,-0.19873612894799,-0.202074837961648,-0.205552251565693,-0.201295751751209,-0.125202042350092,-0.0433530238827667,0.0981114341591904,0.543662674476048,0.846939927824158
"2017-11-14",-0.191888805217067,-0.195807348543406,-0.200627074641166,-0.206713770947901,-0.206465121375598,-0.135880629678969,-0.0547039792067686,0.0874399780636425,0.53509935720335,0.836058589126814
"2017-11-15",-0.193452354585332,-0.197343646060116,-0.202100964803667,-0.207994815987929,-0.207151774059051,-0.134054287490561,-0.051233245651325,0.0927602365448258,0.541020384679768,0.838698122828055
"2017-11-16",-0.201885013244833,-0.205382313857864,-0.209627269861658,-0.2147504989068,-0.213187429858238,-0.14154484656876,-0.0606144369933432,0.0812240800745296,0.533116160688211,0.842466545283917
"2017-11-19",-0.205771058288583,-0.209118209697293,-0.213154853121615,-0.217917926549248,-0.215829988323138,-0.143687319177366,-0.0629360241411523,0.0783254911596369,0.528281485840645,0.83673734400953
"2017-11-20",-0.20254913857599,-0.206477477247543,-0.21132076487369,-0.217481584574772,-0.217456578206804,-0.147678314414961,-0.0668541990454573,0.0752556535696037,0.526160121955078,0.831853152838548
"2017-11-21",-0.206115188549135,-0.209624850284682,-0.213907329147711,-0.219166842434682,-0.218073223747662,-0.148677897461944,-0.0694142617406109,0.0702102532982907,0.518635769314252,0.828218382204749
"2017-11-22",-0.201689184752564,-0.205450819226715,-0.21009117360418,-0.21599889629017,-0.215964518812372,-0.14838575573461,-0.0696268609606753,0.0697674452814946,0.518588017611686,0.828362571735546
"2017-11-23",-0.207434689376768,-0.210250284325918,-0.213586254715772,-0.217262682476018,-0.214034117008562,-0.143244003885161,-0.0648302320031741,0.073422106938926,0.526033624703976,0.848351832771701
"2017-11-26",-0.202279246908737,-0.204690555669707,-0.207466844358497,-0.210179083933063,-0.205552554588251,-0.133371764806122,-0.0552553292701758,0.0820088300299959,0.533203743385278,0.857803569210544
"2017-11-27",-0.193199637157437,-0.196485955939338,-0.200480071929135,-0.205312483135671,-0.203839570229081,-0.135237670773677,-0.0567990319424945,0.0824030554682483,0.538412890045784,0.861438838435363
"2017-11-28",-0.189562100329154,-0.1934081651872,-0.198209834453531,-0.204548223421771,-0.205694990347067,-0.14255428145,-0.0663758254982586,0.0706817060270533,0.524111224742951,0.846398389587819
"2017-11-29",-0.178339143593402,-0.181774476773403,-0.186017138921791,-0.191427662422318,-0.191373110223869,-0.128155989967549,-0.0535294913265648,0.0803940785084063,0.525251912968295,0.84433187815879
"2017-11-30",-0.155559107407014,-0.161325895588679,-0.168830562535724,-0.179980077632816,-0.188688498104302,-0.136861815154776,-0.0627424153231323,0.0746778595349238,0.532006922217941,0.851644492586561
"2017-12-03",-0.150525231012592,-0.156156886262604,-0.163479814113668,-0.174334932759336,-0.182687311215716,-0.130971424550162,-0.0573948352827302,0.0790799081506329,0.534677498823323,0.854567787210263
"2017-12-04",-0.133201668541473,-0.138959857031577,-0.146484285637746,-0.157778712241635,-0.167115912117166,-0.118623504688031,-0.0470243800252184,0.0870899450449188,0.539903552585569,0.860993154110888
"2017-12-05",-0.115459545694866,-0.123268717389062,-0.133620394265769,-0.149747485632972,-0.165976694054005,-0.12398671755164,-0.0508897683424036,0.0876240468141717,0.54443278179386,0.853832948627821
"2017-12-06",-0.113388689428516,-0.121653374278328,-0.132625067288572,-0.149785951993596,-0.167402718656033,-0.126336676187984,-0.0527313655994652,0.0866259408293472,0.541674387264114,0.845434815910517
"2017-12-07",-0.126912417177783,-0.134613429299467,-0.144780955810152,-0.160473755304619,-0.175655236758765,-0.13028880202858,-0.0554909123401121,0.0842414295240063,0.536343389295401,0.836918282722288
"2017-12-10",-0.144091105300643,-0.150071824431573,-0.157845285673131,-0.169367387609444,-0.178311823401197,-0.125347631465196,-0.0504363382427993,0.0869037978567385,0.5329350435245,0.835641439442101
"2017-12-11",-0.138313734132309,-0.145065488838598,-0.153926153994309,-0.167390939135861,-0.179417202757513,-0.131238673069702,-0.0573295592119748,0.0799693097197621,0.527993977679542,0.831104729608651
"2017-12-12",-0.14144979922655,-0.148106069384639,-0.156808470105587,-0.169910638854387,-0.181080651631469,-0.130054297342852,-0.0545100801227574,0.0844638224742947,0.532375314403143,0.831931070564256
"2017-12-13",-0.136985817284159,-0.143659008844876,-0.152391038445104,-0.165566540021669,-0.176931116647101,-0.126735588611784,-0.051843657267594,0.0861346142074758,0.531311026453805,0.82918130917685
"2017-12-14",-0.138687621729828,-0.1451108808049,-0.153511765610401,-0.16616736855205,-0.176959557006975,-0.127231703733937,-0.0533586137907376,0.0831657261355919,0.527728432904665,0.828745730458744
"2017-12-17",-0.12953904615688,-0.137331653456582,-0.147641464676947,-0.163633006710226,-0.179446103114105,-0.135931091400191,-0.0621388543353445,0.0765486872034322,0.52821764320769,0.830155833282278
"2017-12-18",-0.135959535147744,-0.14266860467467,-0.151472537254475,-0.164849451428836,-0.176796939589789,-0.129039171512314,-0.0558271163587327,0.0800345824878589,0.522321727373656,0.820697500957302
"2017-12-19",-0.125506003505428,-0.13267563012349,-0.14209410616367,-0.156451148400467,-0.169536765967235,-0.121266983843875,-0.0463515583040582,0.0921333981368389,0.536905951656305,0.831636843009651
"2017-12-20",-0.14018033542967,-0.145807352445764,-0.153073347983173,-0.16366014211589,-0.171027157100573,-0.115220619945623,-0.0395715943206234,0.0977687116462493,0.539888525046574,0.838202957218821
"2017-12-21",-0.153470403296186,-0.15797217862674,-0.163707525491597,-0.17174905056032,-0.175749853817421,-0.118374239390712,-0.0449020744789257,0.0885241491424005,0.528652815534143,0.837377947689176
"2017-12-24",-0.134636751073388,-0.140823143060827,-0.148930460506699,-0.161197495232158,-0.171847525965769,-0.124376903855425,-0.0525675202486025,0.0816361853006011,0.528304465797165,0.838502387771714
"2017-12-25",-0.157370241059296,-0.161556354496212,-0.16686597023474,-0.174213143140093,-0.177352337316321,-0.120022216391189,-0.0475839433552112,0.0840972456641441,0.522268841688648,0.833727877580975
"2017-12-26",-0.142390078875581,-0.147380316940423,-0.153799021543833,-0.16304386021068,-0.168894931224397,-0.114149299989286,-0.0411544721041069,0.0921600624948512,0.530867906170961,0.835893923346909
"2017-12-27",-0.136669470206412,-0.141790342707655,-0.148392883151405,-0.157965106833914,-0.164332643698271,-0.110391523147505,-0.0375888520200632,0.0956341407528304,0.534076895374315,0.838450315431667
"2017-12-28",-0.135341544594392,-0.141090324734263,-0.148571900922198,-0.159693651484397,-0.168446813342649,-0.117860008566039,-0.0455742816968308,0.0877921479396867,0.526258294371421,0.828070323768211
"2017-12-31",-0.114331501271857,-0.122034603453918,-0.132232065947632,-0.148072274109981,-0.163837873904473,-0.121595807615852,-0.0493286134250257,0.0866869550943833,0.53008994928352,0.826631143462771
"2018-01-01",-0.103577352776035,-0.112352909186132,-0.124034102651925,-0.142430071230105,-0.161919189328058,-0.123739666500587,-0.0512016755584972,0.086489549061693,0.532307402553243,0.825573065943279
"2018-01-02",-0.106312991458735,-0.114796289492769,-0.126074106974667,-0.143778507645988,-0.162271629291403,-0.123069343869084,-0.0506583666099584,0.0865201322687174,0.531658670712321,0.825869440902828
"2018-01-03",-0.127463683036851,-0.133248790418399,-0.140777754468922,-0.151971271147035,-0.160793221854216,-0.110077508284409,-0.0376135376408205,0.0959717085407602,0.53425219855861,0.835158176714429
"2018-01-04",-0.123798220298601,-0.130244385698386,-0.138671949761679,-0.15135729218667,-0.162141090750893,-0.112224929400424,-0.0383304374542088,0.0978953316498767,0.539274282876148,0.836400480726238
"2018-01-07",-0.105997784535202,-0.113815277894862,-0.124160359571929,-0.140218116595476,-0.156165914823776,-0.113320465586348,-0.0403100725627131,0.0967180794238784,0.540885891576598,0.835986236034624
"2018-01-08",-0.114694148438171,-0.121471267632856,-0.130346034291091,-0.143763788965798,-0.155468044934086,-0.105565265835185,-0.0305802125107839,0.107630358176931,0.552985005155555,0.850279260837312
"2018-01-09",-0.108279973310824,-0.114013865913403,-0.121427478680381,-0.132268694882616,-0.140014069033847,-0.0847854267780096,-0.0093910019066924,0.127455778569345,0.566533724238507,0.861311044387095
"2018-01-10",-0.108603747463679,-0.115168303876831,-0.123766358982121,-0.136767428353477,-0.148084501042875,-0.0990624542551299,-0.0252798998193283,0.111294916249807,0.555819308208015,0.856214721871937
"2018-01-11",-0.103537649898708,-0.110540770862681,-0.119727967671312,-0.13368473597404,-0.146189378827445,-0.0974458373773608,-0.0228750124407139,0.114612523244259,0.555363921411769,0.847187268497526
"2018-01-14",-0.109459097649544,-0.116088917693952,-0.124740692748937,-0.137710013551751,-0.148538910472788,-0.0965851015476937,-0.0209075354369238,0.117332377464831,0.557565374680023,0.848173429307192
"2018-01-15",-0.106502444892871,-0.113725852443905,-0.123177994194919,-0.137454202711726,-0.149925361549051,-0.0982252220080224,-0.0210448912082539,0.119670540914159,0.562041372533714,0.848741610668001
"2018-01-16",-0.115060638296689,-0.120702692365273,-0.127955810888741,-0.138407145664924,-0.145182618180235,-0.0867376340275228,-0.00970442076568534,0.12830618526487,0.562580282103958,0.848403844523556
"2018-01-17",-0.113343552973586,-0.119356809096282,-0.127138513291314,-0.138550435603422,-0.146896423579864,-0.0909787047988999,-0.0143552236538803,0.124176678107639,0.563629889670971,0.854369552245055
"2018-01-18",-0.123039229838295,-0.128643905942659,-0.135852282404801,-0.146250056676494,-0.153029808795256,-0.0950151091565636,-0.0182992328277299,0.119466159675558,0.555005251664262,0.843218984463681
"2018-01-21",-0.114906322395214,-0.120925968292586,-0.128709142180564,-0.140100329069151,-0.148346213290422,-0.0921537904326825,-0.0156553198264503,0.122078457909827,0.555523558806575,0.83968874637545
"2018-01-22",-0.123726785290402,-0.129562226461687,-0.137093184704909,-0.148058540257388,-0.155712327352417,-0.0989881019389395,-0.022577726720561,0.114965933460141,0.54929853713024,0.835627616845525
"2018-01-23",-0.11666098727833,-0.122724554425396,-0.130568266144998,-0.142062539829299,-0.150451346483203,-0.0943248522609716,-0.0176842174186042,0.120393579782052,0.555125754306361,0.840196432474054
"2018-01-24",-0.120456372621597,-0.125654870383515,-0.132290648382439,-0.141667254934218,-0.146845003075381,-0.0866207817105302,-0.00983278132245691,0.126936537710691,0.556663158058912,0.840211644038935
"2018-01-25",-0.110495283044032,-0.116699598569956,-0.124769460918806,-0.136762933768276,-0.146289676310181,-0.0939868006076663,-0.01976261010452,0.115300595589384,0.54520960571206,0.829660878977963
"2018-01-28",-0.125165391037698,-0.129490635495195,-0.134930755703342,-0.142293784624043,-0.144726803375297,-0.0829483807799156,-0.00799584893013372,0.12474691026113,0.544702523767672,0.826236764879125
"2018-01-29",-0.118788651477673,-0.123485099079393,-0.129394899227951,-0.137415495266156,-0.140251001368043,-0.0756163677667662,0.00234129067911182,0.13898859896167,0.560929990047118,0.835502963020408
"2018-01-30",-0.121460569584113,-0.126848014939227,-0.133729361414675,-0.143475632292683,-0.149005832755848,-0.0882134868242578,-0.0106998012208805,0.126744587876276,0.553666236855683,0.831361304715608
"2018-01-31",-0.122943048023462,-0.1274776682783,-0.133161904619516,-0.140787851210017,-0.143023658261472,-0.0775491886815926,0.000575736491048917,0.137318375374482,0.560012220120278,0.835893939065093
"2018-02-01",-0.120076245482951,-0.124844357931346,-0.130883060264302,-0.139227062369505,-0.142896092810578,-0.0811724196699283,-0.00480813448174311,0.130483304810132,0.555176644267021,0.836271168450249
"2018-02-04",-0.120066539931595,-0.125647605278257,-0.132808277344936,-0.143074220507122,-0.149495747903796,-0.0903608208267668,-0.0132854261100934,0.124185181279741,0.553779261898454,0.834507654792773
"2018-02-05",-0.124936338834061,-0.130510137794552,-0.13767578814748,-0.148001285718261,-0.154690169757772,-0.0968179999751966,-0.0204958772558769,0.116358390884733,0.547838117303458,0.832494750460947
"2018-02-06",-0.124947727282928,-0.130725086224457,-0.138163648798282,-0.148929377246292,-0.156151533209077,-0.0982421840616163,-0.0213451230897291,0.116370180041632,0.54804796890922,0.830538803678597
"2018-02-07",-0.136563680261766,-0.141441382341226,-0.147601732176371,-0.156050088137597,-0.159472927029686,-0.094911833264872,-0.0160172120549233,0.122882823747103,0.554198060881463,0.836314290376112
"2018-02-08",-0.135378189458809,-0.140788304595351,-0.147699652383705,-0.157491384916132,-0.163054254404343,-0.101923809574385,-0.0238818170949328,0.114664663257618,0.546101709301768,0.827572840409459
"2018-02-11",-0.122949462861422,-0.129308291916924,-0.13754519754862,-0.149665091864052,-0.158783854948826,-0.102499698031308,-0.0250690787643617,0.113989216275591,0.547151598536668,0.827230388261827
"2018-02-12",-0.138008092848149,-0.143074998449671,-0.149528586516603,-0.15859205082939,-0.163324209958215,-0.102808158340351,-0.0263690920705865,0.109483359148646,0.535624525060325,0.816589201955843
"2018-02-13",-0.123270321104841,-0.129400835904946,-0.137364620087187,-0.149163213010391,-0.158372548144444,-0.105703843902305,-0.0316771095782014,0.102589891077786,0.527972803362334,0.808119466187352
"2018-02-14",-0.134030678818375,-0.140085466504402,-0.147904178534313,-0.159313800984459,-0.167446370259499,-0.11056443833376,-0.0338431594881466,0.103502983506762,0.531045311575192,0.807909119022624
"2018-02-15",-0.141770763693152,-0.147357829796928,-0.154535439862278,-0.164860757294606,-0.171482349430524,-0.113287146208878,-0.0369029460217131,0.0996461193647505,0.527648472155986,0.808131877094188
"2018-02-18",-0.147933206420118,-0.152612195571124,-0.158540449324467,-0.166738253281693,-0.170353565745084,-0.109477861708316,-0.0338935745683653,0.100502145239708,0.525711039156944,0.809802715802395
"2018-02-19",-0.142680367588779,-0.148085207266604,-0.154992315508519,-0.164788929985862,-0.170415166403424,-0.109875669786659,-0.0325038323188027,0.104762035212807,0.531300560593452,0.808798505463608
"2018-02-20",-0.142531443549318,-0.148197689643298,-0.155487025032944,-0.166012858729838,-0.172960029746518,-0.115381817609066,-0.0392796273900372,0.0968738891726247,0.523333446085266,0.802311702893806
"2018-02-21",-0.141560116116864,-0.147324915428239,-0.154768362442535,-0.165621976238495,-0.173282474567508,-0.118003195433024,-0.0433597937347353,0.0909007268993188,0.51366170055966,0.791298270385555
"2018-02-22",-0.142539426188047,-0.148198702479691,-0.155489798274234,-0.166060927934315,-0.173249784024573,-0.117315650146527,-0.0428103879349995,0.0905877459896886,0.507965594151789,0.780371900652856
"2018-02-25",-0.141318474809195,-0.147517062045536,-0.155552198738288,-0.167396375027063,-0.176398769295797,-0.122040773791231,-0.0468684902759368,0.088408048623831,0.511123292506104,0.785342318043915
"2018-02-26",-0.146394366430711,-0.152498202249787,-0.160400916240446,-0.17201180337437,-0.180651174702912,-0.125693385314442,-0.0502921594559056,0.0853025783596895,0.509505728777009,0.785339334201163
"2018-02-27",-0.157574044811862,-0.162471447979684,-0.168694816712495,-0.177378691057828,-0.181635518401379,-0.121313116513066,-0.0458236116706592,0.0880497052227097,0.507285755264745,0.783481751847657
"2018-02-28",-0.150099115519316,-0.156008511780506,-0.163649711587378,-0.174836448658723,-0.182957673321004,-0.128082435776938,-0.0533670601587009,0.0810344745120466,0.503010138506731,0.778857228264467
"2018-03-01",-0.15812302785751,-0.162311687139044,-0.167503775688226,-0.174238504395627,-0.175038816807467,-0.107544008624758,-0.029495317885837,0.105776071004639,0.519274227487935,0.786681802048381
"2018-03-04",-0.153122434531544,-0.159266220224347,-0.167210304952404,-0.178846437741404,-0.187367571618934,-0.131576108599152,-0.0557695051962912,0.079800610965176,0.499591944701818,0.769443582665539
"2018-03-05",-0.153983618406634,-0.159833025440497,-0.167342272016193,-0.178136035359828,-0.185100053202925,-0.125841833428556,-0.0487393205718256,0.0874963584749165,0.503567840450034,0.767928341094875
"2018-03-06",-0.150908600825028,-0.156471098162739,-0.163622189723455,-0.173932056048953,-0.18067354863642,-0.123966728729202,-0.049354216585257,0.0837555488042901,0.498428436156194,0.768035842925541
"2018-03-07",-0.150803851781198,-0.156095416228528,-0.162871359298599,-0.172533133370069,-0.178317766960042,-0.120399011795196,-0.0456038262040779,0.0876207292880321,0.504067366598597,0.77663239796988
"2018-03-08",-0.147624338962158,-0.153111941358879,-0.160176437914357,-0.170393747844044,-0.177192801652792,-0.121447898669593,-0.047386880925028,0.085628003385618,0.505510290432188,0.782671404546885
"2018-03-11",-0.129494618322145,-0.13666757724029,-0.146087100703812,-0.160441284262712,-0.173559756720899,-0.126417119709398,-0.0534180915948693,0.0805674319962496,0.503779086755964,0.778644411479764
"2018-03-12",-0.128472810164183,-0.135402139349977,-0.144487564656366,-0.158276473694439,-0.17060889493137,-0.122834258235007,-0.0501025704431605,0.0832460900205548,0.505566401809853,0.781199399479912
"2018-03-13",-0.122867252014446,-0.129585128879244,-0.138405510343811,-0.15183317057775,-0.163991646835082,-0.118172572274088,-0.047460679310865,0.0831203357272219,0.502204880214017,0.779823502279602
"2018-03-14",-0.11550520242343,-0.122598613812703,-0.131977170107621,-0.146498831903166,-0.160731780588567,-0.119948336889026,-0.0515160327337454,0.077102123267048,0.497277199777195,0.779491442990582
"2018-03-15",-0.128994868523298,-0.135842470200254,-0.144864985758685,-0.158716874596709,-0.171756949537237,-0.128217882522593,-0.058372893479301,0.0720213004120205,0.496697428594086,0.782053327088674
"2018-03-18",-0.12721313620644,-0.134127244739786,-0.143238123300882,-0.157230602319396,-0.170439872974969,-0.126987843080859,-0.0571659509817227,0.072977355999547,0.494968971989303,0.776943299408765
"2018-03-19",-0.137613463026152,-0.144150297053492,-0.152704367419713,-0.165617742272573,-0.17681681395941,-0.128596449496161,-0.0566090858544603,0.0755115610682487,0.497684658728795,0.776798526258765
"2018-03-20",-0.129594409890441,-0.136780103998364,-0.146238405983597,-0.160731847322928,-0.174315069419628,-0.129178856056609,-0.0574524252463903,0.0751965622940528,0.498592392339028,0.776407743394435
"2018-03-21",-0.136715274763238,-0.143253017248308,-0.151832113487006,-0.164869791153063,-0.176541768815174,-0.13047545574684,-0.0598377054147715,0.0709719450363619,0.494568669710029,0.778469227118774
"2018-03-22",-0.134014548614205,-0.140964266223784,-0.150155023778016,-0.164390726413457,-0.178341500469234,-0.137994882879705,-0.0701975718757978,0.0576588808595381,0.478625334274616,0.76405975650584
"2018-03-25",-0.128827179381246,-0.135834514218197,-0.14510396586388,-0.159472059120881,-0.173606677329945,-0.133449681677792,-0.0656764279780151,0.0621056679550203,0.482065319545006,0.766072328688683
"2018-03-26",-0.127714338004837,-0.134401333939998,-0.143194969542147,-0.156632912885947,-0.169021668196214,-0.12487444818358,-0.0555878711853538,0.0729216250412841,0.487605555725728,0.763686013166229
"2018-03-27",-0.104690046221641,-0.113753385133742,-0.125842460780796,-0.144985027337133,-0.165796685727674,-0.131625061887586,-0.0625508041827324,0.0684848922274284,0.486222167825321,0.754846374996913
"2018-03-28",-0.131063371428726,-0.136632152907311,-0.143900418084586,-0.154786695376324,-0.163742721496095,-0.11763259034917,-0.05028609328003,0.0744151463027803,0.484872177592303,0.767093347598433
"2018-03-29",-0.120263033229488,-0.126708696215371,-0.135172259975977,-0.148055576081257,-0.159692869522711,-0.115149756242486,-0.0463951582190922,0.0809653156148261,0.492818785418864,0.768190215223201
"2018-04-01",-0.115667806912737,-0.122644482099243,-0.131855104208761,-0.146067294709214,-0.159789460467481,-0.11832218566163,-0.0500582839132976,0.0776088786099648,0.491972840943006,0.76855509150666
"2018-04-02",-0.109879502421585,-0.118266932040566,-0.129459131341113,-0.147188586999256,-0.166424029143576,-0.133412642032276,-0.0671064799969631,0.0597184522957461,0.472430148147802,0.744509201110195
"2018-04-03",-0.0999659416433373,-0.108611521051988,-0.120171427484925,-0.138572302442711,-0.15893672911639,-0.128235538972509,-0.0630207175176596,0.0623871673343402,0.470665953371193,0.738995115880652
"2018-04-04",-0.0980130882055921,-0.1063633658715,-0.117496048363561,-0.135095297152311,-0.154041764448336,-0.120159355894069,-0.0534038166150471,0.0738158390856949,0.486081938515604,0.756861870743522
"2018-04-05",-0.106121468529996,-0.114423642788962,-0.125474717006957,-0.142879600530135,-0.161332600648505,-0.125449364909767,-0.0571723628376949,0.0723219324663749,0.49062242392049,0.764987922335154
"2018-04-08",-0.115845163037944,-0.123684545447686,-0.134093691683672,-0.150386962880203,-0.167197885638119,-0.129374735115061,-0.0610694902543267,0.0678983451501862,0.485450932608054,0.761158043260827
"2018-04-09",-0.110374649565317,-0.11909303429862,-0.13070734298509,-0.149039820747103,-0.168693863395286,-0.13331084860893,-0.0642888328482467,0.066426282465854,0.484790402557893,0.755717047859529
"2018-04-10",-0.122148481280779,-0.130066615225997,-0.140582308635496,-0.15705220931563,-0.174105050496847,-0.136612319877411,-0.0685169373763255,0.0598990679736768,0.473868925951576,0.745667447002452
"2018-04-11",-0.12260982681718,-0.130233367614296,-0.14031049222543,-0.155921413829647,-0.171367365399138,-0.130389132762451,-0.0612313344787788,0.067097394555678,0.472950262126984,0.73490544962708
"2018-04-12",-0.107624146741155,-0.116733402573385,-0.128838173074189,-0.147850830816156,-0.167953708800396,-0.130766001519474,-0.0605433640790055,0.0699351276683183,0.472479715822259,0.722670637372026
"2018-04-15",-0.110180794725988,-0.118252889730161,-0.128925410258845,-0.145478679156325,-0.162017356900434,-0.120940453697574,-0.0508974952131431,0.0781828757072409,0.478713025977411,0.731216373271829
"2018-04-16",-0.103976400862703,-0.11263210341706,-0.124122610120595,-0.142121254434742,-0.160898139034003,-0.123026574920005,-0.0534796488574454,0.075864367368643,0.478363684646247,0.73155227876896
"2018-04-17",-0.108513176465149,-0.116793084407495,-0.12777405705823,-0.144930708964224,-0.162611430298979,-0.124330428700282,-0.0556067280084757,0.0722024249435291,0.472085492734906,0.725658519759253
"2018-04-18",-0.106677915505246,-0.114544595404684,-0.124958281477847,-0.141152512436301,-0.157482079877874,-0.11799291483691,-0.0495829828593488,0.0773787016960467,0.476269428867518,0.731165246329397
"2018-04-19",-0.105289711934354,-0.112410064143057,-0.121754925606353,-0.13598227305036,-0.148980744060455,-0.103020437350134,-0.0321994158585504,0.0968112006046334,0.497535895926706,0.752700763537568
"2018-04-22",-0.12529999395042,-0.130116687187849,-0.136287982479364,-0.145093928226733,-0.150348714479411,-0.0966952303260351,-0.0269566820672912,0.0982683395141105,0.496828748516519,0.763402136736051
"2018-04-23",-0.110296376250081,-0.11760482138619,-0.127221015135741,-0.141950535864388,-0.155783374339953,-0.110951374766722,-0.0398578577453008,0.0906996170881008,0.50065193365403,0.764417418496163
"2018-04-24",-0.125402027213676,-0.130976103448092,-0.138177099247389,-0.148692765277874,-0.156194238473114,-0.1033901979694,-0.0318802325222715,0.0967292146229558,0.501129066681794,0.766152355633388
"2018-04-25",-0.12781479220643,-0.132919973188552,-0.13948084263853,-0.148922871591409,-0.154961847067468,-0.101087923588043,-0.0300731380973361,0.0975918962005445,0.502820706415011,0.772433993555778
"2018-04-26",-0.116484528309848,-0.123215809837955,-0.132026673954273,-0.145345402767726,-0.157036249204706,-0.109355220742765,-0.0379597974104925,0.0921906676131383,0.500812030582608,0.765136455722171
"2018-04-29",-0.114120566279821,-0.121035792851102,-0.130103405039015,-0.143872223848361,-0.156247730283201,-0.109487556404888,-0.038201168851817,0.0920556744826357,0.5010118334826,0.765080359313149
"2018-04-30",-0.114548367683575,-0.122260464249952,-0.132462876347365,-0.148298892685597,-0.16410485443494,-0.12367842699606,-0.054605523288943,0.0738182363716332,0.480518061154199,0.743174740477026
"2018-05-01",-0.113935621633136,-0.120727371715984,-0.129671945851433,-0.143394166166259,-0.156311277845016,-0.113827421944024,-0.0459279152895339,0.0800202561574046,0.484266663502246,0.751173179152597
"2018-05-02",-0.114372459244771,-0.121138846790707,-0.1300471378364,-0.143702769581251,-0.156508086851928,-0.113817755591484,-0.0458530332508139,0.0801307012511876,0.484299567832818,0.751098514027868
"2018-05-03",-0.112891167455962,-0.119795909633969,-0.128895897582542,-0.142882717670586,-0.156174194494993,-0.114036510740858,-0.0460572374288818,0.0801173830673065,0.484569219178432,0.750959955672118
"2018-05-06",-0.104676569767551,-0.112184035532789,-0.122126214540159,-0.137592243446321,-0.153141751405448,-0.114053348121391,-0.0464133467416655,0.0802022164541893,0.486323767209029,0.752384946124552
"2018-05-07",-0.103827945410352,-0.111440719105631,-0.121525540291632,-0.137225447405868,-0.153063095512172,-0.113826953615511,-0.0455862329122482,0.0822555191259962,0.492532515424719,0.761379944292341
"2018-05-08",-0.100574126667221,-0.108042447113024,-0.117928231182257,-0.133289379942133,-0.148657587523304,-0.10919971091929,-0.0414142268738483,0.0853281103485185,0.491537952574695,0.757565510630641
"2018-05-09",-0.10666074692823,-0.11382041566483,-0.123279423128963,-0.137905347503352,-0.152195560331379,-0.111417397441448,-0.0434705230790614,0.0833326274520654,0.491337444225463,0.760518605471504
"2018-05-10",-0.0938884104907116,-0.102431971192818,-0.113821500816077,-0.13182699551067,-0.151234341623674,-0.117098043519036,-0.049638997012606,0.078611312412916,0.491594329742638,0.760746207519328
"2018-05-13",-0.0922190780509409,-0.100628753626561,-0.111813705852385,-0.129400814634987,-0.147961923012163,-0.111574702526808,-0.0430484259644703,0.0860958662071734,0.498098388173158,0.764534071237043
"2018-05-14",-0.0977328566294163,-0.105305369144503,-0.115314480694211,-0.130815534665894,-0.146116662114933,-0.104889556704072,-0.0354702811897873,0.0935562847711671,0.503482454682135,0.769573155060096
"2018-05-15",-0.095441161259454,-0.103542946309464,-0.114281663883059,-0.13102961779618,-0.148105633124411,-0.108470859905052,-0.0385003050078082,0.0921199962511191,0.506188577130502,0.773222452644351
"2018-05-16",-0.0998896902852192,-0.107613149113554,-0.117823964987484,-0.133645646407021,-0.1492998482143,-0.107525117893447,-0.0369595723138008,0.094264920294416,0.51132085620596,0.782081522429228
"2018-05-17",-0.100210961808497,-0.107948771042305,-0.118173408454543,-0.133998311656452,-0.149583290452407,-0.107316614831892,-0.0363996334291152,0.0952027859880665,0.512147922432806,0.781969321445842
"2018-05-20",-0.104700298571985,-0.112073483543591,-0.121805442255488,-0.136822468057062,-0.151381085270145,-0.108914687407683,-0.0389415979621441,0.0910061106078416,0.505551595374569,0.776481048513699
"2018-05-21",-0.102080556497657,-0.1100720831407,-0.120675897387016,-0.137249940092654,-0.154270162533823,-0.11548803973738,-0.0460843621447597,0.0843735114525069,0.503264635116334,0.777302348467489
"2018-05-22",-0.107030190392086,-0.114349924968943,-0.124050675544585,-0.139160080394965,-0.154379646510822,-0.115615110684043,-0.0481495724550149,0.0791774518798445,0.495037899489057,0.773389669189473
"2018-05-23",-0.107886900990115,-0.115211961229019,-0.124910825034938,-0.13998601668368,-0.155049121797675,-0.115591953192354,-0.0477831504990566,0.0796560575997348,0.493128520996834,0.76794844984015
"2018-05-24",-0.10677303254443,-0.114200452343012,-0.12406104961514,-0.139484047999009,-0.155306187900577,-0.118154025541463,-0.0516085511759178,0.0745454447012174,0.487833902003619,0.764834967870284
"2018-05-27",-0.106900468654624,-0.11457717728655,-0.124769454482806,-0.14071881175088,-0.157147292499581,-0.119772896553394,-0.0524554185384682,0.074728966436292,0.487416727296904,0.760695357378482
"2018-05-28",-0.105608858170675,-0.113813033301823,-0.124733046170839,-0.141931275976932,-0.160178086738685,-0.125033283287836,-0.0580709355668788,0.068729819648074,0.476682510463777,0.742947330931142
"2018-05-29",-0.107547674673912,-0.115753504496924,-0.126673060548205,-0.143863042099742,-0.162084675530028,-0.127059587860121,-0.0604691107480277,0.0653276655212248,0.468001783275398,0.729273532486424
"2018-05-30",-0.110460848215901,-0.118408768254911,-0.128958583146031,-0.145465982677575,-0.162517870837708,-0.125050156485899,-0.0573526730608298,0.0697296152276276,0.475513459488254,0.739010959747073
"2018-05-31",-0.110492981050108,-0.11768505860646,-0.12717148827388,-0.14178715638092,-0.155869975120591,-0.114012675922949,-0.0456108955613291,0.0810237680659551,0.482935752276133,0.744177729524042
"2018-06-03",-0.107481918952687,-0.114770507234986,-0.124388895825417,-0.139225482673885,-0.15359971691616,-0.111765612055528,-0.0429531632272927,0.084581132717365,0.489654298516678,0.753038962190138
"2018-06-04",-0.106440910888471,-0.113467822061285,-0.12273102694597,-0.136980517396995,-0.150597888713094,-0.108652848994474,-0.0406859501246235,0.085180981783387,0.485925678929028,0.74760940352402
"2018-06-05",-0.102392852074001,-0.109926747354992,-0.119892121033408,-0.135352977859113,-0.150736555468052,-0.110635015786478,-0.0423626282683118,0.0847572960713406,0.489116036167493,0.75173270353152
"2018-06-06",-0.100800416294096,-0.108276546038694,-0.118162220414034,-0.133488199974392,-0.148695779944629,-0.108711181612935,-0.0409302551151044,0.085061050716253,0.484681992296819,0.743421140086716
"2018-06-07",-0.0949878313957663,-0.102798611120386,-0.113167657017755,-0.129396959001844,-0.146182428374338,-0.10951966003377,-0.0431273778048603,0.0815464718638705,0.479729523945645,0.73831669754344
"2018-06-10",-0.0845272160119363,-0.0934162466418609,-0.105282762358005,-0.124109975667667,-0.144738946740495,-0.112457628389389,-0.0457726146024493,0.0810836159231297,0.486231889664199,0.746962668812535
"2018-06-11",-0.100998965357797,-0.108438221201533,-0.118276420541974,-0.133531322778681,-0.148663914822004,-0.108598399522159,-0.0406471867380923,0.0859229522064381,0.489319864492546,0.75201265890546
"2018-06-12",-0.104196266358863,-0.111527659431308,-0.121220805247967,-0.136239713923333,-0.151075562258245,-0.110907698071628,-0.0431194172339473,0.0832668828429672,0.487544606010724,0.752079367312732
"2018-06-13",-0.10217831409866,-0.110047225157827,-0.120508134662133,-0.136931988015663,-0.154111777439436,-0.118184668732528,-0.0516705461002627,0.074117929039736,0.480386996196417,0.747349414871692
"2018-06-14",-0.0955032606691292,-0.103918717284102,-0.115151657940188,-0.132961419696259,-0.152374648013936,-0.120297387727351,-0.0550517459875945,0.0695951817255612,0.472963410474613,0.736896984449256
"2018-06-17",-0.0954835300548727,-0.103700824355737,-0.114662773405582,-0.132016652958233,-0.150805679381439,-0.118287360073634,-0.0533105578048599,0.0707538782058146,0.473297109371744,0.737832850401924
"2018-06-18",-0.0969066600432731,-0.105205616306366,-0.116303901421124,-0.133972476103032,-0.153507593222015,-0.123433943957888,-0.0598056138814789,0.0629773600254377,0.466290303717133,0.734261471149333
"2018-06-19",-0.0964666920440818,-0.10456102988433,-0.115358863379247,-0.132450231044916,-0.150927298669584,-0.118433545819973,-0.0537559034340576,0.0699351480872589,0.47312535557523,0.739626378569617
"2018-06-20",-0.10068015199028,-0.108680448713044,-0.119347519987902,-0.136210878595231,-0.15434206575543,-0.121332789055275,-0.0564946498178138,0.0674108236819073,0.471817848216672,0.739779690026118
"2018-06-21",-0.101708989415185,-0.109697775022171,-0.120358888931337,-0.137246811241964,-0.155544547722369,-0.123545158157258,-0.0595032236975759,0.0633211285503417,0.465873857624513,0.733601418597819
"2018-06-24",-0.0996047713009726,-0.10811680104292,-0.1194860440646,-0.137539524585492,-0.157338023593607,-0.125819440062048,-0.0606278634166154,0.0641851846059727,0.468661847730097,0.733480664429213
"2018-06-25",-0.100626689114501,-0.108565739858538,-0.11913960745291,-0.135813592124158,-0.1535659841764,-0.119575739389221,-0.0542946415598453,0.0699402326460832,0.473591276926527,0.740023794988461
"2018-06-26",-0.102544585883825,-0.110090976614304,-0.120131015733914,-0.135918048315999,-0.152498414338092,-0.117957108227889,-0.0534383170037473,0.0693690998526312,0.47126477856126,0.73940000182005
"2018-06-27",-0.102348990876347,-0.109841619957151,-0.119828416873251,-0.13559715153969,-0.152423420885552,-0.119825645825849,-0.0568703611434291,0.0639025671761519,0.4632951348216,0.732488914227169
"2018-06-28",-0.100211077596816,-0.107536087480634,-0.117300569042942,-0.132719306736879,-0.149155489315468,-0.116826182749158,-0.0545075610762756,0.0653715991943328,0.464585128367556,0.735988458839465
"2018-07-01",-0.0938041383661093,-0.102067644347838,-0.113139947137994,-0.130843673525875,-0.150725346682994,-0.122825960756309,-0.0608506334554699,0.0598447756964938,0.460823026942188,0.730085403267795
"2018-07-02",-0.095972623974963,-0.10432515330433,-0.115506021032665,-0.133346889024216,-0.153249116069203,-0.124362862195597,-0.061527116129672,0.0601431747248559,0.460692827985213,0.727081155045611
"2018-07-03",-0.100916895529446,-0.108741767878244,-0.119175930032834,-0.135674793673297,-0.15343023107734,-0.121269821030568,-0.0579623353939431,0.0630537551694559,0.458107414649329,0.71989370926744
"2018-07-04",-0.100044670988409,-0.108163905955906,-0.118982089848694,-0.136066772701824,-0.154429667675673,-0.121962045979667,-0.0582380953220391,0.0624138365476168,0.447815388592376,0.696713362343811
"2018-07-05",-0.0994302522230618,-0.107254130153866,-0.117691323099167,-0.134213560205945,-0.152090511893309,-0.120919285081366,-0.0587398731632899,0.0600824105532263,0.446517976966191,0.70120828607752
"2018-07-08",-0.100363301169828,-0.107711060543876,-0.117497017119586,-0.132923847791712,-0.14930578336069,-0.117173632291834,-0.0557895989441436,0.0613078160232288,0.444406997352777,0.699486116675831
"2018-07-09",-0.105879556206371,-0.112442507109978,-0.121131384030084,-0.134629298301205,-0.14805606548811,-0.111813495332291,-0.0498078966914897,0.0671025479554755,0.449869731577685,0.707208377419995
"2018-07-10",-0.113562674239795,-0.11959585656247,-0.127532737680151,-0.139669284460855,-0.150868654336284,-0.110710838899387,-0.0474758484093312,0.0703056841191513,0.453937682080537,0.712209854148787
"2018-07-11",-0.11459670319774,-0.120911089120705,-0.129227997815274,-0.141989285105159,-0.153998276191323,-0.114273976358934,-0.0507337059297813,0.0673536713562705,0.448044605969071,0.700736053195836
"2018-07-12",-0.112284821385661,-0.119013333030259,-0.127891252702824,-0.141577538800925,-0.154781125101119,-0.115426190748724,-0.050922857309562,0.0688813853993577,0.451763039346093,0.702667862947962
"2018-07-15",-0.111341697683663,-0.118270586119771,-0.127416919100915,-0.141535254513523,-0.155257749335467,-0.115817332874484,-0.0506862808478103,0.0701040514329502,0.453930346088988,0.703549725270035
"2018-07-16",-0.112680800339926,-0.119078204291037,-0.127495019500452,-0.140377806130022,-0.152385309515773,-0.111709951744076,-0.047424691734972,0.0713490878347411,0.450203503559078,0.698718401522509
"2018-07-17",-0.114357209882627,-0.12038857420355,-0.128292396543065,-0.140268779853499,-0.150871876472072,-0.108158818041916,-0.0435084564877362,0.0752466220241923,0.453788537266028,0.702953742311613
"2018-07-18",-0.115035882555277,-0.121254341061859,-0.129432804548095,-0.141935778069837,-0.153495215365886,-0.112836980859109,-0.0489169580450944,0.0695153905169438,0.450504223361428,0.703152454071508
"2018-07-19",-0.109670712600348,-0.115990851200927,-0.124347449547966,-0.137286139418687,-0.149950068299485,-0.113241889736819,-0.0516842995631612,0.0642555811776536,0.445015728712133,0.702429387877256
"2018-07-22",-0.109484286825825,-0.11428724293808,-0.12042913518474,-0.129146988445865,-0.134124995771846,-0.0791061725201687,-0.00822698792591248,0.118788643168618,0.522428179575899,0.792204690042093
"2018-07-23",-0.108528363706367,-0.115174478049532,-0.123814932944848,-0.136654050520475,-0.146930749283847,-0.0929109169973268,-0.01667076792869,0.120477100232393,0.545578691579199,0.818000113913128
"2018-07-24",-0.100751929141241,-0.108857560513679,-0.119567329294832,-0.136144913716139,-0.152514667516525,-0.109115668622054,-0.0361766685492542,0.0986579293994199,0.521749890617566,0.792368988195496
"2018-07-25",-0.10699081748031,-0.113911077304213,-0.122937357020954,-0.136463719398724,-0.147825127065859,-0.095489979140448,-0.0196304569600265,0.117414335505583,0.542785301678593,0.815058069706047
"2018-07-26",-0.106933521925374,-0.113441082907252,-0.12188874377249,-0.134391669029283,-0.144161576679201,-0.0894577794629062,-0.0131050696643044,0.124069764116651,0.549563123844487,0.822813023554299
"2018-07-29",-0.110291857379263,-0.11634372344512,-0.124151771632862,-0.135519209665002,-0.143496124156683,-0.0857727844026386,-0.0083326285655414,0.130142722722121,0.56083793579309,0.839635583352636
"2018-07-30",-0.120355388368254,-0.125339677762549,-0.131802879236142,-0.14131795760602,-0.148355731022065,-0.100978664244685,-0.0348886823696911,0.0867277160637719,0.487516158680789,0.765039697496593
"2018-07-31",-0.127777049331041,-0.128545996399494,-0.128989685538834,-0.127493869463948,-0.116171885279195,-0.0355413623815294,0.040675636138451,0.167451676684533,0.556012513229487,0.818702953010529
"2018-08-01",-0.122953775189241,-0.125832441441213,-0.129214090056674,-0.132836725197137,-0.129124596437104,-0.0567853526585976,0.0209370321396126,0.154383403581641,0.567373887712342,0.842198892357128
"2018-08-02",-0.118893266804723,-0.123262857833135,-0.128706301896849,-0.135873073294928,-0.137267419844248,-0.0696915397151868,0.00961838720709873,0.147955040371258,0.574962493886007,0.853865261119985
"2018-08-05",-0.112541346353739,-0.117490743022098,-0.12375791558142,-0.132417187986333,-0.136250051143458,-0.072813414322691,0.00542398234684804,0.14347190129333,0.572871822095788,0.853961606320036
"2018-08-06",-0.0959471211789713,-0.101895495737524,-0.10956013073864,-0.120679372852566,-0.128287897370612,-0.070081957785748,0.00744720814530098,0.145998416531412,0.577453011477768,0.857406218330607
"2018-08-07",-0.113896561820215,-0.118191357139488,-0.123549998421865,-0.130633521592346,-0.132125287160105,-0.0657625257016758,0.0127608904982373,0.150618338567591,0.581821863827577,0.867861597122072
"2018-08-08",-0.109674569208711,-0.114260142407749,-0.12000226770373,-0.127683500381425,-0.129830296362137,-0.0631428729699611,0.0161052525107047,0.154505436253156,0.580641188534838,0.857567212526301
"2018-08-09",-0.118963651998388,-0.123905186609389,-0.130152586931863,-0.138747286032344,-0.142375460096396,-0.0780784774785552,0.00070110234141374,0.139316986324627,0.568600080886375,0.84834082759613
"2018-08-12",-0.120362705679444,-0.124979007178216,-0.130790620175595,-0.138685246482283,-0.141490863374817,-0.0776613293605602,-0.000385102332295162,0.135570681020156,0.558725709817994,0.836695778065615
"2018-08-13",-0.129832756700027,-0.133870791776371,-0.138861530831448,-0.145268858207137,-0.145628742468356,-0.077304856857829,0.00163978800434716,0.139277116718599,0.566784171060072,0.848933714358125
"2018-08-14",-0.124352706646826,-0.128864468479781,-0.134535792925043,-0.142201129156117,-0.144699249155958,-0.0803835653032813,-0.00265693469646366,0.13452698132381,0.565409412212016,0.851804746180814
"2018-08-15",-0.126718925195454,-0.131090820545626,-0.136546825648155,-0.143765990911416,-0.145338108106746,-0.0783736825505189,0.000770639663102202,0.139415654949694,0.570836171103668,0.855192962045997
"2018-08-16",-0.124397004305683,-0.130217146486804,-0.137666508975242,-0.14828203073622,-0.154653251770134,-0.0918396134527779,-0.0111512424948121,0.131635329363442,0.571573068550533,0.854601386002009
"2018-08-19",-0.120643661040041,-0.126763504503719,-0.134639968918531,-0.146033643245642,-0.153690280180891,-0.0931182479544475,-0.0130335142389648,0.129588428256857,0.571109330019892,0.855781400765442
"2018-08-20",-0.0647463413360286,-0.0749979908255106,-0.0886489474517733,-0.110195033126519,-0.133430371220524,-0.0950029103357057,-0.0188810014142013,0.123470115100804,0.564493812597945,0.839092326675484
"2018-08-21",-0.122873486517847,-0.127951649635886,-0.134395334559011,-0.143351636832987,-0.147581751489635,-0.0842097030554375,-0.00543962520364172,0.133806313068339,0.567549744161841,0.851673643546423
"2018-08-22",-0.123579555913149,-0.128648069429499,-0.135082962792326,-0.144039779268257,-0.148327532048604,-0.0853479158006254,-0.0068636642650366,0.132060819290321,0.565803359811875,0.85064575450215
"2018-08-23",-0.122380149093947,-0.127277955976111,-0.133469935282841,-0.141986358287018,-0.145561174594681,-0.0815286576798859,-0.00300520382540703,0.135358253479889,0.565287352749108,0.846583679416951
"2018-08-26",-0.11944772456901,-0.1244818475791,-0.1308763489938,-0.139790680627038,-0.144132171083903,-0.0821631439430092,-0.00482402705728779,0.132023224444539,0.55860722088591,0.838137773953692
"2018-08-27",-0.120065005555994,-0.125155457076301,-0.131632847301199,-0.140705440259289,-0.145322682520868,-0.0837347949297083,-0.00624630443944596,0.131345362797993,0.562641103352186,0.84691104037663
"2018-08-28",-0.127907118208943,-0.132100708021102,-0.137316207278974,-0.144143771532944,-0.145238096716452,-0.0784572967276757,-0.000150860166678979,0.136895590693726,0.56385589111169,0.846055458638411
"2018-08-29",-0.122885727454077,-0.127265174343585,-0.132713342018267,-0.139856859336754,-0.14109769453745,-0.07256968652135,0.00752082399225207,0.146972777163673,0.57627972363757,0.855929441963914
"2018-08-30",-0.126084158522924,-0.13014780978059,-0.135159424621728,-0.141552159691242,-0.141703390237396,-0.0720066287791976,0.00799488273262583,0.146968819393519,0.575866362920491,0.85693934806352
"2018-09-02",-0.121942320469466,-0.126209951151285,-0.131485297803399,-0.138269056425287,-0.138761498511451,-0.0681368851977354,0.0130067015630633,0.153407698453917,0.582020776002473,0.859027513069701
"2018-09-03",-0.12285052289079,-0.127083797612513,-0.132319589758682,-0.139061954176797,-0.139586539713274,-0.0694560104861386,0.0113698017405411,0.151596015105073,0.582060637232081,0.862081447669712
"2018-09-04",-0.124581281472005,-0.128789953483242,-0.13399659183826,-0.14070656804253,-0.14125629129671,-0.0716958106484567,0.00851789765834277,0.147702405106996,0.575018433207927,0.853006479335937
"2018-09-05",-0.118445029906734,-0.123186472984096,-0.129150210243274,-0.13723335357673,-0.140036771920201,-0.0744418440523901,0.00456107912685966,0.142992051909186,0.570324973656538,0.848370548084107
"2018-09-06",-0.122378044083894,-0.126797816863854,-0.132319217252422,-0.139649581821888,-0.141388856768404,-0.0748085283915751,0.00397925167418944,0.141809717707792,0.568904427973678,0.848870603742483
"2018-09-09",-0.113268353975974,-0.118247373879474,-0.124532734876621,-0.133145495364423,-0.136630962845532,-0.0712453572852512,0.00829604891205271,0.147662888514703,0.5759345980944,0.852608398730142
"2018-09-10",-0.107139784346881,-0.112689719889945,-0.119771012713852,-0.129777434285871,-0.135388298160018,-0.073075737965936,0.00573538097714565,0.144490787901041,0.569172700076319,0.840703324061118
"2018-09-11",-0.107567120722049,-0.113113316326026,-0.120188718366158,-0.130182444724523,-0.13576493250219,-0.0733539346029667,0.00552585775938896,0.14437976373537,0.569311415517981,0.840986299509126
"2018-09-12",-0.106558682297161,-0.112351586633599,-0.119768007044921,-0.130347275973318,-0.13677005682136,-0.075102611799381,0.00410103891301583,0.143906257638212,0.571944611713312,0.84518762000804
"2018-09-13",-0.108448389691904,-0.113862266139956,-0.120762234945947,-0.130479139876654,-0.135744605898124,-0.0733953179343502,0.00519970113066914,0.143814722848283,0.570517643739654,0.845411497076422
"2018-09-16",-0.106706369873075,-0.112338942800048,-0.119538564893341,-0.129761715592088,-0.135729273853263,-0.0739475617035644,0.00486786582512422,0.143993756449518,0.57114728020214,0.845007156365517
"2018-09-17",-0.110932507269726,-0.115925694620438,-0.122232742400087,-0.130890256431472,-0.13446946458368,-0.0693788374926638,0.00996942198405926,0.14906787292612,0.576680529557314,0.852979161060844
"2018-09-18",-0.110102773493987,-0.115034070442174,-0.121250302388448,-0.129733199062497,-0.132989381283378,-0.0671064162449828,0.0126528330170205,0.152237717106445,0.580792264435333,0.85753055486268
"2018-09-19",-0.110245219798734,-0.115309869247553,-0.121708387332514,-0.13049736459538,-0.134168332256354,-0.0685177826579515,0.0115095281733748,0.151669553852497,0.581537376409742,0.858485277654138
"2018-09-20",-0.0965225461987506,-0.102389412568469,-0.109889765885984,-0.1205457049928,-0.126799687691875,-0.0627712881862971,0.0189424820192479,0.163102327133584,0.605004103131303,0.887746947041291
"2018-09-23",-0.111842663351157,-0.116442288885818,-0.122178117786786,-0.129755587942685,-0.131381324366247,-0.0614526310619207,0.020695257164594,0.163744668861737,0.603198869474923,0.888471154542199
"2018-09-24",-0.108055205909768,-0.112909082102805,-0.119003516973148,-0.127219682664798,-0.129834027069036,-0.0610244712425959,0.0214838948310029,0.166074912572347,0.613453554007273,0.905578408641763
"2018-09-25",-0.100628348322206,-0.106546577674951,-0.114132546680508,-0.124982213938919,-0.131659952476542,-0.0684866688203534,0.013374008261701,0.158922188975013,0.611199800628868,0.904911971725689
"2018-09-26",-0.110313178420928,-0.116035163889825,-0.123339751040549,-0.133671980636999,-0.139485273075367,-0.074863504692442,0.00723275213690355,0.152414126497302,0.600977157530423,0.890971637170551
"2018-09-27",-0.110064923660509,-0.115756241901534,-0.122992686939978,-0.133117637700087,-0.138290901500864,-0.0708217536238744,0.0133343044738499,0.161259739272768,0.614722880286411,0.905762297633304
"2018-09-30",-0.107558138129997,-0.113229387759744,-0.12044173422828,-0.130536093735844,-0.135692573160575,-0.068174140347389,0.0162162903881342,0.164895427997061,0.622959684682702,0.918702526163933
"2018-10-01",-0.164934862211641,-0.165530467492833,-0.16568440825839,-0.163501277722861,-0.150373124151982,-0.0610732946122645,0.0232181063144512,0.164516569886785,0.608063827508123,0.917964078528972
"2018-10-02",-0.168213281967859,-0.168496221663867,-0.168189801644971,-0.165118368379339,-0.15035099040453,-0.0572966001668346,0.0285554238668556,0.17098211699139,0.611880291683394,0.916034159717902
"2018-10-03",-0.175064078370299,-0.17433515952647,-0.172568113935023,-0.166769645215452,-0.147244123630919,-0.0441362446968555,0.0460139337051163,0.192748650306655,0.640224396250281,0.947566306742664
"2018-10-04",-0.180120555520504,-0.179507801276784,-0.177915901417652,-0.172469276199889,-0.153642544558331,-0.0524352032895512,0.0367052653514389,0.182360614192084,0.629136009830858,0.937768837367827
"2018-10-07",-0.203965954294763,-0.201418540049422,-0.197111364507667,-0.186858990689287,-0.160591552072227,-0.0490949768323735,0.0411126339677896,0.184860826379234,0.625283383174645,0.938818570629304
"2018-10-08",-0.204213143470161,-0.201442292062382,-0.196801025710785,-0.185886716582147,-0.158336225966675,-0.0435358637086373,0.0482968527334153,0.193582149896999,0.633320576097501,0.942302535302713
"2018-10-09",-0.214853821464077,-0.211433585775209,-0.205881352893447,-0.193356555453211,-0.163321338567668,-0.0451658039841006,0.0469236566132924,0.191403978986247,0.628819335492457,0.94001165558164
"2018-10-10",-0.197574049970077,-0.195742102133473,-0.192444915002072,-0.184001561863311,-0.160623261139875,-0.0538200531166865,0.0351084973323423,0.177955955178688,0.6145195951864,0.920547855557986
"2018-10-11",-0.210971133810653,-0.208006532024392,-0.203107170530276,-0.191784636782733,-0.163786282428284,-0.049569452102202,0.0410699408899688,0.18431314954778,0.620024671200566,0.929546322229575
"2018-10-14",-0.183767173929106,-0.183213764843235,-0.181713202835676,-0.176455814395419,-0.15802187530767,-0.0579343619184443,0.0306195998806509,0.17571457270759,0.622865045035734,0.93333981167647
"2018-10-15",-0.200128782185458,-0.198137898283344,-0.194606820032301,-0.185710593295674,-0.161477120222111,-0.0523747655695412,0.0379633085138815,0.182838255861528,0.625641456283521,0.936764176744043
"2018-10-16",-0.200257100204628,-0.197808073920222,-0.193647211501022,-0.183682880107183,-0.157973131047854,-0.0480038249693771,0.0413026770393454,0.183860941010901,0.621445375910847,0.93330612758456
"2018-10-17",-0.201009302818178,-0.19871102594583,-0.194733358590459,-0.184995146157431,-0.159274453088481,-0.0471109894428161,0.0442946037747814,0.189672941339992,0.62902224149818,0.934635206612066
"2018-10-18",-0.192684267202034,-0.191796770907664,-0.189773763634465,-0.183407541560096,-0.162585706698485,-0.0552328687089804,0.037411554582835,0.1868365806546,0.634783164524306,0.936465351747951
"2018-10-21",-0.208203907289869,-0.205941235471458,-0.201979360764155,-0.192150229068365,-0.165845998396871,-0.0501027772482457,0.0441788378696881,0.193482924169205,0.638577406169857,0.942180442740348
"2018-10-22",-0.187467589301049,-0.186855243848775,-0.185220863381716,-0.179551138952208,-0.159840792242605,-0.0542413965256229,0.0380213367700307,0.187407533202506,0.635956251987667,0.937524312990722
"2018-10-23",-0.190738081264036,-0.189994222095592,-0.188222178363128,-0.182470797581173,-0.163229379790843,-0.0618868439698272,0.0267850368796543,0.171364446485219,0.614364834310019,0.920589094125669
"2018-10-24",-0.204352952524285,-0.203392249816156,-0.20133414363616,-0.195140983278928,-0.175462848051657,-0.075184138867806,0.011741304330287,0.153269465096514,0.588461209868014,0.891742364355892
"2018-10-25",-0.196828352154448,-0.196574024057787,-0.195518991996458,-0.191141226757442,-0.174418833485854,-0.0790605609716281,0.00668601957890169,0.148069188308685,0.586431158451554,0.891827270930029
"2018-10-28",-0.208737980951232,-0.20782294147046,-0.205851950367364,-0.199892054685068,-0.180862374437008,-0.0831563107606679,0.00212122320873487,0.1418502679223,0.577532723447254,0.886481427142278
"2018-10-29",-0.210995826762991,-0.209572818011607,-0.206853945059464,-0.199450543840221,-0.177752018015491,-0.0738508002928404,0.0141015931203332,0.155963058555176,0.5885242682241,0.888891215320013
"2018-10-30",-0.211361929243559,-0.209590188852239,-0.206374272438212,-0.198064030664806,-0.174855498161051,-0.0681212074842688,0.0208835860597813,0.163769434086114,0.598998386248698,0.90245379120598
"2018-10-31",-0.222659884096253,-0.220670372410202,-0.217133827317068,-0.20820381120124,-0.183839730512245,-0.0742617563240089,0.0161819007975844,0.160669459451442,0.59816528201347,0.90179285550227
"2018-11-01",-0.222799214788925,-0.220850120424242,-0.217354357715338,-0.208441113249483,-0.183896890688927,-0.0727835007997272,0.0189768666751443,0.165292584517661,0.605421107381453,0.907935424303456
"2018-11-04",-0.220484127747778,-0.219042166854594,-0.216248240618006,-0.20854267095646,-0.185739627651191,-0.0762201012789355,0.0161258056471756,0.164155911533652,0.608373104249114,0.910337995929243
"2018-11-05",-0.217859266489279,-0.216427435879715,-0.213657975704329,-0.206030444534611,-0.183471166757296,-0.0749529863128129,0.0167985200057641,0.16431676296862,0.610094550357798,0.915830155856578
"2018-11-06",-0.210747581648044,-0.210064362455123,-0.208353280190347,-0.202625327155588,-0.183101940778101,-0.0793119616742751,0.0115456978899079,0.15935894719471,0.608978123306229,0.916574113862589
"2018-11-07",-0.19520015206029,-0.195946694604689,-0.196221298828237,-0.193936617197151,-0.17949075908892,-0.0812854489108069,0.0101771772688657,0.161072742710087,0.617420016229258,0.92161089242159
"2018-11-08",-0.21405146865227,-0.213588802263544,-0.212161176941816,-0.206845387734726,-0.187634966301532,-0.0823665554106264,0.010253637657465,0.160550588525549,0.612300402353942,0.915792260115286
"2018-11-11",-0.200404517886344,-0.201444358495567,-0.202117053867978,-0.200491846214641,-0.186912879796784,-0.0891482688387247,0.00276150587711543,0.154333089199751,0.609188898152591,0.90853090398423
"2018-11-12",-0.191966034981743,-0.193321484521561,-0.194462108899573,-0.193751535446563,-0.181907936768323,-0.0885031181868755,0.001217446962268,0.150462849148284,0.602948570798464,0.903217316913881
"2018-11-13",-0.194747520040159,-0.196247447318533,-0.197605132853156,-0.197327705045625,-0.186332150813207,-0.095134277576197,-0.00650330576471636,0.141698062944962,0.594226462992891,0.896525493433584
"2018-11-14",-0.19519577096095,-0.196573020635682,-0.197769117730037,-0.197242610388354,-0.18599976817395,-0.095348921110996,-0.00761113738456742,0.139077953167986,0.588049007892088,0.88921761436351
"2018-11-15",-0.213772363784672,-0.213760449976441,-0.213000946310337,-0.208991590751419,-0.192269032715948,-0.0934146140303595,-0.00421296923908843,0.14209696638248,0.587344093392207,0.889308533248902
"2018-11-18",-0.230207840886586,-0.229271952525683,-0.227251466435711,-0.221133865790456,-0.201600843672089,-0.101609814668574,-0.0146978859409757,0.12709316083793,0.564808824852337,0.87126384334322
"2018-11-19",-0.216011207669897,-0.216089231091949,-0.21546973614803,-0.2117560719953,-0.195669468454633,-0.0988086121724528,-0.0108217986244645,0.134001490273921,0.577091246428436,0.879222181784472
"2018-11-20",-0.217346394660619,-0.217007608557874,-0.215836153320215,-0.211260910846533,-0.194273564128694,-0.0989526906843429,-0.0137325294567789,0.126401783928173,0.559319482945904,0.859942210120359
"2018-11-21",-0.233011168927889,-0.231705850748509,-0.229159053698784,-0.222084835628465,-0.200992262736022,-0.0986077885555392,-0.0115060665270283,0.129215640382049,0.558605138643282,0.856535068869017
"2018-11-22",-0.181880045824974,-0.184969327419586,-0.1885609685502,-0.192255747960596,-0.187525273463663,-0.106404755171528,-0.0207330318754155,0.124814227343995,0.566629665536932,0.854335884140474
"2018-11-25",-0.22094961614419,-0.220628131516873,-0.219478202372933,-0.21493260743922,-0.197967788807477,-0.102665822609268,-0.0175771899738232,0.122061464092998,0.551289256671293,0.847399021955302
"2018-11-26",-0.217562212452803,-0.217338575664855,-0.216326570542639,-0.212027772636779,-0.195459437874663,-0.100866968868267,-0.016071032847097,0.123163317475358,0.550474370692988,0.844252670265954
"2018-11-27",-0.214044566075914,-0.213483815626379,-0.211996028129869,-0.206844832541034,-0.188910482388435,-0.0920125503082916,-0.00647185283936325,0.133495449378377,0.56383913918837,0.861884963266621
"2018-11-28",-0.212366936202525,-0.213028085976993,-0.213278576376822,-0.211284619520771,-0.198534901437848,-0.110582570470344,-0.0274783353994982,0.111586053131068,0.545528767782257,0.846172258268956
"2018-11-29",-0.205180228909136,-0.205260527010237,-0.204716060290034,-0.201385847704949,-0.186832787994756,-0.0980933959336215,-0.0165053445428563,0.119360029313528,0.545902820217994,0.846231113944929
"2018-12-02",-0.153616682494802,-0.158846032708564,-0.16549746862489,-0.174803237580993,-0.179486789167012,-0.115873779608161,-0.0359683243329824,0.105860619659576,0.550308412655088,0.843206599707937
"2018-12-03",-0.164451415340675,-0.168637637214769,-0.173885825242291,-0.180915834942547,-0.182827385382024,-0.119806142367595,-0.0437724958882812,0.0913284624161919,0.523589350995944,0.817827507625374
"2018-12-04",-0.181177999599068,-0.183909469979883,-0.18711719857951,-0.190537619521281,-0.186849733292681,-0.115772409363878,-0.0384143513246835,0.0963733879895701,0.527627095577522,0.826600318494818
"2018-12-05",-0.160773342165899,-0.167273436642238,-0.175735462453347,-0.188339465450353,-0.198473599590579,-0.144446326002965,-0.0672480366025323,0.0735265022376935,0.522910817203214,0.821079017301107
"2018-12-06",-0.16569717748694,-0.170876753805256,-0.177488685219819,-0.186825382559362,-0.191900090830259,-0.130490180930539,-0.0518591670024393,0.089207047032568,0.539961175780062,0.843572027535044
"2018-12-09",-0.169203811368504,-0.17485044781799,-0.182161435937587,-0.192884345556124,-0.200643053158389,-0.146052017758656,-0.0706887189196723,0.0673598007869122,0.518814343667186,0.828805874694315
"2018-12-10",-0.164626869133885,-0.169956106445805,-0.176838762915527,-0.186862628927337,-0.193755706643637,-0.139290500143733,-0.0651231712869892,0.0707581977028406,0.517722350923674,0.827446317736517
"2018-12-11",-0.177045615552473,-0.180726246832642,-0.185289796715675,-0.191190339605047,-0.191628299018036,-0.127810320901129,-0.052351686333637,0.0821786529276749,0.520766433607994,0.82765160287049
"2018-12-12",-0.179186118301684,-0.18286009181173,-0.187408313967932,-0.193260304847302,-0.193538885510307,-0.128899081191059,-0.0527328641603155,0.0829353245044552,0.524909654732675,0.83405456225151
"2018-12-13",-0.182517067685374,-0.186614251340906,-0.191785762590529,-0.198841931587148,-0.20135457657137,-0.142012125619183,-0.0682814767800961,0.065107704041228,0.506738834999703,0.819443595448301
"2018-12-16",-0.19093072614545,-0.194965048869538,-0.200026140774479,-0.206811257579643,-0.208633524314665,-0.146813541153066,-0.0716203831892641,0.0632224943612992,0.503672617187836,0.811174784331521
"2018-12-17",-0.19041179168949,-0.195322955154999,-0.201618325490695,-0.210601811242824,-0.215887018599157,-0.159332148018476,-0.0851997213577728,0.049570395859905,0.490909498006536,0.796582095997482
"2018-12-18",-0.204755088062548,-0.208035306857772,-0.212043715666723,-0.216985416883524,-0.216026856262471,-0.150835321978776,-0.0757563656669633,0.0575049313771889,0.492578738638035,0.798999323301008
"2018-12-19",-0.204391528622347,-0.206994406483391,-0.210081076126768,-0.213494398433452,-0.210571270531269,-0.145496018170272,-0.073339692359236,0.0539172570241677,0.470633627128464,0.767425987951755
"2018-12-20",-0.170842881267443,-0.175806851232237,-0.182173347587735,-0.191276848398657,-0.196757789006396,-0.14104366137577,-0.0680249676680318,0.0641071143763743,0.491658494512414,0.783317856380036
"2018-12-23",-0.139160553127665,-0.147229846409518,-0.157905320049979,-0.174473814956464,-0.190977423030674,-0.148029291513102,-0.0747660025351962,0.0618253964539256,0.49743786635938,0.781188589272106
"2018-12-24",-0.14317209931856,-0.15093603465678,-0.161268105950327,-0.177519575892555,-0.19457995177826,-0.158499771179571,-0.0911135524158618,0.0376694760543916,0.463201022847602,0.750446502971359
"2018-12-25",-0.136999224756235,-0.143814299416745,-0.152837588155973,-0.166850025885187,-0.180716564254961,-0.14173665684804,-0.0752914131725608,0.0507819436929603,0.470369981882437,0.758294612158072
"2018-12-26",-0.131845164418278,-0.139044130559224,-0.148615010357904,-0.163625656584318,-0.17913453307908,-0.142845080695906,-0.0768618421476094,0.0497400305001228,0.475017602365053,0.768568600558863
"2018-12-27",-0.127810572051151,-0.136755705474587,-0.148790075095211,-0.168206893109429,-0.19071972023522,-0.165367076322869,-0.101697263298326,0.0248118809430571,0.455079652825448,0.750245199767133
"2018-12-30",-0.125206587879817,-0.134385418794242,-0.146748225690117,-0.166748349749275,-0.190174765035695,-0.166189625867402,-0.102783796621405,0.0237261348398874,0.454344762194108,0.749273865929897
"2018-12-31",-0.123174227281199,-0.132521931718601,-0.145120212292807,-0.165532208275656,-0.189581110621094,-0.166401213991305,-0.103058652639204,0.0236037056618049,0.45459543344434,0.749194268713919
"2019-01-01",-0.124882214213313,-0.133713399135815,-0.145588381967597,-0.164725084586356,-0.18681247431574,-0.160941752263502,-0.0973056276676934,0.0288939337611017,0.45779421673403,0.752085180305756
"2019-01-02",-0.127832382918764,-0.136381773317059,-0.147865705311669,-0.1663248855018,-0.187411956351266,-0.160386502592804,-0.0967776328125013,0.0290105806809291,0.457212160698913,0.752325724507251
"2019-01-03",-0.127410806965448,-0.139058394043436,-0.154770306179375,-0.180321534074065,-0.211114873977061,-0.192064632708183,-0.126474128393001,0.00298351092299398,0.417780622043521,0.679681372365171
"2019-01-06",-0.142489600127695,-0.151821866450442,-0.164342429263643,-0.184432122288175,-0.207363302053706,-0.179793646654176,-0.114371622999123,0.0129384368556063,0.429853767216885,0.704032755636773
"2019-01-07",-0.133443063768849,-0.141232994014369,-0.151634981490492,-0.168129185409302,-0.18602822568068,-0.154340534309213,-0.0906916472126241,0.0321979965903056,0.441033622971035,0.717825908555339
"2019-01-08",-0.118098993999202,-0.127636469355139,-0.140392828989122,-0.160725203833052,-0.183427668816695,-0.152396076085914,-0.0843057336439459,0.0458492825087851,0.461066913263071,0.726967814952013
"2019-01-09",-0.126242866493856,-0.135457666929669,-0.147806931315459,-0.167573414702184,-0.189945807418711,-0.161486321925571,-0.0961038201064714,0.0303974681736106,0.441673381265062,0.710303122959392
"2019-01-10",-0.131515255163443,-0.139966435415168,-0.151307449794065,-0.169500605468431,-0.190159200592322,-0.162943599887232,-0.100180464300548,0.0231045620883562,0.437889547081271,0.720063636288137
"2019-01-13",-0.132070154213718,-0.138881842065274,-0.147933739652248,-0.162115897618392,-0.176710821369736,-0.14202736200339,-0.0794006455263941,0.0405212330976035,0.442157048736948,0.718529768102801
"2019-01-14",-0.138126280551399,-0.145768202834849,-0.155992978927064,-0.172276294723288,-0.190208700172048,-0.160487782082301,-0.0984810661526652,0.022593204785103,0.432747153016636,0.715874667090472
"2019-01-15",-0.143988758603345,-0.151858056058973,-0.162381577318212,-0.179124315085942,-0.197519940331856,-0.16702321062255,-0.103765518717264,0.019172350579559,0.431557394857596,0.712942872697641
"2019-01-16",-0.151946622684572,-0.15967534897014,-0.170003658539555,-0.186406684865341,-0.204288037629728,-0.173003963014731,-0.109455257447224,0.0139518832433514,0.429103885179674,0.713777202043692
"2019-01-17",-0.176619347106545,-0.18190319609114,-0.188794422647276,-0.199092211914621,-0.207426486095126,-0.162222208419924,-0.0965429978119408,0.0254314002462566,0.430704126957846,0.712846015775929
"2019-01-20",-0.159801669212578,-0.166696351151281,-0.175850034427179,-0.190159589825063,-0.20474340956487,-0.168538367850486,-0.104175915511062,0.0187716258957861,0.429860253063828,0.71253181937033
"2019-01-21",-0.16323222812405,-0.169914480315529,-0.178774187463477,-0.192579081312002,-0.206448163399207,-0.16981479838354,-0.10606900512289,0.0152882218273537,0.420115582450518,0.698195901718773
"2019-01-22",-0.162452050668552,-0.169116989125195,-0.177926677747921,-0.191557587157532,-0.204866437351686,-0.166053245596613,-0.101204609774038,0.0207055684825793,0.419678291633602,0.688341706636807
"2019-01-23",-0.159799423905187,-0.166132685933134,-0.174497791643556,-0.187413315698487,-0.199872532647588,-0.161397379322778,-0.0978821124989259,0.0217656641628674,0.416692727149213,0.68573745643239
"2019-01-24",-0.166526910189668,-0.173599319438465,-0.182957844803207,-0.197483216819753,-0.211911991735652,-0.173290236139016,-0.107489443352031,0.0158798260614177,0.414798131982068,0.679054064244633
"2019-01-27",-0.173513698113254,-0.179997010382728,-0.188512616185193,-0.201491512924219,-0.213333175689441,-0.170102843537238,-0.103077070882626,0.020462122822911,0.414532545244037,0.673519611534495
"2019-01-28",-0.166747672115899,-0.172541588818257,-0.180155661163733,-0.191762309203045,-0.202269659560761,-0.16156565821567,-0.0982739442108428,0.0200204973893829,0.410201422192482,0.67734689159044
"2019-01-29",-0.155703194119269,-0.162918747057147,-0.172494487849752,-0.187460824351164,-0.202781513690571,-0.166690562306588,-0.102322199050092,0.019356259326504,0.415706719594745,0.679605345384059
"2019-01-30",-0.187014177120198,-0.192400266188398,-0.199419863033368,-0.209897870295569,-0.218375342176865,-0.173133780290158,-0.107844846166837,0.0123429808742606,0.403836060320061,0.669892956956873
"2019-01-31",-0.191745251861266,-0.197063775459547,-0.204024504781065,-0.214526069583727,-0.223535365409242,-0.182468423999899,-0.121089188868955,-0.007218588611552,0.366376150396564,0.621549726317422
"2019-02-03",-0.194926990068077,-0.199317898031519,-0.204971136852879,-0.21313826311219,-0.21845200216836,-0.171704134422116,-0.109188365106203,0.0046276349607175,0.375665963951638,0.630478200780913
"2019-02-04",-0.196241983641046,-0.199989483201505,-0.204753491117253,-0.211394652636944,-0.214524263374212,-0.165901523241147,-0.10428404331683,0.0070178534538079,0.370706783865003,0.623122829569079
"2019-02-05",-0.180072429739761,-0.185391960574973,-0.19235000407201,-0.202834736815263,-0.211788192525887,-0.170696503726928,-0.109597865003577,0.00333769185525157,0.371134498951603,0.620187081911784
"2019-02-06",-0.179757824531775,-0.184505654316807,-0.190672910405667,-0.199795126175732,-0.206755270397399,-0.163311628670074,-0.102040492771529,0.0107898975546097,0.381759070997261,0.637532104185341
"2019-02-07",-0.187410295593545,-0.192285684283576,-0.19865443265541,-0.208212344762104,-0.216148529002367,-0.176062563956138,-0.117086253478834,-0.00746019270749565,0.355980641870903,0.607929338975022
"2019-02-10",-0.164352654751473,-0.17024996984126,-0.177995666090563,-0.189801275300915,-0.200579949919047,-0.161420685713037,-0.100711695568776,0.0110716612771403,0.366773086296595,0.599850297643038
"2019-02-11",-0.177088023069541,-0.182608612887773,-0.189828615902292,-0.200708059644383,-0.210025167626874,-0.168010637140262,-0.105624437908886,0.00920854780599378,0.379464957462774,0.627132035841706
"2019-02-12",-0.17505674528526,-0.180779401819758,-0.188276664021012,-0.19962358969501,-0.209569301899914,-0.167679292398773,-0.104470842459041,0.0122308012902106,0.389335424952468,0.64183284605083
"2019-02-13",-0.169385853261158,-0.17601438849131,-0.184798519109251,-0.198478046032702,-0.212247565023743,-0.177069363535761,-0.115909561916184,-0.000502438846877062,0.376383840937369,0.628636062018462
"2019-02-14",-0.172049385859496,-0.178827841992768,-0.18781987269427,-0.20186020164111,-0.216172461934194,-0.181805730687351,-0.120932736976887,-0.00598352176821726,0.368178049652439,0.617224328042354
"2019-02-17",-0.165693535330503,-0.173677992538019,-0.18431041675929,-0.2010798705708,-0.219017284593015,-0.186548235848392,-0.123552682888605,-0.00459540180007445,0.374044763644301,0.61773710135389
"2019-02-18",-0.175675005484364,-0.182841000749861,-0.1923696175003,-0.207335707411547,-0.22300213515037,-0.190144948206822,-0.129202539202466,-0.0136807686424126,0.361334747611673,0.609241999252102
"2019-02-19",-0.175511454607162,-0.182760476773857,-0.192405912287194,-0.207580651003454,-0.22358318638727,-0.19136249098096,-0.130724635563527,-0.0156576144544032,0.357490257409646,0.60358467004102
"2019-02-20",-0.17567261745906,-0.183021435711793,-0.192787590342395,-0.208112201572377,-0.224132722092092,-0.19093631832692,-0.129593782481007,-0.0140602529655228,0.355665272489787,0.595979031002319
"2019-02-21",-0.176826711985,-0.183772893077855,-0.19301313840738,-0.20753787824735,-0.222771931546014,-0.190819311973074,-0.131293467472108,-0.0180334217045248,0.352522043167694,0.59972002926061
"2019-02-24",-0.166838919729931,-0.174160105192738,-0.183917046770452,-0.19932420539839,-0.215813924609856,-0.185019731236739,-0.125174200547579,-0.0109770860121364,0.361381602661067,0.60800467710682
"2019-02-25",-0.171664289865168,-0.178315185299355,-0.187144462901536,-0.200950091391196,-0.215075502233912,-0.181226373172859,-0.120805972413599,-0.00600902673884507,0.372433450925293,0.628093123226011
"2019-02-26",-0.146595643707844,-0.155100455429482,-0.166506929809597,-0.184794393314977,-0.205605795000177,-0.179986910917654,-0.119937924038444,-0.00324242128919816,0.378582145423416,0.629592714376113
"2019-02-27",-0.160817915268562,-0.167077900167934,-0.175375562199209,-0.188298249930395,-0.201264519002534,-0.16701517868943,-0.107573777462011,0.0053303544929495,0.380141747411737,0.636133045546826
"2019-02-28",-0.15317422543367,-0.159791658103079,-0.168579517679622,-0.182330446582481,-0.196435831206766,-0.162896393193551,-0.102752642394646,0.0117461858222438,0.390555619233148,0.647484714104752
"2019-03-03",-0.143184382855155,-0.150107277959089,-0.159313551713693,-0.173769581721384,-0.188836720362519,-0.155826786551214,-0.0950042966885687,0.0210026915660728,0.40380319261821,0.662052310812183
"2019-03-04",-0.10877631225972,-0.117549941209419,-0.129352905760679,-0.148406498539323,-0.170627338666692,-0.148106562860166,-0.089184213263397,0.0269929909755098,0.412493767542399,0.668740701781763
"2019-03-05",-0.118484449377873,-0.12737293134453,-0.139331721577034,-0.158643772748067,-0.181209201234184,-0.158945542582469,-0.0999636839095898,0.0162519385045986,0.400509337376455,0.65470557751482
"2019-03-06",-0.115992195176241,-0.124834399692771,-0.136763581491603,-0.156144566912717,-0.17925869786304,-0.160402446855175,-0.104094180335218,0.00854108299356604,0.387031154683497,0.640925655473459
"2019-03-07",-0.105203812640748,-0.115609494276591,-0.129745702401337,-0.153083256216984,-0.182552243468488,-0.174496997580402,-0.121616466415385,-0.0119012181453294,0.359450699920386,0.605554668584128
"2019-03-10",-0.104506117373466,-0.114893392089141,-0.12901097381509,-0.152339927490673,-0.181881743435263,-0.174404167814498,-0.121964532256043,-0.0127754880579429,0.358253700667764,0.605016514290887
"2019-03-11",-0.10518739614123,-0.115810428218315,-0.130239082684325,-0.154050358962302,-0.18408845131253,-0.175753625570844,-0.121816459371261,-0.0101048136952359,0.366899983571891,0.615963256242922
"2019-03-12",-0.106808793824986,-0.118025743722058,-0.13328234391118,-0.158543358594882,-0.190793616585109,-0.185672679671398,-0.132506698678565,-0.0214182561479572,0.352330210452308,0.596912466858839
"2019-03-13",-0.112355921847818,-0.123043962361445,-0.13755637129636,-0.161493510683257,-0.191668012199546,-0.183523351717422,-0.12994368061912,-0.0193555845151611,0.350746986100829,0.592837477291483
"2019-03-14",-0.11220557806068,-0.123204650813892,-0.138124810954432,-0.162686415536036,-0.193484197146311,-0.184282566453093,-0.129021316834219,-0.015902725991739,0.358068073777285,0.599638619952437
"2019-03-17",-0.115436405269067,-0.125900195176845,-0.140095708302016,-0.163462814936449,-0.192709554808684,-0.182839268368792,-0.128539475336408,-0.0170632546780888,0.355951045147678,0.600659226459605
"2019-03-18",-0.124512833455214,-0.134377580361329,-0.147750151926432,-0.169721584408585,-0.197027748498677,-0.185804458752277,-0.132576863857861,-0.0237060912764584,0.341772969122398,0.583191499959221
"2019-03-19",-0.130971136550584,-0.140107699221759,-0.152434228339595,-0.172470619325414,-0.196469140076952,-0.178728996842704,-0.123090185487083,-0.0123052103472314,0.353701875285365,0.593904214355372
"2019-03-20",-0.135042932094765,-0.143398994560632,-0.154635038332233,-0.172759469098777,-0.193872408922081,-0.172763146773526,-0.117533784503066,-0.00920069835280957,0.346070034525664,0.578963478467117
"2019-03-21",-0.133160513157369,-0.143652353840109,-0.157908461205039,-0.181459831694838,-0.211301321266414,-0.204556087637647,-0.153033270890092,-0.0461511790573124,0.312574098837815,0.547488366753637
"2019-03-24",-0.138105293424527,-0.148607297460635,-0.162885402029912,-0.186504100076694,-0.216566117290861,-0.211021558893825,-0.160600880032168,-0.0555893219562609,0.297076334440028,0.527698333300327
"2019-03-25",-0.134604183442393,-0.144072189504916,-0.156915464515881,-0.17804403274232,-0.204383882323019,-0.193818824209961,-0.142395449241963,-0.0365823685795275,0.322543022685338,0.562669188432249
"2019-03-26",-0.141892457274734,-0.150707257200333,-0.162665600973392,-0.182334589014453,-0.206785085972271,-0.195569103425345,-0.145570896079749,-0.042269535597184,0.314183024104535,0.557719054158193
"2019-03-27",-0.133122177804903,-0.143722859680757,-0.158191293456326,-0.182322803379038,-0.213805689456245,-0.213767642341086,-0.166812657088818,-0.0656909293158315,0.284389429557616,0.518924435160486
"2019-03-28",-0.121768207864381,-0.133696910120475,-0.149997857323508,-0.17726935306536,-0.213265229717569,-0.217741326651031,-0.170009132710756,-0.0660586362087217,0.29012529766662,0.523913148130799
"2019-03-31",-0.128335377638552,-0.138790168998544,-0.153033954127172,-0.176697638564354,-0.207187121237414,-0.203961673877268,-0.154897888150154,-0.0508390097594602,0.306418983505839,0.544988471208527
"2019-04-01",-0.11126541687405,-0.121884873962429,-0.136365131083812,-0.16046841639574,-0.191733588405084,-0.190427613851054,-0.142566037176007,-0.0403876103377104,0.310306818667251,0.543526442544586
"2019-04-02",-0.110047596727103,-0.12092821739395,-0.135702016571356,-0.160082055715652,-0.190944958027771,-0.184894939648016,-0.133597043255067,-0.0280691347979865,0.31823487641335,0.538983458996448
"2019-04-03",-0.110562807396135,-0.121364516248671,-0.136002119282755,-0.160055910777402,-0.190118096218406,-0.181405975709328,-0.128668290059197,-0.0218300966630591,0.323516486302125,0.540928508656693
"2019-04-04",-0.118309131523375,-0.127527964391572,-0.139996893458719,-0.160381797219373,-0.185299263347021,-0.171534938519469,-0.119096585154757,-0.0133245874937229,0.338185560950719,0.568976488633918
"2019-04-07",-0.111360694370727,-0.120498932737707,-0.132922015406345,-0.153453973514099,-0.17941115203434,-0.171653932070707,-0.123552601283382,-0.0229314608328709,0.324941683120671,0.561482414758778
"2019-04-08",-0.149718904408299,-0.156937889735984,-0.166663088603687,-0.182400916804417,-0.200834878500031,-0.181659215848042,-0.131163818950077,-0.0301048859853617,0.316543778452888,0.55622090597471
"2019-04-09",-0.156254043871135,-0.162224922707473,-0.17023126952633,-0.183037602748577,-0.197321478327348,-0.174522199428862,-0.125310583080401,-0.0276548583499869,0.313584610536841,0.557718243632135
"2019-04-10",-0.158477233859259,-0.165137251463312,-0.174090971272114,-0.188509257428635,-0.205076005010151,-0.18452519863817,-0.135117798273139,-0.0368858989289497,0.300380677588641,0.53496167342583
"2019-04-11",-0.158759506046331,-0.165008666772902,-0.173329918255025,-0.186437363502946,-0.200280005385158,-0.171879139438063,-0.118202136375641,-0.0154419329902798,0.324497435757913,0.554081686962099
"2019-04-14",-0.143381459363594,-0.150777866220069,-0.160681195873055,-0.176494367428371,-0.19419535164247,-0.169307751429333,-0.114505968902688,-0.00846359738213143,0.33923350923878,0.569192619639334
"2019-04-15",-0.159501093912606,-0.164279245701489,-0.170555545901871,-0.180109004327841,-0.188674629660539,-0.15417030548686,-0.100798434985349,-0.000795935219248145,0.331679127117286,0.561703984165907
"2019-04-16",-0.151634035183733,-0.156900619529548,-0.163810612244161,-0.174306672732445,-0.183672516153791,-0.146212635636119,-0.0888681604297033,0.017421724062152,0.362585741450416,0.594763721213197
"2019-04-17",-0.145853595342173,-0.152359523482731,-0.161057514559493,-0.174885467845885,-0.190021392881902,-0.164172165037982,-0.111105894199427,-0.00790996865817672,0.339572393702926,0.577939562962669
"2019-04-18",-0.154776108517461,-0.160426909017098,-0.167939816811657,-0.179716604127642,-0.191806946916774,-0.161921259960875,-0.107991963469537,-0.00373829714644491,0.353680987409811,0.606860810040215
"2019-04-21",-0.138409002297048,-0.145453408641527,-0.154909900107149,-0.170087379315072,-0.187321044984746,-0.164122044762201,-0.110781933859319,-0.00547834807378411,0.353212140528025,0.600941909215776
"2019-04-22",-0.131524260910261,-0.138989013173214,-0.149041521674203,-0.165297077303999,-0.184300670070939,-0.164396830250786,-0.11236681334068,-0.00855810609371843,0.345424895639489,0.588525096268049
"2019-04-23",-0.130290581370314,-0.137937501722781,-0.148277830101549,-0.16515291561661,-0.185514506061789,-0.169822705970532,-0.120196126090345,-0.0189998360486744,0.333397178835733,0.579504212776546
"2019-04-24",-0.112421537765962,-0.121918826314198,-0.13479441543762,-0.155948103458115,-0.182196569147221,-0.170512742740321,-0.117894255784158,-0.00997516905310258,0.356091761098311,0.601148310836424
"2019-04-25",-0.139018418936157,-0.145575346321207,-0.154400203999656,-0.168639038398927,-0.185064198445407,-0.16446376446096,-0.114482787655759,-0.0139912367868387,0.339637276404798,0.592979309663953
"2019-04-28",-0.150322967722073,-0.154764212942002,-0.160651919343505,-0.169804164307983,-0.178771043264366,-0.150527245214543,-0.102282095749687,-0.00816806759880873,0.327255634004171,0.578044555271739
"2019-04-29",-0.153631641849336,-0.157851800173878,-0.163438268197967,-0.172088887560433,-0.180396905092717,-0.15198703542716,-0.104407270373999,-0.011596603164384,0.321230784810725,0.572559913923637
"2019-04-30",-0.148727938069301,-0.153639474412546,-0.160187109448261,-0.170507389538897,-0.181285944072388,-0.155614385365881,-0.107740300147391,-0.0134112641497564,0.322515753246076,0.57138547225008
"2019-05-01",-0.138288871037532,-0.14449838551148,-0.152843535237919,-0.16626304596075,-0.181546860413356,-0.160445306722751,-0.111687510954647,-0.0142035253585754,0.327601129328363,0.572094668485453
"2019-05-02",-0.12498561545187,-0.132795149746642,-0.143349981934193,-0.160560096691644,-0.181295541599048,-0.165534801246891,-0.115672009732972,-0.0145597779109913,0.333081309513734,0.572176436445189
"2019-05-05",-0.111754706735445,-0.121101941378071,-0.133776225388571,-0.154610019872853,-0.180527343166094,-0.169869467251744,-0.119156991999749,-0.0151679600609362,0.33575654443657,0.568961045277643
"2019-05-06",-0.106662646429987,-0.117180503959245,-0.131497990034652,-0.155243129949079,-0.185693199280827,-0.181617319554067,-0.131954150885338,-0.0274238796097198,0.327857209118761,0.562752934154164
"2019-05-07",-0.116403847879728,-0.125699403177221,-0.138331877168657,-0.159196757817937,-0.18554230403947,-0.177714440351077,-0.129218802659692,-0.0281389703663586,0.318604464308584,0.552238091271825
"2019-05-08",-0.102201454425041,-0.113377092138499,-0.12857855387605,-0.153759789616621,-0.186007302467966,-0.182464553291321,-0.131674316182907,-0.0256626692221744,0.326787498956228,0.553736717839306
"2019-05-09",-0.111442118763204,-0.121998090631535,-0.136323321141862,-0.159929021864516,-0.189632319729728,-0.181745915460265,-0.129630973366066,-0.0226696336015362,0.330936370482202,0.558992895313306
"2019-05-12",-0.110971002911157,-0.121478855922509,-0.135743381272533,-0.159263492709861,-0.188902927008383,-0.181176283992636,-0.12914351564894,-0.0220338877965884,0.333925633836976,0.564816670514472
"2019-05-13",-0.113090521618226,-0.123105344464713,-0.136705247591251,-0.159141316725339,-0.187428074028393,-0.179652693973454,-0.129120566672256,-0.0246765842451553,0.32615888932413,0.556670908376429
"2019-05-14",-0.126824578941116,-0.135548319512612,-0.14737435511261,-0.166797411878766,-0.190850549483987,-0.179404894968633,-0.130085691099257,-0.0288311452628903,0.316781544878784,0.550110782439972
"2019-05-15",-0.107343776055368,-0.118318670099709,-0.133262013983727,-0.158067671039031,-0.190031208654095,-0.187919087251965,-0.138933257687743,-0.0357977808929983,0.310025799467762,0.534303890141507
"2019-05-16",-0.10951255806291,-0.119810361826884,-0.133821765075732,-0.15703637579797,-0.186718166315929,-0.182099658779473,-0.133044410469706,-0.0301929901927249,0.318083034115435,0.54764070434298
"2019-05-19",-0.110466441293197,-0.120243790164458,-0.133512193529491,-0.155366204500209,-0.182758637548525,-0.173642738784866,-0.12275398303668,-0.0179831740969308,0.334392329969641,0.566868371691519
"2019-05-20",-0.124260239279532,-0.132873950033057,-0.144536464956243,-0.16363914117711,-0.187085408159767,-0.174172840279062,-0.124194541619878,-0.0223779129057333,0.322916838494941,0.554963430635907
"2019-05-21",-0.108948802211758,-0.117408570206103,-0.128901984066507,-0.147866456262533,-0.171684577925821,-0.162781772057047,-0.116265863316849,-0.0192103931030788,0.318491578857808,0.550628018080133
"2019-05-22",-0.107951902231553,-0.117896362400088,-0.131451164535834,-0.153992129070501,-0.183117946298519,-0.180624877609284,-0.134325744307826,-0.035731949905885,0.304170479921624,0.531969694206313
"2019-05-23",-0.114294478007179,-0.122959118036826,-0.134767255750953,-0.154382260481454,-0.179548913367128,-0.174552980026248,-0.130209817957221,-0.0355671986359104,0.299766206810003,0.53322131744574
"2019-05-26",-0.124419233491087,-0.133141156033873,-0.145017723859529,-0.164712934731982,-0.189856014880615,-0.183962990787889,-0.138791604940428,-0.0430200230408077,0.293802498825193,0.526699959449931
"2019-05-27",-0.113330580043578,-0.123764580310709,-0.138002657320366,-0.161743061598029,-0.192711181795074,-0.192983764155588,-0.147433007573893,-0.0495551604023564,0.286887927303612,0.5103054958524
"2019-05-28",-0.124718539609849,-0.134958772928576,-0.148954658133489,-0.172367734118782,-0.203192548241393,-0.205369825309262,-0.161798666140342,-0.0667298866422363,0.265344267962333,0.489027803551749
"2019-05-29",-0.106738456200788,-0.117811257945479,-0.132961297295089,-0.158370050419538,-0.192127698002604,-0.197601798717478,-0.153835978150481,-0.0572931489891273,0.278628617219263,0.502372602300531
"2019-05-30",-0.11575264813067,-0.126780188447589,-0.141890752206271,-0.167312776657642,-0.201397941591759,-0.209233531594006,-0.167457314832016,-0.0737749372671873,0.256141657243488,0.477705785352981
"2019-06-02",-0.127539185726063,-0.137928281894572,-0.152133940223334,-0.175922067117798,-0.207347232596256,-0.210557867920508,-0.167346950728214,-0.0726538725628472,0.258217675279207,0.480672527764322
"2019-06-03",-0.111359945504066,-0.123848625307715,-0.140966165354381,-0.169798326510236,-0.208700172145706,-0.221166139095693,-0.178706089532739,-0.0828499083826206,0.247611837388695,0.462423578940394
"2019-06-04",-0.116020127818579,-0.131290048101459,-0.152203459168361,-0.187403366951595,-0.235010485988128,-0.254218594055711,-0.209060888133646,-0.107223092854791,0.229584119056422,0.436825806197269
"2019-06-05",-0.101013572380013,-0.116851212059953,-0.138556999751056,-0.175150662505198,-0.224927164109019,-0.247794038076831,-0.204080915227863,-0.104150422150696,0.225658556399908,0.426852827480706
"2019-06-06",-0.0997961319258462,-0.115677153187996,-0.137390665027923,-0.173827291649563,-0.222817143653354,-0.242415237114161,-0.197354123776771,-0.0974530707408489,0.22181122259483,0.411123452555786
"2019-06-09",-0.115091536635534,-0.129250082157286,-0.148602336850422,-0.181046557512588,-0.224497003451709,-0.239876344804528,-0.197211340386606,-0.103329057191834,0.198755513150046,0.380057219204925
"2019-06-10",-0.10118387567919,-0.115764262652777,-0.13568380420207,-0.169053923957422,-0.213698421110489,-0.229893871961593,-0.187057861700926,-0.0931620630907569,0.205326899319388,0.381987299356646
"2019-06-11",-0.103828612195165,-0.118867883206904,-0.139384829160204,-0.173663634649713,-0.219248308175856,-0.234932199264605,-0.191229597967556,-0.0969244494219506,0.195859470874675,0.36513228164271
"2019-06-12",-0.115698203569434,-0.129985578919469,-0.149476957456285,-0.182027757699814,-0.225156716437357,-0.237451548908828,-0.192348628373792,-0.0953923857334756,0.210797291520909,0.392042302008112
"2019-06-13",-0.0972976580631623,-0.113370998981009,-0.135390458899866,-0.172492228626278,-0.222962576787476,-0.247333249551712,-0.205198226323478,-0.108925691860415,0.203833853757767,0.390839597272465
"2019-06-16",-0.0990818972090456,-0.113943687525556,-0.134317577461555,-0.168685602313003,-0.215513259372623,-0.237615441627348,-0.197126909259168,-0.104151228403793,0.203324895805435,0.391028800157608
"2019-06-17",-0.111815986507882,-0.126172877121428,-0.145859055318533,-0.17907887891723,-0.224362123064083,-0.245510341234113,-0.205816634027341,-0.114532762446294,0.189245549691548,0.376087092437474
"2019-06-18",-0.123379648974038,-0.137811089917856,-0.157539898681511,-0.190632060371234,-0.235042174831669,-0.251810016220615,-0.209602745686274,-0.11636883313201,0.182681513360311,0.361125285480858
"2019-06-19",-0.107065433339557,-0.125135258999068,-0.149873214462107,-0.191530818357246,-0.248327099515352,-0.279738737219957,-0.238888457076652,-0.144811893729055,0.150702934530846,0.319602544828592
"2019-06-20",-0.12232575780351,-0.138803761079624,-0.161350158906331,-0.19925359215989,-0.250552243989954,-0.274442282507584,-0.23150232536544,-0.134795229433828,0.173097376247848,0.353602247194805
"2019-06-23",-0.105798655639385,-0.124298367758715,-0.149608347211634,-0.192164831279796,-0.249897953801333,-0.279256872728456,-0.234668055292163,-0.133594467772389,0.183635197542058,0.365853668302425
"2019-06-24",-0.125896825275509,-0.142051529302156,-0.164160619433988,-0.201339947784373,-0.25165615435675,-0.274444184997389,-0.231155140956739,-0.133632766218838,0.179470938428224,0.364969414622008
"2019-06-25",-0.123097003888299,-0.138788998761822,-0.16026519948407,-0.196372695802647,-0.245150004499496,-0.265783422755439,-0.22163740452851,-0.122557777482614,0.198433281023204,0.391122202291393
"2019-06-26",-0.120612159101657,-0.135826286668474,-0.156685201207621,-0.191872133299492,-0.239775577851903,-0.261489316388244,-0.2186311251822,-0.120385941938404,0.20698747779456,0.408962719894528
"2019-06-27",-0.111496803788795,-0.128285347714983,-0.151337452829034,-0.190361856753493,-0.24412672124642,-0.274539441626184,-0.233940128847182,-0.137550738425531,0.183333669796929,0.378229964668956
"2019-06-30",-0.0931654382880715,-0.111736853680321,-0.137178008248189,-0.180061890017084,-0.238585622532948,-0.269887341424099,-0.225548300646275,-0.123254116391073,0.20402192101136,0.39523020192863
"2019-07-01",-0.0938753540683125,-0.111860975238519,-0.136502857139434,-0.178045734435554,-0.234729800785194,-0.264515813528615,-0.220650881467328,-0.11952827204018,0.205734865075658,0.397099449559167
"2019-07-02",-0.0916064537674048,-0.110757137202668,-0.136994613625492,-0.181241993241625,-0.241783761476995,-0.276301549687981,-0.233447879919259,-0.133643864464882,0.183223936231521,0.365946903387381
"2019-07-03",-0.103177273005097,-0.120505038431881,-0.144296808156266,-0.184582115167977,-0.240193520012712,-0.273479759597314,-0.234244067438418,-0.14031251441962,0.169270034302623,0.354343798921565
"2019-07-04",-0.0946073373386555,-0.111080686127551,-0.133754367881161,-0.172326312687508,-0.226168879848436,-0.261228324508699,-0.225056064155097,-0.135070892969366,0.172776864372793,0.362908663805022
"2019-07-07",-0.10674876605191,-0.121730767147144,-0.142339008762796,-0.177340801958976,-0.225905375133396,-0.254365490307975,-0.217528402892906,-0.128157422470131,0.179201322551786,0.372165936121537
"2019-07-08",-0.0916492112303138,-0.107253168897031,-0.128709905801715,-0.165139038430417,-0.215705040941829,-0.246542732519376,-0.210324321043421,-0.122152640926395,0.176851948655655,0.360974869904528
"2019-07-09",-0.101197161961524,-0.114867233922636,-0.133612617233249,-0.165241804220043,-0.208300964612023,-0.227381599371015,-0.188039560959794,-0.097814396769737,0.204915776403534,0.393342380684963
"2019-07-10",-0.101070823358761,-0.115462763485061,-0.135257805031909,-0.168869595880833,-0.215448771737478,-0.242016532904784,-0.205648815508755,-0.117816135035001,0.185130318390784,0.376390081193037
"2019-07-11",-0.1302837778881,-0.141096347330622,-0.155905798189539,-0.180806757640709,-0.214196992542062,-0.222807848570555,-0.183675208131032,-0.0962406505019606,0.206150902070285,0.404578720836193
"2019-07-14",-0.182181929329956,-0.187403654709907,-0.19441039533269,-0.205639291822915,-0.218277719398487,-0.199574133649698,-0.158006110676742,-0.0755757494936272,0.210164635980241,0.412198492641177
"2019-07-15",-0.151983720273641,-0.161311103228436,-0.17405761050827,-0.195375346493872,-0.223426558084847,-0.225384445380752,-0.185790391874801,-0.0995189199502727,0.201018464790288,0.402845920730963
"2019-07-16",-0.131600080107486,-0.142721801367869,-0.157952676301181,-0.183559819205428,-0.217919856957411,-0.227431262807029,-0.188267815326631,-0.100815983009127,0.199061324217835,0.393607900756838
"2019-07-17",-0.136893922327789,-0.148660037261783,-0.164779617775162,-0.191908218569289,-0.228452169813147,-0.240151631834812,-0.200623514478843,-0.111812323228002,0.191292329567538,0.386095233393498
"2019-07-18",-0.135257157411821,-0.146745481088485,-0.162477969407047,-0.188927407658348,-0.224416995703689,-0.234287321544892,-0.193929580827116,-0.103831291967855,0.204814585381673,0.404801462815761
"2019-07-21",-0.146430400720503,-0.157741838494536,-0.173248969490463,-0.19937521736691,-0.234620035311639,-0.245395806547356,-0.205966882636306,-0.116841871645878,0.193166527377556,0.397024054115532
"2019-07-22",-0.135361280002826,-0.1476738996532,-0.164601959876137,-0.193299738231044,-0.232748152709272,-0.250863125365824,-0.213660468004381,-0.125920363370188,0.184220852952494,0.388546874257552
"2019-07-23",-0.145994340299636,-0.157462250669542,-0.173208895398823,-0.199829179277959,-0.236106601813908,-0.250099484744377,-0.212744651828998,-0.126454492415676,0.176847001943523,0.377058534205758
"2019-07-24",-0.146413695826555,-0.158517075973127,-0.175131362103952,-0.203207632170689,-0.241472736887224,-0.256933318529285,-0.218860151414791,-0.131023953903723,0.173984773265412,0.372161467717379
"2019-07-25",-0.131978967024171,-0.14524376220606,-0.163470184280461,-0.194342895918337,-0.236760275753524,-0.257277188674444,-0.219396448892826,-0.130272218517257,0.17835992360657,0.37640308063634
"2019-07-28",-0.144439485753633,-0.156291166162545,-0.17256130244825,-0.200056422158942,-0.237501118804095,-0.251978412025003,-0.213647593150087,-0.125286535577366,0.183750692921577,0.386571837404709
"2019-07-29",-0.130429731645866,-0.144098377448175,-0.16288814111432,-0.194746809680832,-0.238655032861764,-0.261066812407809,-0.223251304386506,-0.133500399173506,0.177852450818687,0.377354436254229
"2019-07-30",-0.14199028640446,-0.154121021338286,-0.170813642075416,-0.199162698359616,-0.238318418459843,-0.257519163663972,-0.221761262473326,-0.136316170337909,0.168750089051829,0.37126228765654
"2019-07-31",-0.132596156209275,-0.143934710334743,-0.159505876311712,-0.185836313396754,-0.221739915661184,-0.235664354191924,-0.198704544675148,-0.113191940412107,0.188097205905987,0.387480459077584
"2019-08-01",-0.127486463900102,-0.141502532286002,-0.160820905610668,-0.19375926558947,-0.239886983232334,-0.26899469380911,-0.235370453316915,-0.151223568912058,0.147365008744171,0.340193414012387
"2019-08-04",-0.122004530304354,-0.137630969774154,-0.15922841501758,-0.196272556231898,-0.249066116088499,-0.289855590323505,-0.260070078538869,-0.179052849531252,0.114877252942723,0.304299312563034
"2019-08-05",-0.125605093214492,-0.141285462875902,-0.162906098766454,-0.199812789563421,-0.251754316635889,-0.287660979440866,-0.254198914704223,-0.168374982867962,0.13350816556652,0.324485379288197
"2019-08-06",-0.115653907777719,-0.133719773982522,-0.158612033808464,-0.201068830180344,-0.260871596053524,-0.30514307657818,-0.27179781593941,-0.184762635115931,0.112747156631021,0.293228625027354
"2019-08-07",-0.099999605845988,-0.119870788488022,-0.147195458279839,-0.193635081249938,-0.258596139676703,-0.306080973572639,-0.271221210439969,-0.182052280936046,0.110708437271703,0.280943485371452
"2019-08-08",-0.114023435016698,-0.134720323313146,-0.163182821230048,-0.211576657887675,-0.279427922368781,-0.331151435027805,-0.297743376764989,-0.210578094618081,0.0740047378982887,0.237375903312237
"2019-08-11",-0.175997048490686,-0.190498210204131,-0.210449083581309,-0.244366466461672,-0.291669967021802,-0.322813365412259,-0.291910926693115,-0.21511555194254,0.0447235552148321,0.203048581197206
"2019-08-12",-0.11782353835273,-0.140350794895929,-0.17124767201821,-0.223527527534649,-0.296106587247083,-0.349748164420511,-0.314713440000038,-0.226294177122118,0.0486635725367675,0.199324800701769
"2019-08-13",-0.105132254659286,-0.127537653605371,-0.158265174536717,-0.210250635242601,-0.282391033597863,-0.335505043925991,-0.300475758481541,-0.212273913216965,0.0617844489503981,0.211914753656649
"2019-08-14",-0.126934633066301,-0.148201760635043,-0.177366394955149,-0.22669777117962,-0.295094091181303,-0.34474198881131,-0.310590830308064,-0.225189373331528,0.0404466961053871,0.186435534296629
"2019-08-15",-0.124341113885228,-0.146110943775391,-0.175939226159337,-0.226306170774697,-0.295828781762516,-0.344490818949525,-0.308171480730997,-0.21923514765319,0.0543434456089997,0.203739134196654
"2019-08-18",-0.144305892133341,-0.164106363017939,-0.191246396601107,-0.237083616378624,-0.300221241164184,-0.34129938022919,-0.303479319010268,-0.212696791396461,0.0720318666362916,0.23210126116148
"2019-08-19",-0.108973012526343,-0.13470442130345,-0.169863063218006,-0.228934152421764,-0.309639705129438,-0.364302626106558,-0.323073590322794,-0.225353164890959,0.0611243456581563,0.210746387734812
"2019-08-20",-0.14655218588808,-0.168549848129609,-0.198596200795785,-0.249015741735743,-0.317503783149849,-0.35919643620945,-0.318048161773004,-0.223628642503474,0.0557830153164033,0.204755828980508
"2019-08-21",-0.131509396204856,-0.155696026389191,-0.188721587177589,-0.244120974889212,-0.319415529338213,-0.367015002184309,-0.324624967231656,-0.226742806562395,0.0595215563271932,0.209815397445369
"2019-08-22",-0.133427452945283,-0.156666382648654,-0.188409339880363,-0.241684312277247,-0.314111040132017,-0.35896372422585,-0.316473661934668,-0.218568372217233,0.070615711983159,0.224261121332873
"2019-08-25",-0.160333533203073,-0.182411943102535,-0.212643566974957,-0.263622985917365,-0.333728056157801,-0.381002570207224,-0.342557731519126,-0.250078090789782,0.0325230454513752,0.186521879217414
"2019-08-26",-0.159294381228602,-0.179894942629816,-0.208177692284517,-0.256111051140303,-0.322799375402612,-0.371098778679354,-0.336420122098241,-0.249073043049658,0.028975442957821,0.185599592326677
"2019-08-27",-0.166733932744614,-0.18688557810194,-0.214590180032775,-0.261666855009887,-0.32756138631804,-0.377031540066237,-0.343797003741162,-0.257905154802832,0.0215810249997306,0.18185663307314
"2019-08-28",-0.166997912474756,-0.187626018385116,-0.215933154643695,-0.263866872942594,-0.330439883868813,-0.378403518355998,-0.343936858524131,-0.257609688239026,0.014819930004687,0.166996084954686
"2019-08-29",-0.176709277508735,-0.195756315727928,-0.221935801000811,-0.266395185657138,-0.328508687005836,-0.374083724583286,-0.34147658859649,-0.258216392271009,0.0124030082730393,0.167969696569458
"2019-09-01",-0.159020094145266,-0.179520116134443,-0.207666755234227,-0.255379391439588,-0.321819550870147,-0.370615547021201,-0.336964906819895,-0.251656078995527,0.0196397565681848,0.171982599946843
"2019-09-02",-0.165744135594614,-0.184871358345712,-0.211217054035604,-0.256156838808063,-0.31970687099078,-0.371669047167119,-0.343848636976886,-0.267378997911116,-0.0124380884714013,0.135286892706682
"2019-09-03",-0.152529460721775,-0.173311899894105,-0.20188666751275,-0.250470698848678,-0.318704887255948,-0.37308258581484,-0.343104552088913,-0.262926634790276,-0.004069307817746,0.141557254023255
"2019-09-04",-0.154242440087323,-0.173812315088712,-0.200690410394658,-0.246279862417234,-0.309848448865736,-0.356864320767973,-0.324812474891691,-0.243117111737608,0.0180542817526785,0.165370662410931
"2019-09-05",-0.166570024978778,-0.186431122096873,-0.21362928288631,-0.259476273393082,-0.322285406233167,-0.360757449910931,-0.320666980065125,-0.22650422396834,0.066301446157079,0.230449282396749
"2019-09-08",-0.157136837393743,-0.178918675265503,-0.208743431946896,-0.259015451632105,-0.327945642202162,-0.371479015642861,-0.329509072261652,-0.230371591451812,0.0756322414156504,0.245350628987341
"2019-09-09",-0.158899881687851,-0.178320154960532,-0.204951113635106,-0.249945048005434,-0.311813703429979,-0.349032151062606,-0.307080969722804,-0.207702028972809,0.110983830987387,0.295861318801884
"2019-09-10",-0.163980621048686,-0.180626445429034,-0.203406045333968,-0.241716741834637,-0.293642602297117,-0.318601709827317,-0.27612660754733,-0.18009159911956,0.125336842246867,0.303874909142096
"2019-09-11",-0.163289843202579,-0.180962779744137,-0.205174178702335,-0.245986453052371,-0.301671236743871,-0.3311409174383,-0.288445563817812,-0.19002143973078,0.125664757464461,0.310737791765146
"2019-09-12",-0.134427972010333,-0.151692896753565,-0.175244887956386,-0.214603734539887,-0.267070015612813,-0.287261288020617,-0.240134727545954,-0.138108622767186,0.174683118648322,0.352433034548086
"2019-09-15",-0.184443556245314,-0.193657367381807,-0.206138504525725,-0.226631526977794,-0.25217303690515,-0.244175848080674,-0.198712389876191,-0.106843824991325,0.189686539923287,0.376260058972521
"2019-09-16",-0.132262575676562,-0.150107991925156,-0.174446039907277,-0.215100616740749,-0.269242679331168,-0.289953034784165,-0.241383296989964,-0.136501109344033,0.183740701618081,0.36499411740443
"2019-09-17",-0.136455449898279,-0.157030799467052,-0.185121086526779,-0.232167234117134,-0.295438397076693,-0.325887407399622,-0.276936279492845,-0.16870525656549,0.159439928162735,0.34184652248288
"2019-09-18",-0.137365250586106,-0.160684057084272,-0.192554109508819,-0.246064230818807,-0.318625382068296,-0.358812012817743,-0.308849292893661,-0.195513629207221,0.148629622004952,0.338473102393868
"2019-09-19",-0.13745628825318,-0.16144309161981,-0.194228523010238,-0.249280120476153,-0.323923007157187,-0.364860268722496,-0.312793909879221,-0.194769882903783,0.164646832790629,0.363651990978259
"2019-09-22",-0.220201692633224,-0.234133527879528,-0.253193807162077,-0.285187362907839,-0.32801942222207,-0.340694390253371,-0.294057695609679,-0.190867140415143,0.153572821951563,0.36999198281403
"2019-09-23",-0.154097090873648,-0.178569375799952,-0.212048532716934,-0.268363942206156,-0.345052407220914,-0.388775164328471,-0.336473309322586,-0.216268062980518,0.154228439342708,0.361322345232823
"2019-09-24",-0.174278170680766,-0.19856213555963,-0.231855755462419,-0.288089131494837,-0.365391824109464,-0.412375169732266,-0.36094407736568,-0.239098616884149,0.149314384323681,0.373002326284763
"2019-09-25",-0.133120552195612,-0.161171939770057,-0.19952675767311,-0.264008522252955,-0.351930112120584,-0.406069680385216,-0.352630567769177,-0.22862190457093,0.145105013786385,0.347854460755644
"2019-09-26",-0.147544739986552,-0.172340586604631,-0.206245284669023,-0.263228157720448,-0.340717808113863,-0.385180375227118,-0.333409419848862,-0.214836866459465,0.146643614375001,0.346314874268408
"2019-09-29",-0.300220094866172,-0.308975027881683,-0.320844484010435,-0.340340905732333,-0.364479045859866,-0.352727589388985,-0.302753875194755,-0.199995463072262,0.152401502335766,0.39171490880455
"2019-09-30",-0.297083580445561,-0.302091411850891,-0.308682004620866,-0.31876271814103,-0.328029454839238,-0.293646159817419,-0.239377877750774,-0.137403798677036,0.201815657713529,0.436177727983723
"2019-10-01",-0.295393313963162,-0.302894682966498,-0.312952377551653,-0.329062499290883,-0.34730629731906,-0.323608176991037,-0.269249841503589,-0.163446948913652,0.18540395032513,0.417116844211243
"2019-10-02",-0.285682688498943,-0.295798654397896,-0.309528886513572,-0.332158117416504,-0.360623856276342,-0.352624092173193,-0.30188649975682,-0.197517131741325,0.150004404822306,0.376132823453345
"2019-10-03",-0.250416226767442,-0.264107948451858,-0.282799059201294,-0.314023521937164,-0.355207251171386,-0.362319920501342,-0.311726095639258,-0.20263721706127,0.158089777395163,0.384731246568411
"2019-10-06",-0.249258807850982,-0.26406304763024,-0.284345165445921,-0.318485583841938,-0.364536498875429,-0.380268709461259,-0.331957421874866,-0.223243819439584,0.145514018312467,0.380386178256771
"2019-10-07",-0.248419379937673,-0.262128879362566,-0.280869651979651,-0.312262297614827,-0.353967925417919,-0.362917779081849,-0.31308257351916,-0.204058350011794,0.16233476208821,0.395952634899559
"2019-10-08",-0.249507494431677,-0.262570426386796,-0.280422588746077,-0.310303020635156,-0.349860268491138,-0.356621975676309,-0.306944411826239,-0.198645663391913,0.16794517438367,0.404423130769956
"2019-10-09",-0.248909823657117,-0.261636965331917,-0.279032759240707,-0.30815851456875,-0.346753955153071,-0.353650078211735,-0.305511229586272,-0.200400622841495,0.155686160731653,0.385457964202292
"2019-10-10",-0.252957771159474,-0.262918117377168,-0.2764901160604,-0.299041174690882,-0.328088671228825,-0.32461347294255,-0.277140952197398,-0.1762703985407,0.172375796655639,0.407187076382285
"2019-10-13",-0.212831935012595,-0.224722683425911,-0.240910769065054,-0.267788409255817,-0.302539423688729,-0.302559743952934,-0.252964716726525,-0.148862563374037,0.1927983883133,0.40822907098786
"2019-10-14",-0.197372077347513,-0.211385280331034,-0.230542712026046,-0.262649107161169,-0.30543618053737,-0.316653436023552,-0.268553765119791,-0.163081166736539,0.187014319939591,0.406287347995911
"2019-10-15",-0.228511676537706,-0.23816757706056,-0.251330725779942,-0.273223573728855,-0.301505365464932,-0.298739973750635,-0.253152799119141,-0.155912709045697,0.181368679979666,0.409164003970095
"2019-10-16",-0.225417413852072,-0.234154422806452,-0.246053854015505,-0.265797655029303,-0.291061911998411,-0.285870577072101,-0.241497811711054,-0.147352185101221,0.182515541873193,0.409272855860851
"2019-10-17",-0.194090259811931,-0.204297397122842,-0.218262505867608,-0.241673862487455,-0.272680783101099,-0.276103337595189,-0.233421505596871,-0.13932097305273,0.192914727577218,0.418845657246576
"2019-10-20",-0.187796045252631,-0.19948749152856,-0.215413763668591,-0.241886625764354,-0.276205142444327,-0.276520153069674,-0.227505156134028,-0.124018180985395,0.218988249583586,0.437548294011346
"2019-10-21",-0.186955723459526,-0.198121978014885,-0.213255924641783,-0.238143966421992,-0.269392819238667,-0.262503756660514,-0.210837986013168,-0.106342253650769,0.226459759568071,0.431884420003944
"2019-10-22",-0.183113945385714,-0.195952912142858,-0.213478738945133,-0.242750717387002,-0.281324715576378,-0.287557995786887,-0.239575247997833,-0.136199463728155,0.206270145455208,0.422069626109041
"2019-10-23",-0.189601550216416,-0.201793031848611,-0.21843181298918,-0.246206153985032,-0.282711363391834,-0.287424473178253,-0.240366510830468,-0.139203211724632,0.197752623097263,0.411883894850747
"2019-10-24",-0.16587990323264,-0.178588045388576,-0.195969616396966,-0.225121938094895,-0.264009266595003,-0.273756306254552,-0.228953187049377,-0.130278103743731,0.201695966745589,0.41298051677751
"2019-10-27",-0.176427818060086,-0.186751374675521,-0.200821531069772,-0.224225334402379,-0.254563208645277,-0.253843755586762,-0.208603899638949,-0.112524147118269,0.212341855043898,0.42449137609303
"2019-10-28",-0.17500461988254,-0.184657069208378,-0.197800892270638,-0.219614413759495,-0.247641167379045,-0.244231270294992,-0.198811564802452,-0.102933355496714,0.224110564205567,0.441079179006147
"2019-10-29",-0.19764223757888,-0.206267833200254,-0.217959843771075,-0.237166168567575,-0.261012418844904,-0.250902787780409,-0.203986293946269,-0.108019602459945,0.214759055589181,0.42855591298125
"2019-10-30",-0.199535181203333,-0.209927201224968,-0.2241146832428,-0.247798785694912,-0.278833411858332,-0.280624936389429,-0.236975610372969,-0.142803181391831,0.179588890631999,0.391988959543241
"2019-10-31",-0.195639998474392,-0.209827236513423,-0.229249955289054,-0.261905833000868,-0.305887899502682,-0.321606226993422,-0.277193122153737,-0.177859580747113,0.15235375961127,0.357676104589025
"2019-11-03",-0.245268086124753,-0.253150556824673,-0.263762317091088,-0.280933508667288,-0.301214202224757,-0.284248769235595,-0.23551633042822,-0.139856996078229,0.169975502185422,0.369339061622822
"2019-11-04",-0.187292735009147,-0.198686304064231,-0.214122307406025,-0.239495009004085,-0.271368577168395,-0.265396583151116,-0.214584480030432,-0.112347920187299,0.208024872901848,0.401976328109735
"2019-11-05",-0.163808547361128,-0.172588854994839,-0.184466243309264,-0.203902172563129,-0.227818043229589,-0.217198278327379,-0.170748320122678,-0.0775107750117325,0.225071723870949,0.41766098368766
"2019-11-06",-0.147566905449473,-0.156747444347933,-0.169175580345112,-0.189549969017413,-0.214795397405317,-0.205383082029283,-0.158578181043963,-0.0643006504857055,0.240772412259922,0.433757882414804
"2019-11-07",-0.163323294281919,-0.169989271699318,-0.178930321399785,-0.193265522382839,-0.209564361512668,-0.189113181072057,-0.141442721218204,-0.0485886900258793,0.257158290212428,0.459735789098318
"2019-11-10",-0.167621577817207,-0.175030996282618,-0.184984444389398,-0.201006132149989,-0.219539385406125,-0.199994589063054,-0.150535790698475,-0.0540606614390069,0.260066762959005,0.464585226469662
"2019-11-11",-0.198727688588738,-0.200898765039809,-0.203537056727448,-0.206727927278104,-0.205751714159686,-0.160468961685513,-0.10874058953684,-0.0170210245271257,0.282860703148293,0.49478531580623
"2019-11-12",-0.183099975032015,-0.188584268507883,-0.195818590415372,-0.206964732761078,-0.217695406418967,-0.18554615587075,-0.133010632435342,-0.035581877887426,0.274926404588875,0.477775249707939
"2019-11-13",-0.241019357480462,-0.242934325765588,-0.245215131263237,-0.247779490983014,-0.245852098417547,-0.199305773269891,-0.147428723788996,-0.0558013228788752,0.244612639501795,0.458704206865352
"2019-11-14",-0.247236312745956,-0.247737728616947,-0.248038353406128,-0.247110514012532,-0.239819636389941,-0.186079386749834,-0.133608973949765,-0.0435108097240247,0.252952249282719,0.471953143566454
"2019-11-17",-0.189495311063763,-0.195975442011992,-0.204647443690913,-0.218475015695771,-0.23385084773663,-0.2109563320063,-0.161678594979564,-0.0662817978540964,0.24829827164591,0.458067202329355
"2019-11-18",-0.208140181709547,-0.213556778365343,-0.220744343516545,-0.231970079185679,-0.243391736531495,-0.21522030699058,-0.165358307253815,-0.0706254966632771,0.242357060397669,0.454509988109064
"2019-11-19",-0.183750439159886,-0.191717521136614,-0.202520959538935,-0.220277028808976,-0.242324846129648,-0.232452565808729,-0.188027829890198,-0.0967040169052219,0.214662823572481,0.424361944645838
"2019-11-20",-0.211729988756298,-0.216124868094103,-0.221973832140707,-0.231159687033334,-0.240635029578778,-0.217212938210364,-0.174515886338244,-0.0912414778722347,0.199736538442146,0.410627170825618
"2019-11-21",-0.259985851639218,-0.259690851111818,-0.258898063091844,-0.256122369779837,-0.246314728871411,-0.191547861452922,-0.14148200561671,-0.0566861486077579,0.225256240322261,0.440985788210041
"2019-11-24",-0.207662869174186,-0.211637183840961,-0.216859190895791,-0.224806283278627,-0.231872090344491,-0.201860871676976,-0.155347730344296,-0.0671943856514143,0.234263413205199,0.450314332827356
"2019-11-25",-0.204759808902733,-0.209239186737996,-0.215200056587224,-0.224560093329829,-0.234211644996958,-0.210369746502424,-0.166944192289707,-0.0823257801405383,0.212754778914486,0.426095911670189
"2019-11-26",-0.198695530982168,-0.204494852958684,-0.212317909871515,-0.225009509063906,-0.239966341667845,-0.224582741311534,-0.183220168197674,-0.0994522941258564,0.194872015322122,0.404171801874891
"2019-11-27",-0.195160792582809,-0.199487079028593,-0.205250139529737,-0.214320494370243,-0.223756707252294,-0.201218875347609,-0.159532614329946,-0.0779207430140625,0.20877911403471,0.417707578837776
"2019-11-28",-0.153751884919443,-0.160692446795796,-0.170107705458013,-0.185588782857651,-0.204788949608252,-0.195244341817837,-0.154852354789132,-0.0712576966198613,0.219704748866787,0.420827519079758
"2019-12-01",-0.174384420251099,-0.178279120401331,-0.183368595740186,-0.191015918037666,-0.197424795423097,-0.166099336045626,-0.119891920148603,-0.0342375898560932,0.247496456782702,0.440820808869898
"2019-12-02",-0.152469744718777,-0.156804100183571,-0.162518857194458,-0.171302500401981,-0.179588038868619,-0.151693564686799,-0.10668794763241,-0.0220878486571912,0.257642960438871,0.449039887186159
"2019-12-03",-0.172829518112446,-0.176472115558903,-0.181231743321747,-0.188377574467067,-0.194309476082393,-0.164106608998651,-0.119555911230535,-0.0364399317461442,0.241435594643437,0.436057766762
"2019-12-04",-0.214455877888302,-0.214299972724443,-0.213717760043856,-0.211372311411391,-0.202475254968928,-0.15101627061997,-0.103711983933502,-0.0238424171623186,0.237860852825627,0.433575078038782
"2019-12-05",-0.191218388475488,-0.190548357450038,-0.189247600747671,-0.185642800907794,-0.17485532866636,-0.121370221079518,-0.0746084303053312,0.00310489523280244,0.25627436669874,0.447393457225166
"2019-12-08",-0.12514859180293,-0.129229020389077,-0.134603073227207,-0.142840592482327,-0.150509483132881,-0.123485767578592,-0.0804411022453,0.000289541933276127,0.266799544451409,0.449019942670699
"2019-12-09",-0.0942254193080897,-0.100368605324563,-0.108665879010996,-0.122179373980137,-0.138425802680634,-0.126211025688077,-0.0876801791555611,-0.0100771835566664,0.25276036762275,0.430347681773883
"2019-12-10",-0.112715955920223,-0.116760727288354,-0.122092310838164,-0.130283049709224,-0.137999715868021,-0.112031233130776,-0.0702338483417045,0.00815892560929993,0.266122138250628,0.441619831316317
"2019-12-11",-0.116172112287978,-0.121298219113551,-0.128135298233727,-0.138948529156262,-0.150568765562754,-0.128965144838444,-0.0865758855450364,-0.0051441039294825,0.264016992068521,0.445118974310739
"2019-12-12",-0.110835424780994,-0.117058416386961,-0.125407955681465,-0.138810398882739,-0.15415423833669,-0.136479467888067,-0.093854293286978,-0.0111248700176929,0.25739711411825,0.431992516362344
"2019-12-15",-0.11280667971397,-0.118602710436592,-0.126332805407208,-0.138572445924779,-0.151894734035483,-0.130438254765458,-0.0869077673229953,-0.00457289007932499,0.255921931381079,0.421899656590759
"2019-12-16",-0.114744499806344,-0.119619612309978,-0.126061713627914,-0.136036814791625,-0.145906267306866,-0.120015817288253,-0.076400890802395,0.00418801806341546,0.256626510770332,0.417726577293284
"2019-12-17",-0.14023089522236,-0.1430467462771,-0.146649548657856,-0.151765934278646,-0.154664500231696,-0.12164637540966,-0.0787896157947061,-0.0012291120508916,0.250831725827633,0.423960106872923
"2019-12-18",-0.155540312040185,-0.155483070727757,-0.155057711701312,-0.153058755157006,-0.144990542416901,-0.0971184796528454,-0.0530512052237961,0.0209627427979827,0.259267007947654,0.433030014133984
"2019-12-19",-0.145378928466209,-0.144794431331034,-0.143637346633455,-0.140372079829777,-0.130450007117283,-0.0806627604339354,-0.0369441073480206,0.0358196660017608,0.273035868947139,0.452005187744602
"2019-12-22",-0.107316519777289,-0.110382757900812,-0.114342872458663,-0.120112224968448,-0.124098651279987,-0.0930670019718609,-0.0508477596286758,0.0263071751702631,0.278544888396565,0.451999214641621
"2019-12-23",-0.0829083313638378,-0.0883503140893778,-0.0956332995286598,-0.107247120092165,-0.120165847852711,-0.100974597988783,-0.0596223093883207,0.0204424511549948,0.2844868836867,0.460564144098321
"2019-12-24",-0.105465469016277,-0.110828083225688,-0.118025428058184,-0.129575835887246,-0.14271568029505,-0.125713146836913,-0.0862052571812406,-0.00861400195337553,0.251948135559362,0.428729287878335
"2019-12-25",-0.104459391069383,-0.110156488423598,-0.117795909067525,-0.130034133820647,-0.143889522268536,-0.12569834125002,-0.0840641443346727,-0.00287211715208074,0.266134934311636,0.445875732005442
"2019-12-26",-0.0728163676285656,-0.0806579279398417,-0.091270213179549,-0.108654487546959,-0.130129954755257,-0.121423201956934,-0.0807159243109224,0.00117951316730996,0.266763995581964,0.435408190940187
"2019-12-29",-0.0788579681600595,-0.0875054977994101,-0.0991825388654309,-0.118233388088564,-0.141562518838839,-0.131989987672429,-0.0889588426748723,-0.00420374975940385,0.25940350348916,0.419232990209789
"2019-12-30",-0.099198491736581,-0.107321087438846,-0.118236898946387,-0.135858720867298,-0.156693865312255,-0.142236952304032,-0.0976887263406627,-0.0124305939994376,0.24651283289533,0.400976234737953
"2019-12-31",-0.106668684322611,-0.11525267534596,-0.126808322473588,-0.145539410672067,-0.168029573168785,-0.155775875057188,-0.111603297595092,-0.0264627454079662,0.231592853950925,0.384460142626292
"2020-01-01",-0.10856497945265,-0.117385719518046,-0.129282053910724,-0.148645648274178,-0.172226864479381,-0.162205772996409,-0.118937868642784,-0.0346418386751755,0.222451848437845,0.375126402187461
"2020-01-02",-0.110211414542128,-0.11812441415617,-0.128794708831604,-0.146144566898351,-0.167121636921173,-0.155847723221823,-0.113941041093624,-0.031908977804967,0.224218597270107,0.380909061595314
"2020-01-05",-0.105656747777208,-0.11262812658108,-0.122023942863675,-0.137269571540952,-0.155472273644173,-0.142304966653656,-0.101091791250582,-0.0199000627731554,0.242151927124997,0.409538798182276
"2020-01-06",-0.101575827713009,-0.106800001992192,-0.113766102095926,-0.124781409954261,-0.13664198031819,-0.115299484765175,-0.073233344597111,0.0071082320008658,0.268764706135848,0.44164939558614
"2020-01-07",-0.0904553679767628,-0.0971901870266039,-0.106252275760939,-0.1209015364837,-0.138161745613491,-0.123612879058334,-0.0822371217983799,-0.00137635888796334,0.258335929718586,0.423896184910824
"2020-01-08",-0.105882136872638,-0.111019042938154,-0.117825886404089,-0.128435866129762,-0.139238852924485,-0.114167026476799,-0.0700365324142525,0.0121351931736031,0.271248558944362,0.437339435169574
"2020-01-09",-0.11798247161365,-0.12259311589483,-0.128655031229644,-0.137922112381579,-0.14653832988565,-0.117534635323981,-0.0719740853585776,0.0116398289234618,0.27451804105859,0.44405944009221
"2020-01-12",-0.135865039543117,-0.137653650796859,-0.139784192720534,-0.142188906274316,-0.140496789529597,-0.0987239522278001,-0.0528506020801526,0.0268030758281051,0.277987725370177,0.448553091382903
"2020-01-13",-0.118188513370179,-0.121382372042697,-0.125487620964312,-0.131397000892599,-0.135173674963598,-0.101292496859917,-0.0565459308615676,0.0240901927208979,0.281427361794628,0.453761542069164
"2020-01-14",-0.109462607465363,-0.113507176071665,-0.118811534868204,-0.126861439617379,-0.134021729737583,-0.10525172656816,-0.0613892984738327,0.0196765050394569,0.281400538163211,0.456265872134155
"2020-01-15",-0.157188086373924,-0.157299797943089,-0.15709730014154,-0.155440188145546,-0.147683820978385,-0.0985193562183914,-0.0523745128115788,0.0256943823302622,0.278765776241239,0.463954827667031
"2020-01-16",-0.11060539444772,-0.114963868683907,-0.120712347233448,-0.129559310345513,-0.137985003125947,-0.110999339198484,-0.0671821171252327,0.0147926568020436,0.282166427688852,0.461942921221637
"2020-01-19",-0.113760953330638,-0.117761194307286,-0.122980006340096,-0.130796229441952,-0.137279980734156,-0.105456262786993,-0.059197591403725,0.0254439344445194,0.296304449665791,0.476222910903898
"2020-01-20",-0.112200336766458,-0.116655561276831,-0.122556226660975,-0.13172978206896,-0.140876003412737,-0.116267695021821,-0.0739906025311716,0.00595218746312975,0.269214339045283,0.447409354464082
"2020-01-21",-0.109774884018703,-0.114499698093126,-0.120757414568615,-0.130491278325281,-0.14025486913807,-0.115166960812637,-0.0718311285608255,0.00959822875019362,0.273300953424184,0.448102167324175
"2020-01-22",-0.10698094816144,-0.112413451731358,-0.119699861866128,-0.131378496067875,-0.144620794325515,-0.127358324227712,-0.0876443389995504,-0.01006728263826,0.24770323167795,0.420479318178446
"2020-01-23",-0.108870061702178,-0.113881038604596,-0.12057912282783,-0.131228079039176,-0.142921109677824,-0.123845715409076,-0.0843127064588191,-0.00792057916517197,0.244945963244449,0.414742417938044
"2020-01-26",-0.102385054186346,-0.10920147897336,-0.118446261033023,-0.13365213687984,-0.152618861791082,-0.145423613234046,-0.109127271534781,-0.0346573544568443,0.215787657347537,0.381339320555439
"2020-01-27",-0.144239816651771,-0.147608783084364,-0.152025418549769,-0.158713713547106,-0.164542719645209,-0.138801950949864,-0.0997357371201338,-0.026620738680325,0.217331878366127,0.387217163210645
"2020-01-28",-0.145426441257903,-0.148099085899375,-0.151557866718442,-0.156617938490442,-0.160173051136761,-0.132814761774663,-0.0949691600122805,-0.0247737987888355,0.212121527062571,0.381384135758228
"2020-01-29",-0.148774243190975,-0.153255132856349,-0.159227616946602,-0.168655160023255,-0.178684514277897,-0.158664515193495,-0.120233753770419,-0.0462573069093074,0.20073686714775,0.369241122829577
"2020-01-30",-0.15270362386407,-0.158048630552738,-0.16520747929124,-0.176643662449326,-0.189447559323109,-0.1711698734175,-0.130966448450046,-0.0528470146945104,0.205844022060963,0.378986646117504
"2020-02-02",-0.149554469317117,-0.155346560723577,-0.163126158576959,-0.175636585789783,-0.19000511171398,-0.173129537855073,-0.132212898388343,-0.0519049833466873,0.215268118388676,0.394093728005728
"2020-02-03",-0.125821630394518,-0.132634704812947,-0.141848929582358,-0.156906524216952,-0.175262571686185,-0.164346588038768,-0.124564000579252,-0.0441864387907234,0.22519449899984,0.404055248707345
"2020-02-04",-0.14881455750886,-0.152896765650041,-0.158283601874558,-0.166578072784204,-0.174453008296809,-0.148299430401618,-0.10572780066801,-0.0252927904419513,0.243315309874757,0.429216180242432
"2020-02-05",-0.154056072521908,-0.155982022412099,-0.15834304723769,-0.161284131954256,-0.160881506699014,-0.123462792556208,-0.0800653187371016,-0.00279738283657804,0.250689989766885,0.430126242666058
"2020-02-06",-0.120940327526082,-0.126383387565427,-0.133701240255577,-0.145491755023068,-0.159105979587876,-0.143447906362775,-0.104750244239567,-0.0282314591605184,0.229847078065951,0.405264914128859
"2020-02-09",-0.117697627213712,-0.125318766958466,-0.13565504896701,-0.152664304683113,-0.173965865604163,-0.16737667560885,-0.128904301267082,-0.0502420613187536,0.20964634900293,0.377480695404508
"2020-02-10",-0.130566780190705,-0.135949276496891,-0.143116616554664,-0.154424361561568,-0.166562793989835,-0.145435724023063,-0.104090438695948,-0.0263601376479353,0.218064863474906,0.373043985730238
"2020-02-11",-0.125801350656723,-0.131737940472512,-0.139670025414181,-0.15228626436894,-0.166281196083053,-0.146592043549608,-0.104259173754614,-0.0238808410680528,0.229651232635889,0.390056252075072
"2020-02-12",-0.106895379510434,-0.114991085343301,-0.125904416600943,-0.143636629520375,-0.165018665992834,-0.152974709922392,-0.109608667322025,-0.0248378310383807,0.239908971446837,0.402063034293414
"2020-02-13",-0.117504929329659,-0.123707542458193,-0.131999787358911,-0.145208137912602,-0.159954174336383,-0.140285621064812,-0.0970177908991192,-0.0148187092508691,0.243640025774992,0.406351737505897
"2020-02-16",-0.117291037909414,-0.123331585778037,-0.131446561868205,-0.144511253762735,-0.159639500340431,-0.143913024745246,-0.103864488912744,-0.0257840866362088,0.227898190397044,0.392592311646563
"2020-02-17",-0.119545325645681,-0.127144414954882,-0.137390956585244,-0.154046638453163,-0.174139828713553,-0.162628788837992,-0.121444789569234,-0.0406943185392223,0.21331151040491,0.370178225248384
"2020-02-18",-0.105346385735543,-0.11287223894017,-0.123080431488959,-0.139883093094395,-0.160943281889994,-0.154577094966556,-0.11670591560793,-0.0392139783271152,0.216919151907654,0.382356882407463
"2020-02-19",-0.126126592430699,-0.132944798543168,-0.142091998919796,-0.156788580371789,-0.173788583668387,-0.157513761166478,-0.115341703579157,-0.0345765751020855,0.216886879403952,0.372159121946908
"2020-02-20",-0.118485752968838,-0.126007198064739,-0.136203153701235,-0.152967294220556,-0.173933421685737,-0.167640498257567,-0.130343766824746,-0.0544940558436296,0.193016662500259,0.35057272609795
"2020-02-23",-0.120450690769154,-0.128736274242379,-0.139987927802038,-0.15856757286827,-0.182181991003443,-0.17898554411269,-0.141840500914929,-0.0655105860976575,0.181584968824373,0.336225428217034
"2020-02-24",-0.111507070057807,-0.125499101645022,-0.144562539920936,-0.176321763410338,-0.218180645931066,-0.229585777038775,-0.186144396315894,-0.0940203585654172,0.190397485061465,0.354917097765982
"2020-02-25",-0.137058788125121,-0.148051134928947,-0.16294045580291,-0.187420153901451,-0.218306476672641,-0.215162824820873,-0.169995949132139,-0.0795823616476186,0.196387258945582,0.358072097960997
"2020-02-26",-0.130644286608369,-0.143426424283887,-0.160857256264713,-0.189933786002953,-0.228275537115337,-0.237092828122996,-0.194179627945124,-0.10251388610538,0.189185425356813,0.364093920483576
"2020-02-27",-0.164660004831704,-0.17600112368469,-0.191542130548399,-0.217716942077171,-0.253100902921717,-0.266038062548874,-0.230047499402601,-0.148730552386116,0.126417494365528,0.300759719204041
"2020-03-01",-0.153536335195081,-0.168185639492507,-0.18806404712971,-0.220920187656997,-0.263371332398264,-0.270921917355364,-0.224464481463744,-0.130072220922398,0.146620277853542,0.299379548565444
"2020-03-02",-0.133102382033861,-0.147556582946368,-0.167246991983942,-0.200045600501561,-0.243284141564958,-0.255544818433666,-0.211491742332817,-0.118142727557953,0.168376770005689,0.332935835315574
"2020-03-03",-0.133623138945086,-0.153439932785675,-0.180387633573962,-0.225165738343547,-0.284171004649763,-0.306020058548791,-0.255226854978121,-0.148708858189211,0.15976357080907,0.325356510259999
"2020-03-04",-0.149038040811412,-0.162812851771696,-0.181528510610947,-0.212520224239857,-0.252605323406479,-0.257573227865935,-0.209531335462255,-0.110765213445717,0.190287745935826,0.36404894086706
"2020-03-05",-0.268289518506503,-0.274934134553934,-0.283827287193003,-0.298020392463534,-0.313919744332542,-0.292298383359535,-0.24441514798878,-0.152365235819465,0.144594637182627,0.337185688528166
"2020-03-08",-0.246595613460311,-0.257491840626237,-0.272207870188633,-0.296240870626028,-0.325869689030319,-0.316767403799365,-0.266521689474724,-0.167918259681821,0.132081392401388,0.308936231025738
"2020-03-09",-0.252516222050016,-0.256599856651441,-0.261725409458653,-0.268677239292501,-0.271429608050348,-0.222359843429718,-0.165771952081819,-0.0719658465022725,0.184675731552001,0.329854023914751
"2020-03-10",-0.227553572128062,-0.234015102261345,-0.242584355884644,-0.255989176869983,-0.269986810632598,-0.243190065989011,-0.193988816758336,-0.103802627419633,0.167647594325632,0.331909361489919
"2020-03-11",-0.244024640135477,-0.247607309435435,-0.252109254819532,-0.258218940919727,-0.260544952041399,-0.215111982295507,-0.161747640936772,-0.0712772635557848,0.188322379567377,0.34329496443678
"2020-03-12",-0.215204579732385,-0.217458708040963,-0.220083760953784,-0.222834765034289,-0.219865588357447,-0.167187900973613,-0.113825384786139,-0.0273226129362114,0.209799630418461,0.346779090663986
"2020-03-15",-0.246072268768046,-0.245695944759094,-0.244538173908563,-0.24027989833147,-0.225305359167072,-0.149072639123799,-0.0872547831218543,0.00540240878684467,0.240641126340676,0.370103263284331
"2020-03-16",-0.29355241333579,-0.288352929407198,-0.280499979421221,-0.264630314477701,-0.232441112617102,-0.135580224791443,-0.0733288901574363,0.0136296858010745,0.237280251596074,0.375923513474952
"2020-03-17",-0.249317214675499,-0.244506000632528,-0.237234573180384,-0.222521219159283,-0.192594285311046,-0.101790344158529,-0.0427791620439904,0.0405893145493472,0.260735279360974,0.40210099057544
"2020-03-18",-0.23671792377345,-0.23033144042331,-0.220631009206749,-0.200877114063776,-0.160499604901709,-0.0403291845937574,0.0337426902749971,0.131452364138362,0.348207628034158,0.458265670741786
"2020-03-19",-0.26786508355503,-0.258717749109715,-0.245179404673935,-0.218747987226382,-0.168375044096604,-0.0354287767459888,0.0398173963546243,0.135679307439179,0.346031541414096,0.450920716644727
"2020-03-22",-0.431545089290278,-0.416046806686318,-0.393369871218906,-0.349987496390569,-0.270521803284498,-0.0802683334406239,0.0155498516855657,0.126129890023581,0.330427297382883,0.421087271928885
"2020-03-23",-0.360669356620536,-0.350968723311341,-0.336616068960566,-0.308608668893899,-0.255268165693128,-0.114439345997927,-0.0343902819019939,0.0685547894593392,0.3055380963052,0.443198368994314
"2020-03-24",-0.355645090143156,-0.3469142508358,-0.333974609011574,-0.308648080079279,-0.260124277427835,-0.130035550397479,-0.0546687188795384,0.0439925527069053,0.280258810702266,0.425114123222334
"2020-03-25",-0.294724864695773,-0.290549337357969,-0.284131676684431,-0.270787352680952,-0.242390247805869,-0.148987153318047,-0.0843584239357643,0.0103919058865967,0.272334745069432,0.445477540827005
"2020-03-26",-0.19646559934394,-0.197050706721728,-0.197407728750702,-0.196381835430023,-0.188304843897862,-0.131175933504339,-0.0779923707987447,0.00900629411295656,0.265793521486815,0.431513603503628
"2020-03-29",-0.201719617361772,-0.201898909325575,-0.201673555108135,-0.199575312418981,-0.189703983996457,-0.129590271032049,-0.0759821335237893,0.0100628866081672,0.257898342787598,0.414462936009222
"2020-03-30",-0.155839928657416,-0.158920251665874,-0.162801330265182,-0.168090162005968,-0.170082770212288,-0.128691791647323,-0.0786633948786281,0.00885605913493787,0.277478089945427,0.450915551594897
"2020-03-31",-0.0970473443324945,-0.104913715328067,-0.115480112483642,-0.132510255132458,-0.152471011316611,-0.136255038472711,-0.0903352352526372,-0.00219737485733845,0.270069761701315,0.436092981142148
"2020-04-01",-0.114845283956529,-0.121626281711222,-0.130742625678986,-0.145450525649409,-0.162657272062134,-0.147041550895522,-0.10455637931797,-0.0218589653384018,0.243099983774873,0.411833616878772
"2020-04-02",-0.0502095396003113,-0.0633730231931097,-0.0811938881838208,-0.110496276993412,-0.147718260388065,-0.149136952279614,-0.102695767745331,-0.0104840513722821,0.258193161444182,0.406957433807385
"2020-04-05",-0.0977054217342565,-0.104230067963257,-0.112930603814077,-0.126714796453984,-0.141838684335574,-0.119896780892403,-0.0741706174611155,0.0113562190923988,0.273713570610518,0.434711761217493
"2020-04-06",-0.0880000846664815,-0.0958649657272118,-0.106466506904295,-0.123679845273457,-0.144318447468975,-0.130723173879199,-0.0859348996185273,0.00206809516397155,0.282712890571891,0.459206853135803
"2020-04-07",-0.0886480061146815,-0.0969324348796663,-0.108033181924425,-0.125832788234443,-0.146365791395596,-0.127514990266813,-0.0785154862708626,0.0140520504509855,0.293663120871015,0.460479501649804
"2020-04-08",-0.0991387592112798,-0.107855112185456,-0.11944731022448,-0.137735989856555,-0.157725476077723,-0.131453481811362,-0.0767108026141582,0.0224511519160569,0.305897351250516,0.46657966960316
"2020-04-09",-0.174697804849743,-0.178787765524516,-0.18395822099301,-0.191098482020482,-0.19443973384681,-0.146518781510826,-0.089043327366096,0.00877612570204273,0.289777862373967,0.45729232318573
"2020-04-12",-0.156298952274998,-0.162294994963904,-0.170064572548347,-0.181558148808758,-0.190833259633225,-0.147496829954079,-0.0882429406503886,0.0134757455333674,0.298289600291139,0.460725400734195
"2020-04-13",-0.121784160123677,-0.129780261986604,-0.140305321445934,-0.15651375894832,-0.172595588337752,-0.136943200408654,-0.0778572691962484,0.0255133393459851,0.312439136756128,0.472042924221401
"2020-04-14",-0.108110637571602,-0.116343736966167,-0.127211997041569,-0.144065010830206,-0.161285674970737,-0.128127132587786,-0.0701644097488724,0.0320282673733998,0.317123605256603,0.476046089515337
"2020-04-15",-0.110252724862279,-0.118756943244051,-0.130094915738057,-0.148068659384006,-0.167966930385041,-0.142622072180379,-0.0877789789061797,0.013487575107639,0.313250019973274,0.4895509047568
"2020-04-16",-0.121506491108626,-0.126882960701493,-0.133916591528542,-0.1445446772616,-0.15392621150493,-0.117349300065679,-0.0628091342781288,0.0354408225385656,0.335549723869373,0.523438328932432
"2020-04-19",-0.120730445325099,-0.126387376231646,-0.133814270818779,-0.145140354939449,-0.155631562745405,-0.121081806909104,-0.0674709399596836,0.0294185263993053,0.324111563339495,0.506996221865265
"2020-04-20",-0.115948492009427,-0.122189578752615,-0.130417406131967,-0.143103088951084,-0.155535460477124,-0.12336256439187,-0.0703179728252401,0.0255834830986986,0.312675242784126,0.486667345647076
"2020-04-21",-0.119057983987632,-0.125520758512214,-0.134100619757634,-0.147549800040281,-0.161676199275668,-0.134926136948086,-0.0851601521055537,0.00678088865121973,0.2876811848029,0.460471593185317
"2020-04-22",-0.129078348022631,-0.13561726437862,-0.144240509321986,-0.157556807436531,-0.170769352899855,-0.139299577076577,-0.0867017898909616,0.00762076814028695,0.283790874904474,0.44677365795977
"2020-04-23",-0.13980613248343,-0.147656007683942,-0.158019208123145,-0.1740850784305,-0.19043825178676,-0.157703646179495,-0.100849183056907,-0.000104689910891131,0.284480619986172,0.445375445185468
"2020-04-26",-0.140856732460148,-0.149417319174105,-0.160775513954904,-0.178590812967873,-0.197588567955457,-0.167776571345415,-0.110220028273938,-0.00645721427641927,0.291305666934725,0.461520361013386
"2020-04-27",-0.121252108627875,-0.133198439153201,-0.149143967951094,-0.174558578010151,-0.203718850639489,-0.18201834451187,-0.122781779508922,-0.0159001533646893,0.275464452230771,0.430855660908643
"2020-04-28",-0.141985193327552,-0.151574804608379,-0.164308835180762,-0.1843435649073,-0.206116876318997,-0.177818426277776,-0.119652738265788,-0.0157829475636709,0.272880866467304,0.431717326655369
"2020-04-29",-0.142283153260479,-0.152274401207042,-0.1655180569756,-0.186276768256628,-0.208571063434214,-0.177988073259538,-0.117358595101838,-0.0102653996804131,0.282397484335352,0.440854873579918
"2020-04-30",-0.0791653241763502,-0.0923694042692481,-0.110109585195698,-0.138800215793383,-0.173386741250885,-0.161163451767945,-0.104471823917804,0.00168441439657929,0.298866769632783,0.459750038165599
"2020-05-03",-0.128498649262174,-0.137085019159938,-0.148498956532947,-0.16648298482379,-0.186017345657213,-0.158899794119097,-0.103616725086671,-0.00342722776268567,0.284392678348491,0.448635374793851
"2020-05-04",-0.0771960656150475,-0.0902621986477072,-0.107835471496202,-0.136317428067048,-0.170865362708311,-0.159903300401674,-0.104214252884816,0.000898954345493586,0.298097669415189,0.460401390445073
"2020-05-05",-0.0771960656150475,-0.0902621986477072,-0.107835471496202,-0.136317428067048,-0.170865362708311,-0.159903300401674,-0.104214252884816,0.000898954345493586,0.298097669415189,0.460401390445073
"2020-05-06",-0.119154069609166,-0.126984899556729,-0.137361245341846,-0.153578374885793,-0.170572879564579,-0.140351983091772,-0.084500990861271,0.0163137722333829,0.309033427523813,0.479003173544791
"2020-05-07",-0.176074328332245,-0.180476418809466,-0.186065528453035,-0.19387808297487,-0.197995532086945,-0.149318162492039,-0.0899025273774696,0.0116289790635942,0.304181227383588,0.478826045746642
"2020-05-10",-0.123573986296708,-0.131757149656694,-0.142555356877719,-0.159275240889515,-0.176194550639858,-0.141175477198267,-0.0809963695121625,0.0256347603236313,0.327540306040584,0.49877907841
"2020-05-11",-0.111462844387495,-0.121514427736434,-0.134908965459111,-0.156151392317063,-0.179915295613966,-0.154801596940088,-0.0970774961084387,0.00761150123722493,0.302805002105857,0.466952670832017
"2020-05-12",-0.112940796365018,-0.121959188208239,-0.133923211217191,-0.152692394006439,-0.172785457876399,-0.142847432638276,-0.0843364759465995,0.0205165065715607,0.316805216647384,0.483222436674201
"2020-05-13",-0.117508902621361,-0.125739558639503,-0.136664052960375,-0.153808734845537,-0.172097026739251,-0.142966258487814,-0.0867138032167329,0.0151705162464033,0.310531395781124,0.481287522861686
"2020-05-14",-0.134233081172052,-0.141747379658651,-0.151645248650441,-0.166895571386807,-0.181939456907752,-0.146050815643472,-0.0867774767972731,0.0184901897934833,0.32088607591139,0.495679683339521
"2020-05-17",-0.102600245394002,-0.114250620820877,-0.129828282955697,-0.154732829741436,-0.183473435514645,-0.161521337130881,-0.101053640240244,0.00990483726460384,0.322648171513453,0.495307137625724
"2020-05-18",-0.118919850795314,-0.128317082281875,-0.14081154251654,-0.160513628161848,-0.182018381948042,-0.153657479322871,-0.0947975549137763,0.01160950030783,0.314672026841914,0.485834141995208
"2020-05-19",-0.13713515977559,-0.144473523601586,-0.154137237626009,-0.169019498459732,-0.183680062156129,-0.14865354918339,-0.0909584508278455,0.0113118862193924,0.304033221886376,0.472577213748921
"2020-05-20",-0.129143625636342,-0.137456448966776,-0.148434829666268,-0.165474800377076,-0.182943375000466,-0.14969533702968,-0.0911781109060191,0.0122471254590287,0.301917516034056,0.464018260453202
"2020-05-21",-0.114874538017003,-0.126161429946552,-0.141173172902412,-0.164899692586476,-0.191272023157521,-0.164082642961192,-0.102395031105239,0.00742523786083471,0.305911169604404,0.465647585194155
"2020-05-24",-0.143738896075311,-0.152051680116038,-0.163003178925464,-0.179898269906394,-0.196752612006813,-0.159792982989063,-0.0978974879441895,0.0110390756040041,0.316705631252523,0.488651505031434
"2020-05-25",-0.111215026659719,-0.12174308236206,-0.135799153244626,-0.158181666929533,-0.1835574395863,-0.159144576649697,-0.099588094836112,0.00960012178192549,0.321805323928582,0.497608567897821
"2020-05-26",-0.0977224663875155,-0.106543079875694,-0.118362747647762,-0.137315252661588,-0.159168490392815,-0.138875027420287,-0.0863600270273659,0.0129503956536897,0.313790829647571,0.493883399724251
"2020-05-27",-0.136823061036006,-0.144789428242142,-0.155342683175178,-0.171822866509441,-0.189012465016844,-0.157339578134575,-0.0994038916275853,0.00534143599844494,0.31123778628032,0.490131690427001
"2020-05-28",-0.125156230541055,-0.132901976151789,-0.143173636145751,-0.159245243902544,-0.176086251884143,-0.145032243140821,-0.0876150728984625,0.0171353037986254,0.328582776110727,0.514336344214157
"2020-05-31",-0.133408141075395,-0.140486773129209,-0.149851757109462,-0.164413129663143,-0.179212264106885,-0.14645332331777,-0.0892939563235526,0.0150799798752486,0.330255629707694,0.522375594067079
"2020-06-01",-0.113114438334883,-0.122462794177652,-0.134949425455537,-0.154829845258755,-0.177201467625963,-0.152065601146412,-0.0940328641801416,0.0138899908918967,0.33478645227418,0.523865554678384
"2020-06-02",-0.107234863403014,-0.117240229362618,-0.130570377959215,-0.151688016543669,-0.175136110519219,-0.147685899218054,-0.0870505675574382,0.0235090778183775,0.340835266223122,0.521026857118714
"2020-06-03",-0.123169446189911,-0.129977613982032,-0.138859843605258,-0.152220270205001,-0.163948765665752,-0.120393503167901,-0.0569793799226176,0.053856488820492,0.371362262796048,0.556160624932023
"2020-06-04",-0.117748263650371,-0.12426440040647,-0.132755344681586,-0.145483879834043,-0.156434316662253,-0.112729818399127,-0.0498971999809474,0.0600904739908039,0.377483193559154,0.563991292414468
"2020-06-07",-0.130245127843772,-0.134905362817465,-0.140888061141096,-0.149491467688771,-0.155085482847742,-0.108569770421933,-0.0481525001464211,0.0581747379355151,0.379889613403806,0.582028293724105
"2020-06-08",-0.125610907291139,-0.132241675058837,-0.14095456874506,-0.154278060646086,-0.166835170447008,-0.128733211713765,-0.068799116874604,0.03898150990386,0.36172364915207,0.558136644429432
"2020-06-09",-0.124113324419772,-0.129316940439538,-0.136111924636731,-0.146325159004068,-0.155050001866174,-0.116842746296466,-0.0608960050056267,0.0402720826723011,0.353968270950223,0.55430242362608
"2020-06-10",-0.121847230940962,-0.128572710608079,-0.137483672345745,-0.151379657710974,-0.165620301132503,-0.134473197334923,-0.0791929462027897,0.0228952958000272,0.338005287575889,0.534821901959096
"2020-06-11",-0.126485390219985,-0.133198391159578,-0.142064261730818,-0.155785386372306,-0.169406241226984,-0.135259031922563,-0.0777322395381819,0.0274233923399494,0.348568301270453,0.547453858340027
"2020-06-14",-0.13281683525899,-0.139522553095347,-0.148389810368083,-0.16215205896607,-0.175969363010621,-0.142771033454131,-0.0858280436456407,0.0187879665543855,0.340578993039598,0.541265902945908
"2020-06-15",-0.123308710284499,-0.130357201989564,-0.139685064042952,-0.154193859698801,-0.168927430556555,-0.135695465648397,-0.0777078113394199,0.028693586323778,0.353608902526631,0.554264344425277
"2020-06-16",-0.118351086727042,-0.126841097049462,-0.138113814967609,-0.155805585124721,-0.174585894322425,-0.142485492225867,-0.0813208420565976,0.0305844421889536,0.363272370824668,0.561295912733061
"2020-06-17",-0.127600305475226,-0.134917964987587,-0.144588638578632,-0.15958180072826,-0.174602706745986,-0.138713614661903,-0.0774753146005204,0.0343779269369257,0.374241553865984,0.58326055949998
"2020-06-18",-0.131106530079787,-0.13808601478756,-0.147302440637849,-0.161559652707659,-0.175676132921368,-0.139777237675067,-0.0794966086565087,0.0307603380628595,0.368255157804093,0.577882591519059
"2020-06-21",-0.137106318463775,-0.14360153795101,-0.152169007338889,-0.165378423583235,-0.178208475411296,-0.142097172753596,-0.0827779422545513,0.0262105047090027,0.365392662945925,0.58062939163765
"2020-06-22",-0.12256396584157,-0.130081694320717,-0.140111947205341,-0.156004814440911,-0.17332821174234,-0.145328852726355,-0.0883307698706044,0.0198948149346755,0.365119777226702,0.587171698144888
"2020-06-23",-0.144345389642928,-0.149232317629852,-0.155629628011792,-0.165286690178166,-0.173596917729947,-0.136049046438361,-0.0798159534183562,0.0245480327069191,0.367048608427791,0.601013912271761
"2020-06-24",-0.124833693622602,-0.130337201897287,-0.137606139596369,-0.148828402985441,-0.159650572242286,-0.126188960193555,-0.0709710588193815,0.0330397220659426,0.376337543588174,0.610205070080204
"2020-06-25",-0.117197736029283,-0.123858601692743,-0.132738337987621,-0.146767108421972,-0.161786195938036,-0.133414564643528,-0.078226877499583,0.0275131505785419,0.375565407753246,0.608713127851691
"2020-06-28",-0.114258634300451,-0.121480608071739,-0.131120846063704,-0.146404956055159,-0.163051338611809,-0.135232785214299,-0.0787867949680928,0.0292081353811557,0.380079206588288,0.610789987015355
"2020-06-29",-0.122499890902714,-0.129224781314209,-0.138087996304098,-0.151728103955008,-0.16487673184304,-0.126942295008025,-0.065261080813741,0.0476840428126435,0.39735907522164,0.618077871203836
"2020-06-30",-0.143640575854274,-0.14907246961606,-0.156059918414104,-0.166168856595787,-0.173070641700416,-0.121722145761892,-0.0544308318381521,0.0636063910245865,0.41668298782717,0.635235485074654
"2020-07-01",-0.0947454370268676,-0.102102468278741,-0.111879142439178,-0.127219888179824,-0.143263142142885,-0.110190203914049,-0.0490438412807935,0.0660094469830336,0.433318449752408,0.671370789500028
"2020-07-02",-0.107322392889725,-0.115504144533274,-0.126403531943055,-0.143620902053558,-0.16222820498099,-0.131543734808399,-0.0704324171929444,0.0442502067342607,0.402005900521147,0.626476828256811
"2020-07-05",-0.103424669798512,-0.110814616565307,-0.120622703123616,-0.135972657139039,-0.151891577070367,-0.118283353713315,-0.0572136594124887,0.0567619924414313,0.415247784676061,0.64378878990664
"2020-07-06",-0.0966069381289767,-0.104602362705837,-0.115252677963595,-0.132071077307698,-0.150207694323729,-0.119683552698133,-0.0592485151298644,0.0543176029118877,0.410134943004826,0.634613334212142
"2020-07-07",-0.104605416182816,-0.111676457838973,-0.121121150665187,-0.136120083683632,-0.152582000946276,-0.126605475902089,-0.0727427256862426,0.0303050513108002,0.363502771213707,0.581040072197893
"2020-07-08",-0.11052728426938,-0.118415010519993,-0.12890909000956,-0.145444014659937,-0.1631889461207,-0.133508591745401,-0.0754240588733253,0.0324908633645298,0.362755283879266,0.565643564685124
"2020-07-09",-0.135278519903061,-0.141313517322753,-0.149252626943816,-0.161409541077274,-0.172823313192792,-0.135995884840819,-0.0776857831390197,0.0291506476293527,0.362925436343092,0.576404582544028
"2020-07-12",-0.0940685865165831,-0.103460989321291,-0.116005082541011,-0.13595844471663,-0.158244141058283,-0.130410950260435,-0.0685672078168305,0.0472462644782735,0.399218594926334,0.61218195630987
"2020-07-13",-0.0994333232699167,-0.108287358925083,-0.120106973769616,-0.138878943525443,-0.159663147210286,-0.131169002315519,-0.0700408457755657,0.0448380567416677,0.399022683518704,0.617285531261141
"2020-07-14",-0.106665610302843,-0.11537159590248,-0.127001480619225,-0.145495697911081,-0.166034538567711,-0.137919152206607,-0.0771108845631843,0.0378516750480716,0.39654059324612,0.620541081476095
"2020-07-15",-0.0997128849666894,-0.109184513922982,-0.121892578714804,-0.142308270421683,-0.16587492562031,-0.142295758654764,-0.0822464778002613,0.0331619461929996,0.396272427845138,0.623368151096665
"2020-07-16",-0.0987093292552201,-0.108204978585032,-0.120955721429462,-0.141479992058915,-0.165350776515354,-0.143245932251807,-0.0845002537649551,0.0287240684523266,0.384874693105442,0.60713889304776
"2020-07-19",-0.0974370374588661,-0.107557153066979,-0.121152382623577,-0.143065738367974,-0.168729692343536,-0.147319237400089,-0.0873582814241504,0.0280079077994543,0.386804962654109,0.607369614772747
"2020-07-20",-0.0964132870099013,-0.106420880986576,-0.119897635935152,-0.141735867137554,-0.167768331741476,-0.149717926466695,-0.0925797998167252,0.0189000088058159,0.370676315856314,0.589544117422049
"2020-07-21",-0.106547295094566,-0.114781531820986,-0.12580328288178,-0.143404719324396,-0.163219082568961,-0.137919633561895,-0.0806770878398706,0.028885781431783,0.377420616847525,0.599498939718578
"2020-07-22",-0.112867125287263,-0.121282349652475,-0.132534343111899,-0.150464819577753,-0.170524224022573,-0.14428979531803,-0.0861124128358152,0.0243833210416463,0.371090703664666,0.588733919812231
"2020-07-23",-0.100574917221148,-0.109446222879784,-0.121344648109531,-0.140440963336325,-0.162384023034826,-0.139196122297731,-0.0816668594650445,0.028935681251417,0.378652602193003,0.59889055567882
"2020-07-26",-0.0817685799305703,-0.092583416986425,-0.10713740310371,-0.130699110067937,-0.158787337280254,-0.140642747678709,-0.0815146540604494,0.0327854894733537,0.385133544430945,0.598445635273183
"2020-07-27",-0.0917694199935575,-0.100698874576793,-0.112645060186869,-0.131716921036713,-0.153274504187905,-0.12819735104181,-0.0699492360465567,0.0402245768882665,0.379901873233674,0.588355496954709
"2020-07-28",-0.0947916041202699,-0.103709303841324,-0.115645093676568,-0.13472281655674,-0.156400661619858,-0.132500191793479,-0.0755837139471642,0.0320922255155529,0.362814808994456,0.564654746925127
"2020-07-29",-0.0973705685565656,-0.107069965692689,-0.120074384964217,-0.140951389640961,-0.165116919593545,-0.143362641836863,-0.0859167203297697,0.0230729863024873,0.354599908014144,0.553819127741411
"2020-07-30",-0.0933965632333305,-0.103598268097441,-0.117284218597645,-0.139291307178896,-0.164957682933671,-0.144162386123065,-0.0861260613192164,0.0239558573230783,0.356069071961782,0.553394994965075
"2020-08-02",-0.0991844242991956,-0.10818484522411,-0.12019917767237,-0.139288278420719,-0.160527057372275,-0.133379491769167,-0.0738739664697529,0.0372480779659463,0.373686183407395,0.576518555555051
"2020-08-03",-0.0831647553828305,-0.092616312990808,-0.105340102099409,-0.125941428172554,-0.150419767764859,-0.132607080716896,-0.0778448626034853,0.0288949682721964,0.366215593634994,0.576658992440822
"2020-08-04",-0.0869946481703863,-0.0967976631598535,-0.110019098690937,-0.131519183840115,-0.157474349330232,-0.142495703512529,-0.0889630688697933,0.0162632441006513,0.349086341091251,0.555919482211556
"2020-08-05",-0.0783382106799295,-0.0873696207110656,-0.0995441827923334,-0.119309371868833,-0.142969075668777,-0.126622599177465,-0.0740922096598347,0.0293732293497966,0.362067572653283,0.573466257875228
"2020-08-06",-0.0544628703901801,-0.0668091406436681,-0.0835360394556777,-0.111036417864224,-0.145640616333228,-0.140106848223886,-0.0863486959186754,0.0217109405866921,0.357993937146808,0.55977288070586
"2020-08-09",-0.0791364191289889,-0.0895399145210795,-0.103569724759129,-0.126388081471364,-0.154011786479349,-0.13961038829195,-0.0850269457707717,0.0218073555501269,0.354655996898423,0.557683488845091
"2020-08-10",-0.0598910683534655,-0.0692475469122673,-0.0818783729526172,-0.102452049097376,-0.127372307994967,-0.112886041656042,-0.0606916463561532,0.0428364313186422,0.376468880337646,0.588222653313133
"2020-08-11",-0.0734487092536237,-0.0814429046597508,-0.0921449440897004,-0.109242917531383,-0.12852902097146,-0.10438804373345,-0.0493077367001346,0.0560919164097128,0.390688780934704,0.603274870341461
"2020-08-12",-0.069226134087897,-0.0776332820349313,-0.088927303873342,-0.107113606828904,-0.128218142053332,-0.107152060411407,-0.052629418907899,0.0533658331124891,0.394630690058551,0.613677290938777
"2020-08-13",-0.0770512279686166,-0.0837488436112828,-0.092632229059776,-0.10650760197572,-0.120739916148568,-0.0885085713085476,-0.0310083063368887,0.076615131983408,0.418989524325781,0.640540812131593
"2020-08-16",-0.064378532887704,-0.0737494817871765,-0.0863227439028046,-0.106527362428314,-0.129903420615447,-0.107427054533275,-0.0492166407845531,0.0624033130974372,0.410919925330515,0.626823465623619
"2020-08-17",-0.067144949084122,-0.0766540681783994,-0.0894434698190756,-0.110104409769319,-0.13443852458802,-0.114537266264976,-0.0574482868916073,0.0534836921533794,0.404879690903104,0.625262642454911
"2020-08-18",-0.0903588001740754,-0.0965782886446125,-0.104884845970894,-0.118057059538179,-0.13231798490013,-0.106190417462173,-0.0540112422017829,0.0472809842366184,0.389098443185877,0.624660411295276
"2020-08-19",-0.0920472098931714,-0.0991176566681577,-0.108561897766002,-0.123556641919603,-0.139966769582704,-0.113131191575375,-0.0579815794321942,0.0479334259908726,0.394137724307625,0.62324458664554
"2020-08-20",-0.0814786295757038,-0.0896880642549553,-0.100705556111812,-0.118401659999516,-0.138716411567073,-0.11595139331834,-0.0603247052384975,0.0476674350759089,0.397597178993723,0.624523176420559
"2020-08-23",-0.0790975332521426,-0.0863721842714834,-0.0961692342966804,-0.112013464629413,-0.130542037088908,-0.111165460410014,-0.0604482484843333,0.0407838070142147,0.386240869529497,0.623685952637119
"2020-08-24",-0.0861161491195628,-0.0920516497577219,-0.0999734250311271,-0.112514049154031,-0.125992010871789,-0.100193001904465,-0.0495367214918325,0.0486628805322765,0.380286726747001,0.60931125093169
"2020-08-25",-0.0840593608699617,-0.0906423306164493,-0.0994135765254398,-0.113256224231501,-0.128029970013114,-0.0999166819559222,-0.045622776592398,0.0579998438785476,0.396525208594854,0.621356507461422
"2020-08-26",-0.0806803674011925,-0.0881199534864727,-0.0980371489993515,-0.11372292501514,-0.13073249737561,-0.102839963415319,-0.0468133560137688,0.058880890593527,0.391987101181972,0.603397852530161
"2020-08-27",-0.0889575625524592,-0.0940970939385899,-0.10081472258522,-0.110925462390243,-0.119555340309328,-0.0806335175306673,-0.0231513376658188,0.0821311429430567,0.418052205851622,0.639994125625189
"2020-08-30",-0.103807708307156,-0.107831031448029,-0.113043037552099,-0.120695118752926,-0.12624687490014,-0.0870893912344279,-0.0327710931254637,0.0672191590294361,0.39775838231849,0.627699005665157
"2020-08-31",-0.0963189277925348,-0.102048062282506,-0.109618528254001,-0.12132585900261,-0.132745678172854,-0.0995660609977459,-0.0442735039481179,0.0593468310385723,0.396141584487261,0.621089277132003
"2020-09-01",-0.0848246272510125,-0.0908700229543858,-0.0989185052654042,-0.111587229156303,-0.124901849942418,-0.0965331829927821,-0.0433863146909306,0.0586567832810261,0.399346771876673,0.632193549844524
"2020-09-02",-0.0797562447822242,-0.0873779088701787,-0.0976037282406147,-0.114010674329839,-0.132723085554241,-0.109906081817353,-0.056013512517457,0.0489999561066661,0.394241152817894,0.622393882405122
"2020-09-03",-0.129221523514513,-0.132738054070855,-0.137216080848331,-0.143490008569283,-0.146612479054246,-0.102232227219028,-0.0456781011965598,0.0564628380548228,0.389272656479557,0.619231456423924
"2020-09-06",-0.116523942508249,-0.121948765518317,-0.129049032565762,-0.13977462095062,-0.149119261038461,-0.109597704900426,-0.050485093874471,0.0578569565280028,0.402660628476318,0.629456893843731
"2020-09-07",-0.106990601641974,-0.112964130184906,-0.120850839853953,-0.133026827549539,-0.144846185524369,-0.110347982856548,-0.0533550547681936,0.0527468412941489,0.392972398262664,0.616671781180694
"2020-09-08",-0.111355512194024,-0.116989549158174,-0.124448538767973,-0.136032824860481,-0.147523710442941,-0.115865124268988,-0.0618279965308117,0.0403415895983344,0.37733451538326,0.606011639047775
"2020-09-09",-0.101706278223436,-0.107662055161654,-0.115581251325361,-0.128008954769253,-0.140904985249418,-0.111673875832788,-0.0581829917470391,0.0441622022390162,0.385053963889775,0.617797947956721
"2020-09-10",-0.109801121117722,-0.115748232815037,-0.123626963816267,-0.135889533950773,-0.148215337687492,-0.116734339722204,-0.0621653261277474,0.0405317909606723,0.374042160107991,0.595805783050855
"2020-09-13",-0.111115274370841,-0.117846637436396,-0.12680631004905,-0.140917215180356,-0.155888768526004,-0.127055474299867,-0.072116205306419,0.031918135479489,0.366626417488996,0.585086057829606
"2020-09-14",-0.11279532065843,-0.119345388148565,-0.128078645978719,-0.14188230977613,-0.156699538039773,-0.129283723298947,-0.0756358033369715,0.0270477869917414,0.363740465450526,0.588137156136834
"2020-09-15",-0.104797667795339,-0.111619854865723,-0.120745060851204,-0.135274299704223,-0.151312559494657,-0.125865009457238,-0.0723456255747599,0.0314182560482413,0.376482205236744,0.609261948662822
"2020-09-16",-0.0982914387649664,-0.105921619741519,-0.116195196369337,-0.132806952327655,-0.152255933357029,-0.132672737865634,-0.0807548209898867,0.0224018481683929,0.370009771655201,0.605195640827466
"2020-09-17",-0.110125610401219,-0.117099746705088,-0.126433890053892,-0.141318416027929,-0.157856092991717,-0.132824959231724,-0.0791316190856556,0.0250776168350667,0.371007778254304,0.603579329006633
"2020-09-20",-0.121129293304113,-0.127596928225087,-0.136218283255015,-0.149834625102988,-0.164384933774246,-0.136487714273828,-0.0824443175693604,0.0211915357965637,0.363340816375755,0.593434450028208
"2020-09-21",-0.111460523755069,-0.118353817674305,-0.127572251295349,-0.142244222475021,-0.158424335758459,-0.132728703697001,-0.0788225628922179,0.0255068690815637,0.371203250878772,0.603435773832015
"2020-09-22",-0.107273423784176,-0.116129412171849,-0.1280242145455,-0.147172620579174,-0.169389751984211,-0.147446018735859,-0.0905299124212832,0.0198562746697419,0.373255249008747,0.598580406759387
"2020-09-23",-0.108635575957128,-0.116673690695457,-0.127477697781083,-0.144885351789593,-0.165057226495492,-0.143583482521319,-0.089082331028576,0.017847081793959,0.370456434675499,0.603456263842063
"2020-09-24",-0.134143229354875,-0.139209287248229,-0.145910766368825,-0.156283840012821,-0.166323877002293,-0.134428470090105,-0.0811147793981477,0.0210702738527989,0.371812742661642,0.622388003605981
"2020-09-27",-0.125543446289135,-0.131147587575274,-0.138553095235326,-0.149998418921467,-0.161079315441969,-0.127153796234782,-0.0708582276124153,0.035478441080769,0.388277191379302,0.630034808561161
"2020-09-28",-0.127087256197147,-0.132537252251872,-0.139720141633069,-0.15074961217596,-0.161105228940864,-0.125666857998203,-0.0687548603063264,0.0381390590622311,0.391381217745247,0.633013676498818
"2020-09-29",-0.123263388183709,-0.128444446947197,-0.135304812186134,-0.145952795879054,-0.156412249275864,-0.125333967021889,-0.0725977244561932,0.0283386142033157,0.372006189586103,0.614701191976908
"2020-09-30",-0.128904489967147,-0.13388760868169,-0.140446085004804,-0.150475762249717,-0.159663150107474,-0.124817327459069,-0.0698294346641042,0.0339189409024976,0.382596499000083,0.62660392826428
"2020-10-01",-0.115612512977927,-0.122170050856667,-0.130915712357912,-0.144744372135319,-0.15958638329665,-0.131724233910011,-0.0772111984239563,0.0275559712391159,0.374436642642486,0.608359337098912
"2020-10-04",-0.116328747927915,-0.121984338655248,-0.129500372150357,-0.141271912632007,-0.153326162999425,-0.123410065487713,-0.0696911683345084,0.0338161498770293,0.386315787680108,0.634052082702122
"2020-10-05",-0.0968991915188445,-0.103580201328908,-0.112524709684248,-0.126789449076329,-0.142587318565152,-0.117302819584571,-0.0637111871174412,0.0411455973961363,0.396837757295539,0.642512330664974
"2020-10-06",-0.117115047829092,-0.121406023151885,-0.127018652687965,-0.135460912922843,-0.142497610239043,-0.106373565245754,-0.0525830766480181,0.0487968875054068,0.395475037742117,0.645067915647985
"2020-10-07",-0.0808999557329116,-0.0887699334816221,-0.0993556586902198,-0.116434209408594,-0.136280410378902,-0.115077318945968,-0.0608661048785418,0.0462468376851516,0.404752127271947,0.645784670826747
"2020-10-08",-0.114104920958201,-0.118510997174791,-0.124323189621343,-0.133249362331696,-0.141511467834591,-0.109894069731612,-0.0589415364448141,0.0392298004453365,0.384729350112153,0.640471472581356
"2020-10-11",-0.0921981423654355,-0.0995830689266883,-0.109520790604985,-0.125561534958277,-0.14417461889902,-0.123139436728401,-0.0702316752829257,0.0351571044730665,0.39558207769767,0.64447194322956
"2020-10-12",-0.0876984018017556,-0.09629435089099,-0.10786794513789,-0.126589014813389,-0.148596100297753,-0.128117554632559,-0.0719895204690224,0.0389623929028519,0.406557082098375,0.649935011240378
"2020-10-13",-0.0775490584967102,-0.0855271492287959,-0.0962981472599242,-0.113816348189944,-0.134725894318706,-0.116886737125749,-0.064268067603042,0.0419486934640531,0.406971460636773,0.658602189625335
"2020-10-14",-0.0736486550233296,-0.0837465882136535,-0.0974045473111208,-0.119739713801001,-0.147110621789247,-0.133228080820217,-0.0775272322003028,0.0345321820011527,0.402886096345671,0.641338505788718
"2020-10-15",-0.0769974161264101,-0.0874182757640961,-0.101527636430746,-0.124658720856814,-0.153273021955086,-0.141497799590795,-0.0866434290619629,0.0242386163770167,0.387617132138288,0.621163135144195
"2020-10-18",-0.095692888839062,-0.103985502221299,-0.115130902421424,-0.133087188136507,-0.15389606448962,-0.131863598965701,-0.075865807589125,0.0338976047391211,0.395000182489514,0.632931276595038
"2020-10-19",-0.0842690850967227,-0.0923997301822841,-0.103374856225642,-0.121224607446637,-0.142571073613971,-0.125382333050058,-0.0733732198768052,0.0311304608773578,0.385222078353427,0.624973281164609
"2020-10-20",-0.0832245317391098,-0.0913781897379327,-0.102373907007998,-0.12021943610854,-0.141407942480245,-0.123042128665688,-0.0700211949349985,0.0359626191811775,0.393264940015793,0.634215239738428
"2020-10-21",-0.059877025191576,-0.0697880501467252,-0.0832162527742919,-0.105255474219407,-0.132564033139936,-0.120868374329226,-0.0673066984659255,0.0417831080576347,0.405695479282753,0.644520295735121
"2020-10-22",-0.0908930921812356,-0.0979253928687967,-0.107357415638781,-0.122466765368934,-0.139510667077167,-0.115645929164701,-0.0619903535083004,0.0434450646835186,0.400288856467931,0.645162602475232
"2020-10-25",-0.0696675371009184,-0.0784732494724697,-0.0904192430056214,-0.110065552967506,-0.134462401262997,-0.122814387621577,-0.0722111586378407,0.0324479057845206,0.395279333778954,0.644718753404537
"2020-10-26",-0.0826368252183902,-0.0902717153606776,-0.100569720876118,-0.117281011572394,-0.13705453513003,-0.11838376106113,-0.0663992596216477,0.0382050629323358,0.398235532060542,0.647519408629116
"2020-10-27",-0.0663532035013731,-0.0750041376614577,-0.0867411542702684,-0.10604548146921,-0.130011324937997,-0.118312050098515,-0.0681397482178243,0.0357780079097536,0.3976465474652,0.647829341280321
"2020-10-28",-0.0659331305807404,-0.0752134494588539,-0.0877917468944053,-0.108444312320617,-0.134010162892095,-0.12198216391703,-0.0699050707973766,0.0367923610226293,0.399178014892604,0.642376530365141
"2020-10-29",-0.0704170889832361,-0.0786179124678066,-0.0896824472834242,-0.107657918548394,-0.129071177196063,-0.111058603716369,-0.0580101731682642,0.0483335569350832,0.408143284483312,0.651621390961923
"2020-11-01",-0.0836007994786237,-0.0905140336834459,-0.0997962297277229,-0.114699782161354,-0.131641592100766,-0.108934932292181,-0.0565366723191938,0.0470542803933939,0.400832585359287,0.64589194011176
"2020-11-02",-0.0834686907609968,-0.0906382171335574,-0.100261921529771,-0.115708957241636,-0.133280922876476,-0.110348097244502,-0.0571319402725374,0.0475798269362356,0.400864030226403,0.641926199135844
"2020-11-03",-0.0758190211418068,-0.0827216068984824,-0.0920564462116736,-0.107281132051726,-0.125520133523655,-0.108863885228959,-0.0602185549890472,0.0399749123171189,0.401265607948035,0.665421238638387
"2020-11-04",-0.068238356368552,-0.0781362682908573,-0.0915943454104678,-0.113851710608176,-0.142096728996087,-0.135236694337988,-0.0852359910093972,0.019259627332874,0.37642961148151,0.615462499838591
"2020-11-05",-0.0761843247591186,-0.0855180900368613,-0.0981962446487603,-0.119108131452107,-0.145357068139832,-0.135652912071874,-0.084713054547531,0.0213282022611628,0.388298492141192,0.638918806494609
"2020-11-08",-0.0782856419753563,-0.087287371707865,-0.0995158487870091,-0.119686743287953,-0.144980264642383,-0.134985915241146,-0.0848121905878458,0.0198872208166895,0.385432345759285,0.637948767678226
"2020-11-09",-0.0682541183996866,-0.0779195261287685,-0.0910142993167222,-0.112497954870553,-0.139043244365626,-0.126433990272768,-0.072488117257631,0.0376155890987244,0.408846711292528,0.655934831820816
"2020-11-10",-0.0786941648452357,-0.085708266859294,-0.0951654913148369,-0.110490650218702,-0.128470211158924,-0.109122566960975,-0.0583410328871652,0.0443464230300198,0.405361931993607,0.662589864376272
"2020-11-11",-0.0757734885775728,-0.0847366512106024,-0.0968502379674729,-0.116610436112756,-0.140522003232154,-0.124303185584304,-0.0698766404683631,0.0398989906124549,0.409959458939404,0.658040705023793
"2020-11-12",-0.0926481300021344,-0.100666839021251,-0.111491211824584,-0.129087906766822,-0.150035999765346,-0.131354816484798,-0.0774611187444338,0.0314541745545842,0.407983022299446,0.669660695753206
"2020-11-15",-0.0630642485553228,-0.0735373961353877,-0.0877819937923156,-0.111354122255744,-0.141311784085513,-0.134210735854871,-0.081205227605661,0.0298822580348279,0.411416673617276,0.668102328077387
"2020-11-16",-0.0691372403375448,-0.0799448465311953,-0.0946284108553361,-0.118878146692343,-0.14955906408084,-0.14204640115334,-0.0882695993713669,0.0232604738422857,0.398624361852156,0.645441632989978
"2020-11-17",-0.0709648478909158,-0.0813369734440526,-0.095417985408279,-0.118631722019561,-0.147825617559441,-0.139073622273996,-0.0860233622455819,0.0234393073031779,0.391348152533626,0.633521823114105
"2020-11-18",-0.0750545437685305,-0.0842083997814536,-0.0966768349405235,-0.117361886161531,-0.143767343277298,-0.137029898674742,-0.0885079711949817,0.0147731728031465,0.382372979174676,0.640406182052705
"2020-11-19",-0.0811296290508638,-0.0898210264210277,-0.101627070254692,-0.121094767518051,-0.145457703804837,-0.135071264447747,-0.0855966670599542,0.0177424660386215,0.380898598210137,0.634027435257553
"2020-11-22",-0.106619149182657,-0.11346678251228,-0.122705114317025,-0.137694088702716,-0.155343948547647,-0.136747103213199,-0.0871601454415099,0.0135433149949614,0.370189134630124,0.62638473310929
"2020-11-23",-0.0697266062485745,-0.0792097203826493,-0.0920985418622516,-0.113386614685475,-0.140227829711745,-0.131359100482814,-0.0804701012212072,0.0258921024828912,0.394830202617148,0.647029603246101
"2020-11-24",-0.0782644397909835,-0.0874862589230236,-0.100022774017957,-0.120734111354085,-0.146834050195763,-0.137556851095713,-0.0868813042646566,0.0194084779733119,0.392275648418379,0.650831223459508
"2020-11-25",-0.0835469798862901,-0.0921765337901709,-0.103878083888994,-0.123096974024264,-0.146820307062134,-0.133684621923336,-0.0819567477502798,0.0250051059126158,0.399322764386304,0.660285398140258
"2020-11-26",-0.0632152201005445,-0.0733207967496964,-0.0870864672272207,-0.109938446223815,-0.139250241001758,-0.134154586928677,-0.0839985034947883,0.0224596873510927,0.39356273155177,0.646726622723091
"2020-11-29",-0.0631464750872617,-0.0722488999884911,-0.0846526235069469,-0.105248994335353,-0.131612704805451,-0.125411436486676,-0.0774858499110017,0.0248791827464637,0.390595166612631,0.648186159674826
"2020-11-30",-0.0682203790059095,-0.0766510525473017,-0.0881445389130523,-0.1072383399956,-0.131647015181423,-0.124587280104157,-0.0778038257037093,0.0228275538231759,0.391220351429079,0.659024147192988
"2020-12-01",-0.0669794512158745,-0.0743691341532479,-0.0844542524035372,-0.101235438483638,-0.1227133458137,-0.115368782625001,-0.0716940829475567,0.0235294367120321,0.38557553597214,0.66173006374251
"2020-12-02",-0.0678472273296471,-0.0754637398230633,-0.0858513235339477,-0.1031139882807,-0.125146599523016,-0.117529881531795,-0.0730425380344715,0.0232975071855231,0.384475568751081,0.655374994790389
"2020-12-03",-0.0725233567043199,-0.0803046513607513,-0.0908867814902657,-0.108367516076194,-0.130277444195503,-0.119754367810479,-0.0726240885281315,0.0272678127483601,0.392090281770922,0.658856754942041
"2020-12-06",-0.0718771564655765,-0.0804149447216488,-0.0920486088720257,-0.111357795523529,-0.13599627552008,-0.12888905064384,-0.0820486567450686,0.0181892152509346,0.381102095697871,0.641464021077382
"2020-12-07",-0.0695213707571466,-0.0781603363617579,-0.0899489598349659,-0.109578320164136,-0.134889614213832,-0.129923923065305,-0.0845085626743376,0.0137160229216404,0.371496904982249,0.628796788410439
"2020-12-08",-0.058642443252117,-0.0665170143292507,-0.0773074888934969,-0.0954255726099583,-0.119318452344856,-0.117728860768128,-0.077098368521153,0.0142167770302805,0.365910615056259,0.634268365380305
"2020-12-09",-0.065761284453186,-0.0750384591398861,-0.0876981863016454,-0.108787310570869,-0.136077711266807,-0.132439352914271,-0.0861940265349748,0.0135971421984492,0.370874690945684,0.62176321358432
"2020-12-10",-0.0742862560750714,-0.0840219278032684,-0.0972826155308329,-0.119292243167152,-0.147506777939137,-0.142458025140044,-0.0940161024995402,0.00873829183820674,0.366802466042574,0.611036934199193
"2020-12-13",-0.0753289209477585,-0.0849414128763229,-0.0980044573660086,-0.119576589826971,-0.146775780863406,-0.138012819112925,-0.086889160295155,0.0197877606708703,0.3880691239234,0.638343335746516
"2020-12-14",-0.0663866437933808,-0.0769960179300749,-0.0915057065782666,-0.115801278190697,-0.147808637457194,-0.149153498212916,-0.101963179700426,0.00171682726896905,0.372021439585113,0.628490051215491
"2020-12-15",-0.0582107250542354,-0.0683499881579386,-0.0822303165951006,-0.105514895125305,-0.136320813680215,-0.138019875895735,-0.0924787871200802,0.00857474242990197,0.375922291618459,0.635417642526013
"2020-12-16",-0.0652383781275609,-0.0739642886235634,-0.0858872732063231,-0.105794949596893,-0.131671332338087,-0.128062772791901,-0.0830451071537421,0.0154233599325955,0.378754357430447,0.64324800634747
"2020-12-17",-0.0800468610526999,-0.0884388522953311,-0.0998829734908022,-0.118907977433634,-0.143289618803952,-0.136860125962646,-0.0909225409633877,0.00806633097602882,0.370236635423575,0.632999122550151
"2020-12-20",-0.0732128074727661,-0.0807601535890561,-0.0910612395600568,-0.108205968171601,-0.130175409646105,-0.123032878579364,-0.0789116555827747,0.0172798726217372,0.381952994406589,0.658914438100633
"2020-12-21",-0.0648816984328989,-0.0751792130671293,-0.0892218211208985,-0.112592598969579,-0.142830809884045,-0.140041665186237,-0.0912969198151214,0.0130206339457888,0.376915127105566,0.624227266991655
"2020-12-22",-0.066021644113295,-0.0753757241520373,-0.0881542404079177,-0.109490110273085,-0.137289927091203,-0.135023088480205,-0.0893987167502609,0.00997607944209766,0.368919382211519,0.622836345501093
"2020-12-23",-0.0684922759057156,-0.0774640468708336,-0.0896520288359901,-0.109758741453607,-0.134995455204877,-0.125421658906627,-0.075974690049697,0.0271392489995449,0.385805887587886,0.632321484734203
"2020-12-24",-0.0895644495166041,-0.0966540914809809,-0.106237756058684,-0.121857944873116,-0.140561476383781,-0.123925978684165,-0.0750203304140263,0.0251391089528312,0.381189762667809,0.636928706274116
"2020-12-27",-0.0901418186099949,-0.0969866134696791,-0.106244721809508,-0.121349564125375,-0.139467767314932,-0.123139380547045,-0.0750708524223813,0.0240066020098515,0.381435324290275,0.642816973388791
"2020-12-28",-0.0727115451373359,-0.0801608380421164,-0.0902735749777678,-0.106912011795252,-0.127478001037324,-0.114903755289903,-0.0674523607220746,0.0321230828527695,0.394177534180767,0.658879924830902
"2020-12-29",-0.08760272380786,-0.0932908801638246,-0.100946281887165,-0.113286484259102,-0.127394780624113,-0.107281178736272,-0.0605081902377977,0.0345324954028017,0.380505939032985,0.639669361472486
"2020-12-30",-0.0908077435860956,-0.0970069325843607,-0.105372255466357,-0.118942884821167,-0.134854385270141,-0.116508737235464,-0.0691616797418775,0.0278043852178964,0.38015962081824,0.64188286908323
"2020-12-31",-0.0913797534253627,-0.0977130509857643,-0.106254875854529,-0.120096910422972,-0.136274183591046,-0.117294074885016,-0.0689332733219837,0.0297442714428745,0.386028782522255,0.648763736873499
"2021-01-03",-0.0886252927610285,-0.0953742386969912,-0.104503908890141,-0.119401072311833,-0.13726020505806,-0.120794002478669,-0.0727384542772918,0.0265693800819254,0.387507997084711,0.653994504546348
"2021-01-04",-0.0839565231299375,-0.0905597672785579,-0.0995095007278213,-0.114172252921602,-0.131972217517288,-0.117181189852131,-0.0707450003394765,0.0264667442560195,0.386636164360055,0.658037020020802
"2021-01-05",-0.0696230617778061,-0.0770002264235183,-0.0870401370380698,-0.103646463458539,-0.124509298496782,-0.114299437878099,-0.0686483724416797,0.0288737910337402,0.391561295392609,0.662708849310336
"2021-01-06",-0.0666761745601915,-0.0746535572500006,-0.085465145228457,-0.103197064936906,-0.12494751476435,-0.111201332026057,-0.0614261414790983,0.0414507654864394,0.404523760454988,0.660916229743441
"2021-01-07",-0.0729211921389961,-0.0808949501524081,-0.0916483982391034,-0.109096931847229,-0.129763538632433,-0.110871140343658,-0.0576119134299489,0.0491995143038074,0.413308087150035,0.662379271190937
"2021-01-10",-0.0765213303827509,-0.0847878705905712,-0.0959449110747355,-0.114084054789659,-0.13574349253073,-0.117913721160624,-0.0646287402262532,0.042419515090555,0.405621984234129,0.652061291047887
"2021-01-11",-0.0757450836358554,-0.0846897074635703,-0.0967795090822729,-0.116505595250325,-0.140395664129658,-0.12437049318823,-0.0701958067677304,0.0391324845994007,0.407808559339157,0.654995731943229
"2021-01-12",-0.0717974546723823,-0.0804827546750166,-0.0922571208464175,-0.111589655809135,-0.135457412903452,-0.122715351897246,-0.0715841939168333,0.0337775550286923,0.398915486591961,0.650393448427446
"2021-01-13",-0.0737965066934519,-0.0809621635109215,-0.0906379478946466,-0.10637024891742,-0.125055497218832,-0.10714858666793,-0.0569282586179024,0.0452891354865869,0.406132026442543,0.663681540898523
"2021-01-14",-0.0875046882336438,-0.0940426108555503,-0.102823053767868,-0.116919854567707,-0.132876487555302,-0.109862764510291,-0.0578139021850744,0.0459840253595576,0.409321751265088,0.669032896817147
"2021-01-17",-0.0848757605593228,-0.091588187819694,-0.100552300460224,-0.114765139429607,-0.130149620814238,-0.102023395751414,-0.0458798434677145,0.0629955828152027,0.429538973950616,0.681423930977074
"2021-01-18",-0.0748781274460165,-0.0849041430015231,-0.0983874926113126,-0.120162781810509,-0.145767263726445,-0.124249274567397,-0.0633785394795541,0.0549665663511932,0.431024684739431,0.667858244106114
"2021-01-19",-0.0708444479177343,-0.0807386210264228,-0.0940855705176735,-0.115781008719707,-0.1418132718652,-0.123644949532542,-0.0650381504589908,0.0512180324338155,0.430747807208745,0.676135732477975
"2021-01-20",-0.0812890747524741,-0.0912060250826784,-0.104584495816778,-0.126336727497606,-0.152478169042752,-0.134857018842797,-0.0769114117480302,0.0379305373524652,0.411226208163296,0.651217102514879
"2021-01-21",-0.0703841485675916,-0.0816463239891372,-0.0968216663198523,-0.121452409501748,-0.151025457112121,-0.133018167370767,-0.0713648924298821,0.0489896730224488,0.425787772555889,0.657551471145171
"2021-01-24",-0.072943893900297,-0.0832653308548485,-0.0971871537816005,-0.119819426995307,-0.147038763774933,-0.129369143151734,-0.0701972271642338,0.0467118025410677,0.423335676372777,0.662829566808808
"2021-01-25",-0.0734909749888956,-0.0833434049830266,-0.0966613195427222,-0.118407094275247,-0.144889878897846,-0.129615834148139,-0.0733438518744811,0.0396669283433697,0.412978555976508,0.656615899401585
"2021-01-26",-0.0699683668370867,-0.0791036999226195,-0.0914237529077173,-0.1114306558975,-0.135305867559547,-0.11674313700684,-0.0602651861215314,0.0520398085086871,0.423452773843448,0.66777971706362
"2021-01-27",-0.0707623644020259,-0.0813944140024789,-0.0957334839417999,-0.119044392669453,-0.147125798023468,-0.129939530354108,-0.0705690281431564,0.0463369508003222,0.418872156694058,0.652597539640085
"2021-01-28",-0.0849381061051987,-0.0936200913780226,-0.10522503643373,-0.123699310966539,-0.144255222274081,-0.115842899276319,-0.0541483282733813,0.0632344227552861,0.434513481625381,0.670042984221405
"2021-01-31",-0.0745354886241831,-0.08377692049501,-0.0961484668683975,-0.115916577718935,-0.138251102547973,-0.110991061195348,-0.0482668190188151,0.07150542575389,0.449331055378086,0.687514466712501
"2021-02-01",-0.0758367836027843,-0.0848113619533508,-0.0968454987258753,-0.116141623270138,-0.138186487046171,-0.11296438309733,-0.0524186260510567,0.0643824416179645,0.438626834151543,0.678358704374416
"2021-02-02",-0.074924522528303,-0.083579953864225,-0.0951757299418736,-0.113726529651212,-0.134713119822754,-0.108379591930962,-0.0478338718304656,0.068826463135913,0.444490773963196,0.687091559942383
"2021-02-03",-0.0738949525955559,-0.0838884076278822,-0.0972808557818998,-0.118745896070393,-0.143365629673346,-0.118042995627592,-0.0551638083097851,0.0645990850296567,0.435447690459794,0.663440817601446
"2021-02-04",-0.0695135554134488,-0.0786387939052695,-0.0908679682951261,-0.110457402458873,-0.132798017014781,-0.107492172653919,-0.0469291894140152,0.0692105448776867,0.436564935370145,0.66840806349415
"2021-02-07",-0.0803494358668959,-0.0879302202000346,-0.0979910616074844,-0.113735587902879,-0.130065976659507,-0.0957086447674164,-0.0332733808303699,0.0831491850706759,0.448578383280273,0.680977303616741
"2021-02-08",-0.0870823903772439,-0.0954048912979522,-0.106462518719325,-0.123824230418016,-0.142154560639961,-0.10797547538814,-0.043645308534335,0.0758304719222552,0.444320309073483,0.673316204001989
"2021-02-09",-0.07440732329824,-0.0823107017404693,-0.0928066507438037,-0.109262971210069,-0.126498479578955,-0.0924288173701561,-0.029362313874939,0.0880630744076117,0.453749942766828,0.683856917343952
"2021-02-10",-0.0892161573324147,-0.0967356822367926,-0.106685012423411,-0.122146603463138,-0.137741678050148,-0.100804874905432,-0.036940627376418,0.0807768368245549,0.444908338100093,0.673369303530692
"2021-02-11",-0.0891203612194152,-0.098064066801092,-0.109960696712614,-0.128698318734326,-0.148786426481273,-0.115130460487358,-0.0494329421987385,0.0724342550019349,0.444270350890083,0.671935363324642
"2021-02-14",-0.0813198352405184,-0.0905375010369116,-0.102784549592181,-0.122029271902752,-0.142516463462512,-0.107453355329706,-0.0401852108800487,0.0836216524313342,0.456112493839986,0.680772205932788
"2021-02-15",-0.0818425232948128,-0.089450550765602,-0.0995130489764349,-0.115135756554523,-0.130828645451229,-0.0929745177823898,-0.0279465697569605,0.0917962281943954,0.461942955143722,0.694109905949021
"2021-02-16",-0.0778968904454485,-0.0844799097783497,-0.0931097354799864,-0.106214806683439,-0.118060992514495,-0.0750266365508409,-0.00948638643076971,0.109275774861142,0.474812654497264,0.705290038079476
"2021-02-17",-0.0896556972394103,-0.0965338066382586,-0.105522219232073,-0.119076459070319,-0.130978236133187,-0.0847012884859713,-0.0163720990710133,0.105572562472251,0.470927960815834,0.694683585342737
"2021-02-18",-0.0788122754462201,-0.0863611482948154,-0.096239974134597,-0.111203112701393,-0.124731482081167,-0.0781219995455247,-0.00811792805190625,0.115901061310688,0.479230553979724,0.695644029518993
"2021-02-21",-0.0868389621697846,-0.0938645357377181,-0.102973063786822,-0.116448566991476,-0.127212882018693,-0.0739087495513193,-0.000604382795881042,0.127010578186317,0.495618426386006,0.713383176309585
"2021-02-22",-0.0942425133823147,-0.100426636001621,-0.108383905697631,-0.119919498957634,-0.128008264878618,-0.0726167592256477,-0.000256679985409791,0.125107483224406,0.489335936394512,0.707168325127644
"2021-02-23",-0.0877417040760946,-0.0940646029120623,-0.102216800745522,-0.11409639216069,-0.122703320567835,-0.0677729842392581,0.00492990429055407,0.131372615175342,0.500456342584124,0.722095238575349
"2021-02-24",-0.080358037317065,-0.0877967641509459,-0.0974137536840795,-0.111545827001806,-0.122450476611091,-0.0641721267157511,0.0141794954033595,0.149255962657949,0.533322854271816,0.756620635830548
"2021-02-25",-0.0944904810154954,-0.100406554253681,-0.10781014128039,-0.117767813658669,-0.121309971469971,-0.0480197442022858,0.0355720787519559,0.173599570303051,0.549292819060011,0.760849756749977
"2021-02-28",-0.0907206005493441,-0.0971954784110549,-0.105437558649451,-0.117065297197862,-0.123870365541555,-0.059154532259837,0.0199783662161147,0.153098688292215,0.522097767138384,0.732548410413044
"2021-03-01",-0.0826034253648532,-0.0897563860571112,-0.0990613310312821,-0.112941753136528,-0.124519522841658,-0.0731325872377967,-0.000422480027413408,0.127296859963002,0.500708395604314,0.723828804764475
"2021-03-02",-0.0821837799359045,-0.0880487744634767,-0.0956273804282582,-0.106727266143906,-0.114974770339988,-0.064528797581746,0.00337759771024437,0.122722664380812,0.477947443952958,0.695859282913358
"2021-03-03",-0.0830747804087523,-0.0910288102362257,-0.101345473876919,-0.116645905836106,-0.129176935361621,-0.0730585154066622,0.00429788600634151,0.137192947457108,0.509021910328029,0.720742896926056
"2021-03-04",-0.0813754005830684,-0.0893730003001962,-0.0999194137987017,-0.116189324414337,-0.132165581249688,-0.0910123306458493,-0.0229399717247786,0.100342562098024,0.470561797544746,0.69569526249078
"2021-03-07",-0.083911165347253,-0.090485892959656,-0.0991939140846492,-0.112743101291209,-0.126371771937762,-0.0920785372209039,-0.032670564541504,0.0786685682647595,0.436707171755913,0.671973443811759
"2021-03-08",-0.0858248657559865,-0.0916014787227085,-0.0992439854756349,-0.111091757772179,-0.122736308403141,-0.0892708017597241,-0.032775848723516,0.074048012231164,0.427569520822796,0.668686710643778
"2021-03-09",-0.0894893831868706,-0.0945853942069002,-0.101264437718368,-0.111377547562927,-0.120221827371376,-0.0821068724891666,-0.0243887825374217,0.082957572306675,0.435780945955598,0.676963948289209
"2021-03-10",-0.0940197307879522,-0.0987054266202024,-0.104761685270349,-0.113611572888336,-0.119915345504668,-0.0748425001819257,-0.0134841540884605,0.0976234740509476,0.452366199158628,0.68914765174357
"2021-03-11",-0.0972819289163657,-0.102244868776201,-0.10861111076927,-0.117741557356029,-0.123528441898014,-0.0724372211351513,-0.00620234019367299,0.110846153957292,0.468939688434364,0.697050386590725
"2021-03-14",-0.0897105527010383,-0.0970699627335981,-0.106655303629545,-0.12100608735484,-0.133259713953881,-0.0830986863514346,-0.0113092627425616,0.114395160657283,0.477897972214598,0.692105883893978
"2021-03-15",-0.0860972005872023,-0.0956936311626376,-0.108276648996136,-0.127471821148762,-0.145716692743387,-0.0970176942321473,-0.0210975673838251,0.110665308956112,0.475295609190524,0.67831313752026
"2021-03-16",-0.094242113656489,-0.102233921340775,-0.112679229109817,-0.128461920860802,-0.14263416161436,-0.0937248897810303,-0.0211257539302356,0.106201219551647,0.471818145044524,0.684840512040852
"2021-03-17",-0.0929573034493215,-0.10133565408634,-0.11228373295072,-0.128827460522374,-0.143758993687786,-0.0940659542848573,-0.0203273470172884,0.108059610956318,0.470626831341575,0.677912700251473
"2021-03-18",-0.0827844590945987,-0.090570581774079,-0.100689657928569,-0.115772350142643,-0.12845660845767,-0.075666626226597,-0.00159047818891311,0.126197321418493,0.485235953842751,0.690313027457226
"2021-03-21",-0.0848823491321218,-0.0941805831113791,-0.10641128469813,-0.125206883850461,-0.143629019793159,-0.0997378191609899,-0.0282222036544767,0.0973058029463857,0.449690510659041,0.648391480663171
"2021-03-22",-0.0855233569316214,-0.0950365032904681,-0.107661877221522,-0.127463549233321,-0.148485118052229,-0.113366179036509,-0.0464181886113932,0.0752956206866084,0.432031901815233,0.640975437009734
"2021-03-23",-0.0808510766472197,-0.0900805146750772,-0.102318188192722,-0.121467368581136,-0.141586510575331,-0.105671285030325,-0.0388887957308338,0.0823954842440374,0.438902966656857,0.648714211884531
"2021-03-24",-0.0774644272935628,-0.0871732538916445,-0.0999943019494765,-0.119884285814911,-0.14018898099332,-0.100128012451694,-0.0301566289299243,0.0939301260119693,0.444636976822257,0.642958361196745
"2021-03-25",-0.0723777550703475,-0.0809711443277828,-0.0924032793372375,-0.110413341324958,-0.129728872595035,-0.0972989116269646,-0.0339383052530398,0.0837534013230652,0.443887846191299,0.665112606950656
"2021-03-28",-0.0657275849345508,-0.075472803955575,-0.0884527854501325,-0.108978425076789,-0.131452692656773,-0.100058577839708,-0.0347597911464863,0.0857142400188408,0.444281100792771,0.656901249393104
"2021-03-29",-0.0859862178807482,-0.0945357938977742,-0.105765027468674,-0.122949350765217,-0.139412839175998,-0.0953758964195934,-0.0256158300591833,0.0971802168432033,0.446546976751726,0.646927544191508
"2021-03-30",-0.0805828955546724,-0.0898922849722445,-0.1021397273408,-0.12096451644297,-0.139402289733224,-0.0949578008413042,-0.0225313011753057,0.10496349489674,0.465177179304624,0.669747246304484
"2021-03-31",-0.0794991543084333,-0.0880852065490027,-0.0993051420148391,-0.116263947052458,-0.131606057896949,-0.0811867925958679,-0.00629274549789516,0.123903969692187,0.490176215968478,0.698659705946345
"2021-04-01",-0.0857678913341411,-0.0937751479116488,-0.104178197988436,-0.11967495444988,-0.132690721049527,-0.0786568412956052,-0.00305699272012572,0.126963396184378,0.490036429686018,0.696033029544828
"2021-04-04",-0.0820468782687452,-0.0902188030498664,-0.100927606989891,-0.117212300597543,-0.132284037212277,-0.0852379257508438,-0.0132671918706636,0.113792238451553,0.481113618677857,0.696242008341674
"2021-04-05",-0.0833973907876665,-0.0908942587117837,-0.100708465979199,-0.115585921959469,-0.129085976546266,-0.0830680603318205,-0.0136917183632543,0.109370103905498,0.470565009480282,0.686099288506011
"2021-04-06",-0.0756562293557531,-0.0831421627340712,-0.092990535343526,-0.108098920081377,-0.122581406369045,-0.081752885487005,-0.016380829672176,0.101122973370157,0.450880537172153,0.661943229144895
"2021-04-07",-0.0837075765781562,-0.0919582763911133,-0.10285448064312,-0.119728594013373,-0.136611482182054,-0.0969020386880207,-0.0294640213639836,0.09274469897243,0.457795331277041,0.677978863032197
"2021-04-08",-0.0790235927371312,-0.0867311785287439,-0.0968560834509718,-0.11233360519571,-0.126937253226771,-0.0833660234073662,-0.0149285426655106,0.107547624474186,0.470304554645719,0.68830050735517
"2021-04-11",-0.0770976262101901,-0.0854343530485417,-0.0963916277384844,-0.113174554771918,-0.129227404084404,-0.0847491777413886,-0.0140655686585062,0.111680130290484,0.477876067011611,0.693486488741148
"2021-04-12",-0.0728566536890913,-0.0821991591441832,-0.0945179726260991,-0.113549621130504,-0.132568377555086,-0.0900397194420061,-0.0184079688143387,0.108890839159275,0.473383238552724,0.683008741000216
"2021-04-13",-0.0719584708234156,-0.0814652407751369,-0.0940556538716334,-0.113708439658923,-0.134197571774811,-0.096731944989879,-0.0282873001145439,0.095065354979733,0.452857835860174,0.660522960345017
"2021-04-14",-0.0713484595628031,-0.0798044238644993,-0.0910018601288487,-0.108457620269663,-0.126440682528859,-0.089786163560696,-0.0243148922223181,0.094998484678537,0.451647598684654,0.666159559211692
"2021-04-15",-0.0788700465463878,-0.0871458541967404,-0.0980854232459202,-0.115067229422304,-0.132250480599916,-0.0940710933746426,-0.0280623544820475,0.0916561113561519,0.448380506227641,0.662645817737775
"2021-04-18",-0.0763718749519375,-0.085539287488885,-0.0976930068645218,-0.116702549851162,-0.13662680474072,-0.100410144392555,-0.0334301497550467,0.0882991748345837,0.447103604428786,0.658999163829521
"2021-04-19",-0.0776588042490519,-0.0860713621869351,-0.0972161332604101,-0.114607739573714,-0.132602402612535,-0.0967110660225817,-0.0320577676318821,0.0859081939036475,0.438812840622733,0.651145436761675
"2021-04-20",-0.0792386085849235,-0.0885312470225932,-0.100867989906915,-0.120228877404146,-0.140813591124848,-0.106449346592121,-0.0406999330265844,0.0791643030785519,0.432370650291897,0.640456031706759
"2021-04-21",-0.0794531117241215,-0.0887535255047323,-0.10114352482459,-0.120737907531699,-0.142150228272718,-0.111146424447373,-0.047189362479763,0.0713931299070448,0.428786125085573,0.643841718068259
"2021-04-22",-0.0948633337221833,-0.102293033473665,-0.112119992823594,-0.127380540911042,-0.142740793269375,-0.1062455890751,-0.043399543395462,0.0721320725804891,0.427645004707809,0.649402415659938
"2021-04-25",-0.0857725283053143,-0.0938957593253464,-0.104666322393837,-0.121498454137216,-0.138957365061103,-0.103677782867136,-0.0397246539825653,0.0779937279304354,0.436778196045419,0.657248413791349
"2021-04-26",-0.083160292469571,-0.0920651466909448,-0.103838017583606,-0.122132091592407,-0.140804664462154,-0.102101457370624,-0.034307605108963,0.0877850886955447,0.444700731675731,0.654263162437423
"2021-04-27",-0.0857710058371835,-0.0943069167029904,-0.105526623150545,-0.122722655261891,-0.139277688994401,-0.095372494639395,-0.0252504862713,0.0988105659468711,0.455115525667884,0.661530773405764
"2021-04-28",-0.095402463705729,-0.102835683792176,-0.112548669730791,-0.127209849125885,-0.140265010595842,-0.093341601516209,-0.0239535574067831,0.0982707429661382,0.453179073618717,0.662704555582828
"2021-04-29",-0.0936830819961947,-0.101172813669767,-0.110974188481331,-0.125821305665456,-0.139260546717802,-0.0932808862403734,-0.024203824963745,0.098036889731784,0.455199796358783,0.667276879647905
"2021-05-02",-0.0944086200840774,-0.10134678486055,-0.110411886141588,-0.124080665545096,-0.136116127418844,-0.0902606957007747,-0.0226433973991714,0.097445551214134,0.453256769445495,0.668357236406394
"2021-05-03",-0.0922966606373403,-0.0994222325796721,-0.108746696308471,-0.122862902316475,-0.135555036985565,-0.090473238766406,-0.0228801910828107,0.0973856390527431,0.453486256494555,0.668268402492103
"2021-05-04",-0.0922966606373403,-0.0994222325796721,-0.108746696308471,-0.122862902316475,-0.135555036985565,-0.090473238766406,-0.0228801910828107,0.0973856390527431,0.453486256494555,0.668268402492103
"2021-05-05",-0.0867658094560799,-0.0943951651929247,-0.104440306917169,-0.119879609588793,-0.134798568364551,-0.0939190715601277,-0.0277699294362737,0.0914639157554267,0.447674451968145,0.663364283336267
"2021-05-06",-0.0780815022618882,-0.0870411894858434,-0.0989137524801596,-0.117458684792488,-0.136766291625005,-0.100073382964532,-0.0331779534455238,0.0884781394364239,0.448737360310113,0.662815755047013
"2021-05-09",-0.0852745796016344,-0.0932829089170053,-0.103844587618556,-0.120148963794923,-0.136251907788706,-0.096401613870174,-0.030091907227251,0.0894699876146846,0.444332418087293,0.657119483514637
"2021-05-10",-0.08046014101401,-0.0888137955748056,-0.0998867345656962,-0.117187037158378,-0.13516165636668,-0.0998419726576195,-0.035665361162206,0.0817977555995201,0.435005804514484,0.648652997371383
"2021-05-11",-0.08170303792455,-0.0894078954397503,-0.0995926185325715,-0.115394445707147,-0.131296147922062,-0.0943250556569844,-0.0308493950255115,0.0849154200310422,0.434889397504082,0.648760740748904
"2021-05-12",-0.0879812827233255,-0.0949861828086875,-0.104162425014532,-0.118085169073415,-0.13070358720149,-0.0865126113394649,-0.0195621495204519,0.100342976668567,0.459799224852177,0.679569923437299
"2021-05-13",-0.0906752635694143,-0.097755693314907,-0.107070083589032,-0.121347473143546,-0.134914900069879,-0.094421885034277,-0.0299430600324252,0.0868458471931152,0.441296769390272,0.660210478600677
"2021-05-16",-0.0911398612745337,-0.0980560941916985,-0.107163126910064,-0.121150493327322,-0.13453377872964,-0.0951533762784371,-0.0317964010715168,0.0836454326886359,0.437940424784223,0.659467413035821
"2021-05-17",-0.08209223462441,-0.0898716006970701,-0.100174950416881,-0.116230611355139,-0.132655048180408,-0.0967321115901513,-0.0332254345256568,0.0836658876297242,0.442041615180762,0.66418225395482
"2021-05-18",-0.0861653746257172,-0.0934717646069578,-0.103146873234868,-0.118207933546382,-0.133487282832282,-0.0978854650808135,-0.0356808046700025,0.07953418780933,0.439027641840019,0.666718294321957
"2021-05-19",-0.0865092563040816,-0.093693402046065,-0.103170683147979,-0.117792555424516,-0.132075150465298,-0.0933132123927508,-0.0293324934426925,0.0877386822573348,0.448074484690706,0.67366432997126
"2021-05-20",-0.0990527971931509,-0.104859892445331,-0.112455861267771,-0.123915610973781,-0.133853670450646,-0.0915425685882705,-0.0286119218308752,0.0862689045473251,0.448983563360585,0.685387057648765
"2021-05-23",-0.0801985989315873,-0.0870663670039743,-0.0961903885822667,-0.110489767198268,-0.125314183402887,-0.0926075430559208,-0.0330197686289628,0.0797541675928571,0.446107412684497,0.688826437594925
"2021-05-24",-0.0905382219235375,-0.0965603950714797,-0.104547623942781,-0.117002379609074,-0.129550826255177,-0.0967174919738071,-0.0393265744471671,0.0701123257704019,0.436187981460074,0.688404984069007
"2021-05-25",-0.0987040518825678,-0.104073029413175,-0.111157801489043,-0.122063501709873,-0.132383095310272,-0.097397811808523,-0.0405257325903167,0.0672620700767873,0.430144923786628,0.683877872305664
"2021-05-26",-0.0927412982321435,-0.0993562693641043,-0.108122484692005,-0.121777564040518,-0.13555969860874,-0.101082423947157,-0.040975027027189,0.0721335814320582,0.43879262658833,0.681947259659321
"2021-05-27",-0.0797870750780697,-0.0881634509724171,-0.0992386155114021,-0.116438450014108,-0.13385917615083,-0.095101144444971,-0.0279429440086483,0.0941297018306779,0.459517090930028,0.680096988341673
"2021-05-30",-0.0957345153315548,-0.102611517849975,-0.111709098834639,-0.125828843924141,-0.139908415511694,-0.103644940910652,-0.0417430429871748,0.0734480859913502,0.439089990646426,0.675907783380501
"2021-05-31",-0.0962908906463556,-0.101243208349811,-0.107739006172875,-0.117586225322153,-0.126197049192893,-0.088256372990579,-0.030395860574698,0.0783374768585736,0.444290099288719,0.701790146455715
"2021-06-01",-0.0920044428897684,-0.098446585743025,-0.106969360059912,-0.120185961197608,-0.133229248305518,-0.0968665561641285,-0.0353110671639792,0.0805505431692303,0.459432723572256,0.714025511892683
"2021-06-02",-0.0928403742122272,-0.0986227598579829,-0.106212609191066,-0.117756271877824,-0.128145950831079,-0.0880134864686857,-0.0262936998408512,0.0878504039248446,0.455926737198238,0.701267636944407
"2021-06-03",-0.0885847862132081,-0.0945237420471231,-0.102357500619529,-0.114414463842206,-0.125886189010061,-0.0887998765353527,-0.0285649089778887,0.0843768472519636,0.454745706887066,0.70542412689313
"2021-06-06",-0.0929446562811907,-0.0986252700682132,-0.106122752008512,-0.117671697511725,-0.128651830157903,-0.0922868040099626,-0.0329767952496474,0.0792167089139431,0.454754255878408,0.715364184213608
"2021-06-07",-0.0864568118619891,-0.0935182320956916,-0.102913183400018,-0.117688489661323,-0.133232001446635,-0.101330952870107,-0.0415697031662615,0.071995693105615,0.441934601997083,0.687322267537338
"2021-06-08",-0.0783841523406263,-0.0850753536633413,-0.0940299948464618,-0.108295159948162,-0.124007314438192,-0.0977233197325086,-0.0428873596126087,0.0644948714638147,0.430774634331043,0.685748996446415
"2021-06-09",-0.0782242025238709,-0.085457457304038,-0.095217839397538,-0.111062063290799,-0.129764982422249,-0.110662061838153,-0.0589561942908948,0.046019053582499,0.416583694073668,0.681517850887509
"2021-06-10",-0.0766792278500787,-0.085231062719821,-0.0968257968115443,-0.115863967739699,-0.139341923579072,-0.126140561022444,-0.0747162450042484,0.0315425370684933,0.4032422054419,0.662334814366433
"2021-06-13",-0.0850726206719982,-0.0921123541065311,-0.101610641973236,-0.117023590525145,-0.135177112779915,-0.116015301031585,-0.0649071767240914,0.0389801636021974,0.407671360658887,0.673194652879416
"2021-06-14",-0.0847135580666716,-0.091930781625448,-0.101617226789857,-0.117155256377319,-0.134755242311096,-0.11054575623065,-0.0553975114306885,0.0534650480806576,0.424882926972155,0.682053799712245
"2021-06-15",-0.0833779405893505,-0.0916661676449875,-0.102802203121036,-0.12072529715959,-0.141382996388387,-0.117928128216301,-0.0601132250557969,0.0534365540501439,0.430667159547049,0.682514303988903
"2021-06-16",-0.091863874069358,-0.098594336611693,-0.107550605435944,-0.121635315256355,-0.136402663752367,-0.10488250670905,-0.0461424318655631,0.0661885264363762,0.438132902369747,0.689886430824852
"2021-06-17",-0.0841677717444824,-0.090800110302645,-0.0996517281715823,-0.113664528349794,-0.128731545884286,-0.100052856388496,-0.0436878943636401,0.0654884116507032,0.433369277657342,0.686730974152397
"2021-06-20",-0.0735804801329802,-0.0806295743291215,-0.0901620277763811,-0.105706387631792,-0.124312319075555,-0.107094920814444,-0.0571433038110936,0.0457657030685455,0.417450539386451,0.689832290983386
"2021-06-21",-0.079544614593642,-0.0865402944401339,-0.0959566460604756,-0.11115660188646,-0.128740740417766,-0.107501058960973,-0.0552145446373862,0.0497071087665397,0.416209137495058,0.676193640141598
"2021-06-22",-0.0817041334253822,-0.0882241385080737,-0.0969791055665273,-0.111030445286036,-0.126920770060519,-0.103929514866994,-0.05207692563299,0.0512046395034651,0.411905868910228,0.669050391507448
"2021-06-23",-0.0806527853742685,-0.0873263408420195,-0.0963049653398422,-0.110778502423984,-0.127406503467097,-0.105732317205227,-0.0540505086320369,0.0498371725341009,0.416460124972128,0.68030184040398
"2021-06-24",-0.0851398399316504,-0.0905912774516244,-0.0978811279281721,-0.109454702652685,-0.12190343362641,-0.0960849129233812,-0.0451628149121804,0.0562362036136542,0.421386900377503,0.694455165503294
"2021-06-27",-0.0807287826472452,-0.086501978746813,-0.0942169761418036,-0.106451639344765,-0.119587398434113,-0.0926647829852341,-0.0398165340811236,0.0646392393444194,0.434423241471967,0.705176828917466
"2021-06-28",-0.0806438115602847,-0.0873873537042435,-0.0964088321704506,-0.110766743457541,-0.126509485790337,-0.0992689596651738,-0.0431311652365636,0.0668278078086028,0.443173173660236,0.706471558555468
"2021-06-29",-0.0810855979782769,-0.0877719228006601,-0.0967424212315504,-0.111111237389627,-0.127242048087588,-0.102792268602025,-0.0489309048779669,0.0579495322629331,0.429741410640412,0.693899860086076
"2021-06-30",-0.0724404166206589,-0.0796231736090335,-0.0893526836191192,-0.10527706451174,-0.12457603202795,-0.108780604120372,-0.0591974950552776,0.0439320661214894,0.420273953115096,0.698601033706906
"2021-07-01",-0.0737484533230423,-0.0805309868639772,-0.0897033918364684,-0.104659007695153,-0.122531328203809,-0.105378683387647,-0.0563838961727066,0.0448188282711016,0.413528299798934,0.686840166089726
"2021-07-04",-0.0802967021022309,-0.0869243476138462,-0.0959091702066024,-0.110633442070064,-0.128501339564298,-0.113214938898145,-0.0657539830515776,0.0339755128015075,0.407376808085667,0.692584900517361
"2021-07-05",-0.0810324930299046,-0.0881112030775812,-0.0976900702785843,-0.113333822178765,-0.13216062509461,-0.11571426966818,-0.0663123140840524,0.0357862079831401,0.405271429843696,0.676264666554933
"2021-07-06",-0.077369841026486,-0.0841437855967941,-0.0933413000865837,-0.108467695594219,-0.127054381684625,-0.113372556350317,-0.066637743706622,0.0323495317553352,0.404800817778483,0.689867113485345
"2021-07-07",-0.079307212597277,-0.0863205898752655,-0.0958587845861008,-0.111604089271947,-0.131206993033069,-0.119268393128272,-0.0729914164478749,0.0258680280405628,0.399279142237517,0.685103096064449
"2021-07-08",-0.0832940863267481,-0.0906655491181612,-0.100652932501585,-0.117010587660623,-0.136902002801314,-0.121556057531646,-0.071803362369493,0.0316041503346475,0.40658771688999,0.681398624758181
"2021-07-11",-0.0928569831060592,-0.0996520779385636,-0.108853945464229,-0.12390161020521,-0.142056241066192,-0.126026490634273,-0.0776640416683311,0.0230651693820522,0.394049300118183,0.672039937476568
"2021-07-12",-0.0929780233257465,-0.0989063991470447,-0.106930860218685,-0.120028084370298,-0.135643704183878,-0.118849316933061,-0.0726148391395161,0.0244294312317442,0.394124505243949,0.684419267516787
"2021-07-13",-0.0932025377055896,-0.10046814253124,-0.110368894986622,-0.126784701589066,-0.147526196088756,-0.137675443405036,-0.0919548361721954,0.00690475174321714,0.383554020125865,0.673319442903835
"2021-07-14",-0.0924284200409376,-0.0989901027295395,-0.107906915938119,-0.12259797671495,-0.140751412509442,-0.128177680922151,-0.0833141300559455,0.0122515017400814,0.374539323351843,0.653947393778221
"2021-07-15",-0.0906882772419825,-0.0980950393270157,-0.108139485752595,-0.124626438511453,-0.144838735868613,-0.130943448336471,-0.082512122573784,0.0185359499460672,0.384662557920084,0.651956762503782
"2021-07-18",-0.0879102570687784,-0.0958138193088494,-0.106552705119085,-0.12425790674935,-0.146308304662227,-0.134514753876158,-0.0857457265165681,0.017029333258306,0.390529628429269,0.662634254544665
"2021-07-19",-0.0829780955839519,-0.0921365274132752,-0.104637710324266,-0.125468953822958,-0.152406537686508,-0.147973725918826,-0.100782616602226,0.00146096343803837,0.372989216704293,0.638955891625726
"2021-07-20",-0.0907352333001618,-0.0985614027976076,-0.109209720642569,-0.126814505142547,-0.14891209493012,-0.138129794325725,-0.0899978336004562,0.0125579616225073,0.391771797859181,0.673295591957337
"2021-07-21",-0.103180363065527,-0.110637454503095,-0.120769301755089,-0.137465884583965,-0.158183635065487,-0.145736830850254,-0.0977427442226197,0.00375152771167697,0.378447115144581,0.657337208124252
"2021-07-22",-0.0907352333001618,-0.0985614027976076,-0.109209720642569,-0.126814505142547,-0.14891209493012,-0.138129794325725,-0.0899978336004562,0.0125579616225073,0.391771797859181,0.673295591957337
"2021-07-25",-0.0923140665936535,-0.10076400220165,-0.112262412865363,-0.131288180392671,-0.15530635613608,-0.145919935858088,-0.0972654022252466,0.00597872948205547,0.379164319971706,0.647663240225339
"2021-07-26",-0.0823970040309152,-0.0902219239609982,-0.100873183408233,-0.118500724272998,-0.140707630577111,-0.130684722012647,-0.083332332682328,0.0177980356742271,0.39170250789033,0.668819973349758
"2021-07-27",-0.0816247006468211,-0.0895795345481428,-0.100418933837984,-0.11840037818957,-0.141238239523208,-0.132690567105159,-0.0861207085297382,0.0139748838606198,0.384887416574849,0.659586061298326
"2021-07-28",-0.0822393885047399,-0.0899548111306689,-0.100456687060449,-0.117836453605577,-0.139733674298414,-0.129946194687975,-0.0834297020336215,0.0158595197256653,0.382285354809187,0.653212648281847
"2021-07-29",-0.0885515307367032,-0.0965789652797824,-0.107502418126287,-0.125573620386861,-0.148351952452231,-0.138815637090388,-0.0916591500817954,0.0085526035588418,0.373410774614308,0.638518365244193
"2021-08-01",-0.0941877593064433,-0.101690773391969,-0.11191693976491,-0.128885565452633,-0.150425002279605,-0.141777762645344,-0.0967544156695628,0.000389284941194834,0.364862172335905,0.639199001926927
"2021-08-02",-0.0873459991079237,-0.0956101011622228,-0.106898615695578,-0.12572821063674,-0.150083921015218,-0.145018426047828,-0.100163126150076,-0.0020901617461544,0.364368129286339,0.636224433167474
"2021-08-03",-0.0853910314685574,-0.0940277552001358,-0.105837953674822,-0.125586860735454,-0.15135403343976,-0.148206532481293,-0.103550711683665,-0.00515862855454075,0.362304021903862,0.633418453865808
"2021-08-04",-0.087537273469993,-0.0959817910378221,-0.107480534674921,-0.126536115899981,-0.150720846737046,-0.142508845610561,-0.0950273542301967,0.00614048366178832,0.372098561608224,0.635016442920517
"2021-08-05",-0.0921064490373921,-0.100692989357171,-0.112324109462622,-0.131383607534174,-0.154732371062346,-0.140298067948435,-0.0877426975773803,0.0202399985887169,0.396022391042066,0.656911453311346
"2021-08-08",-0.0978319795233306,-0.105868295532875,-0.11676524588546,-0.1346557468906,-0.156667575570921,-0.143188715276494,-0.0931611362600523,0.0106276619312766,0.378994677981683,0.64068437550344
"2021-08-09",-0.0933126351099852,-0.10082003793302,-0.110970989980961,-0.127527682144031,-0.147419677664891,-0.130607653066073,-0.079828004648133,0.0241326877920637,0.39188966674934,0.654151690895707
"2021-08-10",-0.0950906544328306,-0.103257436743089,-0.114279305795822,-0.132193448413778,-0.153539725269591,-0.135225906910777,-0.0815870096885041,0.0263583977730946,0.395121948353285,0.647602486695179
"2021-08-11",-0.0923591277558799,-0.10071112534085,-0.112015303189511,-0.130503939693362,-0.152998230285317,-0.137582197460376,-0.0851335673961825,0.0222112421862254,0.395554353414234,0.655178767765139
"2021-08-12",-0.100313594069035,-0.108022340852501,-0.118462204975377,-0.135551253168769,-0.156338681122406,-0.141094599107075,-0.090654786751411,0.0134945380628492,0.384442369958242,0.650186957956451
"2021-08-15",-0.0941549011168251,-0.101788535676866,-0.112133466761708,-0.129089991288724,-0.14979778455809,-0.13512957276722,-0.0852760002442364,0.0181659912073743,0.389431269821457,0.657618090268012
"2021-08-16",-0.0904967915262027,-0.0996679998755738,-0.112127480040935,-0.132681250264629,-0.158455692348127,-0.148175863108446,-0.0968523501261008,0.0103336285268051,0.385403254373809,0.645223752863198
"2021-08-17",-0.0948486805018659,-0.102449984066417,-0.11277409214138,-0.129776647459593,-0.150846969010179,-0.138231370971712,-0.0897255984902772,0.0124760166303708,0.386740143197021,0.662588502312161
"2021-08-18",-0.0828220270932817,-0.0912655286330254,-0.102739078364866,-0.121666804517142,-0.14533882496047,-0.13435873477385,-0.0846241466744619,0.0198563123168524,0.393458600249316,0.659678205357645
"2021-08-19",-0.095576326978647,-0.102942801671184,-0.112947819478435,-0.129421629844566,-0.149804292415301,-0.137014666966051,-0.0891572867571431,0.0118368283637169,0.384215180539428,0.661236488229538
"2021-08-22",-0.0870081391287214,-0.0946832389828671,-0.10510237943338,-0.122245157086996,-0.143440490872381,-0.130613211752441,-0.0819298472694785,0.0201794823547049,0.390771521275317,0.661063321767523
"2021-08-23",-0.0911707410989877,-0.0992270643634323,-0.110161604723868,-0.128149266479847,-0.150408525011324,-0.137609580708196,-0.0876903774418404,0.0166235724539721,0.390860356740499,0.659762489534038
"2021-08-24",-0.0900312413287812,-0.0975907207236044,-0.1078320205471,-0.124606284905006,-0.14503348470715,-0.129945524147043,-0.0799796174263032,0.0235783660841077,0.395574173406375,0.664835112965723
"2021-08-25",-0.0956915561320257,-0.102231383745015,-0.111062679841849,-0.125414627592131,-0.142364754024028,-0.124220147494873,-0.0755967139722616,0.0241404008580897,0.385461164995154,0.652288740816917
"2021-08-26",-0.0932195836952913,-0.100314061315755,-0.109885908822236,-0.12541858710186,-0.143724945443673,-0.124671741655107,-0.0735816352061114,0.0301402709743385,0.396837808180452,0.659618800389952
"2021-08-29",-0.106825253420077,-0.11291987821073,-0.121134010136414,-0.134419296882551,-0.149806326699481,-0.129944435995596,-0.0814401633219829,0.0176063997085868,0.378832682172389,0.649225029365776
"2021-08-30",-0.0936824845134674,-0.10120878487402,-0.111371527254149,-0.127899621733733,-0.147575321858986,-0.129573777381752,-0.0780440752309979,0.0265479600663284,0.392215837068266,0.64990931119904
"2021-08-31",-0.0922683493476417,-0.0994640668769242,-0.109172076242749,-0.124927205212254,-0.143523389207115,-0.124756122631033,-0.0738153739487777,0.0293518576995159,0.391272987466177,0.648033388953164
"2021-09-01",-0.0954193615239829,-0.101134729861099,-0.108790732550797,-0.121000835753022,-0.13441587548948,-0.110200591333729,-0.0600863376064061,0.039700353763197,0.39471351627875,0.655215232552585
"2021-09-02",-0.0891556121212401,-0.0955065328217861,-0.104011269203118,-0.117575674370041,-0.132554220340058,-0.107411769657052,-0.0546291858600962,0.0493779783900616,0.408962809098964,0.663347864763126
"2021-09-05",-0.0909644200964279,-0.0963236728191954,-0.103486886190657,-0.114847795366697,-0.127023797971933,-0.101413198983754,-0.0512860000530795,0.0482735299557235,0.405234566000182,0.670873255429409
"2021-09-06",-0.0898478821262711,-0.096066358957924,-0.104423292607452,-0.117854727781889,-0.133079998583498,-0.110702645083156,-0.0599993541704041,0.0419114643480301,0.405269833490677,0.670945079345614
"2021-09-07",-0.0895747364037492,-0.0955512013843468,-0.103538435510863,-0.116210935915574,-0.129870397779069,-0.102856378610193,-0.0494073448724491,0.0558672649947294,0.424633277695053,0.690934151382711
"2021-09-08",-0.084939948749649,-0.0923636601354466,-0.102346035681312,-0.11843080216613,-0.136974441520739,-0.114859057962967,-0.060817915878026,0.0464960532542765,0.412783782173406,0.665512077916933
"2021-09-09",-0.085771813398343,-0.0921972686202212,-0.100800880396654,-0.114519471354708,-0.129652913497671,-0.104092962354747,-0.0505816877218124,0.0548232067189788,0.419153280393987,0.676868696832847
"2021-09-12",-0.0866041806805512,-0.0928449333416011,-0.101217786287177,-0.114624992909141,-0.129624231960616,-0.105856614451321,-0.0541344597968634,0.0489547396363551,0.412343083086001,0.675005196024364
"2021-09-13",-0.0901863305627791,-0.0970541864683087,-0.106230815453222,-0.120803173438787,-0.136702831065273,-0.109342039327822,-0.053624602846001,0.0542546848215384,0.414422713546302,0.659080250231575
"2021-09-14",-0.0855074563345045,-0.0933229157363892,-0.103859596792293,-0.12094200347225,-0.141098456603149,-0.121731006292815,-0.0685194874561845,0.0381966795609248,0.403454329775198,0.654822457016958
"2021-09-15",-0.0880344324046276,-0.0944323063994973,-0.103002977128225,-0.116684760367913,-0.13185147063731,-0.107070808128044,-0.0544782097035468,0.0492104929911154,0.407276145114467,0.660033894258952
"2021-09-16",-0.0871013341225482,-0.094184688395434,-0.103608299342091,-0.118428841584258,-0.134035064125844,-0.102375546254549,-0.0429710850631834,0.0697072612748063,0.435004594766919,0.675891668723631
"2021-09-19",-0.0967605820164589,-0.10344560726866,-0.112350347532452,-0.126389494472121,-0.141277949867589,-0.111477448240979,-0.0546796208092842,0.0540771827213319,0.413283382637699,0.655259902832053
"2021-09-20",-0.089368582529805,-0.0964820596257621,-0.106029329278065,-0.121345253735232,-0.138704770444837,-0.115027931432545,-0.0609436958085139,0.0457473134248487,0.408984324598155,0.659801402301952
"2021-09-21",-0.0966909954053175,-0.103727172429304,-0.113155830871412,-0.128226906158789,-0.145079102578927,-0.119922440250112,-0.0650007807157034,0.0426461371119227,0.406989285668687,0.657476810223633
"2021-09-22",-0.0975348166699024,-0.104321732592005,-0.11340699802589,-0.12789236346162,-0.143917794782786,-0.118099626858624,-0.0635410015827006,0.0431666973097505,0.405045994023495,0.654966825970378
"2021-09-23",-0.0889300452992732,-0.0956834544689475,-0.104670114901409,-0.118803993821941,-0.133641973262765,-0.102366835920361,-0.0439620054599696,0.0675429131989487,0.43509857371999,0.682486890916455
"2021-09-26",-0.0949543387325499,-0.101046670682886,-0.109121489978744,-0.121693045263376,-0.134276901175712,-0.100523681636542,-0.0420922388713708,0.0690551942096872,0.439611937780257,0.694086895618688
"2021-09-27",-0.1024396193629,-0.107797660919347,-0.114789806876071,-0.125268369347328,-0.133983931149004,-0.0914240641819756,-0.0294127432639123,0.0842105753001066,0.448783192064648,0.691682808372883
"2021-09-28",-0.0924416429307035,-0.0970254126493941,-0.102997287823307,-0.111895613722472,-0.118968193525004,-0.0786584211649876,-0.0205360013210321,0.0874059275942064,0.447075527379366,0.698599475232623
"2021-09-29",-0.117144634470942,-0.120528429563927,-0.1248236507718,-0.130780101002161,-0.133390778613494,-0.0874823487839939,-0.0293196706556468,0.0764796776342405,0.428707762744319,0.679137539012464
"2021-09-30",-0.091663705075718,-0.0969439192232442,-0.103926281876871,-0.114728316362578,-0.125180201977425,-0.0922866153775231,-0.03744901950109,0.0671946300061483,0.422737094106815,0.673582630205767
"2021-10-03",-0.0922065399074891,-0.0979422334328542,-0.105578848444378,-0.117589165096768,-0.13008633015774,-0.100899853210503,-0.0470164078440611,0.057688168036265,0.418972993478698,0.676451676671343
"2021-10-04",-0.0950600328570766,-0.100558495556311,-0.107843911912912,-0.119168342293056,-0.130358038364411,-0.0977260031569985,-0.0419003783232044,0.0652672541990947,0.431961557019393,0.692326358388408
"2021-10-05",-0.093557074199513,-0.0995392553238593,-0.107429581849419,-0.119574943922932,-0.131157455650576,-0.0943332424357465,-0.0344878274979675,0.0773863212860069,0.441493580022122,0.68564240537237
"2021-10-06",-0.0932643794673949,-0.0990064153294719,-0.106576226504243,-0.118211001984909,-0.129209231010753,-0.0928130323033912,-0.034099793633031,0.0758586995058763,0.43614610203403,0.679910899225896
"2021-10-07",-0.0958621536995607,-0.100314388284099,-0.106074082012879,-0.114502246245015,-0.120503124045256,-0.0766877163534093,-0.0164916006034528,0.0937474258519012,0.45471156225429,0.703114169437921
"2021-10-10",-0.100125558273818,-0.105174789406669,-0.111724021748254,-0.121384935578786,-0.128704131834529,-0.0833263322246497,-0.0201571507720967,0.0946320833816306,0.461305946084555,0.705533332098803
"2021-10-11",-0.090819460174405,-0.0966437359727181,-0.104253626667426,-0.115701765664092,-0.125480944853281,-0.0819665013984522,-0.0179116784926825,0.0987925015385208,0.46674868322667,0.70641706828346
"2021-10-12",-0.0976451462722878,-0.102795959680896,-0.10949949442489,-0.119474977775907,-0.127440480693684,-0.0840345844346595,-0.0221303508583873,0.0909169827243479,0.45333357997699,0.695125285167088
"2021-10-13",-0.0997979444695999,-0.103861591526156,-0.109095031321192,-0.116656474897529,-0.121544045919599,-0.0774416731551499,-0.0181888277230421,0.0904526523827716,0.450499364848296,0.702835627311601
"2021-10-14",-0.0961286197220009,-0.100470641155686,-0.10610501106149,-0.114410836869944,-0.120574639168799,-0.078914943435543,-0.0204257680603923,0.0879244225463105,0.450277771982764,0.705699645222784
"2021-10-17",-0.0960000550719085,-0.101106256595469,-0.107736566727092,-0.117545666569086,-0.12511724008978,-0.0803171001577722,-0.017496867096903,0.0967284578167105,0.461191495749434,0.703399743669958
"2021-10-18",-0.0925055630961272,-0.0976593697175552,-0.104366540386234,-0.114345511698728,-0.122298559856893,-0.0786547098503576,-0.0164178171942896,0.0973417123176508,0.462899244656403,0.707501551730002
"2021-10-19",-0.0890163506875242,-0.0936861863842686,-0.099730197525824,-0.10858920946196,-0.114993874239532,-0.070168174904404,-0.00850707978972798,0.103982758271936,0.468543415612747,0.716148548421031
"2021-10-20",-0.0887939610597184,-0.0935414086453,-0.0997046633817473,-0.108810467785821,-0.11572954614492,-0.072434692069191,-0.0116686175950962,0.0997532094916941,0.462772952357649,0.710363233772729
"2021-10-21",-0.100831000290295,-0.10458337733689,-0.109341588699987,-0.115929211994464,-0.11881942312146,-0.0689550290156875,-0.00644934760674942,0.105914857744944,0.470216231321163,0.720946888709134
"2021-10-24",-0.095303357241205,-0.0990605026172452,-0.103829345257866,-0.110449186409908,-0.113437146022459,-0.0639764509915808,-0.00172569401583222,0.110371785554746,0.474790122139017,0.726316417621129
"2021-10-25",-0.0991943802677442,-0.103041357225415,-0.107882150046996,-0.114448063175132,-0.116725324369043,-0.0630810828918235,0.00181096650293938,0.116050510182641,0.472328582708597,0.706987918314235
"2021-10-26",-0.0879224243622352,-0.0932302151576348,-0.100168848528575,-0.11061054533042,-0.119475619813142,-0.0782914492926363,-0.0173733162740426,0.0949126064527031,0.458683797574925,0.703553590368824
"2021-10-27",-0.0925889620073326,-0.0966606599475599,-0.101900366578604,-0.109456778286721,-0.114286192291667,-0.0699425486337893,-0.0106745782982155,0.0976281486430818,0.454173060403044,0.702119914990427
"2021-10-28",-0.111120344268067,-0.114097887779453,-0.117735272135922,-0.12223078956691,-0.121532062697105,-0.0653797093277009,-0.00190159578096305,0.108307361024727,0.450499586198042,0.677070370065282
"2021-10-31",-0.0830856449285556,-0.0893172317301379,-0.0974898565000329,-0.109908313739309,-0.121130687952185,-0.0797757075590705,-0.0165747819636299,0.0986181928958909,0.457807521146769,0.687770865401704
"2021-11-01",-0.0791563528934887,-0.0861303291266119,-0.0954296026042345,-0.110127752663209,-0.125882729729998,-0.0961792936506473,-0.0382359871387649,0.0729860660988951,0.44041747769573,0.687582151118841
"2021-11-02",-0.0922589923637876,-0.0976701505251739,-0.104778177066036,-0.115603480954865,-0.125369552895845,-0.087287763440862,-0.0283188882992439,0.0816145685531924,0.442407307706494,0.688006136922336
"2021-11-03",-0.0829067498375564,-0.0887411805285361,-0.0964827228977434,-0.10856373719575,-0.120755660401045,-0.0887505381901709,-0.032589297480357,0.074955379087533,0.438011353799646,0.690916403806419
"2021-11-04",-0.0823132907730833,-0.0885508864782012,-0.0968919113215978,-0.110147444322721,-0.124556009641625,-0.0977195955449198,-0.0436061778108153,0.062811435073637,0.432447665279738,0.696212924766503
"2021-11-07",-0.0792297751873366,-0.086419281603084,-0.0960812841699749,-0.111625079408321,-0.129408058207409,-0.106416182119919,-0.0521525001212459,0.0557220900204789,0.427310525992358,0.687069769617118
"2021-11-08",-0.087330290794326,-0.0946602665721133,-0.104481374062868,-0.12017604261438,-0.137715960246925,-0.111534776265494,-0.0544568200313758,0.0572853887237239,0.434557859473481,0.693181991595953
"2021-11-09",-0.0843566459686791,-0.0915494199387511,-0.101140561140714,-0.116302728090797,-0.132582237833744,-0.10239738404686,-0.043294980260621,0.0699556408430044,0.442229726703072,0.691081943765409
"2021-11-10",-0.0831760664079954,-0.0899090863275158,-0.0988930846597641,-0.113108886512925,-0.128371566522862,-0.0991779180048408,-0.0419956088953503,0.0686046501599269,0.440307039704905,0.695544461058427
"2021-11-11",-0.100506602201215,-0.105498684190609,-0.11200713023078,-0.121729569865477,-0.129619113582262,-0.0876713780130855,-0.0269475868645886,0.0851006402728213,0.45185270688949,0.702520115584488
"2021-11-14",-0.0930972791001277,-0.0993275827402611,-0.107554778691889,-0.120256058788047,-0.132543311080145,-0.0956061173955228,-0.0346344561033811,0.0795372890722906,0.45093216212243,0.699452853604524
"2021-11-15",-0.111892008454153,-0.116294020973534,-0.121959599227447,-0.130139154556851,-0.135450243632761,-0.0887701656845654,-0.0265339172800251,0.0864282741038355,0.452246129167727,0.701472698083617
"2021-11-16",-0.113392864253193,-0.117533751722719,-0.122839219697627,-0.130401609062909,-0.134818675147911,-0.0870796224083276,-0.0246971284291534,0.0884607154631404,0.457371121721966,0.711538169283543
"2021-11-17",-0.105659752470486,-0.110030121595573,-0.11564771163053,-0.123732049273258,-0.128872526216662,-0.0820511103574029,-0.0201250372418487,0.0917923447338505,0.45140541906051,0.694260792520915
"2021-11-18",-0.106005847063917,-0.110842213420958,-0.117104650478387,-0.126299250257608,-0.133048532594707,-0.0878252664927605,-0.0255346792234012,0.0876423146286479,0.450472880191127,0.693539397648049
"2021-11-21",-0.127516505399635,-0.131625357820748,-0.136862145217427,-0.144223526289801,-0.148054507440418,-0.098107988444049,-0.0345460826246621,0.0794177679034163,0.443958677637189,0.690043162296496
"2021-11-22",-0.127965612471902,-0.131974255138657,-0.137067485680529,-0.144164755905517,-0.147550208545525,-0.0967717115140296,-0.0329435905529123,0.0811654931561104,0.445358010170188,0.69094850401087
"2021-11-23",-0.129053960705831,-0.132760056169705,-0.137422028826172,-0.143732675112363,-0.145811542106627,-0.0926491678269768,-0.0280372606285846,0.086626753607315,0.451055694603797,0.696730282459316
"2021-11-24",-0.120029936417036,-0.123640479484894,-0.128171690817504,-0.134262452673871,-0.136043422996619,-0.0827332095340527,-0.0183484319584081,0.0958245813570845,0.459011768252421,0.704363337855841
"2021-11-25",-0.13262279844736,-0.133967898967483,-0.135409995515082,-0.136343275554608,-0.131262731085443,-0.0750568096934927,-0.0159337588190339,0.0881020403517668,0.437612719843425,0.698259709439954
"2021-11-28",-0.097630255822456,-0.103879302473362,-0.112110360137084,-0.12474152210716,-0.136640752546358,-0.0975095499517023,-0.0348802713492323,0.0814352119480515,0.455726638667552,0.703599907949295
"2021-11-29",-0.125372896226756,-0.130127207904664,-0.136305125405953,-0.145454026447517,-0.152501342474144,-0.109734454430532,-0.0493086675407495,0.0617364889950142,0.424682077394295,0.673012257814247
"2021-11-30",-0.0921480345027719,-0.0990079336840853,-0.108154262156318,-0.122605788270837,-0.138063047480843,-0.108398141713249,-0.0508025072285483,0.0598823265873099,0.426975343202698,0.675174010743873
"2021-12-01",-0.0943204686600798,-0.100773919995954,-0.109348357517717,-0.122779858886206,-0.136609337155807,-0.104099489848841,-0.0454011600572297,0.0666789006254137,0.439479095769901,0.693854127066439
"2021-12-02",-0.0856209942096452,-0.0929276177715631,-0.10271365678377,-0.118339394093388,-0.13575478800779,-0.109411711479668,-0.0524461324013991,0.0588204918832002,0.433104851609351,0.688667957045025
"2021-12-05",-0.0777587346801697,-0.0861459841437325,-0.0974728544369002,-0.115910368996898,-0.137997944639112,-0.120142833251371,-0.0658928028068351,0.0436310568334899,0.418522946545965,0.675408784895393
"2021-12-06",-0.114304466287751,-0.119890210642607,-0.127255194983526,-0.13857310805032,-0.149217087415684,-0.112663451734375,-0.053730111990696,0.0574317028888665,0.428210693944659,0.684686767983682
"2021-12-07",-0.11917015309073,-0.124070525777582,-0.130494071710474,-0.140215297710922,-0.148635392926312,-0.110416386601589,-0.0524729539244558,0.056378285870135,0.423151449920904,0.681774892860298
"2021-12-08",-0.105964316845303,-0.111234376698277,-0.118212450071458,-0.129037927545972,-0.139616231492297,-0.107052186107692,-0.0519731767256031,0.0539828488985266,0.419682376620499,0.682461123122268
"2021-12-09",-0.0885844170492322,-0.0911730075474655,-0.0944948369905318,-0.0992225259166069,-0.101754595282495,-0.06685304763213,-0.0195054960647653,0.071391080077562,0.410846382788348,0.688766046568082
"2021-12-12",-0.0918771653944426,-0.0984906344852989,-0.107314542811958,-0.121274882743052,-0.136253887002861,-0.107505022952805,-0.0512730574278312,0.0574676915263225,0.422872716218764,0.67377161967872
"2021-12-13",-0.0892373022031192,-0.0963677890619942,-0.105901863770691,-0.121067221091515,-0.137730937610688,-0.110342030985862,-0.053500459899384,0.0567211897581738,0.424458085421876,0.673731027240085
"2021-12-14",-0.0873790157476307,-0.0947973744482421,-0.104727496048345,-0.120567740253313,-0.138190454416904,-0.111747161189971,-0.0547932025777875,0.0558002040560882,0.423043865289119,0.669979359589355
"2021-12-15",-0.0723162095870527,-0.0807060483105695,-0.0920438256535556,-0.110526539711054,-0.132784892559018,-0.115871103553081,-0.0624357051559823,0.0457951467623482,0.417001271526623,0.671571696654287
"2021-12-16",-0.0925397869149925,-0.100230643451748,-0.110541674284164,-0.127050643358216,-0.145687492677085,-0.120486059151397,-0.0634738178315009,0.0477958003190869,0.417973906788903,0.666700623646116
"2021-12-19",-0.0721385252640199,-0.0804734223472217,-0.0917353816257165,-0.110086655801449,-0.132139648943205,-0.114742927815876,-0.0608960227965948,0.0482188238325619,0.423904809633783,0.682950425863717
"2021-12-20",-0.078927261722616,-0.0862813443882027,-0.0961638087224607,-0.112062336178793,-0.130270014484416,-0.107193432051848,-0.0524069339434672,0.0562584205625599,0.428144017334105,0.685975431872521
"2021-12-21",-0.0905599604584953,-0.0965988985122753,-0.104614857033809,-0.117138124805868,-0.129855550102031,-0.0976065290437951,-0.0405529203109206,0.0685518604225418,0.434811974738658,0.688003044647498
"2021-12-22",-0.0699399534876498,-0.0766623724664801,-0.0856542845958141,-0.0999619329993728,-0.115647148404272,-0.0886562860724232,-0.0330463056317919,0.0756721276376576,0.446105751495841,0.703850451036655
"2021-12-23",-0.0727378823695518,-0.0793759383182584,-0.0882372934260633,-0.10227165595093,-0.117376775833116,-0.0885998270703968,-0.03190863246454,0.0781454353981779,0.450766125049014,0.708858562616111
"2021-12-26",-0.088124282631783,-0.0943402372301691,-0.102595870384972,-0.115513960787987,-0.128740766690114,-0.0966655589813434,-0.0392444443819708,0.0704604458742161,0.436710725971378,0.687929666610961
"2021-12-27",-0.0901966711741788,-0.0957109457626941,-0.102994660491142,-0.114233322382722,-0.124984071522935,-0.0898496014491829,-0.0320598195824739,0.0777824297397947,0.448873458127236,0.709176533324123
"2021-12-28",-0.0792301532085649,-0.085598952225227,-0.0940876699630761,-0.107479767149619,-0.121647792972172,-0.0918343118520112,-0.0351839946298714,0.0745306902970091,0.447211321105055,0.707090477389912
"2021-12-29",-0.0750578681498718,-0.0814560486718115,-0.0899860567621647,-0.103451311115324,-0.117732103912898,-0.0880578880141944,-0.0313922375335385,0.0784312657197169,0.451662879569613,0.711981500720599
"2021-12-30",-0.0915772406606146,-0.0963130209233463,-0.102518182232009,-0.111896159419392,-0.119941820244379,-0.0821298636590319,-0.025014955342657,0.0825388941739245,0.447643772406085,0.707631335240804
"2022-01-02",-0.0750578681498718,-0.0814560486718115,-0.0899860567621647,-0.103451311115324,-0.117732103912898,-0.0880578880141944,-0.0313922375335385,0.0784312657197169,0.451662879569613,0.711981500720599
"2022-01-03",-0.123232635139628,-0.125052173112394,-0.127134887103624,-0.129114506870333,-0.125330642266619,-0.0689384114252858,-0.00806103928402357,0.0990100026006229,0.452413358672306,0.708208298789349
"2022-01-04",-0.0839704931811604,-0.0888207478021262,-0.0951702226070821,-0.104747887916711,-0.112902905636123,-0.0741074297669851,-0.0159735284536101,0.0929043731477188,0.458446908796847,0.715371440238069
"2022-01-05",-0.0748484282048718,-0.0798826096955124,-0.0863704825295291,-0.095786222727041,-0.102239687119816,-0.052940301307366,0.0128228009931223,0.130495601811461,0.497892703256885,0.737008197317795
"2022-01-06",-0.0743081659195559,-0.0782941441636156,-0.0833128150044023,-0.0901342462805008,-0.0925895025104305,-0.0378609040585833,0.0283370200808617,0.14459372998728,0.504902077790311,0.740358784159082
"2022-01-09",-0.0832057114196446,-0.0874351897249626,-0.0927825480742441,-0.100142384098952,-0.103283825606774,-0.0487782009555909,0.0178848833910446,0.134838180925116,0.494590650856935,0.727108433287429
"2022-01-10",-0.0805540826668762,-0.0843748938232433,-0.0890635427596917,-0.0949721821203416,-0.0948765265524606,-0.0307383833477635,0.0406623963987094,0.161282879802373,0.512500792225672,0.727579460176746
"2022-01-11",-0.0771621436604044,-0.0820011740575718,-0.0881949298883084,-0.0970254161789152,-0.102370543220883,-0.0508611586633299,0.0151855084190786,0.131616925440523,0.48717364958525,0.713477138564157
"2022-01-12",-0.0790199908370059,-0.083153764758635,-0.0883763477950207,-0.0955495411363456,-0.0985366623169962,-0.044786727971228,0.0207844464463472,0.135751621924894,0.489228153945145,0.717638821661838
"2022-01-13",-0.079634227621435,-0.0828863990772644,-0.0867818983333944,-0.0913000189756972,-0.0890751029678784,-0.0217827827454472,0.0504331443230586,0.171782395304827,0.526511311255735,0.746099351216059
"2022-01-16",-0.0778815371073946,-0.0818265331557309,-0.0867277413177434,-0.0931395712978179,-0.0942549121029312,-0.033906322165203,0.0357089420923958,0.155267992852667,0.512576169809952,0.73730197528441
"2022-01-17",-0.0707017130109291,-0.0756362540013794,-0.0818384486528291,-0.0902628218778505,-0.0935151303389321,-0.0313634856950001,0.041636295637008,0.165264423146058,0.519079971796278,0.729635449986646
"2022-01-18",-0.0686648178271534,-0.0743931770845369,-0.0817388152337083,-0.0922854664679022,-0.0991667110442661,-0.043822846963678,0.0271916386175025,0.150303485905254,0.510876224606313,0.729035667665023
"2022-01-19",-0.064699929853557,-0.0701739838751709,-0.0771869806632873,-0.0872253247389888,-0.0935930670852499,-0.0389048996158427,0.0310779308883878,0.152885391841268,0.513509905665904,0.734611027582977
"2022-01-20",-0.063165219717846,-0.0682511800847347,-0.0747675480973729,-0.0840876978157942,-0.0899007146271187,-0.0373784763092572,0.0301658673149006,0.148868035984958,0.508131294729048,0.734220418905368
"2022-01-23",-0.0662786491909301,-0.0711394439938709,-0.0773747176628243,-0.0863139316143783,-0.0919387825694553,-0.0412167173260969,0.0246614571815589,0.141526576145845,0.502261476390577,0.734534083448641
"2022-01-24",-0.0666980521484686,-0.0714012609673082,-0.0774228018786901,-0.0860086191331948,-0.0911725773999438,-0.0402674512194298,0.02528609458033,0.141569284039491,0.501678416067764,0.734738915910978
"2022-01-25",-0.0692315027921395,-0.0733531849859212,-0.0785730613510107,-0.0857877269664886,-0.0889884276390363,-0.0361234954027055,0.0291468361228325,0.144426783318631,0.503738761986787,0.739513514916912
"2022-01-26",-0.0667179572131125,-0.0705973290609241,-0.0754039679689184,-0.0816398207854118,-0.082450527295296,-0.0214776066371588,0.0483867316152048,0.168167869290913,0.525658979089401,0.750355671752189
"2022-01-27",-0.0618864072429966,-0.0650753729421116,-0.0689724908132502,-0.0737958013608843,-0.0730896616783578,-0.013294274477673,0.0542916300807159,0.171533833618543,0.534776180685364,0.774625956887651
"2022-01-30",-0.0765987637127912,-0.0791222514489368,-0.0820894684564217,-0.0852766428037915,-0.0820421277112283,-0.0183061679322805,0.0505375367798947,0.169345180308298,0.541118136986507,0.791835804277959
"2022-01-31",-0.0712660130870043,-0.0737844220014439,-0.076707745394748,-0.079691758834479,-0.0756915466928587,-0.00830778833119833,0.0630427085463341,0.184753264512862,0.557782581337767,0.803604706857763
"2022-02-01",-0.0695802015092463,-0.0731868560854245,-0.0775480560705844,-0.0827759250339633,-0.0811955864716821,-0.011474329818306,0.0645078658550101,0.19283848768272,0.570116384468981,0.80471801547325
"2022-02-02",-0.0718740492470132,-0.0751176394052391,-0.0789789351153038,-0.0833539982412752,-0.0805620124414237,-0.00971444124472498,0.0659820469465082,0.193459958620641,0.56910976672579,0.804175254155029
"2022-02-03",-0.0798146479050171,-0.0816252486714354,-0.0834961889875103,-0.084415636283513,-0.0764882921549392,0.000577779702857217,0.076474580402694,0.202398671235379,0.575419858468403,0.814154476288066
"2022-02-06",-0.0731891114579191,-0.0757314666168945,-0.0785801261684109,-0.0810590146867744,-0.0749100506097593,0.00373919549651885,0.0835989547457571,0.216622147524419,0.607877287671454,0.854443072643689
"2022-02-07",-0.075689551523095,-0.0769704097247153,-0.0780608609258692,-0.0774660832449698,-0.0666701903450097,0.0181144593226997,0.0986766435064897,0.231106406424052,0.622069428265998,0.873200606721323
"2022-02-08",-0.0815927388353454,-0.0825680691064758,-0.083236371680861,-0.0819193964667964,-0.0701113827622619,0.0151860627200539,0.0947594881232209,0.22472195217039,0.6060564738492,0.850111243153528
"2022-02-09",-0.0707370586729959,-0.0728887098070639,-0.0750735448791972,-0.0759834627734706,-0.0659867350399626,0.0262142593837186,0.11441428769697,0.257027517086978,0.657625361863728,0.898651026468296
"2022-02-10",-0.0800124809386247,-0.081165077032509,-0.0820313218221964,-0.0808891068509679,-0.0687052417664216,0.0210907395078854,0.104716203154555,0.240516839032672,0.633029312968246,0.879437652808732
"2022-02-13",-0.0701126327612806,-0.0716130456702816,-0.0729877218011285,-0.0728111629100793,-0.0623346231729521,0.02428250766058,0.107338474801464,0.244151933251976,0.648046603507566,0.90692703433286
"2022-02-14",-0.06732984889649,-0.0687979936006397,-0.0701376972116268,-0.0699324474968787,-0.0595167325402084,0.0266396920701605,0.109577694380492,0.246802370571109,0.655957499213503,0.921407614614089
"2022-02-15",-0.0672934432904251,-0.0682296753939499,-0.0688580065871288,-0.0675091653947538,-0.0557057555780538,0.0306930209572582,0.112828885451559,0.249641728598425,0.669003605838199,0.952135362108447
"2022-02-16",-0.0598173643309572,-0.0606662794631726,-0.0612070723427684,-0.0598156974005004,-0.0482985546042622,0.0365890166980206,0.118689441176988,0.258079503257692,0.704536082841946,1.02309355983605
"2022-02-17",-0.0601256570744158,-0.0609323122193809,-0.0614400190672703,-0.0600873125864475,-0.0490353958660691,0.0319462016377928,0.109924226609973,0.24177226228938,0.660280374512811,0.955571974689211
"2022-02-20",-0.0611608943849095,-0.0624521506963368,-0.0636061017796609,-0.0632865176091227,-0.0534727172807174,0.0272464146480141,0.105683894379478,0.236999723909711,0.639396541597685,0.909490912830948
"2022-02-21",-0.0506039411085975,-0.0538095680405644,-0.0576608655245479,-0.0621553636044214,-0.0599668642346938,0.00882510580575369,0.0845298953113658,0.215001002978054,0.617693141603638,0.883543515705417
"2022-02-22",-0.0606489657581377,-0.0631974591133121,-0.0661326382124551,-0.0690259577944178,-0.0644262255546716,0.00736994396374213,0.083151635517478,0.212686248105314,0.612646920093181,0.87892753299514
"2022-02-23",-0.058970998064446,-0.0615303616402585,-0.0644875528154936,-0.0674387654656707,-0.0629671319897286,0.00892278425057569,0.085473432001991,0.217298513876494,0.630688270982929,0.911040810799163
"2022-02-24",-0.0705347130089695,-0.0720914792991403,-0.0735791547372258,-0.0737126660534204,-0.0640716420341736,0.0200114093978305,0.10238269613502,0.240306203699374,0.660901889462191,0.940852743429546
"2022-02-27",-0.0687111389235386,-0.0713380892182619,-0.0744112744515522,-0.0776390322176493,-0.0738451458532582,-0.00420694610160088,0.0711676218505184,0.202109276829727,0.618916087633942,0.906247501528139
"2022-02-28",-0.0626419790592197,-0.0660901354515995,-0.0703975919420178,-0.0760903427210508,-0.0771312978639961,-0.0201324629046705,0.0489821422719778,0.173968283430313,0.592203586858715,0.893687818322325
"2022-03-01",-0.0592356308083537,-0.0635244145822809,-0.0689723407812077,-0.0765473896395311,-0.0799990458049925,-0.0232149125774266,0.0486894899604068,0.17891988928181,0.60761841070421,0.908030313439012
"2022-03-02",-0.0589893257962168,-0.0635655275377515,-0.0693401069379174,-0.0772368997236017,-0.0803039484512247,-0.0185611258000002,0.0568120678229876,0.189799489873739,0.605264405170419,0.879131645583351
"2022-03-03",-0.0628147418454316,-0.0662414795040171,-0.0704581042324245,-0.0757875067261759,-0.0755729633132429,-0.0134833363467971,0.0581994149724292,0.184217646126455,0.584561681667448,0.856564647356324
"2022-03-06",-0.0585506296090368,-0.0639566418784867,-0.0709275773529299,-0.0810531185185083,-0.0879923181391523,-0.0343425824459954,0.0376269478594201,0.167274048432077,0.578106176582449,0.850265065461127
"2022-03-07",-0.0582341685578597,-0.063103801479868,-0.0693152111185559,-0.0780662850130628,-0.0827176913397898,-0.0241701099374587,0.0505875728613288,0.184729764097042,0.614072478158686,0.903983283771676
"2022-03-08",-0.0584491759335955,-0.0630086165395697,-0.0687975384933369,-0.076847031998488,-0.0805947757357369,-0.0221282889723157,0.0512083276340065,0.182357653119907,0.601668291286182,0.885141979699351
"2022-03-09",-0.0728637942451038,-0.0748286152054813,-0.0769426337681184,-0.0783720841811242,-0.0714417043116675,0.00436606201056711,0.0816498575910753,0.213065263589514,0.621285310162883,0.897218544112349
"2022-03-10",-0.0606042490575513,-0.0641614328348302,-0.0684734146665957,-0.073669371265207,-0.0721409868129706,-0.00153060587234,0.0769387270768597,0.212073720283354,0.626232480598687,0.896730883493044
"2022-03-13",-0.0571113721066161,-0.060001412217623,-0.0632993209608976,-0.0664369370959766,-0.060786536280087,0.0206953922148421,0.104343296768004,0.243906206261944,0.653709859318119,0.910869451991673
"2022-03-14",-0.04662733638915,-0.0497604815869089,-0.053430558414961,-0.0573300941780409,-0.0532131062586744,0.0243922393301769,0.106476887597992,0.245321261800383,0.66148741050705,0.928056441202979
"2022-03-15",-0.0588563221761858,-0.0609763817957583,-0.0632999658196551,-0.065071323899575,-0.0585613831250274,0.017370228901734,0.0953375390522966,0.228039584710989,0.639540289086299,0.9166214128887
"2022-03-16",-0.0645124530927321,-0.0663596481297774,-0.0683078197448236,-0.0694401790965758,-0.0620301458757693,0.0146653649049621,0.0923444898884946,0.224327161031561,0.635052000189596,0.913748776832337
"2022-03-17",-0.0608636281411119,-0.0618443207460978,-0.0625726864114509,-0.0615336489629999,-0.0507179728030336,0.0308976646083796,0.109190927457789,0.240250707992722,0.645257614577061,0.921071714287626
"2022-03-20",-0.0658488956833072,-0.0670012815286232,-0.0679681961756179,-0.0673431826764347,-0.0571396184937759,0.0237898209247318,0.102140743960449,0.233545664129713,0.639294997205104,0.914681052654457
"2022-03-21",-0.0659856854212933,-0.066303166008006,-0.0660918983549652,-0.0633569276393959,-0.049777548344039,0.0367677288478214,0.116816007360007,0.249667250016334,0.660629108721771,0.943649445400471
"2022-03-22",-0.0674301505720058,-0.0684835607814815,-0.0692322147242117,-0.0679433312195364,-0.055665726592885,0.034918131323698,0.120684114126148,0.262650608419804,0.691178327827206,0.974893651621261
"2022-03-23",-0.0692362895087718,-0.0698280401864097,-0.069877973828932,-0.0671807173656341,-0.0521170084423709,0.0455861042415904,0.134534439190892,0.278798063677543,0.700753033586374,0.971332099126944
"2022-03-24",-0.0680126435142396,-0.0678945606500615,-0.0670056017933596,-0.0628401831566838,-0.0461842966699252,0.0500463615734859,0.136056498879467,0.276320633564282,0.698967024305587,0.982534123947204
"2022-03-27",-0.0703830955780944,-0.0702408064265833,-0.0692448224620568,-0.0646352339435108,-0.0463370546062725,0.0582693679852057,0.150833728933461,0.300354239218641,0.741658274901869,1.03034230639925
"2022-03-28",-0.0732223230542614,-0.0725676212134594,-0.0708765918738093,-0.0651116431973187,-0.0452392251619755,0.0612248958914481,0.154726873890149,0.307112871844157,0.771923541032039,1.09080689878877
"2022-03-29",-0.0764553399930517,-0.0774733285784389,-0.0781294840323179,-0.0765232765547727,-0.0631476642035327,0.033332254377631,0.124278802562341,0.27468469802774,0.728880861127846,1.03009713727351
"2022-03-30",-0.0820477643737279,-0.0816982111265859,-0.080502318282433,-0.0758578691427438,-0.0587128555882011,0.0363825351533329,0.120386974876982,0.256914088744167,0.667883613972166,0.944204041393315
"2022-03-31",-0.0773240874026455,-0.0789115947535067,-0.0803962949492942,-0.0803643347917302,-0.0698709846817718,0.0191433317750207,0.10547081225797,0.248959570448636,0.68029733848019,0.962672156214485
"2022-04-03",-0.0751662232644311,-0.0769858188509442,-0.0788073967401212,-0.079409755699459,-0.0700356011346814,0.0166487649665926,0.10210485804436,0.245009612966864,0.677468992554582,0.962006343892807
"2022-04-04",-0.0833694407804455,-0.0838316289885051,-0.0837828005174765,-0.0811891309213499,-0.0672494301687372,0.0240025128124596,0.108962817932003,0.250230160368945,0.687505315911821,0.988352183570843
"2022-04-05",-0.0749532602063081,-0.0752212784240849,-0.0748574533496908,-0.071557081874724,-0.0559569593683324,0.04131925857247,0.130472418283391,0.277551732357437,0.727573725709105,1.03367563809443
"2022-04-06",-0.0908478372700272,-0.0901054135580439,-0.0883101473199641,-0.0824284875426241,-0.0626430468694629,0.0417676911056585,0.133035498858509,0.281575419005937,0.734514883409164,1.04559360291082
"2022-04-07",-0.106048115830567,-0.106734697435276,-0.106824061797084,-0.103874422552878,-0.0872427121527093,0.019726350844378,0.115876868630331,0.269758037146138,0.706867749870262,0.977446887446834
"2022-04-10",-0.100882742620854,-0.102672219038929,-0.104218687866576,-0.103539354627905,-0.0893188000870325,0.0206779841315008,0.122540925862977,0.285516445707888,0.739164304359577,1.0108494015585
"2022-04-11",-0.103702020008889,-0.105376309510074,-0.106701238681448,-0.105427928938304,-0.0895776039935498,0.0265573865218596,0.13211945349077,0.298986736497586,0.753644219698789,1.01977528491437
"2022-04-12",-0.103274783398008,-0.103127539143506,-0.102046286925083,-0.0970198126424134,-0.0771288789559234,0.0349786957240109,0.132540837530814,0.287529884629384,0.728610065616452,1.00466303416627
"2022-04-13",-0.0760706877464,-0.0784341330961006,-0.0807994467422681,-0.0816248361250904,-0.0700034690652321,0.0337828880560087,0.131787746245156,0.288654354918216,0.720684411756695,0.974952484052612
"2022-04-14",-0.0948020229607403,-0.0957651105291243,-0.0962274919432859,-0.0938939780120893,-0.0781085757410878,0.0275236798534156,0.122610897618932,0.273794747388286,0.694966155967807,0.949099675397145
"2022-04-17",-0.0928226690695993,-0.0937156820217136,-0.0940841071943408,-0.0915959131839457,-0.0755892173314226,0.0306100471531436,0.126340506910209,0.279060858865613,0.708148213668413,0.969825293134044
"2022-04-18",-0.0798303341679394,-0.0814108773515308,-0.0827252233309971,-0.081848287533751,-0.068122800470228,0.0359928071487666,0.132285346484688,0.28662707628629,0.718724523512858,0.979477435253906
"2022-04-19",-0.0775667768148792,-0.0790187400017559,-0.080158649798558,-0.0789885579759325,-0.064830499482129,0.0402972754432116,0.137575848627184,0.294170442220955,0.73767738446508,1.00927549650194
"2022-04-20",-0.0848654535029584,-0.0860525890599888,-0.086763933406335,-0.0846423717691485,-0.0683247451340642,0.0436438629170736,0.144749477069125,0.305289145931643,0.749968964105542,1.01613218934615
"2022-04-21",-0.10238528788882,-0.102351270795149,-0.10138889799878,-0.0964321546365436,-0.0761141618560192,0.0401456759628445,0.141610154685643,0.302725510636533,0.759671708513013,1.04413343548845
"2022-04-24",-0.107112601022,-0.106127268963169,-0.103877026767399,-0.096801487864963,-0.0737759510422716,0.0429657186640779,0.141769083398279,0.298069308623926,0.746990706919756,1.03378691703176
"2022-04-25",-0.108427037222422,-0.107822893085704,-0.106103350029108,-0.0999557151244219,-0.0783489637315934,0.0361707796215703,0.134157671875888,0.289214475760795,0.731121464885278,1.00956652982729
"2022-04-26",-0.110350842980156,-0.109954668611111,-0.108524604872628,-0.102882776833607,-0.0820472533388659,0.0312944766801303,0.128886374003502,0.283383905248401,0.722115616591059,0.996728931133118
"2022-04-27",-0.108043891518847,-0.108040027148685,-0.10724483876847,-0.103012660358424,-0.0853762972572627,0.017903431467604,0.110033693524143,0.259393263397788,0.702252632569316,0.993090802573992
"2022-04-28",-0.11369515317181,-0.113293487054291,-0.11193977739766,-0.106717901001675,-0.0875419722085197,0.0179473904489507,0.110402964208812,0.259545661563505,0.701242709982763,0.992354411458113
"2022-05-01",-0.116590196477781,-0.114762976911005,-0.11140389947451,-0.102614914046355,-0.0778379271720408,0.0360493232598075,0.130099260084498,0.27918726676817,0.719350118193617,1.01393374929781
"2022-05-02",-0.115259839991342,-0.113975811196864,-0.111382409786338,-0.103960002934644,-0.0813403887431574,0.0293286335137379,0.122868899579336,0.272318793647009,0.715255371377878,1.01088691454304
"2022-05-03",-0.116590196477781,-0.114762976911005,-0.11140389947451,-0.102614914046355,-0.0778379271720408,0.0360493232598075,0.130099260084498,0.27918726676817,0.719350118193617,1.01393374929781
"2022-05-04",-0.116590196477781,-0.114762976911005,-0.11140389947451,-0.102614914046355,-0.0778379271720408,0.0360493232598075,0.130099260084498,0.27918726676817,0.719350118193617,1.01393374929781
"2022-05-05",-0.102739914491743,-0.101724095618179,-0.0994595655379184,-0.0924554574577137,-0.0698843484867376,0.0443207663495233,0.141362986084497,0.295749557594611,0.745360911934164,1.03772924513775
"2022-05-08",-0.0897400387746012,-0.0901137186230852,-0.0897826943923194,-0.0861439427967477,-0.0685785786205322,0.0399367775374387,0.137517683829216,0.295186220121808,0.755375651483024,1.0506026014612
"2022-05-09",-0.0855194170986008,-0.0864060320624559,-0.0868147519116907,-0.0845533468077806,-0.0693674085383278,0.0344212874040256,0.130328900090384,0.28691809387167,0.748943492181254,1.04752976577292
"2022-05-10",-0.08793593428636,-0.0884287730966002,-0.0883052709709176,-0.0851720187573271,-0.0688914013408732,0.0348828455360281,0.129447003777866,0.283585916490923,0.740691924641829,1.03918977371907
"2022-05-11",-0.083754981946268,-0.0856425951871794,-0.087433972486243,-0.0875484904350348,-0.0758169114901001,0.0240091629385816,0.119725651897753,0.276683470305526,0.734250630151429,1.02277305430526
"2022-05-12",-0.0997132340956776,-0.100270741729212,-0.100219152261808,-0.0971516758428106,-0.0807718849549807,0.0239662088399892,0.118961685029901,0.272825731447429,0.722308375824946,1.01035145364654
"2022-05-15",-0.110246478029655,-0.109304977475268,-0.107145859049725,-0.100333394344482,-0.078086525376301,0.0353608411806758,0.131907787158973,0.285428063704988,0.731260394576269,1.01991366962487
"2022-05-16",-0.0966266632333892,-0.0971098527395572,-0.096951038138999,-0.0936809723804361,-0.0769211905490892,0.0290524174575448,0.125111269569238,0.280979024160925,0.738900335626385,1.03462000699399
"2022-05-17",-0.0987569271820413,-0.0989467546479156,-0.098363770894481,-0.0942996438842597,-0.0761486031600649,0.0327678325331598,0.130056168312034,0.287075052049598,0.746104246129072,1.04175547356286
"2022-05-18",-0.0962296975378226,-0.0974786345156663,-0.0983751533656982,-0.0969098162894055,-0.0827383425870264,0.0205291464943271,0.116734413674215,0.273353066877787,0.729121417192459,1.01776390251901
"2022-05-19",-0.103363999702538,-0.103275713941668,-0.102349948854814,-0.097845219635986,-0.0796366936975063,0.0253115602933313,0.118348553798158,0.268647524608658,0.711759635955808,1.00104030147402
"2022-05-22",-0.0994332916219311,-0.100090731419238,-0.100190433866761,-0.0974288582568162,-0.0816630199600483,0.0213697540886447,0.1154318723607,0.268245615496631,0.716496218926563,1.00482958263033
"2022-05-23",-0.0989121323001935,-0.101026746341796,-0.10315276845728,-0.103919258808059,-0.0934463906671488,0.00265449600203926,0.0957730712053689,0.248634701236743,0.692694141398192,0.97078875443194
"2022-05-24",-0.09711460503134,-0.0987785599224269,-0.100357252135722,-0.100441332660643,-0.0899114455629649,0.000978090844289681,0.0896354494109374,0.23758468529854,0.685698462069609,0.981591902658379
"2022-05-25",-0.0810723523457506,-0.0844120875946138,-0.0882074652929269,-0.0917543125580065,-0.0849344386616186,0.0103441880058258,0.107467000796215,0.268686192595789,0.737449507151678,1.02836141555766
"2022-05-26",-0.0747551680881416,-0.0785383889568088,-0.083019906377826,-0.0880005717331124,-0.0842041643493383,0.00203177811513233,0.0939372261585816,0.249081570502329,0.709761951590408,1.00095050505063
"2022-05-29",-0.0823339571984344,-0.0855881136823233,-0.0892794527197851,-0.0926981483753798,-0.0858895822618956,0.00802172429220815,0.103720288921348,0.262689984968212,0.725889503224154,1.01413379563346
"2022-05-30",-0.0716133966139548,-0.0762531389193378,-0.0818412488829596,-0.0884565491662918,-0.0860381310943482,0.0048328140023719,0.102649600162173,0.26641691129762,0.73987406602286,1.02881567657791
"2022-05-31",-0.0940985461140709,-0.0962548829241354,-0.0984441534784447,-0.0993282846584237,-0.0889849108729469,0.00841931199562762,0.104141331107569,0.263243166890676,0.737518779998945,1.04368964194113
"2022-06-01",-0.0877621164397396,-0.0905257740032516,-0.0935358507025694,-0.0957663803126894,-0.0871341210873728,0.00993851171580196,0.107224988297188,0.269020875039533,0.746438783461473,1.04933896759188
"2022-06-02",-0.0954715734746504,-0.0971331339974968,-0.0986527171703383,-0.0984357060676747,-0.0866886947034779,0.0109273846847822,0.105224080193492,0.261753796926088,0.73175221573446,1.03925277440016
"2022-06-05",-0.0824553064368844,-0.0853866523893797,-0.0886418080070268,-0.0913413794762374,-0.0835767808405147,0.01125223880388,0.107206847729403,0.267130502694579,0.739167516143876,1.03818951534142
"2022-06-06",-0.0844467739687658,-0.086692591403611,-0.0889799873179254,-0.089942052496767,-0.0793604425592339,0.020681811404054,0.118853445425518,0.281671808496123,0.764524825121615,1.07424318333023
"2022-06-07",-0.0842062724642395,-0.0863633981453674,-0.0885658918345977,-0.0895107054529305,-0.0793663216266918,0.0176326500524174,0.113711426272406,0.274512075366318,0.760805587358348,1.0801445780101
"2022-06-08",-0.080180028153114,-0.0827832979180642,-0.0855747493065882,-0.08743166313865,-0.0782066938697961,0.0207666507263833,0.120191939207567,0.286853673290753,0.788726177260107,1.11545796374828
"2022-06-09",-0.0880625672531118,-0.0906175111114631,-0.0933004233588866,-0.0948295792771042,-0.0846325371337899,0.0179858902524512,0.119303576881086,0.287150051279645,0.781521182611776,1.09541934985628
"2022-06-12",-0.0918618790445167,-0.0911929644510468,-0.0894768486808973,-0.0836356420150781,-0.063425941906148,0.0465678943061061,0.145007417685377,0.308537530854457,0.829494421160225,1.20712413304701
"2022-06-13",-0.0976825828456222,-0.0942771166797315,-0.0885499672360703,-0.0750293560853748,-0.0408547085627375,0.0999875868661053,0.210489782974227,0.381577483925103,0.873584212736365,1.19707208206211
"2022-06-14",-0.0999735571016542,-0.0971462493602183,-0.0923008630113168,-0.0805731212702797,-0.0499508262993737,0.0826019433389394,0.190774394711201,0.363694991963073,0.894329923686743,1.27156980624123
"2022-06-15",-0.160181157925986,-0.149456196745789,-0.133411134042153,-0.101476840919086,-0.0382548780493287,0.145836328015554,0.263576257749754,0.432263588272045,0.924264456334731,1.31465841938427
"2022-06-16",-0.158478773813782,-0.15017090725598,-0.137480711654853,-0.111338908409672,-0.0564413989413815,0.121743308465737,0.245392339962488,0.429373637749391,0.965572597016421,1.35135004306785
"2022-06-19",-0.141294448491755,-0.135880204746735,-0.127425335365801,-0.109388101586765,-0.0693248192576287,0.0737274770455749,0.180233160617863,0.345496640746719,0.855003566379348,1.23755761616743
"2022-06-20",-0.147371987473356,-0.140867416901853,-0.130912012335854,-0.110322702044954,-0.0666925831205483,0.0790804222356584,0.184301815577165,0.34750945420861,0.875202739777684,1.31470028260409
"2022-06-21",-0.160998891803899,-0.152869411872817,-0.140599430137798,-0.115801448694727,-0.065280937379708,0.0916970230744968,0.198979313506097,0.360833606304064,0.877489006722054,1.32355227847834
"2022-06-22",-0.152742155367068,-0.147956866220449,-0.140455707434308,-0.124347585695072,-0.0881248512123267,0.0451559370771761,0.147743682860891,0.312026016199856,0.856729670166993,1.30722970425725
"2022-06-23",-0.14307536703056,-0.140142983814486,-0.13524721685428,-0.123761446944079,-0.094697256373992,0.029245873254982,0.131861754146951,0.30035525668003,0.858041494135724,1.29934452576915
"2022-06-26",-0.147808271534261,-0.143640150886497,-0.136988379188283,-0.122319961960099,-0.0880528975349609,0.0448147647149767,0.150001687460318,0.320181588277833,0.884343876448614,1.3426594726681
"2022-06-27",-0.124763253659589,-0.121807277882062,-0.116831306678424,-0.105038189873629,-0.0748715937891665,0.0546524891518506,0.161597622977637,0.335972381576827,0.90097077216281,1.33435510235415
"2022-06-28",-0.118350801265979,-0.116422655216362,-0.112944270523758,-0.103993821389146,-0.0789488558067675,0.0389038738166387,0.140413893914466,0.309068563366237,0.866114432630353,1.29780883920833
"2022-06-29",-0.123094322748826,-0.120911385183211,-0.117053721090866,-0.107359639032978,-0.0809165604400241,0.0400038635610105,0.142381934813945,0.310499130294868,0.853852642514887,1.26450373456237
"2022-06-30",-0.110303722887752,-0.109793424510188,-0.10832097000061,-0.10297657495225,-0.0837245969914138,0.0247302201567774,0.12388396500916,0.291400532759414,0.843941023892489,1.26185982463662
"2022-07-03",-0.114555105843918,-0.114131736802245,-0.112791870524027,-0.10771666666205,-0.0889932337491497,0.0183296384677553,0.117342287012697,0.285708053874573,0.848158025465025,1.28009550291743
"2022-07-04",-0.108485755556774,-0.107700048105401,-0.105856752055353,-0.0999066054299797,-0.0798754634094336,0.0292079801496135,0.128659771249782,0.297814970545391,0.869328451465479,1.31732769558991
"2022-07-05",-0.111899529247031,-0.112351519142594,-0.112160259403932,-0.108841599299239,-0.0918218727187962,0.0192311583375012,0.123772176315913,0.300065960272684,0.864641744414026,1.27046421122444
"2022-07-06",-0.117942952209207,-0.118962366969078,-0.119489927541109,-0.117174187173742,-0.100706812923102,0.0158135214140454,0.126526704206472,0.312057630393644,0.891119207600011,1.29181623099286
"2022-07-07",-0.12228556181768,-0.122992804530749,-0.1230218239802,-0.119618371798948,-0.100735441480821,0.0231733469392796,0.137775531694906,0.32671104938568,0.899758853034973,1.28394966073588
"2022-07-10",-0.151602070971757,-0.149192315287094,-0.144896810261578,-0.134005770094733,-0.104092466855053,0.0324710503255344,0.146985453588671,0.332729226850082,0.914641757529079,1.33635987420509
"2022-07-11",-0.142717264404628,-0.141243988990871,-0.138295253625616,-0.129900890501632,-0.104276081589685,0.023675605981589,0.134836925239333,0.317593927540605,0.895978698162604,1.31563105778367
"2022-07-12",-0.147770522040059,-0.146108630254219,-0.142931421705818,-0.134261020440257,-0.108702857177142,0.0158048203875913,0.123319645279848,0.300220349901819,0.864661229657882,1.2799978843503
"2022-07-13",-0.147292990470464,-0.143878482466685,-0.138247074565986,-0.125256417199148,-0.0931243095484603,0.0393226759547519,0.146208654050246,0.318293929559528,0.865835148823053,1.2788458753927
"2022-07-14",-0.146949592148236,-0.143945304382895,-0.138902179268248,-0.127000337184105,-0.0967608117823365,0.0312525641019706,0.135447167974746,0.303074115365872,0.830039352467722,1.21879543270727
"2022-07-17",-0.154441955775589,-0.151230279376197,-0.145913241892338,-0.133585931729556,-0.102905627996606,0.0244256994759062,0.127489944212481,0.293564764613582,0.821770540545782,1.21938413214694
"2022-07-18",-0.148823702877637,-0.146122139485427,-0.141483325463203,-0.130218406841976,-0.100620243086479,0.0295473947559693,0.137668183187419,0.313522108614756,0.874887338236852,1.29481909008209
"2022-07-19",-0.140675118281941,-0.138941973563692,-0.13565003665286,-0.126725750647067,-0.100588125053036,0.0258319443499323,0.134480930109613,0.312596813546055,0.87676129944868,1.28823489846237
"2022-07-20",-0.150744761660105,-0.148905015106459,-0.14546421101713,-0.136278894573899,-0.109745086791904,0.0171948458554029,0.125899022744559,0.303977686451621,0.868636313448502,1.28168533898931
"2022-07-21",-0.174450790325911,-0.171115098579664,-0.165629267242449,-0.153018742084147,-0.121937131472765,0.00609484404329819,0.109807171846873,0.277732193366828,0.820366107544336,1.23869992257769
"2022-07-24",-0.148135856828039,-0.14741771631675,-0.145623855083893,-0.139607098990154,-0.11892740328441,-0.0060680887586364,0.095732879019005,0.266408758950543,0.822328433932752,1.23717409053155
"2022-07-25",-0.144937153916103,-0.145503609347643,-0.14549464641216,-0.142577791049604,-0.12650289626431,-0.0192457108137227,0.0821535786537126,0.25316951045208,0.799260532274721,1.18974103250693
"2022-07-26",-0.161274066080551,-0.160202967976618,-0.157935333832171,-0.151160019824658,-0.129638553502322,-0.0182830836944964,0.0803298373925287,0.244552251585044,0.776754418709567,1.17358345114312
"2022-07-27",-0.160723187220463,-0.160627539340698,-0.159711144146921,-0.155259300698469,-0.137037362972051,-0.0276410510331906,0.0738996390686458,0.245681973384646,0.807489809712684,1.22520497602535
"2022-07-28",-0.158856315288745,-0.160182379847615,-0.161272961538488,-0.160412083536654,-0.14788355665911,-0.0470193374808313,0.0532189645730744,0.226132342221728,0.795612643260801,1.21480636900709
"2022-07-31",-0.153594399226383,-0.154492154233395,-0.155006101162194,-0.153206909090845,-0.139510471264953,-0.0384305837881479,0.0610039011353635,0.233249412788755,0.812027237124178,1.25136566849124
"2022-08-01",-0.153015168733433,-0.154070348022657,-0.154840195497243,-0.153619002690444,-0.141308527801383,-0.0456410846580847,0.049627651910109,0.215430602553451,0.775397287428068,1.20202361677819
"2022-08-02",-0.153128297227125,-0.1539671655714,-0.154395856706192,-0.152439427379442,-0.13849577950158,-0.0373937049526738,0.0613766791021197,0.231657726998039,0.798540639516968,1.22411688849416
"2022-08-03",-0.148751278438196,-0.15052390513334,-0.152273029617754,-0.152689036187934,-0.142557480666961,-0.0477239189962524,0.0493472698980322,0.218561441740062,0.78173368980925,1.1991249691549
"2022-08-04",-0.145739432069263,-0.14844017261836,-0.151498934005629,-0.154258816821818,-0.147863680451667,-0.0590531893435212,0.0364199572940023,0.204580133256063,0.76333139432446,1.17178330836646
"2022-08-07",-0.137548333693483,-0.140427977511484,-0.143704404732432,-0.146737236067568,-0.140374640251427,-0.0496350431277939,0.047328163552345,0.216572388761744,0.766597731724237,1.15738101765238
"2022-08-08",-0.104403624690609,-0.110155525537984,-0.11744810666808,-0.127544222147291,-0.132001106419949,-0.056249831379639,0.0384379535723692,0.208029655932466,0.753263866913869,1.12466731573423
"2022-08-09",-0.116481770376327,-0.119617022583638,-0.123241269106294,-0.126859307531059,-0.121343485069837,-0.0322833372631645,0.0631388984864433,0.228529940115937,0.754720924658591,1.11795465829301
"2022-08-10",-0.126738878805618,-0.128773217599843,-0.130853637657063,-0.131742401767506,-0.122003340227127,-0.0269879482777022,0.0692671888315384,0.234104907251511,0.758652345076043,1.12533610437015
"2022-08-11",-0.125753169447579,-0.126923864993849,-0.12784990786399,-0.126894941159326,-0.115034075167855,-0.0215186523462472,0.0707284833779169,0.229050780757143,0.745377372951593,1.12106480444461
"2022-08-14",-0.125700751647069,-0.12687247386091,-0.127818873171366,-0.126964172224613,-0.115486528046514,-0.0237333597365683,0.0674331982582361,0.22485926248064,0.744995903494238,1.12958704280686
"2022-08-15",-0.118938483601392,-0.121721027978318,-0.124928025256139,-0.128075451781467,-0.12281077611552,-0.0399611667404401,0.0497763616709364,0.207500391191964,0.726058531500339,1.09916116350865
"2022-08-16",-0.122274584395253,-0.124434566864911,-0.126726720154772,-0.128116721606226,-0.119649272685932,-0.0299048749868697,0.0621950176982049,0.220574185583776,0.726401693690084,1.08066125932664
"2022-08-17",-0.132454540825246,-0.133283666059069,-0.133708752969769,-0.131794256297995,-0.118191504227084,-0.020921654333949,0.0726507353666036,0.231454922550353,0.74148453995534,1.10730963601557
"2022-08-18",-0.136126361501678,-0.136550096139952,-0.136384155867795,-0.133349354177251,-0.117753419317283,-0.0164102591356445,0.0784503710262504,0.237469270428579,0.739815411994893,1.0947122311882
"2022-08-21",-0.137688238589868,-0.13699028802883,-0.135180468947287,-0.12899369466661,-0.107611579243461,0.00745075384126437,0.108942441128294,0.275034879395816,0.786295296828878,1.14105265969194
"2022-08-22",-0.144819379477845,-0.144338934503007,-0.142843515574412,-0.137240781318015,-0.116835665611482,-0.00307658042198389,0.0988586161552386,0.267265376111239,0.79408707155023,1.16612441361219
"2022-08-23",-0.145367020338348,-0.14398139768363,-0.141208705894218,-0.133322799996758,-0.109308404776802,0.00974290909124143,0.112322753070779,0.279586636862886,0.79908693144514,1.16708207788136
"2022-08-24",-0.142846464212462,-0.142002658209104,-0.139952568373148,-0.133215230487894,-0.11050224560088,0.00959407909420162,0.114704646523018,0.285942212001746,0.809128515569278,1.16930324948278
"2022-08-25",-0.142932810359739,-0.142430514142905,-0.140877138959881,-0.135079073450893,-0.114041428924611,0.00240359659144784,0.105983714847447,0.275891056839204,0.799012261753517,1.16113752544667
"2022-08-28",-0.147652111593412,-0.145163188740909,-0.140788413063052,-0.129877821971874,-0.10045630097317,0.0309315841990014,0.139526122027952,0.313831651544043,0.849060434566127,1.22793593241188
"2022-08-29",-0.143302591296493,-0.142921476824656,-0.14152726417741,-0.135967231253184,-0.115094525256398,0.00308278080687796,0.109340935441511,0.284877063073531,0.832332794473566,1.21687692371616
"2022-08-30",-0.141498982733382,-0.140725576379979,-0.138803846834351,-0.13239096353886,-0.110503025668079,0.00709495200077059,0.111425118221889,0.283501458627996,0.823530750396909,1.2078711331737
"2022-08-31",-0.145081157407909,-0.143701260234489,-0.140915185277764,-0.132924407673191,-0.10839701137329,0.0143748409506105,0.120936169782675,0.29576978698293,0.845917123708312,1.24193994313421
"2022-09-01",-0.146885861084635,-0.145855047351489,-0.143538239992892,-0.136302313050109,-0.112634216294662,0.0113473291254775,0.120689665563085,0.301089471985755,0.870717051350487,1.28048629866435
"2022-09-04",-0.148899988181839,-0.148031603976669,-0.145948051196253,-0.139144237871859,-0.116223429283429,0.00612529955170349,0.114638730490683,0.293906211035287,0.859516057947468,1.26516102330307
"2022-09-05",-0.145816367588463,-0.144572287046043,-0.141953063517678,-0.134172070369414,-0.109630343879825,0.0156290565271083,0.125042060040881,0.304853177053849,0.870422779399123,1.27638069179199
"2022-09-06",-0.154544731846263,-0.152797126670455,-0.149435875582321,-0.140214943146313,-0.112945201910153,0.0196628716948846,0.13355534664555,0.319742905981148,0.904508112437785,1.32592391054987
"2022-09-07",-0.151268975677785,-0.149883998198659,-0.147035804928383,-0.13873771170557,-0.112955344827933,0.0171677267135829,0.130346461361021,0.316020876579753,0.899014121638786,1.3170636733674
"2022-09-08",-0.16894717571711,-0.165810923172106,-0.160488206166747,-0.147753059715508,-0.114889531928201,0.0263240072895524,0.141821309802707,0.327616684598737,0.908516812965956,1.33266290632561
"2022-09-11",-0.160812998940905,-0.158086161703664,-0.153369558732855,-0.141819164086936,-0.111224620095658,0.0238340550625916,0.135650577015797,0.316407754879949,0.883658320778584,1.29794879688219
"2022-09-12",-0.160172256316274,-0.157725668333398,-0.153449438234988,-0.142846078113622,-0.114370832080894,0.0131899218314222,0.119597980560492,0.292312186355781,0.837481722635152,1.23781020538005
"2022-09-13",-0.172072335207301,-0.167802604152122,-0.160920705715627,-0.14554923770793,-0.10915819984604,0.0318547361549388,0.141018993401556,0.311996386482257,0.830630342118214,1.20193028926475
"2022-09-14",-0.161490140301514,-0.159076427692263,-0.154727841421868,-0.143585081073936,-0.112748905159359,0.0274964942965771,0.143550251580378,0.328766342161448,0.886416041393258,1.26990912591576
"2022-09-15",-0.164961185429859,-0.162389051857154,-0.157826683221125,-0.146331150698114,-0.115014125258414,0.0259923478719728,0.142752242508159,0.330003204682771,0.902337428023618,1.30447578794828
"2022-09-18",-0.169454535527979,-0.166273436864394,-0.160851906624009,-0.1478217795379,-0.114088428021449,0.03031515577626,0.147267830921207,0.333198892643342,0.897838261826747,1.2944154098802
"2022-09-19",-0.163372880075533,-0.159446676558055,-0.153009989149545,-0.138286067920369,-0.102287729932148,0.0434816850776023,0.159531401297275,0.344435148952689,0.920752501709296,1.34482972652326
"2022-09-20",-0.156543875636625,-0.152494277104796,-0.14588988757736,-0.130889991045593,-0.094554776799899,0.050898160619309,0.165976433620932,0.348776555949694,0.916610565441394,1.33356721689632
"2022-09-21",-0.203562188384122,-0.19667062478068,-0.186081074367265,-0.164046122343289,-0.116926885564533,0.04221120019429,0.157181229552506,0.334216401203244,0.888712651925793,1.32540322417995
"2022-09-22",-0.19123947923993,-0.185196879995643,-0.175811253274617,-0.155947889935543,-0.112326275780374,0.0413762826858034,0.155468794477369,0.333280213841923,0.893129294490347,1.32902771349074
"2022-09-25",-0.192471127487643,-0.185158111270575,-0.173965739257356,-0.150822294722084,-0.101814754807893,0.0613582000536235,0.17847852804351,0.358958225376777,0.932325665636639,1.39764028094736
"2022-09-26",-0.210615191442844,-0.201939659442176,-0.188794061680688,-0.162051785587743,-0.106946075687974,0.0680050204493336,0.189544552080136,0.374326596265485,0.963848828263078,1.46200658534056
"2022-09-27",-0.207506669255336,-0.199204195287553,-0.186587778754528,-0.160798239688095,-0.107203435110841,0.0658600824738443,0.187862169780636,0.375150018986893,0.980774185266067,1.49714719233357
"2022-09-28",-0.214787933226011,-0.205979664607191,-0.192653265404101,-0.165612923065499,-0.11014806302441,0.0642991588758424,0.184482607429388,0.366174656280112,0.9411554258992,1.42428206761666
"2022-09-29",-0.205031776490083,-0.197111513091731,-0.185074420485582,-0.160466028795351,-0.109329213710563,0.0555192961106734,0.171311144422833,0.348220542433504,0.912279326532894,1.38265086658333
"2022-10-02",-0.219278538938585,-0.211121914719737,-0.198710696436674,-0.173292288127596,-0.120349693887149,0.0503825970267536,0.169658094736611,0.350124853534408,0.907315175752834,1.34799387212054
"2022-10-03",-0.215558885559623,-0.208449446914025,-0.197565308675203,-0.175047828920953,-0.127324307761196,0.0318428757193503,0.146255200801915,0.322745234763909,0.884435285902836,1.34110829508336
"2022-10-04",-0.220367698598298,-0.212910701649797,-0.20151621261028,-0.178016220482775,-0.128470578277025,0.0351971172868742,0.151968815970782,0.331289797776408,0.898783784753327,1.35867419723249
"2022-10-05",-0.20964924408855,-0.202886973004836,-0.19248833945819,-0.170821338514855,-0.124362139746348,0.0337079330002839,0.148928165625218,0.327915473044952,0.900451026409209,1.36455619264456
"2022-10-06",-0.222175353172438,-0.213956507216528,-0.20147281125897,-0.17597692158806,-0.123095829266745,0.0466125751185695,0.165236444070923,0.345681074487786,0.915441004355412,1.38453097129761
"2022-10-09",-0.194381678013659,-0.187689509865005,-0.177385642014259,-0.155872519594034,-0.109591010449508,0.0487645403365358,0.164657379218828,0.345080992517156,0.923473317131097,1.3925624527192
"2022-10-10",-0.144427707447682,-0.141435387259585,-0.136337881235049,-0.124072807041506,-0.092135304273643,0.0477648670161035,0.164467893102276,0.355737552307604,0.979528272516093,1.4604827948677
"2022-10-11",-0.145216899204287,-0.142583553739101,-0.137978282006228,-0.126539703943696,-0.095683502218803,0.0445007105610354,0.16341590832858,0.35972785182932,1.00434992556593,1.50279064562295
"2022-10-12",-0.139754479800282,-0.136658504806472,-0.131435855980593,-0.119017063377277,-0.087071308354092,0.0518399396546213,0.168077889420465,0.360049857332951,1.0007089609305,1.51150608517989
"2022-10-13",-0.14221618483398,-0.139117744867132,-0.133883214427041,-0.12141437044515,-0.0892853136695466,0.0504891208134014,0.167292414580133,0.359794088952295,0.998514878163986,1.50361014089904
"2022-10-16",-0.143231533022113,-0.139875855966727,-0.134240839078481,-0.120923128139825,-0.0869381288534312,0.0591195576677001,0.180263893415185,0.378958714081428,1.03271385803013,1.54492192884402
"2022-10-17",-0.131150401287903,-0.128550237268235,-0.123969118926033,-0.112492250124545,-0.0812528634548927,0.0618570408186414,0.183627861807219,0.384800782558728,1.04490076178122,1.5540780228079
"2022-10-18",-0.126017825399834,-0.122294127094743,-0.116135427803524,-0.101866174652527,-0.0663174924287404,0.0824549321880607,0.204380166731192,0.403520091952271,1.05809856267481,1.5731594684332
"2022-10-19",-0.123679173271984,-0.120677438642427,-0.115517040022253,-0.102961529546405,-0.0698617178679947,0.0768658288180314,0.199792232271309,0.401400794212592,1.05742257632052,1.56053629445663
"2022-10-20",-0.141478435984542,-0.13687037574373,-0.129428015205842,-0.112735315452798,-0.0728418277257579,0.0861633566182411,0.21356351814695,0.42013487193503,1.09992169304252,1.64209209438538
"2022-10-23",-0.134323612938501,-0.130864844133557,-0.125017481660659,-0.111075205584648,-0.0750992550144496,0.0817977912481573,0.21320243539307,0.43019834340251,1.15336694984624,1.72849126650333
"2022-10-24",-0.125777829138599,-0.122917587058511,-0.117949438833409,-0.105708809016768,-0.0729775866031929,0.0744055354971828,0.198914224759361,0.404078689922959,1.07643896074331,1.59571601058906
"2022-10-25",-0.124574384639478,-0.123405590101522,-0.12075570207925,-0.112422378420332,-0.084998118905744,0.0598467796228669,0.188490553143479,0.402099319098346,1.08614541593317,1.58699972170899
"2022-10-26",-0.127461219602684,-0.126765495367929,-0.124841283811103,-0.118010524241485,-0.0937504615208825,0.0410584130907133,0.163115555357992,0.367621677678725,1.03022897298028,1.52034314583369
"2022-10-27",-0.119673713647722,-0.119004621850629,-0.117156756010017,-0.110600222843915,-0.0873084418606225,0.0423324667432238,0.159949346721239,0.357429584220191,1.00039225675095,1.47896638812958
"2022-10-30",-0.119287243534424,-0.117914297398956,-0.115098665756525,-0.10690356051674,-0.0813828843379613,0.0488920276505755,0.163822045530617,0.355140819238107,0.976509762498371,1.44193475309251
"2022-10-31",-0.121323979015663,-0.120267566275567,-0.117887206915488,-0.110423909170354,-0.0858392508091114,0.0452913156179231,0.163253990684938,0.361757655310627,1.01756342428199,1.51755154727504
"2022-11-01",-0.119873532781606,-0.118630703938614,-0.116005096001817,-0.108162085950148,-0.0831720859411976,0.0477474456881787,0.165435220398618,0.364455308433177,1.03299555441441,1.55533644289739
"2022-11-02",-0.116008093776101,-0.115055236362117,-0.112831137740127,-0.105678729907383,-0.0816762853223084,0.0484974613479605,0.166768988132858,0.367300251271469,1.04004287296683,1.56263181561281
"2022-11-03",-0.100310238213307,-0.100479556523089,-0.0998025076822969,-0.0952880713636933,-0.0749759935899034,0.0528734404797422,0.173694833544926,0.380195179040589,1.06719566382676,1.58758701226697
"2022-11-06",-0.106073508219746,-0.105980025292851,-0.104923960607693,-0.0997015745454082,-0.078142376090368,0.0525987646180106,0.175020708596112,0.383855863803004,1.07971941958346,1.60955317993573
"2022-11-07",-0.10361121795772,-0.104365312873865,-0.104429311153366,-0.100946086143476,-0.0811638577494214,0.0529797975185906,0.181132301674891,0.399250578406593,1.10956627535247,1.62997561496758
"2022-11-08",-0.0870063307258545,-0.0895369530253235,-0.092134668761758,-0.0932848343630187,-0.0812928013389047,0.0371861653026543,0.15819366988725,0.367013875958453,1.04278062355125,1.5250749227894
"2022-11-09",-0.0904003897266163,-0.0932634437003778,-0.09633887555104,-0.0983702981215417,-0.0878540715373372,0.0282526672231008,0.149104684744607,0.359268838353841,1.0462227107984,1.54097778779035
"2022-11-10",-0.106948211708023,-0.108884513551332,-0.110730821105702,-0.110840579843582,-0.0983291226235488,0.0138163049223984,0.127569409312938,0.325051622175089,0.978445529435542,1.4599021712782
"2022-11-13",-0.103143913137152,-0.104603245692093,-0.1057619068296,-0.104586844733557,-0.0898020642585211,0.0278053572061007,0.14480406598176,0.347310027733403,1.02049900993611,1.52233560065639
"2022-11-14",-0.110237057227008,-0.110778042019303,-0.11067959420335,-0.107393540418004,-0.0897888739262536,0.0285235105932022,0.142322322408255,0.338014869979195,0.992237200649521,1.48854214693673
"2022-11-15",-0.110600905371339,-0.111001013435029,-0.110708009623192,-0.107090550331786,-0.0890349532968391,0.0292738587397045,0.142249014813363,0.335940492567137,0.981155031803597,1.46921612876304
"2022-11-16",-0.109390022371417,-0.110077648550799,-0.110184036401947,-0.107262491294434,-0.0902685846741325,0.0262320929893201,0.138222522655206,0.32981490077052,0.960576726330387,1.42894651817588
"2022-11-17",-0.101369641561021,-0.101414357679375,-0.100628912641246,-0.0961665588460432,-0.0769353766301577,0.0416048240242624,0.152735253545639,0.341789641586235,0.965756798336736,1.43425868830395
"2022-11-20",-0.109025129684024,-0.108138647781551,-0.106063426406403,-0.0993753700767556,-0.0768907145204906,0.0453333430889195,0.156595271566812,0.345571970752261,0.982037790892199,1.478929782485
"2022-11-21",-0.105615642643245,-0.104983422036587,-0.103272860164755,-0.0972565158934598,-0.075903708804438,0.0442850810997093,0.155025730398503,0.344033257389722,0.983673872161405,1.48439856584989
"2022-11-22",-0.102789680981936,-0.102418247330831,-0.101078012859414,-0.0957314504291031,-0.0754643561035702,0.0429947275611196,0.153427790624616,0.342661273780204,0.984643757670491,1.48696451708648
"2022-11-23",-0.1037674791704,-0.104141637003129,-0.103816997903699,-0.100160067504266,-0.0821039031919386,0.0358468875451494,0.148487175938811,0.341759069816564,0.987138009594566,1.47699146270794
"2022-11-24",-0.143785107142654,-0.139749888920484,-0.13318902767194,-0.118334413506353,-0.0823819718862365,0.0633008326872564,0.181116893121016,0.373041658735277,1.00802191072469,1.51617400671677
"2022-11-27",-0.127723408451544,-0.125268983559897,-0.120933760129221,-0.110038603402251,-0.0802644418041737,0.0569844401193921,0.174386596546187,0.369240830043499,1.01511404375539,1.51977987843109
"2022-11-28",-0.138694674260824,-0.135256367609503,-0.129503996649271,-0.115973953075003,-0.0816442557357595,0.0649698534762666,0.186224695720512,0.384881384251294,1.03812604193729,1.55017659768417
"2022-11-29",-0.137151193418756,-0.133241987929334,-0.126809730591191,-0.11201010392429,-0.0754661128923027,0.0758039810405163,0.199029807951956,0.399660420501144,1.05645676417308,1.57157696167042
"2022-11-30",-0.138058769609413,-0.134519052402544,-0.128654384699862,-0.115030817844393,-0.0809528115108583,0.0627973547638434,0.18150344249411,0.376726663880685,1.02845006383762,1.55167954148141
"2022-12-01",-0.114993461404887,-0.112206843095966,-0.107440394545029,-0.0959058514300725,-0.0656168065351809,0.0691856716707311,0.183348477921695,0.373070465754662,1.01148521995607,1.52408006030309
"2022-12-04",-0.1224166893018,-0.119407605295614,-0.114302216652782,-0.102074745141179,-0.0703658349665832,0.0685589590495214,0.185056127356398,0.377364821722105,1.01657381271155,1.52259668121658
"2022-12-05",-0.13062719105345,-0.126753516060319,-0.120392324852876,-0.105796999741144,-0.0698966729959145,0.0778308459369192,0.197629322095526,0.392006338545915,1.02394500306579,1.51542800400611
"2022-12-06",-0.122355097788753,-0.119494416103359,-0.114593364543992,-0.102715008203662,-0.0715089997351911,0.0667791628437486,0.183043511068245,0.374680589873848,1.00658797325733,1.50022055154303
"2022-12-07",-0.123423188021764,-0.119879689495413,-0.114014719020476,-0.100414392774674,-0.066508079883923,0.0753090612207186,0.191312067284496,0.380319243800516,0.997673913108793,1.47920259575996
"2022-12-08",-0.140317033367756,-0.135946041657669,-0.128871931344975,-0.112969916718344,-0.0749311327537817,0.0755577118569926,0.194428710358108,0.383981684578535,0.981923112720226,1.43182780296091
"2022-12-11",-0.13579442647742,-0.131499768405073,-0.124537157784892,-0.108845053768054,-0.0711587594884201,0.0790154740753592,0.198403524829042,0.389822157865156,1.00070106731154,1.46709851536535
"2022-12-12",-0.14046370951054,-0.135862386440963,-0.128460146914904,-0.111960645628812,-0.0729355893043047,0.0792858607645607,0.198660292881496,0.388480414455407,0.986503172464828,1.43728902772268
"2022-12-13",-0.146934843326752,-0.1419129995875,-0.13392355903667,-0.116397220451156,-0.0758430087246327,0.0778819283359236,0.196626521956665,0.384312394893772,0.973989257234286,1.4202666853793
"2022-12-14",-0.14615451046654,-0.141498770053067,-0.133975291985212,-0.117101900784023,-0.0768814942234491,0.0812217293582738,0.205394556521843,0.40244532372642,1.01769125818061,1.47470458925861
"2022-12-15",-0.118495306915882,-0.11623263809316,-0.112095252298009,-0.101303567926895,-0.0707817656272371,0.0729268947409418,0.195529247374489,0.396585292829735,1.03859843439938,1.51377335460076
"2022-12-18",-0.110203304692707,-0.108083399160589,-0.104144700331576,-0.0936946552110063,-0.0636341556886391,0.0803839110122146,0.204449556321558,0.409196211288396,1.07042638494678,1.56610084682287
"2022-12-19",-0.128996376956919,-0.120616324006532,-0.107709522307218,-0.0807671828709138,-0.0229600544128181,0.171659330801738,0.310302843960296,0.519520597693346,1.13795193294191,1.58461837820019
"2022-12-20",-0.162081537786565,-0.148690891901655,-0.128608831563423,-0.0884826614186237,-0.0085501966407798,0.225871700394704,0.375359881599591,0.58652507726242,1.16450081822066,1.5680751040471
"2022-12-21",-0.154163213336039,-0.143287920150631,-0.126844561584903,-0.0935304220207001,-0.0254921133309378,0.184720160146694,0.325446668718044,0.531175393803565,1.12500683498119,1.55880595943767
"2022-12-22",-0.144596289367961,-0.134571593604926,-0.119319182825941,-0.0881019337065956,-0.0232633849325209,0.18286483855898,0.323456118747487,0.530280604598818,1.1228406089185,1.54281392424621
"2022-12-25",-0.134472594694201,-0.122422379905494,-0.104268668240552,-0.0677198251920134,0.0060561454534363,0.227969937425468,0.372374830951582,0.578490126632681,1.14519718646496,1.53532264640993
"2022-12-26",-0.147201017129885,-0.133817493143054,-0.113741962533473,-0.073616141930089,0.00635104759299893,0.240917062591318,0.39035325279227,0.601032311111421,1.17371607054078,1.56880585297783
"2022-12-27",-0.13994083870557,-0.127514781556908,-0.108790258497595,-0.0710761843378877,0.00511202864134774,0.234693917640088,0.384371738546166,0.59835013538185,1.18852356373049,1.59632984045245
"2022-12-28",-0.129015522681876,-0.117667022971757,-0.100453776490928,-0.0654046855077005,0.00673758446321918,0.231949857460875,0.383037743062672,0.602641927497142,1.21888060881166,1.64627776367482
"2022-12-29",-0.118166882079098,-0.108204466543863,-0.09298273916779,-0.0616163163243495,0.00425517057481173,0.217556622014,0.36482936861989,0.582572923704925,1.20639864743925,1.64419078968312
"2023-01-01",-0.124638866062067,-0.114337511950436,-0.0986393256186501,-0.0664275584903161,0.000756493845476824,0.215840351214191,0.363222179698178,0.580437302724162,1.20256886840692,1.64157920017049
"2023-01-02",-0.118166882079098,-0.108204466543863,-0.09298273916779,-0.0616163163243495,0.00425517057481173,0.217556622014,0.36482936861989,0.582572923704925,1.20639864743925,1.64419078968312
"2023-01-03",-0.114308229909584,-0.104641204866149,-0.0897439505114015,-0.0586360711750954,0.00802691340251527,0.230102360674381,0.385391938638542,0.614727716205962,1.25655913188682,1.68621316574443
"2023-01-04",-0.114409749426585,-0.105491323124755,-0.0917273405012242,-0.0629122191426239,-0.000864861344335943,0.208230890411869,0.356326290319825,0.577622553179057,1.21310342957067,1.65271258063151
"2023-01-05",-0.100371689752229,-0.0927561598723776,-0.080698426041855,-0.0544854314338675,0.00503340901827981,0.219100797931494,0.374380530341403,0.60512873486576,1.23521169216022,1.63308485303095
"2023-01-08",-0.102720542116733,-0.0954671133576576,-0.0839076129788562,-0.0585430652273802,-0.000222455265641075,0.212780117524184,0.368367024565939,0.599897346876331,1.23013588273708,1.624959875126
"2023-01-09",-0.104376592718554,-0.0946299263846181,-0.0795844942433182,-0.048089397989241,0.019626531202191,0.245788004738133,0.403644433273598,0.635690247805039,1.27570316503685,1.69485143656136
"2023-01-10",-0.107924789497592,-0.0982448237211764,-0.0832921193378117,-0.0519611952487379,0.0154778352744526,0.240736723353702,0.39762850761513,0.627486522957973,1.25560658548238,1.66156196362409
"2023-01-11",-0.107921648555895,-0.0972144837968923,-0.0807407627892916,-0.0464435860456353,0.0265968491161273,0.265710455003645,0.42933917282092,0.665933778159367,1.29722186121963,1.69459671631213
"2023-01-12",-0.13935293282827,-0.127079611820788,-0.108359576756658,-0.0699230916689236,0.0101054732208064,0.262003924611153,0.429235738516839,0.666598880860479,1.28392299485199,1.66449526818511
"2023-01-15",-0.142829616325177,-0.128347416220428,-0.106565983024037,-0.0628527206186778,0.0247689680393421,0.282705527919035,0.445607265679967,0.670976082044731,1.24540431010011,1.60130396607996
"2023-01-16",-0.139638353686793,-0.125066963275234,-0.103152955144923,-0.0591820129289951,0.0289050859328508,0.28757537510434,0.450286140523412,0.674367479567498,1.23900644802903,1.58326140219201
"2023-01-17",-0.131556730107185,-0.12312157315849,-0.109835716647176,-0.0811857250277937,-0.0169628751585547,0.208651465034908,0.368907201611091,0.60308481395329,1.22203278767966,1.59842962171306
"2023-01-18",-0.131247623345915,-0.123881816580426,-0.112194972366024,-0.0867073609946973,-0.0285541720832548,0.182336034530198,0.336356441719736,0.566412804114553,1.20067084882009,1.60556219283982
"2023-01-19",-0.126572395427991,-0.121183645322725,-0.112371183222307,-0.092312320720263,-0.0438002463247161,0.146612731607585,0.292679678760788,0.517018004514034,1.16016379463239,1.58519318607522
"2023-01-22",-0.116977250276683,-0.113219739825322,-0.106730741621429,-0.0908994823978166,-0.0493403405687355,0.129288273893527,0.272590670381206,0.497099880857302,1.15327760030295,1.59093387897832
"2023-01-23",-0.110811060903155,-0.106854126185244,-0.100021616740497,-0.0833686310382396,-0.0397939051800819,0.145433672085533,0.292017128687601,0.518556586755895,1.16081942558672,1.57321146602832
"2023-01-24",-0.120336872378333,-0.116628875378538,-0.110035116191846,-0.0934286255725408,-0.0485839587486786,0.145949847844403,0.299563546377803,0.534346184568371,1.17860260605114,1.57421439104989
"2023-01-25",-0.122014885704691,-0.117573835605142,-0.109866266602135,-0.0910037341058849,-0.0416794499788747,0.164126659149425,0.322480735758291,0.560075555842805,1.19059406737955,1.56384626816197
"2023-01-26",-0.127944088730088,-0.123405498153681,-0.115422804320255,-0.0955953933493101,-0.0430125375846135,0.178254920561484,0.348191008642936,0.601683980533746,1.26373542747059,1.64757089619911
"2023-01-29",-0.118905358416949,-0.115092613267278,-0.10814302120838,-0.0901924257346191,-0.0406833203378101,0.175485693774429,0.344343917355605,0.598188727415405,1.26698172484095,1.6571113171617
"2023-01-30",-0.12962542743868,-0.12497520964853,-0.116791036961404,-0.0964584057236774,-0.0425879759751931,0.182944683620689,0.354985889834804,0.609880011816739,1.26600990144855,1.63999214158802
"2023-01-31",-0.131157652657596,-0.126591414746786,-0.118605113817323,-0.0988959054965217,-0.0469761594038904,0.17008476810107,0.336295971277205,0.583914647867846,1.22979358776356,1.60397961845485
"2023-02-01",-0.131972998064607,-0.126523577066654,-0.117264589263401,-0.0952001195437141,-0.039337011464655,0.183739262652357,0.349861581987669,0.593019941796803,1.20936840206954,1.55633610883205
"2023-02-02",-0.129143730570482,-0.125953921360858,-0.119857434003497,-0.103362120728751,-0.0560313271548751,0.155727063928542,0.321193290210743,0.567861001853282,1.20177298406097,1.55965046319445
"2023-02-05",-0.132907218946612,-0.128629636458494,-0.12096371351219,-0.101544781681268,-0.049163201402684,0.172575039118848,0.341513338422215,0.590346261710212,1.22054536286847,1.57232133093489
"2023-02-06",-0.1356060471172,-0.131062159036603,-0.123044429029234,-0.103071174529183,-0.0500325791766234,0.172101509080926,0.341254243305701,0.591264823158206,1.2311810946674,1.59340867155941
"2023-02-07",-0.146005986132501,-0.139608973791228,-0.129028969515179,-0.104649889903782,-0.0452402624980833,0.183199892389224,0.350866686738015,0.595640413227044,1.21927002534474,1.57455107800926
"2023-02-08",-0.162657862418337,-0.154931502423226,-0.142459235736871,-0.114639367185971,-0.0495659699435105,0.188700460823632,0.359036701539888,0.604669187432815,1.22245450568683,1.57173521980642
"2023-02-09",-0.163825778744487,-0.15612321802986,-0.143642182506143,-0.115656157753251,-0.0497358992231804,0.193872757827195,0.369041816572867,0.62249375853559,1.26302172981697,1.62672739475981
"2023-02-12",-0.160147296319525,-0.154402352263314,-0.144570705110066,-0.120966457959524,-0.0609090981449331,0.177303282054479,0.351851839006411,0.602707751078262,1.21349140241655,1.54149433892214
"2023-02-13",-0.161703895008139,-0.15533674374332,-0.144679629073135,-0.119774117178381,-0.0582558694040023,0.179002602479994,0.351082587618073,0.598022466600463,1.20188306039554,1.52905564230477
"2023-02-14",-0.166773355201961,-0.159689341916585,-0.148019000960422,-0.121299033572532,-0.0569177024177437,0.18424548708749,0.356293126843818,0.601015357463935,1.19249561243412,1.50987549503792
"2023-02-15",-0.164067194902531,-0.1571680516982,-0.145685860486292,-0.119061004091385,-0.0540058455478519,0.192408115409796,0.368310076496898,0.617472563295465,1.2120037411037,1.52572626551786
"2023-02-16",-0.158313173271708,-0.15184483234448,-0.140963983187017,-0.115392077416152,-0.0519245628568052,0.192593502244501,0.368634248972397,0.618938072245413,1.21846337535884,1.5354962569833
"2023-02-19",-0.14943903554422,-0.143366597480075,-0.133040183478962,-0.108445459197016,-0.0464756628159557,0.196089165911488,0.372083555393428,0.623175157700435,1.22663149829089,1.54634852567576
"2023-02-20",-0.151370578226224,-0.142676984363909,-0.128759996212981,-0.0981014876363241,-0.0277300306974377,0.221413159126339,0.394216473468657,0.63737880688985,1.22125659394875,1.53500346547706
"2023-02-21",-0.151700742806165,-0.14345448251306,-0.130164124695814,-0.100618204312671,-0.0320335392514433,0.21352359120851,0.384341341662075,0.624318880096961,1.19612763631011,1.49995890149533
"2023-02-22",-0.150956906559323,-0.142653681402505,-0.129283732697974,-0.0995982078079905,-0.0308022949750195,0.215009841641508,0.385810203401568,0.625634517204614,1.19675769854616,1.50012565608964
"2023-02-23",-0.151123619051639,-0.14319543425213,-0.130380965027973,-0.101778865107891,-0.0350279445214003,0.205722198654309,0.374016249139417,0.611161206446161,1.17879764735973,1.48168590730978
"2023-02-26",-0.162791171829834,-0.153086184285337,-0.137830736902749,-0.105081330070255,-0.0324869938834638,0.213527704944356,0.380340803325474,0.613200156542422,1.1709931280164,1.47242345231315
"2023-02-27",-0.167543258050605,-0.156466689686086,-0.139426569362313,-0.103999538748491,-0.029009993214482,0.209731272973412,0.366281254641424,0.582563481730536,1.10238395975163,1.38894282191437
"2023-02-28",-0.158113349399992,-0.148495341297094,-0.133430425604814,-0.101261854058347,-0.0305139022555607,0.20635112460076,0.365546663969587,0.586533748708663,1.1114202059079,1.39284978002891
"2023-03-01",-0.160606857863831,-0.151634909168638,-0.137394940633138,-0.106410071604312,-0.0365162018060205,0.204702775476607,0.368996133326831,0.597489000172926,1.13616297000907,1.42060524422667
"2023-03-02",-0.158654420849127,-0.151261824959032,-0.139202334216332,-0.111951800850274,-0.0473762485237185,0.189503286173289,0.356342142772003,0.591907185458184,1.15527687035254,1.45476272379335
"2023-03-05",-0.176420984522355,-0.166717963247087,-0.151463157411472,-0.118710188363403,-0.0461108475973081,0.199645967361411,0.36595809170308,0.59762434300315,1.14996879019642,1.44680496435521
"2023-03-06",-0.178500333493519,-0.168760891511632,-0.153460685073623,-0.120641894133282,-0.0479587600022569,0.1983212203418,0.365520156085619,0.599343276662601,1.16195239457341,1.46768518305737
"2023-03-07",-0.19707773075636,-0.185889104380947,-0.168585110173995,-0.132312269416422,-0.0545441379204191,0.198231712269029,0.366520985453132,0.601118993318655,1.1718551178221,1.48960381302887
"2023-03-08",-0.192573735580709,-0.179918361467458,-0.160586441673417,-0.120826446259016,-0.0380108517591598,0.219879653419135,0.387215725408764,0.618245706836156,1.17948673174836,1.49551428374663
"2023-03-09",-0.178188350502962,-0.168744973097779,-0.154103548849938,-0.123271954422977,-0.0565597236846323,0.165621280049474,0.317904864156936,0.536090348291965,1.09862574330311,1.43443796425384
"2023-03-12",-0.17308145368142,-0.164321920199921,-0.150874173762746,-0.122964873393518,-0.0637669854642838,0.129651800339895,0.262637246244005,0.456612057392815,0.987567937795695,1.33445891104806
"2023-03-13",-0.192460310337878,-0.184752267626513,-0.172884881630156,-0.148144632846418,-0.0952976001295407,0.0793128077499594,0.200248773028957,0.377242369704406,0.862752169150646,1.17952326259866
"2023-03-14",-0.206406246470809,-0.196989357507874,-0.182554919186382,-0.152675428840323,-0.0895868247187859,0.114579894310603,0.253636994044285,0.454898171420218,0.997362462435912,1.34532900804235
"2023-03-15",-0.195245583433246,-0.18897763731297,-0.179076942125777,-0.157615030496867,-0.108995658105445,0.0666613198135314,0.19562231595823,0.390137788520545,0.941309113548322,1.30693473020043
"2023-03-16",-0.220438522906525,-0.212887800932972,-0.201116672691959,-0.176100293985396,-0.121066660861741,0.0691948424575369,0.204877638747898,0.406266762954912,0.965333335487982,1.33049884882374
"2023-03-19",-0.215246715903189,-0.209857534518768,-0.201297345741856,-0.182578173608127,-0.139565513396038,0.020152877983836,0.140443198876179,0.325812613315712,0.874784041251634,1.25910583583743
"2023-03-20",-0.223695325731578,-0.216438074724318,-0.205204517391104,-0.181577320922685,-0.130328784939154,0.0444252914407739,0.169207746261087,0.356483349006868,0.896858642783452,1.27157366848508
"2023-03-21",-0.222282680673113,-0.213710097819234,-0.200493191332448,-0.172877533787248,-0.113668760804781,0.0833102117885248,0.220538974358186,0.422225089070691,0.979567217236004,1.3461080912903
"2023-03-22",-0.21746383576129,-0.210319078975322,-0.199171313138337,-0.175439751161334,-0.123036363242972,0.060173840366041,0.192691620463591,0.392182132201908,0.964166633034107,1.35375228045232
"2023-03-23",-0.207212424845889,-0.201973824420823,-0.193534679238586,-0.174710733023524,-0.130312268921185,0.0395646331820662,0.168954424227577,0.368285784714295,0.950195665003224,1.34653099847696
"2023-03-26",-0.21373846731574,-0.207366552773382,-0.197288183633962,-0.175393515285126,-0.125607057389344,0.0557250526402253,0.189955097796433,0.393912433019921,0.980978611086811,1.37808411453842
"2023-03-27",-0.216067606412561,-0.208742866027945,-0.197325084809874,-0.17306211742666,-0.119687496091693,0.0649334438619248,0.196729749175948,0.39258927287902,0.937950816988472,1.2956142814508
"2023-03-28",-0.225988015331729,-0.218123534867695,-0.205970349088548,-0.180488528482204,-0.125576796438294,0.058273120947625,0.186620125453373,0.375019672569198,0.891839326477366,1.22740696342918
"2023-03-29",-0.228898928414149,-0.219868810631242,-0.206035473673495,-0.177427502423864,-0.117116635536004,0.0775452105783481,0.209866169745772,0.401156495272833,0.915989166345052,1.2458913803226
"2023-03-30",-0.182200037642165,-0.17462579357977,-0.162845724161015,-0.137906320256682,-0.0834025393445006,0.102471625750666,0.233254630993332,0.4251682811704,0.945664267439889,1.27622157198768
"2023-04-02",-0.143731568742197,-0.139052430700923,-0.131219680458675,-0.112871249127709,-0.067150159387362,0.114847683375009,0.252263756075627,0.45741695841844,1.00289620328807,1.32886891851751
"2023-04-03",-0.175535488181599,-0.166434244273894,-0.15239273382184,-0.123038145911129,-0.0601524560033628,0.147148581489899,0.289212539736824,0.494096168812289,1.0346908728162,1.36886941715502
"2023-04-04",-0.17677005023088,-0.168482250095037,-0.155461105693606,-0.127503642908708,-0.0653464859880688,0.148654539194825,0.29724679319363,0.509863509514953,1.0474954027753,1.35753323000672
"2023-04-05",-0.191089800019168,-0.182243631135491,-0.168404007530503,-0.138882552283031,-0.0739132830310877,0.145832698040448,0.296143781810168,0.508835125145993,1.03602893469162,1.33360293429189
"2023-04-06",-0.20048180721197,-0.190366084544504,-0.174835292919049,-0.14262422613662,-0.0745439861753737,0.143978200747061,0.290052655841559,0.496643554970968,1.02206026404409,1.33363491417187
"2023-04-09",-0.233751796216373,-0.220098520952519,-0.199641536054572,-0.158842023450958,-0.0779208630664996,0.155926695711837,0.301777183524974,0.502793845016657,1.01899425828631,1.34701096098477
"2023-04-10",-0.231734214337448,-0.218847862459152,-0.199474346504248,-0.160615611826698,-0.0827746818452509,0.146518715332903,0.291811866922298,0.493844703990671,1.01656997737926,1.34796723901022
"2023-04-11",-0.233979937498229,-0.220213268651259,-0.199570774810357,-0.158353153867461,-0.0764643213977613,0.160476562199268,0.307948483270805,0.510199463849015,1.02080256297356,1.33617444643419
"2023-04-12",-0.237866947010378,-0.22326604010559,-0.201475806802674,-0.158310106901818,-0.0737360470331136,0.164514028363774,0.309617278199547,0.506448178548405,1.00132023959187,1.3118882761396
"2023-04-13",-0.142710511143846,-0.136731622792528,-0.126956951204766,-0.104778409875001,-0.0517738853627973,0.147141068764558,0.291016957816589,0.499306724933709,1.02364246455797,1.31913365316227
"2023-04-16",-0.183206954733473,-0.173305086638519,-0.158019249140836,-0.126054703698908,-0.0576925523730818,0.16490604729153,0.314330739733488,0.524944970068137,1.05155969112384,1.35533014363435
"2023-04-17",-0.182517428284203,-0.17261855347291,-0.157369590511191,-0.125580873340294,-0.0578820898124081,0.161647215102446,0.309069874142862,0.517557755849613,1.04461751347132,1.35355874857056
"2023-04-18",-0.175311853128789,-0.166464154412778,-0.152656193063704,-0.123306785826171,-0.059026077899916,0.15724031473104,0.304975489561924,0.514283193368155,1.03598399864225,1.3329702148992
"2023-04-19",-0.172248531388401,-0.163675159936694,-0.1502756813254,-0.121723650728972,-0.058904976930234,0.154672724293861,0.30224796139288,0.513485515929037,1.0511993755774,1.36497389172811
"2023-04-20",-0.177546997627949,-0.16979641541516,-0.157447489548558,-0.130405505056687,-0.0687104480146216,0.149740992739534,0.302684407097402,0.520691043848048,1.06050232826301,1.36174108608703
"2023-04-23",-0.179696491584679,-0.172099615720025,-0.159942594354102,-0.133155890641187,-0.0715304620405198,0.149069757693931,0.304500530968752,0.526736617155015,1.07885076686575,1.38757089007238
"2023-04-24",-0.179256743028869,-0.170903080321467,-0.157737670836458,-0.12934826486428,-0.0658883097914624,0.153569920255174,0.305789577377621,0.522715469333455,1.06468718845558,1.37211517039184
"2023-04-25",-0.186850855836929,-0.17803384826053,-0.164278924144459,-0.135053271423713,-0.0710427357271169,0.144854449552034,0.29302447376914,0.504049870886735,1.036413333972,1.34406665137591
"2023-04-26",-0.175458769692744,-0.16749596564417,-0.154984670878122,-0.128110378586333,-0.0682626189453955,0.139189135365744,0.284618297848314,0.494762052340383,1.03782110654448,1.3594630419551
"2023-04-27",-0.166299078100693,-0.161430361698584,-0.153396176650991,-0.134917653314106,-0.089851565992735,0.0856093211413399,0.216919416523523,0.412591617469073,0.934255048572339,1.24822035395014
"2023-04-30",-0.172941157285719,-0.166794877168285,-0.156915278794056,-0.134988019595111,-0.0838995052783229,0.104202482798855,0.240747672895414,0.441296544631583,0.967730109310042,1.28162087119988
"2023-05-01",-0.168436356436122,-0.161418539192361,-0.150338049181463,-0.126358527594635,-0.0723358448066084,0.118711868501626,0.254906525888895,0.454199598524249,0.98122307628049,1.30140989157981
"2023-05-02",-0.1660215815337,-0.159446696312795,-0.14899296041426,-0.126139330311598,-0.0739133606381798,0.114458766683442,0.250361570051702,0.450433010491403,0.983116895683246,1.30812210476704
"2023-05-03",-0.168436356436122,-0.161418539192361,-0.150338049181463,-0.126358527594635,-0.0723358448066084,0.118711868501626,0.254906525888895,0.454199598524249,0.98122307628049,1.30140989157981
"2023-05-04",-0.168436356436122,-0.161418539192361,-0.150338049181463,-0.126358527594635,-0.0723358448066084,0.118711868501626,0.254906525888895,0.454199598524249,0.98122307628049,1.30140989157981
"2023-05-07",-0.162961525343664,-0.157212468673864,-0.147872746519106,-0.126842021142134,-0.0769370147060144,0.110606341633974,0.247908389618867,0.449857056175944,0.977801100226476,1.28969136338586
"2023-05-08",-0.159274736587443,-0.153380346430175,-0.143836923822073,-0.122446010227982,-0.0719805190666076,0.116412201900157,0.25391668271533,0.45598290878319,0.984352940952435,1.29697906519572
"2023-05-09",-0.162988948836788,-0.157152920684045,-0.147662092190256,-0.126268058577723,-0.0754783756681368,0.11479290609321,0.253272189409691,0.455618866804276,0.976786050504413,1.27909143430857
"2023-05-10",-0.158062747456446,-0.153179684669796,-0.145119754225821,-0.126578540340033,-0.0813681026044459,0.0943356990988582,0.225467955901986,0.420313670929022,0.93645668806468,1.24467206784555
"2023-05-11",-0.166227688878558,-0.161929782508163,-0.154662683759097,-0.137424188307172,-0.0938436721954051,0.0822779463622069,0.216170441615519,0.416563485809668,0.950109797774325,1.26873865520811
"2023-05-14",-0.168964835657199,-0.163699387353546,-0.155033448584085,-0.135178511465747,-0.0870344142785854,0.0984294912462962,0.235851916440716,0.438890254734656,0.97095089658213,1.28482320267816
"2023-05-15",-0.166717083412713,-0.161723648780364,-0.153455126492362,-0.134360266273302,-0.0876199473247895,0.0942349893195863,0.229534895742189,0.429618911302114,0.953370551294314,1.26139964121261
"2023-05-16",-0.159691299314122,-0.156221200447927,-0.150152376692535,-0.135164257436263,-0.095569702748025,0.0716034879340672,0.2011804366037,0.396544981195096,0.919306575686879,1.231472055905
"2023-05-17",-0.167465493899706,-0.162419894856012,-0.154127498888339,-0.13515784676632,-0.0892077571734807,0.0881961341987724,0.220307931867336,0.416634551056886,0.938025969889882,1.25074841067127
"2023-05-18",-0.1683110447877,-0.163448733840711,-0.155348687494352,-0.136500924294572,-0.0899731015019334,0.0923650882455422,0.228167436736463,0.428619393511962,0.949783455424095,1.25333607321351
"2023-05-21",-0.165650458783474,-0.16115066733835,-0.153605961159997,-0.135900988750498,-0.0917251985807959,0.0838793279906294,0.215962324235946,0.412264577606687,0.928787045914673,1.2334895400817
"2023-05-22",-0.1662296248992,-0.161876133681835,-0.154436259357553,-0.136576983263851,-0.0909598958986555,0.0933202503727874,0.231678442294714,0.435393423291223,0.957205835471744,1.25425132077143
"2023-05-23",-0.170653051977687,-0.166304450396368,-0.158854707239169,-0.140918851219639,-0.094956174089377,0.091345844962044,0.231447150724746,0.437874693340943,0.967013634125405,1.26835285979141
"2023-05-24",-0.176095519010209,-0.170737625695951,-0.161843444177546,-0.141249273452444,-0.0907594573297594,0.10484222135118,0.249065115384404,0.460188050719778,1.00029805197262,1.30919636122771
"2023-05-25",-0.177071890609217,-0.171775933471701,-0.163021499102438,-0.142858072146417,-0.0937177530721159,0.0956964787145144,0.235261861788884,0.439851623808718,0.965829658614253,1.26873363486631
"2023-05-28",-0.167887132004257,-0.164437339263622,-0.158092014688725,-0.141589102781654,-0.0960603988298624,0.098742584506202,0.246373404779354,0.461501298876234,0.991977648959112,1.27858391844296
"2023-05-29",-0.168900078689103,-0.164539211457979,-0.157004936916987,-0.138695761158583,-0.0913904878714712,0.100619630780407,0.244029299867175,0.45333197062852,0.977956195449639,1.26869330067929
"2023-05-30",-0.174949543694393,-0.170948309770805,-0.163909854399157,-0.146445116487367,-0.100309064477597,0.091199146729449,0.23582990185261,0.448065083147223,0.983599184351333,1.28191902905431
"2023-05-31",-0.18251350974467,-0.177320318769239,-0.168687640063975,-0.14866093456444,-0.0994339436999647,0.0920730503689902,0.233773012441147,0.441787267707728,0.976816695753937,1.28465281082582
"2023-06-01",-0.167580780987503,-0.165157855671774,-0.160364770263579,-0.146974316203169,-0.107485151228489,0.0732663994021112,0.215935896989903,0.429657194351967,0.98228529962339,1.29583730299964
"2023-06-04",-0.177205743085104,-0.172936641653518,-0.165498977715423,-0.147247428155381,-0.0995981412597817,0.0958080394209145,0.242454354360477,0.456924384023514,0.995609521471646,1.29448488950756
"2023-06-05",-0.176572162436746,-0.172830738597821,-0.166163054741015,-0.14937592646597,-0.104368923646769,0.085079711448183,0.229056449302061,0.44089828591163,0.976854150576891,1.27585004621281
"2023-06-06",-0.174852178145462,-0.171184892440268,-0.164631833475635,-0.148081569081281,-0.103549278182927,0.0848320440951945,0.228558554240087,0.44069523766257,0.980597035820241,1.28376470136202
"2023-06-07",-0.171456717137382,-0.167612036252896,-0.160772212264847,-0.143587752954623,-0.097633236525692,0.0950479983398977,0.240988075364285,0.45511100167078,0.993864037303742,1.29259412531936
"2023-06-08",-0.168272744445095,-0.164997779431503,-0.158986850821113,-0.143370554739725,-0.100215311381901,0.086340333377981,0.229664288190074,0.441368346919074,0.978327125643838,1.27787040224328
"2023-06-11",-0.16521632262586,-0.163380269090536,-0.159316729749514,-0.146908409255608,-0.107907940478396,0.0770422527189623,0.223305596008344,0.440428903776179,0.986748962415494,1.28598763365507
"2023-06-12",-0.168418229883776,-0.166614050284853,-0.162610963958675,-0.150364789223331,-0.111824566669903,0.0711051258695454,0.215818155636522,0.430667729260716,0.971331805387815,1.26749155398216
"2023-06-13",-0.163143643366818,-0.161303961807931,-0.157200762854917,-0.144613688069116,-0.105008914232707,0.081778240723178,0.228270512177554,0.443893934174066,0.976960281017377,1.26322435887249
"2023-06-14",-0.154162733733078,-0.152887489395459,-0.149557105547841,-0.138279014076123,-0.100537189507226,0.0839767653238189,0.229954344148124,0.444794050208353,0.972499800284296,1.25303583856206
"2023-06-15",-0.151338760250493,-0.150157380784211,-0.147101292713213,-0.136778582428721,-0.102098002091721,0.0704869318803959,0.209984211445416,0.419607253167013,0.956826592553539,1.2562302689715
"2023-06-18",-0.155320656870764,-0.153554078474142,-0.149718588076873,-0.138157201438857,-0.102051600630034,0.06979331261459,0.206998126223766,0.412855384717952,0.942867776036722,1.24096686902688
"2023-06-19",-0.151154402041807,-0.148833236782682,-0.144258205019574,-0.131520389286358,-0.0940717956648185,0.0767764691824276,0.211332491426656,0.412566807699367,0.931322338570109,1.22468551987487
"2023-06-20",-0.150280186824419,-0.149140867061433,-0.146205797843963,-0.136308260819391,-0.103042770368983,0.0631925279080087,0.198279796036614,0.402359283452195,0.931197033336553,1.22966905536041
"2023-06-21",-0.151143477408863,-0.150100732453001,-0.147282886591846,-0.137530001321298,-0.104259734282186,0.0633662202597074,0.199839698400459,0.405995282060297,0.939354759310303,1.23961739461757
"2023-06-22",-0.135718483460377,-0.137276628108739,-0.138051463662671,-0.13447426770339,-0.110196265192521,0.0471589579685162,0.183542981530486,0.392402796124648,0.930482654489481,1.22741123455419
"2023-06-25",-0.135811448318672,-0.137786196822225,-0.139187152350338,-0.136860975633784,-0.115044874582364,0.0356863128467043,0.168492323219339,0.373226223856127,0.904726888246055,1.19974745122049
"2023-06-26",-0.11838794569055,-0.121836430027486,-0.125143505525179,-0.12566327497803,-0.106523159222189,0.0483551500083927,0.186499293038858,0.39694594939869,0.922958063964812,1.20140791334213
"2023-06-27",-0.127163493011778,-0.128554502973574,-0.129041125956046,-0.124782542842152,-0.0989117123861409,0.0626621794463905,0.20020822833078,0.408089723722861,0.930973705324887,1.21235604733299
"2023-06-28",-0.121889901836194,-0.123091160972907,-0.123362819460012,-0.118889377190932,-0.0932183633525841,0.0658550637194451,0.201995129900826,0.409354131373541,0.940037084239969,1.23132031174265
"2023-06-29",-0.121593101788793,-0.12403518832584,-0.125921828300865,-0.123887395268501,-0.100561608162597,0.0626352087998789,0.204790888646045,0.420636938253559,0.96274008387781,1.25260290048051
"2023-07-02",-0.126914065398922,-0.128071145536766,-0.128234894664156,-0.12341214898534,-0.0966179162578998,0.0676137009622247,0.207585897220695,0.420249391634015,0.962288871607241,1.25859824401998
"2023-07-03",-0.123408350000257,-0.125382102790328,-0.126708541071773,-0.124001663337766,-0.100703405684433,0.0572830919042304,0.195332705295065,0.406878201281846,0.950108468937554,1.2481932454656
"2023-07-04",-0.121191367582364,-0.123918920582613,-0.126243304721064,-0.125113342305256,-0.103676727477482,0.0537298146996176,0.192266064282439,0.40333364732565,0.934973416688712,1.21964935209
"2023-07-05",-0.132811355185057,-0.133360850150806,-0.132623707503428,-0.126054315969007,-0.0960898979185,0.074056956141887,0.214867874883599,0.425158576488907,0.946706474783215,1.22433888924413
"2023-07-06",-0.154033583728092,-0.149478991558543,-0.14169893542905,-0.123037965706785,-0.0754475046665738,0.116035062372957,0.25915024100553,0.4689692524977,1.00167469675495,1.30183414472982
"2023-07-09",-0.163291184626264,-0.156955526704638,-0.146623119250141,-0.12325787011216,-0.0676624944938984,0.139753969141081,0.289201756076653,0.505035101746138,1.04630033422464,1.35020784937232
"2023-07-10",-0.158478741233928,-0.153727325470872,-0.145612797957892,-0.126160851398556,-0.076626832882201,0.121776194535297,0.269260990720294,0.484359215632103,1.02456550580855,1.32516590101328
"2023-07-11",-0.165641424328131,-0.158752712874683,-0.147633748937499,-0.122839273928978,-0.0648857102598793,0.146792516571876,0.297650814885804,0.514534089423762,1.05651105519639,1.3606229699232
"2023-07-12",-0.164586020953524,-0.158743180526765,-0.149132653162508,-0.127142587867712,-0.0739882138620135,0.12886504522351,0.277473414787961,0.494634150435427,1.05053844286137,1.36949558211073
"2023-07-13",-0.174710716409646,-0.168453610007987,-0.158146829203854,-0.13453151382988,-0.0774381021355245,0.139268080403069,0.296573006001369,0.524187373092378,1.09436902383535,1.41317257184508
"2023-07-16",-0.174127925510287,-0.167811308485809,-0.157432367383748,-0.133728041153242,-0.0766358952762604,0.139256584536211,0.295777617757732,0.522275515901317,1.09044475511822,1.40885313898558
"2023-07-17",-0.169541238802657,-0.162763740853663,-0.151823516955218,-0.127406927268379,-0.0701494657486837,0.141649286550753,0.295166146785169,0.519636847651776,1.10138542220381,1.44230594763443
"2023-07-18",-0.167818608426903,-0.162331601706262,-0.153205159605677,-0.132014032300258,-0.0798490426216965,0.123708771528948,0.27479973382023,0.497230141171587,1.07266965665137,1.40599153306176
"2023-07-19",-0.166768857001653,-0.161615556381017,-0.152942865780636,-0.132509539008984,-0.0813859996642031,0.121031616476003,0.271818058988122,0.49343278102004,1.06198234598331,1.38718915836736
"2023-07-20",-0.153598634101123,-0.149807045114072,-0.143211295026167,-0.127022532291815,-0.0845365378022628,0.0936857521661418,0.231414826517836,0.438799998557303,0.99299550393252,1.32368132906051
"2023-07-23",-0.15104555336061,-0.148271760411163,-0.142936970799068,-0.128421065154553,-0.0865988554876268,0.1006723465198,0.246675770534921,0.463649314918694,1.01721297199755,1.32701824788146
"2023-07-24",-0.149819136349452,-0.147143755337299,-0.141912837760488,-0.127460130735115,-0.0852747107874246,0.10560676446407,0.25505454660373,0.477528831598128,1.04606460168471,1.36453669026969
"2023-07-25",-0.145912337871552,-0.14387978318274,-0.139570832887597,-0.126823605519146,-0.0875865302150773,0.0968123462310794,0.24299201188786,0.461257703441685,1.01853781610369,1.32926087414024
"2023-07-26",-0.128180953227243,-0.127283189322443,-0.124589701936494,-0.114781237896624,-0.080391713264279,0.0954557229101547,0.239132859841766,0.456193520913058,1.01650576125,1.33075797750486
"2023-07-27",-0.136044227440617,-0.131049602145212,-0.122321721926078,-0.100875190099078,-0.0451054295984571,0.178582989274253,0.341501510160423,0.572795491472261,1.11922098250585,1.40225097035604
"2023-07-30",-0.130868867049652,-0.125450732396204,-0.116043928019993,-0.0930906777948497,-0.0337753791940982,0.203576530614324,0.376953917493192,0.624247042040899,1.21487322251157,1.52471000474515
"2023-07-31",-0.125852411882351,-0.121455310753039,-0.11349639344917,-0.0931465313819167,-0.0379399426600852,0.194325434833468,0.36870425853745,0.621368366183185,1.23890710676898,1.56973301192112
"2023-08-01",-0.136709444021248,-0.130112798617312,-0.119064497703317,-0.0932333932130599,-0.0294586453195824,0.215504228135526,0.392114990303917,0.644021322160344,1.25222536796041,1.57700342629308
"2023-08-02",-0.139186709557392,-0.131494090430965,-0.118860926009909,-0.0900610533571758,-0.0210704243882937,0.235124502546997,0.41665945819611,0.673576214503428,1.28898661800846,1.61613970093135
"2023-08-03",-0.138201704213463,-0.130523535489963,-0.117928710263271,-0.0892526397187591,-0.0206166228598125,0.234698505357275,0.416322662260528,0.674511644378411,1.29901512700032,1.63477356933526
"2023-08-06",-0.132590691866224,-0.126178809798495,-0.115374786568644,-0.0899176706903931,-0.0264630645024997,0.220306515375314,0.39973399157551,0.657140565624118,1.28468228422959,1.6230709747555
"2023-08-07",-0.133147593412098,-0.127199956214376,-0.117065517817366,-0.0928647125650144,-0.0316778168618128,0.209113212710476,0.384623715770621,0.635958081750647,1.24422103542181,1.56889195780501
"2023-08-08",-0.104817914084894,-0.101252374291525,-0.09454756272914,-0.0767174962601072,-0.0265157481027604,0.192051915281967,0.358913049622922,0.602799781290799,1.20594268444163,1.53232575074621
"2023-08-09",-0.131196625834526,-0.124978859499823,-0.114579307823541,-0.0902879437890475,-0.0302554557427738,0.202342551455068,0.372190276993701,0.617622868937742,1.22666942980363,1.56227643966505
"2023-08-10",-0.131946654925936,-0.125586749752966,-0.115002575863328,-0.0904336094883829,-0.0301378200345658,0.20199942743644,0.371220459803614,0.615880530133998,1.22492849534796,1.56213184241723
"2023-08-13",-0.137277942831755,-0.129827489179632,-0.117652281081323,-0.0900552991892345,-0.0242688127218965,0.220690438346994,0.396173877149487,0.647873856336266,1.26931655916809,1.61174915117124
"2023-08-14",-0.134282457359137,-0.127280987970304,-0.115665508920112,-0.0888247327590597,-0.0234033481322011,0.225224399572257,0.40421134823052,0.66020509057209,1.28408398610669,1.62144975330012
"2023-08-15",-0.136340975995668,-0.129208947934395,-0.117394506637113,-0.0901545202966643,-0.0239905863548893,0.225723639989156,0.404252147434976,0.658046266817961,1.26925632517411,1.59547018180686
"2023-08-16",-0.128353554577515,-0.12152362839201,-0.110083621265512,-0.083330197120426,-0.0172359374373566,0.237143676520374,0.420990631561676,0.683829818899553,1.32145201464571,1.66375724258799
"2023-08-17",-0.128012159584283,-0.121471377646514,-0.110493137536583,-0.0847442815331419,-0.0208552976206917,0.227035864545764,0.407595004387384,0.667477899871591,1.30626438287579,1.6541909426564
"2023-08-20",-0.129394597333081,-0.122430808962823,-0.110771382111442,-0.08352128940531,-0.01626297575477,0.242115401370212,0.428504394313067,0.694540868225933,1.33784532625223,1.68198046607291
"2023-08-21",-0.128938975032552,-0.122304462987536,-0.111061660630576,-0.0843957314007213,-0.0175029830702532,0.243370279914135,0.432499852496479,0.702470961564577,1.3526991581025,1.69822458601139
"2023-08-22",-0.134226075843159,-0.127597850779612,-0.116314404252204,-0.0894101337943764,-0.0215643583121638,0.243844873961083,0.436055197150668,0.70968627226713,1.36420369112569,1.70909671263378
"2023-08-23",-0.135839682980176,-0.129519976321505,-0.118758943416623,-0.0930806940866647,-0.0281947717615808,0.227235142183412,0.413627381194262,0.680903090686888,1.32965931114511,1.67712946037671
"2023-08-24",-0.143886531770827,-0.136289494605688,-0.123776862269163,-0.0951301367865489,-0.0260655414582373,0.233458854304945,0.41942750753668,0.685131985673649,1.33334622436588,1.68489746323849
"2023-08-27",-0.215637911789659,-0.201122865284317,-0.179021969260317,-0.133792280202589,-0.0402752471695397,0.248232531145022,0.434907904499675,0.693277280673832,1.328791228402,1.69400341719623
"2023-08-28",-0.21394613764915,-0.198873563394302,-0.176066315943283,-0.129845919082771,-0.0357257019934955,0.248292986300539,0.430124033012107,0.681914323406707,1.3118865628402,1.6862935948543
"2023-08-29",-0.213435505778443,-0.198504845522648,-0.175883422336308,-0.129945933442456,-0.0360953992342559,0.248567023647225,0.431356753297037,0.684637564200773,1.31702698673722,1.69084127265342
"2023-08-30",-0.207898285803145,-0.193872078623328,-0.172548981568946,-0.129007157877357,-0.0392094563072783,0.238037641326157,0.418782146524526,0.671773818054821,1.31324689009331,1.6977971783781
"2023-08-31",-0.0732388425624386,-0.0730366307091123,-0.07081365408862,-0.0601130677052621,-0.018124075656674,0.204977519884129,0.385761938129331,0.653436758521489,1.31107613654615,1.65883507507856
"2023-09-03",-0.141743014203992,-0.134133791337585,-0.121686626791341,-0.0934318619918751,-0.0259302655075637,0.226399284039578,0.407812260024299,0.668795845050658,1.31688537682576,1.67628977968808
"2023-09-04",-0.140030022699077,-0.132854601024238,-0.120930111061975,-0.0933165048632742,-0.0258529886547119,0.231030499177087,0.415999528507742,0.680394861699571,1.3235167780074,1.67039939358193
"2023-09-05",-0.151515706322512,-0.14348676540776,-0.130364010467074,-0.100626676648324,-0.0298540181726737,0.231837271406555,0.417545855635404,0.681421529231768,1.32021203616603,1.66431477825607
"2023-09-06",-0.155840857235616,-0.147833686232773,-0.134721128645306,-0.10493032346829,-0.0338028629073314,0.230192298122528,0.417911864226462,0.684891190263337,1.33181008701247,1.6804825616289
"2023-09-07",-0.147363903532998,-0.141551625155017,-0.131416772687539,-0.106557742230356,-0.0419265918085411,0.218748212212892,0.410267978010816,0.684614127452816,1.34486528634555,1.69395712785938
"2023-09-10",-0.145621104275585,-0.13517182241499,-0.118623740572018,-0.0827136214091481,-0.00189718599629535,0.277740418231357,0.469772373105268,0.739529360452579,1.39015359848443,1.74321062011881
"2023-09-11",-0.145562987807679,-0.135919453254163,-0.120415931186597,-0.0860684590111211,-0.00669623515176337,0.275892171616053,0.471851603520035,0.746741070240246,1.40071889477556,1.74789633845176
"2023-09-12",-0.14747512843563,-0.137643216908675,-0.121845745592859,-0.0868887655593918,-0.0063304406995302,0.278161730696393,0.473489550621368,0.744921192535096,1.37845189663251,1.70768379827509
"2023-09-13",-0.148720368708688,-0.138314194381224,-0.1217252507354,-0.085411882495889,-0.00288028451227546,0.284044498005672,0.479727230376108,0.751332978369213,1.38697632286822,1.71925058250558
"2023-09-14",-0.153605361460788,-0.142894769194627,-0.125896818437278,-0.0889211302394197,-0.00558209540270688,0.281213869046958,0.475810708716755,0.745448432959076,1.37628709974297,1.70653470280827
"2023-09-17",-0.15225166666675,-0.141680980959839,-0.124913319657079,-0.0884587295884335,-0.00632014669443198,0.276730125001704,0.469342163101262,0.737103086986705,1.36805909875061,1.7011387030595
"2023-09-18",-0.152605982576421,-0.141906882455496,-0.124921484703039,-0.0879520910538086,-0.00453997512804721,0.283218258027282,0.479003089713703,0.750955840410499,1.39031547854297,1.72682776664594
"2023-09-19",-0.150386548553342,-0.139908690471153,-0.123150030157684,-0.0863079192626888,-0.00218454778133476,0.290780859913141,0.489803610183258,0.764338015356985,1.3973119316079,1.72231677061157
"2023-09-20",-0.166402621811066,-0.15264430730493,-0.131289500782273,-0.0863341144924595,0.0103075843649661,0.320634312398374,0.521535203305729,0.792525807285356,1.40413476219463,1.71513025303061
"2023-09-21",-0.169859768589514,-0.155487314048972,-0.133338319781007,-0.0871996596563983,0.0105313107762587,0.318802160106224,0.517067521434474,0.784907900300007,1.39648863809096,1.71322776277846
"2023-09-24",-0.169204710287788,-0.15556058327245,-0.134456305147449,-0.0902406026536786,0.0042674712603028,0.306982565986873,0.504084098811553,0.772545972187354,1.39345650031993,1.71892088250756
"2023-09-25",-0.175859252901356,-0.161492895734943,-0.139359417585639,-0.0932677087215796,0.00434943649886738,0.312650834562571,0.511476235086256,0.780920602818162,1.40054506087517,1.72417785220113
"2023-09-26",-0.174635026863918,-0.16079131521889,-0.13939994171313,-0.0946475848432279,0.000826274588136888,0.306136442807081,0.505016591719255,0.776350421632655,1.40693032613919,1.73957878488893
"2023-09-27",-0.207019427016359,-0.188336965422503,-0.160201550113562,-0.103658874729025,0.00964003514650413,0.33829285798502,0.539313486670237,0.806509212194472,1.4210671412795,1.75137465698936
"2023-09-28",-0.194206361545212,-0.17574116797872,-0.147940385234318,-0.0920895281996095,0.0197926818619956,0.344689417104961,0.544024823318469,0.810051407133342,1.42820545500746,1.76500729698643
"2023-10-01",-0.23555423071342,-0.212183414307312,-0.177542127359155,-0.109726958138963,0.0202295579203296,0.368467670769753,0.569732872351685,0.831953465994895,1.44595276989177,1.799116162877
"2023-10-02",-0.229333183056167,-0.208046239665504,-0.176276197573817,-0.113358488141233,0.00969146335069879,0.352468051478095,0.556751102390007,0.826461828426278,1.45654490596078,1.8107635737747
"2023-10-03",-0.232288457467479,-0.210050580783568,-0.176858721059556,-0.111124149775765,0.0173866341866094,0.374314062977949,0.585766793208446,0.862894853263836,1.49805356513177,1.84561754285027
"2023-10-04",-0.232995070517399,-0.211978508353443,-0.180463275919251,-0.117565408312964,0.00704526943042472,0.361815187133238,0.576214732733811,0.860172948685333,1.51630665851633,1.87445239608651
"2023-10-05",-0.221321867896645,-0.202136066979769,-0.173040342439208,-0.113944173198399,0.00629934082500788,0.360801783913784,0.577279784016704,0.860755717956949,1.48149178740891,1.79249216849601
"2023-10-08",-0.22097702624649,-0.201726609537297,-0.172540998433451,-0.113288523398046,0.00718652103777428,0.361937349908972,0.578364870995351,0.861625080309137,1.48149975919822,1.79194254991933
"2023-10-09",-0.182990812133609,-0.168245668362981,-0.145329007360697,-0.0970087950476905,0.00698831878855832,0.339854798401814,0.553606334492322,0.839196257400966,1.47034150255699,1.78359625913073
"2023-10-10",-0.178751253131545,-0.165465480781179,-0.144640166424898,-0.100173521955505,-0.00272291367698818,0.317286552045741,0.526145173121422,0.807467728552539,1.43461671850757,1.74748591061131
"2023-10-11",-0.182556754917376,-0.168051819109081,-0.14558202175127,-0.0984286191184631,0.00239578304483695,0.322644579055034,0.527741529851447,0.801963552546969,1.41092800505063,1.71538901042989
"2023-10-12",-0.191579280955114,-0.176367707920567,-0.152897188034691,-0.103936325468666,-0.0001450403813682,0.32569992902634,0.533068967408651,0.809799879974845,1.42467784887097,1.73309963652449
"2023-10-15",-0.177595185485381,-0.163656058643,-0.141963770944767,-0.0961223835620462,0.00295304469631807,0.323216656701776,0.531154884766452,0.81169717466107,1.44341618099155,1.76330427133265
"2023-10-16",-0.189397340966274,-0.174317574118011,-0.150961852172312,-0.101956954166669,0.00284676942933992,0.336441288694582,0.550863236680463,0.838668794708653,1.48309834900605,1.80831794193791
"2023-10-17",-0.194797216385321,-0.177219983285925,-0.150409542034445,-0.0954516329212186,0.0180554963024818,0.361506041990365,0.575619663587411,0.859594798870276,1.49238694067885,1.8139182168122
"2023-10-18",-0.198968867884065,-0.179998010370475,-0.151147237137176,-0.0922880645662332,0.028318166299633,0.387948608409605,0.609303438431803,0.900280782763724,1.53954002286025,1.86004229330887
"2023-10-19",-0.191404152613379,-0.17332027649633,-0.145726612282205,-0.0891335406429797,0.0278210825113844,0.381683187976776,0.601986357155035,0.893591860046638,1.5402427572416,1.86685518449008
"2023-10-22",-0.179013743545351,-0.161744272137183,-0.135190736620994,-0.0800869521476511,0.0358353921001685,0.395923797161351,0.623748122719564,0.927229691218069,1.6019027635605,1.94138219414617
"2023-10-23",-0.181351557566798,-0.164385158707447,-0.138314082296019,-0.0842593817567807,0.0293326203867383,0.382008279271817,0.605398385084546,0.90355939027443,1.56970440514096,1.90695554260175
"2023-10-24",-0.180825410643803,-0.163911063080478,-0.137881597684456,-0.0838042278127645,0.0300962556848938,0.383760030895421,0.606827572573521,0.902728200273082,1.55411490236176,1.87806992678902
"2023-10-25",-0.187363764765631,-0.168529039123788,-0.139795517933556,-0.0808952991345726,0.0406492461774372,0.406447887415445,0.632458627488638,0.929353298768773,1.57739902883667,1.89891176750496
"2023-10-26",-0.214739560153099,-0.193257562436219,-0.160861265260223,-0.0956447277683094,0.0351650797739785,0.411832008814392,0.63804613492628,0.931937163131442,1.57162227877456,1.8921608900441
"2023-10-29",-0.20801612144985,-0.185920159521187,-0.152669080642312,-0.0859598935356084,0.0471101241818734,0.426893367194003,0.653642743162499,0.947579073686566,1.58735683282902,1.90896699264515
"2023-10-30",-0.202898593715997,-0.175444748355797,-0.134824124624008,-0.0555613339688624,0.0953327014768657,0.492366652214685,0.716122523366184,0.999841285293006,1.61350717026363,1.9086598743343
"2023-10-31",-0.221271832258342,-0.192761379629737,-0.150585873429428,-0.0683191300196016,0.088176516048261,0.499088057058841,0.729979458101173,1.02178539580418,1.64653481100485,1.93910214506147
"2023-11-01",-0.214069948225511,-0.186698142388288,-0.146193401468179,-0.067137191000563,0.0834396261667628,0.480198519100838,0.704244663314765,0.988955496959703,1.60893035683746,1.9122600724775
"2023-11-02",-0.199451344309148,-0.172829681490608,-0.133424269635497,-0.0564756004870744,0.0902352816315446,0.477898082431918,0.697674134788656,0.978170384311046,1.59703417143939,1.90971749701063
"2023-11-05",-0.199939453111836,-0.174401493493015,-0.13659188185335,-0.0627299438344065,0.078210315139225,0.451466744401687,0.663742364078617,0.935594998109805,1.54154624919371,1.85516264825773
"2023-11-06",-0.201813883005608,-0.176384045593454,-0.138733515192179,-0.0651788093976408,0.0751889502102414,0.447030139669106,0.658580684785939,0.929615549520501,1.53447594666965,1.84840509932784
"2023-11-07",-0.202813789508035,-0.178081880652992,-0.141462471023235,-0.0699143442442583,0.0666546297827537,0.428656232293382,0.634785480157665,0.899119977717967,1.49064709248217,1.79959528348655
"2023-11-08",-0.203913583064796,-0.179303493505847,-0.14287862766378,-0.0717608974946933,0.063791075883941,0.421662404891203,0.624306735810535,0.882600720564862,1.45024317959445,1.73433890191933
"2023-11-09",-0.210299868721495,-0.185325616803392,-0.148361687689952,-0.0761911993934195,0.0613683813260991,0.424547550352206,0.630203426500013,0.892344327158681,1.46849640630429,1.75691841224548
"2023-11-12",-0.222806736924329,-0.196498776938419,-0.15757383577809,-0.0816206523722784,0.0629695864634252,0.443393108805379,0.657768915405744,0.929567356025918,1.5172731754932,1.79972112289512
"2023-11-13",-0.230481378944803,-0.204878154413948,-0.166982274340913,-0.0929885698568177,0.0480602147822226,0.420554969561598,0.63156804417489,0.900652048302686,1.49282413538053,1.79018958640976
"2023-11-14",-0.211496114969885,-0.191723590643613,-0.161977163923216,-0.102313602881102,0.0167365819546527,0.357864705382669,0.563156283448359,0.83175035948536,1.42907210689792,1.73743432027898
"2023-11-15",-0.210162628219308,-0.190873185966002,-0.161765873341457,-0.103100843947611,0.0148816244841935,0.35737220337658,0.565320352580326,0.83837871145416,1.4461348407644,1.75865217059541
"2023-11-16",-0.188564974759007,-0.173847200824778,-0.151192620287776,-0.104088566327757,-0.00461487253422849,0.30741606074223,0.50712260046759,0.775949922382998,1.38608472361669,1.70016995276503
"2023-11-19",-0.219358561375881,-0.20096681282269,-0.173221259860888,-0.117313539186287,-0.00484702955702668,0.322811957699412,0.523173213687044,0.788454370056776,1.39041126896745,1.70749783101621
"2023-11-20",-0.211654188973701,-0.195786510105502,-0.171657904793338,-0.122416625990454,-0.0212975250513157,0.283700355428335,0.474962446623192,0.731445500592156,1.32010703353024,1.63094322976669
"2023-11-21",-0.213463786390862,-0.195727486822723,-0.168936162883708,-0.114836541410174,-0.00561291373711309,0.314787357470774,0.511883822075721,0.773883635994152,1.37193690014912,1.68862138916395
"2023-11-22",-0.213900156900797,-0.196419320635828,-0.169979506746367,-0.116477919318499,-0.00809227084328865,0.311694009090302,0.509239774176513,0.772380684183131,1.37403367359625,1.69262087649778
"2023-11-23",-0.200007342244584,-0.181650398544463,-0.153898597006976,-0.0977966224435393,0.015597584145789,0.347715384750948,0.550804522686896,0.81860021112877,1.41773319882143,1.72689471646115
"2023-11-26",-0.184412764293551,-0.167263355632923,-0.141216951626726,-0.0881686332019773,0.0203790470705037,0.345291652496301,0.547461405164057,0.81686439553498,1.42799421447395,1.74665822572184
"2023-11-27",-0.183758247631766,-0.168287383868789,-0.144601861353027,-0.0957486440923896,0.00625100253976602,0.321993446872716,0.523409303787794,0.795573275757245,1.42327551634871,1.75413534400798
"2023-11-28",-0.173947974515827,-0.161802877960187,-0.142913615646073,-0.102996588529699,-0.016499555430754,0.267371752902445,0.456081333640599,0.71701683577385,1.33626945890063,1.66947325634919
"2023-11-29",-0.148241407469372,-0.138648636816246,-0.123316582474042,-0.089614073155426,-0.0124682184502155,0.259861427740155,0.448563227590776,0.714141690544243,1.35276586974889,1.69671529527187
"2023-11-30",-0.156134608676341,-0.145084378632452,-0.127639874065338,-0.0899740184318487,-0.00591040047419672,0.280091947839366,0.473226686678858,0.740709674498302,1.36848465071052,1.69909571187679
"2023-12-03",-0.141512676521578,-0.133042742877857,-0.119181955933075,-0.0877374349070917,-0.0129135026769434,0.262110854043105,0.455395408220229,0.727254787644939,1.37131588572446,1.70979870076223
"2023-12-04",-0.14508325700535,-0.136042438741924,-0.121524195145743,-0.0893924628626638,-0.0151260923745364,0.250959865457982,0.437436707102399,0.701982106965358,1.3467976837986,1.69890882580053
"2023-12-05",-0.144890139531099,-0.136310585832901,-0.122423929893893,-0.0913738360232657,-0.0187723814552012,0.243300396047413,0.426277147936735,0.683582775164483,1.29637394193138,1.62134647212525
"2023-12-06",-0.149180289658938,-0.134587582164064,-0.112221744863913,-0.066005141216721,0.0308057998720549,0.332592747818273,0.526494900843661,0.790073566814851,1.40487798836128,1.73296946453458
"2023-12-07",-0.148000047660856,-0.132945969539242,-0.1098659349853,-0.0621521274537714,0.037855664956467,0.349777372954788,0.550158643340092,0.822379838378152,1.4561952429475,1.79359726940132
"2023-12-10",-0.150246188478167,-0.136200630922669,-0.114539629944581,-0.0693505566079453,0.0266953999699605,0.332802511754864,0.532333742339196,0.805396861360448,1.445878730482,1.78798357156872
"2023-12-11",-0.148777005186982,-0.136476982552051,-0.117317844630826,-0.0767432033997976,0.0114275408975836,0.30155967477007,0.494411127900091,0.760612731409897,1.38895665247439,1.72457030313064
"2023-12-12",-0.147830417770743,-0.137409299394068,-0.120871531871771,-0.0848939160887461,-0.00375947434505308,0.276153582418673,0.466761197187753,0.731823810433931,1.3566431484434,1.68655248321588
"2023-12-13",-0.140315904586549,-0.130062404020208,-0.113878712514245,-0.0789273485532933,-0.000781651696093177,0.267374736246736,0.450724608984657,0.707892008236422,1.32790351924002,1.664755244076
"2023-12-14",-0.146218576732184,-0.132940196523091,-0.112530931867051,-0.0701648027615192,0.0192508725395777,0.301914004941953,0.485787741219128,0.737998059828658,1.33541392224033,1.65927133038201
"2023-12-17",-0.154762547701965,-0.141924022699812,-0.122189546885228,-0.0812114476017274,0.00537421757591838,0.280428649893886,0.460657001449482,0.709741630668904,1.30964958460346,1.64147393299512
"2023-12-18",-0.134442225263608,-0.125248574764609,-0.110683032515325,-0.0790489936385937,-0.00772389790256167,0.240410105789498,0.411947350434464,0.654455365528014,1.24715448300771,1.5737371940614
"2023-12-19",-0.132616856104501,-0.124086950953971,-0.110619930895924,-0.0814984057846779,-0.016098768817253,0.21217105670363,0.371934825983488,0.601344355066873,1.18310355476141,1.51875026393642
"2023-12-20",-0.155916747531011,-0.144572829094816,-0.127140787710256,-0.0909396694002451,-0.0142969896460866,0.231979115478525,0.396385852008441,0.628253657086458,1.21319979596443,1.55613185531355
"2023-12-21",-0.142370742364316,-0.131740177176056,-0.115183631906363,-0.0801009906533496,-0.0036228086383927,0.251787526004668,0.425331715476421,0.670397651202657,1.27828974081292,1.62284097487749
"2023-12-24",-0.165459502860455,-0.152840928453173,-0.133536095324099,-0.0937249747196084,-0.0103655922516745,0.252705202255627,0.426098467408216,0.66898219010934,1.27722015277667,1.6324615781987
"2023-12-25",-0.168906083935521,-0.15669636754784,-0.137874832145317,-0.0986132146091834,-0.0150250748716632,0.254288444576663,0.432985693352134,0.682270671253939,1.29259508298731,1.63606959700395
"2023-12-26",-0.160654694213339,-0.149677836197583,-0.132646087288899,-0.0967593083843227,-0.0191695556046237,0.236977438151486,0.409875839313784,0.653417728075686,1.2570637424528,1.59991803948167
"2023-12-27",-0.16059116709363,-0.151162330133195,-0.136309630101094,-0.10429558428547,-0.0327167047803568,0.215782139828712,0.389294325156819,0.638366541374935,1.2709493271984,1.63709191574124
"2023-12-28",-0.155642101719334,-0.145431124200454,-0.129444099195686,-0.0952932584020874,-0.0199118947011878,0.23714094185839,0.414712981836803,0.668347727606927,1.30962618439973,1.68025254079756
"2023-12-31",-0.15501803285412,-0.144926751776207,-0.129117306407737,-0.0953145058977423,-0.020600578619463,0.234675747659111,0.411240927533922,0.663600208527797,1.30212012203632,1.67132213694399
"2024-01-01",-0.155642101719334,-0.145431124200454,-0.129444099195686,-0.0952932584020874,-0.0199118947011878,0.23714094185839,0.414712981836803,0.668347727606927,1.30962618439973,1.68025254079756
"2024-01-02",-0.155642101719334,-0.145431124200454,-0.129444099195686,-0.0952932584020874,-0.0199118947011878,0.23714094185839,0.414712981836803,0.668347727606927,1.30962618439973,1.68025254079756
"2024-01-03",-0.153850544525486,-0.144043278006413,-0.128643711147465,-0.095604481771825,-0.0222074493739042,0.230520190038463,0.406278246581274,0.658317060888725,1.29911838935541,1.67126503343574
"2024-01-04",-0.154614416862729,-0.146184246427075,-0.132683190360261,-0.102893356909873,-0.0341693412791366,0.213599266282324,0.389612116994146,0.643219144635446,1.28340517986881,1.64809442719562
"2024-01-07",-0.151285904788512,-0.142756957096474,-0.12914158919695,-0.0992313908138054,-0.0306089796837506,0.21544860768513,0.39004935418083,0.641947099318999,1.28116423099966,1.64812962460637
"2024-01-08",-0.16375619817457,-0.154913013636949,-0.140862612959509,-0.11020309495621,-0.0404965121083481,0.206577228554404,0.380814406962056,0.631558098648611,1.26683713764985,1.63168836184609
"2024-01-09",-0.168879564913115,-0.158996864839839,-0.143528738400613,-0.110499813273705,-0.0376231688977699,0.210970051365585,0.382919878975282,0.628934751960283,1.2534861522552,1.61633775085557
"2024-01-10",-0.165895293192671,-0.157601327070007,-0.144333480686691,-0.115101999249336,-0.0477813839217437,0.194684966170724,0.367076674754913,0.615887988135567,1.24681279150194,1.60835577036463
"2024-01-11",-0.172714730203947,-0.164709577244614,-0.151838176446374,-0.123279321202715,-0.0569045222107272,0.184684854728268,0.357244159178515,0.606529135383255,1.23758619558972,1.59768725222468
"2024-01-14",-0.179933464027001,-0.171606041115849,-0.158393877278384,-0.129604737810088,-0.0641607398720614,0.16952558758309,0.336542521242237,0.580500396022594,1.22000796457162,1.60318892665685
"2024-01-15",-0.189065537564169,-0.178517527325146,-0.162174212372092,-0.127790161072432,-0.0534707103489342,0.193994618467746,0.363891429219469,0.607951412763272,1.24161281509912,1.623502335569
"2024-01-16",-0.190358202461802,-0.178168080059021,-0.159542078452151,-0.121190511481924,-0.0409722237489396,0.213497285904249,0.383400171521981,0.625300358293785,1.25649486787779,1.64618021014424
"2024-01-17",-0.181158553228021,-0.168350502086172,-0.148772446667901,-0.108437085048972,-0.0240067116577545,0.24390203494953,0.422586266535214,0.67650677804986,1.33546482237406,1.73910684355213
"2024-01-18",-0.166746653613006,-0.156416178174913,-0.140146233288192,-0.105087072483783,-0.0267305771374787,0.245147376780883,0.434918700483036,0.707283046907116,1.39888744501094,1.79914349190239
"2024-01-21",-0.167385493556755,-0.157519425336941,-0.141950674138346,-0.10829931892685,-0.0327093115932506,0.232176464303336,0.418826024647004,0.688835163380129,1.38519196190063,1.79544911576428
"2024-01-22",-0.17249685446839,-0.159784976705719,-0.140248035260671,-0.0996620524902272,-0.0136593390949952,0.263565664750295,0.449450876604143,0.712800178486725,1.38397993265203,1.78255775105841
"2024-01-23",-0.166800644869542,-0.151891918648543,-0.129227801007587,-0.0829531205916465,0.0124379149081549,0.306356199790165,0.497351339176512,0.763745689389408,1.43353962238778,1.83064207459576
"2024-01-24",-0.153332089029201,-0.14001646441343,-0.119453196639482,-0.0764365857562149,0.0155624355789158,0.314335628924825,0.513868519000521,0.793456621770741,1.48293533319513,1.873747708339
"2024-01-25",-0.139613487550486,-0.129934589592965,-0.114461436585906,-0.080413536304715,-0.00220370765195771,0.277492774579586,0.474688271364834,0.757033062930673,1.46110026701452,1.85669889424593
"2024-01-28",-0.155595544100444,-0.143667037267811,-0.125088140491992,-0.085710309023032,0.000211366148609227,0.288265295063202,0.485072731105753,0.764572760426939,1.46663444668939,1.87070888734893
"2024-01-29",-0.13895393849308,-0.128984959152792,-0.113181476487595,-0.078808157645238,-0.00100863595733913,0.273078072428784,0.465663301570191,0.742311908963901,1.44183511457676,1.84309483170333
"2024-01-30",-0.139022366347301,-0.127568237515182,-0.109690871597338,-0.0716767222549447,0.0116944148389311,0.293697936699404,0.487803651459284,0.764948906602022,1.46765436176771,1.87613656000011
"2024-01-31",-0.135885910646564,-0.125605702864543,-0.10947759201488,-0.074910653464686,0.001830498522508,0.266773553857109,0.452132435079598,0.71982772899571,1.41192650875862,1.82250322313056
"2024-02-01",-0.125197147886589,-0.114761582353825,-0.0985354785734546,-0.0642083256305245,0.0106503008030127,0.263884028297361,0.440057392483818,0.695565721016761,1.3701889939355,1.78415895002136
