"time","01M","03M","06M","01Y","02Y","05Y","07Y","10Y","20Y","30Y"
"2007-02-01",5.06925302545903,5.05889044881852,5.04392092924819,5.01596299711144,4.96735049751873,4.86895918562475,4.83301225374336,4.8088309140287,4.8508064833645,4.93781928844726
"2007-02-04",5.07848626126884,5.06558708710448,5.0471155540898,5.01316227704982,4.95602898367817,4.85072797563494,4.81857226784023,4.80411980371684,4.86682711468737,4.94634388508207
"2007-02-05",5.10685006964735,5.08851652165052,5.06251046496507,5.01551964807413,4.93915304096848,4.81120641566036,4.77880274641262,4.7708067939925,4.84560669630933,4.91463429862896
"2007-02-06",5.13702537185792,5.11218886125013,5.07728327400489,5.01525787763221,4.9178161078578,4.76886945323787,4.73786171276235,4.73665964853803,4.81738711450216,4.8760378528588
"2007-02-07",5.15009216260283,5.12086415543795,5.08009344718939,5.00862396021944,4.89942651468878,4.74505840453239,4.71888684405572,4.72482223127691,4.80842453758114,4.8601323599966
"2007-02-08",5.14528015284586,5.11862566738074,5.08134949401593,5.01568996387367,4.91429388338813,4.76546732643883,4.73637422966259,4.73558419318648,4.80217799813644,4.84633427920778
"2007-02-11",5.13816603674623,5.11595090334656,5.08472851860671,5.02922986404617,4.94187958296974,4.80616703243915,4.77525749139888,4.76807883390951,4.81994314350343,4.85953964751753
"2007-02-12",5.14660045197065,5.12539606266235,5.09556069389157,5.04242462476768,4.95849764040609,4.82734710887879,4.7976170722603,4.79175750451664,4.84886884908573,4.89279834064593
"2007-02-13",5.17269876579945,5.14600842177471,5.10868228850001,5.04294862074274,4.94157185169528,4.79458139440143,4.76799752076325,4.77196935945127,4.85354182868321,4.90654125687185
"2007-02-14",5.18026781532836,5.14481680881129,5.09578247856335,5.01113215729578,4.88575953485933,4.72306310151548,4.70160291621235,4.71389690901932,4.79706466238617,4.84167806839475
"2007-02-15",5.18804745378443,5.1488186288,5.09473881253983,5.00193138993838,4.86609724709803,4.69506671873908,4.67425448267238,4.68805390606956,4.76999169609846,4.81199115035832
"2007-02-18",5.19130735985612,5.14992189451152,5.0930310978959,4.99589876397817,4.85520122193283,4.68292834875803,4.66383344835518,4.6792077682684,4.75948693151155,4.79914226481897
"2007-02-19",5.18926664368584,5.14709424057676,5.08918519311369,4.99050763765554,4.84812546182681,4.6754631103404,4.65682057987316,4.67236540227217,4.7509480094204,4.78926613317306
"2007-02-20",5.19061633683307,5.1488338087189,5.09143030544278,4.99351442456207,4.85188570974863,4.67832812343376,4.65822197853171,4.67162130970695,4.7459596383285,4.78254800302212
"2007-02-21",5.20475059514865,5.16215423524615,5.10392097958257,5.00546288788778,4.86553038476266,4.70147772955118,4.6847332447758,4.69837229320098,4.76265624106951,4.79259709984422
"2007-02-22",5.18971974491588,5.15231315360419,5.10058539777782,5.0113239817693,4.87925842371315,4.70862455372442,4.68669960506805,4.70059319151142,4.79008942687366,4.83788194791578
"2007-02-25",5.17524338159827,5.13721153109055,5.08431298811094,4.99207761365546,4.85275311397024,4.66296619969282,4.63507420652978,4.64874481717682,4.76138809568304,4.8271333025895
"2007-02-26",5.18070150118644,5.12933004858332,5.05882067383827,4.93880111981465,4.76621684197701,4.5615768865286,4.54396740632587,4.57055987558055,4.68354739569381,4.73802590616529
"2007-02-27",5.20596863960655,5.13119191858879,5.03135390253212,4.86968404714274,4.65976113538029,4.47346193531351,4.47761510564315,4.51602880705636,4.60396397528701,4.63793452873647
"2007-02-28",5.18178524154032,5.11845981822133,5.03303039093695,4.89210376758674,4.70218940841089,4.51643747203407,4.51584438050697,4.55377027238005,4.654845521374,4.69637928838268
"2007-03-01",5.19101949855628,5.11701132961456,5.0180126082087,4.85723698841102,4.64774962491695,4.46555678359157,4.47616084686775,4.52540672918077,4.63649354498485,4.67984593065241
"2007-03-04",5.19985778921408,5.1130378015883,4.99833854286443,4.81624332758003,4.58999084470385,4.42135919367525,4.44222660745549,4.4963727297994,4.60055379136263,4.63904958709806
"2007-03-05",5.19083908045907,5.10563169984631,4.99305063145529,4.81427850443035,4.59202527313487,4.42579086765907,4.44588236322683,4.49862099087731,4.60029783152277,4.63788049891087
"2007-03-06",5.17714029036189,5.10214474187919,5.00195770969061,4.83965123297035,4.62930091168248,4.44998184684427,4.46242430002914,4.51310922238652,4.62494052059672,4.66829025415552
"2007-03-07",5.18585421730635,5.10517891032095,4.99784570644629,4.82523472824025,4.60480439065768,4.42415027660365,4.43841087744522,4.48917077167134,4.59582593490833,4.63635058130826
"2007-03-08",5.18422152364311,5.11210211688959,5.01573031979466,4.85947949351902,4.65635659529333,4.47848389822881,4.48606280429829,4.52898315837908,4.6259586715787,4.6635803599541
"2007-03-11",5.17032863721251,5.11009625525734,5.02828401020517,4.89166898752487,4.70301996860321,4.50646337045633,4.50247406294087,4.54252972063973,4.66225752238542,4.71412915417749
"2007-03-12",5.16494419033287,5.10204642599315,5.01651041590656,4.87338966126796,4.67510540792742,4.46855454055388,4.46641794907876,4.51336794738895,4.65334730886188,4.71466321155045
"2007-03-13",5.17475069924313,5.09511574623029,4.9887367476278,4.81645627949311,4.59358331816411,4.40738141135643,4.42438552857243,4.48347749650241,4.61218733158346,4.66211266281029
"2007-03-14",5.15908333798542,5.089277363585,4.99531541813793,4.84103344608408,4.63570353958791,4.44892676239364,4.46009046118086,4.51623446951856,4.6521964992468,4.7073348915266
"2007-03-15",5.13655134751172,5.07484908691379,4.99115437494274,4.85177563855412,4.66061319141448,4.46808587281973,4.46950489043355,4.51699630913002,4.65032058732681,4.70746897827984
"2007-03-18",5.12453498604718,5.06832207246032,4.99169255150286,4.86290666102862,4.68280892259556,4.48945697478492,4.48451543808292,4.52535344824826,4.65465869614996,4.71255966931653
"2007-03-19",5.13165886676496,5.07549381891955,4.99888351286639,4.86999291634557,4.6893756780806,4.49456258275116,4.48948617356685,4.53102458268642,4.6637427402281,4.7235218780185
"2007-03-20",5.15691833268944,5.09009113235899,4.99980496059348,4.85055284931496,4.64907943442422,4.45725278917798,4.46469435972165,4.51889505166232,4.65859969822822,4.71671103005698
"2007-03-21",5.16565001600752,5.08856731942901,4.98571142839001,4.81954957298908,4.60619463116635,4.43758119373705,4.46213071756317,4.52938066927276,4.67132717105898,4.72623457144506
"2007-03-22",5.167574911961,5.09696682906887,5.00235230381609,4.84835187788084,4.64764198147368,4.48292212509073,4.50605816566195,4.57399106634658,4.72450306647843,4.78414072870025
"2007-03-25",5.16959691150353,5.10090880180544,5.0086678323394,4.85795826533244,4.66009358692324,4.49524737184006,4.51883801888227,4.58952134000461,4.75005697003515,4.8145776498953
"2007-03-26",5.16177903156772,5.09107761608767,4.9963581525983,4.84228693611233,4.64201574330109,4.48208942770458,4.50961283449412,4.58375291832023,4.74647062326806,4.81102780981396
"2007-03-27",5.13824267318385,5.06951202959588,4.97747177666808,4.82788803176438,4.63389288231595,4.48122264751401,4.5096405952604,4.58358870024992,4.74471088417241,4.80854074344752
"2007-03-28",5.11261952108848,5.04880509729472,4.96322737839578,4.82382631010782,4.64241346888449,4.5009669948936,4.53113029632779,4.6072800479248,4.7753663923591,4.84273115508253
"2007-03-29",5.04843169161473,4.99993986436173,4.93406562198856,4.82418490722136,4.67375816828609,4.53294206458071,4.5486127667244,4.61108185510139,4.77768164917155,4.85098331012102
"2007-04-01",5.05218378263542,5.00301665018551,4.9363509029904,4.82552909473585,4.67487775534339,4.5368362398173,4.5533585408615,4.61500139778074,4.77464752290875,4.843723553775
"2007-04-02",5.09386450822067,5.03726865078319,4.96113168228698,4.83637726935953,4.67189617488934,4.53646278103893,4.56031508437205,4.62742337028265,4.78210902863088,4.84526045876667
"2007-04-03",5.10991071241957,5.05320920603509,4.97691828301378,4.85187203602353,4.68686907294422,4.55028882924596,4.57363663934457,4.64023425996482,4.79417567503627,4.85706085100847
"2007-04-04",5.10000339591303,5.04329907723294,4.96708286832381,4.8423986578562,4.67856970290534,4.5453069207206,4.56964321604227,4.6364191163527,4.78852806238989,4.85027700465312
"2007-04-05",5.10174079568124,5.04990212528488,4.98025901448427,4.86643885397396,4.71726848738659,4.59792871925146,4.62169646506939,4.68449521308926,4.82638255620965,4.88388199388639
"2007-04-08",5.08421106898864,5.04391883195206,4.98913531154082,4.89760359479354,4.77183512165837,4.65231410284002,4.66434216434737,4.71570589572897,4.85494870964883,4.9166475212043
"2007-04-09",5.05366869410768,5.02166283055697,4.97757528800013,4.90212904257641,4.7930447415281,4.66969589751317,4.67008606048373,4.71048780191606,4.85377084081717,4.92665000331775
"2007-04-10",5.02802198507915,4.99665950950331,4.95341537123209,4.87928290116659,4.77173653483743,4.64926550163997,4.64970146933715,4.69076179090701,4.83877507550828,4.91515488629729
"2007-04-11",5.0213922529211,4.99280908818946,4.9532576397602,4.88501100680192,4.78460459538978,4.66457661535756,4.66140423284247,4.69708815263931,4.83908316953038,4.9158564160982
"2007-04-12",5.01368570321576,4.98794306445931,4.95224274334255,4.89038770023151,4.79858243020461,4.6855323778312,4.68050589465939,4.71152288015385,4.84377782734407,4.91759703590182
"2007-04-15",5.00059828785859,4.97764386745003,4.94563571502102,4.88961758080984,4.8046883469527,4.69263750754513,4.68313922414767,4.70827435650123,4.83824765689417,4.91741194620194
"2007-04-16",4.98687046935802,4.96354345480102,4.93094197765132,4.87364605456009,4.78599793670166,4.66684451151479,4.65447380656568,4.67797369655934,4.81310697464844,4.89870814228808
"2007-04-17",4.97476910592266,4.94660086485831,4.90745945198201,4.83938911919619,4.73751363002866,4.60795979757324,4.59908685706789,4.62964809376264,4.77192456190566,4.8535734296084
"2007-04-18",4.96128342500471,4.93161676189474,4.89050677053338,4.81937196304746,4.71402173572117,4.58430110424442,4.57758369333532,4.61042918408804,4.75072575058138,4.82788579213075
"2007-04-19",4.96431958877773,4.93394457336886,4.89195432490854,4.81962327189972,4.71355905534664,4.58767154552937,4.58436405882435,4.62098298605539,4.76427400470695,4.8405803252894
"2007-04-22",4.96620175331406,4.93474967618667,4.89124214922996,4.81621119262523,4.70594351189115,4.5744484519335,4.57099809591964,4.60985282225812,4.76358418129125,4.84629101453188
"2007-04-23",4.96506340474455,4.93169406768376,4.88554983278519,4.80601854515701,4.68926858903308,4.55036080403834,4.5466885264433,4.58735190884104,4.74737086572821,4.83300438127373
"2007-04-24",4.96274235810539,4.92841865160839,4.88107204460718,4.7998342426236,4.68167846238061,4.54490022378512,4.54297031416863,4.58421380722883,4.73712151845891,4.81616999549224
"2007-04-25",4.95355972998309,4.92475960765834,4.88488728375474,4.81602063664243,4.71448971390182,4.59220560046663,4.58836911175336,4.6238833134685,4.76758127873261,4.84582550237108
"2007-04-26",4.93479842474641,4.9109282191824,4.87767848174354,4.819615648244,4.73209675403123,4.6202578408645,4.61448695090025,4.64706197873209,4.79929733936702,4.89107512155557
"2007-04-29",4.90501154881936,4.88066829105951,4.84675480419864,4.78751915406551,4.698200654438,4.58410892126452,4.57844910768078,4.61232127938043,4.77044182220639,4.86609283233769
"2007-04-30",4.86584442398831,4.84359446851211,4.81244030972483,4.75751188813987,4.67299453505831,4.55716354567429,4.54590739961435,4.57215238281042,4.72355040653404,4.82339032647752
"2007-05-01",4.63638001830393,4.84962776204403,4.91586322841278,4.84321596108601,4.73048983344887,4.65031298713577,4.63499023298727,4.62349816690798,4.61009075648201,4.60562161967335
"2007-05-02",4.67845566301381,4.85638301093861,4.91955133713897,4.85918103571508,4.74888901324761,4.66591768179807,4.65001222239373,4.63808312485379,4.62416584438869,4.61952675090032
"2007-05-03",4.85960151188459,4.84599554897299,4.82657780958127,4.79112108264871,4.73238430236402,4.63084470398655,4.60600686152563,4.60642218833224,4.72528634234441,4.84904581070401
"2007-05-06",4.85838208383051,4.84449108984745,4.82462547268119,4.78821012826977,4.72737417929948,4.61912361284645,4.59018519909753,4.58565397212119,4.69822579557219,4.82402935528809
"2007-05-07",4.68718447446562,4.85225212053084,4.91705149075114,4.86101659662288,4.74233049522775,4.64762643771776,4.62938975291754,4.61571222396753,4.5997551068411,4.59443606779896
"2007-05-08",4.85467185879239,4.83966422431162,4.8183101752655,4.77952692952613,4.71596651818136,4.60909825860205,4.58427987963351,4.58572785887784,4.69919197317028,4.80775404680962
"2007-05-09",4.83787048318745,4.82588835978926,4.8087441194408,4.77729250415986,4.72469041631623,4.63125768219833,4.60694132942173,4.60526635470506,4.71757028601702,4.84404886078127
"2007-05-10",4.83192396310914,4.81775951466998,4.79764781803196,4.76126845780226,4.70219440467488,4.60634324181348,4.5870597105924,4.59462652379435,4.71697622351085,4.82717636551155
"2007-05-13",4.8032582048931,4.79246162630568,4.7770838543095,4.74911199511658,4.70318906176734,4.62667504286386,4.61062808199942,4.61696093057814,4.72952000729289,4.84006658689963
"2007-05-14",4.77684010421336,4.77049398913787,4.76137195583561,4.74450200690448,4.71585707913327,4.66347363090086,4.64987913925287,4.65130940620084,4.74694826167181,4.87127220842082
"2007-05-15",4.77649189455267,4.77049001570988,4.76186845383486,4.74594453869203,4.71898836635818,4.67033485713318,4.65837673028291,4.66138260219892,4.75837077841151,4.88212305123738
"2007-05-16",4.77526778831727,4.77045600573263,4.76353061551489,4.750694949262,4.72881449976479,4.68859307312063,4.67835956083871,4.68062616263991,4.76700557658418,4.88465689480917
"2007-05-17",4.78794219110126,4.78533938710623,4.78157446149641,4.77453401494506,4.76232202266158,4.7389536219842,4.73275745683475,4.73467329476123,4.80401577934239,4.91790429910928
"2007-05-20",4.82569740984407,4.82241733829887,4.81765681210488,4.80869667648926,4.79291973029515,4.76083043629,4.7502440210127,4.74732821103898,4.81112459709344,4.92840389109057
"2007-05-21",4.88550497460596,4.87863616544883,4.86879977978448,4.85073130631824,4.82046614634984,4.76709107589942,4.75420022008569,4.7565074089573,4.84273692601315,4.94206277255023
"2007-05-22",4.94248432180438,4.93159426317622,4.91625961019457,4.88895258816225,4.84613210140033,4.78519590586622,4.7794954463152,4.79676972197741,4.90590653884982,4.98811573110342
"2007-05-23",4.93926535913987,4.92783744622537,4.91185352314537,4.88375092330028,4.84092772529094,4.78658232396804,4.78674720836336,4.81149296996627,4.92875618634809,5.0075426606005
"2007-05-24",4.91544619253557,4.90734639337564,4.89592892230347,4.87556568127103,4.84358101234048,4.79869952730726,4.79597196827658,4.81289764784517,4.91507371236493,4.99556208474479
"2007-05-27",4.90140083776716,4.89703410779317,4.89078174782633,4.87930506086221,4.86014816546112,4.82741785007869,4.82107991875766,4.82702381618898,4.90756009046117,5.00199586370671
"2007-05-28",4.89681920550427,4.89437904716505,4.89084953631335,4.88424986143709,4.87280461735861,4.85092127299531,4.84513838785549,4.84698456759665,4.91221548347646,5.01923374264885
"2007-05-29",4.88809068297166,4.88612294618258,4.88328563243328,4.87801250211126,4.86899869224116,4.85282178086056,4.8497048823975,4.85416076612316,4.91989430239913,5.02080260467883
"2007-05-30",4.90329496437054,4.73915592514888,4.79555524908674,4.85706608775761,4.88956909384133,4.90907589495278,4.91279147612639,4.9155781620066,4.9188292955335,4.91991300670914
"2007-05-31",4.69822685421866,4.79211242584337,4.87363525164828,4.93305905466486,4.94070798706503,4.92333755894849,4.91926387582039,4.91620644032895,4.9126394036834,4.91145039146199
"2007-06-03",4.68991786416367,4.79752708871045,4.8902453782268,4.95621334096804,4.96174656279885,4.93876176181874,4.93347477143813,4.92950695782341,4.9248778081685,4.92333475827618
"2007-06-04",4.71485334911995,4.80769914290223,4.89154995267478,4.95819519276531,4.97364843119609,4.95984530543583,4.95626061277041,4.95356812988661,4.95042683242435,4.94937973324881
"2007-06-05",4.7220882654022,4.74847858177652,4.85760525491011,4.93954450892301,4.98186037035701,5.00725360851736,5.01209041579295,5.01571802124965,5.0199502276158,5.02136096307118
"2007-06-06",4.7487539537837,4.7350172339811,4.84889299851413,4.93884724306267,4.98547339214403,5.01345367859099,5.01878325697048,5.02278044075509,5.02744382183714,5.02899828219783
"2007-06-07",4.79348236516792,4.67738221363997,4.84447495098915,4.9868088019951,5.06096303515024,5.10546397942869,5.11394034978331,5.12029762754928,5.12771445160957,5.13018672629634
"2007-06-10",4.765567215973,4.65210805186784,4.84097427207778,4.99993993793261,5.08269421373182,5.13235597147291,5.14181535391713,5.1489098907503,5.15718685038899,5.15994583693522
"2007-06-11",4.69890563406456,4.62378140153408,4.83608659366484,5.00913060894979,5.09901994158154,5.15296296782542,5.16323782998486,5.17094397660445,5.17993448099396,5.18293131579047
"2007-06-12",4.64184405808188,4.56575123264705,4.82948405926016,5.04258818319314,5.15322131688764,5.21961260930091,5.23225856978206,5.24174304014292,5.25280825556393,5.25649666070426
"2007-06-13",4.57363936872175,4.5640683249443,4.81429103089428,5.00972837405117,5.1109485460598,5.17169039394138,5.18326026974664,5.19193767660059,5.20206131793019,5.20543586504006
"2007-06-14",4.48366425822649,4.49047216931369,4.77286011640869,4.99152214012082,5.10470057303571,5.17261832559884,5.18555504039282,5.19525757648831,5.20657720193305,5.21035041041463
"2007-06-17",4.41309980125504,4.47113297391389,4.75332513533546,4.96631349825605,5.07634933244782,5.14238063247676,5.1549580229768,5.16439106585183,5.17539628253937,5.17906468810188
"2007-06-18",4.39953472174456,4.54118919919852,4.77817220016605,4.94702267712717,5.03387242018731,5.08598888880518,5.09591583522089,5.10336104503267,5.11204712314641,5.11494248251766
"2007-06-19",4.43265857983391,4.63761792006152,4.82915190157762,4.95586803932173,5.02065036411759,5.05952354718139,5.06692796300999,5.07248127488144,5.07896013873147,5.08111976001482
"2007-06-20",4.35503800382613,4.60330494982462,4.82799484624127,4.97580272163013,5.05133115206211,5.09665251891127,5.10528516022374,5.11175964120809,5.1193132023565,5.12183105607264
"2007-06-21",4.16856322972552,4.60438509166267,4.84917233856337,4.9923779974233,5.06477234075844,5.10821078146276,5.1164847701714,5.12269026170289,5.12993000182295,5.13234324852964
"2007-06-24",4.16998306160964,4.65913264596709,4.86837472790686,4.97821608712025,5.03312341010752,5.06606735568092,5.07234239293172,5.07704867086982,5.08253932846428,5.08436954766243
"2007-06-25",4.34871178007869,4.70551043329432,4.8723888204514,4.95658219757985,4.99722371426765,5.02157477348783,5.0262130682602,5.02969178933948,5.03375029726531,5.03510313324058
"2007-06-26",4.49563349619222,4.70105169259216,4.85084223342349,4.94507715360662,4.99304146325277,5.02182223124548,5.02730428229562,5.03141582058323,5.03621261525211,5.0378115468084
"2007-06-27",4.23948416576327,4.65702165792683,4.85339628039698,4.95305981572631,5.00126464943306,5.03014907201605,5.03565086425535,5.03977720843482,5.0445912766442,5.04619596604733
"2007-06-28",4.01285452959567,4.67577898335945,4.87786252702501,4.96341108018389,5.00504531249533,5.03002212464015,5.03477961266016,5.03834772867517,5.04251053069267,5.04389813136518
"2007-07-01",4.15883667423509,4.74824985476723,4.8954154294103,4.94622027883517,4.97016151845344,4.98452170376347,4.98725697714679,4.98930843218428,4.99170179639468,4.99249958446481
"2007-07-02",4.4732369422454,4.81570143507302,4.90676555970189,4.93467769507784,4.94701391254584,4.95440624110487,4.95581430362308,4.95687035051174,4.95810240521518,4.95851309011632
"2007-07-03",4.68362868366209,4.83672816710552,4.9217064979113,4.96479077988987,4.98300279239036,4.99366433825333,4.99569491208332,4.9972178424558,4.99899459455703,4.99958684525744
"2007-07-04",4.76139101598363,4.83533948812447,4.9289859846761,4.99377194220325,5.02701665967255,5.04696579644073,5.05076563201988,5.05361550870425,5.05694036483601,5.05804865021326
"2007-07-05",4.72941987086077,4.82473717005755,4.94341902241426,5.02535237801417,5.06738903392901,5.09261392266528,5.0974186633823,5.10102221892007,5.10522636704746,5.10662774975659
"2007-07-08",4.63537221980903,4.81531704200856,4.93982283077621,5.02644591434228,5.07257391654657,5.10030633169726,5.10558870486693,5.10955048474419,5.11417256126765,5.11571325344214
"2007-07-09",4.59962561494534,4.82328274664969,4.93607269834948,4.99959476053512,5.03158533537621,5.05078013061386,5.05443628208834,5.0571783956942,5.06037752823438,5.06144390574777
"2007-07-10",4.68735192038992,4.85329450631142,4.93565856177105,4.96831537844377,4.97849791439007,4.98418597131265,4.98526911486145,4.98608147252304,4.98702922312823,4.98734513999662
"2007-07-11",4.71822465867699,4.85340674828266,4.94180513018043,4.99591332140488,5.02338461664707,5.03986844029451,5.0430082162292,5.04536304818022,5.04811035212308,5.04902612010403
"2007-07-12",4.70304135105057,4.85543552626643,4.95513487298,5.01616784661113,5.04715528119338,5.06574892343753,5.06929056958136,5.07194680418923,5.07504574456508,5.07607872469036
"2007-07-15",4.67546094945977,4.86219759527202,4.96034541742001,5.00496759047157,5.02178482518475,5.0314757513049,5.03332135533765,5.0347055583622,5.03632046189084,5.03685876306706
"2007-07-16",4.67810309986553,4.86236273619791,4.95749831123733,4.99037829738024,4.99414725110329,4.99511830144949,4.99530134528838,4.9954386281668,4.99559879152497,4.99565217931102
"2007-07-17",4.72400635856163,4.87671768322714,4.95246863782265,4.98245546230017,4.99178109089633,4.99698797960892,4.99797949527182,4.99872313201899,4.99959070822402,4.99987990029236
"2007-07-18",4.75039133735787,4.89018472071613,4.96072601152416,4.98300495009054,4.98386467797958,4.98334852167596,4.98324868090477,4.9831738003258,4.98308643965033,4.98305731942517
"2007-07-19",4.72393526245344,4.88381474504238,4.94904041868355,4.9601409348109,4.95609163125567,4.9530623582289,4.95248494908275,4.95205189222313,4.95154665922023,4.95137824821926
"2007-07-22",4.88183994022872,4.87995917172944,4.87743326233369,4.87337678498148,4.86877268847048,4.87517808687926,4.88982851744201,4.91895540973161,5.01993526799764,5.09121645547429
"2007-07-23",4.93279656115479,4.92280722362508,4.9091385964778,4.88611253540454,4.85446885644897,4.83240340940711,4.84838222234134,4.88706807471679,5.00307342685803,5.06482236042359
"2007-07-24",5.01230465845522,4.98363251191395,4.94533572845339,4.88356786481997,4.80590758467325,4.76540180534722,4.797826561136,4.85833258191059,4.98657998172672,5.03868980329043
"2007-07-25",4.9702220796226,4.94140273544133,4.90259274118158,4.83904426834373,4.75647746163644,4.7060317923717,4.73932938404834,4.80803996302644,4.96857424596466,5.03785894432783
"2007-07-26",4.93779136328542,4.89635224338078,4.84108632613664,4.75221468617596,4.64131819724316,4.58718826181241,4.63593685817706,4.7247593378491,4.9104003089913,4.98535324593947
"2007-07-29",4.9145100139668,4.87763152976505,4.8279726499406,4.74666139360793,4.6409459149807,4.57513906660392,4.61620159431543,4.70147300731238,4.90014538362106,4.9855701590429
"2007-07-30",4.9395675592687,4.90055276385857,4.84833887996677,4.76380648390684,4.6565693261366,4.59704522841067,4.63994406869424,4.72234549065154,4.90061920205015,4.97382987910609
"2007-07-31",5.02808915968224,4.95632208356957,4.86501418119997,4.73053667901433,4.59308282385997,4.59037429603552,4.65830089167183,4.74174579824245,4.86483554847132,4.90753404672412
"2007-08-01",4.98787059504655,4.9348493744136,4.86665998146684,4.76422895388311,4.65491439488657,4.64595776398981,4.70278091646529,4.77756288472442,4.89472383666339,4.93617483512381
"2007-08-02",4.94171347261734,4.89399412344474,4.83156077738938,4.73469580262347,4.6232328398545,4.5932672887449,4.64747493101117,4.72900193569756,4.87212635174025,4.92505875861694
"2007-08-05",4.92603238581903,4.87539976436703,4.80927129344731,4.70702607387038,4.59039315474364,4.56269644313674,4.62122814351865,4.70781014671531,4.85802837971881,4.9133291653424
"2007-08-06",4.94497484928958,4.89259388800668,4.82476237368121,4.72156329106286,4.60824967809964,4.59297546830573,4.65271263708391,4.73523289735978,4.87034014239565,4.91893473711058
"2007-08-07",4.99020527066039,4.93758428316346,4.87012194238334,4.76942850768151,4.66386375863448,4.66250404726655,4.72129259469,4.79694410564814,4.91385638115257,4.95505528987215
"2007-08-08",4.92833395247239,4.88741660943563,4.83462688109692,4.7551419623817,4.67168046629359,4.68829483160388,4.75612262870048,4.8472147084655,4.99823231644498,5.05316766954991
"2007-08-09",4.66803208106552,4.65053481615136,4.6279907220313,4.59449387818366,4.56294303728481,4.60990523763941,4.67777489472584,4.77445597114497,4.95977789059498,5.03386967177312
"2007-08-12",4.62527341432677,4.61145995445497,4.59358328870308,4.56684072858285,4.54154347253412,4.5848865024145,4.64839971359838,4.743000123835,4.93825007888256,5.02068768495958
"2007-08-13",4.65429758904592,4.63539949969866,4.61074895341274,4.57311254196567,4.53405385318104,4.56775914973616,4.63345153531916,4.7321721555581,4.93172203074913,5.01400485208256
"2007-08-14",4.45720535285485,4.44752195609404,4.43572517721262,4.42066883055973,4.41657078163849,4.50550452381893,4.58709866447081,4.69725262350375,4.90668153821632,4.99145249984677
"2007-08-15",4.0288323266225,4.0503363379943,4.08159859596289,4.14072498092347,4.24664312570517,4.48681142186737,4.59999126640464,4.7235242688507,4.93032433761072,5.01353815566896
"2007-08-16",3.66880453532878,3.74775664847669,3.85312599170324,4.02499558331037,4.25892514330238,4.5582857030679,4.635123337454,4.69476356544046,4.7648493513409,4.78821972191617
"2007-08-19",2.97949543046833,3.34752906019875,3.71225354144529,4.09041082691206,4.35978699122934,4.53383313300242,4.56706246639924,4.59198447283155,4.62106014701251,4.63075203840615
"2007-08-20",2.64823741929174,3.22223010687323,3.70166462557567,4.10421184640751,4.34222778503927,4.4872267077915,4.51484820113986,4.53556432115278,4.55973312783451,4.56778939672842
"2007-08-21",3.07481484947418,3.48074165824937,3.83908989932056,4.15990727946783,4.35908153696643,4.48173482985976,4.50510399638932,4.52263087130948,4.54307889204968,4.54989489896308
"2007-08-22",3.18472004154108,3.63320151680694,3.9910989695011,4.27706109439932,4.44068049261311,4.53980936536966,4.55869179660366,4.57285362002929,4.5893757473592,4.59488312313583
"2007-08-23",3.9728060683232,3.99700326886437,4.03192869722653,4.0971484568547,4.21114222304669,4.45489432585592,4.56190887470033,4.672333474826,4.84152756542782,4.90483476030226
"2007-08-26",4.3221819016773,4.31776848015884,4.31265971658774,4.30728213458533,4.31194635167926,4.39318410419199,4.46665239249487,4.57274739616838,4.80492608826915,4.91131167615883
"2007-08-27",4.45877356025868,4.41935064837015,4.36905603285312,4.29545648627406,4.22692666602056,4.30105881472052,4.40672187678454,4.5443255878834,4.77520111904549,4.86033048683499
"2007-08-28",4.15318990243804,4.14127723317621,4.12730414242945,4.1113654548798,4.11497989706222,4.25203295778223,4.36313134954844,4.50436912326389,4.75330003699631,4.84935002941973
"2007-08-29",3.94902218234627,3.9645996759762,3.98744604887116,4.03133530422826,4.11238835283369,4.310402576107,4.41263999854428,4.53320051120084,4.76523312686593,4.87296544989231
"2007-08-30",3.93902071056619,3.95382385359558,3.97554107224445,4.0172834859523,4.09445267507319,4.28347048584362,4.38137700024808,4.49715575687818,4.7212022155309,4.82587495959839
"2007-09-02",4.07120485480152,4.07436765807092,4.07992288423412,4.09358151477533,4.12866371391295,4.26185643344543,4.35218774613606,4.47199338949385,4.72029092594335,4.83279861977543
"2007-09-03",4.28727744229221,4.2591824875572,4.22377252741246,4.17365908323595,4.13456138246035,4.23939648311755,4.35361988668994,4.50255164329455,4.76074698079682,4.85821725544908
"2007-09-04",4.42466045274344,4.37073972296433,4.30251068158195,4.20417704053256,4.11588726029751,4.21332003355644,4.34077344494376,4.49866810438538,4.74858742315938,4.83826377899462
"2007-09-05",4.36496260449656,4.31935492438331,4.26111105894708,4.17563488643405,4.09490853200937,4.17249169547767,4.28847851553418,4.43950209668359,4.69179682666222,4.7845555560342
"2007-09-06",4.21304672885899,4.19282545148403,4.1669498715354,4.12922488009165,4.0970692806379,4.17711036907307,4.27723199739795,4.42036548110273,4.70252264556557,4.81817556981828
"2007-09-09",4.09005398673425,4.07781235807087,4.06231875379119,4.0404794013193,4.02573976605074,4.10668777023931,4.19765492505466,4.33178553567957,4.61814050886668,4.7440623851338
"2007-09-10",4.04669300639643,4.03231222495472,4.01407478111263,3.98815060552351,3.96920239477536,4.04957692933406,4.14077661048409,4.2720839766625,4.53932802570806,4.65212928075671
"2007-09-11",4.07991334562289,4.0650625279688,4.04663336885481,4.02176451025694,4.00829786103004,4.10707105767076,4.20334131209615,4.33268164581154,4.57294813671831,4.66823428068807
"2007-09-12",4.05272542741019,4.0480061144387,4.04296313893388,4.03926562083518,4.05140707824453,4.16337397040137,4.25276087628978,4.37218653664569,4.60450771173231,4.70131091680068
"2007-09-13",4.03095429963231,4.03269668127031,4.0363475639998,4.04689530859792,4.0778169836413,4.20580893505674,4.2938514517135,4.4092274793716,4.63939549847662,4.73940105671652
"2007-09-16",3.98991099769195,3.99995613152749,4.01480713833405,4.04374412458002,4.09866971380305,4.24199636377974,4.32182058428703,4.42170483150979,4.62886453613118,4.71752780202774
"2007-09-17",3.9462512242512,3.95864187201073,3.97682930387972,4.0118197089888,4.07662455381566,4.23607953850502,4.31913708868292,4.4178406052169,4.61068274009016,4.70177624464906
"2007-09-18",3.89293941663267,3.9058390862333,3.92489165681262,3.96194900798167,4.03202944280524,4.21299446143665,4.31225030983777,4.4342788637498,4.67269166641157,4.75582743451026
"2007-09-19",3.79414219149605,3.81973844182787,3.85676091073517,3.92615360571827,4.04831235813341,4.31398019630879,4.4330100135971,4.5577820745209,4.75354506096214,4.82812050766246
"2007-09-20",3.67238438779207,3.71695679946305,3.78012684163652,3.89436763756169,4.08217946897055,4.43140766661716,4.5616159307653,4.68137765814138,4.84001101086309,4.89458368905229
"2007-09-23",3.62059206227712,3.67939717051811,3.76095856532163,3.90303150802109,4.12078585919898,4.46971293695248,4.58032784920732,4.67322225156958,4.78689370964278,4.82502985120808
"2007-09-24",3.67293326445182,3.71449310062974,3.77344794678837,3.88023774519195,4.05633667156549,4.38600188348499,4.50986360273006,4.62434839404416,4.77678257385676,4.82933714111339
"2007-09-25",3.6605307091342,3.69666133380879,3.74845852655536,3.84403584770998,4.00729884904663,4.33824281081722,4.47460154357266,4.60881625444803,4.8013813451446,4.87035436490714
"2007-09-26",3.57800760347645,3.62467275807573,3.69065180388198,3.80947866130215,4.003304993936,4.35756199400206,4.48709564703656,4.60478944010631,4.75873961963102,4.81143691818278
"2007-09-27",3.64966386295824,3.6851369421795,3.73588495890567,3.82918195820295,3.98743080891761,4.30307372430733,4.43068582013968,4.55460803911785,4.72936022040071,4.79133402527118
"2007-09-30",3.72358959394764,3.75288320480348,3.79501883162948,3.8732252408618,4.00832506123829,4.28939141139238,4.40881487036328,4.52903371366241,4.70682218361156,4.77172320995974
"2007-10-01",3.7921455957234,3.81635508792492,3.85136634760149,3.91697147870129,4.03240184992817,4.28312389645726,4.39528882151907,4.51272680468772,4.69665177412208,4.76661935745668
"2007-10-02",3.85686386401637,3.87562836176315,3.9029716172927,3.95490009833081,4.04867422145314,4.26548432679789,4.37010797791223,4.48655850491549,4.68812519938503,4.77181090751822
"2007-10-03",3.86945353222007,3.88813984993574,3.91538998292061,3.96721175593484,4.06104029289932,4.27937385404185,4.38556247498105,4.50453216970469,4.71283743683319,4.80029573736183
"2007-10-04",3.85708112189571,3.87856648732473,3.90968672969879,3.96816189571084,4.07159759995331,4.29913322667249,4.40249267420338,4.51202017875086,4.68678338130114,4.7542598057899
"2007-10-07",3.8597637989129,3.88466707902492,3.92050474521726,3.9870775079978,4.10226582800007,4.34280811506146,4.4454699151035,4.54915941964117,4.70321520744618,4.75962612282462
"2007-10-08",3.8790486001499,3.9065463630684,3.94597466580122,4.0187521961503,4.14314619921218,4.39566016012002,4.49987829628258,4.60258188042537,4.75016943293495,4.80308220631906
"2007-10-09",3.91749458592501,3.94426369905011,3.98268875051679,4.05374952409307,4.17565273658597,4.42519903664902,4.52921887193307,4.6324663486019,4.78225321203501,4.83626586664506
"2007-10-10",3.99990377730388,4.01907620232957,4.04693726398146,4.09959223794534,4.1937830779814,4.4066260898377,4.50651017239754,4.61515970680811,4.79601144237484,4.86841163141499
"2007-10-11",4.08935107492066,4.10200861922708,4.12068651433726,4.15695442434001,4.22530493706709,4.40004749119776,4.49446718202186,4.60850063057407,4.81719163331796,4.87067933631423
"2007-10-14",4.18931956347174,4.19174889780724,4.19688613458514,4.21164726482587,4.2536217908607,4.41140425160666,4.50837896752781,4.62364590616872,4.82019517740833,4.89580772801951
"2007-10-15",4.21642589522091,4.21521814332012,4.2154122721285,4.22193501810917,4.25274248258939,4.40158809992554,4.50158653974457,4.62458463418036,4.84099366198537,4.92550666478145
"2007-10-16",4.1016432267074,4.1031367546589,4.10699003070501,4.11965636900029,4.15947360717348,4.3250478986404,4.4345185547109,4.57154021245985,4.82312863963297,4.92499329594375
"2007-10-17",3.81749572849464,3.83659332126539,3.86450039647448,3.91776507026474,4.01489318415231,4.24486460653123,4.35911760205117,4.48944301085321,4.72510107434635,4.82732744991282
"2007-10-18",3.66817132059175,3.69235821676441,3.7274936678316,3.79385459069138,3.91241734869634,4.17954229594949,4.30445058037336,4.43992394019324,4.6643357997915,4.75378760890843
"2007-10-21",3.71173029957892,3.73196371747648,3.7614513246103,3.81746525285819,3.91866285167004,4.15289444249569,4.2660772402999,4.39219589142987,4.61092468367428,4.70190780771147
"2007-10-22",3.82990849009448,3.8419615126947,3.8597767435553,3.89447421608709,3.96027435096903,4.13153874509296,4.22657032098557,4.34498403783639,4.58719668173425,4.68651189268449
"2007-10-23",3.94688638069421,3.92853993412348,3.90664592029557,3.88005062971711,3.8768745198755,4.03853639206222,4.17045980958797,4.33420128216721,4.61093156986584,4.71480557147673
"2007-10-24",3.89810008872348,3.88130892557499,3.86162954412188,3.83902571790025,3.84210087739373,4.01155265432325,4.14330460624915,4.30397738975278,4.57073844257395,4.66999998596051
"2007-10-25",3.93959522097918,3.91940496049366,3.89557472975749,3.86742477073851,3.86665330585022,4.04299537807082,4.17917218668264,4.34207637343906,4.60488605969516,4.70110271398841
"2007-10-28",3.96475612022189,3.94485105823261,3.92108726428585,3.8920830516713,3.88740180520352,4.05097025155018,4.18259477595306,4.34321438886289,4.60820177043206,4.70630303822882
"2007-10-29",3.97630679972137,3.95537950466618,3.93029537504582,3.89925171463712,3.89197547669717,4.05085240864054,4.17919095040761,4.33476392218355,4.58860862725334,4.68198407800064
"2007-10-30",3.98693110174402,3.96465542348972,3.93850649972049,3.90790584310538,3.90703629227328,4.0865263652386,4.2190140811302,4.37179009600014,4.60730203289785,4.69163416729817
"2007-10-31",3.88331253210678,3.88300007628538,3.8848499810211,3.89560971304777,3.93736424647416,4.12406668148076,4.24628566455892,4.39502597347031,4.65394390099216,4.75448520155482
"2007-11-01",3.79161265414233,3.77680069188268,3.76082727292098,3.74745654494211,3.77181235074272,3.99008532480551,4.13579097971257,4.3013104835822,4.55593379063103,4.64730405726891
"2007-11-04",3.78683793846155,3.76080348558733,3.73123788665374,3.69990591400144,3.71162719293943,3.9459764099199,4.10117992147502,4.27037650771065,4.51659471754234,4.6027426078606
"2007-11-05",3.81104644558606,3.78554783284878,3.75661463126655,3.72609536408961,3.73849071750105,3.97414060216166,4.13094855929982,4.30275038506111,4.55419095764685,4.64236543218537
"2007-11-06",3.78118559438239,3.75415838242833,3.7235795060108,3.69165971246388,3.70627143475485,3.96137692975618,4.13040085062915,4.31541503959605,4.58605572164335,4.68095246997836
"2007-11-07",3.62436195137794,3.60036946840849,3.5738912032944,3.54895236568286,3.57472739687441,3.85720449183916,4.0424189651165,4.24721856236254,4.55144077076227,4.65885569504369
"2007-11-08",3.48161330388962,3.47691472252481,3.47442040855425,3.48313577348238,3.53898295588364,3.81698257258708,3.99658494464572,4.20789905677874,4.55494354878294,4.68446601165377
"2007-11-11",3.51143700820083,3.50782440841619,3.50619980864406,3.51450126290654,3.56425232697092,3.81648605947625,3.98522222050008,4.19001708623668,4.54178773988806,4.67679973832366
"2007-11-12",3.60526229210913,3.59166441908383,3.57711227913397,3.56567792769292,3.59299356396753,3.8314377317704,3.99892983083443,4.19824360327875,4.52406533900322,4.6447387792792
"2007-11-13",3.6216868004905,3.6003298515056,3.5767632604363,3.55472408682451,3.57918168363553,3.84462006813442,4.02200120408015,4.2213083446345,4.52299140634284,4.63038447025848
"2007-11-14",3.58268645797195,3.55084323967804,3.51467123054145,3.47636681394136,3.49118952156137,3.78309830130193,3.9776681118358,4.19091909940072,4.50308360895417,4.61255738376738
"2007-11-15",3.64274560517961,3.57442920354481,3.49365578513979,3.39468729395292,3.35959163358283,3.67271072214359,3.88872982128442,4.1149383346637,4.42732862294377,4.53451157050833
"2007-11-18",3.64481732288472,3.55591204936808,3.45052438238508,3.31966840330661,3.26246970643534,3.59824902980086,3.8289515897801,4.06515956109946,4.38407403876127,4.49277366276206
"2007-11-19",3.56622871224161,3.47847190061817,3.37505562603201,3.24874610891864,3.20153602779977,3.56229181989861,3.80350541602584,4.04941908043493,4.38082174943545,4.49374546803043
"2007-11-20",3.47065219399482,3.38793960001832,3.29107955182108,3.17509573289124,3.14174245797511,3.52565686636426,3.77731357392918,4.03444740091157,4.38236615135275,4.50107260209442
"2007-11-21",3.45465390101558,3.36134387695337,3.24986952482044,3.10925788452084,3.04340294812742,3.41199408964591,3.67871718939915,3.96021517410486,4.35035847458494,4.48430190028887
"2007-11-22",3.46181379784988,3.36018964320797,3.23748314151092,3.07840112546382,2.98833576512127,3.33856418492305,3.60917310378519,3.89937784699287,4.30597307855149,4.44595298460315
"2007-11-25",3.43569076494585,3.33776627760514,3.218621503234,3.06137927917819,2.96362027075828,3.28061936273261,3.53972463075603,3.82304877671004,4.22635844668261,4.36585882097154
"2007-11-26",3.42067699203344,3.33191285682928,3.22424780167664,3.08330559536939,3.00000155859595,3.30535145093099,3.54910603044384,3.81470769013667,4.19216960332763,4.3226900539838
"2007-11-27",3.42319406928946,3.34670708708842,3.25638273507923,3.1459327450966,3.10681146936534,3.45063729669629,3.68565910451407,3.9301195832395,4.2656432013591,4.38055592963109
"2007-11-28",3.30936513267842,3.26808059331892,3.22043447826824,3.1670744554156,3.17308151218576,3.49952353470142,3.72194575301925,3.96586482166687,4.32195306395448,4.44663000874551
"2007-11-29",3.32845649626096,3.2759841524428,3.21340519746686,3.13583804214531,3.1101061956459,3.40517665171045,3.62502874272547,3.87036540495202,4.23182694100291,4.35863898665023
"2007-12-02",3.37271076525864,3.29114684233521,3.19254512311685,3.06474960559507,2.99482848904748,3.30485664387823,3.54701424547772,3.81140792299114,4.18881878239799,4.31955431344908
"2007-12-03",3.44649640622013,3.32733334363682,3.18437885627857,3.00103083047258,2.89859616497611,3.26698697545028,3.53862067460759,3.81967898262328,4.20086361477595,4.33087785573461
"2007-12-04",3.47059193258027,3.34458662989343,3.19430840452435,3.00402538599266,2.90405808980175,3.29750445917314,3.5761169981689,3.8594210889407,4.23851364958765,4.3673870309248
"2007-12-05",3.18132716074862,3.14325496416281,3.09855384762446,3.04633557657783,3.04598279549284,3.36467149887967,3.60234150816308,3.87922749027375,4.31155789267016,4.46730491807693
"2007-12-06",3.14784799716852,3.12811780550618,3.10721004479746,3.09139352314096,3.13210597225592,3.46614382649003,3.69179020070138,3.95249295890971,4.36289343107213,4.51189801102985
"2007-12-09",3.11397579774163,3.11238044783719,3.11468148112937,3.13342553435122,3.21057315278472,3.55387664129056,3.77230269520139,4.03078316486826,4.46194508686335,4.62471131093652
"2007-12-10",3.02906239198279,3.03564517462893,3.04852255300048,3.08334042627328,3.17834249096614,3.5297248913776,3.74730079174113,4.00923851711117,4.46610621577879,4.64482263291848
"2007-12-11",2.94374678623905,2.94314475039027,2.94703286284107,2.96917179566371,3.05328431156792,3.41270309112595,3.63692954967031,3.89929927801001,4.33098477235183,4.4926876644917
"2007-12-12",2.90212143013613,2.92976863969471,2.97054908255629,3.04967526552139,3.19856388063935,3.57747839557445,3.78080362461997,4.02429596952005,4.45541176182006,4.54474395173766
"2007-12-13",2.88799227633365,2.92454748899895,2.97779755252636,3.07886769948743,3.26117694455489,3.68152615380129,3.88368937400721,4.10807779819056,4.49459751736237,4.65432446209969
"2007-12-16",2.94757720631016,2.97606665713297,3.01809014079564,3.09963072274003,3.25307232044381,3.64364768695256,3.85329077193599,4.10443833980124,4.54973869275952,4.64296165973825
"2007-12-17",2.98969909535151,3.01449772559859,3.05110957737262,3.12226553197412,3.25661903106019,3.60198281805204,3.79013514418939,4.01962292959518,4.45537010143144,4.59006793680637
"2007-12-18",2.96665438795789,2.99095641170406,3.02683802597317,3.09658519481536,3.22831950927425,3.56725337614617,3.75214938457127,3.97802305149952,4.40938794258006,4.54622094805831
"2007-12-19",2.89671535051214,2.92203389495255,2.959394446789,3.03193830942518,3.16864978606247,3.51812663461351,3.70693290760508,3.93491794935794,4.35185688017121,4.45829057068212
"2007-12-20",2.83439255890917,2.86975929579201,2.92120529935869,3.01860683002856,3.19344448966323,3.59183256476652,3.78069516527288,3.98784227465609,4.33747439604766,4.47922100155284
"2007-12-23",2.94716224250147,2.97976813373309,3.02729875229692,3.11762624400977,3.2809554975953,3.65978129389157,3.84329737380106,4.04822046204177,4.40493599939384,4.55385086481975
"2007-12-24",3.12600491143928,3.14971456227219,3.18471118316813,3.25270121170894,3.3809726662085,3.70992851733186,3.88851174511371,4.10541469009969,4.51093017836159,4.62736765598634
"2007-12-25",3.21271622777836,3.23500625607305,3.26792304455543,3.3319279944374,3.45289820291742,3.76474166798111,3.93535086950304,4.14448313057914,4.5488044769186,4.68395413057908
"2007-12-26",3.2127012717678,3.226659161228,3.24887334369475,3.29703161771278,3.40284647273881,3.72834821589859,3.91712911985745,4.14239934175878,4.54140844414647,4.70101131534304
"2007-12-27",3.07055424909576,3.09396835912107,3.12854707187907,3.195790437922,3.32290821543233,3.6507987273187,3.83034929161319,4.05067576510264,4.47825351867263,4.62340785251524
"2007-12-30",2.99742706389166,3.02116361772026,3.05621166789722,3.12434332902645,3.2530450645465,3.58431519409528,3.76514329916133,3.98621086852792,4.40952847670191,4.54539139915026
"2007-12-31",2.96209908510364,2.98525112928571,3.01943539837452,3.0858853240838,3.21140012550845,3.53439231354317,3.71064081116287,3.92602144334681,4.33783869355156,4.46915869664138
"2008-01-01",2.93173942109567,2.95287803411613,2.98411379835702,3.04491885607298,3.16010981382283,3.45904588328188,3.62421024024946,3.82900212949174,4.24103900832124,4.40102677990223
"2008-01-02",2.99736131589536,2.99404139994132,2.99287795300276,3.00231759951896,3.05585157890547,3.33351213792757,3.52667234475551,3.76958980142147,4.2101792119219,4.38577597863157
"2008-01-03",3.15148693537513,3.10533347000441,3.04956873478963,2.97867282647222,2.95229613117881,3.24636733088378,3.48706540958685,3.77509721755756,4.2349852529969,4.40211215415164
"2008-01-06",3.2493228598803,3.18118116139586,3.09725267410751,2.98431948831083,2.91330822311894,3.19759516298384,3.45244839323477,3.75582228037273,4.23004968119974,4.40021018787311
"2008-01-07",3.28500988159937,3.20665779314402,3.10917556169696,2.97455074686031,2.87621715259865,3.14013018604437,3.39835081282545,3.70996315915864,4.20059322031735,4.37694485607222
"2008-01-08",3.30804185733038,3.20851729487631,3.08535071568925,2.91665832684369,2.79401076102812,3.08847345996383,3.36639006067733,3.68857633594522,4.17250168929686,4.34298101764586
"2008-01-09",3.29049385542738,3.1963120188649,3.0809196200796,2.92660758401245,2.82697044312597,3.149925114231,3.42813981280344,3.74307835544442,4.20712012380244,4.36955311601084
"2008-01-10",3.28954540978747,3.18308066893899,3.05211188752065,2.87529439358623,2.75555124306441,3.10349447968619,3.41355734595976,3.76815433478385,4.29518461767861,4.48021008667245
"2008-01-13",3.25423595075228,3.14420367912337,3.00843737390996,2.82388334729544,2.69495790621601,3.04446872902249,3.36429230908312,3.7334269453184,4.28666342592557,4.48146998451477
"2008-01-14",3.1998964186898,3.09362796117352,2.96250681419104,2.78427090643215,2.65977327907575,2.99739225587707,3.30630920058412,3.66285142156419,4.19721206620321,4.38537180241235
"2008-01-15",3.16125153139232,3.05472932073667,2.92347275215558,2.74551477112893,2.62214172220776,2.95756878723118,3.26119195128736,3.60921921303029,4.12706593972373,4.30890987082991
"2008-01-16",3.11511321524342,3.01405293440661,2.8892953599731,2.71976676869074,2.60305339322474,2.94507523535221,3.25825336314275,3.62344730179368,4.177738922326,4.37394285817274
"2008-01-17",3.00408306088961,2.90778272834168,2.78896892979146,2.62788182542358,2.51908124926965,2.86095063367511,3.17195679625255,3.53607163964697,4.09194637037581,4.2892231367094
"2008-01-20",2.83315363868137,2.73402231116474,2.61196021106598,2.44732285145895,2.3394206416321,2.70638402786285,3.0346104389058,3.41788198791944,4.00221891856814,4.20953419365573
"2008-01-21",2.56957310471793,2.48239774528648,2.37623896228268,2.23743728268213,2.16486269931827,2.58371803758577,2.93222382959626,3.3381825809741,3.96091434982776,4.18275131807645
"2008-01-22",2.2187482359164,2.18034316746726,2.13739413356474,2.09544196055538,2.13441134159139,2.62116126754951,2.96280618764762,3.35985359368486,3.98512186778714,4.21184034202283
"2008-01-23",2.02500592459413,2.04338460016288,2.07406043175343,2.14453607903977,2.30927114085764,2.83906828024552,3.14566312294618,3.5041010050986,4.11165446860396,4.34590949530184
"2008-01-24",2.18537020504642,2.1923335073685,2.20751938694823,2.2521743589953,2.38137259292175,2.87425615274415,3.17979614030588,3.54483052894359,4.17134868233933,4.41334749672618
"2008-01-27",2.23589132942275,2.22797538771965,2.22404429572246,2.24007927518728,2.33909385979547,2.82795415772993,3.14312843745983,3.51372215961924,4.12209238416358,4.34911382748229
"2008-01-28",2.1764749381761,2.1746619713352,2.17913261778333,2.20949824169237,2.32891542962095,2.83817225849466,3.15084809103179,3.51111196017057,4.09087136426263,4.30518450169504
"2008-01-29",2.09989150077712,2.11786625052723,2.14809724923674,2.21812306103485,2.38292206959033,2.91283023214066,3.21719462132657,3.57003088734744,4.15985197606795,4.38504417801906
"2008-01-30",1.89614442559638,1.92288851516487,1.96514132044698,2.05569542447694,2.25091907470823,2.82884778765034,3.15110671538501,3.52407446241094,4.15503685125907,4.3991823241603
"2008-01-31",1.78191737930338,1.82366561115441,1.88526407288953,2.00484965445337,2.23012843228385,2.80538274163121,3.11565187024722,3.48955239109783,4.16807407589749,4.3335876469392
"2008-02-03",1.81844745189722,1.85934350623082,1.91969614440582,2.03690422426247,2.25786499393463,2.82328885869998,3.12923620213569,3.49936411797571,4.18111674143677,4.36225491308923
"2008-02-04",1.99825712815055,1.99248067317804,1.99315886162352,2.02223929045765,2.15577091220358,2.74745242988052,3.10883746290169,3.52004319975802,4.16876648372759,4.40575990184643
"2008-02-05",2.14552129198953,2.08746370575875,2.02307818989748,1.96079741566445,2.01377227385805,2.63984799764817,3.04418607324891,3.48430232387,4.12613541627294,4.35103075806467
"2008-02-06",2.15599938992588,2.09399285952177,2.0261377012967,1.96337657642137,2.02876365921305,2.69605730252233,3.10919739355447,3.54741478205483,4.16998940331942,4.3860604354896
"2008-02-07",2.13690041366508,2.09613932107398,2.05380577891413,2.02442268183126,2.11399834540893,2.76985408357771,3.18354977756814,3.63860931243528,4.31471234839586,4.55372031552547
"2008-02-10",2.21075297727667,2.15032924278098,2.08299842925378,2.0167771071328,2.06806701126183,2.71392141141548,3.13632070096418,3.59939564000819,4.27965477488784,4.51868191950487
"2008-02-11",2.2893799094676,2.19711785734535,2.0909916090582,1.9724338513686,1.98180348272288,2.64551794526569,3.080877811101,3.54407668560453,4.19909911766581,4.42580079806615
"2008-02-12",2.30260449666319,2.20116315462466,2.08518541345138,1.957478011642,1.97209570657902,2.68161854681202,3.13214168742786,3.60173906204687,4.25298968040838,4.476973880753
"2008-02-13",2.37242947443904,2.25194778003835,2.11391296793159,1.95994643350169,1.9640290708583,2.72025755379183,3.19238015676941,3.67568766262674,4.33416805037661,4.55940898004305
"2008-02-14",2.37862095729603,2.25082046968299,2.10354822632954,1.93651870660265,1.93057720143246,2.71321327707053,3.21171567841346,3.7264216053918,4.43255981129689,4.67456353778054
"2008-02-17",2.375536640966,2.25251655225492,2.11163111853911,1.95499987527701,1.96296398789713,2.76144127096285,3.26292752601607,3.77935629686228,4.48697972352084,4.72944002883187
"2008-02-18",2.36052100969489,2.2544398513449,2.13499719630272,2.00959426461108,2.04831336616392,2.8418651700043,3.32465096957462,3.81879733229864,4.49392721635659,4.72513669683319
"2008-02-19",2.30945281954574,2.22714318329998,2.13713425884588,2.05271188216311,2.12687201114995,2.90039771821957,3.35686637317029,3.82353303399765,4.46272039717809,4.68188861960784
"2008-02-20",2.24085473924459,2.17505989317348,2.10451362502965,2.04430241980898,2.13157841386104,2.87310209503019,3.31325117576999,3.76986684856758,4.40539148715262,4.62447107951451
"2008-02-21",2.2858566863666,2.19689790059013,2.09689439743349,1.99322293014604,2.03517907012531,2.76652692823455,3.22076540531677,3.69438908422196,4.35332224536444,4.58026801756515
"2008-02-24",2.32139217672503,2.2318098321756,2.13160635582371,2.02935033806885,2.07724245676149,2.82137911752078,3.27672509523869,3.7478850460087,4.39895884082252,4.62273395877941
"2008-02-25",2.25826212441685,2.18721157413227,2.11067925525152,2.04376855359537,2.13032239752379,2.89429440042613,3.34586811153836,3.81186333160386,4.45681799235171,4.67873015151185
"2008-02-26",2.11506964574024,2.05656135320123,1.99536790702691,1.94955022989011,2.05546657384386,2.830718256666,3.28995943824224,3.77023989859764,4.44544729472336,4.67906643679177
"2008-02-27",2.06965315515188,2.01357253240251,1.95440390995797,1.90853482048258,2.00672627438736,2.7646427808116,3.22682541497647,3.71943528910214,4.42531582377607,4.67120593272748
"2008-02-28",1.945067986715,1.88690622705672,1.82347939163988,1.7665769327349,1.84046015755888,2.55953768731338,3.02260188201248,3.53052589326978,4.27925570046925,4.54284386169899
"2008-03-02",1.93399014846507,1.85550469524099,1.7671131197524,1.67603615208232,1.72174327435379,2.45565786102626,2.93252694518098,3.44801612943797,4.19234734198841,4.45206203482052
"2008-03-03",1.91994982977347,1.83358807105649,1.73714014529328,1.63997861993483,1.69521470181687,2.47677741201764,2.96486494495007,3.47900446264125,4.20237610054396,4.45248151251608
"2008-03-04",1.78285476604883,1.72212925465828,1.65818894955777,1.60896070817057,1.71562688552958,2.52811378609208,3.01917619175895,3.53938120986095,4.2801261027777,4.53756863832301
"2008-03-05",1.73676058448297,1.6729487494511,1.60520704174274,1.5510111321931,1.6559044935998,2.49395278906677,3.00718554885529,3.55474487028406,4.33978692460677,4.61328465032415
"2008-03-06",1.60157838122457,1.55535302933707,1.50805655726062,1.4783304272904,1.59329544311555,2.39456381940257,2.89953423225636,3.45694068317113,4.28936577986198,4.58434758694172
"2008-03-09",1.56308603833392,1.51732637122978,1.47013404582701,1.43901752150009,1.54774779659541,2.32910488867266,2.8267345067495,3.37944436120254,4.21038127609549,4.50566964329225
"2008-03-10",1.56966299145841,1.53085977549536,1.49261870682876,1.47490025870245,1.59741662144838,2.37442632858439,2.85968239421623,3.3960054639829,4.19994587786102,4.48542771928313
"2008-03-11",1.5299939080512,1.51995852966535,1.51786254714509,1.55187588482944,1.72244587993337,2.4834160788934,2.94073926186619,3.45258462809675,4.24212262276451,4.52712329151919
"2008-03-12",1.51241318134624,1.4906338737077,1.4732095025448,1.48342967446464,1.62581833286038,2.3679653264962,2.82674514618032,3.34110833952914,4.13075268741497,4.4146766128706
"2008-03-13",1.38673801913363,1.3764742296684,1.37417868054546,1.40829480997661,1.58087486757036,2.3566712901993,2.82602334030166,3.35392118341549,4.17318891650092,4.4698236691891
"2008-03-16",1.07444724686311,1.09974382507005,1.14283797528173,1.24405470068852,1.48520288585452,2.26390081808132,2.70846176142531,3.21958354751584,4.06221150972242,4.38081747064349
"2008-03-17",0.802365225710401,0.861329296291741,0.948295434064693,1.11700855397891,1.43436353168579,2.24122907908541,2.67354428223093,3.19030977792513,4.09853045694604,4.27655452902699
"2008-03-18",0.731572483290852,0.81123739927454,0.927017705097519,1.14587429623551,1.53751732171321,2.42330659203667,2.83944747143708,3.29250941062868,4.04776540023018,4.35051743028594
"2008-03-19",0.729980745931089,0.80301476213471,0.909347581906327,1.11098200680206,1.47402820496483,2.30742003563962,2.70608356292201,3.1466071124899,3.89962226436727,4.20853599720945
"2008-03-20",0.807301177977604,0.880831629892828,0.987712240656692,1.18979878374459,1.55161543956712,2.37094756546822,2.75643990564347,3.17664351705508,3.87854273705723,4.16041882421979
"2008-03-23",0.903504715386712,0.98053783510975,1.09232054728338,1.30304391657793,1.67813892305892,2.51575669931857,2.90322761973996,3.31982354433566,4.00013402181939,4.26795058109941
"2008-03-24",0.970212701221232,1.04878881188187,1.16273917478513,1.37731093673984,1.75843708815833,2.60515671270012,2.994406127479,3.41082702057769,4.08538761076773,4.3491216264568
"2008-03-25",1.03892768541796,1.1111819257735,1.21616905468344,1.41454681505243,1.76927656903669,2.57012734716034,2.94553783034638,3.35352386885704,4.03161428621419,4.30270880367221
"2008-03-26",1.27610238519811,1.30734433121153,1.35774279909324,1.46856114066619,1.71389896495481,2.44903083078212,2.85329900865322,3.31136526240937,4.05770578515919,4.33865512703141
"2008-03-27",1.21872495593042,1.27049423364409,1.34688153176912,1.4951885717394,1.77461596116499,2.48845446041672,2.87372822997519,3.33839328785466,4.18427720070027,4.39451855750541
"2008-03-30",1.23041338500482,1.28050227928604,1.35442409905408,1.49799417332943,1.76869135505417,2.46167537290327,2.83688035510581,3.29113845875649,4.13025859002718,4.3566969200145
"2008-03-31",1.26602990721916,1.3153948340341,1.38824299840539,1.52970926423041,1.79636717426199,2.47847127292429,2.8473443578989,3.293293003529,4.11256745216601,4.32714722749674
"2008-04-01",1.29886104223796,1.3524683616501,1.43152087601686,1.58483554491348,1.87304494787303,2.60446398732059,2.99524788382181,3.46073688381873,4.26728675362123,4.40782069234744
"2008-04-02",1.39340618120788,1.44505970766281,1.52123857952357,1.6690069493686,1.94689525502701,2.65290485610621,3.03075932435603,3.48180266916836,4.27010820898425,4.41792646757952
"2008-04-03",1.3843823444123,1.43507859454766,1.50985740775424,1.65495182356821,1.92797529506697,2.62284466950494,2.99574187262052,3.44235071552978,4.23341547960367,4.39781721699539
"2008-04-06",1.39697996559067,1.44763253876186,1.52233487208731,1.66723795071931,1.93973331268359,2.63200741842262,3.00248262184722,3.44467595528541,4.21722050739178,4.36163470408603
"2008-04-07",1.39974817905287,1.45085403633568,1.52621675075563,1.67237186097187,1.9471084271742,2.64423245223354,3.01660768267768,3.46004255119696,4.22748217921614,4.35981806960156
"2008-04-08",1.32709486290014,1.37928768264429,1.45626417167137,1.60558779270483,1.88643244289871,2.60018831575853,2.98238248494274,3.43889226724281,4.23877964161305,4.39186977923658
"2008-04-09",1.22913634744511,1.28324293677239,1.36301978704452,1.51769677295104,1.80830086442313,2.54455816686887,2.93690489951066,3.40274455990109,4.19917147002833,4.32139525508318
"2008-04-10",1.09100031252037,1.1623778537777,1.26614293248227,1.46238509320252,1.81389917478878,2.61078252305674,2.98621740852375,3.39590762843791,4.0815022710537,4.35728724320997
"2008-04-13",1.04366873312239,1.11696241004296,1.22345547728241,1.42466409393965,1.78440491778824,2.59629201270117,2.97671839911688,3.39001638250084,4.07655211654023,4.35088642578431
"2008-04-14",1.0497286103233,1.12321862957844,1.2299861349611,1.43167701521212,1.79215430635085,2.60502044545805,2.98551730238705,3.39854919075066,4.08370130171071,4.35714826497841
"2008-04-15",1.07527790974023,1.15507322134192,1.27069059784385,1.48806523588453,1.8730164626862,2.72214180219609,3.10913761162014,3.52030329332211,4.17907783124517,4.43429352536494
"2008-04-16",1.13445064928461,1.21896228929747,1.34111080220238,1.56976333208053,1.97128065785735,2.83934979722178,3.22552745963238,3.62809937123702,4.2544138368614,4.49145593118648
"2008-04-17",1.21965412507678,1.30354336461788,1.42470406153814,1.65121616816326,2.04798955338196,2.90078988002461,3.27751469811859,3.66809715284063,4.27079653758734,4.49749116623814
"2008-04-20",1.22855778011483,1.31461630664457,1.43872592325016,1.67014480915441,2.07347387370833,2.9301336390358,3.30322059571493,3.68583540594757,4.26681973094048,4.48279109156563
"2008-04-21",1.16480961127323,1.25859350301064,1.39330232645223,1.64271418823589,2.07153108429955,2.95389978059789,3.32395539449353,3.69290610545596,4.23138489055601,4.42628777618108
"2008-04-22",1.08709549850758,1.1925395647601,1.34304366182854,1.61862660208534,2.08249653911302,2.99174571846402,3.35194826520544,3.69682017539012,4.17476296210185,4.34268416464584
"2008-04-23",1.11880383590697,1.2251569289527,1.37695723384672,1.65490951007883,2.12275442006799,3.03973669417986,3.40297585934629,3.75073747747741,4.23265558385006,4.40196815014321
"2008-04-24",1.15857477934189,1.2792515124654,1.45007932551625,1.75838238753986,2.26327091388405,3.19410537174092,3.53781787488996,3.85202694735306,4.26558564005713,4.40749081726862
"2008-04-27",1.23789630385393,1.35016075445476,1.50966898876276,1.79940944994335,2.27974003467943,3.18960043936785,3.53608940204217,3.85915714975056,4.29341468131746,4.44375465435566
"2008-04-28",1.31660955268904,1.41262705981419,1.55019477243787,1.80376596127846,2.23602332663605,3.10811812722076,3.46546143628514,3.81579131980699,4.31584276283126,4.49440862383149
"2008-04-29",1.35713864635296,1.44564220175053,1.57290296065966,1.80897033843305,2.21631825066799,3.06159077754416,3.41964130582739,3.7792564752204,4.30940849965169,4.50253897354384
"2008-04-30",1.36808653814831,1.45129591771742,1.57115411591477,1.79417788259833,2.18131077684516,2.99583508569933,3.34659044016269,3.70324027774743,4.23816960574494,4.43530875516656
"2008-05-01",1.36015664141384,1.45369645257675,1.58766334948782,1.83443244650907,2.25455720662389,3.09969366760116,3.4448002532355,3.78230321445428,4.26252547480599,4.43369664809769
"2008-05-04",1.41723538592598,1.5094895363914,1.64170685306611,1.88555046015169,2.30166460178375,3.14322789651253,3.48904569481316,3.82876940062575,4.31496585477572,4.48885333040749
"2008-05-05",1.48401545121006,1.5682013887918,1.68944396983618,1.91497061430208,2.30620419245153,3.12815838863696,3.48149960428837,3.84031003826823,4.37748260619174,4.57519652221479
"2008-05-06",1.51678402016581,1.59516608324926,1.7084905215726,1.92074175517552,2.29385410956111,3.10254252244261,3.46339212431867,3.84044658106276,4.42915956003477,4.65258244245166
"2008-05-07",1.58825986191033,1.65427550657513,1.75025862023111,1.93182659661811,2.25720617910019,2.9956654489143,3.3440470389733,3.72463722887799,4.36271831066284,4.61982335879955
"2008-05-08",1.60376216464333,1.65772125005439,1.73714768877888,1.8906854359325,2.1774490941252,2.89312260162916,3.26732789846698,3.70402708303513,4.42786496348125,4.54775658333442
"2008-05-11",1.67353632881815,1.72437554228116,1.79931670019574,1.9445532345973,2.21716749041372,2.90595822867937,3.27144964248055,3.70309054294077,4.42456923023155,4.50953679639182
"2008-05-12",1.76285134164134,1.81442541439611,1.89033903141397,2.03707739533093,2.31109871947912,2.99449852020431,3.35128874374979,3.76661850616509,4.44528867166722,4.53980252761933
"2008-05-13",1.76621163248759,1.83113525106611,1.92539682720028,2.10326095127106,2.42045328277377,3.13193104701486,3.46283283648649,3.82016026382921,4.40784008747951,4.64061777787063
"2008-05-14",1.79971581683783,1.86217243797254,1.95292807927583,2.12443050625589,2.43115750692231,3.12393195733183,3.4488491078989,3.80211011780026,4.38965930433125,4.6247046097046
"2008-05-15",1.80811720098998,1.86202413873682,1.94103521677402,2.09261538566846,2.37157251116512,3.043249944137,3.38000087463754,3.76055577016244,4.38125642044717,4.55282918772862
"2008-05-18",1.83497310519145,1.88361399314218,1.95527291413169,2.09400600408336,2.35390081330699,3.00756549476113,3.35277183011557,3.75942479818204,4.44683116945387,4.56217545680282
"2008-05-19",1.84671284990165,1.89368088727568,1.96294593884563,2.09729022688492,2.3498829008083,2.99124781046068,3.3341930994342,3.74310581521537,4.45452034545975,4.58294037117358
"2008-05-20",1.85970455126354,1.89160923848539,1.94239472221725,2.05195201880042,2.28783591988506,2.96201734816488,3.31706504281669,3.70734211025199,4.31839549008654,4.54307909811477
"2008-05-21",1.85733374796727,1.90686532757107,1.97978424275063,2.12077470058598,2.38421464786519,3.042228475555,3.38646988270819,3.78802463658937,4.44784910979133,4.5423039184073
"2008-05-22",1.86362563624915,1.91916461306456,2.00047349056688,2.15614193742078,2.44148315610367,3.121969270286,3.45932462939951,3.83732900771796,4.45016349228911,4.63048823919149
"2008-05-25",1.85557937578873,1.91536539189263,2.00236450195805,2.16718449759858,2.4634117928878,3.14045670796178,3.46261235094968,3.81703551300878,4.41834702060194,4.66329845099081
"2008-05-26",1.8547391701873,1.91496682508564,2.00256713290168,2.16838699379131,2.46592611448838,3.1432940724522,3.46406044325122,3.81556546131434,4.40795197208134,4.64778057498058
"2008-05-27",1.86098355077205,1.92246972135377,2.01207628847009,2.18225244923723,2.48934013766617,3.19462033922702,3.52902171267512,3.89106164788948,4.45784671761298,4.64417418270905
"2008-05-28",1.87720749943028,1.94063050313674,2.03396032425117,2.21364316217844,2.54303689756258,3.29601621406351,3.6368258977013,3.98583610648258,4.49828353564752,4.6818435751934
"2008-05-29",1.88737566257731,1.96014368517625,2.06527473481621,2.26192694845668,2.60676049436154,3.34977867499907,3.67899290376602,4.02110959037375,4.55086010495891,4.75063724547317
"2008-06-01",1.88013684002859,1.94821795284801,2.04686289746252,2.23232916385159,2.56077983322303,3.2853096034926,3.6155383040635,3.96640693862243,4.5286118985039,4.74642801156386
"2008-06-02",1.8744047068963,1.93050620331312,2.01270214854899,2.17028239905656,2.45987213012076,3.15448001718247,3.50083457062392,3.88996092088453,4.51382344312586,4.67695697337335
"2008-06-03",1.86952758369956,1.92067315400614,1.99596687243396,2.14154392942378,2.4135292210786,3.0926219928955,3.44759090800395,3.8610803848524,4.53510282747724,4.6214658536061
"2008-06-04",1.8157296599669,1.87750908145618,1.96776267039008,2.13990328335132,2.45308657263678,3.18593385873382,3.54046014752103,3.92891221111635,4.53110392431481,4.69970254482751
"2008-06-05",1.80112188741141,1.8672111424768,1.96319048574757,2.14438076436556,2.46779847339891,3.19482577200157,3.53385620327352,3.90074685514581,4.50627968924587,4.74686847617885
"2008-06-08",1.82220272903796,1.89189557066777,1.99277693117824,2.18211980920037,2.51631440539711,3.24765576365149,3.57779459170654,3.92590520289107,4.47706844826085,4.68854734862759
"2008-06-09",1.89370330802058,1.97146313975394,2.08321196801325,2.29029812605265,2.64695329028206,3.38375013168218,3.69420845917742,4.00480970018173,4.46025917324455,4.62560213683618
"2008-06-10",1.98634340450828,2.06999162462064,2.18952342109454,2.40883710610362,2.77941930693943,3.51219611025736,3.80546290901965,4.0882350871101,4.48349163809006,4.62299074034637
"2008-06-11",1.94022896189476,2.02298091797486,2.1415066591347,2.35986241506489,2.7317095032572,3.48017204525032,3.78601487120246,4.08526717315818,4.51133379535965,4.66325709306263
"2008-06-12",1.97881751290838,2.08249635795335,2.22885622219484,2.49172676659636,2.91830528934873,3.68923316690875,3.96757740171287,4.2185263264312,4.5442762675921,4.65546113594553
"2008-06-15",2.02059988436009,2.13378932869563,2.29246617456813,2.57402627265685,3.02066094642097,3.78935075033649,4.0522987092417,4.28203177448117,4.57182505351857,4.66980605961933
"2008-06-16",2.02118899306151,2.1212934998779,2.26297285534153,2.51858556750032,2.93692527819325,3.7071363840034,3.99109624330357,4.25042821243862,4.59141577076539,4.7083726562799
"2008-06-17",1.93998775772095,2.03248552690806,2.16423373587157,2.40458626624185,2.80632747285573,3.58143285878064,3.88291243635948,4.16798256541237,4.5572792230457,4.69305132984935
"2008-06-18",1.87507256998387,1.97206893039716,2.10989577163155,2.36029066681854,2.77551331023379,3.56254592785977,3.86247938661711,4.14227235062783,4.51855957445688,4.64886097583037
"2008-06-19",1.82373259436998,1.93613160522213,2.09446825992694,2.37781016037912,2.83445134840574,3.64747530206402,3.93616738916138,4.19385933772493,4.52519343262986,4.63790408274577
"2008-06-22",1.77558933280632,1.90102329536806,2.07629348089458,2.38554430674711,2.87095703242799,3.68801617867679,3.96086488235996,4.19614081660872,4.4897411253817,4.58870886659791
"2008-06-23",1.74821727729988,1.87357533560004,2.04861531890954,2.35708066677812,2.84015355430378,3.64938796197161,3.91823737001648,4.14943178582941,4.43731552898002,4.53430082929115
"2008-06-24",1.73133841457303,1.8479656404146,2.01168746245542,2.3028964743254,2.76691284032462,3.57316746421768,3.85185399443885,4.09676696121368,4.40726867897636,4.51241070803671
"2008-06-25",1.69049208802214,1.80232774678164,1.9599718770657,2.24238980575978,2.69849879776979,3.51427041467802,3.80540513516633,4.06605846328724,4.40214652775039,4.51658585146936
"2008-06-26",1.67120339032913,1.76776251290882,1.90519355694296,2.1555881315284,2.57308248275066,3.3741310937757,3.6837156173634,3.97519902399546,4.3713027698453,4.50912454040548
"2008-06-29",1.71614217104087,1.80391488702012,1.92932146742899,2.15935271277757,2.54784700171066,3.31515348641614,3.62182430304562,3.91724221327692,4.32969616761657,4.4751741516861
"2008-06-30",1.79402379647587,1.87576119671676,1.99282712823933,2.20847197283025,2.57563235319012,3.31433787838422,3.61603864283029,3.91113018987902,4.33107602456407,4.48077643145414
"2008-07-01",1.85123636777118,1.92601317093156,2.03358375332875,2.23328216289065,2.57839131491982,3.29702050481497,3.60269140689689,3.9106450361443,4.36657723547399,4.53313611230187
"2008-07-02",1.88209469847282,1.9507050615694,2.04969615176475,2.23442434852416,2.55686966941776,3.24419203130807,3.5448151733853,3.85412497795425,4.32604585941349,4.50207787760349
"2008-07-03",1.88037086346931,1.94692287860183,2.04314971127584,2.22339854050928,2.54032437102143,3.22759200087015,3.53445402741425,3.85525299254694,4.35650320147732,4.54684169577947
"2008-07-06",1.88219048128581,1.93847692516672,2.02085969258617,2.17850482879077,2.46711337224899,3.15204808886881,3.48824056467111,3.85925751142214,4.42012855790934,4.53437571010431
"2008-07-07",1.86645552324457,1.92224046164079,2.00382063510021,2.1597002035524,2.44428007128992,3.11545678555405,3.44285759036174,3.8032318791051,4.35660230994237,4.49295677015122
"2008-07-08",1.84793570336129,1.90968569893561,1.99917588922467,2.16749182153919,2.46578240808899,3.12490071898819,3.42593316666438,3.74630320906008,4.26096809072417,4.46079151413761
"2008-07-09",1.80615874740583,1.8583590000964,1.93494125369833,2.08210392973448,2.35375994562427,3.01198181985363,3.34360844528567,3.71806888881046,4.30568490144047,4.41801801949093
"2008-07-10",1.626627877496,1.70350416152632,1.81411288168602,2.01951002377252,2.37466216801335,3.11514918861348,3.4305959664042,3.74875811442141,4.22054725926531,4.3930793280667
"2008-07-13",1.55221652908013,1.64016394295677,1.76598946154216,1.99733549572785,2.38981808200407,3.1730148742573,3.48982202174818,3.79758263646732,4.23178109810707,4.38580428402863
"2008-07-14",1.52940734215618,1.61617860894419,1.74049405998972,1.96962237788773,2.36016134501871,3.14785099383804,3.4704950398595,3.7867268233027,4.23796051459884,4.39906322900323
"2008-07-15",1.47618408069861,1.5634398212535,1.68857774272493,1.91963853481189,2.31483407850442,3.11826989052668,3.45045434218806,3.77823064967902,4.25004585705858,4.41937079961289
"2008-07-16",1.49074899618723,1.5823452129662,1.71362346371427,1.95574774910045,2.3689689397438,3.20487211402978,3.54845625141683,3.8860506409119,4.36932050182791,4.54218672192954
"2008-07-17",1.47477692927903,1.57699494444788,1.7226816994474,1.98876232196002,2.43446126191174,3.29853384292095,3.63649732412293,3.9572704550348,4.39724537119273,4.55102106087525
"2008-07-20",1.44825309470262,1.55791059024136,1.71357687459445,1.99590087617643,2.46256379289148,3.34077816296191,3.67272430369157,3.98072908013466,4.39254142039672,4.53477607853193
"2008-07-21",1.46536337440069,1.58025671101528,1.74282889580372,2.03601600521435,2.51548092764872,3.39673921888015,3.72101989548861,4.01682285667502,4.40529284898273,4.53847221487347
"2008-07-22",1.54602973813647,1.66499485052787,1.8327321352648,2.13336743209288,2.6193096294492,3.49003434135857,3.801415384555,4.08053431412768,4.44084569943586,4.56358239448753
"2008-07-23",1.63762009008277,1.74058007465369,1.88693041225312,2.15296766099732,2.59462525722304,3.43386257253683,3.75461082429791,4.05438517124233,4.4583873396598,4.59841777671299
"2008-07-24",1.69405060646983,1.78067927277105,1.9048261968319,2.13375983741442,2.52434539110629,3.31388368412602,3.6381321261996,3.95653192235106,4.41196032553658,4.57479094272981
"2008-07-27",1.70133090399833,1.78271415986595,1.89968839092487,2.11651725321407,2.49014800021407,3.26295523541355,3.58905808860105,3.91565927905259,4.39526994766506,4.56954787347151
"2008-07-28",1.70134354773206,1.78439891051991,1.90368959813313,2.12452905891848,2.50413564659629,3.28483807921862,3.61205380105734,3.9381446462029,4.41377783653453,4.58586690162127
"2008-07-29",1.71899626255427,1.80548449709579,1.92943129838143,2.15799956224153,2.5479737013716,3.33633164239342,3.66012222567223,3.97809138174809,4.43293906790743,4.59556948854164
"2008-07-30",1.70781581862659,1.79065092986517,1.9096729402274,2.13017041688767,2.50970227301006,3.29270147668231,3.62210058558134,3.95126369883934,4.4331578142311,4.60792179028012
"2008-07-31",1.64167524976358,1.72283811044907,1.83956810552781,2.05618123678909,2.43022570961852,3.20767631265667,3.53764546174403,3.8695397058981,4.35981149992449,4.53864967755313
"2008-08-03",1.66650199682513,1.74449606768973,1.85682289543837,2.06577043380011,2.42826111277327,3.18991595866061,3.51738058857094,3.84994823358421,4.34790605162367,4.53120493840292
"2008-08-04",1.70680033813668,1.78476542037987,1.89705107740644,2.10592392838155,2.4682913704882,3.22971840077501,3.55710105000308,3.8895976516661,4.38747511858934,4.57075101276307
"2008-08-05",1.67616486009077,1.75922286648797,1.87863039425925,2.10005504221355,2.48188739434221,3.27301522432777,3.60752861840704,3.94305653740173,4.4367906401968,4.61643899246971
"2008-08-06",1.66840572445485,1.74739521558981,1.86133260592154,2.07385773770751,2.44450533822172,3.23298636467988,3.57702487175854,3.93035364900571,4.46798516281364,4.66813850266044
"2008-08-07",1.66510411166103,1.73765807249291,1.84253608934232,2.03890085435206,2.38386029125942,3.13036898877729,3.46285124256845,3.80975907833105,4.35020546686733,4.55496152121548
"2008-08-10",1.7570522244086,1.82520254599855,1.9238656483999,2.10909342039984,2.43618971795068,3.15285694016494,3.47684023113643,3.8188503714777,4.36131785687509,4.56975700915906
"2008-08-11",1.82460398575613,1.88980809099657,1.9843451141233,2.16228981643337,2.47811355835166,3.17845631895011,3.49969278564458,3.84273696932756,4.39683911560946,4.61295358041671
"2008-08-12",1.7956704117951,1.85345762804212,1.9379553709822,2.09937641925593,2.39397341871215,3.08852940487128,3.42754092152876,3.80155157402564,4.38482539326571,4.54194506078682
"2008-08-13",1.8333227459899,1.8897026630348,1.97223276678192,2.13020101419786,2.41958757566047,3.10814678598565,3.44793742497487,3.82605350014854,4.42061377412465,4.57281521322598
"2008-08-14",1.8107609711489,1.86461270358149,1.94361581388969,2.09542506149058,2.37564953003555,3.05477340373851,3.39723500271399,3.78465884611061,4.39972419735961,4.52926866729068
"2008-08-17",1.79905669604149,1.85001810319594,1.92495120517331,2.06952251217273,2.33849622636736,3.00298835111639,3.34575866886609,3.74040192022326,4.37222923800017,4.46350661782127
"2008-08-18",1.79511835721755,1.84388886256886,1.91576156772124,2.05498366269827,2.31604309664748,2.97365788617833,3.32096460447762,3.72868589688165,4.39267891075079,4.442896225609
"2008-08-19",1.76064523828704,1.81002110850497,1.88279391477399,2.02378801581922,2.28828173453191,2.95538084966134,3.3083891138017,3.72383942831215,4.40788270016556,4.47186046630768
"2008-08-20",1.7299697349059,1.77985961306664,1.85338548964191,1.99582258041807,2.26296031935453,2.93625831893237,3.29215686137099,3.71042667121277,4.39492857798624,4.45216038109682
"2008-08-21",1.73086105736452,1.7845495929118,1.86345184292348,2.01553881590236,2.29796192800816,2.99212846867644,3.34765173118578,3.753830907633,4.38853661075702,4.46502550539444
"2008-08-24",1.7320088235234,1.78770791228852,1.86930363354911,2.02569225690524,2.31291119674192,3.00016345659287,3.34118111061529,3.72148174944143,4.31040958485791,4.43677350919774
"2008-08-25",1.7009318882978,1.76279381532282,1.85256249364674,2.02178977458697,2.3230303494387,2.99577905281501,3.30701393258515,3.64166953665943,4.18823892133652,4.40342932664739
"2008-08-26",1.66788924492725,1.73215586036713,1.82529768141227,2.00049654795046,2.31103600236214,2.99748852840744,3.31115324974706,3.6450925783909,4.18187609729591,4.39039015643534
"2008-08-27",1.6847467743991,1.74682186716604,1.83689089044533,2.00665440052057,2.30874612804927,2.98284199273765,3.29438977422895,3.62911326378859,4.17508200658747,4.38979511866452
"2008-08-28",1.70764834593833,1.7717324924916,1.86455392858673,2.03896428557061,2.34746953858296,3.0260802161569,3.33432540520041,3.66095035212158,4.18207868299399,4.38327545535089
"2008-08-31",1.71331993158938,1.77714354321995,1.8695968627273,2.04334626849881,2.35078763229236,3.02761041497998,3.33534682294485,3.66168782062368,4.18300476220629,4.38447700285273
"2008-09-01",1.71714054247873,1.77455345805246,1.85828835674503,2.01753291888835,2.30568216814736,2.97212206367562,3.29104812079496,3.63933608872498,4.19474451638872,4.38219717036765
"2008-09-02",1.72738249947335,1.7760638326959,1.84772522929972,1.98626420856213,2.24505000839314,2.89097911533394,3.22860340416684,3.62214548452503,4.26820148292977,4.36178635754994
"2008-09-03",1.71663732152868,1.76304474070619,1.83145522266863,1.96404328295168,2.21294996027748,2.84214295955385,3.176308737466,3.57148235271157,4.23670120685972,4.32393545213592
"2008-09-04",1.66870555376624,1.7163745642492,1.78659957180603,1.9225464383688,2.17716314481322,2.8167759245701,3.15358010278932,3.54830594896175,4.1951881447874,4.26394869067534
"2008-09-07",1.67913858632775,1.73346830706215,1.81286019359879,1.96436281725503,2.24031648143714,2.88853037447412,3.20427256930302,3.55343562751853,4.1141177338195,4.29177491742139
"2008-09-08",1.68458510932252,1.74289105210146,1.82756301149776,1.98739404166419,2.2726409266531,2.91361700408435,3.21238119004191,3.53557546673553,4.06866175096239,4.28035202789917
"2008-09-09",1.6334294300552,1.68603096756754,1.76295621695316,1.90994820039766,2.17836410198896,2.81241774650716,3.12299068652603,3.46729908847773,4.01490128096981,4.17456350152655
"2008-09-10",1.63803022483814,1.69149165285462,1.76973590820586,1.91945455660704,2.19356625025682,2.84488876896074,3.16582766479521,3.52264558538963,4.08437684977535,4.23135933809194
"2008-09-11",1.57798460189639,1.64204675901248,1.73480307973697,1.90898065334339,2.2166966740462,2.89159805537316,3.19708046104996,3.51987751355218,4.03265695607595,4.22993220198929
"2008-09-14",1.26941184063899,1.34075083478014,1.4438591632516,1.63686610862953,1.97577623083027,2.70842375275952,3.03432080233132,3.37402411947577,3.90246051466463,4.10243878989507
"2008-09-15",0.914879807631532,0.99887877941287,1.11985366866062,1.34488752690563,1.73528344932044,2.55556235765747,2.90822678513486,3.26638315068788,3.80264724551745,4.0000446845887
"2008-09-16",0.65602732805491,0.768714045188122,0.929104458628828,1.22134688096853,1.70866895246338,2.64392431545513,3.00547810201588,3.34595635407891,3.80874021294174,3.96977943314631
"2008-09-17",0.323229563974831,0.462862736485894,0.660032136946346,1.01432877199223,1.58978878026165,2.631820773099,3.00887447999612,3.34927162403043,3.79170709411221,3.94279109321349
"2008-09-18",0.49849249100683,0.633261233672087,0.824056276648444,1.16845473313731,1.73263805438483,2.77353510066566,3.15819935677399,3.51002323252486,3.97333095906045,4.132339541186
"2008-09-21",0.812114860450401,0.941105575876453,1.12363778093962,1.45286055006123,1.99137758615583,2.98166129884912,3.34626279580462,3.67896048755633,4.11603634229464,4.2658998211198
"2008-09-22",0.879724249430562,1.0258001680491,1.23027369835241,1.59215628167587,2.16342931184936,3.13660136736026,3.46580954603348,3.75167128891087,4.11041864552186,4.23153389833809
"2008-09-23",0.598323647841126,0.787657415062904,1.04783907107133,1.49388577406124,2.15780073784739,3.16105654632371,3.4607270185764,3.70570771000463,4.00043883224197,4.09900203921127
"2008-09-24",0.652325150935304,0.807471538629754,1.02476326463949,1.40970556353571,2.01848424431963,3.05952803163979,3.41316239275486,3.72093471355,4.10790967048746,4.23862492999547
"2008-09-25",0.826666435439808,0.979291909386299,1.19239269061126,1.56789051115087,2.15582209767195,3.14030310686041,3.46722855118742,3.74829903123182,4.09822454734254,4.21610553646017
"2008-09-28",0.685734557116445,0.821234648646581,1.01223105635992,1.35438293974726,1.90691352223013,2.894947450743,3.24748318980353,3.56306810988299,3.96993550719921,4.10846954672987
"2008-09-29",0.598576207558396,0.723291273565213,0.900238335759245,1.22085883517752,1.74988717787746,2.74157030375217,3.11473063796219,3.45997745308721,3.92014685519271,4.07886968526058
"2008-09-30",0.90753484648727,1.02391879120279,1.1893376557336,1.48999752264731,1.98900611400403,2.93668185825698,3.29863703223555,3.63677776775666,4.09226662611382,4.25010818167582
"2008-10-01",0.804832210963369,0.914336434975119,1.07063932830785,1.35685176743861,1.83865055840641,2.78320661737125,3.15747152360613,3.51585685279182,4.01260977258924,4.18715471613945
"2008-10-02",0.553976924488069,0.668246503943138,0.831458665891618,1.13066811174791,1.63545523505094,2.63002946595115,3.02640892096115,3.40749503850015,3.93828309702802,4.12526119346586
"2008-10-05",0.522226622271569,0.627252512858153,0.777813664352458,1.05561644452884,1.53010055309558,2.49166452112953,2.88773882281674,3.27750133822341,3.836556550999,4.03676532663776
"2008-10-06",0.570173483687874,0.666474627079349,0.804947634237466,1.06181349976189,1.5050500225363,2.42479182765529,2.81438600643065,3.2056819799872,3.78253709477041,3.99268082862396
"2008-10-07",0.53150219606393,0.63628657403572,0.786538198404953,1.06388895459683,1.537990716496,2.50059905685946,2.897988034607,3.28967213936801,3.85266345190528,4.05453398956809
"2008-10-08",0.457251672668871,0.583182938843242,0.762119920019497,1.08718557166436,1.62618388155684,2.64762128014719,3.03679536548853,3.39978180180214,3.88787305376288,4.05687759780933
"2008-10-09",0.286381012369189,0.435307788320719,0.64554782912036,1.02316712021595,1.63600646421969,2.74374755177613,3.14377756967732,3.50447876872308,3.97274931885492,4.13258599557755
"2008-10-12",0.246237226671923,0.416176628057268,0.654500035172927,1.07766598895464,1.74975598094255,2.90949648832441,3.30734233953918,3.65548430985425,4.09523401114808,4.24397537657017
"2008-10-13",0.247380342635327,0.434597589738525,0.695511199060187,1.15378102451122,1.86703073706574,3.04656858457514,3.43309893752257,3.76311874256585,4.17179890514374,4.30928656198261
"2008-10-14",0.19026979274146,0.376030241566286,0.635276235020284,1.09172200638453,1.80534004001094,2.99659113752098,3.39087198319515,3.7292583431204,4.14996501918409,4.29164004043997
"2008-10-15",0.323082687865967,0.448119065887233,0.628561396933405,0.965214674075258,1.55122393399064,2.77218504583309,3.27356417661167,3.7383368352639,4.19926471662628,4.20971216353884
"2008-10-16",0.561742411489248,0.673571771793709,0.835307232767111,1.13824654641054,1.66974356578811,2.8003012855391,3.27870938354399,3.73628206610549,4.23271963330167,4.26909595656271
"2008-10-19",0.767253311473122,0.880982217513554,1.04341948470193,1.34119983572054,1.84354856411741,2.83319573311998,3.22755446611119,3.60665974797275,4.13462406615319,4.32059535612494
"2008-10-20",0.921795069231265,1.01794988710729,1.15614593635876,1.4122808025665,1.85353703795745,2.76571441885373,3.1503748793511,3.53543619809219,4.10051843148897,4.3057661204817
"2008-10-21",0.981763944057894,1.0524217550512,1.15622979371708,1.35619585468328,1.72695023405154,2.63252825882312,3.09024646661819,3.60194979981471,4.30301017722512,4.21271417318297
"2008-10-22",0.944253578936104,1.01322677344531,1.1145439858978,1.30965659175347,1.6712035151744,2.55288589701095,2.99749058824349,3.49320491488765,4.16527544586786,4.06953422465084
"2008-10-23",0.831952193658339,0.927928571886674,1.06558708884586,1.31981160265953,1.75477298039272,2.63974463351421,3.00597765447437,3.36759103023993,3.88856781644032,4.07563411432837
"2008-10-26",0.747934490819491,0.851644844132229,0.999905469207952,1.2721246672001,1.73273158071034,2.64635361571043,3.01332550047974,3.36806131140112,3.86545788044105,4.04130168136688
"2008-10-27",0.706473121582972,0.800351354878627,0.936449752695579,1.19246981929317,1.64554792279893,2.63146107422736,3.06249058647793,3.48887822457569,3.99675262783961,4.06087811346974
"2008-10-28",0.567631285083018,0.691635003127657,0.868165841518094,1.18992128752109,1.72678707872567,2.75854739421265,3.1580434749399,3.53465245987158,4.04716829816252,4.22561624500033
"2008-10-29",0.45427577955007,0.584182277042798,0.769084879059446,1.10599899613409,1.66784019730654,2.74623081846361,3.16317192422543,3.55584269489479,4.08962011515948,4.27537233332322
"2008-10-30",0.410039516993303,0.544048511259335,0.734868374316621,1.08281339199718,1.66383971027884,2.78246218744408,3.21648292940869,3.62620175717817,4.18465493241523,4.37924359112378
"2008-11-02",0.472779419680871,0.577805648796369,0.730469646350899,1.0190066489413,1.53434015669362,2.68098257077829,3.19624519156065,3.71703871623137,4.34698935112494,4.39941118048188
"2008-11-03",0.502977372532004,0.594385369545341,0.728096561521947,0.983673047042658,1.45032726625356,2.54686674444575,3.07445021338721,3.63890456046353,4.36314372819998,4.334318674808
"2008-11-04",0.485157645171869,0.575008036215014,0.706223407807343,0.956294675017473,1.41030379328617,2.4626748057906,2.96102615838464,3.48830419566116,4.17185342052883,4.20000756266572
"2008-11-05",0.409488907818885,0.500964645834968,0.634546232039178,0.889101039694584,1.35115105672199,2.42147866883124,2.92780461978075,3.46279964842554,4.15228075003252,4.17566519085288
"2008-11-06",0.373270947473226,0.462905892857547,0.594149990049891,0.845443417855344,1.30583946606749,2.39698118429207,2.92774833467584,3.50117063617998,4.24797683505889,4.20648979054862
"2008-11-09",0.377705519592991,0.466196288976304,0.595961636058417,0.845095164649051,1.30395382431006,2.40573275848912,2.95028008716469,3.54619198929002,4.32614650841105,4.23193644924314
"2008-11-10",0.367113494740166,0.45483962098929,0.583570082792519,0.831012292572135,1.28782328004989,2.39102096881852,2.94007961794583,3.54424273769712,4.33505296388955,4.21029791439453
"2008-11-11",0.305808256994372,0.39289529855769,0.520694522852773,0.766370042378262,1.22001014039626,2.31621114785411,2.86233096583702,3.46406386588563,4.2571541766986,4.14130969470475
"2008-11-12",0.288986552232365,0.374744649909788,0.500657324704065,0.742928590418889,1.19112068286861,2.27979125667994,2.82632337255171,3.43388549044566,4.26349663310312,4.18056195018896
"2008-11-13",0.362576302243393,0.447033625592684,0.571141055378692,0.810303747846211,1.25411733349083,2.34132464545526,2.8938178315957,3.51647716048646,4.41019523979501,4.37320814791077
"2008-11-16",0.343985515702191,0.427941288969524,0.551310356922352,0.789045635410085,1.23019449020657,2.31079011046877,2.85988645582858,3.47871689353284,4.36747663653851,4.33232030132652
"2008-11-17",0.293795075159058,0.375255011031413,0.494971705771342,0.725721920318322,1.15411127723267,2.20484823302571,2.73983405156801,3.34418540863107,4.22046005008247,4.1972772572624
"2008-11-18",0.293620390178605,0.369642490813735,0.481470186387516,0.697373643614255,1.09955636096038,2.09520316370844,2.60893716955584,3.19802823492073,4.09903020387625,4.1321683098605
"2008-11-19",0.24353749606697,0.316191622044329,0.423073111234817,0.629455452161369,1.0140117570222,1.96680206750544,2.45903811861449,3.02434090908412,3.89446964212388,3.93454932626626
"2008-11-20",0.178195677135247,0.249453721038112,0.354116990639078,0.55566200920933,0.92926536269991,1.84452724644794,2.31256510817715,2.84903129724091,3.72451906476524,3.91518257741232
"2008-11-23",0.138465804069223,0.229525195228629,0.361361155179448,0.608889308621268,1.04607934153149,2.00436091055442,2.43778813475693,2.89551275033287,3.62196326879751,3.90123406895634
"2008-11-24",0.145990049264328,0.251229512808919,0.402369035851761,0.682124637461377,1.16285640125176,2.1508339868224,2.56457864594648,2.97664894817051,3.57719650622482,3.79436887242247
"2008-11-25",0.163925184398071,0.262803060265537,0.404862354975984,0.667993058673771,1.12075840044712,2.05413000724194,2.44643355073256,2.83819451475524,3.41121027184174,3.61889974850978
"2008-11-26",0.150402955843563,0.245437406350352,0.382067374392795,0.635443743588003,1.07242479900908,1.97805788931114,2.36110904748904,2.74541230319652,3.31110370678694,3.51697783518847
"2008-11-27",0.123106521537494,0.216453422475945,0.3506597035278,0.599549529307989,1.02881983726866,1.91860222420419,2.29501428614476,2.67270526436792,3.22876205820377,3.43115324997391
"2008-11-30",0.173762788444976,0.240333096981096,0.338121199254491,0.526443570713978,0.875459979676432,1.72747520162481,2.15835589721074,2.6414483214524,3.3234234106528,3.28458372679585
"2008-12-01",0.171956490978279,0.233409319073354,0.323765759252459,0.49807550021678,0.822252945410448,1.62127584166642,2.03101424103434,2.49769357174954,3.19560331907108,3.20455639061839
"2008-12-02",0.162558350893601,0.222655504279645,0.311052574234363,0.481701177955434,0.79951896927883,1.5859224936947,1.99145785679208,2.4562814882311,3.16735497954437,3.19585169464024
"2008-12-03",0.151084975169027,0.208959811645016,0.294134659190434,0.458725938982979,0.765879891457366,1.53010309774678,1.92732188479552,2.38664135404955,3.11115505646446,3.16614834696332
"2008-12-04",0.0947515172190782,0.154489389536578,0.242323729365595,0.411766590911252,0.72689082996909,1.50365014288364,1.90207683003941,2.35613435303516,3.03805561634096,3.05291645704019
"2008-12-07",0.069914284473688,0.133430644109389,0.226768400675512,0.406645620414754,0.740487683100429,1.55874878753683,1.97506307015438,2.44518335326921,3.12843830964928,3.11681476209791
"2008-12-08",0.0692243156178594,0.13403332911845,0.229265345312805,0.412774633901556,0.753288319921136,1.58744198010521,2.01151156643877,2.48998169355062,3.1833767911846,3.1694787860336
"2008-12-09",0.0630193035777397,0.125205357546786,0.216592792177519,0.392727467003899,0.719684612706842,1.52149170302591,1.92975472481333,2.39121168883863,3.06437077852055,3.05631216030934
"2008-12-10",0.0577183471756499,0.119353558821742,0.209974070947681,0.384779495184459,0.709831074640255,1.51076267138032,1.92138128567945,2.38909214727907,3.09051100450924,3.10510729889137
"2008-12-11",0.0594566424173127,0.118412525311033,0.205150576461609,0.372665814851022,0.684913691402368,1.45940577696794,1.8602520742006,2.32170019195609,3.03992831298135,3.08604264643203
"2008-12-14",0.0644481831985504,0.121670032308425,0.205896395685814,0.368699082119922,0.672685778722331,1.43024769240498,1.82496760231944,2.28275073556868,3.01352751026975,3.08155298426877
"2008-12-15",0.0627179544929005,0.117250093356997,0.197539024915404,0.352806705137265,0.643010798136298,1.36818367403498,1.74747954102821,2.18924275707448,2.90457798634129,2.98276962182347
"2008-12-16",0.0590733017066357,0.108810286609366,0.182046934109048,0.323703583991875,0.588570819859792,1.25113846913224,1.59821788784331,2.00314692096012,2.66267006589577,2.73929174578762
"2008-12-17",0.0805267888223709,0.12954852482691,0.201703214936307,0.341166265560671,0.601549266721488,1.25027211099059,1.58813909556615,1.97977531936818,2.60350364494239,2.65931958320734
"2008-12-18",0.0523019014691763,0.100706734347345,0.171914069828113,0.309408473772303,0.565596339565446,1.20034551905144,1.52834938029632,1.90526982960405,2.4882042257139,2.52110772206581
"2008-12-21",0.03459573120898,0.0839837780803489,0.156648220983767,0.296993745837468,0.558636666615702,1.20788121223631,1.54411010160529,1.9314447464134,2.53589504004179,2.57672710692021
"2008-12-22",0.0535917641075534,0.105123046715271,0.180927326504042,0.327289908061682,0.599971057961215,1.27537987703447,1.62424437392197,2.02494707100209,2.64367990739413,2.6775257346917
"2008-12-23",0.0398040375916455,0.110350021372609,0.211939638474256,0.400879669772204,0.728545657968781,1.41646394277744,1.7119374655289,2.0117947637844,2.4603057426547,2.62528480272977
"2008-12-24",0.0414597137906116,0.112815729536476,0.215492907086223,0.406197251608321,0.736063202489849,1.4244075182378,1.71793475393382,2.01420920973608,2.45399862540264,2.61493965972255
"2008-12-25",0.0451461079248118,0.112342536582925,0.209370874870784,0.390691106586417,0.70804684453552,1.38885248211288,1.68891165543774,1.9994600621467,2.47740192321772,2.65681928521615
"2008-12-28",0.0499577484292691,0.112903342594442,0.20408336816265,0.375435131090284,0.678617836601722,1.34598061760206,1.64936929392551,1.97106065357778,2.48485183993275,2.68338466082748
"2008-12-29",0.0535446008540914,0.114126416920504,0.201953526808468,0.36724094267714,0.660505934580855,1.3103262792916,1.60811300755049,1.92588067498803,2.43855056911915,2.63830860632882
"2008-12-30",0.0651295523060221,0.123581455774083,0.20856472576069,0.369282416566436,0.656919943111188,1.30422934440417,1.60341861498832,1.92040549912497,2.39915941754969,2.55346843796412
"2008-12-31",0.0857520589420693,0.143762432814186,0.228572322628996,0.390530114897189,0.685810789068561,1.37881451573759,1.713623759967,2.07690990141804,2.59897544616279,2.68341006716218
"2009-01-01",0.106395873595568,0.162535013189141,0.245063207158602,0.404218125852248,0.70001429269718,1.42782200761207,1.80018501848032,2.223336908897,2.85264152751567,2.85941871682452
"2009-01-04",0.109358726728365,0.166311733547625,0.250084764092247,0.411809389312582,0.713018469194355,1.45843022009114,1.84293318473744,2.28384083947721,2.96000149148451,2.99023700423025
"2009-01-05",0.109049646024157,0.166115085692727,0.250072724323926,0.412221024248651,0.71447365785311,1.46419761830856,1.85220454267514,2.29877450844055,2.99247567639699,3.03389126243318
"2009-01-06",0.10620046281953,0.163413597841022,0.247571955481602,0.410049901612499,0.712697690015574,1.46191135348038,1.84855314659535,2.29214000950583,2.97361099038318,3.00546203264822
"2009-01-07",0.10454585311194,0.161461197623043,0.245209710857275,0.406995136380025,0.708726913255091,1.45822498370012,1.84691193292749,2.29530379024822,2.99762153700273,3.04662034189679
"2009-01-08",0.111052379213077,0.16521335615926,0.244977493447179,0.399306125027299,0.688041721888849,1.411491588989,1.79131546538922,2.23550531005172,2.96427631208314,3.05409650983439
"2009-01-11",0.111863148278429,0.163099372598032,0.238614106119668,0.38492417787939,0.659429786410197,1.35253899266585,1.72040404550788,2.15576773407076,2.89864827834969,3.02321753600689
"2009-01-12",0.115857429914415,0.164538684351774,0.23634190594561,0.375651050928651,0.637745763391097,1.30453971946843,1.66221299453885,2.09045570648457,2.84913083390431,3.0086567249766
"2009-01-13",0.127492543632285,0.174055394223197,0.242766775650159,0.376193491233546,0.627672966528681,1.27077100142461,1.61840276893949,2.03845657238581,2.80865261675242,3.00818829598223
"2009-01-14",0.125009785320859,0.170354235389402,0.237259197275476,0.367147995374605,0.611841438717832,1.23670995310299,1.57377050575117,1.98000309494807,2.71752205079269,2.89790383411959
"2009-01-15",0.125245787143989,0.172630646953532,0.242495158424104,0.377949567701215,0.632436278166634,1.27740173492933,1.62150728669059,2.03107342698817,2.74278549380626,2.87650748573887
"2009-01-18",0.108127809208163,0.158708299475034,0.233208806051685,0.377386318734684,0.647254919436256,1.32428140096371,1.68035631115304,2.09756440178779,2.78623827494773,2.87555932019923
"2009-01-19",0.0922888118697616,0.144876892977573,0.222298882200945,0.372005838511817,0.651753326577455,1.35034643892758,1.71538692906581,2.14005668338219,2.82461565182066,2.89511812004172
"2009-01-20",0.0962936013503596,0.149839669278087,0.228691022779509,0.381228408435061,0.66651742542072,1.38068174795839,1.75515122603234,2.19246758147174,2.90668991873503,2.99112939727379
"2009-01-21",0.0944810139015208,0.151899261549671,0.236445684869604,0.399975417029088,0.705729623668901,1.47048419674896,1.87100627266679,2.33813856677717,3.09775407046216,3.18384005278829
"2009-01-22",0.0829146687076838,0.141042276388254,0.226662250986894,0.392370318378388,0.702584468914854,1.48116031689761,1.89091791528773,2.37142795045486,3.16739397378316,3.27491976398373
"2009-01-25",0.0933924989987464,0.151617810364223,0.23741787895385,0.403601344812165,0.715186990162918,1.50051372961393,1.91628884365458,2.4070433176243,3.2375177219026,3.36960938656186
"2009-01-26",0.115393667531854,0.173090493361633,0.258123922731136,0.422865012218075,0.731907436142975,1.51192845055111,1.92571173611082,2.41516147442638,3.24907522701075,3.38781769692602
"2009-01-27",0.135097014518747,0.191867187547101,0.275509718040549,0.4374676799038,0.740952717086937,1.50462089168114,1.90798652134344,2.3828403516699,3.17906776520298,3.29665797820838
"2009-01-28",0.164470429370421,0.224697005997168,0.313389958470189,0.484979456853914,0.805951192258039,1.6097466050434,2.03140457192412,2.52400519434135,3.3286417079664,3.4223555657414
"2009-01-29",0.18060720047272,0.244488101551317,0.338555954594704,0.520520643581786,0.860811387472497,1.71237765481804,2.15864106419653,2.67939694673588,3.52674788387893,3.62160105657653
"2009-02-01",0.195907087994196,0.257272249768037,0.347658862066928,0.522584249738664,0.850020571584764,1.67154029476878,2.10363338601097,2.60988499206955,3.44471956998454,3.55079982365511
"2009-02-02",0.215312281579554,0.274552326038668,0.361828149150767,0.530801004552531,0.847351621079866,1.64331003035349,2.06324892035989,2.55690425699541,3.37971214461071,3.49369151988982
"2009-02-03",0.235410741356985,0.298258343152542,0.390836301828994,0.570029881875368,0.905558287431092,1.7480684478525,2.19169586599172,2.71206609907521,3.57309909001958,3.68507598143559
"2009-02-04",0.237903631147878,0.301562479872301,0.39531659856268,0.576720633910367,0.916136803418842,1.7666793709864,2.21324348546064,2.73537660750903,3.58993164019263,3.69006029913186
"2009-02-05",0.218341804211694,0.283257763596033,0.378824255878095,0.563598278830116,0.908801730415919,1.77030447734154,2.2199999116823,2.74242478976258,3.57914989510803,3.65644688828172
"2009-02-08",0.243538625792247,0.308656864698449,0.404522321936284,0.589878414081538,0.936183905556017,1.80052389210257,2.25175109883601,2.77599490638811,3.61553684826414,3.69240719760194
"2009-02-09",0.263261522086038,0.326121009151479,0.41869540463426,0.597808061785327,0.93290279891856,1.77236372328154,2.21290195702563,2.72768378584188,3.56807752969775,3.6632617372753
"2009-02-10",0.239990711759039,0.298710208279498,0.385223804943544,0.552737207513862,0.866614677656758,1.65625508757283,2.0731444434561,2.56355013986566,3.38240362451331,3.4967736189527
"2009-02-11",0.265445972217523,0.322867808202375,0.407476845988955,0.571328152789014,0.878440608982486,1.65171784236279,2.06044624938979,2.54184989714678,3.34872446346499,3.46442670292029
"2009-02-12",0.260421519458337,0.319535931052677,0.406630166097835,0.575263551577193,0.891222826101036,1.68597638273773,2.10546309760936,2.59877381752829,3.42142627549574,3.53471280783754
"2009-02-15",0.256883537040304,0.314590693050877,0.39965305702156,0.564497825428673,0.873912218134985,1.65603000217039,2.07171853412696,2.56431429115309,3.40688456531765,3.54765201148803
"2009-02-16",0.267484090026796,0.322143378693332,0.402766053934639,0.559193116306128,0.853516581097741,1.60241327585025,2.00415328279644,2.48508471569911,3.33537844581581,3.50972779158811
"2009-02-17",0.282824055853129,0.337027060697083,0.416973044874008,0.572074168293143,0.863852520893003,1.60590911452817,2.0036906372688,2.47947572076461,3.31798922882498,3.48617376682807
"2009-02-18",0.283095368630447,0.342068050740373,0.428959093817254,0.597218704898031,0.912551838443402,1.70623253203881,2.12551835454211,2.61904914361763,3.44438657866719,3.56030698327196
"2009-02-19",0.290143138661575,0.349411031215778,0.43677701863295,0.606096665240266,0.923950383049017,1.72766846515291,2.15502888922891,2.66168819013805,3.52940725858292,3.67523633868055
"2009-02-22",0.287622121724154,0.345703564618989,0.431332637197463,0.597328223798379,0.909102297348157,1.6985566714945,2.11916266746651,2.61889399932728,3.48079430926334,3.63254254010283
"2009-02-23",0.283601426814683,0.342491986109618,0.429245416241119,0.597180264161389,0.911683199538237,1.70174554837889,2.11797579757675,2.60641946621775,3.41488805636871,3.51865696496155
"2009-02-24",0.291945409996953,0.354293073315957,0.446025306561558,0.62319950083334,0.953500596602349,1.77304401863517,2.19734383125403,2.68584474735055,3.44502585264304,3.48980354545009
"2009-02-25",0.271184241014168,0.344877591533883,0.452503418696653,0.657659036169988,1.03042888163554,1.89900614284104,2.31600160948409,2.76817960065798,3.44058001234808,3.59815952796664
"2009-02-26",0.194383736839817,0.287316860924954,0.422310302020218,0.677145677828313,1.13126842388725,2.13687709248227,2.58679104376621,3.04128467594128,3.60457497609726,3.67762204630969
"2009-03-01",0.18243540013261,0.268059125614806,0.393085038640112,0.631299103953905,1.06353525496042,2.06353562271091,2.5354185402418,3.03212187892167,3.65915660853406,3.66169391061944
"2009-03-02",0.190592297708659,0.264319917789517,0.372606053238709,0.58109108106151,0.967268965865585,1.90862145045708,2.38367038799557,2.91499731709707,3.65833259779556,3.6078326587863
"2009-03-03",0.174124332914698,0.251039392919505,0.363920282150633,0.580949942646078,0.98182732639015,1.95158962350638,2.43568566339794,2.97066712657865,3.68811440178744,3.60619619949596
"2009-03-04",0.175837546587223,0.253601643145668,0.367670095221222,0.586784792660114,0.990810939773013,1.96426708271754,2.4481454716495,2.98174500994319,3.70764794061582,3.66513727830252
"2009-03-05",0.151361090157886,0.22884824944252,0.342353475906118,0.559846834710363,0.958915548230417,1.90833674192742,2.37247410008035,2.87624071289863,3.53826285017407,3.49962308664629
"2009-03-08",0.149527928629637,0.229541443566857,0.346495240273525,0.56973591617933,0.97624979056456,1.9249968488487,2.37750631080083,2.85788564583472,3.46672477340293,3.44899939198553
"2009-03-09",0.172176924438985,0.255368586873265,0.376824973189049,0.608178004432299,1.02776677935719,1.99764252557199,2.45510049728955,2.93704058960644,3.55340420262153,3.57190100924122
"2009-03-10",0.195336747494954,0.279514583416503,0.402426579687271,0.636612481541205,1.06160034760911,2.04628215290944,2.51301371087691,3.00858321288767,3.66987322882066,3.72963038357694
"2009-03-11",0.183929986487563,0.268803362343798,0.392393002752814,0.626738101133252,1.04808972439788,2.00348586899694,2.4455785869621,2.90810417607786,3.54009634570699,3.66187728084779
"2009-03-12",0.154276305051135,0.241069613855259,0.367247779149101,0.605806645037428,1.03232168922174,1.98645794005478,2.42093254227511,2.87010658210609,3.48011893555997,3.61278080324934
"2009-03-15",0.157856912315887,0.240596296146543,0.361239867551794,0.590544035968677,1.00475696128344,1.95476588878096,2.40064235559124,2.87259082533557,3.52658746476245,3.64455999199867
"2009-03-16",0.165609888812797,0.24937619797497,0.371683638873935,0.604711435331648,1.02762058392265,2.00840668055565,2.47469724535884,2.97274114468052,3.66159526827226,3.76015328448899
"2009-03-17",0.157133542368997,0.245143890733046,0.373451621929908,0.617247744691981,1.05735612378272,2.06487182468289,2.53633153212861,3.03354626238444,3.7133524841235,3.82691743729742
"2009-03-18",0.179514164317334,0.242209977629182,0.334345294274956,0.511933030611497,0.841748808079477,1.6537832288969,2.07185450760049,2.5543620778943,3.35649022898004,3.54224901069587
"2009-03-19",0.170976657260631,0.238072124374973,0.336421154560585,0.525129408823469,0.872539504408815,1.71015776318228,2.13119501562686,2.6088107774162,3.40085189559437,3.6366976243462
"2009-03-22",0.168658106716183,0.238164966367605,0.339962280447797,0.534995948462314,0.893029673201485,1.75064340596386,2.1787567734837,2.66244217682783,3.46901888095393,3.72941082595167
"2009-03-23",0.164155391745168,0.233797220693138,0.335726373294708,0.530790070077812,0.88809242161465,1.73952236466417,2.1620576757755,2.63746341060758,3.42900957073898,3.69239521152728
"2009-03-24",0.142006928337829,0.218277451218107,0.329521909587529,0.541099205014982,0.923959824031186,1.80889902075378,2.23142093999428,2.69087175972479,3.40943010512982,3.63694286133752
"2009-03-25",0.128329967702212,0.203507518270908,0.31357069381891,0.524292564935939,0.910486573488147,1.8299226092314,2.2834914624603,2.78714883594097,3.56636464961064,3.74524958415122
"2009-03-26",0.0856548029347198,0.169463977093212,0.29124920162333,0.521355208398482,0.932497877424947,1.85487010045416,2.2803533643213,2.73168765523885,3.42389205295394,3.659867802511
"2009-03-29",0.0873046876296805,0.170243208891303,0.29084701561107,0.518991912676245,0.927506220185605,1.84767427264894,2.27319011856989,2.72376504549466,3.40036317509216,3.61366621778042
"2009-03-30",0.132892673712992,0.205683909249623,0.312356148450331,0.516929610177463,0.893041953926579,1.79459154128182,2.24206523975113,2.73948642800962,3.48560694923889,3.60095268544045
"2009-03-31",0.176673982682657,0.241870849012654,0.337804133926077,0.523123895999163,0.868729812126779,1.72705795998897,2.17203602615634,2.68511043270947,3.48658762713222,3.53859282739789
"2009-04-01",0.183581621994119,0.24802829729039,0.342856179427612,0.526035089635905,0.867627107087499,1.71582900515516,2.15542797903947,2.66210969156224,3.45228610535339,3.50150507880761
"2009-04-02",0.175530763827307,0.245213697265719,0.347648726442761,0.545181636986251,0.912257522541941,1.81510167632599,2.27673220235744,2.80090818518269,3.57758955308994,3.58142575906991
"2009-04-05",0.167993097948751,0.244033779352035,0.355585488906565,0.569908759533523,0.965289008964299,1.91967019187082,2.39587157031859,2.9242447069827,3.6700894814127,3.67589770281251
"2009-04-06",0.160051130891801,0.238372434655988,0.353213676940307,0.573664139581993,0.979643455613512,1.95527722588474,2.43929364475352,2.97347282361586,3.71959957080727,3.72701132806228
"2009-04-07",0.150985435574155,0.226646229173894,0.33774574116593,0.551561292169534,0.947321399308798,1.91067199969222,2.39645928630217,2.94051134741765,3.71872971693592,3.71009723919566
"2009-04-08",0.156654899324252,0.232852754636475,0.344550441457827,0.558867311301255,0.953217381455138,1.8993685161918,2.36834001988638,2.88662879002061,3.62694335440286,3.67251986572626
"2009-04-09",0.154990912017956,0.234194330955609,0.35018117791784,0.572329820926877,0.979660075668109,1.94853093756182,2.42370437464182,2.94431364114441,3.682451608943,3.74681147584599
"2009-04-12",0.151489900841383,0.228680685162242,0.341902370840975,0.559378397598731,0.960396877050335,1.92776457344678,2.41057448080218,2.94749080522501,3.72267304938651,3.76608971753121
"2009-04-13",0.145167708301345,0.217788590848527,0.324543273149682,0.530409854694471,0.91299310085944,1.85424216675329,2.33583471003657,2.88333910840066,3.70096072866502,3.71768127695601
"2009-04-14",0.129214376799281,0.199383716279951,0.302586820860736,0.50178632773304,0.872659299569863,1.7895746230521,2.26188485718119,2.80264122918277,3.6274805738955,3.65926869934108
"2009-04-15",0.103405332631435,0.174835883848579,0.279788216655103,0.482002005642888,0.857176131356931,1.77687092363421,2.24590201573999,2.7788508120624,3.59222112520798,3.66216866842845
"2009-04-16",0.0884212943660689,0.165364984120321,0.278128263751112,0.494400752862901,0.892070866430366,1.84530945881548,2.31813793813857,2.84283404700317,3.62015917605529,3.72333237451202
"2009-04-19",0.0867927568082039,0.165467360896632,0.280645640390531,0.501134339178824,0.905059161401859,1.86438803767981,2.33477747459205,2.85161251415341,3.6067039948757,3.71650857431881
"2009-04-20",0.089565227343449,0.168270278649604,0.283492156773084,0.504059465434891,0.908099656138502,1.86733300262739,2.33722841263655,2.85266009702922,3.59862842641304,3.69629189336732
"2009-04-21",0.0849303474555011,0.166245754127737,0.285234505659088,0.512824526519603,0.929038731325137,1.91285292656555,2.39188100037959,2.91406673815903,3.65679547568617,3.74492531980877
"2009-04-22",0.0656015483957015,0.150610820966376,0.274822113781603,0.511782781432307,0.942942696600801,1.9496966268772,2.43286362868754,2.95391538311852,3.69351621223416,3.81176445013995
"2009-04-23",0.0610829188597128,0.144098782133589,0.265580896018123,0.497956824335186,0.922980363608762,1.92788773514491,2.41727922839712,2.95070548086889,3.70757041208922,3.7934275106337
"2009-04-26",0.0655803761722586,0.144431253981574,0.260093460571447,0.482277174106133,0.892056048309901,1.88117063616999,2.3753698828859,2.92578422417366,3.72636319853162,3.78030690417654
"2009-04-27",0.0649307942341967,0.143841792413376,0.259622695037997,0.48214057533629,0.892932818820585,1.88711179422789,2.38572384973474,2.94338016213507,3.76596777260907,3.83331583805986
"2009-04-28",0.0484093454793317,0.134846228402842,0.261291229287292,0.503016088622119,0.944645191882422,1.98633872683774,2.49261135665418,3.04440764117298,3.83845733186005,3.95443418166109
"2009-04-29",0.0538896611203088,0.128553752507817,0.243667340675243,0.479935145817816,0.948677704630733,2.09041237969314,2.60196361465709,3.10533779392902,3.79796915409498,4.03756266696882
"2009-04-30",0.0763824867811037,0.139173119893798,0.240240020470709,0.458973615200728,0.918544139084221,2.08706982293247,2.61206744069015,3.12275920941153,3.81355361907212,4.0507900755353
"2009-05-03",0.11419368310541,0.169825213870797,0.261892100608495,0.46765384685406,0.91451742965681,2.08221881299554,2.61144701746527,3.12628529178052,3.82129163505906,4.059722391507
"2009-05-04",0.143017533273707,0.196246335997081,0.285483691418855,0.487706834158866,0.932429165729327,2.10233001128266,2.63166131573333,3.14486674672462,3.83488401942471,4.07125841568155
"2009-05-05",0.142657079611324,0.198708579861425,0.291567764751688,0.499209589786741,0.949671089504314,2.12005346967993,2.64651376128726,3.15599559696331,3.84026903806785,4.07462285855401
"2009-05-06",0.141498899716619,0.200355827049667,0.295993661029369,0.505473027852625,0.95209360273876,2.10917023555652,2.63623363073871,3.15263563886181,3.85562596278229,4.09754558645592
"2009-05-07",0.139793976913641,0.202053141706401,0.303493409766015,0.526269394352404,1.00191964540228,2.2306007261539,2.78698412309064,3.32960390755959,4.06473285757157,4.31728196505513
"2009-05-10",0.142797134564899,0.199281117483313,0.292892923104484,0.502719246216171,0.961228105627406,2.17734878087556,2.73768002940846,3.28873550855187,4.04061664287777,4.29949433807163
"2009-05-11",0.143671146439188,0.194503138689849,0.279634096496753,0.472970446076607,0.902511522297969,2.06981314068363,2.61890657040968,3.16559731391307,3.92042725859423,4.18139248499324
"2009-05-12",0.146264645784392,0.197794574072953,0.283780277153283,0.478256284096173,0.908509112688687,2.0732130028837,2.62007809740642,3.16422188555489,3.91525309708133,4.17488209035948
"2009-05-13",0.170341362702545,0.212687074819299,0.286999993520453,0.464163827625186,0.875423389251059,2.02585500661114,2.56906148768015,3.10747263611645,3.84558728717801,4.09999524167371
"2009-05-14",0.125436515173992,0.174693549141677,0.257610286366461,0.446874847920663,0.86887925848302,2.01420909774145,2.55013886163815,3.08130638133838,3.81103830022554,4.06285135219622
"2009-05-17",0.110753799947197,0.165406549046544,0.255944341866873,0.458780225098801,0.90178557141725,2.07622178714221,2.6172225250917,3.14922780508472,3.87508315660986,4.12499744638061
"2009-05-18",0.124269773527936,0.176993749497528,0.266447087801598,0.471827793925005,0.929404141418475,2.14710258001908,2.70101547635789,3.23895298473801,3.96292858878518,4.21098651271448
"2009-05-19",0.14271408733249,0.184801348864079,0.261839564366977,0.452145390319448,0.902652935790747,2.14257765467612,2.70598558019539,3.2480319987012,3.96916705314597,4.21525149975354
"2009-05-20",0.185290957821463,0.207168098553689,0.25950894165097,0.416111762892826,0.837727020225662,2.08008691241837,2.64948402044941,3.19317716382549,3.90902750919788,4.15244515216211
"2009-05-21",0.154979668183197,0.184395032109856,0.248228116136084,0.427675718138955,0.890837195595559,2.21106913337773,2.80484312470144,3.36698430073446,4.10234317169082,4.35198759102272
"2009-05-24",0.138922779920718,0.172454479556539,0.242706096750026,0.435157996161647,0.921871510315332,2.28136104570836,2.88406672453623,3.45048076497868,4.18715557229258,4.43688272655381
"2009-05-25",0.14474116477296,0.176669379362754,0.24546790785883,0.43737471436349,0.927231740314195,2.2939864169545,2.89565568706369,3.45809450494978,4.18621852024102,4.43274961798314
"2009-05-26",0.155575719586237,0.182359871239947,0.247284689376009,0.441008299414346,0.951852889006098,2.37353995562041,2.98598537642097,3.54939871076882,4.26910496653848,4.51199426856717
"2009-05-27",0.151118053911126,0.177523885439191,0.245752354314796,0.455069026707498,1.00972770309631,2.5194802849115,3.15033263969542,3.72016061684949,4.43821057788545,4.67983524507466
"2009-05-28",0.1518828415808,0.173204469794811,0.236644040112903,0.442609180088833,0.997967248855595,2.48285650658859,3.08466506341647,3.61848297986767,4.28271294012151,4.50568784969433
"2009-05-31",0.14998439261042,0.167060403630721,0.227371576018156,0.434530588271504,1.00308993212404,2.50744424703185,3.1046720127785,3.62812246405567,4.27439417056102,4.49104946369133
"2009-06-01",0.155953012178371,0.164423699726788,0.217397478985045,0.42324552119163,1.01181784696043,2.56688380753642,3.17278530832831,3.69775903789991,4.34125674171761,4.5567347071931
"2009-06-02",0.151938882621492,0.159423548485426,0.210676176039027,0.412556163917361,0.992734626314272,2.52929563465828,3.12845130756491,3.64766285281819,4.28413408864986,4.49726042758105
"2009-06-03",0.108676850093617,0.134525162626745,0.203387992284564,0.416377131192972,0.976355269109403,2.45298459973054,3.04855173443268,3.57625263085292,4.23257862657498,4.45288867967655
"2009-06-04",0.13966613157201,0.154736146783396,0.216273067783513,0.435381990412258,1.04015124359698,2.61098933013762,3.21962006178485,3.74635049535311,4.39173183402483,4.60783159257625
"2009-06-07",0.124129418882419,0.167585979205262,0.270635974873883,0.5637173964699,1.26712521655618,2.86959757711854,3.43598640534382,3.90882824048199,4.47778284867632,4.66785396053366
"2009-06-08",0.0972014979429634,0.16510890894678,0.301338620794309,0.647195863797162,1.40701406257818,2.99153659588996,3.51877088287685,3.94994460641228,4.46423160051337,4.63588886076152
"2009-06-09",0.111708057113664,0.162199058516439,0.27493565354924,0.583741089521802,1.30445661111695,2.90134924171503,3.45499228782464,3.91403019887836,4.46468876527425,4.64858786176387
"2009-06-10",0.119741712566879,0.168717169694092,0.280785299678129,0.592230431288645,1.32550878086953,2.95862114751411,3.52585356670915,3.99631448643861,4.56073184823204,4.74922722524085
"2009-06-11",0.113452183499711,0.164691449928277,0.275684045769973,0.575756020575425,1.27774038000307,2.87060025310637,3.43801066919953,3.91399532353063,4.48818904670197,4.68006945438701
"2009-06-14",0.105225500494906,0.153919636744151,0.259834236683579,0.547715503713108,1.22697597156585,2.79368719684176,3.36039445636989,3.83888447992876,4.41797242794176,4.61156453176173
"2009-06-15",0.0993176759669839,0.145867616333833,0.248587330057621,0.530320465972685,1.1988756361896,2.74622584812916,3.30663062803103,3.77991679014902,4.35275410559733,4.54425794917005
"2009-06-16",0.107826596733118,0.151068210381348,0.248843959758078,0.521026547686833,1.17287464643284,2.68986230263439,3.24035867902975,3.7054590281694,4.2684620410861,4.45668030917423
"2009-06-17",0.13944816707419,0.172233471258787,0.257860362575266,0.515310410150256,1.15981339730197,2.69830669797022,3.26163607219108,3.73841945642675,4.31590282875591,4.50897175505147
"2009-06-18",0.145277917748032,0.175260904005354,0.264783990295774,0.546132043150671,1.2500436625932,2.85129884655476,3.40595674714412,3.86421309874006,4.41285034700363,4.59603269976804
"2009-06-21",0.15490951833302,0.177810501391311,0.260383478580682,0.536105201014172,1.24113485329486,2.84180749788827,3.39020801309462,3.84091951631246,4.37924585752167,4.55894287158685
"2009-06-22",0.159671970405985,0.179982190893117,0.254600235499475,0.507181384918594,1.16568280543814,2.71509911728196,3.26340562980938,3.71969773555199,4.26766430458918,4.45067908020136
"2009-06-23",0.169811097363121,0.182148130861081,0.248166230967778,0.491299163451859,1.14349342930872,2.67922303881478,3.21719986163757,3.66253593476571,4.19600023820267,4.37412336282938
"2009-06-24",0.169857337721262,0.187027091642482,0.261258492320359,0.521496425824458,1.20106399164161,2.75987301274577,3.29570439301808,3.73632876941883,4.26268694603694,4.43839063566715
"2009-06-25",0.105770001034603,0.143237214401502,0.23283421473112,0.490349355965373,1.11892678727977,2.59813956419444,3.13706205765989,3.59274073332983,4.1444823008091,4.32893986140344
"2009-06-28",0.118524158845389,0.155343018888405,0.240874562841402,0.484067467166119,1.0798784692507,2.51564972233547,3.05291535873523,3.51289530902294,4.07358667096368,4.26120362275175
"2009-06-29",0.156725693975735,0.187508194430118,0.266840189908071,0.504538437385696,1.10163835993477,2.54576633323149,3.0819669191909,3.53867818451467,4.09369831894332,4.27933737742855
"2009-06-30",0.147614705567778,0.183522401857265,0.269599843607246,0.518030393777181,1.12904471197563,2.58920517131693,3.12907419893105,3.58851903048238,4.14669837982697,4.33338919248454
"2009-07-01",0.156524063505869,0.189117744734747,0.270120917421281,0.509095035535564,1.10726997265436,2.56675713229044,3.1153190032936,3.58540036744646,4.15859043752939,4.35039556311767
"2009-07-02",0.16853635754059,0.196448162494613,0.268292048076465,0.48575192131663,1.04582491156365,2.4778818484323,3.03972369119346,3.53089129023132,4.13670431243449,4.33977443057759
"2009-07-05",0.176089684993815,0.196127238581098,0.25756100436497,0.458870530520025,1.00169267064695,2.43886831898214,3.01442351002605,3.52168831247281,4.15026549161978,4.36111998806344
"2009-07-06",0.177170717328444,0.191336126078335,0.246819501244833,0.443372836826039,0.99031954273594,2.44765237392344,3.02757555010697,3.5361177085515,4.16410563416865,4.37463595320451
"2009-07-07",0.166224149702747,0.186888450017324,0.248759052636975,0.449614825061031,0.988710948719659,2.41249435808118,2.9822000963801,3.48421446557053,4.10623912468164,4.31489383383045
"2009-07-08",0.169649877640918,0.189811274223321,0.24714426083359,0.430667179727606,0.926166992044942,2.27688319718598,2.83708643985069,3.34033816666264,3.97190601502161,4.1842525518303
"2009-07-09",0.164901549044326,0.185235376529042,0.244714562947562,0.436943469396968,0.956289913851959,2.35935628722432,2.93470631970717,3.44828089584913,4.08999313876862,4.30557182544953
"2009-07-12",0.163902667943235,0.18403963825507,0.243132786405208,0.43436931887763,0.951384802701878,2.34866698180451,2.92171832590453,3.43325607957393,4.07243111230803,4.28715776255839
"2009-07-13",0.163567479953816,0.186526541364186,0.247026824924787,0.434445454677991,0.933742655790259,2.29694574473782,2.86718035741481,3.38238829281059,4.03168412172623,4.25017621832573
"2009-07-14",0.164060799590622,0.187505468070265,0.250506739980971,0.447073250182976,0.970660114839781,2.3872748181334,2.97326014154363,3.49934635477245,4.15939674484883,4.38131225288589
"2009-07-15",0.144977364385153,0.175149540240175,0.250353046802023,0.47481469800409,1.05090263261435,2.53504794138019,3.12374772354362,3.64149010587079,4.28250932138194,4.4975169271596
"2009-07-16",0.161144694551053,0.180566189334094,0.242246193906994,0.447073529620397,1.00297986187057,2.47986937531809,3.07202815759983,3.59406316012127,4.24100962146429,4.45802857767769
"2009-07-19",0.172077316845399,0.186730913431659,0.242990710372377,0.441735612149511,0.996743800041709,2.49310655450814,3.09607575463223,3.62822718754337,4.28799715347512,4.5093286370341
"2009-07-20",0.170861656740283,0.188444170355127,0.247343935594691,0.447232933088959,0.997928413686089,2.48722361727472,3.09318653415203,3.63116482167913,4.30081100191416,4.52561355742897
"2009-07-21",0.171668668421147,0.188457728884915,0.2433848737236,0.429195637907391,0.944835379062777,2.37134031986727,2.9660101589829,3.50086400426797,4.17243273581525,4.39824303888201
"2009-07-22",0.17531333838248,0.187679225081805,0.239552603073216,0.427804400946555,0.962241312882763,2.42983017585174,3.03005128201554,3.56354964977843,4.22793036851224,4.45097759198747
"2009-07-23",0.17148765497523,0.186694165768924,0.246273307096838,0.456709396303431,1.03854559889239,2.56750435611048,3.16765184702234,3.69040079352894,4.33333103692279,4.54873333030141
"2009-07-26",0.166859666212277,0.184350491448724,0.24747709672957,0.465134985910687,1.0605333754037,2.61670031877347,3.22642286676112,3.75730852549385,4.41015277141502,4.62887332915981
"2009-07-27",0.16969710058237,0.181101062234131,0.238114430500354,0.450906624105558,1.04983524830601,2.62044577751838,3.23090992172348,3.75957097856828,4.40747055825807,4.62441859646143
"2009-07-28",0.155763021674916,0.174709251367988,0.24143925630713,0.46837097468027,1.07891260813299,2.62760897174059,3.21753720055746,3.72445251444189,4.34315319144671,4.55020637109676
"2009-07-29",0.13874298608142,0.172671878831815,0.258204562001366,0.511683159930007,1.14457205272528,2.67005599838708,3.23578939901459,3.71753992236753,4.30294105921979,4.49874028066091
"2009-07-30",0.14116463252953,0.171434461928131,0.254360418590027,0.508429096331447,1.14725916887171,2.65807602858876,3.20416397916255,3.66354363974835,4.21820283039948,4.40356883424948
"2009-08-02",0.150396057449042,0.172582192008823,0.248511162267147,0.499945422661854,1.14898569744803,2.66855395293916,3.20541852204134,3.65205879928851,4.18838793315974,4.3675148007176
"2009-08-03",0.156264070739708,0.174105416216624,0.246895029284872,0.499502486515929,1.16086648710795,2.70019636671016,3.2374280846225,3.68186326008553,4.2141511097727,4.39187917871672
"2009-08-04",0.157001955763121,0.174434797619413,0.247493956894324,0.502768108156352,1.17304401536517,2.73530654180692,3.2807889155041,3.73208472125893,4.27260139222377,4.45307729763168
"2009-08-05",0.154749527018961,0.175861768266073,0.252662765965702,0.511869124786542,1.18675766706034,2.77369394396269,3.33515768780775,3.80238124590146,4.36346917087751,4.55086617923048
"2009-08-06",0.156287712060702,0.175667206358733,0.250209735298249,0.505881155025069,1.17631637277438,2.75835772385963,3.31873642055957,3.78515271247037,4.3453053610723,4.5323908315933
"2009-08-09",0.157020756613461,0.175594649460937,0.251097152965831,0.512872773673662,1.19796548129973,2.79221216517187,3.34857485478301,3.80883148911129,4.36006655342011,4.5441209566343
"2009-08-10",0.151646363455031,0.173615102357396,0.252874392995293,0.518662084098004,1.2041970175464,2.78805553107595,3.33950464624777,3.79551335573578,4.34159807128945,4.52393135648837
"2009-08-11",0.149606566748648,0.169947967199078,0.244557218282824,0.49698518203285,1.15494421623943,2.70291665452995,3.25069277587713,3.70654062475844,4.25397265411238,4.43680887433165
"2009-08-12",0.146981494251341,0.167315705414819,0.239859285272038,0.485033718365224,1.13159535602557,2.69927313744195,3.27068844800053,3.75213721856364,4.3337376886386,4.52811543666489
"2009-08-13",0.127834395680332,0.153278320936497,0.228051661493289,0.465583404068471,1.08083412251154,2.59394265481367,3.159007185934,3.64086007481945,4.22666534600653,4.42260818974273
"2009-08-16",0.124763278418673,0.153481517419152,0.227704290760178,0.452236756931181,1.02764352206265,2.47994577159009,3.04217331138728,3.5304502589368,4.13032152258942,4.33127467127185
"2009-08-17",0.131423610835057,0.158438139220952,0.229402931114237,0.446353699368895,1.00817753219536,2.44913586377891,3.01508399844983,3.50995924693486,4.12040135063317,4.32502518810191
"2009-08-18",0.127916862008472,0.154324303109389,0.225988736361975,0.447866802082087,1.0236355876078,2.48702539632588,3.0549332155445,3.54840253409401,4.154772154341,4.35790636286588
"2009-08-19",0.138211145670283,0.156041910835883,0.21775049362983,0.427066766356172,0.99248548831885,2.44523364641431,3.00606762222167,3.49106756922193,4.08515593737336,4.28407534733106
"2009-08-20",0.134259473263649,0.150801214328828,0.211750284435618,0.421925341958208,0.990945010670475,2.43891735143022,2.99106522435236,3.4656190049678,4.04486582133372,4.23871684459283
"2009-08-23",0.136941730331179,0.149108232431033,0.207591465471311,0.421825112119506,1.01017297150271,2.48339209172465,3.03155620654377,3.49695161260036,4.06122275612315,4.24989114046879
"2009-08-24",0.132473984893437,0.147627151362089,0.209868335607009,0.429589314068391,1.02379841840312,2.50059926511156,3.04875266868196,3.51391992987586,4.07782680661133,4.26637088199654
"2009-08-25",0.123533958712382,0.145705406710923,0.214584807721645,0.438181726124887,1.02355446921733,2.47132537580648,3.01302792922754,3.47513581836336,4.03700986307948,4.22495029811544
"2009-08-26",0.123124649249093,0.152594762752129,0.229867945891962,0.463338432571395,1.05248944744525,2.48100055617785,3.01187041440694,3.46412128241239,4.01375423036225,4.19759242909299
"2009-08-27",0.12327716276728,0.147914178890652,0.221010389971992,0.453365065027038,1.05209253254278,2.50384851893663,3.03828054788587,3.49108040690245,4.03970511814794,4.2231312470753
"2009-08-30",0.124621336054833,0.144859272447132,0.212523538217146,0.437254390300287,1.02869762086688,2.47866352404451,3.01442130022915,3.46867150247802,4.01918464560629,4.20324591293406
"2009-08-31",0.124280044742427,0.14380022030881,0.207901498259441,0.420871458328276,0.987690149428197,2.41752015529958,2.96115371765034,3.42811150225074,3.99796695090983,4.18867126373217
"2009-09-01",0.126740595816296,0.141218763474291,0.197034952751165,0.393286735103161,0.934826541676205,2.3564747703823,2.9143147546646,3.40017816936931,3.99772709083534,4.19792463676266
"2009-09-02",0.11979012718415,0.137273835358353,0.195033282839719,0.389051649565325,0.916058368192883,2.30302745974681,2.85265554847116,3.33419711882647,3.92863680828257,4.12791273981514
"2009-09-03",0.115927636044785,0.136558155763081,0.198532748364026,0.399466237113095,0.935967561706785,2.33519775162978,2.88796888501847,3.37193799047681,3.96921972025665,4.16944277388317
"2009-09-06",0.118489381822688,0.137121289889122,0.198272949128361,0.402622268630396,0.953581389901286,2.38291135219125,2.94152976686103,3.42765919810395,4.02534625905199,4.2255835155283
"2009-09-07",0.117164969247882,0.136078193287031,0.19806843449478,0.405120657591016,0.963240502964678,2.41097615490307,2.97676527365324,3.46913070360085,4.07448287951014,4.27728803748795
"2009-09-08",0.117251105833754,0.133982447252946,0.193809913601006,0.399497280132927,0.961414757067029,2.42909520634329,3.00401885519402,3.50458130101236,4.12012536109316,4.32634896356266
"2009-09-09",0.113340870303309,0.129997548758087,0.188760234172974,0.390526519837877,0.944192522705888,2.40901475618619,2.99053145192782,3.50020846957418,4.12947345856833,4.34042738653368
"2009-09-10",0.108180968703138,0.125806286498881,0.183554947182898,0.377500445522218,0.906720066802855,2.31669701241612,2.88257481359737,3.38154795113228,3.99996659131291,4.20741783814422
"2009-09-13",0.107319490070127,0.121376317461331,0.176718329342915,0.372451352033179,0.913951904976429,2.33733315871203,2.89609399124799,3.38280381517085,3.98141407087529,4.18196790464449
"2009-09-14",0.0968455380908761,0.112889291384412,0.172425509538793,0.378809482026153,0.941822548264914,2.39565283328538,2.95784876015781,3.44419610688184,4.04001031264207,4.23951009036981
"2009-09-15",0.0781429740340611,0.0993892573931431,0.165607582111158,0.382137206320047,0.956991481504788,2.42074835405596,2.98411178541346,3.4709901149629,4.0672420166533,4.26688128420447
"2009-09-16",0.0628394642157159,0.0829031970620753,0.151682498255862,0.382022946861012,0.990568100227036,2.48540091305342,3.03810051144939,3.50677479873329,4.07479264727861,4.2647072101422
"2009-09-17",0.0479806906278856,0.0734439384912097,0.145264193066204,0.370214695630808,0.951763382718068,2.3963429560075,2.94270755487205,3.41150827461655,3.98339645682158,4.17477417396973
"2009-09-20",0.0595783157684578,0.0812141246505554,0.149833413273539,0.374294029373157,0.964097673054635,2.4256393847053,2.97285097631828,3.43971899809749,4.00740602591665,4.1972915971428
"2009-09-21",0.0747179321353836,0.0899205995880899,0.154090109017963,0.381344227915491,0.993007160226739,2.49117359036319,3.03907586256814,3.5010026860422,4.05913171507604,4.24566806214279
"2009-09-22",0.070848237989306,0.0890721510090984,0.154975739352323,0.379443709931843,0.977046691613553,2.45072787829634,2.99631373723428,3.45907175487331,4.01996574735227,4.20749980969994
"2009-09-23",0.0686593770761419,0.0969242189540959,0.171046424959043,0.396267435548016,0.972074524610381,2.40861640924054,2.95761728948181,3.43138242952682,4.01126382516062,4.20541151060315
"2009-09-24",0.0596655785235524,0.0881029921251485,0.162234284579424,0.386835772269009,0.960160865531215,2.38926096567913,2.93525052955314,3.40638666977692,3.9830366894503,4.17610204196246
"2009-09-27",0.0483926550230432,0.0819290572195409,0.161589876770421,0.391549218570391,0.962690600701385,2.3642448137952,2.89674870480836,3.35571042678003,3.91722006274103,4.10520838010513
"2009-09-28",0.0467265846188727,0.0839605947935117,0.168395284463084,0.40509435224219,0.980044340731342,2.35851977268576,2.87340111480638,3.31404904694366,3.85110332713975,4.0308086087152
"2009-09-29",0.0570362826964556,0.0927453583474365,0.176284294474156,0.414136625613189,0.994487795097206,2.37496206023465,2.8845275236286,3.3180385381994,3.84465067892439,4.0207815817089
"2009-09-30",0.0849880188272797,0.104643030929373,0.169145733128755,0.382721442598443,0.947176875779429,2.3501065308019,2.87590493996877,3.32459398235518,3.87021382318747,4.05271927561086
"2009-10-01",0.0530172103477378,0.0792933495770881,0.146731950289095,0.350564187625385,0.875121152423725,2.21576314650111,2.741656215353,3.20138096425281,3.76840429143229,3.95847172363006
"2009-10-04",0.0381343251785039,0.0654452535435492,0.133198495972236,0.334925458521305,0.851938748550779,2.18281900605592,2.71057265516995,3.1746848631699,3.74928960738147,3.94202022966907
"2009-10-05",0.0442781592329988,0.0697120760444001,0.136708029055922,0.341795573807558,0.873278586467375,2.23696619041431,2.77264128941646,3.24105976371878,3.81887361007347,4.01256051184221
"2009-10-06",0.0523059508238978,0.0782410365598232,0.146223170004807,0.353838720150195,0.891182334991571,2.26891524969416,2.80997037211867,3.28306707727669,3.86663922268647,4.0622558883802
"2009-10-07",0.0523068660667159,0.0741404159927197,0.135618560822341,0.330138202481299,0.845445539694771,2.19679696702138,2.73619302354048,3.21123943884124,3.79972233882701,3.99712083553904
"2009-10-08",0.0362099777770788,0.0658462607172081,0.136758032179404,0.34426849915539,0.873061137148601,2.24268135809744,2.79156203570068,3.27718532852513,3.88081880661278,4.08342727069907
"2009-10-11",0.0359789895870865,0.0640746022717755,0.134656459577564,0.346189258816767,0.890356219004652,2.29413302350457,2.85121848748517,3.34120931339289,3.94789477394212,4.15138728672093
"2009-10-12",0.0395278520526324,0.0661183310780414,0.135054498117126,0.344964377399368,0.889759334948206,2.30225210428124,2.86380029202715,3.35791435298507,3.96980199579258,4.17504309051171
"2009-10-13",0.0484996232542229,0.0699560817906851,0.133687048737449,0.33938088993709,0.887351531748237,2.3147646406752,2.87843421243837,3.37190038196937,3.98088145274148,4.18502562944938
"2009-10-14",0.0504129557459554,0.0689415299941706,0.131013670734705,0.339916333808969,0.905036410588267,2.37364700652216,2.94795487980535,3.44780028516679,4.06237956041394,4.26827704763362
"2009-10-15",0.055621661519152,0.0732582774641603,0.135746004471581,0.349309644982855,0.928196329577908,2.41817496587497,2.99372326754542,3.49150926167765,4.10128683413827,4.3054603868863
"2009-10-18",0.0589269170336649,0.0790730962190788,0.145303508227907,0.365432359311768,0.951411201850013,2.42971317949896,2.99179410655911,3.47460051230215,4.06379829155297,4.26097563222511
"2009-10-19",0.0552025053092882,0.0798031107233973,0.149556706389066,0.369150928159883,0.941185447001261,2.3830824081466,2.93610686247721,3.4137029254195,3.99843307855304,4.19420946637378
"2009-10-20",0.0511059616194292,0.0761091732860193,0.143933974545834,0.35444474231679,0.90404274656624,2.32004167173,2.87707178775375,3.36431869867358,3.96543167152677,4.16693126350837
"2009-10-21",0.0412404379130538,0.0763361697649445,0.156892103863876,0.386011744184801,0.955181536227498,2.38024986958305,2.93515242751955,3.41944770767328,4.01640138150762,4.21648788326994
"2009-10-22",0.0337415505329176,0.0649295756004664,0.142152343542146,0.370721061697636,0.949371585953154,2.39977873873869,2.95989716337572,3.4460855185042,4.04327263826121,4.24332250205506
"2009-10-25",0.0402194583950489,0.0711590235125769,0.15113302327338,0.391787574206243,1.00083764395851,2.49612040390599,3.05936571458071,3.54224720476911,4.13113873034232,4.3282009675764
"2009-10-26",0.0453992858963141,0.079591522422161,0.163853554067243,0.411349188774094,1.02930932290768,2.53492481381644,3.10053965056068,3.58518392054368,4.17610944475518,4.37384865101171
"2009-10-27",0.0410941147809068,0.0730814646405282,0.150551306158932,0.37772286689173,0.952395904055178,2.40673769108387,2.97523470076313,3.47181942488349,4.08412352577133,4.28936253674224
"2009-10-28",0.0384561048442191,0.0715974586265011,0.149254320810482,0.373311615910493,0.937100816397913,2.37288584329706,2.94004093656267,3.4383693245004,4.05512366328204,4.26198378905026
"2009-10-29",0.0220406848849733,0.0587767695301525,0.14359945160331,0.385121261681394,0.982823977297843,2.461234931153,3.02945457618864,3.52216687355056,4.12713349806061,4.32978125411011
"2009-11-01",0.01628507563213,0.0550040570663152,0.141039732278855,0.380959780571271,0.969712730035781,2.43295604704729,3.00118492109614,3.49681320462214,4.10759454687736,4.31231063670258
"2009-11-02",0.0297122967899684,0.0622718997472226,0.139425017339392,0.363456699076247,0.929334031115226,2.37368814593897,2.94469405063592,3.44649826031943,4.06759970072289,4.27591956903761
"2009-11-03",0.0407795413388624,0.0678954312727337,0.138919364000305,0.356276073299123,0.921954871478167,2.39087263216043,2.97517386620496,3.48937181644414,4.12616132890996,4.33975625380127
"2009-11-04",0.0452149036589249,0.0635041379574316,0.125418734785097,0.33514555133891,0.907065973137591,2.41531462727587,3.01341811807309,3.53750892069529,4.18451094969052,4.4014088830778
"2009-11-05",0.0576696068163903,0.0718339317535799,0.12766620886836,0.32637204644027,0.883082677339492,2.38650086768648,2.99264681319705,3.52766671232176,4.19102469012774,4.41356103557661
"2009-11-08",0.0651750756610057,0.0780704774851986,0.131130628923245,0.322724088048441,0.865479485651956,2.35431395118114,2.96300583676683,3.50398991945209,4.17767098247405,4.40383967277054
"2009-11-09",0.0653685614224149,0.0789674658104905,0.131897517980674,0.320647484470289,0.854857266790827,2.33363448095809,2.94510414965206,3.49196340605222,4.17580557928561,4.40555978686293
"2009-11-10",0.0691990804236069,0.0793060389842438,0.128050000913479,0.311378404583013,0.842062062075007,2.32761120342309,2.94418324518122,3.49607521943758,4.18645361267504,4.41841382470416
"2009-11-11",0.0668928883736512,0.0781657622730512,0.127328723064043,0.308484449663812,0.830840590844473,2.30450337252288,2.92292148934062,3.47999251059081,4.17991425165663,4.41527763009072
"2009-11-12",0.0655654196295011,0.0751471249785957,0.122097997793357,0.299783899149519,0.817819419173388,2.28725546098825,2.90501721334837,3.46172977144189,4.16132494062016,4.39658380349712
"2009-11-15",0.0650998392186941,0.0738402972241562,0.119387951775947,0.293957337672605,0.805500755103987,2.26011520108671,2.87214740024795,3.42380092120632,4.11709408214243,4.35023608848357
"2009-11-16",0.0655690050095193,0.0727550304068291,0.115889064348798,0.285522652995088,0.787639986216244,2.2223938495853,2.82703632980441,3.37223001073207,4.05751150403171,4.28796390090173
"2009-11-17",0.0609323008990174,0.0669060409899343,0.108333713054898,0.274925994734885,0.772215819442966,2.1988721169565,2.80089133663099,3.34388341590749,4.02648460646031,4.25603937138331
"2009-11-18",0.0433772597766869,0.0522599742813067,0.0978147368660388,0.271854281600494,0.78119472760586,2.22864841292718,2.83754290115119,3.3863423218723,4.07603479432177,4.30796536391893
"2009-11-19",0.0435108132644263,0.0446934947077823,0.0806704390262883,0.241179765379987,0.737932162054297,2.18688851364734,2.80160799397359,3.35673675164,4.0549571792498,4.28978009630627
"2009-11-22",0.056335097220633,0.0539049223537624,0.0863419765125031,0.244358154029931,0.744227607788427,2.20159011523156,2.81445995016888,3.36466271888686,4.05376771211472,4.28533461945565
"2009-11-23",0.0610841051318436,0.0642184259372576,0.102444078477703,0.2655614769253,0.762939373128507,2.20400254420729,2.8140544009434,3.36469621016725,4.05712891953421,4.28999916508145
"2009-11-24",0.0563205249357495,0.0640331255453064,0.105014758637033,0.26393337422579,0.737880166646052,2.13502396623241,2.74442856957063,3.30469644952033,4.01882637903768,4.2596691746867
"2009-11-25",0.0590944013961437,0.0669366315942404,0.107830267090862,0.2658214039628,0.736308119725301,2.12225815684164,2.72663645907382,3.28225142882541,3.99043231444918,4.22926789730394
"2009-11-26",0.0661387600576684,0.0744131918621102,0.114709217080828,0.268576255894137,0.726485535356315,2.08684488164528,2.68636894195662,3.24102345841516,3.951397389507,4.19122938034036
"2009-11-29",0.0770571900654358,0.0820431790861622,0.117230106582217,0.260968402475134,0.701888885894976,2.04257466675878,2.64255390794956,3.20182400955673,3.9220512904927,4.1655065838573
"2009-11-30",0.0834039386552421,0.0826018917902614,0.11078411554181,0.24530807089462,0.680116863476512,2.03415867084062,2.6448109474826,3.21511052579523,3.95019434284795,4.19870497552311
"2009-12-01",0.0810408947747637,0.0772040338252585,0.103020675071436,0.238407641588797,0.685934526788297,2.08061589710096,2.7048483317804,3.28453265672999,4.02824434487013,4.27939507234009
"2009-12-02",0.0906288901282505,0.0879117040604,0.116666061514708,0.260331650447533,0.724744122457771,2.1320545614484,2.74643850656883,3.30924638723509,4.02409653385159,4.264978406139
"2009-12-03",0.0898425103520674,0.0866940740546516,0.115571908140101,0.261529302803788,0.734876400314154,2.17124130785018,2.79858145077438,3.37331618933814,4.10334781506717,4.34934686637252
"2009-12-06",0.0808910098349828,0.0807788416142297,0.114737269064435,0.271584414300426,0.764709265268527,2.22740856763424,2.85657641077846,3.42877814021709,4.15195712823126,4.39540300782167
"2009-12-07",0.0714901001415414,0.0772540924453114,0.117641585711931,0.281186785389598,0.775014857905264,2.22625690963977,2.85360915079878,3.42696544076498,4.15446958373713,4.39958117720281
"2009-12-08",0.0693514085823603,0.0727032935651686,0.108334441537979,0.260358697052982,0.732140294126454,2.1619846188156,2.79628879976889,3.3840621883205,4.13740882323964,4.39177651823006
"2009-12-09",0.026245639935609,0.0429976037693611,0.0950677110457454,0.269853141532874,0.762708303372911,2.19887763483776,2.83240817786671,3.42084083093458,4.17734760613422,4.43300091670446
"2009-12-10",0.029920322601004,0.0483253365518847,0.103063886084044,0.283592211968658,0.788174065645162,2.25150868215995,2.89594765889657,3.49426130391099,4.26331925505517,4.52320629218174
"2009-12-13",0.0297035803733497,0.053391217888868,0.115511627565834,0.30868004923146,0.830178864231216,2.30149301870618,2.93845278808446,3.52514452496119,4.27501790438594,4.52810954417996
"2009-12-14",0.0266287625073231,0.0537737128750641,0.121653091277336,0.326837959166501,0.868051747835682,2.34973988092713,2.97483902252335,3.54279943692221,4.26158771105839,4.50367654596539
"2009-12-15",0.025111844042396,0.054945041447015,0.126479178825124,0.337814850465217,0.887877522400391,2.38206601235864,3.01065578011258,3.58139226366126,4.30347095751681,4.54665770668737
"2009-12-16",0.0265155304068475,0.0559201283145622,0.126958241063666,0.337713600465455,0.887629796507076,2.38361799090385,3.01330168395573,3.58510632838011,4.30857867344145,4.55223674000269
"2009-12-17",0.0359941387040364,0.0553425600554658,0.112238170270741,0.29821708984162,0.811844224490745,2.26721906787856,2.89352215715916,3.4674414626909,4.19788773362768,4.44418142890876
"2009-12-20",0.0415595035227412,0.0612490724019156,0.119655773657203,0.310845647141948,0.837192693831402,2.31323298593283,2.94127988168,3.51310091768952,4.23744129542349,4.48143088828463
"2009-12-21",0.0457540807392749,0.0684625590883212,0.134266064059545,0.346098019433087,0.917258954615679,2.45862611669605,3.09044874009772,3.65438310521439,4.35899441871448,4.59570255005593
"2009-12-22",0.0434856915244351,0.066874508398315,0.136092768574335,0.359749001522458,0.95863074853704,2.53831374046786,3.17012435119832,3.72681041132715,4.41655004106373,4.64791835845008
"2009-12-23",0.0319587741336605,0.0597064163275794,0.134247122097657,0.365133790505155,0.969958363075984,2.54627171595349,3.17409969741494,3.72676100354566,4.41126180522393,4.64086322694586
"2009-12-24",0.0359937482427217,0.0678615719191785,0.147947037398647,0.388003931531296,1.00560981047302,2.59892543771653,3.23124164562828,3.78740503208541,4.47602372515403,4.70699806954135
"2009-12-27",0.0450918804947498,0.0816927145368885,0.167789780364789,0.416753742361489,1.04405133734574,2.64283465429806,3.27455738044195,3.8296537159517,4.51668428916725,4.74711581425025
"2009-12-28",0.0390855785662868,0.0832496343622412,0.17835442776197,0.438829844670509,1.07326632186098,2.65726193028389,3.27841907882124,3.82329586607183,4.49721928415868,4.72323721760104
"2009-12-29",0.00878851001522477,0.0658406997826457,0.175349666378365,0.451638534066944,1.089394733592,2.64024964994988,3.2471251460531,3.78108907138295,4.44331011134759,4.66552393877889
"2009-12-30",0.0231486108289531,0.0652939078186893,0.160562996636166,0.42778037340032,1.08006566954893,2.66442605767908,3.26416401932376,3.78066898683063,4.4123982638894,4.62388946793347
"2009-12-31",0.0347493509840426,0.0712365605156368,0.16381965709324,0.438285422464244,1.12010156822028,2.74068090835451,3.33317952116379,3.83450379773368,4.44165227109454,4.64463738098054
"2010-01-03",0.0448391454095656,0.0779485404823775,0.166749154961936,0.437087215257231,1.11838834817602,2.75071544794051,3.34916387411642,3.85579699039564,4.46948519275228,4.67465986484239
"2010-01-04",0.0521762104956199,0.0782785749204404,0.157048342627201,0.409926810902592,1.06837000586026,2.69221176587373,3.29920398760347,3.8169081063593,4.44633963279378,4.65687601535739
"2010-01-05",0.0412086383669823,0.0663971775141686,0.14121413712816,0.381332273304414,1.01297066348069,2.61349243528245,3.22846680814536,3.75976416828188,4.41033126004396,4.62815380849589
"2010-01-06",0.0360335866771975,0.0570176637606144,0.12767277546641,0.365161407611925,1.00397797857557,2.64174975336874,3.27354939412897,3.81983614619777,4.48895928697889,4.7130014642128
"2010-01-07",0.0271487178165969,0.0545222360748998,0.132833153635651,0.380304872994282,1.02621542294712,2.65604323855271,3.2813739195534,3.82145528254966,4.48270569479162,4.70410281587567
"2010-01-10",0.0255671237982349,0.0464282173233795,0.117385819863423,0.356705612657271,1.00146953455108,2.65584011235847,3.29421907829867,3.84622630195495,4.52237026797375,4.74876369187849
"2010-01-11",0.0281300426058464,0.0406708749817044,0.100284271913158,0.321136475364179,0.944195892561636,2.59783355683843,3.24906270306515,3.81670019227048,4.51502004412392,4.7489859303994
"2010-01-12",0.0335195731940924,0.0465371702485545,0.104373424144161,0.316032049608351,0.913243627874207,2.51551561300692,3.15458109119077,3.71526341755457,4.40776958468719,4.63993415317837
"2010-01-13",0.0213623164652821,0.0484472615735621,0.123053922485681,0.356820283883167,0.972945537331265,2.58416213329761,3.22665495262289,3.79237535422599,4.49312395619595,4.72817814811454
"2010-01-14",0.0313803184499266,0.0491939331896381,0.112944780322613,0.332833350982085,0.937476885006683,2.53886217922167,3.17481979219744,3.73225526058923,4.42050491246987,4.65123352004073
"2010-01-17",0.0386398528356901,0.0502568977244988,0.106044551975733,0.313843559671784,0.904446170855771,2.49463370548656,3.12962609758943,3.68687595798109,4.37520941812449,4.60597750276618
"2010-01-18",0.0434261197619882,0.0525107526973723,0.105255038455233,0.309069466858139,0.896848224468452,2.49056402688807,3.12843221095494,3.68848249993418,4.38040612190225,4.61238259157401
"2010-01-19",0.0452001746467682,0.0547835317195853,0.108081614871778,0.312474348758241,0.900180119068091,2.49145160472099,3.12804751418657,3.68692541489024,4.37737441501303,4.60885554713773
"2010-01-20",0.0456088086072286,0.055034939321588,0.107649064048316,0.309551483199972,0.890245595248507,2.46272508448379,3.09182842429789,3.64413323270134,4.32646395283986,4.55522341809136
"2010-01-21",0.0393491440025561,0.0493217992579166,0.100054808893725,0.292471262648928,0.848781666636604,2.39017713757955,3.02246226570015,3.58483383631243,4.28535896497212,4.52054808896814
"2010-01-24",0.0428882350129759,0.0503948089976447,0.0982502179015931,0.287191017705183,0.842067621948127,2.39105617523548,3.0280228497642,3.59486898930984,4.3011240031295,4.53824300774628
"2010-01-25",0.0486330800354359,0.0541121275203144,0.099744805639177,0.286481030612049,0.842194261621518,2.40318110962568,3.04638092053821,3.61903100614586,4.33264641411532,4.57224170826175
"2010-01-26",0.0493777594483024,0.0562769589063045,0.102601400436271,0.287475403079906,0.835181637312941,2.38554570613519,3.03138237872801,3.60994921193486,4.33394416524276,4.57720941401821
"2010-01-27",0.0366386421921673,0.059140244139209,0.124618516831604,0.335775806555498,0.905630382503948,2.44422504359877,3.07501873356235,3.63805684541671,4.34155979642951,4.57789605519974
"2010-01-28",0.0420524046900723,0.0544100208134773,0.10844765272918,0.306605386085285,0.871648164798415,2.42667759874049,3.06312466637224,3.62891428813804,4.33355462832271,4.57011972763279
"2010-01-31",0.0690362636915499,0.0703574302052287,0.112039114259886,0.296405344549097,0.856967438902229,2.43051094396363,3.07300059604057,3.64166647224345,4.34750597954666,4.58432258064154
"2010-02-01",0.0816316143259724,0.0857386687140643,0.129594289668832,0.313593384863558,0.866029029335704,2.42415839159188,3.06702921519143,3.639553873348,4.35309703370299,4.59267139296056
"2010-02-02",0.0787529821735136,0.082829036970705,0.126491718120845,0.309731933552658,0.859942120340665,2.41186314608531,3.05218158013566,3.62243494131191,4.33314826348147,4.57177253130873
"2010-02-03",0.0684363720116048,0.0798557226506414,0.132245464560494,0.327096795637075,0.888555720999889,2.45672514577524,3.10710246393988,3.68915471398557,4.41721047903434,4.6618278104396
"2010-02-04",0.0709482473118362,0.0751773904923029,0.116981927306898,0.292202631788233,0.823163470820517,2.35712620474036,3.00590430073222,3.59137679166922,4.3275432022148,4.5751185951384
"2010-02-07",0.0840526907718932,0.0826357770873742,0.115845918101735,0.274430999967905,0.778096828907701,2.27871216064196,2.9251000584807,3.51315442157955,4.25647331302706,4.50670359198185
"2010-02-08",0.0891201774149614,0.0881628670905101,0.122039958458077,0.281870599733537,0.787658896230781,2.29222074476399,2.93998444402954,3.5292223119894,4.27400006209674,4.5247198002892
"2010-02-09",0.0744055660250984,0.0837263055178941,0.131006272632438,0.311727196678073,0.843104655102896,2.37106116478483,3.02169589139675,3.61203096133901,4.35737022617177,4.608242316523
"2010-02-10",0.0824631991303448,0.101106746673714,0.159295023889,0.353651460187264,0.894114493205361,2.41796366690192,3.06757378411891,3.65929607587718,4.40899686512241,4.66153593001629
"2010-02-11",0.0751401028183919,0.0926082661667573,0.149702592867643,0.34369783746794,0.887644521928984,2.42808418723773,3.08576613371305,3.68506033055018,4.44447788512162,4.70029576724932
"2010-02-14",0.069313736850707,0.0855373868803251,0.140185861165344,0.328285657758596,0.861064972704876,2.3912662006104,3.05286500722497,3.65982337351769,4.43272094011895,4.69334769265825
"2010-02-15",0.0762462062947597,0.0875532617677472,0.135810748049934,0.314020490820016,0.834935771468927,2.35541047872552,3.01642035733067,3.62364724705816,4.39735301147605,4.65827461363111
"2010-02-16",0.076699483749453,0.0882297764958041,0.136812855266189,0.315635693799385,0.837610515361495,2.36010758554975,3.02184024211402,3.62969630873685,4.40418371655604,4.66536795892705
"2010-02-17",0.0778015401172037,0.089745421035651,0.1411358798894,0.330365550274322,0.878253952029072,2.44177252221389,3.10586685944574,3.70805617745239,4.46816668694851,4.72400189754233
"2010-02-18",0.0917034128969008,0.106007886019192,0.16256037093353,0.365113614820082,0.939491118206786,2.53099912550874,3.18929708987559,3.77808030739139,4.51437060987037,4.76174703434779
"2010-02-21",0.093151127531796,0.104776592830677,0.159380662121077,0.36298819372466,0.947611015886348,2.56202521847049,3.22352753475957,3.81173986679302,4.54438061105161,4.79034909800405
"2010-02-22",0.0910171992541399,0.0991981422792765,0.148275544999531,0.34070684316916,0.90699263948083,2.50485763684673,3.16978850377652,3.76532035265025,4.51047216030341,4.76084321754355
"2010-02-23",0.106587124750363,0.10902157436793,0.149014169756596,0.323011627970408,0.857067363988022,2.40903721872459,3.06667361939004,3.66039685663769,4.40707400111578,4.65819002441435
"2010-02-24",0.108951422850602,0.112294881027718,0.15340301389822,0.328928196051804,0.864252752913791,2.41540900626405,3.07208749090509,3.66481939985354,4.41018269659951,4.66085398623516
"2010-02-25",0.113141314179847,0.111576417334239,0.146149964934088,0.311079521981284,0.832224460096668,2.36631107512551,3.01904459924213,3.60889336952507,4.35099080435498,4.60057914758116
"2010-02-28",0.116594264447903,0.112533194008433,0.143790206170248,0.303361906835503,0.817391325279964,2.34307709094345,2.99392333322997,3.58241331818959,4.32298504552725,4.5720681091706
"2010-03-01",0.121052085594848,0.115401861153855,0.144718873301502,0.301666659508513,0.813624354425041,2.34116143384559,2.99386455069265,3.58425220680835,4.32732789721034,4.57725809466965
"2010-03-02",0.123470603658899,0.118075815563061,0.14676656736189,0.300342575861108,0.803767095896265,2.32397722234189,2.9815756082745,3.58041102589988,4.33767478045148,4.59261354514251
"2010-03-03",0.127411271207735,0.122349188229882,0.15151228663768,0.305941792960947,0.810751485718868,2.3333699513603,2.99177136766107,3.59128808415822,4.34938617861434,4.6046046220653
"2010-03-04",0.121932385754765,0.127158291173596,0.167882276774273,0.335129690715426,0.842767047876099,2.33824440078074,2.98523648575403,3.5766542517174,4.32713848996741,4.57999545945366
"2010-03-07",0.127970724815989,0.134260172893844,0.177612076934515,0.352286212490024,0.876475904012586,2.39859772435657,3.04884377507071,3.63927183423226,4.38497198867525,4.63597638175433
"2010-03-08",0.129612603282047,0.13536637644631,0.178597766497776,0.354845314661748,0.886063775028401,2.43176111332905,3.09252147978925,3.692590488275,4.45051824216722,4.70564075269041
"2010-03-09",0.128593803925232,0.133858096063166,0.175468378661114,0.346656453751103,0.866588111326348,2.39874459217671,3.06167035963763,3.66766724204444,4.43665965189873,4.69575285241425
"2010-03-10",0.13712720994222,0.148188021999308,0.19699827754,0.378305311172824,0.907389007319414,2.43671696224344,3.09420910055362,3.69432851421265,4.45535263680006,4.71173760501652
"2010-03-11",0.125444906290331,0.143067469860807,0.200756310106875,0.396430488798841,0.942444809566197,2.47141239696091,3.11667384918784,3.70089955960046,4.43785107744293,4.68586995962773
"2010-03-14",0.122408896217311,0.144218680415808,0.206945907523149,0.409187673463305,0.959523534197745,2.4799254238387,3.11857340693438,3.69616790425786,4.42440247677418,4.66947201279521
"2010-03-15",0.131916965604692,0.150375509328799,0.208730751965078,0.404152463693165,0.946117726934979,2.45881140710217,3.09648877877296,3.67369415833611,4.40170600261755,4.64671251826204
"2010-03-16",0.135551203455069,0.150922581039404,0.204283807588178,0.389405400889009,0.913576943217955,2.40565043068823,3.04380532266653,3.62555208555306,4.36287201835197,4.61125246490255
"2010-03-17",0.14646894598406,0.158447744960947,0.208284900234332,0.390221816290213,0.915066230871388,2.41008056086041,3.04468761936678,3.62005512715887,4.34626442466775,4.590687264273
"2010-03-18",0.148517199982813,0.159733619172316,0.210703953262258,0.39985734045415,0.944398594064767,2.46463059612326,3.0950318437052,3.65918735231828,4.36484716090626,4.60193933091695
"2010-03-21",0.141884061036273,0.158029020978989,0.215021278847335,0.41234689247834,0.963480105565872,2.47882506528112,3.10398402456042,3.66279421162437,4.36142991602155,4.59614817337787
"2010-03-22",0.127160562476922,0.150700144519712,0.214874254510382,0.41690668034257,0.959847676867737,2.44949159944661,3.07370074892529,3.63790933953049,4.34908742532915,4.58840902338027
"2010-03-23",0.116610787312404,0.14104796654073,0.206653496312846,0.411712045785044,0.960662699293612,2.46354243087407,3.09281616508753,3.66149844731827,4.37825848886616,4.6194559514755
"2010-03-24",0.116107641821266,0.14391912404771,0.218684779360633,0.450345676810244,1.05730717403836,2.63934766605144,3.26947880085474,3.82417185829278,4.51119121868177,4.74163751872282
"2010-03-25",0.115899144780423,0.140299297498765,0.212374901689747,0.44448140518177,1.06212178726815,2.6700488114411,3.30486928805782,3.86059953756576,4.54640806126665,4.77630609651647
"2010-03-28",0.125352393841763,0.142060936827975,0.204854819348531,0.424686002797185,1.03322201584199,2.65039820941695,3.29336123746855,3.85707645870254,4.55314555539099,4.78649795186502
"2010-03-29",0.13294091796827,0.146999549496683,0.206526157635346,0.421813168256388,1.02625219021086,2.64394426775969,3.288634941446,3.85415334277766,4.55258565621618,4.78673527444912
"2010-03-30",0.134000665296084,0.151224175630004,0.214342999805524,0.433652631376009,1.03870356111683,2.64387380042868,3.28169704076604,3.84083654974024,4.53122271812259,4.7626687558406
"2010-03-31",0.161538938072359,0.163861494306222,0.209729622129382,0.407863090350929,0.999277822043544,2.6107853891191,3.25085343592023,3.80975946064481,4.49779477892572,4.72833080741341
"2010-04-01",0.169045434375433,0.171613535508383,0.219204272760798,0.423428496407098,1.02829554729118,2.65246299514275,3.28858168739508,3.84032273510751,4.51689102427389,4.74345144507365
"2010-04-04",0.164309564016495,0.175154866886783,0.234612450387168,0.459772494135759,1.09370939528964,2.73813669133736,3.36917642810567,3.91222877366014,4.57538396952165,4.79732526101893
"2010-04-05",0.157300522822113,0.175441709317974,0.244201415327228,0.483289862362704,1.13298284089495,2.78931711117479,3.42130983789788,3.96455596356675,4.62767890805536,4.84960088663561
"2010-04-06",0.159626038501088,0.175517872979092,0.240098420464656,0.469751936650731,1.10327914765586,2.74836707791786,3.3857089347596,3.93727670733752,4.61308566125235,4.83937366373358
"2010-04-07",0.163115167120042,0.178155085637033,0.238369436046316,0.452973243250539,1.05171811247288,2.64916535680935,3.28512439585567,3.84285803721722,4.53161654311608,4.76252085559097
"2010-04-08",0.154012403631436,0.168746567056615,0.230043765108923,0.450054402349314,1.06259456054973,2.67780677258192,3.31254024126368,3.86554917349034,4.54575792031664,4.77365185396803
"2010-04-11",0.151000218790964,0.164794207654688,0.224879653454923,0.443038950513256,1.05339106120744,2.6667108933884,3.30120701393016,3.85410231233335,4.53421401671612,4.76207692278768
"2010-04-12",0.156286361360352,0.166629873506521,0.222040526443364,0.432377751307357,1.03158860237291,2.62943288076815,3.25966300679198,3.8091756021534,4.48527974779709,4.71180530529595
"2010-04-13",0.154337794408999,0.166758591060437,0.224502301964938,0.437375783453836,1.03671560507981,2.62583873868138,3.25145846684403,3.79673656983645,4.46753237360571,4.69227597867011
"2010-04-14",0.155423621666353,0.166895555766398,0.22400068259653,0.43764386621708,1.04276250997051,2.65187630225471,3.28597238418699,3.83874965610664,4.51882191582418,4.74667528123479
"2010-04-15",0.160254262325209,0.167036898486779,0.217048136176188,0.417391934898069,1.00306525195255,2.60127162088618,3.24227177027828,3.80532313394026,4.50107332505482,4.73433702105649
"2010-04-18",0.159590833837725,0.164876919984207,0.211771240563398,0.404402090403757,0.975546104841613,2.56061064875661,3.20544054067075,3.77572458192133,4.48335202849603,4.72076014699457
"2010-04-19",0.153192072850994,0.160585273708041,0.210047643429988,0.406151538479455,0.980100167198529,2.56334352028366,3.20616955719349,3.77443839246394,4.47944693884695,4.71597193439189
"2010-04-20",0.148269937648111,0.157931396094267,0.21111643443083,0.414694553178426,0.999629952719061,2.58284636263078,3.21614719899489,3.77211863080647,4.45897045267665,4.68924535349717
"2010-04-21",0.150926139770044,0.163005965984027,0.217448886013131,0.41795266267828,0.987941455922429,2.5383970615935,3.16501815969619,3.71840391951491,4.40467641441886,4.63490530882748
"2010-04-22",0.149598672277726,0.163518123357928,0.221485937835196,0.430248806234554,1.01531484445412,2.57975843137954,3.20304270984957,3.74974849114165,4.42493004297776,4.65128423346972
"2010-04-25",0.145178539493901,0.163659690748787,0.228867299590759,0.452107753202103,1.06080832852375,2.64912342775659,3.27109689979699,3.81258576697869,4.47843983546556,4.70151802121143
"2010-04-26",0.14512544227892,0.163300604657716,0.226748681133484,0.443865502411148,1.03873014921339,2.61129665357856,3.23541833404283,3.78240506815563,4.45771880709985,4.68410950452832
"2010-04-27",0.148899932226155,0.161174559963562,0.213409642817095,0.404188533850344,0.949744140864992,2.46776718409072,3.09655643473424,3.65912781296793,4.3627329879061,4.59913181848496
"2010-04-28",0.149022047581212,0.162530356945489,0.218871983264145,0.422447433102559,0.996537282036453,2.55195694593584,3.17975365210594,3.7340167476199,4.42129878393678,4.65186338140845
"2010-04-29",0.146403327719535,0.15874313809892,0.213324935473732,0.413448034352257,0.981300930195024,2.52453782078488,3.14805245907577,3.69865821731384,4.38146528272619,4.61053092698604
"2010-05-02",0.14733125616435,0.160350376716578,0.215622074047184,0.416237367844021,0.983069864110722,2.52029624825682,3.14094773990281,3.68894092406772,4.36846704771792,4.59643045576487
"2010-05-03",0.151581234382372,0.162167426105621,0.215167410449856,0.414326577773332,0.982389606242777,2.51453003346552,3.12669104201369,3.66397041735418,4.32766674170526,4.55017620221265
"2010-05-04",0.15089850157274,0.156578615769119,0.202623861361873,0.38926623047421,0.93723628213879,2.4355492160741,3.03687374118793,3.56514731433437,4.21795791336923,4.43682653708688
"2010-05-05",0.135285611569279,0.143471463198685,0.189331971307846,0.367021062989654,0.887516536032757,2.35293841391687,2.96231237910389,3.50799616835075,4.19072990643175,4.42012658353026
"2010-05-06",0.104150542156112,0.112778514314611,0.156986906728341,0.325851929880559,0.820012674297325,2.22427862382284,2.81499856958753,3.34741575031024,4.01651941110427,4.24152631890243
"2010-05-09",0.115204878398294,0.127726585541819,0.176204677493711,0.349724989118467,0.846016640508652,2.25359937967164,2.85022333339676,3.39096783780249,4.07337569929152,4.30305161921839
"2010-05-10",0.149123090220965,0.158511094389618,0.203951153173194,0.375930788119767,0.879588139635231,2.32501045014829,2.94010115115738,3.4981014488425,4.2025694167823,4.43968266431307
"2010-05-11",0.155494566715312,0.16138558045005,0.201672615738614,0.364246748869429,0.854508270616782,2.29438802136485,2.91670367728711,3.48542986044594,4.20704394781604,4.4501703585119
"2010-05-12",0.164276548016833,0.167608332287342,0.205970828484011,0.369417413979742,0.86985877183542,2.33666751046091,2.96519331274562,3.53630390768627,4.25782738231779,4.50070367450385
"2010-05-13",0.167724276459848,0.167272144567564,0.200608651983183,0.355942254197765,0.845636870545803,2.299901238688,2.92567916369941,3.4948480654906,4.2142213461868,4.45638731436783
"2010-05-16",0.168016656678684,0.16791336489806,0.201625204405428,0.357301376095469,0.846713394731156,2.29835874188854,2.92276620178005,3.49063738021036,4.2083425429781,4.44994572395999
"2010-05-17",0.177427598309097,0.172269700911425,0.199283694322823,0.344195833983168,0.819482773315245,2.2550548024566,2.87608562766517,3.44163045435341,4.15680129417955,4.39756937468305
"2010-05-18",0.19067447321363,0.176783526898082,0.190993116820702,0.312078172358815,0.749138569211151,2.13277404090417,2.7449569451739,3.3074921583504,4.02297052286763,4.26410897706913
"2010-05-19",0.187422602980073,0.177890416540608,0.19841571708978,0.330823933695274,0.783870727077216,2.175834508913,2.78117029424636,3.33308582012618,4.03138262750846,4.2664859693315
"2010-05-20",0.181919051229172,0.173570517860391,0.191891538839221,0.310630406441958,0.723125006065849,2.03493006336499,2.625755089713,3.17523837152278,3.88068670201519,4.11893983496263
"2010-05-23",0.17887864124689,0.172523648014039,0.192304895571959,0.3101593082349,0.71398735987111,2.00288351946079,2.58865406304423,3.13674321357165,3.84381832782552,4.0828917298228
"2010-05-24",0.173667172733829,0.172504970253417,0.198955266216677,0.32686849158312,0.741928787824849,2.03668650782779,2.62092052804842,3.16662020872334,3.87003993020195,4.10784808678855
"2010-05-25",0.163937764993339,0.170499190049939,0.205055716354431,0.340091030522489,0.750361276656053,2.01241889660531,2.58763548039587,3.13021441419535,3.83573726550511,4.0747866202272
"2010-05-26",0.157787971227412,0.171515559506429,0.215283298745755,0.364220824030519,0.789965862056111,2.0593890744922,2.63185616584156,3.17037945854582,3.86970323086626,4.10660160555418
"2010-05-27",0.151714929958775,0.165898927788887,0.214164839344211,0.380876720280208,0.853850982465348,2.21345351954043,2.80146565359968,3.34095355955449,4.02795696727598,4.25962064746797
"2010-05-30",0.156548289258526,0.164632779142542,0.206365712788283,0.366862722177437,0.841934427890024,2.22478954587318,2.82069963854731,3.36491316821817,4.05521155484365,4.28777722943402
"2010-05-31",0.161221204038595,0.165328390902512,0.20003712260451,0.34473390082511,0.790096556570894,2.13471835456036,2.73047347239132,3.28235847790385,3.98960864208918,4.22840697595883
"2010-06-01",0.161724186314207,0.161966461420383,0.191615046801419,0.32837264365885,0.763904787641421,2.0994739824537,2.69420275695926,3.24580948558902,3.95309932758555,4.19193067916175
"2010-06-02",0.139297470862157,0.147335461544225,0.188118286101047,0.344811068612996,0.810397299217371,2.18042864747603,2.77765045391955,3.32663871875618,4.02634588241492,4.26232237351044
"2010-06-03",0.129796214306844,0.147347969512237,0.198696561824098,0.36688549544087,0.835338667880769,2.19130219448333,2.78805598433049,3.34200395603255,4.05397861488853,4.29457263618882
"2010-06-06",0.128135360990513,0.143678319229972,0.189823596832156,0.342778450589644,0.775800313454406,2.07009474708154,2.65837188966852,3.21489224324641,3.94109690585181,4.18741063756477
"2010-06-07",0.116869584801093,0.131419200453003,0.174634588483921,0.318428671166284,0.728982874698014,1.98039220166059,2.56096097757358,3.11713992575108,3.85066830755596,4.10017168541243
"2010-06-08",0.0989243520702157,0.117599170235109,0.166898923976162,0.322109541530938,0.751104265456717,2.02580298308316,2.60795972654026,3.16137808868498,3.88684678919241,4.13322248842244
"2010-06-09",0.0924539469755111,0.107212548524678,0.152191839055016,0.302885272735493,0.731811498474048,2.01764533966452,2.60268031596183,3.1562825666202,3.87877621922819,4.12383672198872
"2010-06-10",0.0596988415138078,0.0850451832033858,0.145648217870632,0.325715965151675,0.802509571424931,2.15324917719375,2.7471630469973,3.3002337304878,4.0134896645898,4.25473637615673
"2010-06-13",0.046575189506091,0.0711649141545515,0.130898097994126,0.309976732931294,0.786674393862142,2.14142407648763,2.73779146009074,3.29331330182248,4.00983386273601,4.25219027338417
"2010-06-14",0.0566713922314842,0.0733121009579862,0.122714532920811,0.285834485786135,0.743580917545376,2.08419313605266,2.68072048640785,3.23792802526441,3.95757890413342,4.20104484283328
"2010-06-15",0.0688321216485945,0.0845890880225886,0.133750173327656,0.299009915586163,0.765337108041695,2.12472569872642,2.7244662794722,3.28153297638496,3.99772604872073,4.23975635878973
"2010-06-16",0.0747263821100377,0.0860176325709243,0.129313105825099,0.285315285365806,0.740035172344846,2.0883374544055,2.68667588962188,3.2432545933965,3.95931398892896,4.2013244643594
"2010-06-17",0.0848151407534005,0.0929345843765171,0.131086137245644,0.276274682848292,0.711050202389852,2.02818030505703,2.62108817877677,3.17654126096875,3.8949353380784,4.13802955758374
"2010-06-20",0.0900124033143473,0.0964424384643776,0.133295771200154,0.27895475673376,0.720186818030244,2.05377484010911,2.64939485672197,3.20432931785606,3.9188087372875,4.16031268065749
"2010-06-21",0.0885219894865953,0.0963219230559077,0.135051400372862,0.283908050517464,0.729848674762736,2.07040043667836,2.66805569693287,3.22463852098793,3.94109040956627,4.18325339720528
"2010-06-22",0.0935143095986891,0.101345145135765,0.13823888757232,0.279040205035168,0.702749956602292,2.00001710284016,2.59035067306257,3.14696601264668,3.87059954440231,4.11577755750635
"2010-06-23",0.108477610777453,0.114698160067688,0.148591432079526,0.282207566087029,0.691081375510057,1.96336249283239,2.54963824773912,3.10624258862178,3.83384147005522,4.08070065628497
"2010-06-24",0.106526134619879,0.112683557348263,0.146708228500542,0.281199567672703,0.693183591092232,1.97579791070999,2.56693569901344,3.12818047609568,3.86186122438983,4.11078475494728
"2010-06-27",0.104396708395464,0.112645819862365,0.14794094498365,0.280373365607574,0.680273688984858,1.93572990276026,2.52413139288318,3.08933707621071,3.83580463983646,4.08977125727434
"2010-06-28",0.11184802283664,0.119011956558149,0.151328039573198,0.274672819438777,0.652329523098374,1.8640747301539,2.4439334057402,3.0080905626133,3.76155283856871,4.01871109998746
"2010-06-29",0.132055767545428,0.135746046958002,0.162619319199387,0.274834406990906,0.631954930507702,1.80802566471059,2.37939873092448,2.93954371910829,3.69240591555864,3.9498215040552
"2010-06-30",0.18182326071991,0.17682350668745,0.193260941869648,0.291658140212623,0.637363787454777,1.80858399634635,2.37493858525708,2.92536977899861,3.65831318582606,3.90817798245354
"2010-07-01",0.181571040566691,0.176139968113147,0.193175424447301,0.295654892108789,0.653411697398265,1.84353082031343,2.40789363441755,2.94966501405216,3.66337174081966,3.90595742858266
"2010-07-04",0.17658680975545,0.172328545727591,0.190879776463618,0.295670843675529,0.656063637027205,1.84761321462628,2.41157987834207,2.95270927505875,3.66539783482237,3.90762744475407
"2010-07-05",0.178790279038148,0.174250440440166,0.191795853130149,0.293275893332514,0.645646492521079,1.82469827263363,2.38881839327535,2.93361828939222,3.65511198114046,3.90070035549341
"2010-07-06",0.177338312308413,0.172497526225311,0.189138313764044,0.287838588591203,0.633865852001221,1.80514860108655,2.37137983687433,2.92165248283609,3.6543582024624,3.90414033631282
"2010-07-07",0.168772495332676,0.16381665602502,0.180778043800026,0.281470088153799,0.634554194391158,1.82982646899104,2.40767026414888,2.9692320459147,3.7169722677924,3.97187988324269
"2010-07-08",0.179104099558057,0.167187105433677,0.176861752916344,0.271365345898509,0.630259833153757,1.86330356540879,2.45375232176986,3.02196116001367,3.77141522446788,4.02620464584734
"2010-07-11",0.172333671215348,0.163368166111845,0.176275263728766,0.274137727839303,0.633349565969629,1.86203777072293,2.45387937878161,3.02643657409018,3.78535356920453,4.04372009284487
"2010-07-12",0.159645012223093,0.157285841893203,0.178199269436204,0.286821617511755,0.65498259442444,1.88366550162209,2.47502305221236,3.04905353195822,3.81293978152076,4.07332356871862
"2010-07-13",0.162380469077108,0.158253875105876,0.178419300697909,0.290264395469351,0.673162259647192,1.93671363126654,2.53440472181932,3.10780642973517,3.86294187008006,4.11959507718151
"2010-07-14",0.173061054951667,0.158809117263727,0.16572757121768,0.256859716370137,0.614529039252903,1.85773774397684,2.45509188293298,3.03043750366619,3.7896279028874,4.04774608036787
"2010-07-15",0.169060813000906,0.157996449846908,0.16742229192215,0.257784709722605,0.602850353020767,1.81002899739993,2.39947337152272,2.97378040547372,3.7395026724251,4.00060262809028
"2010-07-18",0.16728360628433,0.158693369720532,0.170001830362395,0.259517740432951,0.594339641119334,1.77542463166861,2.36178462317764,2.93993456762313,3.71937908400895,3.98603911941591
"2010-07-19",0.164218345468961,0.157723463878717,0.170759147038418,0.260176609666481,0.588342402497877,1.75452019055856,2.34243807228398,2.92871097288743,3.72778768366544,4.00211071571958
"2010-07-20",0.163777857937142,0.156510183179456,0.168561209264245,0.256527361873322,0.58322481492369,1.74958369442458,2.33842287548493,2.92583600305684,3.72663162241791,4.0015560698558
"2010-07-21",0.173382658630289,0.160314677245111,0.164918277915695,0.241496888181119,0.554118430035807,1.70063458420182,2.28027041132091,2.85662247509661,3.63903434297876,3.90724135737264
"2010-07-22",0.17373552604385,0.160952383005572,0.166269195564364,0.245049830070409,0.563779421489336,1.72911939963107,2.31774846594318,2.90290680511746,3.69717443709062,3.96943894313476
"2010-07-25",0.170478435802723,0.158987721940211,0.166195523373329,0.248566961924883,0.573645549664339,1.75195397855268,2.34562997287227,2.93541438139923,3.73567659203316,4.00997695591253
"2010-07-26",0.16573030428908,0.156512960254318,0.16731816424417,0.257059375171676,0.595345652892588,1.79215517710923,2.38684510738029,2.97334352981922,3.76413989079095,4.03468985883942
"2010-07-27",0.159481065132286,0.156482030157679,0.175537915148195,0.278526776411911,0.633935194956783,1.84780101733684,2.44448501806971,3.0312775661213,3.82127462684828,4.0914733266653
"2010-07-28",0.165694180140533,0.164596518754191,0.183545757874238,0.279082808516696,0.607708015491669,1.76815636702995,2.36301221418369,2.96521813831899,3.79913153079316,4.08698601969004
"2010-07-29",0.162344965717764,0.160938810769578,0.178708976918382,0.270243690169073,0.588909257176181,1.73463208782729,2.33220322026949,2.94420127845909,3.80162300348585,4.09881759269316
"2010-08-01",0.161274975147938,0.158507180091794,0.174993279679319,0.265971669886645,0.587788923962786,1.74542978762324,2.34582753504474,2.95768711631502,3.81030692309529,4.10524715717763
"2010-08-02",0.167793144325835,0.16084370885167,0.171819233057896,0.254085696079255,0.565153299817147,1.71476813712315,2.31598248582211,2.93008694883413,3.78696729385927,4.0834672660888
"2010-08-03",0.169788474998436,0.162011304293177,0.170147073465841,0.242931013246008,0.529675855185244,1.63404359862389,2.23251332977052,2.85837468114069,3.75311466170839,4.06551481927619
"2010-08-04",0.164046602720414,0.15972277046973,0.172963732514994,0.255447956201584,0.558556187607767,1.6872372347939,2.28907807152858,2.91339018813346,3.79914342587893,4.10755714602955
"2010-08-05",0.164686975804664,0.155986166752157,0.163374284297914,0.236338459513037,0.526873399080914,1.64283233928099,2.2434951206028,2.86822964986987,3.75596660560775,4.06518340479764
"2010-08-08",0.156348076679876,0.151062868091567,0.161961588196624,0.237557036440036,0.523425969998522,1.61384620971974,2.20631425004489,2.82842396941545,3.72236542938137,4.03516341337414
"2010-08-09",0.150718312811787,0.149734772307837,0.165180463173862,0.244676667224878,0.526587864617326,1.5916623985154,2.17786020565039,2.80168708827834,3.71282820767777,4.03389237742016
"2010-08-10",0.152891341783175,0.152799364730612,0.167839427907664,0.242027124315865,0.504790100534902,1.52319449488334,2.10210654816201,2.73365172484134,3.68352385206119,4.02269963284109
"2010-08-11",0.16030322543869,0.158836879395943,0.171697254551841,0.241225242790349,0.4941788299323,1.48627644174471,2.05235781979223,2.67060653896606,3.60116869409072,3.93351791738786
"2010-08-12",0.149635867907276,0.152416592786554,0.17124534378969,0.251310187813521,0.520260902224054,1.53222569384497,2.09942606528851,2.71379531254582,3.63113915759057,3.95768399379961
"2010-08-15",0.155606304828095,0.156919909644001,0.173332312106186,0.24798591922843,0.504935320404504,1.48303347132998,2.0333349267783,2.63008615413463,3.52179043798048,3.83927373113798
"2010-08-16",0.166471498092363,0.163496375411013,0.174077554378676,0.238844897687653,0.480930025956552,1.43152306216004,1.96899074506163,2.55088335815156,3.41706019443352,3.72478248310053
"2010-08-17",0.162589264085281,0.159848402322665,0.171575763119167,0.240701958749715,0.49550326123184,1.47955249199979,2.0276074109686,2.61467183072892,3.47792143306929,3.78294954679402
"2010-08-18",0.172967542089916,0.165251025339887,0.171269799991973,0.233815322747777,0.486746588157095,1.4822838042927,2.03125108222638,2.61199694974061,3.45251547514524,3.74741794541367
"2010-08-19",0.162758076747975,0.15770287032758,0.166517063262395,0.231266525064914,0.480211789240083,1.44736569244887,1.9815141263953,2.54871481137153,3.37380156811914,3.66394928514136
"2010-08-22",0.161430318359745,0.156788478094731,0.166560828769694,0.234051769400876,0.489745010307189,1.47151107105716,2.00887584243866,2.5761410204996,3.39608514780273,3.68367688329917
"2010-08-23",0.169048381615933,0.1624557197781,0.169650949071038,0.233054716290544,0.483704122307512,1.46203602321933,2.00017797306439,2.56906919631121,3.3920754085443,3.68080282834195
"2010-08-24",0.17205569406155,0.166941492391535,0.174380088522303,0.233018339573316,0.463127370074592,1.37947521866569,1.89722559089458,2.4559207962281,3.28353678270856,3.57685520958833
"2010-08-25",0.17146035585212,0.170935765655233,0.18495901060541,0.255535316807861,0.504165773397933,1.44075882219253,1.95576416342539,2.50367881957554,3.30380814673888,3.585742052488
"2010-08-26",0.164491666401091,0.166516751586187,0.18334893738933,0.256641094147122,0.503353585670163,1.41823711900955,1.92121674381833,2.45793453727006,3.24524169118387,3.52325957470818
"2010-08-29",0.158487814588625,0.16054231430328,0.177608581139057,0.251914546293957,0.502033001340934,1.4295350500992,1.93944988654637,2.48356740418624,3.28172852576691,3.56357915901794
"2010-08-30",0.157922401658375,0.156903983715567,0.170370610158239,0.240379263283216,0.489365666481795,1.43124774201247,1.94985167603825,2.50181114090914,3.30804484979051,3.59214758574295
"2010-08-31",0.15770809325971,0.154975392740269,0.165677983087241,0.22977016776682,0.466926126531108,1.38430097794179,1.89547681836377,2.44311726618698,3.24846999822858,3.53304716412231
"2010-09-01",0.16165020193192,0.157261566258611,0.167250244620915,0.234697974896853,0.489056955717919,1.4639137096143,1.99719883327412,2.56006703867836,3.37357583677882,3.65890349500701
"2010-09-02",0.155512960914218,0.150815497562336,0.160722463998849,0.229107177232633,0.488159169398864,1.48277982820514,2.02717353840231,2.60185665324781,3.43252105042269,3.72387271103784
"2010-09-05",0.157986414532702,0.148669223112278,0.153304381964411,0.215764823033202,0.474062651369361,1.48642464442979,2.03787051738082,2.61539148018451,3.4417376427667,3.7303172294762
"2010-09-06",0.161048702082701,0.149593996558095,0.151720272865101,0.211065594980227,0.467492940905162,1.48069533492978,2.03055250298934,2.60375398707003,3.41936216169491,3.70354408229054
"2010-09-07",0.152380832889152,0.147703155612475,0.157430243254011,0.22485619635428,0.480491777576063,1.46232416999167,1.99977322809542,2.56714193166805,3.38724855171948,3.67489839455889
"2010-09-08",0.142190533976232,0.142341979135924,0.158673911771448,0.237311506605616,0.509225905392024,1.51358644930864,2.05669975786278,2.62802646159976,3.45206823676392,3.74094357434757
"2010-09-09",0.1250503826133,0.130612885746163,0.155184932126061,0.250194352044165,0.551821942827756,1.60913688119799,2.16525201723792,2.74185146164459,3.5619193113252,3.84789522456205
"2010-09-12",0.120063145166898,0.127919738918619,0.155364994267955,0.254554665649531,0.560840029038093,1.62505530457686,2.18606081621503,2.76997042391833,3.60452905337302,3.89616736874904
"2010-09-13",0.130970619724104,0.134234797043529,0.155192798645463,0.242847423141005,0.531461346655365,1.57329505490315,2.13247553142765,2.71941601881356,3.56483608728786,3.86110661964618
"2010-09-14",0.140228676215226,0.140079759908916,0.155706020353364,0.232459215310588,0.500855928917912,1.50856659093588,2.06209311081332,2.65080742264965,3.51034986905766,3.81320346489514
"2010-09-15",0.155569742406626,0.149938273125772,0.158713204270995,0.225892925019821,0.486832087555416,1.51047608001969,2.0804615128077,2.68909801606975,3.57993747802204,3.89401836872424
"2010-09-16",0.15811119759886,0.150642204649923,0.157578480225801,0.223646621727216,0.488532831992303,1.53414037751232,2.11438056841469,2.73137122625396,3.62964482557197,3.94559639162492
"2010-09-19",0.162128904624522,0.153156435067411,0.158465814136822,0.222991141068032,0.48866122232022,1.54110414500787,2.12255145524907,2.73798882217601,3.62900869704081,3.94165523129355
"2010-09-20",0.163131042719632,0.155191806154594,0.160589815572805,0.221458430393487,0.472093977565495,1.48255513579243,2.05266452682373,2.66566495177277,3.56919273059861,3.88865038320507
"2010-09-21",0.158967850151383,0.153929621851851,0.160808375987336,0.216951288519604,0.441788496205279,1.37285836568383,1.92064369254774,2.52988337678682,3.46575370632891,3.80316904226615
"2010-09-22",0.162753322860466,0.156709720269665,0.162588672411645,0.218059033931661,0.4441681190458,1.37725882081204,1.92057498111053,2.51938229022288,3.42859563932604,3.75450517933531
"2010-09-23",0.163216379000091,0.155203640718439,0.158734548857886,0.211232371034422,0.43572439291434,1.3732441843228,1.91840520206823,2.51716608933574,3.42169391159536,3.74507314174805
"2010-09-26",0.154084649990822,0.14823589774412,0.154417426227433,0.210516974607444,0.437906891345466,1.3743134076939,1.91922066852377,2.51967036085519,3.43126722691203,3.75802000203029
"2010-09-27",0.137636593673268,0.138088037312643,0.151577697206868,0.2161908384569,0.445291266804662,1.35521575103947,1.88832693428869,2.48386810480878,3.40649277248348,3.74080478640872
"2010-09-28",0.132171779648993,0.135740540288605,0.152322271947572,0.218650607798044,0.440295265916824,1.31063898770384,1.82703751339365,2.41251527552166,3.33895533014205,3.67862774778082
"2010-09-29",0.156689027436058,0.154958794733976,0.165361451289527,0.224407536141779,0.44440440112859,1.33760008088846,1.86455772104426,2.45448755126982,3.36974623492883,3.70153353606752
"2010-09-30",0.171130981068926,0.163756559007156,0.167404765674206,0.217864845551898,0.433328868340958,1.34221865880205,1.8773866401981,2.47096681579824,3.37856463864529,3.70494192555845
"2010-10-03",0.16635818077435,0.158847111190824,0.162059512771433,0.211068095440318,0.422650186168221,1.32318175686453,1.85728626073444,2.4527442406171,3.36890537691618,3.69936795073524
"2010-10-04",0.158422754656046,0.152130697203122,0.156367061214501,0.205275588076166,0.412151168383954,1.29904361436588,1.8331882847168,2.43659903611119,3.38108883605874,3.72482191527234
"2010-10-05",0.15765985930879,0.151037502514,0.154299763542621,0.200084389436699,0.398936578234433,1.27158655669485,1.80756096850825,2.42182303600767,3.4011128108108,3.76101130575268
"2010-10-06",0.157602923478849,0.149438955387346,0.150195500535615,0.190507080135155,0.377849789106627,1.22273900831235,1.74789369314476,2.35361834688542,3.3263389991428,3.68515475301389
"2010-10-07",0.157539998929954,0.14557761409373,0.14122020719066,0.173204936114895,0.350131800000809,1.19299526544933,1.72697344850135,2.34814134263021,3.35443437858375,3.72721529708905
"2010-10-10",0.156504355580594,0.144859933024022,0.140709949403814,0.172435231707984,0.347741295570037,1.19027120425129,1.7296818100692,2.36261320263807,3.40012613794517,3.78710336916889
"2010-10-11",0.155830970059059,0.145807805106638,0.1437326194281,0.178566817455031,0.357341302260354,1.20311589280911,1.74448462217616,2.38137740512853,3.43032526182884,3.82277708554826
"2010-10-12",0.158140386867006,0.146865356788518,0.143342721229163,0.176532267403404,0.35528059359862,1.20855219189053,1.75386068043967,2.39336601342562,3.44125933683775,3.83205997835747
"2010-10-13",0.163200917599818,0.151067754318462,0.146189849976505,0.176552476955026,0.349856091685639,1.19340559267281,1.73744598110873,2.37895011359677,3.4371916004944,3.83333125208623
"2010-10-14",0.16710223816819,0.155084884894156,0.151055336337386,0.184988871228724,0.369764451858449,1.2504312015709,1.81073634443976,2.46516191226237,3.53138039367651,3.92767488924005
"2010-10-17",0.169793088651459,0.156379309625198,0.150650018148635,0.18239522541649,0.366344471064178,1.25701420579947,1.82603279781492,2.4914611705557,3.5765384146682,3.97995460212994
"2010-10-18",0.1701627086744,0.155973674841662,0.148763048314116,0.176755142261776,0.351981412073872,1.22369663399057,1.78906714263249,2.45684862624799,3.55973771241027,3.97275161096312
"2010-10-19",0.170374417280424,0.156409482898838,0.149174277700305,0.176099322086426,0.346736254650084,1.20173024708858,1.75948159824317,2.42118381252597,3.52062044430347,3.93381050752621
"2010-10-20",0.173222493303796,0.156956803445421,0.146990387464133,0.17052488370626,0.339673695772182,1.20141356045817,1.76135952592932,2.42130105001889,3.50641814089453,3.91155748990182
"2010-10-21",0.167897555963651,0.152189472509981,0.143410638003649,0.170281436233085,0.348221765807506,1.23606585910036,1.80763656365826,2.47757454278824,3.57172566579322,3.97872224593524
"2010-10-24",0.169542543105775,0.151619043639553,0.140513699819671,0.165514838891287,0.346310628735229,1.25095006357573,1.82631080081377,2.49261340087506,3.56243453748376,3.95647733834794
"2010-10-25",0.169005775442802,0.151437376080998,0.141217108242252,0.168855037332247,0.356234679388252,1.27325391990395,1.84827517600076,2.50767473936757,3.55340677685806,3.93604612824117
"2010-10-26",0.163033064742188,0.14959725644687,0.14542214818271,0.184490578164234,0.39166105751707,1.3445261736662,1.92978243833311,2.59482012950654,3.63988063516198,4.02066704344107
"2010-10-27",0.162289765543288,0.149102860137813,0.146271182121868,0.19058452596131,0.413360884277961,1.40794458837131,2.0057782796537,2.67492348509871,3.70713966774929,4.07974420883403
"2010-10-28",0.163595691583238,0.147147920935536,0.138910868447745,0.171376490420036,0.370512356193927,1.32469008481993,1.9198367234186,2.60125711406799,3.6807902638154,4.075672980113
"2010-10-31",0.167070881316222,0.146367385403891,0.132242983028142,0.1545979172105,0.339242795582875,1.27951940737304,1.87735882335,2.56757094036603,3.67015471353207,4.0750278367331
"2010-11-01",0.16986091971152,0.147094123421007,0.13059979716438,0.150227837063127,0.33414353463996,1.27835495883519,1.87440842435215,2.55711278758008,3.63560727200441,4.02919757723258
"2010-11-02",0.165268964275581,0.14610110477604,0.13385700762185,0.158598460471505,0.343566371566189,1.26551655225943,1.84623733137026,2.51304145593149,3.57143724478733,3.95881271172765
"2010-11-03",0.163807313646267,0.144895238882225,0.131940844679946,0.152493559943929,0.324343116990643,1.22299692857988,1.81061570425695,2.50445716619526,3.64677613773789,4.07345029682491
"2010-11-04",0.161438507488447,0.144288812712427,0.132123496929173,0.149160873415488,0.302573547124192,1.14268418111957,1.71541169741204,2.41452333654086,3.62032628268908,4.0837957072578
"2010-11-07",0.158145844702153,0.144595825610984,0.136721167431345,0.159070091123332,0.314302894829633,1.13706790909907,1.69969960826233,2.39233828685569,3.60498196519172,4.07605925429398
"2010-11-08",0.146584995534042,0.140690586917792,0.1433315952958,0.183615932082172,0.364817371630285,1.21987684947834,1.78680725257797,2.47803586678147,3.67965281567136,4.14523953970215
"2010-11-09",0.13421281757691,0.135039471016059,0.147238690078201,0.204863260844901,0.414442806394486,1.31852454594505,1.90000815591057,2.60042885388015,3.80376667700979,4.26724131835367
"2010-11-10",0.139602541304754,0.138616347267921,0.148020763950683,0.199960004051092,0.398730104974857,1.28215552206511,1.85938116190262,2.56143358696817,3.7829597734723,4.25721343911183
"2010-11-11",0.13301999192494,0.138997121537479,0.157670807841086,0.224519193386557,0.442289224133973,1.34142316391588,1.91839214091644,2.61894258246821,3.84277721066065,4.32024039397137
"2010-11-14",0.136880796169381,0.144457819568061,0.1671850849655,0.246607998017369,0.498928429499651,1.49320097627948,2.10146604504992,2.812164183858,3.98668867136987,4.42865323731937
"2010-11-15",0.138309808219393,0.145362769868837,0.168836699079138,0.253868959008849,0.526039746643167,1.57503659809385,2.19591795653335,2.90114893315415,4.0215868891769,4.43347852939926
"2010-11-16",0.139436677418926,0.143731133475912,0.163055412030071,0.239824419671126,0.496051541339724,1.50572758871609,2.10785405405787,2.7934441463487,3.88454642285443,4.28587490694159
"2010-11-17",0.157773562245986,0.15536251669781,0.166770485545533,0.233889114581101,0.48676919934545,1.52299806102403,2.13866200196757,2.83128625230048,3.91237668955451,4.30548895629205
"2010-11-18",0.150014867556648,0.149233593608001,0.163315479274938,0.236227151070867,0.500518970120139,1.55586308747453,2.17257168918634,2.85901684890835,3.91696604548445,4.29923824280019
"2010-11-21",0.14567831907374,0.14612003444323,0.161439041197087,0.235129151432998,0.496777084806807,1.53663460572799,2.14599613538754,2.82676005798476,3.88145887854977,4.26363274113102
"2010-11-22",0.152740821345273,0.150662097027693,0.161974827746619,0.227235464103379,0.47240570493878,1.48059864192561,2.08292697448732,2.76369165926284,3.83275866529451,4.22276391916249
"2010-11-23",0.161530324574578,0.156728920375479,0.164367525828133,0.223563655321208,0.460549239158658,1.46067798000939,2.06293462089226,2.74527782168046,3.81860883522305,4.21037003215984
"2010-11-24",0.156241035623045,0.15760481050286,0.174990654479708,0.254503733162817,0.530437261486246,1.60042209649283,2.21439906045547,2.89010937889882,3.91798773749143,4.2870738427053
"2010-11-25",0.150418195942311,0.15963340275738,0.18738137512357,0.283252074940137,0.578874810923587,1.65777980355527,2.26435168538464,2.92768325837058,3.93245483500989,4.29280191535659
"2010-11-28",0.163918872771785,0.169211481882239,0.191800978213568,0.279489546296364,0.564562536302365,1.62995313264372,2.23116197376183,2.88750577186763,3.87786771235334,4.23223714324687
"2010-11-29",0.178945288257798,0.174686164215456,0.184665012429546,0.252316988490492,0.512184208882999,1.55479674321982,2.15389372669537,2.80957891255895,3.79784153680071,4.15093300524956
"2010-11-30",0.181542315886912,0.171202856404379,0.173388880590553,0.229392740055163,0.476828496805518,1.51626264636151,2.11886468051121,2.77816972367045,3.76901231128534,4.1223475697143
"2010-12-01",0.17879544730215,0.172826377868293,0.182965776286872,0.258116228622312,0.547529674947241,1.67263077509503,2.29413343659625,2.95413097243775,3.9142394728745,4.25187152084411
"2010-12-02",0.163675637656838,0.158552741178661,0.170694998064752,0.25161895950765,0.555149974005256,1.70917700859735,2.33558228562385,2.99314044035501,3.93785718299305,4.26840810501064
"2010-12-05",0.165148755495354,0.152896745359957,0.154475234024935,0.215339757952717,0.485567833538146,1.59705842196387,2.22458950839154,2.89734404641114,3.88446254439612,4.23270782376848
"2010-12-06",0.174246663656822,0.15444940162957,0.14665129426444,0.194444558304452,0.453777010659644,1.57615982995398,2.21524676590291,2.89976204327809,3.90077998751991,4.25326215235009
"2010-12-07",0.155500672708476,0.144495958197171,0.151410145178344,0.231585301924677,0.55508646095628,1.78787741491093,2.4423705606299,3.11598117248755,4.06242954182134,4.39069232300667
"2010-12-08",0.124108956060227,0.125332169099899,0.149979667835665,0.262802702420118,0.63824202926295,1.93577506980818,2.59233557262082,3.25232872683891,4.16033480048828,4.47309528605323
"2010-12-09",0.11626310585786,0.121017305767193,0.149888232165325,0.268015396598233,0.645634328023188,1.92619900371122,2.57016420891392,3.21638023608609,4.10456699710524,4.41043816287698
"2010-12-12",0.126813759557105,0.127593329110828,0.150688046804714,0.258155165719769,0.618784904845692,1.87823481549209,2.52155721898494,3.17218720096396,4.07265085346656,4.38344000951013
"2010-12-13",0.135621770995978,0.13022776081568,0.147239375025069,0.250993942104939,0.622366452039561,1.92891460702785,2.5855742642716,3.23985627497793,4.13122584970598,4.4372054227414
"2010-12-14",0.137141908413536,0.124303847780953,0.137980648130691,0.254371116687769,0.684249907229008,2.12127317705787,2.79363419814373,3.43201167000462,4.26473958856843,4.54703339655181
"2010-12-15",0.128433567930803,0.123266652478338,0.146381094401561,0.276028050508813,0.719350773986779,2.16949339509137,2.84855971565091,3.49589763134814,4.34381285894098,4.63158921860328
"2010-12-16",0.111484509699995,0.111004928536236,0.137572726699336,0.265140868855279,0.687750912978887,2.0841608721752,2.75412076522837,3.40391341765423,4.26825002410555,4.56285130817245
"2010-12-19",0.0978926210576948,0.100714610616904,0.129926225891999,0.256865124452159,0.666699753172243,2.02556770738998,2.68722127944078,3.33626109917883,4.20888169427934,4.5072628260573
"2010-12-20",0.10037680286982,0.101885620478078,0.129178078609868,0.252479894364786,0.655907594057284,2.00179418780574,2.65843978081879,3.30291282136538,4.16964201695718,4.46602487963025
"2010-12-21",0.107642794186656,0.110911155885749,0.139655067433866,0.262754775098102,0.659410576751048,1.98267420748414,2.6324344257595,3.27351553162482,4.14016192119849,4.43700133577612
"2010-12-22",0.127177554242857,0.124289879577664,0.147110733429312,0.266937309415099,0.674288951733855,2.03550602570552,2.6909157805553,3.32718855124026,4.17394920018601,4.46258498410011
"2010-12-23",0.138678921139481,0.130355088608749,0.148490523711746,0.267692808793968,0.690162154273942,2.0922627476268,2.7517729793653,3.38117369723792,4.20604853191424,4.4860307310004
"2010-12-26",0.131017755142534,0.126541322182249,0.147690846578496,0.265907613852943,0.672958469196128,2.03023863049844,2.67892921792827,3.30522875661038,4.13453722840111,4.41681752274025
"2010-12-27",0.108259598826887,0.113045065658452,0.145371606326989,0.278362731610912,0.696410167816561,2.04472699745067,2.68655046745994,3.30776924482017,4.13321322822235,4.41450387002941
"2010-12-28",0.0802286673034783,0.0961153301184476,0.144723129460643,0.308137914166758,0.775645779154696,2.191795588173,2.84298157451455,3.46314138575006,4.27684575549014,4.55323054135836
"2010-12-29",0.101841149749491,0.104871413156978,0.135267328278476,0.266399361524619,0.685798908477887,2.04959153918094,2.70052779138057,3.33101326874668,4.16907843867002,4.45468904950433
"2010-12-30",0.108618239738599,0.106091889479478,0.131397222264393,0.260516362492081,0.69113893524565,2.08495085751341,2.73548294792453,3.35510289462606,4.16637845698717,4.4417008207158
"2011-01-02",0.123705816426756,0.115367218738096,0.134047834543452,0.255516678730744,0.683289235104412,2.08746968100026,2.74086065999442,3.36038643531479,4.16799485938405,4.44174439915203
"2011-01-03",0.140831579253351,0.126908662551132,0.137581979324774,0.244683518028445,0.651068722130036,2.03488670843542,2.69084074811153,3.31805157551823,4.1408317484499,4.42014657664708
"2011-01-04",0.146624084560064,0.132233174903937,0.142362433561272,0.248826418998118,0.655083720918252,2.04126863669534,2.69873713419506,3.32748903061222,4.15235055038775,4.43237530555574
"2011-01-05",0.149279268336995,0.141405672982481,0.161255301518843,0.286301116997156,0.723740669777769,2.1558531549987,2.8217009455433,3.45291113801529,4.2756714501168,4.55455257182946
"2011-01-06",0.14853443549527,0.140506974229886,0.158445179469295,0.275844117589248,0.693259846631539,2.092071257855,2.75689527319309,3.39547119757977,4.23694453613837,4.52297146795691
"2011-01-09",0.155216135663131,0.142898283235707,0.153049252987998,0.25233277396863,0.634033840982606,1.98388142148789,2.64999138142526,3.30333455824662,4.17963100632297,4.47894931456689
"2011-01-10",0.162913755130926,0.146315601716918,0.150331684435097,0.238612612728294,0.604001495983041,1.93993901248343,2.61020102608477,3.27289241527114,4.16761069872607,4.47379210616638
"2011-01-11",0.165895652992145,0.146712984611378,0.14897367969292,0.239078009887071,0.617895219172465,1.98731712732489,2.66237846826111,3.32169828695562,4.20186088254616,4.50205042110239
"2011-01-12",0.169638793153905,0.150120471832361,0.152176684431182,0.242704091044735,0.624346740550015,2.00519143979544,2.68605310874085,3.35107983389631,4.2388895017157,4.54168891655519
"2011-01-13",0.157923757745697,0.144661011133013,0.15196525992572,0.24246148670477,0.603973799404727,1.92977803551805,2.60449244609408,3.279006274028,4.19960872837268,4.51573772944594
"2011-01-16",0.155600082615476,0.14403019801383,0.152981367860518,0.244464519060239,0.603359585624947,1.9206272224608,2.59549462711486,3.2738016956353,4.20462700839048,4.52484517580678
"2011-01-17",0.16344418461464,0.148396844119659,0.154277099486595,0.245211610065194,0.614387157981341,1.96576359011082,2.64859641439298,3.32746398016508,4.24897264293155,4.56485666251732
"2011-01-18",0.174967620559902,0.153455523365596,0.152433310111968,0.23698517127228,0.609415096652426,1.98721051802,2.67599239343051,3.35382367642509,4.2645412549039,4.57571661016222
"2011-01-19",0.180264591106227,0.156611930990071,0.152616853286176,0.231978421136485,0.596420063089414,1.96130919606858,2.64596569929031,3.32031928453866,4.22677066716668,4.53651401049407
"2011-01-20",0.176702648085475,0.15504820541268,0.156323537239474,0.251329370052867,0.652713965348016,2.08212153294595,2.7737426616536,3.44103580675782,4.32231215748716,4.62198240250412
"2011-01-23",0.171164775322879,0.153340499281833,0.159627534791584,0.262471868931421,0.673410601672247,2.11054824899687,2.80231326773464,3.46888681530863,4.34864998287654,4.64777310286493
"2011-01-24",0.174744603880311,0.154116173855842,0.155619229220147,0.247812318399341,0.637738722729522,2.03867337207259,2.72324654911372,3.38791864561236,4.27054958695109,4.57113001511615
"2011-01-25",0.17257867479788,0.152677885804189,0.153318359940977,0.239052194933791,0.608471697100352,1.96593421569546,2.6432660075532,3.30950768109627,4.20442925911868,4.51019323307788
"2011-01-26",0.167456972994024,0.151339212193041,0.157387864112752,0.253025227036965,0.638982082153803,2.02731114822809,2.71583667876446,3.39203413576545,4.2995920834153,4.60962692875142
"2011-01-27",0.161388603882531,0.139628538800993,0.139137752754638,0.226906878905249,0.609010967193115,2.00544890640932,2.69594897035585,3.37087124240343,4.27222055174613,4.57965802929485
"2011-01-30",0.159155779828695,0.136942892816695,0.135054176472787,0.218412692437224,0.589902543913677,1.96905087739422,2.65918429598942,3.33851455547156,4.2513640454895,4.56327528439658
"2011-01-31",0.167773535984635,0.144567550289998,0.141523116870769,0.223532690493839,0.594823386842489,1.97966190010571,2.6735382448244,3.35677666263577,4.27503394878993,4.58880284195239
"2011-02-01",0.174704421422735,0.150310414021701,0.147400809623282,0.234317348844335,0.622846595570705,2.04243588010346,2.73939986238043,3.41689780338763,4.31709316549981,4.6236869346457
"2011-02-02",0.162973329412818,0.14463462357372,0.151012156319323,0.256030030722707,0.674002032539763,2.12111771535377,2.81041517392789,3.47029933369989,4.3364490664872,4.63051542445013
"2011-02-03",0.158798028455413,0.142486366768545,0.153366564926934,0.270427722240184,0.714388318848042,2.19952162190272,2.88918929065541,3.54026471812142,4.38540947309111,4.67155714808134
"2011-02-06",0.155696224589769,0.139496036905366,0.151475554228954,0.272815910773859,0.727711695421226,2.23009654051533,2.91996522159333,3.56705876734862,4.40282131214386,4.68545532678594
"2011-02-07",0.151307390098269,0.136458163223114,0.15225145574241,0.284960979839998,0.765350662439983,2.30264126337914,2.99070725072529,3.62718075259126,4.44067992124862,4.71514226196053
"2011-02-08",0.144822399889389,0.133526486539465,0.157306940660719,0.311156865852766,0.835193405002292,2.42623874912286,3.10972302905834,3.72869880956735,4.5081511727362,4.7703333843068
"2011-02-09",0.122489296209898,0.119965601423144,0.151236504022476,0.306219038107851,0.808347542202048,2.34573244726499,3.02457959229741,3.6505247174897,4.44942327944432,4.71890504098248
"2011-02-10",0.100442308665386,0.102240698184589,0.140327474582219,0.309075243631985,0.834936007862262,2.40298485118658,3.08404270254651,3.70717738470859,4.49823239823094,4.76477358863187
"2011-02-13",0.0936510013237735,0.100233920308965,0.144099868761297,0.320443419335354,0.851469083036148,2.41001588185626,3.08346975554546,3.69889809037631,4.47975089021232,4.74283518664594
"2011-02-14",0.1056140694479,0.108764262687023,0.147737925533158,0.315186209584243,0.831624508060884,2.36434632599762,3.02905093046662,3.63700570008314,4.40866845956641,4.66866993813941
"2011-02-15",0.105576430900771,0.108702399040678,0.146632942270879,0.309810367239291,0.81550719019107,2.33352391572362,2.99959806036549,3.61284126414968,4.39499811552726,4.65880730011852
"2011-02-16",0.0949008483964212,0.0977328604595158,0.136451873014184,0.303994011062845,0.821980550422887,2.36100892901892,3.02868863153628,3.63941630255892,4.4146276415666,4.67582610353002
"2011-02-17",0.0967444746789205,0.094576465604353,0.125164977161624,0.275997676130458,0.766127332240344,2.28245986647541,2.95958270913885,3.5880353586971,4.39411052143453,4.66631122987295
"2011-02-20",0.106556298197421,0.0980218879097218,0.118932892235949,0.251249631356409,0.712597243781014,2.20794152445429,2.89580416191288,3.54368157483165,4.38375789222568,4.66814115095572
"2011-02-21",0.11011154185143,0.102255245125426,0.122287803708383,0.248480393032698,0.691749481995675,2.15767567086559,2.8464597870002,3.50361936210232,4.36475918735162,4.65704412244186
"2011-02-22",0.109456813987783,0.107077177754325,0.132897157798033,0.264168038406045,0.703234301516851,2.13790658869619,2.81444130287034,3.46296960184745,4.31670400816854,4.60684910712298
"2011-02-23",0.121844957086953,0.116401648413456,0.140445247877788,0.274836341913422,0.730237419844905,2.18932219622274,2.85811201540004,3.4874739455621,4.30320272214275,4.57932592767861
"2011-02-24",0.128696945808599,0.120437814484887,0.141443389056209,0.272704089071325,0.727254184469343,2.18421616434843,2.84723349139229,3.46779633500231,4.26848579332599,4.53921773636661
"2011-02-27",0.143234479972863,0.128543948213089,0.142130814672501,0.264422631416822,0.713707952017901,2.17310514777905,2.83460644554929,3.4507520096684,4.24233073725955,4.50969996155027
"2011-02-28",0.147991131464501,0.129569502440004,0.138363565036505,0.253419142788259,0.694580614479,2.14943258417597,2.81181123053009,3.42942098749976,4.22326000009983,4.49141140158591
"2011-03-01",0.137062458789326,0.118919984185961,0.127224999203348,0.239306091931118,0.672366249751784,2.11782498436569,2.78361040146486,3.40857510187056,4.21603366844836,4.48911012843736
"2011-03-02",0.139119227729819,0.120698538722782,0.130107447731072,0.248015528404435,0.698277877801774,2.18106042623808,2.85587976500575,3.48502889570442,4.29366452882671,4.56681234266186
"2011-03-03",0.132402233002352,0.116557875558112,0.132498701911541,0.268873222945312,0.758963859395863,2.29299225510691,2.96384444583617,3.57627235792902,4.3515537568589,4.61259512831472
"2011-03-06",0.117777740032196,0.10762254184771,0.128750673470922,0.267350166422551,0.747787334945922,2.26013236492955,2.93368746267992,3.55601532361003,4.35102119733248,4.6192244708939
"2011-03-07",0.112484908144522,0.101752553363821,0.120405789978299,0.2507140489658,0.712228138544087,2.20461768726014,2.88558494868212,3.52336201406698,4.34651122084785,4.62485006099425
"2011-03-08",0.101427178430055,0.0962686809324685,0.121405412860127,0.259744611181997,0.726706887877802,2.22042312184838,2.90474315011662,3.5486402914206,4.38315953292179,4.66564070533197
"2011-03-09",0.0807873271152428,0.0837699636288847,0.116549022504501,0.258524001003246,0.710083985646778,2.15272485844271,2.82811968491317,3.47435578794377,4.324281148418,4.6130857588017
"2011-03-10",0.0683844100101595,0.0697634770839999,0.0986015955929574,0.229206251519974,0.653904992323675,2.04553459290129,2.71140976496667,3.35678620918092,4.21493557165729,4.50740872642033
"2011-03-13",0.0764846354531704,0.0722071967813077,0.0932545004710593,0.210752790354007,0.618217384845125,2.00241752463185,2.67718045027994,3.33690739562497,4.22029283381891,4.52193932049801
"2011-03-14",0.0841641776718612,0.0803873297917072,0.101586380801416,0.217995017574456,0.621390061090532,2.0015774975094,2.68039250588362,3.34805223254007,4.24699058398345,4.55445448713692
"2011-03-15",0.0846030856888254,0.0835021016339583,0.107567662489863,0.226429537816837,0.626395141784449,1.97763769816827,2.63956638078039,3.28992628584204,4.16507670137177,4.46437213579535
"2011-03-16",0.0829390921948101,0.0806539055092095,0.101086378371034,0.208329319847571,0.579160179425504,1.87406355666356,2.52745010383068,3.18147291344165,4.07693516390593,4.38484448071597
"2011-03-17",0.0786428452747311,0.0782674859352303,0.102026388490669,0.216888010925411,0.603432467637087,1.92808277562966,2.58836281523816,3.24478576968254,4.13798020351678,4.44451120118652
"2011-03-20",0.0859048546601776,0.0835780008377323,0.106729196964296,0.226090020097161,0.631339789786792,1.99568580205181,2.65889351769076,3.30684121850394,4.17411570509386,4.4702393972128
"2011-03-21",0.0895142550061167,0.0866703596351708,0.110364856743188,0.233849492307172,0.651290580192211,2.03244537707558,2.69094095918662,3.32630846496975,4.16735568094076,4.45361555488419
"2011-03-22",0.0842237447533868,0.0856173296853263,0.114609795633941,0.245599552468496,0.669758542651111,2.0467297673385,2.69926324671596,3.3278906784708,4.15935035262818,4.44230718228246
"2011-03-23",0.102970362787693,0.0992127937883117,0.1223537643646,0.246682820783333,0.668838823306164,2.05714796618268,2.71314513996131,3.34231072234448,4.17076992637329,4.45233758648142
"2011-03-24",0.0699833894196676,0.0755099959584203,0.111478335186656,0.257675397631505,0.710370050328511,2.12707944793016,2.78114590414368,3.4024115211458,4.2147314397423,4.49034571825561
"2011-03-27",0.0555806872353667,0.0680536436100182,0.11284210058602,0.271997874376979,0.737964600328962,2.15595962865079,2.80448603185088,3.41899767462118,4.22152136739023,4.49375744343416
"2011-03-28",0.0635020571266372,0.0799272879814169,0.129686036822429,0.295989166034948,0.768772699215364,2.18514700225131,2.82942719588462,3.43905483762316,4.23464211013454,4.50449367706013
"2011-03-29",0.0690955669376179,0.0887111209486301,0.143361749586319,0.319240973031855,0.807961023671124,2.24271992792332,2.88623529308612,3.49074411457459,4.27521689858817,4.54093028024041
"2011-03-30",0.0544921065767066,0.0761474184226026,0.132540459128353,0.308569567569067,0.791245244573398,2.20826499119934,2.84822391787667,3.45262355399918,4.24064815345301,4.5078927806547
"2011-03-31",0.0655507853753343,0.0820489560111269,0.134792445675262,0.313359305861306,0.817103959473881,2.27321294807349,2.90899154819734,3.49584092573712,4.24665402259044,4.50009947559514
"2011-04-03",0.0509662756045998,0.0624450407019304,0.108996249704541,0.279014871250167,0.775617989965928,2.23723797444669,2.87937539854918,3.47299796263356,4.23301113440032,4.48958868316653
"2011-04-04",0.0321447023542271,0.0430976932265371,0.0882329576726379,0.254173721274483,0.742147431853045,2.19555229806544,2.8415124253083,3.44261661569756,4.21609740684001,4.47752196454777
"2011-04-05",0.0379832366195791,0.0535623896770508,0.106203543035414,0.287588953288603,0.801610067541898,2.27832740894529,2.9168600728469,3.50267030725262,4.24864545656906,4.50019413079265
"2011-04-06",0.0305441878032998,0.0522165932685529,0.112285539396904,0.304041190227421,0.82911781485064,2.32242805995374,2.97075319904213,3.56833833338163,4.33238685240625,4.59027528207569
"2011-04-07",0.028944042385908,0.0444881535528145,0.0963296619726434,0.274936529527448,0.784944280152239,2.28109765466292,2.94262313332693,3.55741611961278,4.34802970770722,4.61522019480632
"2011-04-10",0.0248480789230836,0.0403008887827696,0.0931202222734836,0.276250139049692,0.798754229366764,2.31815966276359,2.98294615368682,3.59688442930809,4.38254034416491,4.64775657766101
"2011-04-11",0.0241528666166548,0.0412117697221059,0.0960293688804978,0.28197293836342,0.80701243924156,2.32542274800716,2.98851678006574,3.60060522155384,4.38372435824888,4.64807583754903
"2011-04-12",0.0341528856880191,0.0465037034199512,0.0925618822276241,0.257837942908986,0.742173961217531,2.20528908389606,2.86807867025872,3.49228856954347,4.30334132099285,4.57811327083963
"2011-04-13",0.0460837557371063,0.0541225005247887,0.0945074524398082,0.250806744000652,0.723850969222763,2.17625843674278,2.83781425089106,3.46173350658286,4.27296097598499,4.54782232385818
"2011-04-14",0.0517379158132736,0.0604060815821493,0.103059334593795,0.266681452639601,0.756473069574731,2.22828085874604,2.88436962372471,3.49535082688486,4.28181437132759,4.54764091644086
"2011-04-17",0.0500771379831153,0.0562909076130665,0.0949167943893641,0.250060500528629,0.724710405608097,2.17773858756246,2.83409771661599,3.44952968622142,4.24582887986163,4.51530261296783
"2011-04-18",0.0473831410364292,0.0502035291411204,0.0827671547964891,0.224063518988026,0.67206863994439,2.08981767139825,2.7467589976201,3.37133777268024,4.18836660825966,4.46559983439496
"2011-04-19",0.0545828275621855,0.0532488405855187,0.0811106189994216,0.21699981493432,0.662591359428699,2.08250611162287,2.73713754309911,3.35641329838702,4.1627977697798,4.43608348564367
"2011-04-20",0.0591950306285067,0.0573342634897616,0.0855551431440983,0.224903210517563,0.681640356659294,2.12450273928416,2.78293416235394,3.40187265575004,4.2036752580481,4.47506249817264
"2011-04-21",0.0649067285996398,0.0607099739097058,0.085932809543028,0.22076791749096,0.672505811403629,2.11300094083792,2.77229309080438,3.39249142823532,4.19620399322153,4.46825238163202
"2011-04-24",0.0620412072502282,0.0594893768441959,0.0860858698652553,0.221017549180643,0.668529730174251,2.10161399839343,2.76334979325006,3.389590675739,4.20519901082823,4.48161913616856
"2011-04-25",0.0571928906759599,0.0557341945753738,0.0828540484192578,0.216118733824742,0.655789012005918,2.07223698863398,2.73235430562983,3.36086831802119,4.18363690239485,4.46285108821374
"2011-04-26",0.0576465518248963,0.0527259305763079,0.0750624304128521,0.200049566146849,0.627186234855672,2.02404103229618,2.67810410703392,3.30159506194275,4.11826665219386,4.39543871118217
"2011-04-27",0.0428453366201659,0.0461978068526185,0.0780555442929614,0.214477443994155,0.648185727150367,2.04427229639409,2.70404469176456,3.33919023014759,4.17896353115111,4.46473118278348
"2011-04-28",0.0397569063198477,0.0412706568083216,0.0705644594347887,0.202479678505587,0.629168824285137,2.0136641502646,2.66965763491716,3.30159187344152,4.13740747484826,4.42184561602304
"2011-05-01",0.0312447551422434,0.0349792526811594,0.0663818769067248,0.199356891824739,0.621830732805883,1.99133910477525,2.64433643118051,3.27664811958047,4.1170234650655,4.40341415263432
"2011-05-02",0.0263899293069575,0.0302291873038771,0.0617339986451169,0.194758319582288,0.616948194770174,1.98486269539001,2.63699480327858,3.26844181511523,4.10764943033514,4.39364102660776
"2011-05-03",0.0274392783540846,0.0276758767913343,0.0550094647127748,0.182948578988467,0.601985402857537,1.96935848003062,2.61841985259576,3.24397188010786,4.07154579733339,4.35319114556157
"2011-05-04",0.0225233975815768,0.0251765412578238,0.0548221514817192,0.183968904539776,0.598430777853694,1.94831051138476,2.59294010181158,3.21740221952471,4.04751963284223,4.33042528456434
"2011-05-05",0.0177486966607568,0.0209649954393163,0.0502782414828435,0.175800141890851,0.577630625057296,1.89512824011249,2.53013561936189,3.1491354538025,3.97668145668148,4.25917792619206
"2011-05-08",0.0169204967087318,0.0187923660962424,0.0452597726561627,0.163369627618464,0.549460251512747,1.84614909811914,2.4842551317389,3.11421092506368,3.96609121318049,4.25789136281635
"2011-05-09",0.0222081662104736,0.0223646565595463,0.0469374852629424,0.163208971287089,0.550645093865233,1.86325535740321,2.51101826641936,3.15099400383551,4.01678059269487,4.31336804915663
"2011-05-10",0.0230366152625973,0.0269884304044367,0.0571873758886801,0.184103266302506,0.588969415448412,1.92378555438255,2.57252372884814,3.20857725232429,4.06351006816232,4.35582822113838
"2011-05-11",0.0236343667117807,0.0245190036801307,0.0499717844475462,0.167384016312564,0.555452002950701,1.86538284055457,2.51106000996888,3.14877182286711,4.01134683022,4.30682414250673
"2011-05-12",0.0290984337003384,0.0271144588914359,0.0497844943459759,0.165701880235524,0.559700705551925,1.89664046351474,2.55247584977884,3.19708798057148,4.06467551712178,4.36139568340973
"2011-05-15",0.0308285303679505,0.0298479248179078,0.053196797289305,0.168401582034366,0.55723673638181,1.88212049903626,2.5371335430473,3.18458994136173,4.06072933045526,4.36087887016528
"2011-05-16",0.0389709505071008,0.0340759941296692,0.0519613879984916,0.157545641879661,0.531340491909943,1.83114946109852,2.47788756582079,3.11825986370523,3.98561478667981,4.28280862295059
"2011-05-17",0.0420984085214376,0.0371497493442773,0.054685299724952,0.158829553295523,0.528051864776385,1.8127127416188,2.45202977124592,3.08508468793801,3.94255094829783,4.23635799353469
"2011-05-18",0.0478933952386539,0.0446882315002396,0.0653926260689859,0.177068657003284,0.56225316286603,1.87752275656652,2.52400714714451,3.15976270250916,4.01567003632088,4.3084111411026
"2011-05-19",0.0507879191838755,0.0455216690801388,0.0630537637476077,0.168510292048067,0.543498277509648,1.84981143980972,2.50014925753348,3.14418180989442,4.01656450678147,4.31548577119303
"2011-05-22",0.0524830851803559,0.0472817238387705,0.064239088698307,0.166926371133702,0.533876146396769,1.82399979896136,2.47227038663109,3.11815776265301,3.9980640354855,4.30010677383764
"2011-05-23",0.0512516415307129,0.0484327489180039,0.067801265731088,0.172208171679654,0.535860774511063,1.80965353010296,2.45301770332354,3.09718021811022,3.97927269738393,4.28259395609277
"2011-05-24",0.058272846553054,0.0511859408566346,0.0654941288578883,0.163464025341977,0.52288938827346,1.79997250084732,2.44377470499375,3.08576820348778,3.96078535254357,4.26117836078814
"2011-05-25",0.0576112878184572,0.0544029163838443,0.0727949474333658,0.174390151721903,0.531662877933634,1.79681219295023,2.44196086783997,3.09186722330231,3.98706935521864,4.29549723461629
"2011-05-26",0.0579000339483059,0.0522457877689853,0.0666879121847269,0.159911612813521,0.501130348281992,1.73793440550474,2.37712424477059,3.02567123684209,3.92490662327099,4.23539459788506
"2011-05-29",0.0661605752325242,0.0566410434433515,0.0665462742914337,0.154170806777144,0.492388793304055,1.73513329146729,2.37605467008125,3.02369064679616,3.91730318557299,4.22529455525843
"2011-05-30",0.0727108920838767,0.0614428741596977,0.0697676349407483,0.156986915061289,0.500204653267146,1.76132399272803,2.40763627009937,3.05729937545324,3.94886013560385,4.25557371413886
"2011-05-31",0.0680228574082338,0.0571168035549602,0.065290728843536,0.15048358785996,0.486667871484985,1.73197806868665,2.37576764182963,3.02672380755355,3.92524292025087,4.23494886277851
"2011-06-01",0.0525015625068086,0.0469485438553112,0.0593620499057531,0.143115375448931,0.45623087246996,1.63030609961519,2.25768888909167,2.90888874411158,3.83311951527963,4.15495766299478
"2011-06-02",0.0593147442866032,0.0551771977806094,0.069904058353604,0.158767773980963,0.482925830713039,1.68634876185092,2.32744521276824,2.99230304551643,3.93543335646731,4.26381341474959
"2011-06-05",0.0621874691881445,0.057307294114538,0.070768315061568,0.156875406711424,0.476126634695424,1.67699284599841,2.32312173088392,2.99745743707898,3.96032943564243,4.29642114570295
"2011-06-06",0.0609406432812397,0.0533683647930183,0.062832324977993,0.141325109793684,0.44784721178733,1.63171492182235,2.27738400933814,2.95608414401871,3.93197620374991,4.27350313018753
"2011-06-07",0.0600455029110489,0.050362798941165,0.0571038107766776,0.1314888703179,0.433630586783237,1.61766086450589,2.266210268774,2.94877180230561,3.93094049544909,4.27472544468448
"2011-06-08",0.0621366297038371,0.0507638446561141,0.0546227539417591,0.122471979290556,0.410893792943164,1.56619723487918,2.20652990376089,2.88491305359291,3.86760941691451,4.21247107723159
"2011-06-09",0.0552972060426766,0.048431960151351,0.0590856361231901,0.140136153368502,0.451145803809871,1.63704341414603,2.27776947975614,2.94725358087977,3.9038721069778,4.23783702572247
"2011-06-12",0.0567078526094438,0.0481961110307801,0.0565870381210382,0.133761721341209,0.439032138560013,1.61651196904214,2.25488667927151,2.9225633569884,3.87715482486181,4.21045819307845
"2011-06-13",0.0590460634174548,0.0478703221151535,0.0533115385428422,0.127474418583879,0.433500404200311,1.62401045491049,2.26719879776063,2.93686017760068,3.88902270168478,4.22072766286854
"2011-06-14",0.0567403260236762,0.0475425274691875,0.0573964038122391,0.143826186544755,0.479195508214508,1.73084939562398,2.3873609780508,3.05849237760971,3.99537942993703,4.31959650665115
"2011-06-15",0.0703039353573775,0.0565476217262364,0.0581612151090061,0.125071965977398,0.419233836745852,1.59604768024417,2.24086345913783,2.91728106152627,3.88608232381329,4.22448924417587
"2011-06-16",0.0537423302978107,0.0449571142307751,0.0521076147470788,0.124762928494444,0.417742310570431,1.56971454915393,2.20475021931673,2.87648832504499,3.8486491522919,4.18973488814382
"2011-06-19",0.0444890790963172,0.0371175953582573,0.0461906245033759,0.122074519266437,0.419633577857613,1.57751324532999,2.21383510500189,2.88634052417882,3.85908881228483,4.20033539802935
"2011-06-20",0.0480801981245655,0.0373534070035826,0.0425440919430627,0.113911952280285,0.410482108272426,1.58209139799806,2.22535346025815,2.90280123789289,3.87800277930606,4.219382196227
"2011-06-21",0.0464291665830865,0.0360007218690484,0.0417008056651383,0.114252658524745,0.413527239658487,1.5927704715749,2.23973653977459,2.92094059208708,3.9014239965057,4.24464176426294
"2011-06-22",0.0436703335368112,0.0311611230104767,0.0345777240408727,0.104855489424334,0.404850618995758,1.59345814689493,2.24294144862193,2.9237321260367,3.89835096001396,4.23875306943819
"2011-06-23",0.0466271074656135,0.0319800698491141,0.0315613777307528,0.0927829229686085,0.373544241384588,1.52606092286065,2.16930850655776,2.85211515399162,3.84239488595952,4.1900194471913
"2011-06-26",0.0475006850308713,0.0357076176138991,0.0373334066776602,0.0968303344611072,0.362736207267514,1.47767274181823,2.12041713821711,2.82025457133419,3.86577856408166,4.23757876671241
"2011-06-27",0.0398148510489581,0.0371753605695584,0.050156642124389,0.125541468084058,0.40565826393789,1.51994059702637,2.16157361379856,2.86638570248848,3.93422126046877,4.31675351092175
"2011-06-28",0.0299165643688516,0.0364302738861504,0.0628266719436307,0.163368078567962,0.484876347956235,1.65310930241151,2.29414129043068,2.97985675186437,3.98999661468892,4.34747497857062
"2011-06-29",0.040062850461017,0.039391618210653,0.0588830411687106,0.156088998233119,0.494115219730758,1.73145979401549,2.39156992130878,3.07882097756175,4.05869904464037,4.40060749930972
"2011-06-30",0.0396713138604271,0.0353167492369347,0.0523423406555992,0.152451014294311,0.51116997664092,1.80017896765466,2.46456714015275,3.13818481148198,4.07179106344921,4.39411768602242
"2011-07-03",0.0490597435129118,0.0382034568660065,0.0484738391663593,0.143012282747481,0.50749813671328,1.82726986081893,2.49639117735417,3.16464653909674,4.07621215019854,4.38920401774033
"2011-07-04",0.0464610591863753,0.0367871453402341,0.0475236951103201,0.139779875715751,0.494321797652841,1.79492564471019,2.46536039820119,3.14272978687386,4.07729994140904,4.39940274996707
"2011-07-05",0.0361089145925488,0.0284683871294195,0.0402802509087423,0.129697284746028,0.469450277176517,1.73567363131975,2.40347465457493,3.08952468520879,4.05243006226716,4.38632163434326
"2011-07-06",0.034700045336761,0.0276764097933692,0.039808903994242,0.128332906359629,0.463475813941826,1.71898970440268,2.38613249535744,3.07533511841236,4.0483931153315,4.38654830240169
"2011-07-07",0.0444101991139546,0.0387834546080571,0.0536104786181834,0.148764068167191,0.497678887374577,1.77162115585105,2.4353964562066,3.11271141564704,4.05723826333721,4.38402398441334
"2011-07-10",0.0541650424106354,0.0433792115517679,0.0502196239411906,0.129298727977109,0.449302520175971,1.67822724732524,2.33609411254151,3.01711580552832,3.97978396910906,4.31442066603309
"2011-07-11",0.0503176644402127,0.0379550159533824,0.0402707818599025,0.105057583838421,0.388509432653134,1.54195061986587,2.187716264915,2.87611547205084,3.87990503847038,4.23310720442325
"2011-07-12",0.0390508494615838,0.030110076264461,0.0360012414138624,0.103632396000167,0.382681774692572,1.50851865234796,2.14386003219641,2.82704235572952,3.83405329450734,4.19010277189347
"2011-07-13",0.0321879558238623,0.0232797565117819,0.029267864119598,0.0972301640393912,0.377282859286116,1.50664305217376,2.14388595431308,2.82908602645611,3.83904626170707,4.19613623727631
"2011-07-14",0.0348355063943218,0.0242066061112508,0.0290290877496245,0.0984992853580955,0.3900813154111,1.56009715641256,2.21250690330889,2.90719262625643,3.91943729192984,4.27555173299773
"2011-07-17",0.0370505202026851,0.0255429200841504,0.0287643842455636,0.0945402976122579,0.379304721406493,1.5475211116484,2.2099747693039,2.92330378838403,3.97566678972452,4.34783563382109
"2011-07-18",0.0339579302182907,0.0267073504650077,0.0340260939298415,0.101760508614932,0.376429883921505,1.50179668638915,2.15253767266378,2.86608100903237,3.94285712632614,4.32770315476511
"2011-07-19",0.0440725038837812,0.0370448811300185,0.0447980765385343,0.113442736618721,0.388631184484659,1.49949015990343,2.13285667491709,2.8202708867744,3.84513858414633,4.20939304574936
"2011-07-20",0.0587816101550373,0.0481507552087578,0.0520965949717546,0.117591593926695,0.397205096231125,1.53887090174775,2.18538698689013,2.88128189709721,3.90767357808887,4.27063458377155
"2011-07-21",0.0668269781977469,0.0546117193990284,0.0578961056373808,0.126594302663612,0.421900333047922,1.60923364894283,2.2680310708014,2.96618941975566,3.97771955810612,4.33271620155442
"2011-07-24",0.0700913391266305,0.0596858117679993,0.0654029242658272,0.138096563603113,0.438788413959893,1.63192117093776,2.29141150082382,2.98954889490767,4.00038400423369,4.35507927052857
"2011-07-25",0.0808179794036197,0.0702964274567409,0.0749530049481497,0.143298603579158,0.4314335658671,1.59622086381466,2.25058271706032,2.95110698566382,3.97806920881864,4.34028969220642
"2011-07-26",0.101976826007469,0.0874674446939361,0.0863163707040226,0.143823365255258,0.413938841218386,1.55118972122048,2.20082312110796,2.9018123324933,3.93732006534502,4.30365200729918
"2011-07-27",0.102232425882947,0.0935585457207818,0.100039096125159,0.169383994998278,0.453158301744842,1.59466761369696,2.23829251598448,2.9302078841194,3.94993062967026,4.31045985172715
"2011-07-28",0.122790854045964,0.108870264397467,0.108664798185018,0.168082689532377,0.44115754141381,1.57668454515799,2.21976017143741,2.90978176115748,3.92278216997627,4.28020752467248
"2011-07-31",0.150477845195579,0.130599086703547,0.121932085579675,0.166137686116393,0.415259599331446,1.51678635386212,2.15436136959473,2.84490084745865,3.86732701414508,4.22924714615597
"2011-08-01",0.134479730108989,0.116849118204769,0.109312014494458,0.149734432481849,0.378183045810305,1.41278239733132,2.02794886621539,2.70797084164732,3.73952436326802,4.1087398037056
"2011-08-02",0.0699259551927443,0.0587121237366825,0.0582730444380477,0.105654513979668,0.329655994418335,1.31172469303916,1.89909971094693,2.55557726654563,3.56727891394272,3.9323766277028
"2011-08-03",0.0462777573994346,0.0392639424758461,0.0446445481113253,0.102036888925685,0.34037416964066,1.33580665198572,1.92023459071755,2.56789263096542,3.55761619660092,3.91346872977835
"2011-08-04",0.036052536885785,0.0235739399026413,0.0201895285183016,0.0588285540110616,0.259109396012381,1.17015847456117,1.72563017821404,2.35366356161992,3.33452218961024,3.69079399027469
"2011-08-07",0.0400297931060027,0.0297675598025435,0.0281008727033903,0.0656958836598225,0.253328357949776,1.11424780347757,1.64967331613769,2.2656334013278,3.25018135287805,3.61230670649865
"2011-08-08",0.0487791571874432,0.0409717950078392,0.0423013722357916,0.0839324509614696,0.274726741877044,1.13514684698991,1.67215211764667,2.29402162943644,3.29830458914182,3.66996790865739
"2011-08-09",0.054139918566394,0.039184917791096,0.0309613028139247,0.0571411461770154,0.228227262438468,1.07553156914941,1.61770815935653,2.25028876369445,3.27716353420103,3.65781704001271
"2011-08-10",0.0527747035456983,0.0397485066621588,0.0321634284877778,0.0533160887305129,0.199491470368332,0.957967061828207,1.46465096907853,2.07629447214249,3.11686779051355,3.51359345915629
"2011-08-11",0.0555309447659424,0.0377386258784687,0.0256988606946756,0.0457704437588948,0.210126256061872,1.06673032649547,1.62640924518178,2.28710637991192,3.37468296220363,3.78088874725098
"2011-08-14",0.0556493259030276,0.0381512945319942,0.0268147511707235,0.0490668053512437,0.219859853194241,1.10039823301518,1.67421854559954,2.35109061231273,3.46470376474635,3.88056248226474
"2011-08-15",0.0523093209970825,0.0374955344483922,0.0286519901477452,0.051501560006448,0.212483754364936,1.0442287868641,1.59527129048625,2.25553897593197,3.36675029925012,3.78751882675308
"2011-08-16",0.0431231316390407,0.0302753613939178,0.0232807918417521,0.0466375840424373,0.200383897291164,0.993402919758606,1.5243210059602,2.16725750613408,3.26670289815459,3.68731771193881
"2011-08-17",0.0421185008648316,0.0300705181775802,0.0238529171195537,0.0474700019707798,0.197976323317894,0.968840542932723,1.48401372478426,2.10754751169707,3.17340152014538,3.58111004913532
"2011-08-18",0.0371363767364755,0.0269085851899748,0.022584669588096,0.0474716509931025,0.193445730612553,0.92966556426177,1.42150925870117,2.01821223830812,3.04284617320171,3.43606602560874
"2011-08-21",0.0248827881776139,0.0165382425658699,0.0148368376304768,0.044268898659766,0.196796059112967,0.938243422537286,1.42704332129094,2.01618149424656,3.02020192901714,3.40385053496349
"2011-08-22",0.0227765736649284,0.0134761901571873,0.0110624555733554,0.041115531027894,0.199879782258484,0.966825786594504,1.46623959103043,2.06151852021635,3.05963867434407,3.43710544947686
"2011-08-23",0.0313086505944957,0.0212483396225658,0.0181578834347798,0.0482100219490643,0.21052635900368,0.996107155630765,1.50597060356746,2.11152194618313,3.12136193432069,3.50194907001405
"2011-08-24",0.0272106805885592,0.0180848857374784,0.0171223501363724,0.0534624611513054,0.233118317215669,1.07379455274996,1.61029526880333,2.2408858641667,3.27878861784876,3.66702548945062
"2011-08-25",0.0247985368577254,0.0153768304826382,0.0135063580118191,0.0467698161459694,0.217549095158207,1.03250253447718,1.55943113120028,2.184525917486,3.22610132901033,3.61853973018018
"2011-08-28",0.0276913705399397,0.0157259358281573,0.0110283751070397,0.041469237402386,0.213740389739494,1.04675448104439,1.58092851755551,2.20801823157097,3.23630119688711,3.61987801141137
"2011-08-29",0.0314688918570302,0.0187197456767471,0.0131579722787178,0.0427509187111189,0.21547896523236,1.05329335466053,1.58878944773579,2.21510129331291,3.23649010176558,3.61623947053479
"2011-08-30",0.0385118600961308,0.0260829098730341,0.0199199625819625,0.0453235839911881,0.202875047230566,0.99193148255052,1.50862794429522,2.12395375308952,3.15205441849888,3.53977357629186
"2011-08-31",0.0426327544298075,0.0300387441414663,0.0240860751470666,0.0512262387250406,0.215570124733647,1.0305796544588,1.56085228002912,2.18945752253258,3.23332366484831,3.62555660580248
"2011-09-01",0.0494589142888586,0.0346989229468363,0.02512650707595,0.0440843869950843,0.190492043146611,0.959868466997366,1.47170006628879,2.08574272167001,3.12005993704505,3.5118280605905
"2011-09-04",0.0513954782837511,0.0377153047269283,0.0288220591566639,0.0463865589161022,0.182758740350512,0.905958517371065,1.39165279881318,1.97889775536916,2.97910204750237,3.3605874416873
"2011-09-05",0.0477452467480257,0.0378473057542331,0.033624138091739,0.0574678327940222,0.197516925120659,0.901313005312363,1.36938357694788,1.93506655238969,2.90099960967097,3.27034815259172
"2011-09-06",0.0422322870830046,0.035345452350024,0.0351975054759057,0.0657932974055633,0.214960839217336,0.926970166674051,1.39403156004266,1.95609757664468,2.91290698249092,3.27837119510678
"2011-09-07",0.0378418439645071,0.0307413163296293,0.030718210447985,0.0628649487420795,0.21854383145245,0.957207561031532,1.43923731286233,2.01695609709657,2.99476174135337,3.36688870807291
"2011-09-08",0.0324579775319429,0.0265224583711344,0.0273455686860076,0.0586183323277217,0.206225750133388,0.911653396082555,1.37949808330618,1.94863707527246,2.93364149876597,3.31404145828862
"2011-09-11",0.0296099109623692,0.024891347452,0.0270415851398318,0.059471524150291,0.205201900929877,0.892645906709383,1.34839789748032,1.90405528013798,2.86997593704626,3.24423501272534
"2011-09-12",0.0253141963178732,0.0223669612599471,0.0269542397255558,0.0635539745532677,0.21536713219946,0.910608041900617,1.36756509079184,1.92315090506817,2.88696054224456,3.26011948818328
"2011-09-13",0.0230913263930721,0.0192456794941245,0.022958623024981,0.0592246640118065,0.214285441150582,0.930153084962846,1.40024536936275,1.97032101818849,2.95465487504887,3.33447471341136
"2011-09-14",0.0232524738197552,0.0162510494030047,0.0163084171505674,0.0483636793807186,0.202871849040654,0.932253325217519,1.40597714391073,1.97161073259164,2.92389734272943,3.28511129948542
"2011-09-15",0.0241505947562335,0.014551024623596,0.0122288722138711,0.0438609095859736,0.208344220307275,0.98599527019771,1.48169749912224,2.06257429488964,3.01388093828098,3.36859733430347
"2011-09-18",0.0208733393572048,0.0110565117606823,0.0081383000714062,0.0378359324591604,0.196792247513293,0.957664879951641,1.446222477112,2.02153535029188,2.96969852497457,3.32452180597448
"2011-09-19",0.0221224302484722,0.0106317350748767,0.00485982323893375,0.0279747333349037,0.172272591831436,0.89602055243096,1.37012933779359,1.93480214686476,2.87834602802049,3.23418657918206
"2011-09-20",0.0228333651238816,0.0121977339913557,0.00732966245235595,0.0311479588184445,0.173956147287566,0.886627767228873,1.35467720989902,1.91402577427821,2.85363889719331,3.20920444092028
"2011-09-21",0.0129143568128152,0.0108968668351507,0.0168503043400014,0.0558304935327135,0.209810035826001,0.886450677105899,1.31687055844381,1.82744114944377,2.68296033020136,3.00693548765983
"2011-09-22",0.0134197422554125,0.013392938430352,0.0210826138352688,0.0598362391819272,0.203351377945641,0.823173672850187,1.21927243992918,1.69311097643587,2.49843630699109,2.80636007913617
"2011-09-25",0.0135934063027067,0.0128620803807629,0.0201939198582055,0.0602026985367786,0.210964523242159,0.85787409917989,1.26492954530321,1.74493089833199,2.54355868742991,2.8447796256419
"2011-09-26",0.0125645702723167,0.0117110985960442,0.020074842708147,0.065551085023146,0.235287561203479,0.946353304864062,1.38225257153933,1.88557513154637,2.69906018730098,3.00062990424709
"2011-09-27",0.0207840038725048,0.0177593813363539,0.0239876826763267,0.0684103602995405,0.244183385912565,0.989113676290134,1.44195197364954,1.95929419883391,2.78227085276264,3.08451521712912
"2011-09-28",0.0263630065520026,0.0229653943062967,0.0286806441954536,0.0722245764554823,0.246705054832697,0.98985094143638,1.44228321181156,1.95940132572751,2.78228513262327,3.08452589468262
"2011-09-29",0.0179758076462168,0.0183507174583794,0.0293785502773193,0.0823025532321516,0.270809775210457,1.02790524087535,1.47686533964583,1.98311705791242,2.77686882882214,3.06629498774188
"2011-10-02",0.0192039795405207,0.0206231920500221,0.03206050130323,0.0824693068280891,0.257442764487114,0.95758533427418,1.37559003425263,1.85044950478807,2.60289016001465,2.87888781908613
"2011-10-03",0.021997372920328,0.0228312911006141,0.0326866099863882,0.0779596131298183,0.238008486714784,0.889453195691783,1.2836343813912,1.73572541339428,2.46091201539975,2.7287035656708
"2011-10-04",0.00951386718968968,0.0136095921368585,0.0282322027004101,0.082534590144492,0.258414704940117,0.940648365005664,1.34533956328944,1.80533731194554,2.53652832077139,2.80536986264779
"2011-10-05",0.0124461164632734,0.0119083231365598,0.0217562337393637,0.0726410394468403,0.256600825344472,0.986879967647973,1.41098561349752,1.88081474865131,2.60064157625927,2.85996721207269
"2011-10-06",0.0145498885521467,0.0112453440035132,0.018689917332438,0.0696387879874367,0.265281779910224,1.04619917071935,1.4921618608155,1.97793319499659,2.70590610893944,2.9653000756828
"2011-10-09",0.0138103180656832,0.0115082227208825,0.0209604562985076,0.0771727243676512,0.285333373647548,1.09520443210141,1.5495543728154,2.03881249688435,2.76260972238444,3.01904334035925
"2011-10-10",0.0112386666049183,0.0115220168554229,0.0247312681537893,0.0879291341912457,0.307617613246072,1.13460815770488,1.59148381681291,2.07971215700028,2.79654767916857,3.049740983263
"2011-10-11",0.0185172360046088,0.0149297984307896,0.024176165631328,0.0845599388869562,0.310681513718744,1.17486608758337,1.64719994596298,2.14561156545097,2.86585208539536,3.11845759833027
"2011-10-12",0.0333160826105882,0.023245404560277,0.0247176780168936,0.0752352521312883,0.296687729560575,1.18740839745489,1.67898614271448,2.19744054434955,2.9444197218457,3.20596277860146
"2011-10-13",0.0398909211061905,0.0287236635260356,0.0282517856475672,0.0741874304349921,0.285677248538769,1.15488218520156,1.64016969686793,2.15535039183196,2.90256352888154,3.164866466845
"2011-10-16",0.0447161028765171,0.0333600783382302,0.0321555085905842,0.0754650460265773,0.279495005832547,1.12917357856523,1.60797570105556,2.11932534126426,2.86578733055546,3.1285178750771
"2011-10-17",0.0470605453580076,0.0356104397274146,0.0340508990715863,0.0761513670315029,0.277143064698825,1.12256832309965,1.60287965081875,2.11871931013857,2.87642935224235,3.1438163800557
"2011-10-18",0.0434611530620544,0.0336094670798272,0.0337911826823626,0.0776382473136409,0.278509950485638,1.12263602709917,1.60708840715976,2.13222300931098,2.91234727541371,3.18904263580657
"2011-10-19",0.0408810808109675,0.0324326529838588,0.0339401253923485,0.0783355700759565,0.275700365763288,1.10648702042505,1.58840725903254,2.11576376622955,2.90839194935221,3.19105212928646
"2011-10-20",0.0389191150984327,0.0294090111466186,0.0299575477363411,0.0742064129773612,0.275516827658867,1.12443911188986,1.61462005327341,2.14859093523443,2.94655379782089,3.23034094498468
"2011-10-23",0.0303439466611334,0.0226721893457588,0.0262322837624837,0.0770767456739592,0.292072852190767,1.17198110146419,1.67317521384474,2.21527810860636,3.01950915186146,3.30465169757342
"2011-10-24",0.0283347505234169,0.0214619519208789,0.0257357177954595,0.0766820021886179,0.288879577255733,1.15753668939952,1.65485929243663,2.19527287926094,3.00159726327267,3.28823724921881
"2011-10-25",0.0382338516656271,0.0293842666400568,0.0297522031804304,0.0704941179907852,0.258065367115866,1.0651058215374,1.54071289828201,2.06675814979426,2.86733738283523,3.15449335379357
"2011-10-26",0.0380257449672998,0.0305885724324131,0.0338865075675377,0.0825256203674209,0.289319609748052,1.14199753797537,1.63119973028482,2.16311517730655,2.95706935035052,3.23934142935054
"2011-10-27",0.0344973446969596,0.0280011123628162,0.0340296043416468,0.0916958724425405,0.324270501591031,1.25485801438589,1.77873348152216,2.34165857305313,3.17104322010832,3.46425550560383
"2011-10-30",0.0380404565874417,0.0281740531000568,0.0291702145818473,0.0770599867336093,0.292181395153914,1.1905750421469,1.70526853624714,2.26290289840326,3.09104566608911,3.38474774451094
"2011-10-31",0.0378210026687186,0.0276110616076556,0.0261835022791628,0.0640897981458859,0.248238953318627,1.05364111482034,1.5304465772835,2.0585174848259,2.86287103178038,3.15145052505022
"2011-11-01",0.0319689313371573,0.0252428460844957,0.0270609243301108,0.0658744558809992,0.238227511395839,0.986209451265026,1.43635223421637,1.94333272007987,2.73309139909485,3.01973092541013
"2011-11-02",0.0316953702966229,0.0235972872644101,0.023443238667569,0.0586708894358672,0.225453069304934,0.96790099430397,1.41987670943853,1.93211152271455,2.73563041876451,3.02825093857354
"2011-11-03",0.0317805209320792,0.0226804683246901,0.0218060642721392,0.0578537511217201,0.232087150007261,1.0088862785003,1.47992088626326,2.01162740559227,2.84115061189956,3.14235738498627
"2011-11-06",0.0254859856181859,0.0174796340533703,0.0175978038223212,0.0538357673513403,0.224279409356861,0.985322200684196,1.45114785780191,1.98153405576561,2.81864290484656,3.12449865387023
"2011-11-07",0.0236037282638855,0.0149554021303439,0.0141419999987671,0.0486269652374341,0.215978610600604,0.970431252313877,1.43345556162009,1.96107277163893,2.79426043508473,3.09873365819607
"2011-11-08",0.0273769378506219,0.0181166434223167,0.0171016007993616,0.0531655715567192,0.228252633603303,1.00989618503292,1.48404203823206,2.01931864843714,2.85447203610373,3.15772970106556
"2011-11-09",0.0268391863773919,0.0195604561936968,0.0199883872443637,0.0546426583688313,0.216591599159536,0.944912767516658,1.39536823236022,1.91271309434143,2.73869060899197,3.04238366843787
"2011-11-10",0.0282462131718274,0.0186138942300353,0.0168006099656471,0.0506430462325248,0.220101445653095,0.987198970295398,1.45633727290452,1.98875183578379,2.82469383364574,3.12920632340616
"2011-11-13",0.026229759587257,0.0169111109828292,0.0155903164216382,0.0504737246654691,0.222104313793993,0.995070195300849,1.4671372029422,2.00265335688995,2.84323143001828,3.14940708795004
"2011-11-14",0.0292758412854254,0.0195250878893824,0.0174785517631094,0.0506940827459451,0.218493086358755,0.980008513697171,1.44605428051179,1.97506730511123,2.80578231338174,3.10840322063719
"2011-11-15",0.0328781928209641,0.0240830031947914,0.0232739264622761,0.0583610372770601,0.228113517489599,0.988798382875127,1.45272524583969,1.97879158621513,2.80430975095374,3.10497502782537
"2011-11-16",0.0331154480206589,0.0264296131511616,0.0278300430959665,0.0645953651697844,0.230735517100356,0.966286936614889,1.41724500072234,1.93231601600348,2.74916612162154,3.04844609012136
"2011-11-17",0.0248712077431536,0.0219191896807192,0.027789771822049,0.0701703369511648,0.238594008408698,0.956763620883975,1.39592996778751,1.89994369207057,2.70652709690367,3.0037304077798
"2011-11-20",0.0228174833953605,0.0215345654364315,0.0297525969971342,0.0762640628811315,0.250793679827823,0.97437806452932,1.41128616950678,1.90938548975452,2.70060331133042,2.99105126488027
"2011-11-21",0.0311681505587796,0.0276881307847552,0.0334136029231052,0.0771874209776559,0.251620277860163,0.982873675340063,1.42037133730262,1.91360771104024,2.68459564375152,2.96506962321262
"2011-11-22",0.037279795787902,0.0337135367563657,0.0389038699556095,0.0804795723744332,0.247895119848219,0.956022038417629,1.3827300930818,1.86628089331201,2.62701746831459,2.90469509046603
"2011-11-23",0.0403244156194846,0.0379304329521872,0.0443385139045629,0.0867764543975242,0.25179504214895,0.943091099199107,1.3600803958384,1.83399282528761,2.58301711821111,2.85715724203877
"2011-11-24",0.0407904606107689,0.0392272680637306,0.0467729246912117,0.0911426673099061,0.258949704929284,0.953866555414034,1.37155768297519,1.84574757192993,2.59464509456861,2.8686744600434
"2011-11-27",0.0439130982130919,0.0398238916713321,0.0446909619446237,0.0868646669192307,0.258160355807169,0.97824764240395,1.40759861993603,1.88981230906168,2.63958303639733,2.91155692769213
"2011-11-28",0.0414937680885172,0.0357621987028392,0.0389876104003098,0.0801981963174266,0.255239352974516,0.99600568362661,1.4346274147507,1.92339336984233,2.67515504949354,2.94629252529675
"2011-11-29",0.0311256000238908,0.0272749169592402,0.0329231133414188,0.0778274932994834,0.257249392185415,1.00320204592435,1.44455972707708,1.9376883219149,2.69962877172988,2.97514949927421
"2011-11-30",0.0394633749256328,0.0308339508740199,0.0311820528394524,0.0708579138862628,0.253576723251753,1.03981462933725,1.50317477611511,2.01567834762185,2.79565271842524,3.07541843114867
"2011-12-01",0.0375843669299394,0.0294143195160613,0.0302680667703655,0.0704892856525012,0.253457841077326,1.04186228667418,1.50891917914346,2.02788626144849,2.82233420973985,3.10811832278768
"2011-12-04",0.0306906792033014,0.0242185197732768,0.0269090171174992,0.0687567570579184,0.249711852155784,1.0203143507715,1.47743080305313,1.98708113552938,2.77124469175073,3.05409783843192
"2011-12-05",0.0290934927928338,0.022783121254298,0.0256364278186372,0.0675713304778841,0.248041028218922,1.01530666845649,1.47022639623848,1.9773554355509,2.75756634724999,3.03898607919155
"2011-12-06",0.0344755957205929,0.0262475926681416,0.0268580709859748,0.0662176336602045,0.246945344321058,1.0320881420749,1.50048409179611,2.02359095196141,2.82935446379769,3.1200925268116
"2011-12-07",0.028227783933507,0.0198405482520152,0.0195209420690812,0.0552150846133266,0.22511256741921,0.982679162203862,1.44407036104293,1.96704754543698,2.78749291656652,3.08628589502909
"2011-12-08",0.029636438652836,0.0205852307372763,0.0187624913471209,0.0501053405930365,0.208586253126135,0.934963600158418,1.38460107195378,1.89964981559328,2.71807156805189,3.01810969783812
"2011-12-11",0.0307680475908324,0.0202801750063524,0.0168126451347346,0.0463499537984166,0.20511313730114,0.941777404522394,1.3974250901187,1.9178417431727,2.74094438904868,3.04187576274398
"2011-12-12",0.0299903124875003,0.0199731361941288,0.017263892573492,0.0484590621138988,0.21082951910032,0.957732800064302,1.418645509702,1.94471485858772,2.77637395406623,3.08039081917663
"2011-12-13",0.028659059276706,0.0225116033671004,0.0242042804931664,0.0601375522495762,0.221407453415867,0.940405908500801,1.38586175422339,1.89915240781411,2.72287306226662,3.02666011065928
"2011-12-14",0.021174749529934,0.0197213196246151,0.0271754312332054,0.070766062249948,0.236346414002563,0.932366989468598,1.35782984727716,1.84736973245659,2.6344057872211,2.92524957415738
"2011-12-15",0.0187610703508959,0.0172265857560221,0.0246200863010887,0.0682728386884953,0.234490980120913,0.933911228312459,1.36158817599103,1.85372467775651,2.64499069394729,2.93740424672258
"2011-12-18",0.0162353297735644,0.0156637664213141,0.0237667358068529,0.0667262436008481,0.226206072005013,0.895447426297657,1.30750439338866,1.78519575223444,2.5616047687125,2.85038425764843
"2011-12-19",0.014337841408124,0.0149545383975989,0.0243647234964057,0.0685369305581395,0.226660693160445,0.881917638100267,1.28526828996269,1.75402901553995,2.51940178744887,2.80493046937638
"2011-12-20",0.0168417242646207,0.0164916936162829,0.0254871604446289,0.0717942820387701,0.241619086969939,0.944616732428319,1.37228953987732,1.86363038401791,2.65272489237613,2.9442294063422
"2011-12-21",0.0149650446597679,0.0172710225275135,0.0298900097586124,0.08235637356395,0.261377331459812,0.980515283128586,1.41545380492889,1.91551157498177,2.72125754792222,3.01965955499108
"2011-12-22",0.0111460024449815,0.0140829691932699,0.0276370879632664,0.0818724211867738,0.263745683636918,0.985073781518138,1.41783927746057,1.91283333141353,2.7053116854365,2.99776935518255
"2011-12-25",0.0151821479179973,0.0174859034788231,0.0305983867367067,0.0853660774837565,0.271624604772976,1.00951280816549,1.44861041113706,1.9469129637676,2.73592672266382,3.02527289300394
"2011-12-26",0.0194755617441084,0.0216809814760976,0.0349697317267119,0.0909910837822434,0.281860301069658,1.03542735026083,1.4815155697915,1.9855292150782,2.77890122909449,3.06890498173496
"2011-12-27",0.018626037240149,0.0208462946911124,0.0340622939085636,0.0896569001123136,0.278913148187859,1.02580236076254,1.46787708062363,1.96733445621472,2.75351078669636,3.04088157825912
"2011-12-28",0.0216271576868111,0.022778957920576,0.0340321180724941,0.0847223271598565,0.262062209650294,0.974352183907322,1.40013049308143,1.88400838769606,2.65094658326403,2.93228606482516
"2011-12-29",0.0254908973319876,0.0263931094170378,0.0369269126377805,0.0852678972234534,0.256102740327126,0.951334230930916,1.37198775704734,1.85443202087649,2.6282981059738,2.91406454420787
"2012-01-01",0.0239635107695443,0.026997519330569,0.0398457403006143,0.0903186323704033,0.259322844250391,0.939581394322176,1.35585581828072,1.83992204110332,2.63280345465525,2.9293528061694
"2012-01-02",0.0251741861161549,0.0274102318996937,0.0392748982315306,0.0884386209902647,0.256773842008261,0.942101364668434,1.36307236081387,1.85320552927727,2.65674413578813,2.95737103260778
"2012-01-03",0.031809006171456,0.0289224359529717,0.0348571389182618,0.0772632005002424,0.245447546686665,0.96201871871359,1.40010094480391,1.90283249336998,2.70732174498021,3.00374845488292
"2012-01-04",0.0301838169129856,0.0274073456587303,0.0334831268670116,0.0761532080451641,0.245123807801798,0.967713686684856,1.41174776211144,1.92349687262346,2.74718777327858,3.05169044329455
"2012-01-05",0.0298703370354679,0.0269694099641784,0.0328181456221268,0.0749721909346379,0.243083803121329,0.967104679922969,1.41473443461818,1.93298388067731,2.77217301604424,3.08346310810379
"2012-01-08",0.0309799604320059,0.0271749048377384,0.0315972459112059,0.0707651295045838,0.233004346954453,0.945099644605977,1.38958733083746,1.90709934539561,2.75080151963302,3.06492684356658
"2012-01-09",0.0317899375125245,0.027060192697079,0.0301785451513696,0.0670089422158267,0.225470501639312,0.930815641063989,1.37290666271939,1.88828761802497,2.72927445355297,3.04248198897555
"2012-01-10",0.0355844700463676,0.0290688211324108,0.0301147755252489,0.0645415368698419,0.222620601654323,0.93595339965037,1.38123749446314,1.89691881865081,2.7297453386818,3.0379600720075
"2012-01-11",0.0423668989797017,0.0356330989147179,0.0358627979204047,0.0673154456722432,0.216453638637851,0.902441116603706,1.33643434579087,1.84383346445916,2.67347225773144,2.98265911302135
"2012-01-12",0.050084072695225,0.0407800065436661,0.0380932862171485,0.0664044666482033,0.216069772108812,0.91728816577557,1.35772225110468,1.86733264387376,2.68748192780338,2.99022534503293
"2012-01-15",0.0519326332894469,0.0422920695895397,0.0390816304279896,0.0662977713315773,0.213702989511956,0.908832942861611,1.34619883277977,1.85252114719655,2.66766794888891,2.96859857468612
"2012-01-16",0.0500115983406703,0.0411546628917837,0.038518748613328,0.065190659333715,0.207418250678911,0.881515128905363,1.30975768288165,1.80971282991251,2.62400856738655,2.92663741932769
"2012-01-17",0.0491698267713446,0.0404006931444477,0.0376989639882203,0.0637014425738724,0.203412710867284,0.869915009210297,1.29579128425255,1.79520818989759,2.61352357337984,2.91870201929439
"2012-01-18",0.0561857564511747,0.0472503354349929,0.0444852141346502,0.0709201656969373,0.213059892463749,0.89128181014916,1.32466946074095,1.83290291912935,2.66567385621275,2.97624441579905
"2012-01-19",0.064525409333354,0.0533315332329544,0.048514409727402,0.0746408157630651,0.225537198621245,0.945381764885368,1.39773413385527,1.91973644253148,2.75586164579155,3.06359829204986
"2012-01-22",0.0645880916490184,0.0524572793348116,0.0469849987527192,0.0739138984997452,0.231519302959329,0.978572121840708,1.44323572734233,1.97482472995921,2.81652903090898,3.12436507838079
"2012-01-23",0.0573855248754547,0.0465313063297051,0.0428815590391161,0.0731481663039381,0.236369000661112,0.994375672203069,1.46333251689084,1.99898675618286,2.84622843618924,3.15598952751391
"2012-01-24",0.0564658936262482,0.0446183238135963,0.0397014478064381,0.0681185862171158,0.229659579586996,0.989994249818994,1.46205468565034,2.00181556184455,2.85615047671004,3.16857156163572
"2012-01-25",0.0698877338907655,0.0550462888254613,0.0449909230060093,0.0616717713316175,0.198543646044656,0.912141202824342,1.37842087304681,1.92887360600601,2.83499087250821,3.17342404502433
"2012-01-26",0.0795849136896319,0.064859467944599,0.0542412096385897,0.0677560155926767,0.193625323717609,0.871782919699419,1.32382278710275,1.86501082031023,2.77261161116071,3.1153166723045
"2012-01-29",0.0856256430068393,0.0711606819552978,0.060574373933719,0.073121171563594,0.194445443872153,0.854449042979004,1.29711791120652,1.82947418984012,2.72772500706392,3.06815216540244
"2012-01-30",0.0838257119967638,0.0707669586693616,0.0616263900025412,0.0751271804639172,0.193265690628998,0.832096099732134,1.26312108817447,1.7849888766936,2.67471726345631,3.01418195363822
"2012-01-31",0.0780287653533992,0.0673128582994176,0.0607628887222887,0.0767311625443357,0.192566445860619,0.806745985938005,1.2237270205806,1.73334994238696,2.6156312832299,2.95577488031437
"2012-02-01",0.094166502592252,0.0811001152285774,0.0716397873871623,0.0836582933317984,0.196983550878129,0.82169655630083,1.24823861888261,1.76914619741813,2.66788565907888,3.0133705279805
"2012-02-02",0.103406689316371,0.0900276667310471,0.0798774880091969,0.0899401699055983,0.198281708953777,0.811128471789939,1.23522928474977,1.75794046926993,2.67124525141589,3.02516804127437
"2012-02-05",0.0991987034853809,0.0860542859302629,0.0762995470034662,0.0872802973023843,0.197786086387012,0.817586771407792,1.24567005760744,1.77298402171511,2.69394634995364,3.05078318941445
"2012-02-06",0.0913033083686147,0.0794891007558028,0.071989585440898,0.0881524799258034,0.210211296288965,0.859641548972343,1.29935362787055,1.83499233743962,2.7574789891105,3.1118666549374
"2012-02-07",0.0946257664339682,0.0831026119695044,0.0767197970816283,0.0969776162557706,0.231324036040682,0.917015558544968,1.36992009753614,1.91210295650269,2.8239931731963,3.16921152963465
"2012-02-08",0.101970215213207,0.0901023756529013,0.0833872740924599,0.103492190919948,0.238710010922589,0.927875191353338,1.3811537814004,1.92167248704309,2.82562777433152,3.16663642340206
"2012-02-09",0.108116861399319,0.0951756240479918,0.0874496544953002,0.107244857936904,0.246119048213361,0.953590536117189,1.4151703240948,1.9613274586074,2.86445957707552,3.20280560508773
"2012-02-12",0.112276612661045,0.101519350561879,0.0963323455557473,0.119054322499706,0.258110218891009,0.952418461362952,1.40671811262762,1.94760970539837,2.8511945004961,3.19193699151989
"2012-02-13",0.113557232592039,0.10635204098968,0.105197632863845,0.132190541186971,0.269724842397428,0.935007428151154,1.37301159209019,1.90070869110702,2.79975100888814,3.14324998862169
"2012-02-14",0.116905016325882,0.10964643001271,0.108171641926876,0.13384100658,0.267061573908221,0.917435286351889,1.34820603617139,1.86942739776087,2.76272317604829,3.10530542096216
"2012-02-15",0.127687323034567,0.11466943083392,0.10573333926894,0.12007379212353,0.24109364399136,0.891837058617004,1.33031845215122,1.86100427290858,2.76551251618896,3.11058276707088
"2012-02-16",0.0938494635458539,0.0894596911195086,0.0921802733161652,0.125810765319917,0.273068552502915,0.951178290804454,1.3915125559633,1.91972864550146,2.81683296610243,3.15921178192644
"2012-02-19",0.069311353572545,0.0723588124902025,0.0850209975094786,0.134784018844148,0.303099631791348,1.00097074141434,1.44249633336571,1.97014036103828,2.86864786277438,3.21299034894589
"2012-02-20",0.0697335934666987,0.0726171662205765,0.0852700617141472,0.135694962624423,0.307051440360919,1.01688265698385,1.46439633747225,1.99736022658613,2.90017508948481,3.24496293088785
"2012-02-21",0.0851781501788641,0.0819337327961871,0.0868192942708043,0.125969642080848,0.286649933411428,1.00088328172519,1.45516362240366,1.99269298107959,2.88925913965714,3.22770954205343
"2012-02-22",0.0882983331471827,0.0847263885424935,0.0885731637985523,0.124134659556476,0.274227677331563,0.956109612970794,1.39715007547889,1.92555188999865,2.82215235525341,3.16422829917541
"2012-02-23",0.106257996724693,0.101337958592931,0.103431437523223,0.136284034063199,0.283148819435608,0.961839585691038,1.40145346573854,1.92711232601409,2.81530904867013,3.15313438621667
"2012-02-26",0.120153934189118,0.112494922056334,0.110996891953378,0.138197097730243,0.277944919066873,0.947729420300585,1.38295022822833,1.90137602993484,2.77023059519131,3.09875977396797
"2012-02-27",0.114030123906111,0.107480654802079,0.107107803460186,0.134996951177538,0.27209583629664,0.925626314601285,1.35264715142356,1.86464102072189,2.73145466134106,3.06137414361071
"2012-02-28",0.10015629561857,0.0959894167366112,0.0986731555295743,0.131144818323513,0.27323770075759,0.929852078610753,1.35813315363317,1.87385061521208,2.75461065012326,3.09196263557813
"2012-02-29",0.107242014344015,0.10089615777292,0.101199797856239,0.131468289386379,0.275656105345518,0.951083431807362,1.38722190848441,1.9057334143414,2.7735268548262,3.10149892066176
"2012-03-01",0.0978128627598451,0.091162562826009,0.0915934684069379,0.123777362224961,0.27587926708109,0.980745773984615,1.43111234462756,1.96205002622049,2.84029603880026,3.16986629186849
"2012-03-04",0.0974760471262642,0.0915588792138788,0.0929099284481709,0.126429217123455,0.279982063169944,0.987288412064739,1.44016409886529,1.97579056822035,2.866372000399,3.20167534160582
"2012-03-05",0.103358650117486,0.0962868100988989,0.0958093156920687,0.125457192369547,0.271141535589169,0.960210983079167,1.40635134103377,1.93719366676326,2.82615136029128,3.16219049525663
"2012-03-06",0.0973040718049552,0.0911355127137524,0.0912938640395101,0.120158511888439,0.259159804435493,0.920082427515152,1.35316820343294,1.87417340269914,2.76086950955754,3.09952418147062
"2012-03-07",0.0977763927173918,0.0954177767054125,0.100409095686715,0.136312811285048,0.282139298587248,0.942118795502022,1.37296228294606,1.89445197843965,2.7936285321169,3.14041142813046
"2012-03-08",0.105055523577325,0.101682644720332,0.105699522777774,0.141250253108599,0.290550063537274,0.970042579381572,1.41127845091774,1.94184389980055,2.84702124924777,3.19359704217883
"2012-03-11",0.0993175833886883,0.0974687006443148,0.103535617483566,0.142440285965542,0.296116783214278,0.978699560511939,1.41871717261167,1.94658032055396,2.84559667210281,3.18960128960737
"2012-03-12",0.0926804241879111,0.0931072519658493,0.102257199565996,0.146279692107584,0.306896975215254,0.995843893854232,1.43516026558617,1.96032547175432,2.85241462444413,3.19344881576267
"2012-03-13",0.0964927994573603,0.0984576891332746,0.110311025175405,0.160779719496985,0.33625234031355,1.06414631611612,1.51881179853046,2.05497706433068,2.94952505972097,3.28777098744616
"2012-03-14",0.10555643600388,0.107609511922307,0.121060132444767,0.178745291975932,0.37763434206024,1.17748495666491,1.65957294594207,2.21179542827323,3.09681921419034,3.42354078471266
"2012-03-15",0.105759842728393,0.105032408219311,0.114992299683795,0.167726939410373,0.362370968976044,1.16702007823024,1.65439530970399,2.21207242641817,3.10268252423147,3.43062976662969
"2012-03-18",0.10840851320173,0.104619512216575,0.111403203561645,0.161782257988519,0.361458805374405,1.19677292180806,1.69621106862923,2.25917018581303,3.13902754393223,3.45909386627632
"2012-03-19",0.108022727436021,0.105553829436214,0.114862117927109,0.17162074910664,0.38601109422201,1.25328859254445,1.75992881607325,2.32219853018379,3.1846849809446,3.49551366307052
"2012-03-20",0.104493170671955,0.10547145852017,0.119011125817175,0.181458926594394,0.399679748418258,1.25663307935494,1.75474525754176,2.30827250810836,3.16042466415269,3.46823467497298
"2012-03-21",0.107630661328224,0.103995109142913,0.111196432760574,0.162808569750903,0.365126558654344,1.19999265921906,1.692844461841,2.24313139418875,3.09299981307008,3.40027426311423
"2012-03-22",0.0926615049470015,0.0923536752291563,0.103531471550129,0.160165016759279,0.364935010365476,1.18910790375288,1.67603725308037,2.22288436211977,3.07542829463402,3.38532389219594
"2012-03-25",0.0918057650901881,0.0917105491832303,0.103177122835893,0.1602935539499,0.365736688530161,1.1906814237264,1.67770389973355,2.22452921489311,3.07690479622067,3.38672435482485
"2012-03-26",0.100623869670967,0.0965573829075215,0.102661957510197,0.150916504096879,0.344352117606722,1.15714900509049,1.64377105514699,2.19250673546222,3.05036995848442,3.36246145250802
"2012-03-27",0.0981371431932389,0.0934859722932506,0.0979033689800831,0.140672739080744,0.319114609570508,1.09437773918418,1.57111024274569,2.11918166952477,2.99732268617442,3.32101644542754
"2012-03-28",0.0894448638368497,0.0875361670962911,0.0956402573511092,0.144444832607111,0.330843607553925,1.11284354294239,1.58867724839539,2.13393052323935,3.00557321141395,3.32663894697759
"2012-03-29",0.071553382062065,0.0743891796188224,0.0880744301381984,0.143572669276972,0.331635314532868,1.0903777040344,1.55336216785998,2.08991102926956,2.96418944987595,3.29012408320713
"2012-04-01",0.0778099752808433,0.0776521102649844,0.0871260288556428,0.135158999716353,0.311720308749463,1.05525825112411,1.51700712135747,2.05651709739514,2.94326055412387,3.2753034990037
"2012-04-02",0.091930784286042,0.088786061871268,0.0949332776769824,0.139668808876284,0.318413271360179,1.0888074181834,1.56521582571583,2.11682325766795,3.01007275427261,3.34142147436206
"2012-04-03",0.0946376686428505,0.09475726927134,0.106124775652975,0.161995586239827,0.363263579233115,1.18275962506166,1.67477327151938,2.23469768004437,3.12302291485857,3.44899057433448
"2012-04-04",0.107264665345249,0.102920063973978,0.107894002140299,0.152055463939155,0.333984737068546,1.12064907220715,1.60371322457597,2.15882328290787,3.04797467519699,3.37569564784178
"2012-04-05",0.10321379945998,0.100101393078257,0.106096486173318,0.149985808169561,0.325879651490882,1.08808058750385,1.56202799776309,2.11318054234883,3.01096838129499,3.34513761571924
"2012-04-08",0.100464983672372,0.099481004163639,0.107556492827187,0.152431815726053,0.322383299120114,1.05323758281249,1.51342840711158,2.0562063278232,2.95942588007337,3.30011477649906
"2012-04-09",0.105970486929877,0.103471237071528,0.108852283844032,0.147233216331954,0.302103666488571,0.993483597468882,1.43834408678315,1.9704376587126,2.87220482148851,3.21610372636941
"2012-04-10",0.11370874967368,0.107691470061251,0.108017664868059,0.137078014229286,0.276302130916381,0.939720591361019,1.37622585868247,1.90329282838114,2.80524586857278,3.15096274182671
"2012-04-11",0.116686234368631,0.109717226542974,0.10921989981659,0.138391136677387,0.282412754484017,0.969849500057236,1.41918792953924,1.95800114796516,2.87029461476035,3.21753412054876
"2012-04-12",0.11299022233259,0.104865787180934,0.103162821816775,0.13144584954226,0.277591882322544,0.979194742676415,1.43529356336888,1.97866308895145,2.88941086162813,3.23379209180815
"2012-04-15",0.108920486169506,0.100811824431989,0.098853583515931,0.125834754878937,0.267448982750119,0.953097791168722,1.40150396922182,1.93805289478926,2.84275950123125,3.18610780025403
"2012-04-16",0.10597048229943,0.0981515545446363,0.0963501664209877,0.122844137272247,0.261446289565792,0.934366306400659,1.37625449133804,1.90689353145718,2.80627481736344,3.14872295070103
"2012-04-17",0.0992842175200956,0.0925800525570784,0.0923313959026172,0.121546191139194,0.264341773885588,0.943828877804455,1.38759437836508,1.9195845879743,2.82015417601594,3.1629085248516
"2012-04-18",0.0920482318202219,0.0859461960890182,0.0863361190319127,0.116060341737592,0.257886625392884,0.930267239033284,1.37050210608872,1.89997272148124,2.80090934324098,3.14498041932514
"2012-04-19",0.0914535001182522,0.0862642575067567,0.0877433199260498,0.118821974709497,0.261149218801452,0.929377053098105,1.36722056296323,1.89521189542745,2.79788375292265,3.14375838744921
"2012-04-22",0.093443757020425,0.0871913447890706,0.0871698429680425,0.115554963308287,0.253520160517659,0.913942242197008,1.34902554861381,1.87458364539743,2.77421430820346,3.11907645643276
"2012-04-23",0.0973634181514591,0.0904278752918283,0.0894490163005314,0.116137679570529,0.251426795111904,0.907380374191383,1.34103965847974,1.86545240286217,2.76383954517776,3.10832282004046
"2012-04-24",0.107717590332095,0.100268953579579,0.0988158597164667,0.12541741666282,0.262785255464285,0.929857038393455,1.36950294117066,1.89935151824487,2.80227337473436,3.14728341643578
"2012-04-25",0.11880709300968,0.108462550239365,0.103308132034126,0.124464400964087,0.256613074339433,0.927694406331153,1.37358241595416,1.91095601482488,2.82410780303579,3.17211191230311
"2012-04-26",0.117569305094132,0.108428663884835,0.104399624944494,0.125855136071862,0.253698325840919,0.903475000266925,1.33996727785208,1.87170841676904,2.79012161436068,3.1438982992757
"2012-04-29",0.119214537713493,0.110141724096556,0.105987219125973,0.126545660127356,0.251013723710531,0.888720548150793,1.31961269104679,1.84685843568844,2.76325956286008,3.1177122363441
"2012-04-30",0.114021855301273,0.106563391274316,0.104502590616308,0.128258920041062,0.25630941463151,0.895520129676881,1.32596600884652,1.85336286515097,2.77350035621641,3.13049500446117
"2012-05-01",0.102622586925234,0.0978809573849037,0.0994763538338853,0.129253444379042,0.265501836898924,0.914536473112787,1.34743814205112,1.87747384413923,2.80430970960939,3.16481636127486
"2012-05-02",0.108436777049963,0.102387729561803,0.10224637456901,0.129221461817635,0.261743408475242,0.905546298839049,1.33590655680507,1.8619823846232,2.77825481188778,3.13352906825903
"2012-05-03",0.0976509527146933,0.0932339368443147,0.0952157953301506,0.125453679852476,0.261686067692947,0.907178488803861,1.33706118702995,1.86314425756621,2.78273499038986,3.14037561416539
"2012-05-06",0.101975916444382,0.0961495075028199,0.0961582160381344,0.122906849814027,0.253662781258057,0.890180213551157,1.31731722304118,1.84130381123121,2.75887491349746,3.11596659599776
"2012-05-07",0.111414805835954,0.104126228347946,0.101918565129337,0.124228947051755,0.246508141846793,0.864175979882287,1.28419997012077,1.80281085990259,2.71788123636156,3.07561652188256
"2012-05-08",0.111799882280891,0.105736948569316,0.10479559361526,0.127968508775814,0.247602635018835,0.848024055542283,1.2595356810829,1.77235486009037,2.69106088911644,3.05418177502433
"2012-05-09",0.11776860780055,0.111560318627599,0.110280450641296,0.13244143996166,0.249288947288662,0.841329422603105,1.24939837706224,1.75996433647793,2.67990910241351,3.04496809953695
"2012-05-10",0.123411085397581,0.114512938180265,0.110070987296672,0.128493168063895,0.244880050536428,0.853908901523402,1.27186077230809,1.78938467753953,2.70446094301645,3.06247738915414
"2012-05-13",0.119447831729975,0.111482847638061,0.107951018045656,0.126749720464059,0.240021560070507,0.830440472961039,1.2378644332027,1.74554321462436,2.65246836432497,3.00991421275466
"2012-05-14",0.11447086681741,0.108930779959156,0.108121486518269,0.129639039190657,0.240860215740404,0.804839409689834,1.1960100566562,1.68853764786669,2.58511078206268,2.94359062756138
"2012-05-15",0.114952125098462,0.111311501601114,0.112969736131359,0.13824265777701,0.253458630477628,0.81629052130461,1.20377681863512,1.6915263707507,2.58160155243596,2.93847166822399
"2012-05-16",0.118456363754574,0.115476246859723,0.117964532659141,0.144391645480109,0.260354960469383,0.819105922393359,1.20226641437893,1.68395018413604,2.56208709590287,2.91403372986874
"2012-05-17",0.1070838239809,0.108651623414705,0.116737980135301,0.150606826387539,0.270461310125532,0.802811291278405,1.16282314540749,1.61699867144639,2.45617646086275,2.79682545782373
"2012-05-20",0.105689289561324,0.106922836223431,0.114643313282857,0.148158831463758,0.268183263846643,0.801409912146616,1.16005702544628,1.60984222906881,2.43261080388737,2.76399977313639
"2012-05-21",0.104665556257573,0.104713974723985,0.111219749812466,0.143987703811707,0.267152670904986,0.822267293116347,1.19426579658969,1.65741103353841,2.49324760889413,2.82631626124483
"2012-05-22",0.0988856347266267,0.1001508260326,0.108381901470449,0.144296802086685,0.272869913028535,0.840737773041237,1.21988265677679,1.6922987696529,2.5476243937106,2.88949567318418
"2012-05-23",0.112501009686106,0.111425108513299,0.116319523317187,0.146140722716761,0.264509819983298,0.81263312855034,1.18408802153662,1.64924078667041,2.49469536070046,2.83314192902597
"2012-05-24",0.106176108688954,0.107209979759943,0.115205388827912,0.150970037399942,0.280056263920458,0.85081975197804,1.23097534464619,1.70330571394937,2.55436113075113,2.89328148082919
"2012-05-27",0.103635466153482,0.105905601478512,0.115229039337965,0.152147428540475,0.279841403534485,0.841706366304827,1.22138129992512,1.7010575563999,2.59041446862366,2.95253199624125
"2012-05-28",0.101745485066478,0.104210423350643,0.113580433469025,0.149888881650817,0.274628253259285,0.825678663322923,1.20127868580045,1.67982392232159,2.57969816281893,2.95021452398539
"2012-05-29",0.0925614893789158,0.0950664811983853,0.104858466901221,0.142978523542155,0.273275428441098,0.836900071572763,1.21166976180647,1.6789248248973,2.52754453299311,2.8677650422617
"2012-05-30",0.0847204701390339,0.0877298644692021,0.097268560171968,0.131932157525584,0.247643689445422,0.753469011791314,1.09878130903903,1.54066842631414,2.37897706101487,2.72678651110431
"2012-05-31",0.0807751047676305,0.084639562366013,0.0949706332495854,0.12974324978237,0.241547979091352,0.724263082794409,1.05540666895672,1.48285307272147,2.30757117194687,2.65480071627046
"2012-06-03",0.0763522977731995,0.0815803466347147,0.0936639089289198,0.131006582199224,0.244986627135935,0.721280272237969,1.04417880149715,1.45920673380814,2.25713059047183,2.59255823608007
"2012-06-04",0.082333765957922,0.0863573363648404,0.0969156345328217,0.13205796324717,0.244040314408414,0.721590722626546,1.04554476381848,1.45989699698235,2.24757534174543,2.57526239206146
"2012-06-05",0.0976728637793266,0.0984410062657897,0.104945810046983,0.13453900526396,0.242984584866485,0.736807518808907,1.07593871756393,1.50835550672513,2.31998789984156,2.65331498667948
"2012-06-06",0.0934788879115238,0.094951068832583,0.102915805699723,0.136586810043155,0.256046424681796,0.785740477266733,1.14272642894467,1.59160154571109,2.41649826401163,2.74995254090873
"2012-06-07",0.0929301065497299,0.0946604428511703,0.102706389987652,0.135669823044956,0.251605140552829,0.768810307459387,1.12163536338992,1.57048152677928,2.41140691522872,2.75650092938506
"2012-06-10",0.0940722509586226,0.0958696216619811,0.103521361949395,0.134265387680116,0.242142648607434,0.730182881498118,1.06960883292157,1.5091249308513,2.35725473578349,2.71369804669073
"2012-06-11",0.0959737327691876,0.0984656914697432,0.107071556418447,0.139439691258415,0.249636504464678,0.740162847100406,1.07947303772084,1.5180042879779,2.36291886576596,2.71777270082037
"2012-06-12",0.101775808961003,0.104933097960019,0.114958579386035,0.151359315447626,0.272457213675717,0.79677127309364,1.15086327351302,1.5997477029746,2.43838299060947,2.78213376498833
"2012-06-13",0.109377764869218,0.11182582558327,0.120425064494053,0.152948418941717,0.263862791789786,0.756837360371775,1.09685668732541,1.53507098261555,2.37531209005981,2.72679513400921
"2012-06-14",0.105611020381332,0.108718184346593,0.118599966862129,0.154501687507177,0.273977481913996,0.79136075868895,1.14079352159535,1.58378091237544,2.41141328025012,2.75065648632902
"2012-06-17",0.100926755044653,0.104460295094071,0.114770150148653,0.150883275556682,0.268925811937099,0.776145988955385,1.11861367617778,1.55350200877851,2.36909510501632,2.70453166988253
"2012-06-18",0.0943807372426761,0.0982975421055438,0.108766640226258,0.143984942482055,0.257091982859624,0.743981942373968,1.076892099013,1.5053840954569,2.32816723761751,2.67322005823997
"2012-06-19",0.0872323938410147,0.092392045157159,0.104719952113457,0.143620499921059,0.263857233091556,0.769279860394455,1.11191787544631,1.55157546961268,2.39365168110749,2.74640458042229
"2012-06-20",0.0939653912488593,0.100587129159491,0.115117317884876,0.158363921570826,0.286560445385145,0.806124429362552,1.15051593994063,1.58588228857668,2.40173406425714,2.73788317687094
"2012-06-21",0.0892955749972716,0.0956829199742572,0.109768016490916,0.151853053066874,0.277036718989784,0.786666887268993,1.12577237369552,1.55575262492506,2.36535347779552,2.70017179059133
"2012-06-24",0.0921541362899409,0.0969136298434931,0.1087299011937,0.146840390097356,0.265936945956261,0.766602859179073,1.10372021074364,1.53301653042111,2.34419136633934,2.68016972577358
"2012-06-25",0.095296404856268,0.100397952940636,0.112632807489192,0.151297501484373,0.270718827911537,0.770204337501864,1.1066746814378,1.53595622196781,2.35032982674335,2.68882131441052
"2012-06-26",0.0961694838193639,0.102472560067181,0.116394309610696,0.158055175212661,0.282207598715987,0.789413872581342,1.12811407635666,1.55887398010728,2.37391370472246,2.71229902352882
"2012-06-27",0.102858602287682,0.109135166182729,0.122880031932491,0.163791509410263,0.285452539591201,0.783973353267852,1.11873669386902,1.54680600720738,2.36432924269918,2.70636626625137
"2012-06-28",0.0878154709317446,0.0970120720921857,0.114276333456144,0.159617646810246,0.282723925678196,0.7632866001039,1.08613979170486,1.50543228875591,2.33538934263639,2.6946957504668
"2012-07-01",0.0883815049501661,0.0965208558888835,0.112276185392266,0.154867016767928,0.273461898598292,0.746691738011095,1.06810790214683,1.48789717307067,2.32476460123816,2.68892310869989
"2012-07-02",0.0998218299271012,0.104979086497954,0.116935759452821,0.15401593920722,0.267795320520751,0.748893563113559,1.0792078559221,1.50845779990763,2.34905530234463,2.70789285545085
"2012-07-03",0.105020778113638,0.109276303054323,0.120289182469408,0.156717181831037,0.272674828703731,0.770282069144882,1.11090397725352,1.55024405556708,2.39736544218687,2.75392735285371
"2012-07-04",0.106514307841945,0.109833025550434,0.119636319013642,0.154253817543557,0.268425279960867,0.767648566494242,1.11086838372567,1.55349404304019,2.40478513297112,2.76204262519866
"2012-07-05",0.105668267067499,0.107960178967295,0.116240472254636,0.147896818329308,0.256607286447978,0.743951096944691,1.08263800596645,1.52184126407199,2.37246682595158,2.73119652995016
"2012-07-08",0.103537120292095,0.105259266861312,0.112555186757957,0.141875563274201,0.245047861738861,0.715757210957429,1.04626513920346,1.47785725074692,2.32256384981445,2.6817593378217
"2012-07-09",0.105219197237213,0.106537896177955,0.113083264680012,0.140480708476973,0.238739263254497,0.693476572628682,1.01564631848473,1.43904722934385,2.27599799205787,2.63476955971608
"2012-07-10",0.111963982002781,0.112756588367143,0.118530228845238,0.144446089387994,0.239980921477118,0.688244395318004,1.00724776163355,1.42714201255372,2.25822840910995,2.61468803041445
"2012-07-11",0.113562134389576,0.114115991971174,0.119733581009851,0.145931288704673,0.243593717648056,0.701227941996574,1.02464785238462,1.44724353782774,2.27281174178652,2.62294398406773
"2012-07-12",0.119173745638029,0.118669210059852,0.122730753895672,0.145930216764207,0.238047305211389,0.682368051747812,0.99923058002972,1.41454776724687,2.2279513478849,2.57330248940645
"2012-07-15",0.109085626893307,0.107858345730278,0.110895497988372,0.132243344137585,0.22132702196174,0.66013915761097,0.975067726953345,1.38874396638981,2.20035328278098,2.54520318646226
"2012-07-16",0.0966309040076908,0.0956978008330543,0.0992633624716601,0.121920797431442,0.214263021354133,0.663575878540755,0.984099054754014,1.40352104477627,2.22182976110805,2.56802802583098
"2012-07-17",0.0992671318372719,0.0988816501999069,0.103344912312737,0.128011961612293,0.224865112576361,0.687437523763874,1.01477355710406,1.44117941688285,2.26801770009037,2.61623885371064
"2012-07-18",0.10923859090052,0.105005172778421,0.10436357207759,0.120905694381089,0.207860805701559,0.665965573563672,0.996960430193361,1.42874756262868,2.2605864757861,2.60795250777511
"2012-07-19",0.105776250039024,0.101029693765014,0.0998722555056344,0.116139478057032,0.204614945788933,0.672511623915959,1.0090496949242,1.44563402181811,2.27843156252127,2.6233721561861
"2012-07-22",0.106629192202481,0.101380426456666,0.0994666634082719,0.114219842370914,0.199718462416326,0.659724264503671,0.992086458788399,1.42388334923623,2.24848588535378,2.59019168660464
"2012-07-23",0.11098614942176,0.105662130567528,0.103289660444151,0.116108873280564,0.195061086103568,0.630289733564104,0.949328500590876,1.36826186321107,2.18161251678563,2.52301195281637
"2012-07-24",0.115565418583412,0.110873103254266,0.109008253200889,0.121526144263003,0.196248401052411,0.609514241169052,0.915783973622746,1.32239544033057,2.12697211262285,2.47008498452364
"2012-07-25",0.123352637137475,0.117840600132373,0.114947163470639,0.126016153562951,0.199565868993814,0.614557028041519,0.922127218702443,1.32897006700045,2.12755528861748,2.46562330295833
"2012-07-26",0.119401924766825,0.115864897986248,0.115839210095632,0.132301859317876,0.215299063774147,0.649368117731665,0.963948805356061,1.37625479218928,2.17758213823225,2.51472134878226
"2012-07-29",0.116296290781382,0.11316477203396,0.114006973510204,0.132956893806938,0.222827207976471,0.679904942823326,1.00618958311625,1.42939409327274,2.23904969146563,2.57557191361604
"2012-07-30",0.112861033772988,0.108845339118104,0.108602010335119,0.126120395278659,0.215296611729151,0.67778328738758,1.00868908697225,1.4372355473775,2.2536125972247,2.59156668802865
"2012-07-31",0.10852812140047,0.103498865397033,0.101820114898838,0.116747290522408,0.201686844119086,0.656487902030227,0.98467715865904,1.41088024169195,2.22454409594388,2.56167347128095
"2012-08-01",0.105173948828578,0.102072638558814,0.103332176127787,0.124190576831488,0.220581865579826,0.700853206547427,1.03803882366039,1.46955002662216,2.27776159502577,2.60820665724352
"2012-08-02",0.0911630413294463,0.0906290442334579,0.0949221779536567,0.11938222658505,0.216032540637418,0.67657700722809,1.00067703559953,1.42055181398103,2.22705702669184,2.56406511245233
"2012-08-05",0.0892292439519626,0.0885269611897273,0.092637363060882,0.116951569427814,0.213987595685961,0.678376199457494,1.00561503731375,1.42974706588606,2.24472387599684,2.58532396346681
"2012-08-06",0.0976092351418441,0.0962257244674854,0.0998847908081637,0.124987842277237,0.228164788277273,0.72151976955246,1.06475826939589,1.50363273778839,2.32741976562987,2.66521683229126
"2012-08-07",0.108185367487908,0.107587036855686,0.112668559165036,0.141295181232186,0.253038445680989,0.771270493379964,1.12555038154286,1.57317929114678,2.39891730551059,2.73322524350859
"2012-08-08",0.12235830686612,0.119710062222541,0.122286995752384,0.147627322294097,0.257678819197589,0.785910931849066,1.1477389434485,1.60243877639674,2.43114946606383,2.76324993197296
"2012-08-09",0.125788708450859,0.121270418713025,0.121692510856537,0.144646249334568,0.255116315715361,0.797658445975368,1.16729753861995,1.62706370728018,2.4495520650935,2.77446622505416
"2012-08-12",0.126924910252394,0.121819983902061,0.12131816350501,0.142328334378607,0.248878282547956,0.782580578756499,1.14929924353398,1.60767562039048,2.43296920462558,2.7603745731529
"2012-08-13",0.125830347576272,0.120617761283633,0.119899621353511,0.140338207307602,0.245519554284124,0.776440912999923,1.14312621130308,1.60321026365977,2.4362367703617,2.76801720023209
"2012-08-14",0.11898854963429,0.115158671830621,0.116700903929896,0.142149685561092,0.258257292603521,0.818374146000825,1.19807117948624,1.66958492355627,2.51205998756428,2.84471482739726
"2012-08-15",0.123758693944736,0.118669799245413,0.119254421285266,0.145492117938293,0.270161834170218,0.869429402199186,1.26884259233828,1.75663485523079,2.60564500423259,2.93475637364782
"2012-08-16",0.117134417667215,0.113767629555565,0.116667153957295,0.146718503832791,0.276649946099156,0.883239645517179,1.28549151341208,1.77708685554012,2.63551631969127,2.96924446441859
"2012-08-19",0.117921646300731,0.113961477999267,0.115923084814286,0.143997909196725,0.269968573205893,0.868053477175576,1.26787930885308,1.75888820924364,2.62177429247246,2.95860413217504
"2012-08-20",0.123835506715114,0.118624165975743,0.118942825775996,0.14443520214587,0.267227635429967,0.862195710272447,1.26093515081995,1.74988511606811,2.60584244021025,2.9389185467968
"2012-08-21",0.125082163809516,0.1212165842993,0.123177987935023,0.150817664786656,0.27465804632055,0.86233121888368,1.25513971836323,1.73750850389481,2.5851811918058,2.91606815170723
"2012-08-22",0.131659745854572,0.124515234180689,0.121303121193029,0.138027989930775,0.239733786257344,0.776581760937016,1.15175122264427,1.62423866846016,2.48213317969479,2.82418862054216
"2012-08-23",0.127026571202852,0.120585890893826,0.118188720257653,0.13581891662221,0.23730181263925,0.76745884792609,1.13808930880366,1.6059293162432,2.45918714100008,2.80060056541125
"2012-08-26",0.123105530854099,0.117986785020504,0.117282179153614,0.137407752900966,0.241277504997761,0.769440044606779,1.13712859231401,1.60162394187765,2.45159657645963,2.79275537486057
"2012-08-27",0.126481527101838,0.12110984644572,0.119926120414569,0.138816622889744,0.239592052769736,0.758661740217534,1.12235130597074,1.58372584854793,2.43301826961575,2.77533483564218
"2012-08-28",0.133649349137876,0.127688790050465,0.125578829417617,0.142519038585541,0.239325157180926,0.749021448345017,1.10925269256284,1.56845440846887,2.41914157220197,2.76351028625085
"2012-08-29",0.137827445444037,0.130237908067548,0.126119728447654,0.140361812300281,0.235528733037123,0.752209744722213,1.11807937593416,1.58277624371195,2.43660467455093,2.77985891833504
"2012-08-30",0.130518599541641,0.123386193975637,0.119689582686634,0.134004189503431,0.227309548246135,0.734455644467077,1.09581487795078,1.55764455467061,2.41488520882838,2.76217680895805
"2012-09-02",0.12634233829424,0.119032348674236,0.114953322635226,0.128171993625754,0.218477316870871,0.715913889610637,1.07255908099985,1.53020030759466,2.38455850515416,2.73211203714124
"2012-09-03",0.128302813856176,0.119613766376866,0.11368397753888,0.123872825299847,0.210114231750453,0.702865726734718,1.05825796023578,1.51418957541363,2.36292280172575,2.70715800118969
"2012-09-04",0.133737783695227,0.123387259699711,0.115252396565161,0.121919886049693,0.203777846066802,0.693516669102079,1.04941352988877,1.5060819750726,2.35399570329143,2.69691274385996
"2012-09-05",0.138595258200151,0.127408191641073,0.118281204836159,0.123761070536496,0.20551814899882,0.702138750415737,1.06311015903486,1.52528961655282,2.37963244561434,2.72389766978388
"2012-09-06",0.131500069776202,0.123478497499036,0.118959340148543,0.133139843844249,0.230237768611166,0.758362617179406,1.13137334323145,1.60373587506791,2.46733605642195,2.81321255464203
"2012-09-09",0.125088421950491,0.117835541267389,0.114230490856192,0.129544278926827,0.227107013077434,0.752976818236373,1.12580449561343,1.60054721900382,2.47694469200047,2.83058258648694
"2012-09-10",0.124426025655316,0.11559652912845,0.109745602564446,0.120987141727913,0.211982016781453,0.728018491044873,1.09954600485273,1.57591535128928,2.46232528825457,2.82178286695554
"2012-09-11",0.126112540176838,0.116409713584894,0.109760601168298,0.120915155899896,0.215770794342617,0.752657060952338,1.13552098237426,1.62180989461473,2.51286328542423,2.87004318688613
"2012-09-12",0.128359119795075,0.116521862532724,0.10755480031027,0.116697235123114,0.214671899608629,0.779425558246657,1.17871819425799,1.6799928106071,2.58043375434291,2.93605837951844
"2012-09-13",0.131678125362105,0.118670857310184,0.10761001731648,0.111703608178952,0.198170209624854,0.73668637876304,1.13020553089527,1.63487090892753,2.56886785638353,2.94540438362158
"2012-09-16",0.120825683158059,0.10973724826372,0.10153858373129,0.111243216166841,0.208183048064622,0.770030052734035,1.17290625609328,1.6854796052203,2.62588285622329,3.00302803439379
"2012-09-17",0.107603432752443,0.0998031145871535,0.0964246896471649,0.115304884298378,0.22845399314841,0.821571174804577,1.23404847112474,1.75158695803696,2.68607327759005,3.05720332160018
"2012-09-18",0.113618386843354,0.105854484163253,0.102238595355261,0.119808063469857,0.228268158939266,0.804760227393905,1.20958323357029,1.72130268435228,2.65558052670935,3.02956623591253
"2012-09-19",0.129281972922323,0.120393996527005,0.115003254420464,0.128799216785415,0.229373182527678,0.785211290965848,1.18053808202272,1.68333722932477,2.60812943357389,2.98006181450378
"2012-09-20",0.121986311932059,0.114736290233759,0.111448626456529,0.128361149638416,0.231948008043436,0.785161288341958,1.17645701094529,1.67434792207306,2.5929621391071,2.9635533923355
"2012-09-23",0.106762796884458,0.102286319387261,0.102415059539739,0.123917700099027,0.230361970991053,0.772985260644113,1.15638601497894,1.64806474109054,2.57046380068919,2.94784359653111
"2012-09-24",0.0971212948220957,0.0947515625193968,0.0973896173091586,0.121949453014925,0.228992106299415,0.757162660997261,1.13094648327824,1.61437042017743,2.5371411013994,2.92031639158208
"2012-09-25",0.0974422811034449,0.0961691846980174,0.0999930081951497,0.125535070010608,0.230609161290908,0.741234187494907,1.10359112481666,1.5751951280731,2.48665994366657,2.8692309143172
"2012-09-26",0.10544451601809,0.10196401194598,0.102544869292126,0.121865169361014,0.215637607883461,0.701429672267762,1.05347500411795,1.51575079077406,2.41790772754256,2.79888838833955
"2012-09-27",0.104696701892596,0.10055752283653,0.100570533724462,0.120017254122882,0.21755229948871,0.724078916313039,1.08863861290521,1.56360681419263,2.47771850028265,2.85928145452395
"2012-09-30",0.102243295712122,0.0974238686924196,0.0965858740537673,0.114848671117009,0.211522088102611,0.720528682707195,1.08734983521743,1.56461343235078,2.47992603188555,2.86074891338198
"2012-10-01",0.106935123068357,0.100799940878419,0.09808925810465,0.112940902812193,0.203934322388254,0.70213138654145,1.06485341173425,1.53834599648149,2.44877439525042,2.82796970799094
"2012-10-02",0.120400880281652,0.112314188093013,0.107011291515675,0.117724599736367,0.203623246616698,0.699155114141153,1.06345094774786,1.53935475991761,2.45208026571799,2.83096500194997
"2012-10-03",0.12911221528909,0.118548647617293,0.109936709219921,0.115309879637224,0.194475238603022,0.686178338745408,1.0527774551471,1.53283665952938,2.45278982475819,2.83382502621155
"2012-10-04",0.141004976211571,0.129159042079009,0.119173519178747,0.123454197354132,0.20506523854585,0.717298259970567,1.09692414840333,1.5902064118202,2.52269462066125,2.90471424643658
"2012-10-07",0.144414056242463,0.132446886579688,0.122594804599602,0.12806248413477,0.214436777279637,0.745319468084498,1.13456770783745,1.63646183482309,2.57431381435537,2.95526163744253
"2012-10-08",0.141257479249073,0.12959606837306,0.120278868540778,0.127018477785568,0.216326011506544,0.754830828970384,1.14684311743272,1.65011794151554,2.58493585916309,2.9630570412292
"2012-10-09",0.135362973941537,0.125420127556489,0.118213134583872,0.127755477083216,0.218621854164472,0.748951181125346,1.13447093410393,1.63130073924113,2.56186027890521,2.94090355819999
"2012-10-10",0.135788100567099,0.127444736576413,0.122056012028984,0.133488319712599,0.22325074951186,0.736256526817285,1.11066125429862,1.59686610664212,2.5205605915492,2.90118811384502
"2012-10-11",0.148578894041007,0.138431533980033,0.130741464039259,0.138776980809206,0.225060260138713,0.736772794743036,1.11012189942489,1.5918098937481,2.49477802746595,2.86270630907574
"2012-10-14",0.139394946921038,0.131174892016012,0.125989531994009,0.137836223810387,0.228145809633515,0.738287854512251,1.10746519842173,1.58365983494205,2.47884948419716,2.84477845243993
"2012-10-15",0.128667021007906,0.121742115953027,0.118306093152138,0.133053349602354,0.227375996812281,0.742698420591665,1.11351582143954,1.59185466272644,2.49330306710455,2.86278651871465
"2012-10-16",0.135388033602288,0.127442439807613,0.123018961052439,0.137413345221545,0.235484191155378,0.773671028805734,1.15806632693813,1.64970687164872,2.56280449453469,2.93280882176815
"2012-10-17",0.139800348930045,0.133745510268152,0.132556587780165,0.154470127039349,0.269557276287956,0.852014535186598,1.25335534917615,1.75545441260017,2.66007712931008,3.01904585273142
"2012-10-18",0.133556986311747,0.128517243795288,0.128733830647473,0.153080731421468,0.271808454762282,0.859322076892707,1.26167074098395,1.76404635045824,2.66783055837748,3.02626344472684
"2012-10-21",0.128354847258339,0.124613904731658,0.126591866241022,0.153865114765939,0.27654825463868,0.867384900735023,1.26893085680709,1.76907295749485,2.66716368682358,3.02308366467938
"2012-10-22",0.124733756984637,0.12190743372454,0.125039187975607,0.153934842151703,0.277757257537653,0.863562369837373,1.25964138917447,1.75214904445611,2.63540527596896,2.98527464815791
"2012-10-23",0.12436829181116,0.120986092837133,0.123017362163838,0.148960155193884,0.265098766256089,0.827033718941025,1.21172557886249,1.69405846965329,2.56925624330286,2.91875168428108
"2012-10-24",0.146013567216557,0.137635113560819,0.133373791158457,0.150387547182244,0.259203662395598,0.834339661137618,1.23262456554518,1.72946304166264,2.61775091677571,2.96795914014088
"2012-10-25",0.143545832924265,0.138297087087148,0.138491112225472,0.163559772308412,0.285211103751814,0.878134221947743,1.27744816463434,1.76898526874552,2.63432024802125,2.97232732637529
"2012-10-28",0.143591934555385,0.138748722860691,0.139189416908595,0.163703929364845,0.281562545850917,0.858251062915343,1.24953205133594,1.73450043885573,2.59740526987538,2.93699019936785
"2012-10-29",0.147488564043637,0.140904855960632,0.138484817920866,0.156660520093088,0.260977093807131,0.805524201654235,1.18613943701319,1.66655298456956,2.54270126898239,2.89326740493766
"2012-10-30",0.145159454177048,0.138765516710826,0.136263990809614,0.153225417598974,0.252490665288777,0.778362271645045,1.15062107253624,1.62539667472337,2.50527747312155,2.86151899566388
"2012-10-31",0.127171427300497,0.124088477108963,0.125976191577235,0.149928225917325,0.257820228219285,0.78915340980489,1.16003865451478,1.63293016133244,2.51401647166961,2.87289312422458
"2012-11-01",0.0987157117946507,0.100078118555109,0.108023473803126,0.142173065089882,0.264540119528826,0.814408293855112,1.18960539644442,1.66619651704426,2.5561245258528,2.92025930388462
"2012-11-04",0.101151163523383,0.101215279986044,0.107110201878473,0.136921611512848,0.250428831108273,0.77971859237599,1.14794685537226,1.62144959739691,2.52114575891532,2.89402339243567
"2012-11-05",0.11447384799188,0.11246549795225,0.115566895660274,0.140778770958353,0.248114888977571,0.771269632681282,1.13905599309257,1.61260973473401,2.51061800265303,2.88166469795182
"2012-11-06",0.114593830870052,0.114539024890964,0.120708826073995,0.152370509166911,0.27280450935868,0.826632357389165,1.20536250571367,1.68496534048699,2.57378276291172,2.93502301604956
"2012-11-07",0.13312672474146,0.127513405000181,0.12565324542819,0.142362011631314,0.23719441593604,0.743160161795945,1.10697177099442,1.57798728309775,2.47274498152544,2.84203103137469
"2012-11-08",0.14129356100843,0.132382584574903,0.12608226562079,0.135467757207784,0.220251692892474,0.713024662878502,1.07204722514702,1.53611908407769,2.40991812274629,2.76733129659239
"2012-11-11",0.144757387853576,0.134582828740989,0.126670249405629,0.133675841923502,0.216028523481734,0.708051162644014,1.06657158386258,1.52797043856873,2.3889270026899,2.73844599198951
"2012-11-12",0.146112655707101,0.136063636341309,0.128226263181109,0.135055599630678,0.216228149795195,0.703421145806068,1.05983551306928,1.52005361799542,2.38331085629713,2.7351445588902
"2012-11-13",0.147126461335884,0.13712610056599,0.12926918505576,0.13579913844247,0.215760046196244,0.699011943027206,1.05423572969605,1.51465667284885,2.38338312260574,2.73901477283155
"2012-11-14",0.145997185897191,0.135757853802079,0.12758141112798,0.133596613552721,0.212923150793585,0.696032323778996,1.0517529724586,1.51305729274643,2.38379202510099,2.74030129584242
"2012-11-15",0.13751979205636,0.127771624246827,0.120296180862509,0.12759469828426,0.209080039899253,0.696409689434151,1.05379369119932,1.51668155581324,2.38958747848065,2.74685288820407
"2012-11-18",0.127406270998264,0.119479105680415,0.11434646508361,0.12514361384361,0.210181546961258,0.696455352296666,1.05139743357558,1.51234711364735,2.38808961443673,2.74896216889453
"2012-11-19",0.125283562539013,0.118074764248211,0.113985219175408,0.126750162147517,0.215290870640147,0.709331453711194,1.06780173431009,1.53246082010125,2.41397981066147,2.77702133312717
"2012-11-20",0.1349112790649,0.12607608120848,0.120227243641734,0.131505861827283,0.222672308971995,0.739556467247372,1.1116728166645,1.58878860518515,2.47657544592629,2.83658946618859
"2012-11-21",0.141742714555172,0.133072962406652,0.12752041688642,0.139511461725061,0.232278761845302,0.752474057607,1.124889753621,1.60055674791239,2.48069040561459,2.83615717844405
"2012-11-22",0.148756210792495,0.138819832845853,0.131703051496143,0.141566099318113,0.232828819944006,0.756128016367379,1.13043693612789,1.60630388936991,2.47886935338293,2.82873233063859
"2012-11-25",0.153394779281259,0.142195969871758,0.133452602413944,0.14087667079163,0.2296197148461,0.753423410702319,1.12938464228575,1.60679005169373,2.47896940520521,2.82754125837286
"2012-11-26",0.155284428793769,0.143603817796074,0.134083443332278,0.139824139724619,0.225057668554097,0.740740812315091,1.11407361704026,1.59044495916002,2.46632591953905,2.81788708328379
"2012-11-27",0.156128650728056,0.144725766530978,0.135266440999628,0.140111384328893,0.221032328067052,0.720586650348013,1.08721071266495,1.56006885188853,2.44385310856019,2.8028691844439
"2012-11-28",0.160260465804158,0.147695769979095,0.136596228115918,0.138522155686783,0.21496217688443,0.709474649490423,1.07706508745056,1.55401851023331,2.45192561932846,2.81840497635531
"2012-11-29",0.150107069836613,0.138897103377959,0.129473327977489,0.133676501761671,0.211642425789632,0.701565947729937,1.06571151961507,1.54019658404991,2.44126597887064,2.81172936986171
"2012-12-02",0.138218436762851,0.12870746880953,0.121537384993167,0.129333160364257,0.21173533781841,0.704408727338982,1.06777059338081,1.54118244304276,2.44282658519319,2.81474270220524
"2012-12-03",0.138516580164709,0.128592111321322,0.120944624577193,0.12820905786679,0.210694757833985,0.706454028025211,1.07137765240727,1.54546523911198,2.44375619548139,2.81274606869154
"2012-12-04",0.143372056944155,0.132701232724006,0.123984936554255,0.129280988584221,0.20841683824881,0.697444393080192,1.05962305824205,1.53102941165855,2.42551257810002,2.79314707396375
"2012-12-05",0.11590582775487,0.109773725816794,0.106839593574336,0.120573599503395,0.207561985080559,0.690304386139506,1.04477288125225,1.51048318508092,2.41503615346104,2.79478478579737
"2012-12-06",0.115117335733775,0.109425604111049,0.107011794223078,0.121361582967327,0.208374172508342,0.687523251054188,1.03954403865844,1.50297592815568,2.40683046632596,2.78766625258812
"2012-12-09",0.116194223700607,0.109743734319539,0.106437242922767,0.119739264993858,0.206714019466586,0.691531744001485,1.04699733181758,1.51290616964896,2.41381087432197,2.79059700199728
"2012-12-10",0.106087302942841,0.100587756586078,0.0987164629265472,0.11488247463937,0.207345889218101,0.704815728313666,1.06537723060508,1.53536612828643,2.43803400275953,2.81382112648188
"2012-12-11",0.0925136161349253,0.088265638547723,0.0883102687389406,0.108383548490663,0.208597085224606,0.725185148911047,1.09418845135345,1.57181564669398,2.48130615670763,2.85774064590467
"2012-12-12",0.0869687703906883,0.0830947745027602,0.0839226771570017,0.106205803119328,0.212465324784566,0.749304095743742,1.12879650996236,1.61659225841752,2.53600277446096,2.91364969592204
"2012-12-13",0.0725222563728194,0.0704057127963268,0.0740118155524681,0.102163900254419,0.220286449407619,0.783188964935223,1.17013284859672,1.65896317314905,2.55827537333022,2.92132477893535
"2012-12-16",0.0549196463278481,0.0547211164120836,0.0610667654673208,0.0942163295978382,0.220537275823834,0.796847913395748,1.18671867479009,1.67565310388887,2.56772694954546,2.92602511689568
"2012-12-17",0.0504628874421843,0.0515409396385283,0.0597070142752589,0.0961843101588936,0.228087621629012,0.815244777306619,1.2093608813993,1.70231909941306,2.59988473374253,2.96009244873714
"2012-12-18",0.0609727477321459,0.0640592199703375,0.0749723002035619,0.116114904109906,0.254823133217644,0.852042736685716,1.24957388800792,1.74635002565238,2.65252316427915,3.01709096442039
"2012-12-19",0.0648256589053107,0.0671164291798961,0.0769187486917194,0.116108764863227,0.251797678534688,0.844356830508715,1.24066745713864,1.73672973466006,2.64277266247409,3.00747874751775
"2012-12-20",0.0592722472454533,0.0624072953625061,0.0734245581925779,0.114846850500071,0.254169534375973,0.851643578536355,1.24776229624871,1.74113932222021,2.63649213422447,2.99533435731814
"2012-12-23",0.0582478020436558,0.061285468762114,0.0722148779262105,0.113616821177618,0.253210306594036,0.850945438959082,1.24595247014486,1.7364111268024,2.62196789868237,2.97553577372419
"2012-12-24",0.0614533827300654,0.0644888368596642,0.07527665873937,0.115995341099708,0.253205171879991,0.842210524206587,1.23284780998706,1.71945471584783,2.60260336567075,2.95656754864972
"2012-12-25",0.069335736451079,0.0718854888251621,0.08189107183762,0.120912209938445,0.254540646568923,0.834738798075919,1.22203416351798,1.70649098997789,2.59087395267152,2.9467861091621
"2012-12-26",0.0749669403355758,0.0768018579501011,0.0857149324032833,0.12252405865495,0.25187615764354,0.822660491728944,1.20672729614375,1.68939106233495,2.57599934244015,2.93433714280491
"2012-12-27",0.0697868215335467,0.0712649415207258,0.0795763836553476,0.115008219191632,0.241287913039424,0.804190897549835,1.18531169746288,1.6663105856053,2.55533299372222,2.9162625004413
"2012-12-30",0.0506679832563444,0.0533254685406498,0.0632450578402455,0.101396154141484,0.231630761841733,0.80068497746449,1.18431921356298,1.66860563969335,2.5659305149038,2.93119517057734
"2012-12-31",0.0409923515848469,0.0440789150205018,0.0546797373545527,0.094302589501133,0.227755168166179,0.806632849006322,1.19592845794323,1.68694142172257,2.59610788184759,2.96608844970066
"2013-01-01",0.0636149850801738,0.0625546156725947,0.0678778738540098,0.0998301743351914,0.226346619422637,0.813349666242094,1.21252642362988,1.71400297053569,2.63020005126305,2.9983857662534
"2013-01-02",0.0902164664884072,0.0849778296318258,0.0852057195659767,0.110496008021304,0.233617674338169,0.84052708483783,1.25444319296415,1.76945059218528,2.69098865284128,3.05506539196706
"2013-01-03",0.0929075913638702,0.0873215507163099,0.0877368694560451,0.115434018362773,0.248440700820015,0.892271184947822,1.32364046701516,1.85255693158927,2.77842062775136,3.13869070572873
"2013-01-06",0.0853370450894045,0.0806075236865732,0.0823529773943948,0.112793842541842,0.25118437166834,0.906644102422724,1.3416923011227,1.87230202975477,2.79493231157619,3.15245358640542
"2013-01-07",0.0779256585605446,0.0744477252367557,0.0775687747502173,0.109281529254448,0.246246204049553,0.887609575138276,1.31465942998645,1.83842861855746,2.75800295286469,3.1168325744663
"2013-01-08",0.0789192775000113,0.0742417149034524,0.0755355185342099,0.103566764926047,0.233459070501591,0.859203332832434,1.28059103657776,1.80046073538677,2.71973105819969,3.08002253883772
"2013-01-09",0.0775196834490294,0.0710815185146299,0.070110404495479,0.0947580602536618,0.221206349805441,0.848094185841077,1.27225680846427,1.795153044204,2.71670655466433,3.07682005497241
"2013-01-10",0.0822644493623548,0.0752907229794112,0.0740026279180319,0.0993943291488967,0.230672707553907,0.87592174232654,1.30717221798059,1.8330688250044,2.74485933945087,3.09721251772587
"2013-01-13",0.0893196256592118,0.0813632111438318,0.078686023500649,0.101577548309671,0.228785875183982,0.866663468379924,1.29526849780132,1.81880923319296,2.72762181976735,3.07897901560271
"2013-01-14",0.0943473495141311,0.0858860061282857,0.082196388512475,0.102374194024449,0.222714670534813,0.841675912516805,1.2631739455026,1.78262666855741,2.69535397638741,3.05100488470903
"2013-01-15",0.0958975698632754,0.0881804532974625,0.0852368286169368,0.105834387348855,0.224262667653094,0.83224197066771,1.24879249968079,1.76550786237581,2.6829298767478,3.04304576049606
"2013-01-16",0.0984186533738352,0.089661229706513,0.0852660339541687,0.103312881088882,0.217793289562329,0.819585141354691,1.23440967398123,1.74995925102851,2.66659719893703,3.02659375594984
"2013-01-17",0.0875392675509882,0.0826227065215306,0.0837079114730682,0.11174936647579,0.242715944059136,0.873132243533101,1.29622116688282,1.8164476683825,2.73153335850128,3.08886364512107
"2013-01-20",0.0806859665790703,0.0769143132837634,0.0797210855868712,0.111160415454178,0.248424066116585,0.891542638236206,1.31846220241596,1.84037853305548,2.7519821924261,3.10641537308717
"2013-01-21",0.0776828977613266,0.0733955279568047,0.0753250208454659,0.10473949600201,0.237461211626395,0.868837446661593,1.2911560768468,1.80988078862153,2.72159664564582,3.07750517788887
"2013-01-22",0.0787756494934163,0.0729549821806134,0.0726123896532008,0.0976318309683935,0.222404786850378,0.837891333891582,1.25511131182797,1.77092098846115,2.68444606890289,3.04269682667329
"2013-01-23",0.0826114556318672,0.0761476112164736,0.0748067915182763,0.0977733350365348,0.218564395427547,0.825994575759192,1.24122747446919,1.75710732661296,2.676649692462,3.03876707432796
"2013-01-24",0.0956011922398778,0.0864681668255654,0.0818985774288654,0.100717955711095,0.219582804458347,0.839248016519655,1.26268001405372,1.78507242668325,2.70368414665535,3.06173081607963
"2013-01-27",0.0891633026382989,0.0823964953243182,0.0813898709376398,0.107252539111485,0.239181919261805,0.88508588845291,1.31631456347026,1.84200930170476,2.75322690148163,3.10532749754037
"2013-01-28",0.0735619043749845,0.0714908291572409,0.0769872900676102,0.114119287807473,0.262981042976452,0.933150240966484,1.36995005913188,1.89837758805327,2.8091685922248,3.16038183746461
"2013-01-29",0.0730746891932846,0.0704860682441746,0.075535133806336,0.112737635691317,0.264300464477771,0.948440498384524,1.39310075919229,1.92919834755831,2.84811986970813,3.20112633345199
"2013-01-30",0.0816607320020435,0.0764267750651501,0.0780189290361878,0.109869504019045,0.255288212742525,0.93732535324317,1.38408615661591,1.9227809585262,2.8436895858167,3.19654345874976
"2013-01-31",0.083022550769775,0.0769693928238686,0.0776942866198169,0.108832844231621,0.2553116530313,0.943915832018025,1.39212071678872,1.92886794298376,2.83679999969177,3.18226474073312
"2013-02-03",0.0799684059418856,0.0741238408589376,0.0748081424364187,0.104880467616744,0.246938290811362,0.920798635049291,1.36361402245836,1.8980881133899,2.81245195404977,3.16288973475453
"2013-02-04",0.0799531207584313,0.0734451183104494,0.0731475576738543,0.101351904241584,0.240288298178989,0.910646535607535,1.35476931930592,1.8934826181322,2.82102387617601,3.17791548779102
"2013-02-05",0.0853071758332933,0.0779840994801561,0.0769926668004131,0.105340001157533,0.248495484503539,0.939151973825956,1.39353683432682,1.94084746839813,2.87315564002722,3.22934440567417
"2013-02-06",0.0942759443580212,0.0852060610192892,0.0815915699954032,0.104765812280779,0.238301096386106,0.908816253710332,1.35625133402918,1.89888642198401,2.8304392962018,3.18790543623688
"2013-02-07",0.0784557548232657,0.0729472042740319,0.0737679724559557,0.103116145865647,0.241588223640224,0.905675456298552,1.34800700495296,1.88810443036349,2.82801115977695,3.19233773732588
"2013-02-10",0.0832302393064173,0.0771701481509348,0.0773712922857458,0.106082866726979,0.244841239672964,0.91304086054311,1.35713578144213,1.8977442686723,2.83383188286769,3.19540517048249
"2013-02-11",0.0951323119363394,0.0878621156046134,0.0865328947860875,0.113028053689434,0.249659719438321,0.917991222044491,1.36242891131764,1.90215452648341,2.8322327658259,3.19021020469966
"2013-02-12",0.0973590255507242,0.0909603923571706,0.0908359460912913,0.119411654577428,0.259146123544729,0.931821397344439,1.37719968860998,1.91732958845671,2.8471759998986,3.20493607346752
"2013-02-13",0.114416207304807,0.104179899401386,0.0996921025059871,0.123604598671731,0.264681754784859,0.965998206970233,1.42613144171905,1.97585333748408,2.89909701378149,3.24844249115786
"2013-02-14",0.12737093469769,0.114152581775232,0.105336311717503,0.121143833719145,0.248307484254371,0.924135300731434,1.37668017657138,1.92207278376869,2.84639244799704,3.19780052276456
"2013-02-17",0.129988636147302,0.116240648244219,0.106651118790898,0.120987820715452,0.24550309925185,0.91540982972949,1.36529430782001,1.90795010472171,2.82819453126382,3.17812672496604
"2013-02-18",0.12663268786677,0.114062352622185,0.106281129983964,0.124284027995413,0.255794613980492,0.939976388918776,1.39402387552306,1.93834654449839,2.85475381097327,3.20180058396909
"2013-02-19",0.125488670551483,0.113487274117094,0.106545519892168,0.126172455268745,0.260689079451021,0.951907271964268,1.40923116884938,1.95698176651333,2.87856617204204,3.22749703339252
"2013-02-20",0.136105807573505,0.12072327127084,0.109204855640103,0.121243395320417,0.245473444109366,0.927022301534658,1.38503041917412,1.93614929203062,2.86643219466581,3.21904719334637
"2013-02-21",0.147050100387272,0.129341678018739,0.11457180417739,0.120873909328918,0.236131096414654,0.902982117792081,1.35641608103649,1.90390997635988,2.83029853101363,3.18172319648457
"2013-02-24",0.143175676855363,0.127182097142235,0.113949528838045,0.120356647737436,0.228348502088522,0.860392072824271,1.29775064073446,1.83398834475138,2.76179410291072,3.11880650518125
"2013-02-25",0.134972443800704,0.120582220542599,0.108999676819475,0.116514649215422,0.221045310347027,0.830986294314326,1.25752127811737,1.78617231377707,2.71625493418499,3.07820592306602
"2013-02-26",0.131170553470828,0.117582149393581,0.107146906392268,0.116771753453108,0.224882896041154,0.841970203075403,1.27139465021129,1.80285012543785,2.73688151465542,3.10023093252452
"2013-02-27",0.136683799632104,0.121761592767506,0.109692633204092,0.117150916066427,0.224008940331527,0.846655759212128,1.28039270799274,1.81603211572856,2.75324880959267,3.11662158506492
"2013-02-28",0.117958385903996,0.106119478856375,0.0979687005910121,0.111133061264822,0.223373125847378,0.842887291664422,1.27216593085812,1.80403900944822,2.7422504122457,3.10835494556565
"2013-03-03",0.104678058497911,0.0944748920156437,0.0884232010393718,0.104711233101779,0.220120956488424,0.838901195683929,1.26612792648761,1.79612674030431,2.73455210803221,3.1018904728903
"2013-03-04",0.103765766694985,0.093695706523412,0.0878380322096057,0.10449427745463,0.220565442026847,0.840828014919536,1.26872816679262,1.79942898631382,2.73892373733258,3.10665562706455
"2013-03-05",0.114077431810092,0.102249097678635,0.0942925609475557,0.108348638660902,0.22357485649666,0.853093307472469,1.28675051522178,1.82180847558006,2.76009322170084,3.12480529613185
"2013-03-06",0.120763436352952,0.107831596853238,0.0987747316069254,0.112250155311325,0.230562283247778,0.878637327369122,1.32207502355577,1.86531060724812,2.80738142358078,3.17079497845476
"2013-03-07",0.121798392778955,0.108001085837395,0.0984834856356724,0.113404323505582,0.240326672138116,0.920991043577486,1.37775344646594,1.92858114355637,2.86253460742965,3.21766037650447
"2013-03-10",0.120167504018095,0.105722566323029,0.095979274371199,0.112544605930783,0.247755755494396,0.958617203212594,1.42785225866733,1.98650281425519,2.91700204964688,3.26698885583298
"2013-03-11",0.118322329767506,0.104423402052403,0.0954482928486686,0.113384835640968,0.250793189219961,0.965495982847258,1.43605388092349,1.99585243713531,2.92776814044209,3.27822568956444
"2013-03-12",0.118912843301101,0.105919958971072,0.0976913465165264,0.115369355948709,0.247884428841607,0.940572554946316,1.40079645686884,1.95271419467357,2.88213485076157,3.23413901993226
"2013-03-13",0.118024729028838,0.104528579253841,0.0957962368367822,0.11318018927605,0.24686246693812,0.945764158810322,1.4083233026435,1.96093763530433,2.88633235296487,3.23558278190821
"2013-03-14",0.115005470122739,0.102337044664788,0.0946273057346034,0.113432357933921,0.248399576561374,0.948230548183971,1.41228541799123,1.96846954314403,2.90468528075066,3.25921283566335
"2013-03-17",0.112254607608528,0.0993701430544111,0.0910618690925963,0.107944174276843,0.237635563750635,0.924125047185967,1.38495794863631,1.94206831690673,2.89085593944124,3.25271861283962
"2013-03-18",0.106964533160245,0.0944360907759726,0.0860385403957163,0.10098828755978,0.222631668455056,0.880933424620834,1.33008073972583,1.87983673335666,2.83262372468046,3.2000900519499
"2013-03-19",0.100262089972063,0.089520511144154,0.0829977237653136,0.0993412836576314,0.217568434462421,0.851637680353381,1.28797994824992,1.82746903494161,2.77765449298887,3.1482234134535
"2013-03-20",0.103319699632513,0.0919297769137611,0.0849653038829147,0.101971099333959,0.225540524502452,0.883749969970447,1.33284477061311,1.88400451695306,2.84405020318031,3.21567428819779
"2013-03-21",0.102052070227939,0.0911637952877887,0.0845756121117313,0.101222448266859,0.221082084268376,0.860884170631,1.29916370313796,1.83900392147883,2.78450161692517,3.15185216458952
"2013-03-24",0.0981805714374127,0.0879690206409397,0.0821283574484993,0.0994820097180431,0.218643156518108,0.851144986743425,1.28530245815777,1.82167166972463,2.76582279192481,3.13396137338632
"2013-03-25",0.0967195417111099,0.0866342936870349,0.0810457482557813,0.0990917381228652,0.22015808346969,0.859675506270329,1.29812222940622,1.83959079562543,2.79246061097886,3.16396197345153
"2013-03-26",0.0996118445358984,0.089438645812891,0.0835914921083591,0.100774192036045,0.219362149371334,0.85183273506295,1.28794362162815,1.82874719758197,2.78602190715634,3.16069798186241
"2013-03-27",0.102232548275877,0.0924760102755596,0.0865784392675174,0.101728460279853,0.211464005160492,0.810968396581508,1.23222985808378,1.76250013438691,2.72229122941903,3.1038221176885
"2013-03-28",0.0987172328770453,0.0904979914505004,0.0867236473122658,0.10553187375711,0.220679579413861,0.827388091808918,1.24987438701315,1.78019064034456,2.73804604217876,3.1185021263435
"2013-03-31",0.095640458693686,0.0878984506802975,0.0847449193677585,0.104494790871057,0.220594092890791,0.826276552597764,1.24697373730468,1.77462156454962,2.72708514863249,3.10531291724734
"2013-04-01",0.095526570268375,0.0871753159020099,0.0832748605636908,0.102020856157576,0.217414328023173,0.824097917646018,1.24500823515986,1.77156093876598,2.71759131526701,3.09192110751332
"2013-04-02",0.0948641186093477,0.0860545392034407,0.0818194325097041,0.100914549156447,0.219593236800328,0.840535348680182,1.26805161332636,1.79917839325417,2.74325407651293,3.11398861846
"2013-04-03",0.0889330229802178,0.0801400680866215,0.075501709125728,0.0925820069845331,0.204347825971999,0.802268195433459,1.22024153883597,1.74552500650763,2.69514562679672,3.07246053607385
"2013-04-04",0.0946569003717651,0.0857280773187027,0.0805244585247747,0.0954297675088699,0.200198518793865,0.773117078049117,1.17830239883246,1.69162158431766,2.63039302285083,3.00642118628279
"2013-04-07",0.0886956427388098,0.081030525842482,0.0775212229987901,0.0951449029602791,0.203058621418666,0.77361746678159,1.17251400582958,1.67495001592723,2.58731323985507,2.95110014859797
"2013-04-08",0.0815959563234497,0.0748675342817865,0.0726837196212186,0.0926674089712125,0.204155263491245,0.777957289511315,1.17510515729568,1.67266258071486,2.57005871578169,2.92630506978923
"2013-04-09",0.0869362193045637,0.079554720568178,0.0764400573554154,0.0947533971755306,0.203720694191614,0.775851767801657,1.17513337901503,1.67777192593268,2.59011714460213,2.95383774865533
"2013-04-10",0.0941378466563034,0.0843141068289581,0.0784734421949306,0.094119927540398,0.205354102589209,0.804346636506835,1.21972833628724,1.73692949142825,2.6577660363106,3.01959624996787
"2013-04-11",0.0884858989429269,0.0801306757222409,0.076043972300995,0.0938659993240363,0.205816369469564,0.797183439807001,1.20796032929769,1.7220290015876,2.64588845437948,3.01148428354796
"2013-04-14",0.0793122260438647,0.0730877933216654,0.0713080043055079,0.0910966612872753,0.199732914336134,0.761973809618993,1.15524066761583,1.65279927333816,2.56432101642982,2.93034867737366
"2013-04-15",0.0737347021744831,0.0682597130178079,0.0673036204030951,0.0878291883649009,0.195347260951811,0.74623337920131,1.13166961571406,1.62041030623958,2.51976640946609,2.88221223393295
"2013-04-16",0.0721456407775296,0.06732829032347,0.0674541494687613,0.0903988179374181,0.203257292488256,0.768713630164963,1.16077989734297,1.65542965618646,2.55968621843362,2.92249266531017
"2013-04-17",0.0756970732023053,0.0702810461155817,0.0695175327372395,0.090720658224464,0.200278513685862,0.757556008142355,1.14554951490155,1.63571043663384,2.53266849895367,2.8926893363568
"2013-04-18",0.0643256802724958,0.0611763187145995,0.0632955943308835,0.0886841812586894,0.202021144449852,0.754922792668134,1.13760229674787,1.62213530905265,2.51509891387107,2.87583662250483
"2013-04-21",0.0629637338132644,0.0596654242366867,0.0615884450162728,0.0866708367549287,0.199666997172436,0.752719514934258,1.13586456503902,1.62113679068659,2.51567620973787,2.877084891951
"2013-04-22",0.0669874537177408,0.0624512098502944,0.0628076701033383,0.0856476906780061,0.196769773917915,0.753355100068965,1.14037479020521,1.63014591329751,2.53002299350792,2.89246042816102
"2013-04-23",0.0677189259614728,0.0632108946721286,0.0636530630937445,0.0867975999684201,0.198915635215405,0.759706023883799,1.14949877561828,1.64271745420085,2.54884183841636,2.9137816173859
"2013-04-24",0.0760337993602066,0.0700545344171429,0.0685617135896476,0.0886715417836064,0.197180642026764,0.756074998236597,1.14650342955165,1.64027037634004,2.54456652856486,2.90764887469434
"2013-04-25",0.0669428362765406,0.062816908671854,0.0637862426957967,0.087836829418951,0.201285761934465,0.763777594852576,1.15379707994448,1.64691145058409,2.55229263683917,2.91684537562125
"2013-04-28",0.0591926399158938,0.0559606938832558,0.0579512821277481,0.0830934632997546,0.196128913698757,0.750608135576172,1.13604810675554,1.62575007971075,2.53300573263283,2.90095500465639
"2013-04-29",0.0597373384208331,0.0554332130859058,0.0559341775437315,0.0784815044467262,0.187586689606826,0.736430309159596,1.12067309366394,1.60998725970134,2.51815308790824,2.88673644437109
"2013-04-30",0.0639235314700528,0.0588106813176932,0.0583026906541333,0.0794507698586365,0.187522888614291,0.738891644217347,1.12531958774149,1.61659317372709,2.52482246492971,2.89218503239925
"2013-05-01",0.0666894486069524,0.0610166009168778,0.0595380818022805,0.078376845949148,0.180964413922148,0.715748228281586,1.0937887418517,1.57671059941841,2.47517168188175,2.84016697925089
"2013-05-02",0.0622316271219505,0.0571129788202346,0.0562862473653455,0.0758913769518995,0.178523794803266,0.709304245468216,1.08487532696996,1.56586589076583,2.46512346101601,2.8319084317333
"2013-05-05",0.0522060041230723,0.0486089320147039,0.0502231275182543,0.0751224915831344,0.189066162456084,0.749859593697117,1.13898338840437,1.63208319487388,2.54141549171733,2.90885929437747
"2013-05-06",0.0453837277354855,0.0428722644529171,0.0464439104225676,0.0761712616870707,0.201823536893001,0.796902541593548,1.20175071207324,1.7083226444544,2.62606735180195,2.99232947068776
"2013-05-07",0.0482256523842895,0.0454638483045923,0.0488256027264226,0.0786174571434886,0.205667513183862,0.807550298559545,1.21586992959583,1.72523959679888,2.64345338782808,3.0085401113031
"2013-05-08",0.0524106972677155,0.0495113406776338,0.0525565452192063,0.0814081400835081,0.205874033860417,0.799956032589421,1.20505415064109,1.71231976344127,2.63185132656195,2.99890933621973
"2013-05-09",0.0551019856629116,0.0499658701924508,0.0504162556504514,0.0763276010721556,0.200993001302191,0.811131611238556,1.22513556404863,1.73827841605604,2.65132849630266,3.01064957477661
"2013-05-12",0.0542908033823695,0.0496705054123064,0.0510578898811722,0.0792986265350838,0.209666468380783,0.836894383864529,1.2591276600679,1.779979929703,2.70090734533153,3.06183646830938
"2013-05-13",0.0550933965352455,0.050760550477879,0.0529707762873562,0.0839743554303617,0.222610142893193,0.87775658950529,1.31373857521567,1.84715677818105,2.77940126359128,3.14193893547395
"2013-05-14",0.0560541219522945,0.0510458552042672,0.052928141640186,0.0852493129987634,0.231514033548546,0.917970798329782,1.36924815665746,1.91530474953472,2.853807758695,3.21468486013398
"2013-05-15",0.0521933395010247,0.0481642437286325,0.0508857647117234,0.0830751988977086,0.224507650535461,0.888686560544383,1.32988080288307,1.86936360676453,2.81180013100589,3.17824283243347
"2013-05-16",0.0438738340378731,0.0407209617243774,0.0441297972587451,0.0758699246602256,0.211676407126414,0.849653500933123,1.27751139539489,1.80583268354318,2.74322642383889,3.11173141532117
"2013-05-19",0.0473137227905992,0.0431235619196119,0.045581810529495,0.0771819925367784,0.217278859890234,0.877315380355951,1.3161670348465,1.85294575228646,2.79086739094868,3.15558465445529
"2013-05-20",0.0525428576227311,0.0475717277338337,0.0493104032902702,0.0807835518311694,0.224018772288359,0.900241722444775,1.34717444394936,1.890280554665,2.82947382133116,3.19207593617451
"2013-05-21",0.0515735650002848,0.0468151445018095,0.04860125697653,0.0793792283255973,0.219177380643023,0.88110012906135,1.32039950003313,1.85617924475345,2.7877799316701,3.14877452070483
"2013-05-22",0.0584643760480307,0.0516319453938968,0.0518232895511949,0.0837340812722078,0.236485166626783,0.953127961699404,1.41607840886019,1.96653893417909,2.887890619021,3.2361157263692
"2013-05-23",0.0565807438291208,0.050249572822302,0.0510274249120598,0.0836028028996387,0.236187753547215,0.947089897397094,1.40544089680669,1.95010412220522,2.86135889676225,3.20571689558066
"2013-05-26",0.0510061438340362,0.0463926497087352,0.0497301992773122,0.0872851271409499,0.248875808055204,0.97713482166563,1.44051340894862,1.98749172731516,2.89567793898594,3.23744707572525
"2013-05-27",0.0480095279571035,0.0445568749995555,0.0501861127170698,0.0937833270577031,0.27035697194598,1.03868796281724,1.51704318970434,2.07353873077794,2.98028017883677,3.31781282355643
"2013-05-28",0.0484699226274848,0.0462647073265973,0.0538067735150063,0.101265639513114,0.285115557346719,1.06761875980566,1.54967138071529,2.10714717573109,3.00914000392084,3.34364006341902
"2013-05-29",0.0499293116226211,0.0489965808636903,0.0576990335674077,0.105325417826232,0.284035087595888,1.04055228814246,1.50938813343757,2.05542899812935,2.94835824073247,3.28164517881478
"2013-05-30",0.0382370317941306,0.0398816088093215,0.0519372096708158,0.104725579071943,0.289377522881243,1.04911531467247,1.51741502031384,2.06326590918746,2.95887787226063,3.29404463359877
"2013-06-02",0.0380782124954799,0.0390526252984647,0.0504850975140745,0.103081387504287,0.289753366567453,1.05715981831966,1.52657585351129,2.06962877307088,2.95096146244655,3.27860508896826
"2013-06-03",0.0458453375347745,0.0454090126660959,0.055278638885958,0.106320272572142,0.293765176281242,1.07017805964668,1.54260489377789,2.08539550013348,2.9571559159344,3.27920305850174
"2013-06-04",0.0521318570268876,0.051708202061875,0.0617167691777834,0.113392568121215,0.303074339339869,1.08858224637379,1.56651047918368,2.11561001566371,2.99748963067155,3.3232734230512
"2013-06-05",0.0572567890662272,0.0556360022853856,0.0636440263093326,0.110796875861834,0.290549209852637,1.05046625959356,1.51763388222204,2.05754327030534,2.93071170467397,3.25447364450363
"2013-06-06",0.058336926811071,0.0565542832762156,0.0641579510410009,0.110079710974411,0.286562963776821,1.03831583932802,1.50333263423212,2.04321308695951,2.92161765846791,3.24844660360085
"2013-06-09",0.0521818489327979,0.0517802115222189,0.0618609879477702,0.113797148833828,0.304311736332077,1.09304106120206,1.57288564296591,2.12417106776224,3.00954342848253,3.33661537101327
"2013-06-10",0.0515634239268945,0.0503812964514135,0.0603092945740047,0.114722162684049,0.316380708908328,1.14080736906588,1.63245058267048,2.18780288256142,3.05958598819799,3.37758242915753
"2013-06-11",0.0527032956488023,0.0527899043590437,0.0642121916412061,0.120372778575448,0.321966406340713,1.13450159043993,1.61688470156172,2.16101725096891,3.01437013950541,3.32555205046423
"2013-06-12",0.0538502711501887,0.0529653167830337,0.0634930595382713,0.119477439365148,0.324794440035159,1.15639570117331,1.64869276415044,2.20190903398567,3.06474510016883,3.37842188381877
"2013-06-13",0.0597644332675469,0.0551139991401046,0.0598475943902707,0.104119822305732,0.287554908718999,1.07891833444229,1.56254850830889,2.11597497297829,2.99735028847839,3.32115727644788
"2013-06-16",0.0556548839313774,0.0510499008483261,0.0554637980319105,0.0980703419768612,0.276112733608659,1.053493921278,1.53417153735201,2.08922028367997,2.98380749955644,3.31466267929288
"2013-06-17",0.0606722242454972,0.0532276830160902,0.0545930744059318,0.0945692466886265,0.276097618315825,1.08106740192652,1.57480954920147,2.13882479538907,3.03337927753282,3.36113831681097
"2013-06-18",0.0608177756169741,0.0530415399457674,0.0541324357981385,0.0941611737949927,0.277089329794944,1.08639156468906,1.58047793647523,2.14260532201361,3.02934545697042,3.35328303187128
"2013-06-19",0.0658861038241783,0.0549010582990262,0.0554181201507463,0.105493549311145,0.331306430135667,1.25918220184658,1.78009673449671,2.33583537811224,3.1465730781937,3.43188050382371
"2013-06-20",0.0501822145526109,0.0433770832512909,0.0497927023256798,0.110454688240976,0.353418160412446,1.31212691500042,1.8440848002107,2.40971698876578,3.23320181217001,3.5228463372401
"2013-06-23",0.0487184022957929,0.0411888313360305,0.0491599284222013,0.119615267146471,0.394174658812547,1.42728822427199,1.97371927780617,2.5355303434189,3.32442433890017,3.59800496648989
"2013-06-24",0.0483420320614017,0.0445717051392797,0.0575868033564018,0.136146106690027,0.420262666026833,1.45179878499485,1.98833935114904,2.5355612239901,3.29846057098923,3.56239116659206
"2013-06-25",0.0523990749178006,0.0476414616492381,0.0601479254312648,0.140288926092567,0.433159716417509,1.49404430690567,2.0422106170657,2.59837175846184,3.36948714596633,3.63573611305842
"2013-06-26",0.0580686410290029,0.0549266328035944,0.06773006351031,0.143037619517681,0.416070768796387,1.42712799725948,1.96532270585936,2.52334060314132,3.31480907595196,3.59037486808286
"2013-06-27",0.0548199504054376,0.0517911850546037,0.0638057103039849,0.135089706597227,0.395560284889624,1.3753441836626,1.90542258338467,2.46133878552814,3.25956977288005,3.53882745017371
"2013-06-30",0.0522532434374913,0.0473114759869321,0.0574107656353967,0.127366619493405,0.390294790584141,1.37827126922431,1.90655034850854,2.45498397775016,3.23344525378473,3.50452995905303
"2013-07-01",0.0484751322562781,0.0422415898540585,0.0513173299685317,0.12156786879885,0.38954292231152,1.38976500634869,1.91751826770353,2.45976189667021,3.22088351079009,3.48481001608833
"2013-07-02",0.0460086879613137,0.0376059556287989,0.0442709900816369,0.111999734194507,0.380197503273298,1.38866360662544,1.91879529550901,2.46106231721175,3.21832064878825,3.48039576951424
"2013-07-03",0.0466672587492051,0.0372559468971798,0.0435431067460424,0.113390566335738,0.3911116250927,1.42265348552166,1.95635752676355,2.49611891588506,3.24124469406122,3.4980847354697
"2013-07-04",0.0503846927714854,0.040551537364201,0.0462817671656058,0.115244890089354,0.391859340850512,1.42248468143884,1.95620079473963,2.49610677074806,3.24153413304409,3.49848548483231
"2013-07-07",0.0583872840233338,0.0425185639484459,0.0422821368132618,0.107547750439796,0.394622180597365,1.47306459668713,2.02203335514094,2.56886622521249,3.31191388005204,3.56667435204586
"2013-07-08",0.0582941022478388,0.0405713046264486,0.0389474863314667,0.105137924715488,0.401948677939181,1.51475263411409,2.07704245655507,2.63399777749886,3.3866838848883,3.64430759597155
"2013-07-09",0.055449388232692,0.0392371885013733,0.0390963415595448,0.106253789496044,0.401141405831742,1.50834986883971,2.07187802244634,2.63319205558538,3.3959013320166,3.65740191950718
"2013-07-10",0.0582728684177168,0.0398609048326623,0.0376309194899181,0.103816779932903,0.403596300783887,1.53086331828428,2.10092951874636,2.66570628686388,3.42904714242641,3.69032317264838
"2013-07-11",0.0532506959504286,0.0373110925930868,0.0350605979812547,0.0919720259306271,0.357403314352176,1.41012313374138,1.97201451298673,2.54914651286299,3.3569918384884,3.63671812360132
"2013-07-14",0.0506000146496978,0.0355369668963075,0.0334422419240626,0.0877082119534309,0.342316509770218,1.36796223762225,1.92453097302454,2.50284556827603,3.32211225653213,3.60704195128339
"2013-07-15",0.0504051510249627,0.0342949657992903,0.0316660234278395,0.0874837302391204,0.34996616673417,1.39348317166057,1.95082988136191,2.52339521620792,3.32492885335822,3.60247572354422
"2013-07-16",0.0480343634334747,0.0319062251751794,0.0292017408691086,0.084732736726062,0.346321373821637,1.38680702820685,1.9426114313304,2.51361349104448,3.31297551371042,3.58977168939281
"2013-07-17",0.0450806347263396,0.0309567849082583,0.0292498208146585,0.0816709411244503,0.327608806183579,1.33141718853029,1.88453426465795,2.46566192033048,3.29875308322639,3.589819518724
"2013-07-18",0.0419833699244612,0.0286312815059335,0.0282128218104204,0.0835534411402118,0.335981070925141,1.35758630541441,1.9191852564951,2.50884033764254,3.35382956535931,3.64902593514178
"2013-07-21",0.0451066538540074,0.0303994105982327,0.0284587943670104,0.0820937069717428,0.333861382962889,1.35455011702611,1.91248258546989,2.4952587649666,3.32545965775714,3.61480451921285
"2013-07-22",0.0429654423286266,0.0297169800505789,0.0290339353497773,0.0826489688183925,0.32865185350182,1.32604922752119,1.87461628167315,2.45066853805143,3.2762328043382,3.56464872270504
"2013-07-23",0.040547729169269,0.027880899124471,0.028102853958891,0.0835984122070043,0.333390620792929,1.34018452507128,1.89300424570313,2.47325636991477,3.30461334584782,3.59503425405826
"2013-07-24",0.0437357654160439,0.0329380231448844,0.0366272121895178,0.100560086388063,0.368768229098211,1.41175966895944,1.97213252922401,2.55281353671077,3.37412682533294,3.65966494886905
"2013-07-25",0.0407997290293329,0.0280994818347615,0.0293556391410852,0.0896848033035539,0.354251001089096,1.39821174931087,1.96145360503188,2.54577840504858,3.37279914454278,3.66036541621083
"2013-07-28",0.0436582552926737,0.0275198690754114,0.0247698876788994,0.0802977487997716,0.343025696683086,1.39661699245284,1.96413760078962,2.55054642141146,3.37634968832141,3.66291376661616
"2013-07-29",0.0470494529612712,0.0296188779349694,0.0257280200061345,0.0810921930879327,0.347991273827437,1.41658987756668,1.98843885278536,2.5762071729112,3.39926575064375,3.68428435891901
"2013-07-30",0.0487784825216296,0.0315779043263261,0.0280055887364288,0.0839231808613841,0.35166595708453,1.42159854376574,1.9938629807239,2.58197627604313,3.40545271846931,3.69061110593694
"2013-07-31",0.0585575317915973,0.0386584364893978,0.0318622583673643,0.0835692782670348,0.3479930996251,1.41603754279781,1.98540176556962,2.56794781751097,3.37948312186126,3.65997234958111
"2013-08-01",0.0615311935170908,0.0377494146066409,0.0285870233749356,0.0844859360934851,0.374808698375675,1.51666573749084,2.10523026728606,2.69339293906596,3.49397173978514,3.76854874018931
"2013-08-04",0.0694314036408751,0.043257056003987,0.0305396352507546,0.0797640194675566,0.359697913097659,1.49341023911225,2.08631938196724,2.68326956122339,3.50114007681546,3.78220616623801
"2013-08-05",0.0762256985782043,0.0500929149069679,0.0356629849303666,0.0771654313290721,0.3349654883542,1.4238035280469,2.01102326774251,2.61366760138622,3.45462858982648,3.74539333472557
"2013-08-06",0.0763902715007732,0.0509227141741064,0.037332204506524,0.0800425136733166,0.338952234169441,1.42698420050872,2.01302121549882,2.61425198350043,3.45308503856534,3.74310261246786
"2013-08-07",0.0748939143783943,0.0509123098043049,0.0385480832644245,0.0810308731110061,0.333696731282282,1.39894006151877,1.97682325539638,2.57294672421099,3.40941608279594,3.69920793703345
"2013-08-08",0.0781723563269033,0.0530096603243582,0.0390498206809787,0.0788837445600533,0.327873486051062,1.3885874591292,1.96553432610085,2.56110442248944,3.3971239406705,3.68678456433715
"2013-08-11",0.0803121466385358,0.0547018990046354,0.0403918076182258,0.0802552837885511,0.330159049544422,1.38760924829041,1.95816853753686,2.54378618306228,3.36104277114278,3.64361573451608
"2013-08-12",0.0827200714231755,0.0551380532476966,0.0390616130604644,0.0785999683130723,0.334930527584918,1.41840021696179,1.99897395181714,2.59158248517511,3.41385758881312,3.69759311241665
"2013-08-13",0.0889560471843846,0.0579028781566176,0.0399465271433634,0.0841701090699096,0.365662823158763,1.51377386000574,2.10693645128417,2.69777883040206,3.49861543921132,3.77287258359498
"2013-08-14",0.0819437016672047,0.0533795445488839,0.0380107865149736,0.0843858457228288,0.363777129982767,1.50023895457108,2.09115245256835,2.68297006904843,3.48947048728578,3.7661414753755
"2013-08-15",0.0792925373773058,0.0512127384658119,0.0373639187397744,0.0886929583387297,0.380936027896958,1.54581623420801,2.14414460388574,2.73926441455424,3.54528411374853,3.82127649653342
"2013-08-18",0.074627206703538,0.0444831691651869,0.029721131028932,0.0847423996836738,0.394618308125378,1.60553832946262,2.2151803725298,2.81374594055601,3.61495114368561,3.88834304274485
"2013-08-19",0.0761094281669554,0.0448085794788017,0.0294292550712721,0.0860287141223617,0.40423592922159,1.63669791024138,2.25128632738317,2.85100455312842,3.64938924965428,3.92139927318604
"2013-08-20",0.0726435292301781,0.0434547398781939,0.0291350983541463,0.0825842252746118,0.385010476778296,1.57880911805236,2.18608827394423,2.78633452964282,3.59464111666442,3.87094014884516
"2013-08-21",0.0638277134728838,0.037435207263424,0.0284136868741849,0.0947491463136896,0.424161097660068,1.66295971823225,2.27595205094898,2.87298118124443,3.66703169079849,3.93752018799008
"2013-08-22",0.045375894166828,0.0221756142646157,0.0183822896027354,0.0955658486182578,0.443193914149509,1.6939154328812,2.2961604950803,2.87423800027296,3.63399303924562,3.89199255096359
"2013-08-25",0.0535439300503653,0.0304584374125644,0.025563632747754,0.0974192685380604,0.429136293700058,1.64184490423557,2.23291066397844,2.80421064782696,3.55938351512594,3.81621229151022
"2013-08-26",0.054258365924058,0.0311479375238933,0.0253562161342767,0.0933841342234474,0.414471231815574,1.6058384158638,2.19322918482179,2.76481243283199,3.52467857875886,3.78350206086116
"2013-08-27",0.0541743578718771,0.0330974512981485,0.0281689220532739,0.0924040152116825,0.395686991811233,1.54044265573389,2.11590655566272,2.68301759403065,3.44552994052505,3.70610141632652
"2013-08-28",0.0594187655044908,0.0376477415462821,0.0332809653788615,0.102503634309108,0.421848284480736,1.59926477428293,2.17877457619077,2.74244763360957,3.49163663081056,3.74681368469725
"2013-08-29",0.0485024109235719,0.0287505859437321,0.0274877997897613,0.102730876886681,0.431535712408918,1.61465300748303,2.18877211845128,2.74309406356632,3.47543306755221,3.7244735745467
"2013-09-01",0.0503217621335346,0.0260749506166058,0.0212764137093594,0.0973476953580272,0.441622355630912,1.65936704974596,2.23388634510246,2.77831562667329,3.48628959164601,3.72606084669609
"2013-09-02",0.0509997842654029,0.0256687432886315,0.0211980038613878,0.10246267230939,0.463497354836988,1.71015688241475,2.28517210220976,2.82295112775415,3.51513357567815,3.74899338905955
"2013-09-03",0.0467139207008323,0.0231856727865616,0.0198912931603711,0.100068430774013,0.454640125607359,1.70058067049454,2.28734031874147,2.84313029518054,3.56573175662029,3.81044926255431
"2013-09-04",0.0386186451847229,0.0196361419677024,0.0235650726320212,0.118278725001604,0.496763399818189,1.76229032838597,2.34077208603252,2.88065988515125,3.57489506716482,3.80941580582604
"2013-09-05",0.0482521321677871,0.0259231169904119,0.0288765374865289,0.131201559220474,0.539592671834876,1.86448953611348,2.44993357166563,2.98564368835088,3.66448688215374,3.89308716616993
"2013-09-08",0.0397268274269131,0.0198572556571157,0.022468531153278,0.115013747361625,0.492398620032684,1.77469767353082,2.36836761613048,2.92631732296571,3.64759934790552,3.89155234574137
"2013-09-09",0.0395119123064318,0.0153162155322649,0.0123499284462074,0.0964146754338218,0.464119689469884,1.74053525723018,2.33503467899895,2.89455434170989,3.61833946799653,3.86316324087236
"2013-09-10",0.0382520271601209,0.0149332743849541,0.0141972562179622,0.104706182658526,0.487171495464454,1.78861599959272,2.38646957089329,2.94508185033075,3.66377193540463,3.90657244329723
"2013-09-11",0.036315011257332,0.014591004264702,0.0139866386223397,0.09939797652657,0.4634666410489,1.72890833003361,2.32304899889868,2.88542474805642,3.61634038624499,3.86386052129146
"2013-09-12",0.0320599990103406,0.0103419274337506,0.00976125860997779,0.0952591526014248,0.459582539818682,1.72578918363822,2.32027318567834,2.88297034088877,3.61430152149812,3.8619622623205
"2013-09-15",0.0280062968549181,0.00865273775075287,0.0102494490714157,0.0966521013892023,0.456278282376475,1.70855147895212,2.30146674603553,2.86604570193511,3.60353364682987,3.85359710563448
"2013-09-16",0.0288670876682931,0.0081324935794389,0.00607594525487232,0.0819186265685901,0.418613945617918,1.64631774614156,2.24873360002591,2.83424202253408,3.61215545699207,3.87709846260933
"2013-09-17",0.0308742337241115,0.00942765882389618,0.00630563826618635,0.0800604920453789,0.412912539538422,1.63245193701161,2.23165898187208,2.81424145888155,3.58839647294656,3.85206711983676
"2013-09-18",0.0309593053072293,0.0140492433223257,0.0117853892007502,0.0725676969821223,0.354338020725508,1.46211662998197,2.04834376294414,2.6469761747674,3.48001077678722,3.76786366676856
"2013-09-19",0.0280585281180124,0.0104133923295526,0.00847930589014212,0.0735365126416274,0.370421202955955,1.51534579162333,2.11028738280606,2.71051077617839,3.53588570966699,3.81994708745693
"2013-09-22",0.0380852346770052,0.0178029560772137,0.0127780489813905,0.07395042297503,0.368037213674337,1.51048529691872,2.10140963524724,2.69467555142789,3.50625593250951,3.78507553002118
"2013-09-23",0.0387525397370674,0.0194910146266066,0.0150546163221759,0.0749625318233927,0.361677698736668,1.48258191810389,2.06723264057002,2.65765437729696,3.46998856497514,3.74959256278321
"2013-09-24",0.0424402718978458,0.022777078306504,0.0174717749714516,0.074919590184775,0.355136885124922,1.45637403058204,2.03158234027478,2.61268380285696,3.41235682020834,3.68761424580071
"2013-09-25",0.038243860102451,0.0229142742826876,0.0217706324662144,0.0814087770828248,0.353358019113292,1.4247488687587,1.99554781207668,2.58153727097787,3.40154891053271,3.68547040513929
"2013-09-26",0.0412245414792555,0.0221073563393817,0.0171399240194554,0.0741052460601731,0.35156645820343,1.44968819351184,2.02812369156289,2.61592388605403,3.42952281905411,3.71012069276955
"2013-09-29",0.0443408611883352,0.0248481437643887,0.0183134669120618,0.0697354533147652,0.332537134021449,1.40143350886295,1.97588031778955,2.5669893008989,3.39525870850912,3.6821220232476
"2013-09-30",0.0414083955961299,0.0208414467436634,0.0135006484548352,0.0654248937067944,0.333579385017362,1.41942655792273,1.99867056181838,2.59143032041715,3.41727623036906,3.70271765032297
"2013-10-01",0.0832579496256691,0.0533922898392865,0.0355771186946156,0.0759883880864121,0.342606135242181,1.45562662305319,2.04219786257446,2.63392036837153,3.44547852519594,3.72443338451266
"2013-10-02",0.0761774532938237,0.0475199778857765,0.030175408744731,0.0681855156829664,0.32414683003704,1.41380955825921,1.99873921168333,2.59606664261816,3.42509761150936,3.71117926179497
"2013-10-03",0.108968919619162,0.0730324557670766,0.046219263094471,0.0696464264866647,0.308796688791213,1.39058889453562,1.97975513591811,2.58362913973674,3.42344007600769,3.71336320605096
"2013-10-06",0.102311430945461,0.0687375653015396,0.0455809076458553,0.0763129878489672,0.32820757464644,1.4269362915067,2.01622534409298,2.61560920807811,3.4434955920024,3.72867870993395
"2013-10-07",0.118745152169932,0.0826565970687414,0.0566082775528773,0.0838823226193912,0.33381544757617,1.43166826530768,2.01737602513195,2.61004770873008,3.42424643378454,3.70420026384318
"2013-10-08",0.217640282370361,0.164454838132728,0.117875042964863,0.11819403686457,0.34780833276593,1.45266584055917,2.04070045736608,2.62831727434464,3.42405965518417,3.69634394463167
"2013-10-09",0.194375084919993,0.14437979046593,0.101597346807809,0.106923930873696,0.341106420789724,1.45354903121654,2.04860282706212,2.64637199666101,3.46016748671979,3.73909365120317
"2013-10-10",0.19016092615258,0.137587312745931,0.0922333592309548,0.0958179363738356,0.333616587773361,1.46181336747741,2.06054583518776,2.65844779447332,3.46783966285982,3.74477703058484
"2013-10-13",0.174518920293628,0.121987205807947,0.0776374420610109,0.0854886611360239,0.33527698963895,1.48861190764262,2.09223997913101,2.69045615553981,3.4949724769338,3.76972538091992
"2013-10-14",0.200970474780307,0.144796587597046,0.0959059411006403,0.0973719679380476,0.341633562257254,1.49960868258455,2.10897463255519,2.71364688648876,3.5273643798115,3.80529118469819
"2013-10-15",0.27818654438465,0.210426012207952,0.14640080125571,0.124297610894548,0.340241777984864,1.47758210125306,2.08823112776024,2.69698504994698,3.51808552225444,3.79864901431198
"2013-10-16",0.158319133424393,0.119781468657522,0.0900659674370514,0.110362572575627,0.34911536571878,1.43647806601168,2.02552853121536,2.62617353820177,3.4569262370654,3.74317531675781
"2013-10-17",0.0629267277234726,0.0465328608768582,0.0426592840906044,0.0941829572277267,0.346452831824014,1.38157968830083,1.94927717363,2.54278911591208,3.38873184443004,3.6835993304144
"2013-10-20",0.0493032620500921,0.0353903693084753,0.0347451186504706,0.0912340803869004,0.349151161954355,1.38613746889514,1.95167499034247,2.5420218233827,3.38269569546928,3.6756654303979
"2013-10-21",0.0596915684465827,0.0402582781376479,0.0333229681589202,0.0827428801870876,0.339596068689889,1.39622720253013,1.96932434841422,2.56259423810278,3.3989483573972,3.68924242733274
"2013-10-22",0.0527292115872375,0.0365203961612007,0.0318896354831106,0.0792655006140018,0.318412598879069,1.32136517004937,1.8813264576936,2.47380511309378,3.32908397224612,3.62868584643864
"2013-10-23",0.0525860604495715,0.0376314000725944,0.0345147280735714,0.0838272349543171,0.323833930516366,1.32028757008083,1.87509961788835,2.46168633654409,3.30807685658325,3.60453282142032
"2013-10-24",0.0548956695125945,0.0384531538606813,0.033875474160743,0.0823666096423888,0.325487394858544,1.33663518923559,1.89666712297886,2.48589204008614,3.33129922642653,3.62672722566446
"2013-10-27",0.0524139244384921,0.0372685262201951,0.0339766249631803,0.0832613918624722,0.324059484025046,1.32488763122933,1.88230089031772,2.4716862222993,3.32215671664338,3.62004526464427
"2013-10-28",0.0584760958953021,0.0423938183879201,0.0379360774581701,0.0856055245312384,0.325178710525075,1.32872172113957,1.88883256433484,2.48141691963294,3.33680301132329,3.63643861809495
"2013-10-29",0.0667092156943494,0.0501543594775313,0.044651433497268,0.0894280491313448,0.322102183052256,1.31167454535544,1.869352770643,2.46292563946707,3.32519294132146,3.62800168368175
"2013-10-30",0.0701926654967916,0.0516649849599571,0.0444640104167684,0.0892192611979752,0.329111814122637,1.34432690121512,1.90922778225811,2.50433002201467,3.3588108717237,3.65746265831797
"2013-10-31",0.0672906915435992,0.0453434666238069,0.0349473747649165,0.0784194815414008,0.326397647649855,1.36969565838374,1.93890706798134,2.5290814677308,3.36182016274195,3.65091713378055
"2013-11-03",0.0657931568180517,0.0419768785466896,0.0303854674901541,0.0756883640264323,0.335978077390896,1.41718788978288,1.99782291465072,2.59304969265112,3.42314663148103,3.71011733864307
"2013-11-04",0.069825805697441,0.0456425719646207,0.0330884965263171,0.0755157293215524,0.328902606202861,1.39814068297417,1.97832337714592,2.5768548383317,3.41673148264251,3.70770592183542
"2013-11-05",0.080298420130907,0.0523602949750939,0.0358162587438603,0.0748271982586606,0.332280564431579,1.43265331231101,2.02786399751822,2.63918194964892,3.49261424440345,3.78771803398174
"2013-11-06",0.0876731306782177,0.058186402467665,0.0386984357172258,0.0705294678683482,0.313032025034522,1.39167518570191,1.9884116704438,2.60939473480972,3.487434235134,3.79239918727859
"2013-11-07",0.0835171561276027,0.0569182468472708,0.0404020773836076,0.0744145085014215,0.312408894247254,1.36357388293724,1.94783955908141,2.5588503102028,3.42766010208134,3.73007540467138
"2013-11-10",0.0871834903102725,0.0577090893522776,0.0387336852293696,0.072786917434839,0.321580171873015,1.41251172238123,2.01015560232097,2.62824350739504,3.49678408359393,3.79778118047653
"2013-11-11",0.0908427044502333,0.0598764405170209,0.0404754441610488,0.0783928502281255,0.344324539096066,1.48472386889453,2.09799029586944,2.72454410863078,3.59435888811606,3.89453001815276
"2013-11-12",0.0944308155532711,0.0644908896789733,0.0468411619824688,0.0885825521046784,0.361432123410488,1.50758106435189,2.11669753489482,2.73480925257324,3.58748700433287,3.88113481545017
"2013-11-13",0.100530866289537,0.070449041706491,0.0509015923218579,0.0847869231434102,0.335750496069187,1.4387101451537,2.04327815473682,2.66861697256278,3.5474175958094,3.85197570801622
"2013-11-14",0.105199327870467,0.0742349225287149,0.0528846864655811,0.082047419711844,0.322157370824682,1.4030263714427,2.00271238089345,2.6272315086944,3.51064563135767,3.81750618156816
"2013-11-17",0.104727910314397,0.0731094258016981,0.0514760379917034,0.0818671774594761,0.327885136273894,1.42437627725321,2.02742918858148,2.65174594642857,3.52954071014668,3.83378261989558
"2013-11-18",0.100489032180149,0.0717484440756157,0.0526788971486588,0.0835292848621615,0.320486731278268,1.38374295686462,1.97700706020227,2.59805713446553,3.48165648278915,3.78926029892272
"2013-11-19",0.104989913812514,0.0737641939542287,0.0526190467549467,0.0836874523471816,0.330235647773755,1.42578558070387,2.02788747110301,2.6511037271289,3.52725969146984,3.83092671642159
"2013-11-20",0.113273877208445,0.075381674050764,0.0467593608348743,0.0700099859336338,0.318697588895627,1.45862697252186,2.0855993497514,2.73229848278941,3.63726964449818,3.95035252801399
"2013-11-21",0.0934009842434577,0.0606820469863302,0.0381629299818105,0.0689736863480699,0.32138447081152,1.4483672641637,2.06845228467537,2.71047185502617,3.61321227208934,3.92610445776356
"2013-11-24",0.0932944138942244,0.0625483207918657,0.0422819358124544,0.0755350604732843,0.327346844414877,1.43806777226367,2.04742644175011,2.67786452073636,3.56394495959589,3.87103452986314
"2013-11-25",0.0969255680540154,0.0663425184210669,0.0457193718298085,0.0767572491610251,0.321532594168439,1.41625097531706,2.02267729851017,2.6539602886393,3.54673714445098,3.85683412589912
"2013-11-26",0.0949442439121999,0.0665916346676936,0.0482793970395377,0.0811240675321681,0.323135440196242,1.40167751428209,2.00247654685147,2.631140997952,3.52535028479001,3.83663008756659
"2013-11-27",0.101221776736412,0.0681791164463701,0.0452950655549977,0.0755228924676914,0.326105632431505,1.43843108953697,2.04566737374525,2.67081693170245,3.54470948509314,3.84697273968721
"2013-11-28",0.104652825751013,0.0714640264912849,0.0484287622937227,0.0785504472924359,0.32942883943217,1.44382348589474,2.05228743324092,2.67872674244996,3.55444228951686,3.85733755715376
"2013-12-01",0.108101906635431,0.0727128269160594,0.0473617103569441,0.0754759721435352,0.328011706114429,1.45256195133177,2.06279089809309,2.68767818825819,3.55627514529307,3.85610460015057
"2013-12-02",0.0874252596090136,0.0548941623225846,0.0340353977030166,0.071355437059369,0.340796230461151,1.49291840411006,2.10789495044044,2.7326491277201,3.59501155961025,3.89203111057427
"2013-12-03",0.0908501424948469,0.059042996805054,0.0385098333107377,0.0745590798995279,0.337929195209504,1.47526415124318,2.08792717596414,2.71413808730611,3.58368547073232,3.88377928776691
"2013-12-04",0.0911749978003097,0.0561055759375416,0.0327968186731514,0.068855855402338,0.343749929317089,1.52011629288428,2.14383967212168,2.77400261405768,3.63899007964408,3.93635833380594
"2013-12-05",0.0809597139903582,0.0486828355669633,0.0296704129986416,0.0742406939295339,0.363801500249981,1.55933013180397,2.1832911098191,2.80879682167149,3.66163199738136,3.95422652996997
"2013-12-08",0.0881885463919536,0.0537039345820675,0.032334890222035,0.0746624068167565,0.364708627878899,1.56390280003707,2.18554932161406,2.80528348409442,3.64564806904499,3.93346588836273
"2013-12-09",0.0927131723691486,0.0571960448813113,0.0343273339505965,0.0738393573322977,0.358995114710336,1.54847685219852,2.16642754673229,2.78280845289865,3.61886027409525,3.90521616492685
"2013-12-10",0.0910166402718542,0.0568468633337929,0.0348993813841072,0.0734230101955373,0.351056198624138,1.51867777029209,2.13084718461015,2.74523032092493,3.58340449612403,3.8710025603634
"2013-12-11",0.0926309412766399,0.0586732436858873,0.0378634893873531,0.0806495573143446,0.369938932967033,1.56315944265786,2.18134681047469,2.7975427979137,3.63304616470601,3.91919495432249
"2013-12-12",0.0839239426140493,0.0518253576260705,0.0340835301839519,0.0834100634862933,0.38468928718904,1.59328382513916,2.21062086712077,2.82143087437203,3.64439543356899,3.92573218226863
"2013-12-15",0.0783254710830134,0.0488645992322658,0.0343787762510651,0.0881711874596478,0.392903429056864,1.59612154304149,2.20823383436805,2.81326745587072,3.6280279206747,3.90653349363688
"2013-12-16",0.0803019898394184,0.0492427974441814,0.0328398173931219,0.0841905948259274,0.387706219712961,1.59709833212836,2.21378915938679,2.82370180541663,3.6452781949188,3.92612910385261
"2013-12-17",0.0772032161995635,0.048948488302096,0.0347536520055837,0.0854200738445949,0.377786440489383,1.55619270808113,2.16748640669904,2.77935427776149,3.61291733530318,3.89885484661712
"2013-12-18",0.0810137462774092,0.0503628812066779,0.034569991268618,0.0871145678113039,0.392828591706471,1.60692897777737,2.22549487210585,2.83713302050409,3.66094415288315,3.94255335134221
"2013-12-19",0.076443063696473,0.0468425266995527,0.034410994524354,0.0975827120997843,0.428245214092106,1.67696339067778,2.29089121508324,2.88554729622636,3.6724171186905,3.94007343690035
"2013-12-22",0.0714701250154829,0.0409883225035921,0.0291433970878117,0.0976322047823182,0.442948296283467,1.69948362941601,2.2968369596165,2.8639225543814,3.60198142669157,3.85197438091343
"2013-12-23",0.0800496919478239,0.044160620495514,0.0273171762738552,0.0936318672373257,0.449318323968385,1.73726358068223,2.33888099561525,2.90317570852981,3.63044187597541,3.8762021052498
"2013-12-24",0.0771700324357702,0.0434792585489289,0.0297746456758926,0.101816121151135,0.466959644073299,1.77191967909416,2.37940637788569,2.94876202485158,3.68229220414162,3.930156460895
"2013-12-25",0.0771552058113912,0.0419823768365524,0.0274085780773288,0.100942930682701,0.474207073257376,1.79501547168296,2.40302808845926,2.96908903650295,3.69467156994404,3.93957136868948
"2013-12-26",0.0735454707339132,0.04008411457341,0.0268485254538064,0.100144769830185,0.468372626689832,1.78154638972052,2.39251338246213,2.96505723302503,3.70265204816143,3.95188765751117
"2013-12-29",0.0715726832556478,0.0383977706854238,0.0243926663773094,0.0937317926607608,0.452794464007618,1.76778147294023,2.39398071696497,2.98868648663063,3.76283686902451,4.02506219647741
"2013-12-30",0.0753224794895956,0.0405337953503775,0.0246691157761781,0.0915035311325918,0.446846876757981,1.74405486564001,2.35644269833184,2.93461220615529,3.68360776620421,3.93701445136613
"2013-12-31",0.0829546619794267,0.0439791385903667,0.0241744076860279,0.0891645966780386,0.453009395749681,1.78286547775528,2.40555227573893,2.98992821138842,3.74326078804478,3.99783860404458
"2014-01-01",0.0832267658673648,0.0441735042300289,0.0242716540636843,0.0891238026027572,0.452839965498018,1.78272605087525,2.40548667696011,2.98994464403899,3.74339038329897,3.99800680586379
"2014-01-02",0.0805686733634527,0.0417039633775725,0.0217128216467474,0.0853906757090781,0.444602056684694,1.75962994587786,2.37562547094671,2.95377550644394,3.69911336258936,3.95099101594995
"2014-01-05",0.0758022112729131,0.0403761213129727,0.0248264849366865,0.0952867098275711,0.462346986720698,1.78267458237616,2.39835631871034,2.9756158830799,3.71945913220979,3.97081464176276
"2014-01-06",0.0648884507991512,0.0336214769118665,0.0213869132063899,0.0912451581989919,0.444183838606542,1.72909612712114,2.34002009656714,2.9200066131649,3.67486689611549,3.93055134542389
"2014-01-07",0.0624484619451823,0.0309100194866957,0.0182241371551921,0.0870773317485276,0.437886043298113,1.71766579930859,2.32647836834597,2.90453371578299,3.65692530907137,3.91177592292874
"2014-01-08",0.0581898371394418,0.0277646992717971,0.0190374682238188,0.100617175524609,0.480559309781325,1.79625804628083,2.39845372906864,2.95837129222776,3.67566573462871,3.91774846248179
"2014-01-09",0.0536416965854459,0.0264838833572909,0.0208591723798734,0.104121281142184,0.478862235118663,1.77757782063333,2.37720177000476,2.93812540412109,3.66017314962035,3.90412693665736
"2014-01-12",0.0536974506487485,0.0272204247043665,0.0188457767660795,0.0879418834208314,0.422884650908567,1.65242868135374,2.24771896551609,2.81987691376568,3.57233615389469,3.8278852929159
"2014-01-13",0.0531157473075717,0.0247886530777157,0.0139010553371314,0.0787768206297919,0.407682782050145,1.62887328168216,2.22191289640665,2.79232363585826,3.54275109112951,3.79762510765058
"2014-01-14",0.0538127204360027,0.0240057328237681,0.012934588544985,0.0822961124321706,0.427667293197056,1.68053051169313,2.2756520724504,2.84051063268989,3.57560488588845,3.8245901957326
"2014-01-15",0.0534632978838513,0.0258171273976345,0.0176026326751972,0.0915282772550046,0.442779476137895,1.70176996149496,2.29788796531019,2.86326527952505,3.59877388698538,3.84788583232022
"2014-01-16",0.0508234011366016,0.0224955554246667,0.0130463385031667,0.0839745536273706,0.428350535933296,1.66966530984129,2.25830181987937,2.81678213741954,3.54343974248824,3.7895602982347
"2014-01-19",0.0524756451997223,0.0233821991957814,0.0128132616336781,0.081621968171165,0.422295336778392,1.65636139075506,2.24233311292783,2.79845781356907,3.52215591082953,3.76727962168241
"2014-01-20",0.0546349931604005,0.0251781018689624,0.0141636725680049,0.0823681104544338,0.422579150603962,1.65726619868147,2.24382223447875,2.80056608466857,3.52510934355989,3.77052139351545
"2014-01-21",0.0537674215458071,0.023173241216445,0.0114674105044683,0.0807060648927345,0.426769640824769,1.67174918273446,2.25723350669749,2.80951253474665,3.52467560701525,3.76662089683719
"2014-01-22",0.053632376370408,0.0222878272353767,0.0114217090799432,0.0867799908064761,0.450621691658995,1.72237194783653,2.30590672577269,2.84878075462733,3.54441597526625,3.77919715661224
"2014-01-23",0.0562003269421486,0.0259857741785025,0.0135800820721562,0.0783646758073719,0.410649547137443,1.62479819631779,2.20263250705008,2.75132887308062,3.46554019944198,3.70746010741389
"2014-01-26",0.0786854635129918,0.0443140726484867,0.0254647854954351,0.0773842362680484,0.387257537446055,1.56919539027249,2.14260617582115,2.69179295653602,3.41116866109628,3.65519918199932
"2014-01-27",0.0830602049742983,0.0459587349301182,0.0246369048266112,0.0757552146035694,0.392137012534275,1.5956552869014,2.17436487065686,2.7252137929277,3.44303350411907,3.68621805764517
"2014-01-28",0.0760502923626094,0.0417489495659151,0.023284524226535,0.0767202329905079,0.391215253978443,1.58739275264318,2.16729705131631,2.72260972197619,3.44995152273898,3.6966811909403
"2014-01-29",0.0749318647189903,0.0445742433843287,0.0292465743832041,0.0819029860173637,0.381370176445852,1.53375992527663,2.10309841558168,2.65521561104935,3.38622148403088,3.6349000531426
"2014-01-30",0.0594530291350027,0.0307095986528813,0.0176528386630153,0.0743597729161447,0.380295358415169,1.54384179652075,2.11695380651823,2.67232398721465,3.40737172935408,3.65740998196416
"2014-02-02",0.060350407809375,0.0289915683365696,0.0131350854488891,0.0671012001357869,0.373120257747417,1.53901491257379,2.10901388531038,2.65814463917989,3.38113958423504,3.6267280234579
"2014-02-03",0.0740039359234387,0.0411915855753487,0.021582007336036,0.0644658518857981,0.344036084360391,1.45960586462602,2.02010727708043,2.56804728423473,3.29816801564866,3.54696012897781
"2014-02-04",0.0821788168831865,0.0495584526744476,0.0305628375402178,0.0755503039592407,0.361214952114849,1.49550905201702,2.06472139914585,2.62101256253259,3.36215158219079,3.6146917231326
"2014-02-05",0.128491269652384,0.0826434317750397,0.0484023246848136,0.0753984911251788,0.353928962171833,1.51776598711421,2.09961088000568,2.66310557169029,3.40689539336363,3.65965290178057
"2014-02-06",0.102002007085051,0.0634736051890504,0.0387237811559034,0.0803013892735249,0.375832047522633,1.55067845791832,2.13117640798587,2.69182792769008,3.43088838728053,3.68198421617957
"2014-02-09",0.133343848391456,0.0871695153719323,0.0519256370746887,0.0758814441505931,0.347886129071917,1.50714373549585,2.09412091217688,2.66667343391819,3.42690812317452,3.6856553843485
"2014-02-10",0.104783254875518,0.0668204067571294,0.0412934105950833,0.0775173067377579,0.35700598647066,1.50406741799187,2.08435448661428,2.65257264910764,3.41033637120794,3.66858497085005
"2014-02-11",0.0949359303078834,0.0610603879723237,0.0416686625667614,0.0896621039444812,0.388645115991552,1.56075461143587,2.14256749832149,2.70742038578016,3.45570496287583,3.71028557367947
"2014-02-12",0.0866062094853587,0.052567280607586,0.0339302930783038,0.0858185779293463,0.396224190706151,1.59206446910247,2.17836018297494,2.74357148966963,3.48798107819138,3.74085727644623
"2014-02-13",0.0613465811561194,0.0315983397206921,0.0169322328028531,0.070490089725783,0.372144737270297,1.5409624524476,2.12387338462165,2.69269480856976,3.44995712058286,3.70795729368524
"2014-02-16",0.0481122296172906,0.0207961784675326,0.00931735121714194,0.0678734045079354,0.375650835111191,1.54947240018039,2.132477495532,2.70081949033864,3.45706274640243,3.71469307519003
"2014-02-17",0.0581423652850205,0.0272294617801002,0.0118696542945256,0.0666571910836569,0.375419767457053,1.56123771029435,2.14679501081724,2.71457114291254,3.4662643262795,3.72197783607552
"2014-02-18",0.0728011676254262,0.0405423050928641,0.0220022821550755,0.0679210970041579,0.356802046640035,1.51177412057176,2.09663229985074,2.67168229359742,3.44196732204756,3.7048424974625
"2014-02-19",0.0719718349121731,0.0401939935519205,0.0230658406960479,0.0733850527173319,0.372990974437448,1.54763083724411,2.13521051466232,2.70900778700584,3.47317427205463,3.7335433547728
"2014-02-20",0.0756601801093938,0.0423481161392337,0.0239895993281197,0.0745285329874632,0.379468185700517,1.56743653273866,2.15619048135994,2.72756548721801,3.48434905182614,3.74181303441867
"2014-02-23",0.0681680979274273,0.036516026236097,0.0201388189959569,0.0731773764740073,0.379323881639869,1.56115196131059,2.14550727867132,2.71229760190548,3.4628028679253,3.71811903683925
"2014-02-24",0.0775258248717687,0.0421113769063998,0.0216488359899348,0.0706002762839122,0.377171421938086,1.56889454751564,2.15449071816253,2.71932972178858,3.46344155692837,3.71622738654315
"2014-02-25",0.0748920727856574,0.0416221900447686,0.0229190169464291,0.0716628743342862,0.37055803080361,1.53871865928516,2.11812357349457,2.68053448441668,3.42551617857299,3.67896916788884
"2014-02-26",0.0796607469610002,0.047439668144563,0.0291378323642258,0.075750134780646,0.365060533372789,1.5088018959035,2.0821255737619,2.64228589831522,3.38848068941768,3.64273767639615
"2014-02-27",0.0772336540453696,0.0463711598660757,0.0295685944721915,0.0776470631174297,0.366024977807367,1.49834321962319,2.06496812856072,2.61835324533697,3.35536944662855,3.60648982717067
"2014-03-02",0.0822622478700738,0.0494971617342876,0.0300747961429239,0.0736466121177299,0.355275625335219,1.47727921762404,2.04079131801608,2.59162214131844,3.32555997320545,3.5756507098412
"2014-03-03",0.0865448939100028,0.0510797765018587,0.0288192075701738,0.0698475057374557,0.352731870677142,1.48238418413528,2.04568835061575,2.5931691352513,3.31882920108084,3.56573497560103
"2014-03-04",0.0941924585640924,0.0561112634592492,0.0325611375106507,0.0776003991865444,0.380488502256995,1.56186439237149,2.13819479331337,2.69089593141634,3.415322699927,3.66109095192125
"2014-03-05",0.0911983611520798,0.0579031893725553,0.0396866191739036,0.0905030712085937,0.394327783545416,1.56468398137648,2.13846914887469,2.69161609738314,3.42013399518776,3.66761164791315
"2014-03-06",0.0926532772315846,0.0566303962306952,0.0359544943655637,0.0860567609017842,0.396854674905709,1.59132745850087,2.17192206370665,2.72823719761654,3.45710488662486,3.7043637165406
"2014-03-09",0.0921637246673924,0.0563395221314963,0.0376444875960764,0.095483589140009,0.426164590548636,1.65260868354417,2.23394978860875,2.78332208689407,3.49531900589748,3.7362236268694
"2014-03-10",0.0886554862093595,0.0547815270733138,0.0377885268370486,0.0960135249236602,0.42211103914125,1.63770710498498,2.2192370398421,2.77211218993938,3.49217146416053,3.73609369104891
"2014-03-11",0.0832359128430346,0.0505741745630207,0.0350269889106882,0.0950803584364843,0.422116920416505,1.63375087828325,2.21247106697767,2.76247238453821,3.4786653419694,3.72127135503115
"2014-03-12",0.082206659654315,0.0514229586820098,0.0372534331362536,0.0964523909187496,0.415107647786459,1.60401188651841,2.17755518714454,2.72613844354236,3.44426825877739,3.68785144261689
"2014-03-13",0.0866649053744466,0.054408823188258,0.0370766736239411,0.0877900120833595,0.386957380289584,1.53623647230822,2.09929993089356,2.6420218753548,3.35675290050363,3.59954397688384
"2014-03-16",0.0851427820898098,0.0539062884119335,0.0378090299462691,0.0901440998758389,0.390347360739812,1.53689439339254,2.09778615344911,2.638223899691,3.34982501725631,3.59154606240369
"2014-03-17",0.083644143383777,0.0526919196652847,0.0379837705760087,0.0953481523096087,0.408756834107854,1.58201385796525,2.14850020357723,2.69044479686224,3.3999535855607,3.64061636155274
"2014-03-18",0.084273319202433,0.0541794692774812,0.0397593246143255,0.0952879637865207,0.401129585662979,1.55895129551635,2.12407753416586,2.668301292452,3.38469993659187,3.62804013532205
"2014-03-19",0.0893262979810006,0.0565541719031434,0.0436802713666861,0.115033513963313,0.469316748295365,1.70328174065228,2.26402286574396,2.78241391988579,3.44348776245939,3.66637032020845
"2014-03-20",0.0916962367026259,0.0582525054863288,0.0445553259478852,0.114786660926527,0.468169029098298,1.70294026587759,2.26451918665837,2.78378183677462,3.44602093832771,3.66929883252775
"2014-03-23",0.0835914222097514,0.050485787413953,0.038691054372072,0.115434883705632,0.482688556989055,1.72323915372159,2.27252419009744,2.77329767442612,3.40566463955015,3.61844742706438
"2014-03-24",0.0761669232837113,0.0439575416667758,0.0338728443417967,0.114427436932339,0.487273628361626,1.72201350889716,2.26079263126232,2.74839657636709,3.3611172396042,3.56709886888718
"2014-03-25",0.0812306335731126,0.0456287595341801,0.0316074998308613,0.107491310882383,0.478763417148154,1.72543696251308,2.2714191468441,2.76592766434624,3.38752173133289,3.59649445532788
"2014-03-26",0.0718826405717096,0.0438997176760603,0.0369722365519998,0.116254387728734,0.474284340947057,1.67872699555389,2.21632071509924,2.70934697062466,3.33469862392587,3.54531209524665
"2014-03-27",0.0499761831900099,0.0260710090011282,0.0250643813743926,0.114962739581681,0.487849579670811,1.69905190353701,2.22967247246585,2.7123103689418,3.32118774218397,3.52604154223731
"2014-03-30",0.0619053214729842,0.029405820009458,0.0209349628026321,0.108939206238666,0.499905462365496,1.75161959969426,2.28275561788032,2.75670675572214,3.34685532931653,3.54492727381404
"2014-03-31",0.0656423290335483,0.032955523128691,0.0223646648420169,0.102480845996773,0.475785176660509,1.71416995933995,2.25478719415549,2.74410252041466,3.35899816119341,3.56571196642835
"2014-04-01",0.0620391811175613,0.0292146787636017,0.0188426112460545,0.100501830314206,0.479121706206705,1.7335474398977,2.28098229799723,2.77643254309741,3.39901932814608,3.60831797135952
"2014-04-02",0.0540819619597907,0.0204390759343642,0.0115620277532753,0.102170585208652,0.505383176328051,1.79688377631357,2.34496822506016,2.83405520502349,3.44305631216903,3.64745596641864
"2014-04-03",0.0532997600450571,0.0166628098890227,0.00512286210498303,0.0946881767738446,0.502526903619395,1.8013308903948,2.34641689164035,2.82975707948493,3.42915649375514,3.63019472604762
"2014-04-06",0.057368110458544,0.025134947203679,0.0143427653337979,0.0922400160061054,0.459734258365462,1.69664185546463,2.24379165943333,2.74251537893519,3.3722397546395,3.58413103879924
"2014-04-07",0.057969611185181,0.0238513160200876,0.0105691471097659,0.0844875428524696,0.446818728990093,1.67799885503216,2.22398543613515,2.72191972294465,3.35078966318072,3.56239950973043
"2014-04-08",0.0611236469211734,0.0264444592145166,0.0122786569842286,0.084357661927895,0.443105240153882,1.66658492400472,2.20967817133982,2.70507658875052,3.33079784953103,3.54135049070324
"2014-04-09",0.0669754134654599,0.0297430482835936,0.0108962228612491,0.072464225599512,0.413391983166215,1.63059528120108,2.18727616820083,2.70264602010598,3.36027272084567,3.58201167711607
"2014-04-10",0.0694852032252059,0.031301209791858,0.0107913962958145,0.0684765832490988,0.400885729042561,1.59750693733095,2.14592117108378,2.6538724024658,3.30216245829687,3.52075922751492
"2014-04-13",0.0676019119508034,0.0319266939315756,0.0133068218607879,0.0701124136420002,0.392256055370576,1.5606055610519,2.1018639659091,2.60649664004476,3.25374882391478,3.4722298862385
"2014-04-14",0.0643440592539029,0.0283148321590271,0.0111959839463881,0.0755113549584681,0.417866750516065,1.61691690017378,2.15782072801713,2.65504240012302,3.28634237327216,3.49898695085221
"2014-04-15",0.065861114466431,0.0280562714624739,0.00942590151455924,0.0733648892009033,0.418733130993774,1.61860371897877,2.15377323915071,2.64244725283907,3.2599395728619,3.4677344713933
"2014-04-16",0.0663671166125757,0.0249470080791452,0.0037251266050411,0.0690274603310712,0.426681505344856,1.64434041143771,2.17453798916707,2.65219935575978,3.2502633999306,3.45117395666275
"2014-04-17",0.0655173066745967,0.021886119300554,0.000825053580514656,0.0743301805055259,0.458961660200232,1.72466226440684,2.26040133571421,2.73626935839804,3.32678463165663,3.52485696677393
"2014-04-20",0.0634077535006019,0.0211697793913584,0.00179385288207168,0.0775401415090191,0.463874627053727,1.72804976254118,2.26237441414035,2.73684927468584,3.32557176455547,3.52304044429585
"2014-04-21",0.0597559981587472,0.0195727584227405,0.00167490253529001,0.0767305986833711,0.456599020770765,1.71250089617163,2.24994115292644,2.73035292777101,3.3289492445162,3.52987173456
"2014-04-22",0.0591447727524916,0.0185877416709236,0.00111986941358388,0.0790033126885663,0.465664760618523,1.72319470776816,2.25387410407944,2.724962919743,3.3094143047222,3.50544785126532
"2014-04-23",0.0474696904842527,0.0128692750387598,0.00243474627107965,0.0891235962895336,0.480699212651055,1.72512488171948,2.24710101930851,2.70989743330679,3.28379588780305,3.47628023493054
"2014-04-24",0.0373699678217108,0.00621775963273918,-9.93071882282592e-05,0.0918950860048693,0.486950057561389,1.72555459824054,2.24320463084385,2.70182699159988,3.27039079110384,3.46108016548326
"2014-04-27",0.0411658853746288,0.00559075475903364,-0.00506950545857332,0.0837498020591836,0.481946644901728,1.72921153967619,2.24511001578987,2.69932366495539,3.26018663795885,3.44817107794255
"2014-04-28",0.0410285555279996,0.00762162896141294,-0.00108385667486754,0.0888183962622375,0.485795478496653,1.73987825536215,2.26506675823683,2.730560776082,3.30773390532567,3.50131401774558
"2014-04-29",0.0455897456509849,0.0108369936591279,0.000402658285341029,0.0876822132709414,0.481618967748755,1.73329530964275,2.25828450425471,2.72374729290123,3.30094985327684,3.49454230458616
"2014-04-30",0.0519214738409435,0.018993617424456,0.008271239697352,0.0882346690098998,0.459135836225387,1.67437697930358,2.19828281647293,2.66929725671349,3.25855351171107,3.45648613131196
"2014-05-01",0.0509523558734551,0.0189093666551582,0.00888778964077497,0.088584966131193,0.455329581748207,1.65450714815586,2.17120768925995,2.63569140886057,3.21675123020293,3.41192961367482
"2014-05-04",0.0529941003476378,0.0185104044893637,0.00640001340238494,0.0855810945851534,0.456875205936821,1.66231124574208,2.1757142169317,2.63419277068504,3.2052449416763,3.39691395098331
"2014-05-05",0.0537573422801198,0.0205663486722678,0.0100055942480689,0.0911998563067109,0.46385415373402,1.66715723274146,2.17891563506032,2.63579026788782,3.20477943411794,3.3957535490692
"2014-05-06",0.0564431388879099,0.0238863035527526,0.0139355172917672,0.0954343298173643,0.466660855351871,1.66301384868128,2.17155198102349,2.62550303379229,3.19082770523619,3.38057099160127
"2014-05-07",0.0547312730029081,0.0201729276508704,0.00698651928970961,0.0820905266965317,0.444137829050178,1.64182237115429,2.1594713849913,2.6251082015689,3.20775988506826,3.40347885659531
"2014-05-08",0.0555581325901285,0.0224069564445923,0.0092825630847988,0.0801014195673344,0.429025447499866,1.61612054197901,2.14272837694765,2.62302324603595,3.22963310664308,3.43375336585066
"2014-05-11",0.0476867992560131,0.0179079509474814,0.00846785368379133,0.0833136773081484,0.434403088025547,1.62743653209457,2.16137975381337,2.65135064340916,3.27298499613267,3.48235351146191
"2014-05-12",0.0434130586376805,0.0160836850813211,0.00972356926144202,0.0890219949508262,0.444557599682405,1.63826755287893,2.17078803015473,2.65910426017435,3.27845073676603,3.48704033917831
"2014-05-13",0.0463247512395427,0.0188005640018259,0.0109297168382239,0.0844439456854877,0.424904794632346,1.58998993330922,2.11695187481664,2.60360452070744,3.22392154507595,3.43304987876927
"2014-05-14",0.0376696295189777,0.0131891263489199,0.00786321502592024,0.0813607944552613,0.412016364539024,1.54636249019233,2.06423754545606,2.54547642766432,3.16181977255168,3.36982456679918
"2014-05-15",0.0441455491180604,0.0164192761476405,0.00683386338559855,0.0736152713193651,0.395844554275026,1.52196668728374,2.03865910015516,2.51934375166272,3.13528730066613,3.34317192665268
"2014-05-18",0.0450409358300764,0.016415035148046,0.00660303025111664,0.0755486572311378,0.405915542982774,1.54647702842053,2.06356590054102,2.54135287177671,3.15050897390823,3.35588102781857
"2014-05-19",0.0537597854564768,0.022917026049629,0.00969633587961038,0.0721348430400577,0.392959649605892,1.53147706390207,2.0559689109692,2.54435460224097,3.17041922588996,3.3817318128561
"2014-05-20",0.0654319986590662,0.0314377745216806,0.0135211949947912,0.0672181402654726,0.375027134236706,1.50565366502041,2.03572109996906,2.53331832675766,3.17486519560911,3.39167072557517
"2014-05-21",0.0650502138472163,0.031558987782751,0.0144741144572144,0.0700086980936274,0.381664559803947,1.52135027468172,2.05506181861174,2.55595150804075,3.20166863509969,3.41987979468104
"2014-05-22",0.0620089915940308,0.0302229044449817,0.015291899455981,0.073964036386613,0.388791668763455,1.52889429542882,2.06146532344988,2.56099987572065,3.20480440379375,3.42236107475558
"2014-05-25",0.0605627259398814,0.0293652825505477,0.0150307186659943,0.0741025806687841,0.387843838100877,1.52139467389245,2.05058942973675,2.54688966273504,3.18648649560338,3.40261935395249
"2014-05-26",0.0588385861942406,0.028534872655104,0.0153021401423782,0.0758926451829987,0.390894594683839,1.5234307327114,2.05147837408175,2.54655879221752,3.18449979091007,3.40006898213077
"2014-05-27",0.0592096426648714,0.0297308655064916,0.0171332674148591,0.0773514600362865,0.387854596857317,1.50207284986909,2.02131933487672,2.50809231686142,3.13529621856001,3.34723559591294
"2014-05-28",0.0638825864812434,0.0345961122058864,0.0218236610060861,0.08045497018193,0.385121365448669,1.48037238697517,1.99102052073807,2.46978446044219,3.08669879265545,3.29516268549245
"2014-05-29",0.057069820781502,0.0317632280457416,0.0241897011243192,0.0909417900463388,0.40555695214035,1.50959522776305,2.02106208613589,2.49989168183314,3.11648190164166,3.32481614730525
"2014-06-01",0.0628275260834639,0.0331682620299196,0.0218125569393958,0.0877526389456449,0.412693067916287,1.54237511683796,2.0554788637219,2.52977910937738,3.13459813343142,3.33851294814804
"2014-06-02",0.0720852008509048,0.0372074238658114,0.0213276366910162,0.0863222154437113,0.423708625297126,1.58561696234173,2.10268849195724,2.57460831939139,3.17081000151354,3.37143519416106
"2014-06-03",0.061720354066008,0.0304866647008153,0.0196813886737004,0.0935666338326286,0.444679193364815,1.62862897746718,2.15260908713721,2.63026443763117,3.23341300947421,3.43636313312646
"2014-06-04",0.0561540393229023,0.0254189477073682,0.0152920252404258,0.0903204450487867,0.443082197613309,1.62937747775837,2.15401810316064,2.63220099419576,3.235976509439,3.43913591995243
"2014-06-05",0.0603898943152265,0.0262020993108025,0.0117516886985456,0.0805809848275203,0.427285478369716,1.61304568558706,2.13978471633214,2.62034180574336,3.22735773757301,3.43161782681562
"2014-06-08",0.059555039810862,0.0261260199496013,0.0135605706402517,0.0875593806109607,0.44469884368078,1.63994383379223,2.16294669410359,2.63655449089426,3.23183162654101,3.43195506651747
"2014-06-09",0.0674308056521307,0.0333463796753416,0.0209599507727144,0.0978586252847071,0.46365913285413,1.6698156633472,2.19067883154632,2.65912263697125,3.24524487305105,3.44212799389621
"2014-06-10",0.0568759256541929,0.0268093277003785,0.0195863155653051,0.104315229362639,0.479141974364477,1.69203294350882,2.21318284789414,2.6813907904972,3.26697259607133,3.46366452545284
"2014-06-11",0.0565734496015459,0.0285286231551303,0.0227313699053256,0.106525393473948,0.473559513806027,1.67125417714307,2.19179701634581,2.6624964971111,3.25377045612905,3.45253384945804
"2014-06-12",0.0605584968122864,0.0304113316653674,0.0225729234220697,0.10480967365179,0.472247978939343,1.66442156766341,2.17703982917745,2.63765289206092,3.2137707231889,3.40728515660736
"2014-06-15",0.0532526046712258,0.0284656936850322,0.0271382845795011,0.118098818143774,0.492262142594312,1.6782363541702,2.18494747251759,2.63963951765121,3.20804663650981,3.39895908198716
"2014-06-16",0.0554816142692569,0.0274664130182053,0.0231955403887532,0.112838389389484,0.492129051667144,1.69024649817343,2.19679160879873,2.64845845236308,3.21069474116718,3.39939225193191
"2014-06-17",0.0346625244981541,0.0127335167796623,0.016201794899936,0.117338346037539,0.509214532727621,1.7147092687433,2.22063281826126,2.67105289977169,3.23140263841997,3.41945434828083
"2014-06-18",0.0461085335300354,0.0186828000480867,0.0142266213931346,0.101241752843311,0.473172401055328,1.66527701726812,2.17617140060442,2.63491499745714,3.20853519714326,3.40120441580042
"2014-06-19",0.0387286205404593,0.0149877291075985,0.0136956964119284,0.101634069096568,0.467766377514211,1.6583679281572,2.18012663713519,2.654736601399,3.25350340160306,3.45495628063783
"2014-06-22",0.0358720626047826,0.00885877517957795,0.00525001683471826,0.0945168532075555,0.471843027038545,1.67740095961504,2.19361122459743,2.65704271755564,3.23648226003374,3.43110442336671
"2014-06-23",0.038237702652588,0.0158103788051264,0.016836378179836,0.109759771610257,0.483732166165807,1.67419329486864,2.18806333495171,2.65204428064954,3.23452839504101,3.43032263211649
"2014-06-24",0.0298652186012075,0.0127805328551745,0.0191145906415108,0.115749217711541,0.483394054774824,1.64525724983102,2.15032436693566,2.60893360806212,3.18708337527119,3.38158137058693
"2014-06-25",0.0290203410037066,0.0163669274678081,0.0271674909943722,0.127188679461683,0.490658077063996,1.63295920844135,2.13310176685454,2.58981094252248,3.16803298450901,3.36272640619006
"2014-06-26",0.0391597137899671,0.0214937723741122,0.0267104693061604,0.120513077149943,0.481552551065515,1.62696689299023,2.12543807098296,2.57816960223536,3.14896842033832,3.34099596010574
"2014-06-29",0.0375717353694506,0.0213850778072991,0.0276735830708829,0.120952759411436,0.47700557985242,1.61535647013535,2.11627200752591,2.57420454826649,3.15425639033477,3.34957838856076
"2014-06-30",0.0445383605216493,0.0127957627348716,0.00270279753884595,0.0808985569890586,0.441876972218286,1.62316430582294,2.13226698616598,2.5899415611479,3.16249366317656,3.35481470686048
"2014-07-01",0.0380200494415534,0.0197144473699239,0.0246753291420463,0.119832575426098,0.487567682177162,1.65577912555212,2.16436537238949,2.6263227954758,3.20877407654226,3.4047226030258
"2014-07-02",0.0284055160111889,0.010022941959147,0.0162623732127432,0.117134511491854,0.500372859599654,1.69797451801779,2.21221974099797,2.6760106225977,3.25798517790075,3.45359702611194
"2014-07-03",0.0237706671225177,0.00622395026976819,0.0144290740727644,0.120539848592381,0.514178621669383,1.7214552692091,2.23248031249813,2.69013200647628,3.26178510657048,3.45376990724306
"2014-07-06",0.0257907923175177,0.0112641129980612,0.0231135735896593,0.134029743604435,0.531118895958976,1.73393583432969,2.24123219384543,2.69519090106051,3.26205458544616,3.45242394229572
"2014-07-07",0.0377482991343717,0.0198851263509841,0.0271239876655284,0.130065179469887,0.515113640611625,1.69935866992029,2.20104038178781,2.65040254536935,3.21174007985359,3.40026201969015
"2014-07-08",0.039448891581501,0.0209315856629527,0.0269328950857315,0.126788525442294,0.504778596298784,1.67196709259167,2.16699090816966,2.61049852464796,3.16457701442085,3.35066319051945
"2014-07-09",0.0356167727060699,0.0164172807116002,0.0207706917660831,0.116224705368485,0.485753881455996,1.64768029989964,2.14749056923631,2.59843632659061,3.16438158142039,3.35460935226521
"2014-07-10",0.0373118677067035,0.0176901764200781,0.0205951609002643,0.111516669970635,0.471093754608609,1.62197074240901,2.12407982257168,2.58036869693279,3.15578616667145,3.34937320848022
"2014-07-13",0.0402877084035787,0.0172388737812447,0.0166978474829237,0.104894352537472,0.466559088664425,1.62444838594014,2.12505863518877,2.57722340502411,3.14495350699058,3.33579166297733
"2014-07-14",0.0405730409864592,0.0196888168732757,0.0219556865842071,0.114487767510122,0.481364928369879,1.64380898456776,2.14492764332277,2.59726670796417,3.1650697208292,3.35592640382136
"2014-07-15",0.0390918567096923,0.0178541187683902,0.0204993916450772,0.115692223705733,0.489542931351131,1.65780366898849,2.15496632752972,2.60071316928069,3.1577502264576,3.34483638202108
"2014-07-16",0.0320739050143898,0.0142581628783538,0.0207089856876612,0.119869414973514,0.493069792067266,1.64325538038634,2.13079898575018,2.56755325614983,3.11316899400147,3.29641195709245
"2014-07-17",0.0403277372273518,0.0183856095911202,0.0185021400097883,0.105354397867847,0.458628188407629,1.58687402966543,2.07433337345253,2.51455462167295,3.0672552197449,3.25303995210535
"2014-07-20",0.0355876753750356,0.0145570317213146,0.0176588143688542,0.113631808581822,0.486324588030823,1.6336152652094,2.11520753770434,2.54398354102393,3.07741539376205,3.25643386798447
"2014-07-21",0.0430010024215514,0.0209671668212862,0.0235099731817444,0.120344000354858,0.496588313707454,1.64190317079302,2.11668149732717,2.53662089830962,3.05690046937429,3.2313840170833
"2014-07-22",0.043675056660204,0.0229939290507999,0.02622592285918,0.12143029789345,0.490463841983032,1.62582990505647,2.10233839283819,2.52657355870659,3.05434918413326,3.23146917495207
"2014-07-23",0.0482194970490025,0.0251894272961256,0.025695812068493,0.117652195264184,0.485472072294151,1.62825859967323,2.10920450791385,2.5376370682349,3.07075391739666,3.24967092020606
"2014-07-24",0.0425862555551665,0.0246592701481792,0.0315077708629665,0.132433274084224,0.50875687589406,1.65195546617565,2.13001992737115,2.55531747696564,3.08425853961437,3.26176374294296
"2014-07-27",0.0479918060475562,0.0240317666770211,0.0251346070448013,0.122347038551097,0.503740743831629,1.65419014708744,2.12518635433863,2.53901756587093,3.0496309328327,3.22075987055089
"2014-07-28",0.0452673701994588,0.0242918620810676,0.0290147010248434,0.13108092599287,0.516322747518993,1.66428549091953,2.13265476838099,2.54389374277463,3.05117939438802,3.2211885911076
"2014-07-29",0.0399914170419225,0.0235507412811922,0.0338231336009643,0.143486382260056,0.535247165785257,1.68127407176032,2.1463851471186,2.55432591740409,3.05734396156291,3.2259160337476
"2014-07-30",0.024369704547647,0.0106612101486733,0.0260076765048183,0.147491606803669,0.561964619952167,1.7405484724099,2.21031767583342,2.61922062703303,3.12127550831155,3.28941839676667
"2014-07-31",0.0331928470698503,0.014068935675087,0.0227522140853185,0.134990252505254,0.541091339171843,1.72003032753887,2.19277912767629,2.60476938582767,3.11083290004293,3.28032554044981
"2014-08-03",0.0267793598942502,0.00849464091888663,0.0150550679113112,0.116063444495895,0.493973587844997,1.64329395127471,2.12407485296097,2.55181829325394,3.08381547977885,3.26234681144503
"2014-08-04",0.0360767538240269,0.0168826074217152,0.0214164079071512,0.117226264376738,0.485279822768523,1.62730033152411,2.11232036049862,2.54699382663458,3.090099844357,3.27250346504454
"2014-08-05",0.045200287846928,0.022061978776722,0.0225794494458943,0.115007601897675,0.484677605855413,1.63317724614965,2.11652341838427,2.54709339714814,3.08286955633834,3.26267902449531
"2014-08-06",0.03921073059954,0.0187854784315843,0.0214455169025319,0.113525630430353,0.474706942841052,1.60293696062837,2.08301142049626,2.51342720662656,3.0513004526605,3.23195006304375
"2014-08-07",0.0400035811418484,0.0184548690190682,0.0186537768477221,0.104335383355556,0.452475346869191,1.56396308291684,2.04413835174882,2.47777286719301,3.02219940848766,3.20520272090795
"2014-08-10",0.0385778165632917,0.0175658760180349,0.0193854659244507,0.109927667303967,0.468573237156694,1.59234243309032,2.07093454704819,2.50010079638558,3.03645215773381,3.21659219050949
"2014-08-11",0.0529830016813504,0.0282048361530616,0.0253860668415391,0.109508621346285,0.462533545505994,1.58810124144327,2.06978451249093,2.50216675619754,3.04275859843897,3.22433156834003
"2014-08-12",0.0546056976064086,0.0295508775223833,0.0256919736170634,0.106594827852034,0.45325843300104,1.57751455705783,2.06531660843229,2.50625066639375,3.06005280543132,3.2462162785172
"2014-08-13",0.0521246084648982,0.0274828346549142,0.0230830403729708,0.100314401748189,0.436477436335458,1.54379644568141,2.03078358668526,2.47410834452663,3.03358710691649,3.22182940153025
"2014-08-14",0.0471856729548538,0.0227810052689028,0.0190307098216136,0.0978729789421738,0.435661343194979,1.53109210774921,2.00638213467242,2.43600534599377,2.97560084487379,3.15698866140207
"2014-08-17",0.0455903441124351,0.0201959421971028,0.0159188053524227,0.0958000847701724,0.438056685368785,1.53579376205831,2.00633254224937,2.42885644869883,2.95719519789038,3.13465547519256
"2014-08-18",0.0456845330214242,0.0216105898229217,0.0184632529426781,0.0987640587973955,0.439820598460694,1.54309532885127,2.02146131152509,2.45380130270644,2.9967764391454,3.17929900387207
"2014-08-19",0.0520958392510497,0.0317064430933482,0.032365836105416,0.116012348094603,0.455826006353042,1.55264691467084,2.03231011007617,2.46842943811398,3.01853168547686,3.20360708424155
"2014-08-20",0.0413820719823834,0.0239368763306565,0.0298260440843791,0.12497381708529,0.484392656404747,1.59346607199111,2.06374880943971,2.48507217088523,3.01142670467843,3.1882014917965
"2014-08-21",0.0401026464401204,0.0209588095447886,0.0254570410103804,0.120433936953466,0.483044227222883,1.59321512564912,2.0585048201684,2.47263170220637,2.98777381786128,3.16065184080447
"2014-08-24",0.0333845213108396,0.0154662152271072,0.0231255348041852,0.126680030825697,0.505316622808671,1.62181225886062,2.07598120182788,2.47451063892541,2.9660085501085,3.13072291540959
"2014-08-25",0.0370706018542915,0.0175322417152077,0.0239676700391644,0.127681415084618,0.509637806275023,1.62506835065909,2.07310823916396,2.46369624828419,2.9435283375169,3.10423736692444
"2014-08-26",0.0413468744107574,0.0212462012375351,0.026074516211505,0.125249262044413,0.498557553959211,1.60997688193603,2.06332280809013,2.46135079990805,2.95233082115724,3.11687511220237
"2014-08-27",0.0301379585023563,0.0155806878738784,0.0266789109270139,0.132820293035224,0.507073504859706,1.59686700423053,2.03856527783821,2.42586586099468,2.90338523865538,3.06341050173839
"2014-08-28",0.0337443259943716,0.0179526609705016,0.0273433758662313,0.130527893728751,0.500315351954419,1.58325634450923,2.02290466325532,2.40853751667189,2.88405981899191,3.04341787704929
"2014-08-31",0.0362217994741081,0.0156024024968071,0.0202220239620008,0.119905579194543,0.493622168729367,1.59136751483392,2.03303315107324,2.41819020767406,2.89140596224129,3.04990083670247
"2014-09-01",0.035781148706215,0.0119873262196531,0.0141363554599491,0.11427173406773,0.497536061005444,1.61683312371634,2.06197766692526,2.44776011275516,2.92002467371102,3.07811649114425
"2014-09-02",0.0323757724263875,0.0144869457068555,0.0232579805604753,0.131164346637626,0.519809293609602,1.6463187188097,2.09784180393021,2.49129943093336,2.97458321640332,3.13644587738578
"2014-09-03",0.0376270542105603,0.0157893419347255,0.0207273004260963,0.125918514253046,0.517353210212776,1.65035680075646,2.09982633434949,2.48916881753779,2.96571125419878,3.12523256631906
"2014-09-04",0.0324542147967709,0.0121027677247206,0.0193838249041569,0.129420411196635,0.53006075574759,1.6814662017806,2.13731346222722,2.53202596237858,3.01507521222324,3.17677257924373
"2014-09-07",0.0343331591878459,0.0146147543762835,0.0207546056811797,0.124378818819567,0.509768716620681,1.65264572906056,2.11830136496283,2.52704452099942,3.03119993207604,3.20015829029163
"2014-09-08",0.0319517251854135,0.0109013701655778,0.0175802993521347,0.127577399344314,0.53057468630701,1.69114130055223,2.15088456772867,2.54901574050951,3.03626803475728,3.19937295085513
"2014-09-09",0.0272043617762064,0.0048306413481442,0.0124918423224215,0.130546724792116,0.554858646421999,1.73793545356742,2.19274494966774,2.58126271783595,3.05327594637662,3.21112451226799
"2014-09-10",0.0287094263248517,0.00661378674432561,0.0149580847093331,0.135004724635256,0.564218706064639,1.75888603093222,2.21792534789642,2.61002075669932,3.08636630932777,3.24566326599363
"2014-09-11",0.0295705092425971,0.00597950288440141,0.0128091339023381,0.131738832296965,0.562814673157626,1.76808307755367,2.23178603494761,2.62795816617709,3.10929348205891,3.2702601498377
"2014-09-14",0.0273145119810701,0.00216595467146002,0.00769743034890824,0.126705905195206,0.563375217498943,1.7891281853941,2.26123762070565,2.66467482389244,3.15486989701386,3.31880036031222
"2014-09-15",0.0320765296872817,0.00634117174523308,0.00989677773207098,0.123035933847535,0.548289923381617,1.76731210121494,2.24463063163472,2.6554168972858,3.15638631130369,3.32400004347081
"2014-09-16",0.027263305420315,0.00972663045946365,0.0209485259606436,0.138530674301584,0.555006233570522,1.75525224255138,2.23553133005498,2.65390875933737,3.16774057158188,3.33983243834374
"2014-09-17",0.0246462965601782,0.00604965945477343,0.0184009673336329,0.143811931880577,0.580511838216449,1.80103851944764,2.27552183214636,2.6833122222821,3.18039907568116,3.34670689267829
"2014-09-18",0.0256575977047208,0.0036853253747221,0.012988668126506,0.13683435341206,0.576799639759208,1.79877132452981,2.26801660550292,2.66878451860461,3.15564812242969,3.31846195698543
"2014-09-21",0.0262888115577425,-0.00245968049989376,0.000853382399684244,0.121898813232925,0.568374759109146,1.78956607152582,2.2465151367262,2.63193583956919,3.09716849307339,3.25262704637919
"2014-09-22",0.0264661312717388,0.00224364395938759,0.00820013565770705,0.125620386640297,0.554429569333178,1.75628582668809,2.21899325581866,2.61436486673971,3.09474747005121,3.25539610389123
"2014-09-23",0.0271296561217422,0.00209048234069775,0.00687620747788031,0.122159665872642,0.547494227161382,1.74353398549829,2.20442637998447,2.59831395211295,3.07692000836042,3.23697529342994
"2014-09-24",0.0143018390849422,-0.00235613549508407,0.0124789194510021,0.140955455534485,0.576249734657856,1.76557478461767,2.22013590909391,2.60802322703176,3.07910417117754,3.23663620602345
"2014-09-25",0.0200376934355253,-0.0010947332696728,0.00795560209838897,0.127523492232612,0.552013320409462,1.73074367478838,2.1833556825098,2.56991315686326,3.03951175939477,3.19655189093223
"2014-09-28",0.0204826808683281,-0.00442872854569148,0.00381398844200909,0.131540167600567,0.580209626688518,1.7715182027822,2.2088164908036,2.57505353357922,3.0157020764266,3.16289407778126
"2014-09-29",0.039694198247342,0.0138856509235983,0.0192435964832028,0.138411867119508,0.5696337976677,1.74201116304445,2.17996186447944,2.54925029036896,2.994970281814,3.14390761166579
"2014-09-30",0.021115350966188,0.000873142101974367,0.011608847467008,0.134587551529628,0.562118180783501,1.72487046746734,2.16392108907146,2.53625944603239,2.98698325362595,3.13764579458051
"2014-10-01",0.0227083711703322,0.00318453899509286,0.0117283485256948,0.123651553567932,0.523608079901659,1.65140253897844,2.0909534695738,2.46890425363274,2.92969270148217,3.0838586156543
"2014-10-02",0.0268362768664988,0.00661933763933831,0.0146900355232742,0.127121533364897,0.531005379225975,1.67187839587241,2.11674948846495,2.49931119568879,2.96573615517878,3.12178832735385
"2014-10-05",0.0203128396638042,0.000865769923432069,0.0120820545822616,0.134222481772598,0.556610677873272,1.70331141252576,2.13607869113886,2.50305441681924,2.94727360468143,3.09576150570077
"2014-10-06",0.0188614420522421,0.00195640903008132,0.0135551095346409,0.129213610636304,0.53109674585768,1.65347922365013,2.08971498262999,2.46461853787321,2.92161079646376,3.07450417873572
"2014-10-07",0.0195895370590635,0.00217021570741094,0.0114196452078402,0.119122840973429,0.502412820611659,1.59550106313889,2.02730757766828,2.4010435598356,2.85835350337479,3.01143265979783
"2014-10-08",0.024313502468612,0.00721949347208023,0.0132214268610608,0.10705523300871,0.458525024651839,1.52784236384243,1.97520564512078,2.37322711617608,2.86826265322235,3.0343903043984
"2014-10-09",0.0275044047261693,0.00741870041367626,0.0105744633887187,0.102642922530719,0.457191615543427,1.53341828306994,1.9792018833547,2.37343107383414,2.86182695585226,3.02561673313851
"2014-10-12",0.0348949647781433,0.013139171612815,0.0131948269129432,0.0981412811584509,0.439714551763911,1.50265835550121,1.9502022314113,2.34891706018145,2.84507286727769,3.01158621714821
"2014-10-13",0.0373257330943108,0.0162032766498162,0.0148998270236557,0.092028668615992,0.411989667282427,1.43991636897993,1.88476557252189,2.28664891266417,2.79128928710773,2.96092206316781
"2014-10-14",0.0309834440514113,0.0118673689992506,0.0118810638398258,0.0875282312557958,0.397451579628219,1.40038706965386,1.83931007861824,2.23845117365733,2.74194415115388,2.91133984029606
"2014-10-15",0.048054148538067,0.0256102808000847,0.0185681720028796,0.0762579021332549,0.350459640304074,1.31480081744288,1.76181429296093,2.18036023195855,2.71935618729333,2.90147442385929
"2014-10-16",0.0471943207775856,0.0262348255941457,0.0218875870302774,0.0857991862117994,0.372024780543773,1.35271175629571,1.80028125308433,2.21615562109481,2.74876526600645,2.92851055936758
"2014-10-19",0.0420322518177556,0.0228647822803036,0.0223686808137457,0.0962441832279463,0.402956002655651,1.41022915061256,1.85685516572573,2.26585412010982,2.78430117611767,2.95889564275648
"2014-10-20",0.0477107755301878,0.0265050055508627,0.0227746081619382,0.0901922609514141,0.386540210551006,1.38628951554323,1.83672174923059,2.25233684788759,2.78190446512871,2.96042911659318
"2014-10-21",0.0437571250641099,0.0246754244931924,0.0237786500088726,0.0958062705839178,0.398356528823701,1.40561454495006,1.85777426496933,2.27463948010921,2.80560917183872,2.9845977209976
"2014-10-22",0.0312660810812571,0.0137912697841036,0.0150649539542697,0.0907037900674221,0.398336877489325,1.41244731818236,1.86642391083767,2.28470169611382,2.81732483615608,2.99686406248976
"2014-10-23",0.0304475725881239,0.0128109316109829,0.0155818305231634,0.0980388760298407,0.423530505251071,1.46468908524658,1.91885271769311,2.33155598406818,2.85200030587727,3.02709244698893
"2014-10-26",0.0315391555145577,0.0193939268089077,0.0282162220400349,0.117106920048006,0.443633942324571,1.47380537963515,1.92536676943783,2.33781984027265,2.86006855948952,3.03591773391828
"2014-10-27",0.0368927122857603,0.0174063991440136,0.0178767861625527,0.0970847319505699,0.419555872427152,1.46108526869609,1.91665234317209,2.33087979877257,2.85337742840688,3.02916595738919
"2014-10-28",0.0379929519190027,0.020667307882623,0.0240577985409675,0.108129984965881,0.437467743994705,1.48834085933698,1.94642173858604,2.36262044597368,2.88743888523861,3.06400115880011
"2014-10-29",0.0158401559568315,0.00741631015618599,0.0239382327564234,0.131849896571323,0.494207436137887,1.55419260512803,1.99255901068001,2.38162308359059,2.8650565997153,3.02727331902272
"2014-10-30",0.0195364369223845,0.00507111313301906,0.0151152768621033,0.116634256069817,0.479300957505081,1.55284394479131,1.99432188314088,2.38416247375171,2.866848643443,3.0287137078237
"2014-11-02",0.0233925362060612,0.00910385643990907,0.0203609739854242,0.126185759577327,0.498504304669625,1.5818196050587,2.02079236004072,2.40568527107569,2.88022800712526,3.03925546294654
"2014-11-03",0.0434108296027737,0.0256106898360743,0.0333850983075008,0.136469493260942,0.51029708427881,1.596376010568,2.03198411292169,2.41162361997125,2.87795676080052,3.03414300125295
"2014-11-04",0.0477208175554856,0.0268653417057177,0.0318077478438695,0.133282691281201,0.510142273517897,1.60026125389127,2.03264019869497,2.40716529067138,2.86556615271049,3.01901444483821
"2014-11-05",0.0444183555562272,0.0240259138702709,0.0298033881239617,0.133258767443736,0.514392425518478,1.61399100928832,2.04980702150937,2.42725518510858,2.88921067130298,3.04384813358106
"2014-11-06",0.0399704098047371,0.0238760771283649,0.0348091512585232,0.145016345918735,0.531091586922715,1.62613928848023,2.05804032592615,2.43174378855725,2.88896513838808,3.04201309600329
"2014-11-09",0.0458703480820179,0.0281326131962965,0.0348772814753485,0.133607431234346,0.496981888253867,1.57084004899706,2.00794121715142,2.39154294097934,2.8646531880788,3.0232061206303
"2014-11-10",0.0382102921640282,0.0219146044332694,0.0317733164833838,0.138475224424562,0.517782606296892,1.61228870264656,2.05041532850711,2.43210082207114,2.90088148440526,3.05788528372695
"2014-11-11",0.0426477885658359,0.0261824130292776,0.0367668913017623,0.146823484739108,0.533762894269663,1.63264271024152,2.06621287376733,2.44138712509508,2.90041931211172,3.05407377899042
"2014-11-12",0.0349418704024987,0.0293040134651266,0.0502020855040211,0.166722200221982,0.542620717237532,1.61328775145518,2.04854347307959,2.431966488407,2.90627241273696,3.06531148022708
"2014-11-13",0.033205815871931,0.0283565063910964,0.0491787660053153,0.162726928292265,0.52905944868432,1.58374922073366,2.01781446629318,2.40266152968928,2.88066123114129,3.04104728803895
"2014-11-16",0.0217494685878676,0.0177328356109888,0.0394797096313031,0.153990174781207,0.520172994227677,1.57059805647799,2.00242219263559,2.38518984135691,2.86056189864495,3.02006458669046
"2014-11-17",0.0268300958402247,0.0205631330051632,0.0404552310828941,0.154853010666744,0.52659828056341,1.58854292737391,2.02063982895442,2.40135191887877,2.87233816631765,3.03026534363447
"2014-11-18",0.0389830854687069,0.0252136084834854,0.0367991828808194,0.14210814560626,0.510978041614515,1.58256899923116,2.01659090916092,2.39710721548491,2.86623767681645,3.02345082206921
"2014-11-19",0.0314248819767202,0.0216968619113383,0.0384026245625292,0.151269456371749,0.528332884133527,1.60473500886456,2.03845452920929,2.41830388244624,2.88642890366477,3.04329875848765
"2014-11-20",0.0365118277444255,0.0250427268808303,0.0393847926804873,0.148282838846682,0.519658375467004,1.58807040275232,2.01956519925587,2.39764465130733,2.86366990287246,3.01983894506505
"2014-11-23",0.0345907804613672,0.0237020338771949,0.0385194822286635,0.147329608149545,0.51632973782369,1.57569309742089,2.00326835737791,2.37786601927847,2.83957792944205,2.99430078338227
"2014-11-24",0.0482525874181556,0.0332161981763325,0.0427503620155681,0.143675071619449,0.503875928072337,1.5572310636933,1.98469056561546,2.35960048694764,2.82188596965432,2.97680757644175
"2014-11-25",0.0467664774959866,0.0378838341106995,0.0535426134664272,0.158886449857754,0.512663181621476,1.53639473153948,1.95457218917899,2.32332174506068,2.77965110494512,2.93266881766851
"2014-11-26",0.0468799450210287,0.0367084453054883,0.0507154474654891,0.153565230970068,0.504484054890602,1.52606042976069,1.94410729800307,2.3128799664076,2.76930305926638,2.92235456586706
"2014-11-27",0.0357196750816256,0.0291939153430512,0.046599923619712,0.151142076045889,0.496095454355378,1.49827662099216,1.91187780390155,2.278799209185,2.73464025058072,2.88759529147562
"2014-11-30",0.0255125905439471,0.023736829463201,0.0454545847199805,0.151836875798399,0.488899612198777,1.47226756399202,1.88589486289248,2.25724567201689,2.72235548028223,2.8786513983743
"2014-12-01",0.043718816241549,0.0337744227689754,0.0475468448373928,0.148877024337989,0.496711206651912,1.52278758705439,1.94820053200281,2.3259704872699,2.79546872168256,2.95301315883507
"2014-12-02",0.0257516203031345,0.0211544550453224,0.0425896084184951,0.157513853900303,0.524717809953009,1.56652925402173,1.9895447668268,2.36209077460818,2.82289698259739,2.97740785692302
"2014-12-03",0.0263974019225946,0.0233393173492367,0.0471290250115749,0.166300944232815,0.538212186501944,1.57134892697579,1.98419074970375,2.34513742339285,2.7896848080523,2.93864395490943
"2014-12-04",0.0248407333577882,0.0253572990705758,0.0525029786824064,0.173502376308646,0.540401192279956,1.55838213612073,1.96884958901526,2.32981181485745,2.77603861442244,2.92565181030719
"2014-12-07",0.019648731586766,0.0246362101033983,0.061541021671096,0.206829423076714,0.617068134952254,1.65783888785282,2.04673403403164,2.37717614664632,2.77792938485264,2.91192737007897
"2014-12-08",0.0490593441000111,0.0500639056780916,0.0812758213476633,0.216218101966624,0.609731551599494,1.62270469343649,2.00296190962767,2.32634839122787,2.7186582455426,2.84983631101607
"2014-12-09",0.0303238713745884,0.0473041275601458,0.0933310010337363,0.236137341426981,0.608905397723046,1.56921749708634,1.94697467550453,2.27740490106546,2.68505304863402,2.82170108722518
"2014-12-10",0.0191715078073835,0.0366026504336416,0.0818295727154685,0.219934025688818,0.580501800784597,1.52756547068925,1.90901224504493,2.24688514861458,2.66705926431512,2.80809767822134
"2014-12-11",0.00759330406481715,0.0268509061610759,0.0758471943693099,0.222911853135153,0.598165720275373,1.54298007377677,1.90842939575354,2.22575177543265,2.61557019861358,2.74615600733905
"2014-12-14",0.0116507696815393,0.0280380101859515,0.0712622485944128,0.20431608522569,0.553229228425426,1.47195809521118,1.84231794193573,2.17043612820437,2.57851256298376,2.71549150253569
"2014-12-15",0.0164064304539345,0.0346291284464395,0.0817743546571842,0.22446613464017,0.590242193650809,1.51358954317116,1.87106324414385,2.18152158979372,2.5629360022921,2.69070752104273
"2014-12-16",0.0223176338669938,0.0392167046988477,0.0839264147526414,0.221078910949557,0.57691314823713,1.49049914791264,1.84944851443665,2.16334543789015,2.55055778304039,2.68035410725539
"2014-12-17",0.0372195293624197,0.0500148758895799,0.0939292164595007,0.241053690475963,0.629815861228639,1.58485858392821,1.93798673503373,2.23743157760197,2.60034959097974,2.72168984001999
"2014-12-18",0.0185492120333144,0.0395131041933726,0.0929450327885758,0.252166546014411,0.650929780421361,1.61374235029342,1.97102133236896,2.275299269162,2.64505920735142,2.76873334272458
"2014-12-21",0.0135906666450455,0.0373439008123574,0.0944610139391813,0.259118634035992,0.661738066920303,1.61016087444523,1.95582277747768,2.24811294659721,2.60202981333619,2.72035109912699
"2014-12-22",0.0239309633904679,0.0464393578933391,0.10306962390935,0.269723784823418,0.679762932687867,1.63796412455141,1.98288069314762,2.27280298086509,2.62276966376157,2.73972543873145
"2014-12-23",0.0099585179434863,0.0346585396575474,0.0967602206062727,0.278312415202053,0.718422681974425,1.7150399054543,2.06320911840282,2.35228276595077,2.69919636517418,2.81505585480832
"2014-12-24",0.0131257976235016,0.0307612031180862,0.0877304599554123,0.270543385297874,0.726308230280396,1.73394884895918,2.07252061769015,2.34894702587446,2.6782385003642,2.78813219890205
"2014-12-25",0.00732777855563593,0.0262062466232518,0.0845799339540821,0.268998814038442,0.725371126348368,1.73054422503614,2.06786924887184,2.34322274053933,2.67121883359858,2.78067987603292
"2014-12-28",-0.00188155939686849,0.0134487436589609,0.0687797690772566,0.25197449789696,0.711936613203772,1.7184188027027,2.05188424676186,2.32265233667801,2.64449800436103,2.75188649941736
"2014-12-29",0.0158278527291669,0.0271134580258679,0.075869351657321,0.245989218489133,0.68610653310443,1.67710077049777,2.01204647329131,2.28577150905038,2.61192635833572,2.72077493315462
"2014-12-30",0.0312750260318034,0.044544121957822,0.0929001494999692,0.255545889074076,0.675615208192,1.64679219580643,1.9849989449517,2.26468209286386,2.5996150302814,2.71144652162234
"2014-12-31",0.0250633758921481,0.0423886909783718,0.0934887283509258,0.254460500643884,0.66265165711002,1.62116433833667,1.96349566535271,2.24983869140154,2.5945913982768,2.70976851774917
"2015-01-01",0.00973316332645084,0.0292249414625487,0.0835190232299325,0.249976402652445,0.663866673607528,1.61418707219011,1.94775745195321,2.22494606703941,2.55768104473661,2.66880733180096
"2015-01-04",-0.0024925062716611,0.0248227176924791,0.0852003657772615,0.250974496367419,0.644616639558241,1.55604989000035,1.88619148615284,2.16501831050159,2.50249683697238,2.61531855022147
"2015-01-05",0.00813430869819341,0.0325716957030264,0.0892473939918056,0.248910143488952,0.632005283991636,1.51448081037212,1.83054037274056,2.09595009127063,2.41622833019263,2.52325978974308
"2015-01-06",0.00207615278522105,0.0363883600114619,0.100924211483237,0.260190708381707,0.617671963462123,1.44798674796127,1.75960905477873,2.02840989589689,2.3578007943336,2.4681153447488
"2015-01-07",0.000663681365867266,0.0291440757538327,0.0876753999362787,0.241947486798176,0.603645207549807,1.46049481504161,1.78186061645164,2.05808008491631,2.39567601049993,2.50868873218648
"2015-01-08",0.00247454982353122,0.0274423753965294,0.0814417338574199,0.229111649216209,0.585444854292449,1.45343336299813,1.78517520451759,2.07248297743211,2.42508619644171,2.54319328246603
"2015-01-11",0.00317387989624114,0.0274329261748187,0.0783617006058967,0.215754118550249,0.548392164370839,1.38333697778626,1.71408694996017,2.00593576898647,2.36831068753938,2.48992549366906
"2015-01-12",0.00888367634698861,0.0331441943351355,0.0828119583281058,0.214932765290557,0.534096400871404,1.34794687515463,1.67732862964265,1.97150480441407,2.33977100768328,2.46355061561645
"2015-01-13",0.00887116426880884,0.0318290977883265,0.079395473683317,0.207249219897908,0.519445707706739,1.32789661159636,1.65953977441492,1.95776523762344,2.33283057971327,2.45900781302018
"2015-01-14",0.00434945405908208,0.0279056739514348,0.0742269990496073,0.194707017981429,0.4857824481311,1.25766547652282,1.58645601122573,1.88910870161528,2.27655129777371,2.40739830746352
"2015-01-15",0.0160673548458743,0.0305067940608299,0.0640822628346535,0.162556346499066,0.422904001060365,1.17085435730777,1.50598716222825,1.82183725897036,2.23321678218919,2.37270456219283
"2015-01-18",0.0150107022728345,0.0326497368792243,0.0697128521146014,0.171744932690448,0.432123579497762,1.17391778275922,1.50960247264411,1.82902197148902,2.24882658703394,2.39153134624374
"2015-01-19",0.00117362476168824,0.0273337727174458,0.075558923070541,0.194946706106491,0.475446873410111,1.22450979026414,1.55277200080101,1.86133052461009,2.26348744113509,2.39992776425848
"2015-01-20",-0.000668785857920434,0.0203955522308344,0.0650235041512195,0.186867874531472,0.48756297244293,1.27158033254647,1.5940397204939,1.88419206529872,2.24920632465817,2.37200679416237
"2015-01-21",0.0159809830108576,0.0307146718256271,0.0694633881112325,0.188571425475206,0.500672490081855,1.32211360429242,1.6532036845978,1.94652077026339,2.31131033388256,2.43375897234162
"2015-01-22",0.0118534598328532,0.0247920321437515,0.0627584712367111,0.184353246315396,0.505461907178374,1.32941577465737,1.65023204507915,1.92919459523668,2.27207140323254,2.3869385083197
"2015-01-25",0.00836641488341701,0.0235627582255058,0.0615850866682146,0.175822026568495,0.472596329751662,1.25698035757125,1.57614969316664,1.86053977597448,2.2156213285667,2.33489757719033
"2015-01-26",0.0207429181215339,0.0315454905593377,0.0666224281117241,0.183394875984662,0.497666804017943,1.31220569561898,1.63044682447226,1.90737272291461,2.24783933645391,2.36190224019894
"2015-01-27",0.00792642390553558,0.0266316118463645,0.0694095220391112,0.191354681264591,0.497245310042085,1.28212896374405,1.59560168795566,1.87272965046317,2.2170919003573,2.33267209873943
"2015-01-28",0.00344090537319047,0.0196813928852848,0.0579861430579112,0.169645390449273,0.455805745056667,1.21296290602928,1.52366356887136,1.80207643467092,2.15110334747672,2.26843758360611
"2015-01-29",-0.0133385090907574,0.0148974309695868,0.066771789888509,0.193849762146077,0.485135689472347,1.21822946473773,1.51981584879271,1.7930561739686,2.13901674299593,2.2555823091152
"2015-02-01",-0.00962878112718036,0.0119209700134941,0.0547603131865739,0.166969326853738,0.438640336597601,1.15477645672348,1.45701181313958,1.73359792812746,2.08604816269685,2.20495164648525
"2015-02-02",0.00507445646599276,0.0250978085722393,0.0667036085864602,0.179146048497042,0.456598572883803,1.19160620172872,1.5002055529297,1.78126303458435,2.13797541498739,2.2582047457517
"2015-02-03",-0.00742746574472681,0.0221944116151254,0.0760598523840939,0.206976377582394,0.505964861428037,1.26183736891045,1.57549458909544,1.86126809924195,2.22467102275239,2.34723195548724
"2015-02-04",-0.0030232244110973,0.0222551551580137,0.0706178227723069,0.193466677406081,0.48413509744057,1.23820701662625,1.55444047324665,1.84336075553615,2.21124433017441,2.33534030622508
"2015-02-05",0.00476396996160598,0.0358899772885793,0.091850860982992,0.226611003189375,0.532831212208182,1.30944429035995,1.63427643377072,1.93184132810324,2.31188735676293,2.44019086413535
"2015-02-08",-0.00971363788710777,0.0244988991501677,0.0891680319608119,0.249419912540427,0.610246688931237,1.45017027962465,1.7656713443027,2.03787044487127,2.37144992274776,2.48316809650584
"2015-02-09",-0.0112816042192476,0.0238286565703565,0.090470753491776,0.255852208674346,0.627167917291126,1.48187593312479,1.79892403684037,2.07078255087767,2.40275795691335,2.51387949734881
"2015-02-10",-0.0112081329132642,0.0252809452189379,0.0932707944744113,0.259750734707687,0.631159366851139,1.49015306115904,1.81199468148586,2.08950573966033,2.4295216551439,2.54339287935585
"2015-02-11",-0.00747845920257532,0.022575597569814,0.0853591656932845,0.251542371460296,0.636959743586798,1.51653517837617,1.83345913517611,2.10084171268661,2.42435562045091,2.53250560465348
"2015-02-12",-0.00800817852211952,0.0205841412536292,0.079767578904239,0.236544403813717,0.60537204297079,1.48102007010312,1.80970531682559,2.09226571305885,2.43763377111249,2.55324901159218
"2015-02-15",-0.0108933720091424,0.0216769682075296,0.0829916332357438,0.235483392263437,0.584824252125491,1.43679513023616,1.77306021027936,2.07052677105098,2.44081565750928,2.56515408829102
"2015-02-16",-0.00690627503354095,0.0215587117849849,0.0800823507944199,0.235045154273086,0.602594124697987,1.4967783060584,1.84126688325851,2.14120703247928,2.51058007375787,2.63437387168688
"2015-02-17",-0.000300720367027982,0.0194505638059039,0.0723774764644823,0.232925111963678,0.634491599691936,1.58147595077806,1.92342998843619,2.21103466285938,2.55827045529461,2.6743154063674
"2015-02-18",0.00380838097780706,0.0265939166992576,0.0786573366605808,0.226338463408646,0.592597370174174,1.50871841626512,1.86531534475775,2.17651309919975,2.56009090133669,2.68865780185692
"2015-02-19",0.00497694887568154,0.0224430820175104,0.0710940067771159,0.22219903720906,0.609118263026245,1.55482671025637,1.907251251557,2.20765053231269,2.57280352826448,2.69493998796833
"2015-02-22",0.00545093852352833,0.0248318325842805,0.0761869764727255,0.231653659911034,0.622286691110389,1.55666520212778,1.89903510789173,2.18884564345667,2.53988222845433,2.65724408792186
"2015-02-23",0.00866962432832642,0.0248242517401097,0.0710677891854415,0.216386094530703,0.590732127641931,1.5086830355845,1.85114504522081,2.14311754107642,2.4980543472196,2.61677451069175
"2015-02-24",0.00645519342183141,0.0243818389635416,0.0692514814883348,0.20315000087996,0.545284127274566,1.41615364070229,1.75727733458492,2.05538608410264,2.42302776478481,2.54626040858192
"2015-02-25",0.00559452272281025,0.0283588214889123,0.0797124426230253,0.223920460554925,0.577781098189774,1.44861612970501,1.78269966325419,2.07227266119316,2.42776535929302,2.54684411026818
"2015-02-26",0.00460185167706673,0.0279171926524823,0.0822493465707468,0.236600727671377,0.612715358331745,1.5066832309127,1.83657662085693,2.11721656113244,2.45812038981139,2.57213902019451
"2015-03-01",0.00093759340122844,0.021971273599986,0.0737354474039635,0.225250266078099,0.600924969238269,1.50285913599664,1.83688110510812,2.12123798781768,2.46674225894597,2.58230213135601
"2015-03-02",-0.000664256297342014,0.022410271544623,0.0781221894893666,0.239083080398717,0.633163905217016,1.56215031758102,1.90081562899877,2.18720402577387,2.53398061693271,2.64991493729396
"2015-03-03",-0.00687249980836308,0.0247371904334397,0.0900872999269899,0.262260157355229,0.662235577150625,1.58567307648645,1.92284740922789,2.20906221759127,2.55648007627882,2.67266959163648
"2015-03-04",-0.00840423588248317,0.0210889710656237,0.0832758348017791,0.249732738657763,0.642346105253596,1.56689232622344,1.90995938874645,2.20316147649112,2.56033726638553,2.6798473646427
"2015-03-05",-0.000961434683729279,0.0299292548670449,0.0928689385745782,0.25810050224649,0.646076278992919,1.57495393499363,1.92767897722153,2.23272651286529,2.6069013892162,2.73222710492224
"2015-03-08",-0.0112132347615509,0.0232438369103821,0.0940337630671529,0.27926739514339,0.705570100635473,1.67374766081757,2.02197132933583,2.31565563711925,2.67095039666286,2.78972343173249
"2015-03-09",-0.00203630781498478,0.0304169196295883,0.0966695650407564,0.270084886747458,0.672994968063617,1.61277504505089,1.96025524094079,2.25700697244961,2.61841091956952,2.73933269989228
"2015-03-10",0.00441567021576601,0.0334378920832886,0.0955023462417117,0.262791623818894,0.657327180295171,1.57683033573897,1.9137394736586,2.19993306992126,2.54741033832812,2.66362229802634
"2015-03-11",0.0119844763106615,0.0392030664053742,0.0996771317569047,0.266242597002059,0.662545332195064,1.58122787172409,1.91413792606357,2.19532678510544,2.53567381203232,2.64945476343683
"2015-03-12",0.0184977653661517,0.0434102833445299,0.100386568942004,0.260501484756336,0.648122891112774,1.56590735387794,1.90412347119831,2.191763264884,2.54113662076657,2.65798695651795
"2015-03-15",0.0244066949696974,0.0530675221533295,0.112913146122708,0.272406164792311,0.649155323210525,1.5459259037646,1.88286556080104,2.17258220496693,2.5267241133637,2.64527737921885
"2015-03-16",0.0345475947316028,0.0649415423624773,0.125781405833362,0.283445415978508,0.650315515296326,1.52349165116312,1.8543213056344,2.14029142640579,2.4910002881586,2.60846404259441
"2015-03-17",0.0191660852486348,0.0445608763672692,0.101462738978586,0.259000185467008,0.635022667265103,1.50836137775897,1.82505807002208,2.09258902566441,2.41641941449025,2.52467913322792
"2015-03-18",0.00156820761266713,0.0364155266134076,0.0981774527266438,0.244547060862706,0.57081369204782,1.37473146040697,1.70253628002335,1.99884495687115,2.3736129614497,2.49986543283528
"2015-03-19",-0.00915901021655915,0.0249075951332541,0.0888440275019315,0.246643887464881,0.602222416252342,1.43794361881443,1.75562988812641,2.03139702108284,2.37060208134898,2.48427065584047
"2015-03-22",-0.00898389292899428,0.0249912585010007,0.0867426982981744,0.235933533064309,0.570978155018106,1.38293122838364,1.70496329433945,1.991153546381,2.34865981580769,2.46879007894331
"2015-03-23",0.0012845825241582,0.0373929488258996,0.100136755801004,0.246170395068695,0.567379630453793,1.3560097444289,1.67921347293079,1.97271127065208,2.34535344122225,2.47100128931468
"2015-03-24",0.00972912906596276,0.0441259139247454,0.104567072853994,0.246797948324981,0.562738040696167,1.3445484367528,1.66604561999351,1.95825884666114,2.329429430103,2.4545890517267
"2015-03-25",0.0094158225290191,0.0480985967228564,0.114915089310506,0.26913395431296,0.603994089576724,1.40639951743284,1.7275323569201,2.01545446190224,2.37766394166837,2.49955609129275
"2015-03-26",8.8484149469284e-05,0.0416668738086212,0.112146747714831,0.271909760651673,0.613953422082265,1.42977473873119,1.75776384439931,2.0531317646378,2.42606202807985,2.55166417382485
"2015-03-29",-0.000296783173126584,0.0379145163021606,0.104303130677811,0.258427606758335,0.594844586296568,1.40438322031712,1.72896203104055,2.02011195701686,2.38646100894945,2.50974989476372
"2015-03-30",0.0112296909174851,0.0503342404046024,0.116450692699521,0.266385883314667,0.589833653744629,1.38131372089361,1.7091984086197,2.0096841431737,2.394180507047,2.52406968623208
"2015-03-31",0.0118110498253924,0.050610806067077,0.115041075528726,0.258846547909002,0.566873471605304,1.33383889547401,1.66162303923267,1.96846667195418,2.36828572103198,2.50398844240363
"2015-04-01",0.0139496296547842,0.0451295921200826,0.10087354781888,0.234555890300482,0.538004471467068,1.31192163854186,1.63838653412679,1.93906910508568,2.32476466780985,2.45510962088437
"2015-04-02",-0.00527254773772046,0.0319181078274846,0.0943781498249421,0.235529772421008,0.541649434783076,1.3123063111225,1.64335295139598,1.95371841907759,2.3584514454791,2.49584177310446
"2015-04-05",0.00643434229319776,0.0341555950351406,0.0839859764866369,0.204886787522582,0.486107974041702,1.24521250306807,1.58538747274287,1.91031878418578,2.34002250171285,2.48641060462401
"2015-04-06",0.0162411708397565,0.043901177276166,0.0941808391230144,0.217331045328677,0.505437477169564,1.28173466143544,1.62724365327211,1.95551788319042,2.3874734814287,2.53441193236484
"2015-04-07",0.00951649182531258,0.0393732983024191,0.0931704467577115,0.223436065623518,0.523098972428989,1.30546739074798,1.64298565121913,1.95781711088475,2.36573952137732,2.5039345222102
"2015-04-08",0.010707433203772,0.0390770360316045,0.0921448294011725,0.224579174732277,0.534504801160735,1.33801299005761,1.67717892214417,1.98863379699481,2.38688673853709,2.52136101627384
"2015-04-09",0.00813333230455575,0.0403530159573485,0.0982178770676347,0.237581859626485,0.555093912238679,1.36718807394208,1.71017090137516,2.02617080655073,2.43157980016804,2.56859035093734
"2015-04-12",-0.00171211706072996,0.0331203897135644,0.0941831586695595,0.237869068346769,0.558633314559957,1.36603889593505,1.70471898503846,2.01617189372856,2.41538078015082,2.55027641106881
"2015-04-13",-0.00449218839791676,0.0286362900595714,0.0868717554088976,0.224574372554238,0.534827299909487,1.33169437511715,1.67306539165322,1.99086544106615,2.40222227151815,2.5415573426292
"2015-04-14",0.00338725404647468,0.0315873403879552,0.0837439703617164,0.212937213520743,0.51506253524192,1.30854490665571,1.64957051869052,1.96630791208897,2.37504006449239,2.51335825900597
"2015-04-15",0.00567926772606999,0.0329848891292993,0.0833736594849548,0.208233684399115,0.501815667419962,1.28626417577568,1.63011572757658,1.95334954311696,2.37464796243988,2.51758330537139
"2015-04-16",0.00111199417776762,0.0317125004157373,0.0850786881155729,0.210989267015123,0.497812036457969,1.26767898426113,1.615627851576,1.95088116240694,2.39819235441866,2.55100752557376
"2015-04-19",-0.00650475882017165,0.0266844792706007,0.0839099051243787,0.21700024633044,0.51431016861728,1.28624448911561,1.62432834844919,1.94404821291691,2.36369354992603,2.50637881899576
"2015-04-20",-0.00198053663216399,0.0326953537256951,0.0914296849598669,0.225726891761469,0.522104060444943,1.29232657880464,1.6335985090452,1.95947367567314,2.39121460178646,2.53842568221721
"2015-04-21",0.00769265856790748,0.0378549928497982,0.0918858081944059,0.22227797298954,0.522799118324846,1.31850453818397,1.66803915115789,1.99787220952887,2.4294729089035,2.57607364020277
"2015-04-22",-0.00712997694702706,0.0307127257403932,0.0942998108305571,0.238320046767985,0.552602996164236,1.35704937270018,1.70913321128981,2.04309257661569,2.48304724861814,2.63281922683817
"2015-04-23",-0.00857181623349571,0.0291755353945561,0.0918058655054249,0.231997924400845,0.535948041708419,1.32140885886301,1.67209243884687,2.00970565895659,2.46087024326525,2.61513755255778
"2015-04-26",-0.00260988294635454,0.0315608659295234,0.0894698055675887,0.22216181573426,0.516691879324998,1.29401455773458,1.64449051452804,1.98293620059853,2.43600883466625,2.59098427352883
"2015-04-27",-0.00618063471553133,0.0263400847079047,0.0833515169545243,0.218198076604953,0.524147298671274,1.32876290755991,1.68316038305955,2.01886364157095,2.45988041732741,2.60985676558646
"2015-04-28",-0.00876356710581537,0.027418580471825,0.0895241934629989,0.233291595392438,0.553044996537441,1.38019133121244,1.74185923333472,2.08371614552613,2.53230005547008,2.68481753116781
"2015-04-29",-0.0301606065845629,0.0107102802649446,0.0785844677107025,0.230448622014768,0.558409908423634,1.39443962544007,1.76157031799621,2.11118282567705,2.57366743738131,2.73131452905718
"2015-04-30",-0.0181712485536347,0.0171222750249921,0.079433010380158,0.227399425935668,0.562042679401882,1.42416132901279,1.79396951350843,2.13837005106481,2.58424199955785,2.7352728242249
"2015-05-03",-0.0228088289042857,0.0117067830361781,0.0746225562436273,0.228067718330146,0.580498505668525,1.48160972563902,1.85980263793889,2.20656598240872,2.64964244716609,2.79923508963919
"2015-05-04",-0.0128648165846938,0.0235086545710852,0.0879353819387205,0.241412023470428,0.589492111478069,1.48822757152877,1.87411294847827,2.23358303035341,2.69902846406425,2.85669308476595
"2015-05-05",-0.00393108805916301,0.0306819708978748,0.0942558999873813,0.250372687724901,0.61097940800081,1.53692291310695,1.92622458759174,2.28334201123855,2.73975187529831,2.89385151951096
"2015-05-06",-0.0116697359388487,0.0294947820556516,0.100215628929562,0.263780124729664,0.625737147624017,1.54750619556466,1.94327845736119,2.31314030584692,2.7937464077092,2.95671724382718
"2015-05-07",-0.0198746280815553,0.0204412941888805,0.0902473379758112,0.252664952066929,0.612432382412278,1.51812974291371,1.90042032729404,2.25371565769882,2.70848724297322,2.86232296353108
"2015-05-10",-0.00394271637402707,0.0258479850500998,0.082623545741159,0.226955868878476,0.571551904562364,1.49038066923745,1.88773185420419,2.25740631440085,2.73485135218852,2.89644458429943
"2015-05-11",-0.00945141195453847,0.0273515017052831,0.0933116714905391,0.252227572801814,0.616219212311861,1.5633546099063,1.97137263999883,2.35181372841845,2.84464580197019,3.01160062532147
"2015-05-12",0.00207961487870088,0.030603731610272,0.0868418986634691,0.233619108019043,0.590127384999662,1.54556404490662,1.95687262050687,2.33777660276702,2.82768255548782,2.99331494364835
"2015-05-13",-0.00445658937408366,0.0261185566541968,0.0840865312474143,0.231170218137354,0.583678844057604,1.53895790135669,1.96012939401318,2.35668955282662,2.87399292753572,3.04952556108102
"2015-05-14",-0.00816648445636647,0.0232448850251183,0.0803134263777285,0.22044867015342,0.551217139980482,1.46471743053962,1.8827163573579,2.28695613955696,2.82743300014348,3.01215252546514
"2015-05-17",0.000688714952807479,0.0249609656364348,0.0742480299641228,0.206392124813986,0.536508411527507,1.45749067723573,1.8682834960648,2.25631375825534,2.76332472009643,2.93541382154926
"2015-05-18",0.00152784157876185,0.0268738709550679,0.0788366029459225,0.218761305567934,0.56740995950862,1.52493132483648,1.94389785942248,2.33491422887633,2.84071365380682,3.01194704630839
"2015-05-19",-0.000126217432426454,0.029486844054418,0.0873657837855106,0.237382506600116,0.599881874981103,1.56790127645132,1.98403472376973,2.36926120868904,2.86463543365269,3.03211173910119
"2015-05-20",-0.00686481352909728,0.0245301331650804,0.0829245456130628,0.228811799077281,0.574991674163824,1.51224627442474,1.92783766280089,2.32105156328278,2.83631072983561,3.01137121100143
"2015-05-21",-0.00254950145178603,0.0278258626729111,0.084628495463444,0.227214696714252,0.566869141822351,1.48909443769614,1.89850587762534,2.28600216803325,2.79385817697039,2.9664088014241
"2015-05-24",-0.00918278019029119,0.0254505747365151,0.0879165247944469,0.239484173259711,0.589625354642728,1.51269122130633,1.91502353209107,2.29263075903613,2.78439443474828,2.95121305089874
"2015-05-25",-0.0175686337703158,0.0229073190453258,0.0922417113347529,0.252261550212563,0.606432552560657,1.51379745767385,1.90667628607549,2.27586944385929,2.75791234380961,2.92158237300838
"2015-05-26",-0.0149019391077236,0.0263663613892975,0.0960478115941723,0.254568018567129,0.601279816111547,1.48538477284499,1.8694550111762,2.23179043163702,2.70675393765525,2.86820969578735
"2015-05-27",-0.0276285503464679,0.0215361630684693,0.100789689362595,0.271988750928364,0.6276164636469,1.49730603806289,1.86974638775321,2.22067153630295,2.68127989101399,2.83797360122109
"2015-05-28",-0.0280317581233103,0.0211974061843945,0.0998820165401171,0.268430122757141,0.61695962899491,1.47758919568007,1.85337025442812,2.21259525057317,2.69067500283029,2.85400783296538
"2015-05-31",-0.0272895156049328,0.01681542590392,0.0895900927484533,0.251237868516374,0.597725290475424,1.47495740141296,1.85893649238663,2.22422990257225,2.70718876688079,2.87179706158891
"2015-06-01",-0.0126416138173426,0.0278982877797738,0.0979725020179704,0.260898234414851,0.622393553825314,1.53936546475197,1.93005150761343,2.29320139493586,2.76288878577286,2.92196056847818
"2015-06-02",-0.00805692570784856,0.027674793168419,0.0939108030730945,0.257684725276532,0.637029072070096,1.60616704312653,2.01006931245697,2.3784858224149,2.84723345734699,3.00533542412131
"2015-06-03",-0.011097781477473,0.0245862433554104,0.0921055442429649,0.26154109068362,0.656256380632116,1.65387762759138,2.06213601708049,2.43027714550115,2.89460451540488,3.05091765239034
"2015-06-04",-0.0026021558874372,0.031636956027641,0.0972099413553213,0.263423037477552,0.653646019720637,1.64534005282236,2.05206674955166,2.41903109742314,2.88199028227219,3.03784821150912
"2015-06-07",-0.00945660343610784,0.0252884709505467,0.0947303861531482,0.275194562391588,0.699303277743856,1.73407319962859,2.13633110099078,2.48848709983593,2.92370112824752,3.06964846574167
"2015-06-08",-0.00466381994364194,0.0281982542748747,0.0936660076779771,0.26432110290224,0.670692774082782,1.69708945651464,2.11096684515955,2.48027776566184,2.94242500016015,3.09775178366974
"2015-06-09",-0.00761627327791478,0.0275640658506636,0.0969496499973003,0.276112353757146,0.698315274410324,1.74830992992255,2.16594617022277,2.53608166280147,2.99718843179476,3.15203722631569
"2015-06-10",-0.0169878600853656,0.0251574381301573,0.102003999409404,0.288473304707422,0.710061171424291,1.74489295676993,2.16047593777908,2.5322129273473,2.99864443848132,3.15551002451778
"2015-06-11",-0.014187737359926,0.0262959969337201,0.100892239291243,0.283324373023391,0.697110477790676,1.70724294706037,2.10907743515342,2.46645307895689,2.91302629888778,3.0630912391502
"2015-06-14",-0.0182353452271413,0.0242291885255917,0.100494137695589,0.28301627060414,0.69096191516414,1.68371423935652,2.08097600676152,2.43600408452199,2.88129261719854,3.03103965259766
"2015-06-15",-0.0174732031073117,0.0263311001012591,0.103346297072574,0.284457955842292,0.685441769370746,1.66824134317061,2.06808300802476,2.42929274546407,2.8860215016709,3.03987900406101
"2015-06-16",-0.016845779927593,0.0264253315621686,0.102109070406361,0.279403995636324,0.671649316907728,1.63918285436311,2.03650644321988,2.39750655756103,2.85597081382887,3.01056209027099
"2015-06-17",-0.0227835316824867,0.0169182046159139,0.0873784616565941,0.25536385201174,0.635695624649912,1.61013689856331,2.02459173598655,2.40842563064706,2.90303308039797,3.0703731135514
"2015-06-18",-0.030426807918038,0.0112575163153807,0.0832211511401096,0.250656234911063,0.624061520119375,1.58680658314818,2.00484843636758,2.39801206715014,2.91157697191408,3.0859634187662
"2015-06-21",-0.0279181318047888,0.00818757019085148,0.0745408247654608,0.237761919450641,0.616286861072332,1.5975672341339,2.01435021210455,2.39893281143003,2.89269949663806,3.05959083865703
"2015-06-22",-0.0206974736474616,0.0186089516713147,0.0894492770748052,0.260624839071022,0.651707446175192,1.6541301710328,2.0778825222938,2.46839442131907,2.96945868975217,3.13879979500947
"2015-06-23",-0.0231769839681485,0.0243724812448093,0.104570252996611,0.286482551771332,0.681628090283481,1.67212049163746,2.09437885057315,2.48818017115065,2.99934363945911,3.17264394431065
"2015-06-24",-0.0377926995591073,0.0121242107696233,0.0951214134648588,0.280475014485033,0.676937706257606,1.65736603935404,2.07273683379092,2.45941116256369,2.96084637414043,3.13082038887333
"2015-06-25",-0.0332820201329068,0.0123027740965989,0.0916332745488025,0.276762247875174,0.685993035739617,1.70158033430255,2.12244135676297,2.50700753517641,2.99757625425188,3.16316151163079
"2015-06-28",-0.0252114004794357,0.0182943780146301,0.0921247133051768,0.260992776233149,0.632282586933229,1.58337936671874,1.99741005561841,2.38825086688216,2.90075055918364,3.07497673677393
"2015-06-29",-0.00891431761801632,0.0325435957295672,0.104419151063307,0.272210936079784,0.646754865286007,1.60746427591154,2.02127311675982,2.40834500527935,2.91155400145629,3.08220346150864
"2015-06-30",0.00356785373128082,0.0401669865591428,0.107289231251203,0.272097373400255,0.653721026688581,1.64190710121079,2.0614245548935,2.44848081261408,2.94539231113015,3.11334492965118
"2015-07-01",-0.0150698038392403,0.0268739737972645,0.101157988947771,0.277703642879284,0.675316540301058,1.68319055386678,2.10723615742703,2.49751413475547,2.99796119194182,3.16707679186459
"2015-07-02",-0.012761228317574,0.0235340923044256,0.0894863839257835,0.25062712783933,0.625087864472373,1.61676555887014,2.04983460759632,2.45650991969111,2.98627786193979,3.16599719651489
"2015-07-05",-0.0060606257253585,0.0261652022780498,0.0852331161229143,0.231182665314932,0.575992162208375,1.51802429538434,1.94233534660776,2.34823571166121,2.88545038009805,3.06849231614779
"2015-07-06",-0.0107812049800263,0.0257126006985507,0.0901469475253287,0.243786991511061,0.595721611089413,1.53417560326422,1.9525134474419,2.35148871379916,2.87866817989794,3.05823510965038
"2015-07-07",-0.00528478733972376,0.0292474074393135,0.0911531811881687,0.240806950314333,0.586999042124148,1.5116741743882,1.92169297189455,2.31084089213054,2.82260241005975,2.99667016786046
"2015-07-08",0.00623108214299825,0.0306972016399613,0.0809265514892661,0.216516947086797,0.555926342677038,1.49754162975908,1.91389332434646,2.30489680216784,2.81325197823753,2.98557021869056
"2015-07-09",0.00809225871903631,0.0319387483959953,0.0831102034107503,0.225224599871414,0.585820197110089,1.58072562345644,2.01388462474524,2.41622002854182,2.9344389716189,3.10968353574923
"2015-07-12",-0.00195705423613593,0.0303736014119209,0.0926274240822114,0.252036966822633,0.633704356308089,1.64634791649002,2.08054213596342,2.48221131929139,2.99855649072831,3.17311344386646
"2015-07-13",-0.00747094702342652,0.0313228979895267,0.101770768378708,0.273195464372548,0.667175814371492,1.68160594253991,2.11125021712876,2.50739643252504,3.01581872419202,3.18765342971745
"2015-07-14",0.00220389076614198,0.0387510617785476,0.104879205970523,0.26581221716932,0.638537431704799,1.62307725381197,2.05256169244735,2.45574722958437,2.98088582645721,3.15902980676698
"2015-07-15",0.00605526328652681,0.0404728688808108,0.104030483813194,0.261435621958063,0.630432808746046,1.6077469497512,2.03190967236219,2.42822373459558,2.94215817209845,3.1162924966064
"2015-07-16",-0.00217622977013437,0.0375236716814064,0.107954117464417,0.275807414151958,0.655718953809081,1.62883910782196,2.04268749704308,2.42594832066478,2.91980994469936,3.08689723713344
"2015-07-19",0.00654704781036207,0.0424626428086609,0.109687207256906,0.277078526341093,0.665847735381776,1.65374286452124,2.06175514761483,2.43179533036779,2.90053810927308,3.05848365789734
"2015-07-20",0.00700614299651264,0.0524390221634312,0.130590248305056,0.310840453359951,0.705035344542146,1.67480255414788,2.07514344971963,2.44057838808263,2.90650785456725,3.06376430668277
"2015-07-21",0.0122928802122095,0.061684667038746,0.142805886917778,0.321633785453763,0.699844573030857,1.63076302270055,2.02646123913784,2.39628172557255,2.8777441241103,3.04113216993571
"2015-07-22",0.00290661385842485,0.0582341655482953,0.1464057426036,0.334119630574923,0.717152635194622,1.63276089723511,2.01837384652196,2.37876231489405,2.84876509691573,3.00838408356901
"2015-07-23",0.00767062885258822,0.0594967048803691,0.143398587033754,0.325161812156423,0.70187976074288,1.606886774714,1.98506641109184,2.33569107928454,2.78940715489908,2.94314837124359
"2015-07-26",0.0072296566731992,0.0565029306602629,0.137069504937515,0.313631844074218,0.68405867615822,1.5841617258238,1.96236209095941,2.31357808145678,2.76844969024518,2.9226055192566
"2015-07-27",0.0266736065748507,0.0712349704419859,0.145111934148129,0.30983016672962,0.662939647588319,1.54746745326018,1.92856399581357,2.28720932199649,2.75670942740529,2.91626887344684
"2015-07-28",0.0350992141511077,0.0779539899064447,0.150462838728717,0.315492995138003,0.675150202757221,1.57925262858043,1.96518072997675,2.32523530712961,2.79268635852257,2.95117219363171
"2015-07-29",0.030465376038372,0.0841509285337248,0.169097592247479,0.348697375753061,0.714045704309938,1.59729190468207,1.9770125900986,2.33721827809067,2.81357190976483,2.97602017024609
"2015-07-30",0.0133823412893793,0.0712052700872245,0.161100040667565,0.34693495336217,0.715050205085834,1.5802800053375,1.94677133820835,2.29275168889824,2.74901484610011,2.90452416706374
"2015-08-02",0.0156033359167614,0.0712863439633267,0.15718372914235,0.333415545798416,0.681775228132474,1.51793455244412,1.88527884966711,2.24167822063686,2.72483246794196,2.89104422429858
"2015-08-03",0.0420989908213785,0.0937590552387788,0.174733699641026,0.344170209540544,0.68608966498624,1.51633586074111,1.8789388617172,2.22743021810034,2.69447056372914,2.85444346921338
"2015-08-04",0.0350308564605149,0.0938658488373878,0.185055992462589,0.372724699510454,0.741948962665227,1.59969255018693,1.95910604128169,2.29633192563521,2.73870041102788,2.88924312296
"2015-08-05",0.0164356912318514,0.0751778224650902,0.166986437986439,0.357755420622441,0.736306576350458,1.61570369535118,1.98066186974687,2.32018474496107,2.76185938591168,2.91178769128459
"2015-08-06",0.0255281319958759,0.0879996816784114,0.182963027925564,0.373700323380017,0.739376364123422,1.57709341836509,1.93126435694624,2.26788019211503,2.71594754284159,2.86919454347036
"2015-08-09",0.0301468897977302,0.0929153676489877,0.188352919629307,0.379952338572685,0.746246612368666,1.57647564305188,1.92255198909605,2.24831813929588,2.67793924337118,2.82444022053881
"2015-08-10",0.0447221269937835,0.107008091100442,0.201262762351669,0.389526252810062,0.748538228867786,1.57128715762626,1.92183819516978,2.25747381741772,2.70785928336921,2.86234345766249
"2015-08-11",0.0635418947971707,0.115465947095285,0.196370091013824,0.364354110203664,0.700194195910209,1.50745665808213,1.85810685543709,2.19449304120481,2.64480965982984,2.79901707625582
"2015-08-12",0.0640000259655295,0.116797090692524,0.198634442454479,0.36754787751063,0.703591160438829,1.51316293271829,1.86816424622946,2.21153670563018,2.67526956455373,2.83456562836008
"2015-08-13",0.0419819537290232,0.103392743972859,0.19645985108615,0.382735410524052,0.738937904336065,1.55802825559603,1.90772951706742,2.24279639328679,2.692627575658,2.8469380904016
"2015-08-16",0.0254699122180077,0.0920068773253949,0.191596875041432,0.387435488762422,0.753018968480585,1.56852465011123,1.91030090414674,2.23557048931069,2.67036981806377,2.81937580460349
"2015-08-17",0.0352221423097712,0.0986898380534976,0.194260015459915,0.383823692631483,0.741923383632192,1.55297460596458,1.8960912088731,2.22376247256104,2.66273869662796,2.81325256051443
"2015-08-18",0.0195949747403097,0.0905670220318435,0.194770705274046,0.394350558169296,0.755377884288947,1.5467040275616,1.8848235391085,2.21580660652999,2.67505367671651,2.83500469229547
"2015-08-19",-0.00586632842395624,0.0653436259593934,0.168984227985396,0.365033046247472,0.714302998269972,1.47600517437346,1.80846259795856,2.14328914671788,2.62840513528735,2.80144551091182
"2015-08-20",-0.00415426094117386,0.0634667290588757,0.162527049454297,0.351741101837694,0.693418551019663,1.44794432553323,1.77626716007092,2.10321198260725,2.5671910057497,2.73057725135924
"2015-08-23",0.00256207012099615,0.0622739033060886,0.150984500257263,0.324110174198059,0.647024358643682,1.39382008139522,1.72848261471535,2.06509789578832,2.54509964540378,2.71414431157502
"2015-08-24",0.0475734030199683,0.0935459458201591,0.165213959651889,0.314626785303695,0.617561592977456,1.37919423124226,1.72911247127372,2.07819788973323,2.56484036316863,2.73397379097763
"2015-08-25",0.020557923273496,0.081289673074113,0.170319106092269,0.341152427657545,0.65552243734711,1.4098370293515,1.78361053299351,2.19627858070641,2.78088227014685,2.80743237950405
"2015-08-26",0.0138931109071301,0.0763753143399868,0.169409569708423,0.351621807169924,0.693479473869348,1.49245689898892,1.85398880136136,2.21976780230165,2.74464675935783,2.93000721135325
"2015-08-27",0.0214538800423856,0.0886864941487467,0.187505535902714,0.377360425768767,0.724010495898065,1.50908898818957,1.86063644539494,2.21785711422973,2.73728477243004,2.92240048042507
"2015-08-30",-0.00621020774182912,0.069104773395283,0.17872380195868,0.386027736282998,0.754810267497886,1.5534161218965,1.89790073961972,2.24124959584631,2.73157779786843,2.90507718124446
"2015-08-31",0.00493358782024394,0.0823881409039263,0.194118203678607,0.402548185490852,0.766128196501071,1.53994692356626,1.87778275858426,2.2248946399399,2.75340842595558,2.95025944351488
"2015-09-01",0.00502474518393292,0.0742502679210008,0.175633386501117,0.369341362956021,0.720111260508298,1.5058904047947,1.85595817357978,2.21172511278296,2.73064009004463,2.91606522577219
"2015-09-02",-0.000575470508816126,0.0711077970513392,0.175486335403813,0.373182812026804,0.726731869298838,1.5088473168845,1.85786724249849,2.21627576172546,2.75033073260237,2.94407639561958
"2015-09-03",0.00491192761235738,0.0757393656342571,0.178632984242816,0.372850883984539,0.718621970354297,1.48230711746691,1.82583981914771,2.18299923755704,2.72786801483877,2.92909674400007
"2015-09-06",0.0058986196216759,0.0759255479346576,0.177898480903681,0.37106845104194,0.716675309971611,1.48246772429786,1.8250711096829,2.17768853724162,2.70490207800674,2.89658309254061
"2015-09-07",0.00842101614078302,0.0794013193603098,0.182802496137838,0.378758548630318,0.729335594197756,1.50345558292304,1.84717696502393,2.19823466750403,2.71677688585179,2.90381387008199
"2015-09-08",0.022697171253286,0.093168023560143,0.195916057549576,0.390934405007704,0.740880855665738,1.51914166665469,1.86764024940816,2.22583708173845,2.75939145477582,2.95278456916225
"2015-09-09",0.0249938966731593,0.0943368895402674,0.195982439093837,0.390449889376226,0.743248551799688,1.53498864867047,1.88762707613139,2.24551395402866,2.76613827524487,2.95185249872742
"2015-09-10",0.00429487323443151,0.0798212189556902,0.189160742285405,0.39434801327122,0.755938736622361,1.53922787952506,1.88549781233638,2.24218671953295,2.78180869268709,2.98052396423651
"2015-09-13",0.0035425536157189,0.0780605843360218,0.185995048127684,0.388715088175786,0.746466142864679,1.52334070894039,1.86739708154097,2.22200729603486,2.75838752180859,2.95577571636389
"2015-09-14",0.048070687310093,0.116582947212176,0.216404171542869,0.405876600283527,0.747285559126477,1.52634383458341,1.89053339270979,2.27632001229144,2.82727367980094,2.95598274494021
"2015-09-15",0.0166246705218088,0.0987408612937825,0.217055579592997,0.437309708441684,0.819977119691245,1.62679305196727,1.97509760378329,2.32992344011779,2.86355150747904,3.06057800459013
"2015-09-16",-0.0427924097986331,0.0402693976319688,0.159977513298725,0.382927146391205,0.770617547002421,1.58970418195873,1.94417363914377,2.3059496653783,2.85147875760594,3.05327330899351
"2015-09-17",-0.0563111925567767,0.019051014223852,0.128071079537197,0.332464791341,0.692459519014286,1.47629907472196,1.82799381451097,2.19706861829364,2.77713165196524,2.99840336091387
"2015-09-20",-0.0422673560411074,0.0279183649563221,0.130055395532224,0.323519871583243,0.670766678725923,1.45663426905832,1.82129797459836,2.20705366395315,2.77344772665201,2.93412102763355
"2015-09-21",-0.0479675482968129,0.0277331433457678,0.137211996473205,0.342363654225006,0.703345813712023,1.48754337007604,1.83843330999783,2.2058725478267,2.78146343553993,3.00046375264024
"2015-09-22",-0.0456672394059011,0.0250709689167083,0.127973520974177,0.322655206035782,0.670701057992466,1.4461121838372,1.79804908248471,2.16610735567798,2.73171761469865,2.94149788348688
"2015-09-23",-0.055440875250399,0.019469050221925,0.127768848888646,0.330593830964892,0.687083884629332,1.45947771080941,1.80398879893408,2.16385438313955,2.72545267393909,2.93850426766258
"2015-09-24",-0.0602526095945172,0.0124339787580614,0.118145780852713,0.317998739562423,0.674455948522127,1.46101840567296,1.81237833161484,2.17435078169795,2.7173604713281,2.91537067291345
"2015-09-27",-0.0650190735217349,0.0108434379011334,0.120469015935316,0.325607030888666,0.685586710826354,1.46259735666201,1.80759620996263,2.16669998756619,2.72411795232131,2.93471931377944
"2015-09-28",-0.0426497993512694,0.0291300598556059,0.132969876174902,0.327658235069166,0.670581970546336,1.41736995183225,1.75250421532518,2.1042527558901,2.65721193982465,2.86818276465773
"2015-09-29",-0.0688263313922229,0.00270429608202266,0.106211253080249,0.300367297826594,0.642665983217573,1.38971137880522,1.72583807206338,2.07935203808083,2.63684494436511,2.85007600223637
"2015-09-30",-0.0642958048988051,0.00375697073829885,0.102595294559967,0.289153462202081,0.621717956850141,1.36311672625176,1.70293736591741,2.06339289047254,2.63366085286975,2.8506252979066
"2015-10-01",-0.0697471500139299,-0.000337359270710096,0.100220553813322,0.289242930203087,0.623852392906381,1.36123755376413,1.69692393597769,2.05325287819865,2.6233516278033,2.84395418442138
"2015-10-04",-0.0427329627150279,0.0096717071506167,0.0886407660868472,0.24629803731419,0.551636395847174,1.30866965614207,1.6710283421405,2.05108727066523,2.61945444543583,2.82420078736841
"2015-10-05",-0.0515879888517489,0.00794275145758741,0.0959219672600751,0.266637254342071,0.58458884889351,1.34092206412265,1.70022573487732,2.08214175759731,2.67180270027306,2.88930756030122
"2015-10-06",-0.0424703469288551,0.0142513154511173,0.0987548110733051,0.26468531522026,0.578863095623715,1.3390013874553,1.70051350178467,2.08154461726487,2.65887823125035,2.8688563030556
"2015-10-07",-0.0261004183770256,0.0285582619102252,0.110916529346789,0.275233054972612,0.592678844664606,1.37239766479985,1.74074070009609,2.1229624638939,2.6865332497643,2.88801275869294
"2015-10-08",-0.0384123001567195,0.0223367111473083,0.112264308583137,0.287136562647391,0.613486919812085,1.38762040372783,1.7517655437586,2.13463291876684,2.71543345315112,2.92716904171353
"2015-10-11",-0.0432800814235921,0.017724040032,0.108021192347914,0.2835693497109,0.610949509309693,1.38559843329243,1.74868551073076,2.12928513736664,2.70416219426547,2.91319308645328
"2015-10-12",-0.0500280750471383,0.0117911293453217,0.10295456487585,0.279193923981559,0.605211194664126,1.3693749493835,1.72663935247069,2.10204738315355,2.67292778538801,2.88161552717253
"2015-10-13",-0.0668451390368307,-0.000222532198899455,0.0964929027498536,0.278944268255281,0.604168576136201,1.33286217606926,1.67132001060131,2.0364138732907,2.63581095976417,2.87286587413312
"2015-10-14",-0.0267960444360377,0.01993788066381,0.0913498487264651,0.236856010719128,0.526929846517953,1.27490376413359,1.6420631227149,2.03131299434901,2.61848572531596,2.83064266661118
"2015-10-15",-0.0155715762810081,0.0339333200613397,0.109237488048011,0.261611700114713,0.562098300852761,1.32255563875595,1.68962491416436,2.07464299688908,2.64821942380265,2.8541671973948
"2015-10-18",-0.00612792850010657,0.0434148652481589,0.118673925971838,0.270685906690453,0.569885124314919,1.32680773522518,1.69301892812189,2.07821823496892,2.65449952712949,2.86192312795875
"2015-10-19",0.036411506967435,0.0732788210816218,0.13312313881687,0.26469574438479,0.549977952065206,1.33147545234965,1.71281360643811,2.10529531816292,2.66886512184032,2.8669285397334
"2015-10-20",-0.0347571080472532,0.026036404258086,0.115687332378659,0.289045764150845,0.61011688315791,1.36677807911774,1.72361507802826,2.10151846002882,2.68298494936804,2.89715924692692
"2015-10-21",-0.0243368645473137,0.0321416575518007,0.116228249044726,0.281174391366021,0.593006225698226,1.34568709139879,1.70304361858413,2.07939726984299,2.64925348031486,2.85645832106063
"2015-10-22",-0.00668693199276182,0.0433993176890931,0.119834156189282,0.275084135479892,0.582099784661968,1.35493440441675,1.722892261859,2.10384904385337,2.66132716136648,2.8595937278434
"2015-10-25",-0.0145858279714575,0.0458859579456842,0.135405660163381,0.309437127833691,0.633755640597986,1.39813839087399,1.7541035616429,2.1250917783402,2.68081021735463,2.88186771057362
"2015-10-26",-0.00739267224655523,0.0549426448596925,0.146405191220894,0.321861027220361,0.642725865104057,1.38421308375248,1.72933020363973,2.09317107735787,2.65224798201839,2.85844362909148
"2015-10-27",0.0348675948718077,0.0877679827601274,0.167254028822862,0.32526000579699,0.629349061897067,1.37658456820514,1.73212677142001,2.1040689520647,2.65911981907192,2.85892107416131
"2015-10-28",0.025935508822991,0.0865892004491866,0.176975939861767,0.354225686470937,0.687396956866499,1.46819060345094,1.82215488870019,2.18056465133879,2.69519085250298,2.87696665403869
"2015-10-29",0.00941463156270685,0.081780055144816,0.186777260797642,0.384556715773417,0.735416331267902,1.50532493815554,1.84977487647486,2.20696297529907,2.75086790779382,2.95169223552405
"2015-11-01",0.00895329192625195,0.0820066387981547,0.188008966967251,0.387647885936737,0.741364632203406,1.51212669787981,1.85250561593859,2.20092653219747,2.72023664408767,2.90905979815233
"2015-11-02",0.0246931235736102,0.0956980714199387,0.199559257301117,0.397573446284055,0.754665166893566,1.54706403970098,1.89627502545721,2.24842907498872,2.75716042660267,2.93804289438081
"2015-11-03",0.0384517333495887,0.110889911157706,0.216610184464628,0.417494679667876,0.778077273427853,1.57481618833222,1.9263833552872,2.28241151282756,2.80080716952883,2.98606502148535
"2015-11-04",0.0172307205273838,0.0995496919620916,0.217991042911381,0.437938887420751,0.818269702734392,1.61134631837766,1.94924296424125,2.29008330625015,2.79557336937556,2.98044732557494
"2015-11-05",0.0421104555999842,0.123000679636658,0.239674428167837,0.457250711257628,0.836298038689168,1.63754106026282,1.98205552374768,2.32892479652637,2.82928607874528,3.00204435611185
"2015-11-08",0.0355852491764114,0.124173392017699,0.251333001674329,0.486487093613609,0.889867235243912,1.71551864740167,2.05962928379176,2.40114830592333,2.8965378784341,3.07515783115728
"2015-11-09",0.0645928345436425,0.15073669751611,0.274554422770936,0.504071811116618,0.899577196999324,1.71767870531788,2.06291920005424,2.408705581479,2.9165263823987,3.10106378020224
"2015-11-10",0.0852794632294339,0.168428202115377,0.288104392048633,0.510479422328887,0.895453212444883,1.70038205226673,2.04443124956029,2.39231019034723,2.90997095087648,3.09972065841329
"2015-11-11",0.0884635528290306,0.171295718751768,0.290533879638512,0.512152687979922,0.896009491513896,1.69954176124731,2.04347286907735,2.39159577836129,2.91038252106993,3.10073428060092
"2015-11-12",0.0571723257343278,0.14170551600256,0.263262369089985,0.488765879338909,0.877940941852879,1.68577212983908,2.02809765839464,2.37201931542459,2.87923907183408,3.06406373432302
"2015-11-15",0.0611621828107627,0.141155081680421,0.25641061607386,0.470970108215204,0.843744801140634,1.62970829467201,1.9690135547014,2.31467372642049,2.83452196160282,3.02646182428522
"2015-11-16",0.0737337385182166,0.154388417051568,0.270560199159482,0.486703163150826,0.861820765294349,1.65071461778764,1.99025334417549,2.33536095875407,2.85268669427331,3.04326464610835
"2015-11-17",0.0704606310452905,0.151296325028498,0.267713961724153,0.484265584091914,0.859929656872063,1.64917323801095,1.98845273984013,2.3329837337812,2.84877850168801,3.0386239796058
"2015-11-18",0.0605589855351665,0.143905142538346,0.263737011408089,0.485981483095366,0.86933673447485,1.66414627097702,2.00048119184997,2.33803328015599,2.83514668850032,3.01611982996519
"2015-11-19",0.0575762670502021,0.141941016407681,0.263105029470081,0.487388687691735,0.872837060153704,1.6651806014743,1.99709081943517,2.32772564125519,2.80972295803818,2.98405489706193
"2015-11-22",0.0736039947677062,0.157699759260897,0.278471790086982,0.502011398838958,0.886120236872851,1.67542108258524,2.0059136134641,2.33503198152146,2.81461405347787,2.9880260626018
"2015-11-23",0.108480179021607,0.189284128881372,0.305457031368281,0.520902780462697,0.892488749568023,1.66269465642226,1.98851645261883,2.31544168293997,2.7967511325204,2.97193436871695
"2015-11-24",0.141850315720694,0.218949081200917,0.330005835565782,0.536654244035794,0.895368039860194,1.65012755641548,1.97516136335932,2.30566864862885,2.80141141391487,2.98411506521296
"2015-11-25",0.142770688338577,0.220241042425139,0.331787584173799,0.539198344951788,0.898738490690276,1.6527995066204,1.97628661379497,2.30427207276558,2.79422005903505,2.97428229452058
"2015-11-26",0.13363304011696,0.210926666265282,0.322234149577563,0.529250885398711,0.88827630832786,1.64208219795692,1.96588120825757,2.29450367233688,2.78608111537481,2.96691188176224
"2015-11-29",0.131276023793804,0.20798413014169,0.318495473116974,0.52418581589593,0.881426392047364,1.63402185936737,1.95860528863812,2.28902469734313,2.78542972069233,2.96858029965562
"2015-11-30",0.154120490218715,0.228853340555882,0.336550325543242,0.537105299243161,0.885770970118601,1.62200165282477,1.94040415783182,2.26520772595167,2.75463466877098,2.93558610771213
"2015-12-01",0.191049992021239,0.261477220527518,0.363108610761021,0.552826226482172,0.884190461471898,1.5915779533715,1.9015301415249,2.22087513192753,2.70908829248017,2.89146438191221
"2015-12-02",0.19713906082579,0.270041937157881,0.375384954199356,0.572445238773192,0.917733624141233,1.65627257094821,1.97716398670371,2.30107722165785,2.76000820537602,2.90884147559278
"2015-12-03",0.198257212465385,0.276702672476431,0.389594355196134,0.599313523627103,0.962213654223744,1.72019175985353,2.04376831146155,2.37064190520826,2.85641192128614,3.03431681548786
"2015-12-06",0.246010860887085,0.32051679515028,0.427831872040391,0.627495546026775,0.97400995255659,1.70273355778481,2.01636685712145,2.33513786129588,2.81297088835881,2.98899670713674
"2015-12-07",0.272543451782905,0.343789095674769,0.446492882730343,0.637855191763071,0.970893563220934,1.67588167556288,1.98168143267429,2.29433327099924,2.76698211468398,2.94212929559156
"2015-12-08",0.259060231242778,0.330814069302751,0.434222632840309,0.626806786116033,0.961665829788158,1.66899355193791,1.97502561055964,2.2873099502158,2.75808869924013,2.93220141799662
"2015-12-09",0.252335811020547,0.323139628516427,0.42527414742736,0.615798266405592,0.948124959805592,1.65533225638896,1.96403753591331,2.28118038682577,2.76397705846571,2.94377702769644
"2015-12-10",0.225165016304816,0.298731274642888,0.404661732886178,0.601647166882665,0.943172925991813,1.65973460720989,1.96727893927931,2.27920969250381,2.74540697411271,2.91679858429862
"2015-12-13",0.214502776313934,0.286746101996256,0.390794405995645,0.584354517695358,0.920190772743441,1.62603820890752,1.9296107016014,2.23799162473379,2.69989996479344,2.86997090001264
"2015-12-14",0.227649600169728,0.302972609002748,0.411342504394288,0.612569165029321,0.9604667887645,1.68561799443809,1.99442539519487,2.30581123000976,2.76738742061944,2.9361447229967
"2015-12-15",0.239464365701322,0.315897159869964,0.425839114422837,0.629904318901758,0.982442054724713,1.71596885388567,2.02768803831158,2.34151910307421,2.80570877201919,2.97517705110795
"2015-12-16",0.216162857499096,0.297159056150214,0.413339278192907,0.627923227690541,0.995144253863279,1.74267553347009,2.05221788419597,2.35798890976089,2.79876565529264,2.95708903917702
"2015-12-17",0.192812361068974,0.273710700171903,0.389649069212385,0.603457155410422,0.968274329376445,1.70589791294979,2.00891018534381,2.30651624435151,2.73231240686512,2.88457179211475
"2015-12-20",0.175370987006194,0.255387462241627,0.370155631193571,0.582109625899573,0.944758227872119,1.68264594357576,1.98803155049108,2.28958013258063,2.72405006616997,2.88006064913944
"2015-12-21",0.193444597376084,0.271881341750244,0.384478306812138,0.592730246669581,0.95005591524476,1.68188244788252,1.98710681734181,2.29019013291065,2.73013358941689,2.8888302940122
"2015-12-22",0.206965210232986,0.285764235983923,0.398916806410489,0.608312083826207,0.967980561109584,1.70641221928606,2.01528464026262,2.32263938265045,2.77004978832297,2.93172492023769
"2015-12-23",0.188655649027392,0.269559930934472,0.385665603039225,0.600298135885832,0.968213988699431,1.72004015854419,2.03277524188514,2.3427176492546,2.79145993403926,2.95307361272972
"2015-12-24",0.181342443165513,0.263975079187913,0.382378411050941,0.600665748466605,0.972908624331896,1.72453820624151,2.03281724895656,2.33525366164426,2.76732590062215,2.92169628757905
"2015-12-27",0.193500088106467,0.276039008643856,0.394296911614447,0.612280037704969,0.983886439023445,1.73368628317969,2.04095285796864,2.34221263730379,2.77226654513154,2.92584574645469
"2015-12-28",0.19314709574922,0.276479378040199,0.39580118383622,0.615509791575203,0.989290592975951,1.73994063554727,2.04586098261905,2.34462158303878,2.76895506192812,2.92004885661809
"2015-12-29",0.149218979978744,0.240787396290087,0.371479341522418,0.610762641017715,1.01346041266204,1.8024867721005,2.11491673872735,2.41395344503849,2.82821570368469,2.97373435266265
"2015-12-30",0.175242318758983,0.262736889291209,0.387873304747351,0.617819286484032,1.00749581739105,1.78313452091902,2.0959594461738,2.39922093500112,2.82595921626064,2.97711761123344
"2015-12-31",0.1658332049486,0.252119569325559,0.375611379337211,0.602804684627087,0.98869015818641,1.76076917510785,2.0740519136047,2.37905763225175,2.81056250056466,2.96386785022274
"2016-01-03",0.155264127189039,0.242607072966139,0.367581208503997,0.597405207434839,0.98744606996635,1.76640984862578,2.08180732407221,2.38840540772454,2.8213300758114,2.9749736735171
"2016-01-04",0.199811328088519,0.28012099718059,0.395380333749407,0.608471074092279,0.973818747503943,1.72074926625152,2.03162100053454,2.3398413658422,2.78633063322859,2.947185986757
"2016-01-05",0.233653499258314,0.309762000606907,0.419207176598258,0.622251247897855,0.97269641171313,1.70028187105379,2.00867686464486,2.31856496849825,2.77570363908585,2.94230591972862
"2016-01-06",0.228078754606977,0.300212002195526,0.404130170078324,0.597541362607694,0.933430460459633,1.64092072651599,1.94598699260585,2.25648915713647,2.72286590358786,2.89491039379353
"2016-01-07",0.223958723119741,0.293220244802182,0.393185076338668,0.57984320796258,0.906037227529788,1.60326033684892,1.90921760812616,2.22480966647308,2.70810486859432,2.88886789879889
"2016-01-10",0.217239068536578,0.285765648675339,0.384727714680941,0.569704630982336,0.893605859324415,1.58918884552736,1.89614998924765,2.21415207921321,2.70427689260597,2.88846625381217
"2016-01-11",0.238069714276774,0.304449349292095,0.400476119022166,0.580513045946281,0.89762017685908,1.58813749617663,1.89799248590274,2.2231864580286,2.73434765916571,2.92935525449563
"2016-01-12",0.247345968179633,0.311283110175416,0.403798953267596,0.577327792837517,0.883225390447188,1.55064548133149,1.85084670868074,2.16649530298171,2.66407580373784,2.85433136209871
"2016-01-13",0.238856804895283,0.302131788235369,0.393745636863315,0.565768869728491,0.869648072111292,1.53597352606806,1.83748635861663,2.15601550726057,2.66183309090609,2.856373456221
"2016-01-14",0.198312192325823,0.261479860573338,0.353012635464533,0.525130571284495,0.830022777390762,1.50300991514581,1.80998052463228,2.13633530848807,2.65976319915512,2.86271623469489
"2016-01-17",0.183863241437927,0.246370609689115,0.336974495535115,0.5074386186219,0.809719944342991,1.47862699089013,1.78466690279275,2.11082194169723,2.63594631937249,2.84020749241669
"2016-01-18",0.19012295265054,0.251856001479538,0.341345115487656,0.509737164786098,0.808430930337812,1.46985838366664,1.77273035462469,2.09572533356588,2.61631620643386,2.81899370340114
"2016-01-19",0.20162451237659,0.262095694026954,0.34979635774537,0.514958864825919,0.808391132256454,1.46064803240258,1.76070071892644,2.08187060441596,2.60258225945544,2.80631408302374
"2016-01-20",0.245632733371149,0.296179636699694,0.370794742593691,0.515344083916172,0.784066897033892,1.42350562561549,1.72868910291027,2.05498074518293,2.56390946478496,2.75300634267671
"2016-01-21",0.246266648530345,0.299995301087474,0.378684013905735,0.529283681395241,0.804242188405733,1.44461765728454,1.74906241648629,2.07774854926611,2.60442365375571,2.80499951363853
"2016-01-24",0.232946668722972,0.292414279017216,0.378677047450632,0.541190199479104,0.830117230464981,1.47343433590142,1.76997406756892,2.08789917994692,2.60469779057382,2.80734696144785
"2016-01-25",0.263508118660619,0.31884587107614,0.399274553949575,0.551320411578745,0.823452952657257,1.43919891959407,1.72862093362079,2.04385137634668,2.56970339991062,2.78062688251613
"2016-01-26",0.260214925183202,0.31512625308874,0.394966520352038,0.546005061958817,0.816700136980926,1.43119303490473,1.72117265168038,2.0380342948913,2.56947574078754,2.78368709095986
"2016-01-27",0.263891905593462,0.317243629091609,0.394908055469561,0.542138672526756,0.807085897239026,1.41448564841698,1.70457684595449,2.02470262580405,2.57067064667424,2.79416678990406
"2016-01-28",0.25373758600015,0.305987570038422,0.382094470465015,0.526528120900297,0.786987816869903,1.38714629010943,1.67556330651895,1.99548170628403,2.54594181841521,2.7731733028138
"2016-01-31",0.235741499824693,0.287721616743005,0.363445970664052,0.507189108748336,0.766528100259584,1.3648017968497,1.6527226300286,1.9724686001635,2.52375960530744,2.75178072671853
"2016-02-01",0.268530149941183,0.317872385733852,0.389845590453351,0.526777463486158,0.774917860160071,1.35352829768431,1.63565759862763,1.95241967841008,2.50913620858432,2.74375090550336
"2016-02-02",0.304735812623922,0.347698201320609,0.410724120858977,0.531837326587639,0.755505645650997,1.29975446819144,1.57725155464494,1.89742211588725,2.45967737110117,2.66087083423423
"2016-02-03",0.27569244819327,0.320839374627108,0.386850812753724,0.512974794202157,0.743431163459772,1.29182601570655,1.56595595497884,1.88029334320304,2.45417305750432,2.70563615287553
"2016-02-04",0.274303055823727,0.318217627183966,0.382462878010375,0.505333599484532,0.730279041282061,1.26810833314117,1.53852920485362,1.8501672556272,2.42439838367393,2.67849884459335
"2016-02-07",0.26057028463524,0.304506677003663,0.368785317481326,0.491724882454177,0.716814195336016,1.25509264599127,1.52580438118079,1.83784207881731,2.41303050937807,2.6676595571002
"2016-02-08",0.274652092544991,0.314518460379129,0.372937750713749,0.484994711241633,0.69132407840643,1.19169245385907,1.44770627020929,1.74722391792946,2.31499836774261,2.57415024471624
"2016-02-09",0.298420566525479,0.336065787930573,0.391288791130913,0.497414841908724,0.693546890424292,1.17356724230125,1.42196049044745,1.71544239626994,2.28241517911887,2.54679294306138
"2016-02-10",0.276153325398929,0.313877520501137,0.369185987109995,0.475372449989141,0.671240899367232,1.1483421966483,1.39378236449921,1.68229292482638,2.2341800157299,2.48865246165966
"2016-02-11",0.275674132603702,0.311269475278806,0.363804953393252,0.465850921362622,0.658303280527675,1.1513349144387,1.4185685453826,1.74252894577169,2.3439109544116,2.51046480124096
"2016-02-14",0.252784344651991,0.295143489893412,0.357115730467791,0.475647811952547,0.692680890415573,1.21177268018476,1.47288387642142,1.7739038470989,2.32894882443091,2.5747393899888
"2016-02-15",0.255589769827523,0.299375861415554,0.363403921120225,0.485759982970167,0.709408618220212,1.24205528508841,1.50859034884035,1.81449115750717,2.37388450494266,2.61942492501038
"2016-02-16",0.285414183491252,0.327522840434054,0.389175966989012,0.507258864286422,0.724047465365131,1.24598190406662,1.51065772117729,1.81792364889965,2.391921850688,2.64971732529056
"2016-02-17",0.299148123008122,0.340582247444003,0.401281669392701,0.517653526632257,0.731716412878028,1.24957145071392,1.5137359683921,1.8219824254223,2.40340667990842,2.66732805611655
"2016-02-18",0.292735857692503,0.332567309274128,0.390949653526324,0.502984279676519,0.709447535702853,1.21119426086554,1.46857876747511,1.77037919914633,2.34494688057348,2.60846321664071
"2016-02-21",0.302827421236631,0.343691330964097,0.403526118388657,0.518140522195109,0.728612049949684,1.23563966647392,1.49294460724923,1.79184277808675,2.35087469960765,2.60227544545593
"2016-02-22",0.312653392174943,0.352941619232915,0.411944240079796,0.525001321186252,0.732744941098342,1.23398723957013,1.4888478960864,1.78540158469951,2.34179743513698,2.59287768587171
"2016-02-23",0.319826921902641,0.35891379254963,0.416184805518781,0.526018663150497,0.728180680052103,1.21799860059167,1.46833464633455,1.76092558696819,2.3145451071064,2.56671634293193
"2016-02-24",0.315587320237817,0.355197041199136,0.413237464058129,0.524558206598172,0.72949778432068,1.2262904094257,1.48034541142037,1.77744002221159,2.34014760663307,2.59674641052841
"2016-02-25",0.313678847268325,0.352435738963824,0.409263993980528,0.518387846555372,0.719745163937658,1.21064382188747,1.46345311804367,1.7609045608618,2.33092029184664,2.59428690850135
"2016-02-28",0.319660594028196,0.36076507203406,0.420933553736302,0.536123986319242,0.747426692427657,1.25511058157844,1.51191105618585,1.80938561029972,2.36282515312619,2.61028282339052
"2016-02-29",0.330977193962802,0.372348707892157,0.43288700284878,0.548713755195173,0.760926970735261,1.26927953914001,1.5254770538141,1.82131717281137,2.36847798377655,2.61157261360035
"2016-03-01",0.331113248461884,0.376496275151664,0.442760730476793,0.569055889028517,0.798715722167618,1.33879030413854,1.60487465378581,1.90624521515003,2.44423793954485,2.67454787163914
"2016-03-02",0.308866845626147,0.356735142153282,0.426497030081451,0.559014969679184,0.798428535936363,1.35257399961357,1.6203418635884,1.91871320590006,2.43618100561212,2.65142835742155
"2016-03-03",0.300135813194257,0.349788308200268,0.422046774872734,0.558958730398442,0.805090906971254,1.36799134574676,1.63603754473421,1.93111617929744,2.43227770435302,2.63663444658464
"2016-03-06",0.309964572441387,0.361243584113439,0.435809378118485,0.576892886209634,0.829826380128598,1.40443882446885,1.67585129590656,1.9726507116442,2.47108180333684,2.67222225696884
"2016-03-07",0.324637008590153,0.374862761436605,0.447928544422023,0.586279766896137,0.834683853796383,1.40103766529076,1.66972140932187,1.96459266612023,2.46279082800552,2.66495644412585
"2016-03-08",0.325409423118393,0.373917950493305,0.444520648024072,0.578325654122361,0.818978351152745,1.36993501421755,1.63263511755246,1.92213887223223,2.41473236411358,2.61593901908689
"2016-03-09",0.327027399993839,0.378356301979753,0.452941054234425,0.593881024602311,0.845933877989114,1.41514439661465,1.68206526054383,1.97223198761656,2.4547347059868,2.64771850642551
"2016-03-10",0.330402055363088,0.38581142457554,0.466113626700573,0.617152039504278,0.884835413270316,1.47638631842513,1.74659459496689,2.03419016852969,2.49627953301432,2.6757142686645
"2016-03-13",0.336026502807121,0.391900266126064,0.472890328419636,0.625271881476096,0.895505131793032,1.49358642861327,1.76727294941451,2.05899135514449,2.52878182583117,2.71155512620578
"2016-03-14",0.33692455563256,0.392904357397721,0.474020756252562,0.626548991050215,0.896730178466096,1.49304955275223,1.76502183123956,2.05414475797052,2.51779810824294,2.69755507923854
"2016-03-15",0.309881367637156,0.36659323252198,0.448745005188019,0.603135684293204,0.876326735552078,1.47776969473719,1.75124418838515,2.04126169911044,2.50457785450477,2.68364240257478
"2016-03-16",0.310255467392665,0.360673479187901,0.434053077859029,0.573113107540038,0.823190178833962,1.39557377142555,1.66840357829074,1.96899167447166,2.48021624463386,2.68894555499845
"2016-03-17",0.299565529144327,0.350135764189166,0.423711518169535,0.563058031560836,0.813352603202963,1.38458770495669,1.65591729255776,1.95399041543252,2.45845265128744,2.66348107078619
"2016-03-20",0.290425795241515,0.340414510159533,0.413191925343011,0.551186804171389,0.799614431756309,1.36970134111219,1.64229779964638,1.94341499304888,2.45783474398305,2.66875247952079
"2016-03-21",0.306535264196442,0.357772911582375,0.432321570585847,0.573516971113149,0.827154459880645,1.40614019604723,1.6812214422898,1.98347954229059,2.49520726233807,2.70325759201393
"2016-03-22",0.309147826709861,0.36094532426395,0.436261377412576,0.578752088839626,0.834165454745422,1.41417609216625,1.68800307904134,1.98732180075626,2.48964240306274,2.6922270360647
"2016-03-23",0.290938432433299,0.342278644376085,0.416915461284874,0.558073140956612,0.810930115173112,1.38422135027608,1.65435209692537,1.94916274035291,2.44260435617568,2.64112805822166
"2016-03-24",0.275050931470934,0.328612159687569,0.406374476368755,0.55309784127531,0.814728045813032,1.40142882116766,1.67421422732277,1.9687109953003,2.45285918250308,2.64456025759248
"2016-03-27",0.268569224281177,0.323483817357106,0.403138501524339,0.553190643364171,0.819922886248716,1.41360444283178,1.68714328494632,1.98030459771732,2.45657604920764,2.64324269172907
"2016-03-28",0.269039178070928,0.320842174838524,0.396115053414063,0.538352776217971,0.792717556510073,1.36710045871699,1.63641909321163,1.92916785270171,2.4158962101889,2.61054580631812
"2016-03-29",0.22332336615623,0.273957056949728,0.347608779857382,0.48704430612006,0.737307388170602,1.30741567551117,1.57760133757566,1.87386933818963,2.37370916113786,2.57627262146953
"2016-03-30",0.236995116164267,0.284106161191881,0.35285593812994,0.483760199715653,0.721349204076296,1.27747735303856,1.54991501408271,1.85700095261265,2.40049453373581,2.63113994098804
"2016-03-31",0.252063199771048,0.296337110411116,0.361039725857304,0.484553313769974,0.709849088529947,1.24368482023585,1.50914587791321,1.81218773423355,2.36094034584937,2.599339119278
"2016-04-03",0.236096815189493,0.281561693841569,0.347942344464295,0.474447737279654,0.704450074040447,1.24510112956865,1.51133146179546,1.8127352304049,2.3503637091616,2.58033344341553
"2016-04-04",0.241750704633301,0.285605618897409,0.34970565214414,0.472101998469552,0.695477591473301,1.22544934223914,1.48940792318574,1.79114297195162,2.33888313056025,2.57745814700581
"2016-04-05",0.234263209522821,0.278252709881205,0.342510614971523,0.465076788513786,0.68829428701292,1.21517512886734,1.47594503506499,1.77243984075148,2.30543440765569,2.53524248541393
"2016-04-06",0.23885357325018,0.281738682701474,0.34445602788575,0.464330386318358,0.683525110221521,1.20604679324073,1.46781209931228,1.76853064345386,2.31943341031265,2.56170666361584
"2016-04-07",0.228360533502993,0.270348753032311,0.33175926645431,0.449152211492967,0.663868134313039,1.17605703329811,1.43285773278972,1.7280816010577,2.26962580796035,2.50811472405886
"2016-04-10",0.229033751678696,0.271908885419904,0.334616175851245,0.454486717897707,0.673729486435357,1.19668883492934,1.4588723701529,1.76026748062817,2.31307432800997,2.55649619700668
"2016-04-11",0.241187652607528,0.283985763684543,0.346572929790744,0.466188460202899,0.684874165353247,1.20597286667688,1.46689653680473,1.76652164418711,2.31499418685864,2.55599990069231
"2016-04-12",0.241247183820668,0.286023552716093,0.351433057955518,0.476203180469831,0.703460711498317,1.24002921630457,1.50568577780679,1.80782540200383,2.35125606166541,2.58569194742439
"2016-04-13",0.235936743083216,0.281914271450347,0.349011561057513,0.476775012293005,0.708683437585398,1.25162894185421,1.51767690463081,1.81762525003077,2.34869027940186,2.57414796801473
"2016-04-14",0.229737757822102,0.276863256735717,0.345589743848108,0.476299832290033,0.713007475213468,1.26406153697066,1.53222022603414,1.8327944362622,2.35950410766406,2.58082562482357
"2016-04-17",0.206270276580364,0.252710857701437,0.320446048671069,0.44929634629623,0.68272615503803,1.22666153480136,1.49166102969869,1.78898113616263,2.31087752388505,2.53054653505019
"2016-04-18",0.218518169381799,0.265814499280309,0.334780520574898,0.465913786166939,0.703273574474633,1.25519812603544,1.52339564124763,1.8236524336056,2.34869309472271,2.56885327923276
"2016-04-19",0.221388539380358,0.270536986147841,0.342123518721174,0.47796947151528,0.722911034336085,1.28713439695358,1.55817799723428,1.8587296181158,2.37558219986865,2.5888284175956
"2016-04-20",0.224775655938924,0.276284880218124,0.351232850309504,0.493198571085021,0.748268794818648,1.33079565212047,1.60771593595887,1.91213647399647,2.42793282329092,2.63779112555396
"2016-04-21",0.225302482808015,0.277631014188869,0.353761552509208,0.497935210480466,0.75686048994586,1.34757319585618,1.62802730730498,1.93600949953152,2.45691258794746,2.66849920737491
"2016-04-24",0.225369874561224,0.279601403255611,0.358419290093886,0.50741000401242,0.774039605675801,1.37714434122352,1.66051613364707,1.96906061947469,2.48349224661162,2.68973866805579
"2016-04-25",0.241846828537389,0.29564446782767,0.373870503160557,0.521872250858249,0.787183705396212,1.38977915033623,1.67433035250871,1.98542696289935,2.50766937314867,2.71834578847562
"2016-04-26",0.244139255760451,0.297630160844592,0.375419139048721,0.522624016718393,0.786611570395068,1.3867741255685,1.67050652648561,1.98100375993664,2.5030757074767,2.71399138524202
"2016-04-27",0.231616414736501,0.282123218148787,0.355695022264723,0.495331116980702,0.74718660715529,1.32778392059326,1.60695586365943,1.91676266137389,2.45025109328196,2.67064520508741
"2016-04-28",0.223395839379306,0.273171638542445,0.345713418135214,0.483511808142974,0.732464730383016,1.30868672425357,1.58712025963569,1.8973745000384,2.43544556403077,2.65926095148939
"2016-05-01",0.21140748828482,0.262743463603479,0.337486569432356,0.479222907682058,0.734436115402167,1.32037243223503,1.60070959281729,1.91052542838737,2.44023953648026,2.65759591215543
"2016-05-02",0.214470651998688,0.265142689935862,0.338987098043175,0.479248054484933,0.73260821294228,1.31879594111068,1.60190617043213,1.91724256253659,2.46373703345762,2.69089857851566
"2016-05-03",0.220721108909446,0.26781715279629,0.336566059453505,0.467539740403993,0.705506415440779,1.26396185170199,1.53840764967525,1.84858512196635,2.40017997291506,2.6353947996524
"2016-05-04",0.227965232687282,0.273474671982314,0.339957617270244,0.466784050589554,0.697817889535136,1.24348166848259,1.51375017771063,1.82124040701381,2.37463871615789,2.61352818472843
"2016-05-05",0.223079216904481,0.268219629405546,0.334163646694573,0.459962563572599,0.689126654995087,1.23038617219476,1.49848039222278,1.8035038040083,2.35248512319312,2.58947797000187
"2016-05-08",0.227510544611134,0.273048597083505,0.339581338839844,0.466529861817339,0.697882441274546,1.24485759579021,1.51611517108214,1.82505940879465,2.3821503450037,2.62311507070663
"2016-05-09",0.24557334187832,0.288511481956195,0.351335939803979,0.471515489851623,0.691627585473319,1.21845227041393,1.4836812081511,1.78967433848344,2.354664773919,2.60522847398809
"2016-05-10",0.259667570409349,0.301827146461081,0.363529683454944,0.481621657273003,0.69812017497468,1.21753701505752,1.4798062976474,1.78315124508632,2.34589896453283,2.59673913963569
"2016-05-11",0.264244833169708,0.306743898546489,0.368899371316613,0.487708962527815,0.704989454636505,1.22314014618392,1.48283405182061,1.78128951315115,2.32844124518727,2.56924962864719
"2016-05-12",0.271583179948278,0.314235706757041,0.37660521743261,0.495788620712053,0.713626647957988,1.23236752402812,1.49190297989439,1.7897299741975,2.33422306795169,2.57316021907202
"2016-05-15",0.251653896376056,0.295563678970988,0.359696908672293,0.481997414497908,0.7046321304141,1.22956523802271,1.48902453880731,1.78369513421472,2.31232523937509,2.53977106002391
"2016-05-16",0.275324071412939,0.320510513866562,0.386459979016278,0.51206026643869,0.740121778862863,1.2745165378955,1.53664826996846,1.83244201854538,2.35697710256234,2.58001667399333
"2016-05-17",0.297647441495318,0.344826318852079,0.413562807723211,0.544063355970798,0.779587782316396,1.32335804471911,1.58530459942299,1.87644159965646,2.37911421273495,2.58730791984364
"2016-05-18",0.301745144739324,0.352672280181818,0.426707201607113,0.566721924208461,0.817515449376107,1.38604038333136,1.6538748516449,1.94613437491256,2.43517957851803,2.63188827999836
"2016-05-19",0.307329226656293,0.357640272565322,0.430775991740295,0.569078197893127,0.816762738154755,1.37801289503354,1.64229031119208,1.93055275784525,2.41258648757811,2.60635767891935
"2016-05-22",0.322233654389997,0.371008268451205,0.441968435798629,0.576350843643443,0.817692590301672,1.36829477260665,1.62970816135019,1.91678306949492,2.40233162959334,2.5995600839633
"2016-05-23",0.331124101036715,0.380533044780543,0.45236918851401,0.588253334785688,0.831744747592544,1.38424518207557,1.64483369221839,1.92945739326957,2.40648603688404,2.59863938572698
"2016-05-24",0.328752118416256,0.380054708494781,0.454555489264274,0.595183881135551,0.846149819503198,1.41003715260213,1.67283783036596,1.95709999436986,2.42589510180182,2.61202889584799
"2016-05-25",0.278826485849563,0.333068931262557,0.411736187827777,0.559886699647449,0.823095649920154,1.40817407520732,1.67732513183481,1.96542026584934,2.432512318568,2.61526657260102
"2016-05-26",0.31483428727396,0.364121632325054,0.435824484102345,0.571602407129269,0.81541216996553,1.37143409707482,1.63529892907719,1.92495616296566,2.41455842579996,2.61331590008616
"2016-05-29",0.317074139825493,0.367741780836118,0.441359163270349,0.580449356657355,0.829118562088382,1.39027691787725,1.65318799290924,1.93878895035896,2.41312948134243,2.60264536583783
"2016-05-30",0.302790109478384,0.356000234742955,0.433181835388839,0.578572825215857,0.837011154192861,1.41218839983933,1.67717679199874,1.96115313769423,2.42244726209414,2.6032253314488
"2016-05-31",0.315271400784999,0.365512067546339,0.438550665102453,0.57668658496302,0.82413375014805,1.38517651786263,1.64954559420727,1.93807684770315,2.42103265898784,2.61534657168209
"2016-06-01",0.295446903706439,0.347516435625376,0.423073768279917,0.565505653791206,0.819030984057551,1.38512857762797,1.64697252833696,1.92847657494231,2.38812092931851,2.56904861363227
"2016-06-02",0.275223454079346,0.324696270560164,0.396598991685988,0.532521044575768,0.775774410513074,1.32606349154771,1.58465406700394,1.86624657335802,2.33582662678676,2.524121766676
"2016-06-05",0.268679414651678,0.313522670087778,0.37890537313446,0.503203926568733,0.728117280785161,1.25067476035777,1.50434916095847,1.78811004140282,2.28357749158388,2.49103726205313
"2016-06-06",0.277824552240979,0.322218676509935,0.387000719995691,0.510340365804739,0.734165133583177,1.25787741419775,1.51431669290888,1.80325728913562,2.31428283523499,2.53099927562322
"2016-06-07",0.278553494537693,0.321761999400549,0.384855961098144,0.505123822416585,0.723878125457925,1.23862235917582,1.49241747235721,1.78005197755179,2.2941123748945,2.51443469800429
"2016-06-08",0.262892709915142,0.307230614361018,0.371899001054262,0.494915498678192,0.717776851593647,1.2370872460155,1.49009060775228,1.77395231789673,2.27222732280543,2.48195505273323
"2016-06-09",0.266437794663068,0.309273523572111,0.371789955840904,0.490844706817436,0.706995000641895,1.21333026605926,1.46160871146865,1.74168495313211,2.2380778190389,2.44903507780456
"2016-06-12",0.268845294714411,0.308094553209964,0.36551708654729,0.475347502632047,0.676449188582226,1.15744521773111,1.3993988256639,1.67833824303492,2.19268685328396,2.42046417788412
"2016-06-13",0.280002164275133,0.318156643542472,0.374011686891302,0.480960368009818,0.677202608338659,1.14904605599573,1.3879318292601,1.66486868396616,2.18084753469725,2.41192011972063
"2016-06-14",0.29063870668179,0.327786143225083,0.382197820101882,0.486487961403957,0.678229873732191,1.14150648337539,1.37746617170022,1.65243372659008,2.16977573886778,2.40395326318941
"2016-06-15",0.258757337325715,0.294939766676514,0.348003585064115,0.449934474352452,0.638148111334003,1.09778461168554,1.33499102605711,1.61459631681147,2.15230797448887,2.40174487069307
"2016-06-16",0.257039718354188,0.294760365174948,0.34999970033944,0.455835483694534,0.650272782463714,1.11918841455036,1.35747402995691,1.63460200476903,2.15405932564379,2.38822736069687
"2016-06-19",0.262020170876069,0.303398231708827,0.363865666704143,0.479283896922392,0.689775399286581,1.18831215501788,1.4360856229195,1.71880514044774,2.23032567530071,2.45235372611687
"2016-06-20",0.274718906951803,0.315915970535172,0.376139230561754,0.491160328776137,0.701173215541374,1.20000868463105,1.44880671063566,1.73355069916817,2.25157659319573,2.47772621319887
"2016-06-21",0.29144283489826,0.332502334540011,0.392532352202102,0.507211024789903,0.716693722030548,1.21482521370331,1.46361240723669,1.74867707855044,2.26840012093479,2.49580307204873
"2016-06-22",0.307782403118116,0.34840573185266,0.407804034309257,0.521296197458819,0.728683905518135,1.22225743945918,1.46902824281147,1.7520375835184,2.26886995204113,2.49540438195396
"2016-06-23",0.264118065106555,0.306109250532265,0.367496451539145,0.4847509786728,0.698878887026119,1.20770505886448,1.46161843407689,1.75234616017349,2.28168911718748,2.51297671400826
"2016-06-26",0.246389346953602,0.278285044080291,0.325210933465684,0.415862818384357,0.585117755037807,1.01006989064884,1.23701175313882,1.51273868851244,2.07569762658416,2.35591378977815
"2016-06-27",0.220340752274237,0.253934709533343,0.303243160886027,0.39809994288344,0.573757559468744,1.00582187849022,1.23078191705409,1.49801918493358,2.01975438340311,2.26600078447632
"2016-06-28",0.238772962086373,0.273149710641701,0.323560853301445,0.420380703181345,0.59910091387556,1.0352141148843,1.26006507969877,1.52488440164335,2.03333861069323,2.26877133068714
"2016-06-29",0.240925431860236,0.276012644678751,0.327458889853983,0.426243717336208,0.60850782028576,1.05276463757161,1.28149432340983,1.550553026656,2.06593370792745,2.30393940834762
"2016-06-30",0.255448148649267,0.287302804012349,0.334117483168045,0.424379831625167,0.59226888685224,1.00980070534407,1.23017242023216,1.49512574548441,2.02482113349807,2.2818841046323
"2016-07-03",0.243736143641694,0.276079051646308,0.323577770744027,0.415044031802583,0.584753657439873,1.00422248489566,1.22393921983012,1.48633226982604,2.00395635382181,2.2512341396458
"2016-07-04",0.24584088236088,0.277249059911866,0.323381535906197,0.412239174400958,0.577189825512212,0.985397107785271,1.19953964171172,1.45561879908577,1.96212515351081,2.20484394332513
"2016-07-05",0.274775037925278,0.3029834648589,0.344491738246255,0.424702634384328,0.574554399486561,0.951365259707501,1.15297811337085,1.39834543065734,1.90103782110549,2.15230387136299
"2016-07-06",0.276320572835379,0.303321721079692,0.343304540986686,0.421372589424432,0.569782474689494,0.953718976945409,1.16226922498892,1.41507389493329,1.91109944462561,2.13843593411669
"2016-07-07",0.284391421588883,0.313191297477319,0.355523412551751,0.43716653817407,0.589109589549861,0.967519232443993,1.16759174458911,1.40851289849754,1.89165621197024,2.12699386512747
"2016-07-10",0.28842144960223,0.31863700007133,0.36296683477544,0.448178048932786,0.605727388069494,0.991746050398554,1.19176954661558,1.42838434883452,1.88655739199704,2.10076927270007
"2016-07-11",0.296260780474659,0.329658229791844,0.378532154509416,0.472055142783046,0.64345244861538,1.05431602852141,1.26155787542572,1.50104264730796,1.94457874640722,2.14192475257057
"2016-07-12",0.309522222351771,0.343336286258785,0.392849843579352,0.487698799928316,0.66189218139671,1.08163280635409,1.29470863556657,1.54229545639693,2.00559675888268,2.21406374816748
"2016-07-13",0.309628310995256,0.344041933529035,0.394368188015247,0.490552262160767,0.666404642674764,1.08546638372102,1.29531616970519,1.53630946499632,1.97751415362555,2.1714126942024
"2016-07-14",0.29272583860726,0.329327171313318,0.382829510816841,0.485004997882461,0.671530585027503,1.1143852003597,1.33514466002591,1.58768416405841,2.04673833704265,2.2469677919086
"2016-07-17",0.291578604201158,0.329241939569614,0.384257911200413,0.489192700047499,0.68028845558356,1.13128303335184,1.35445420583121,1.60816051160611,2.06410988848304,2.2606427686086
"2016-07-18",0.303824221546159,0.340649377686609,0.394490677437943,0.49735348244931,0.685276422721252,1.13228233749088,1.3556222343754,1.61161417972245,2.07861861339685,2.28308701657
"2016-07-19",0.315618790604074,0.352024066422698,0.405245730951077,0.506905263858439,0.692560465406696,1.1337660479425,1.35395896248891,1.60610003945181,2.06526247693955,2.2659207228738
"2016-07-20",0.312421833059187,0.349377077612375,0.403394885119634,0.506548451189576,0.694837002120638,1.14174565528958,1.36444550244721,1.61912610139088,2.08181039888498,2.28350342177091
"2016-07-21",0.311872588785985,0.347267871742348,0.399079241974974,0.498270188265948,0.680223472611239,1.11738938111523,1.33851871115416,1.5946710358333,2.07122801373085,2.28430738851682
"2016-07-24",0.306349740713268,0.343927615064028,0.398823716463277,0.503546690276799,0.694316482615298,1.14488787805537,1.36805973602412,1.6219698337484,2.07894748258247,2.27621832703944
"2016-07-25",0.300818416179349,0.339176031558868,0.39517397245278,0.50187280757475,0.695794785859231,1.15123373837063,1.37526207029315,1.62865719863686,2.07991009914433,2.27261091907438
"2016-07-26",0.297077579283694,0.334437453409149,0.389016857061901,0.493141678582923,0.682843163148583,1.13101493452619,1.35307329953803,1.6057891422509,2.0608546852622,2.25740602219863
"2016-07-27",0.252159013343437,0.290968663950166,0.347571570572296,0.455237519225134,0.650261512276994,1.10454791427759,1.32577840804449,1.57390378136634,2.00917599892526,2.19227169694355
"2016-07-28",0.26190188157962,0.298619033951751,0.352276358008879,0.454699280022342,0.641503705981122,1.08401371569946,1.30398739150367,1.55503058137605,2.00938622145118,2.2066680418771
"2016-07-31",0.259881901495031,0.296078928656291,0.348981395869631,0.449981184189226,0.634253271062564,1.07113276045473,1.28853218904414,1.53685630014008,1.98701453706657,2.18280224908831
"2016-08-01",0.269723345486387,0.306875949814895,0.361185645651014,0.464908162973505,0.654276420074639,1.10398819901305,1.32823200202174,1.58482204759353,2.0514544979024,2.25508815737124
"2016-08-02",0.291380536007305,0.327070274776513,0.379326105644526,0.479413709746098,0.663176004459899,1.10566431769745,1.33009442803565,1.59068052603016,2.07762437744256,2.2963940876024
"2016-08-03",0.283242747749037,0.318186329453932,0.369380549213026,0.467540102370667,0.64814118540028,1.08528144860468,1.30842001733284,1.56894405927071,2.06088894648012,2.28446356060482
"2016-08-04",0.282962370819834,0.318310875027597,0.370055892050717,0.469127027326887,0.650886427030034,1.08774016650458,1.3088072010023,1.56498295597557,2.04191699719915,2.25532710426249
"2016-08-07",0.297635034725712,0.336504904035232,0.393263504488365,0.501455102907063,0.698244043371485,1.16130258626453,1.38961423360471,1.6483676757029,2.11081248817513,2.3090130549
"2016-08-08",0.299575308185721,0.337863636956739,0.393777508757234,0.500373968535538,0.694314950589312,1.15098011355266,1.37632569846714,1.63189645920091,2.08922976959712,2.28549243575474
"2016-08-09",0.311226319991759,0.346919592991563,0.399120932098283,0.498901363079408,0.681374192983158,1.11647826677098,1.33452479569827,1.58509207905106,2.04436816445223,2.24646232733552
"2016-08-10",0.310314843571368,0.345733835370179,0.39753110937535,0.496529240483681,0.677535919162927,1.1089355557172,1.32499751039781,1.57315817692488,2.02759700974273,2.22736392899661
"2016-08-11",0.308210205756472,0.345757294329004,0.400583082883772,0.505086148302513,0.695150920147195,1.14229986443749,1.362714628993,1.61246775324325,2.05866458588854,2.24983023190731
"2016-08-14",0.302587217104136,0.339220024598176,0.392737747867355,0.494838818157095,0.680859299841975,1.1203694345419,1.33815728244362,1.5860334362675,2.03245085541748,2.22529666917825
"2016-08-15",0.303233175245635,0.341572001280033,0.397535317821668,0.504143852913542,0.697815555611673,1.15217218288165,1.37537077793505,1.62754379255893,2.07571720124526,2.26671346375183
"2016-08-16",0.32499598888103,0.362750416748076,0.417875181886518,0.522935341917967,0.713967999162632,1.16313296626188,1.38438397956972,1.63493368493789,2.08206862325639,2.27342451063428
"2016-08-17",0.322115164501698,0.358799393810419,0.412386352785314,0.514599567039133,0.700753493469513,1.14016848477733,1.3576601381638,1.60495861689289,2.04955093149664,2.24125895855989
"2016-08-18",0.31811876557492,0.354788506235112,0.408366557406187,0.510604311850138,0.696950601151659,1.13767592996389,1.35633683645069,1.60546913484111,2.05500903804527,2.2495892365263
"2016-08-21",0.309843412024245,0.349916865263159,0.408315049404388,0.519234241322704,0.719582323932272,1.18305859054705,1.40686769894158,1.65611991077055,2.08798750288527,2.26746184779406
"2016-08-22",0.301905026978991,0.34103999021186,0.398072149254341,0.50640221328839,0.702092831743151,1.15490265255685,1.3736247469984,1.6172709181375,2.03960470680291,2.21518955083052
"2016-08-23",0.328083648846706,0.36563334162153,0.420407653936516,0.524625842711181,0.71351216086958,1.15411331480748,1.36904416458279,1.61044809134595,2.03499881921362,2.21403184127827
"2016-08-24",0.330271209475627,0.368249713859172,0.423646970220435,0.529041747967137,0.720029897243909,1.16535948598721,1.38249295335008,1.62627275387648,2.05469673164764,2.23523535801995
"2016-08-25",0.333168477398343,0.373140548920618,0.431354347730691,0.541800015315407,0.740860135580647,1.19893373386767,1.41871442297413,1.66217378606525,2.08010929552896,2.25225439214725
"2016-08-28",0.324784796348176,0.368074229707475,0.430927026188609,0.549530456277853,0.761058709471109,1.235623456871,1.45639368800225,1.69484211524454,2.08713538287973,2.24256557188899
"2016-08-29",0.323156904649699,0.364438049738307,0.424418817792545,0.537749350332669,0.740381724708532,1.19774350949094,1.41207678788404,1.64495385386873,2.03185509359102,2.18648107153453
"2016-08-30",0.332538300031722,0.373051127582052,0.431972739272999,0.543493725253541,0.743557780153087,1.19877622495059,1.41420531564361,1.65015397585285,2.04744047123486,2.20815087125955
"2016-08-31",0.332910925574694,0.374025852199105,0.433782712591614,0.546749116265484,0.748935126551836,1.20640485038603,1.42142560722886,1.65561500651366,2.04626372910033,2.20295082268872
"2016-09-01",0.316249857144469,0.357941682837198,0.418536497922643,0.53308527092008,0.73809738278563,1.20192874849678,1.41992092211729,1.65733003985894,2.05330345714605,2.21210965791698
"2016-09-04",0.30137536481059,0.344506831188701,0.407168160654119,0.525536973178425,0.737085759985554,1.21407361827987,1.43732053632754,1.6796320876386,2.0815198689517,2.2418909570155
"2016-09-05",0.30728792429154,0.348740176487183,0.4090552794928,0.523304999058655,0.728582809895326,1.1974219106634,1.42031357475911,1.6653545212007,2.08058239466254,2.24953882415128
"2016-09-06",0.331955714222466,0.368191486594879,0.421110670231123,0.522007198833408,0.705610634582823,1.13812410411828,1.35166657438587,1.59396144529073,2.02789464596037,2.21427206174043
"2016-09-07",0.333657313163205,0.371103153275735,0.425738002269214,0.529731461407682,0.71835402298512,1.15915856178665,1.37467810744983,1.61720641047518,2.04518371764118,2.22627295718738
"2016-09-08",0.330710588590343,0.371554001362418,0.431045541449787,0.543944844169334,0.74753053406493,1.21659599009125,1.44198907638084,1.6919771464031,2.12204549607285,2.299552247488
"2016-09-11",0.332593291076019,0.373841088152651,0.433977069057564,0.548286131970661,0.755071103030783,1.23521095298004,1.46811684228324,1.72848059575978,2.18258847740313,2.37252288568925
"2016-09-12",0.329888575691853,0.371750642194096,0.432766595143887,0.54869582071093,0.758226787193816,1.24369882735698,1.4785741662474,1.74056454353771,2.19575800721104,2.38543400192334
"2016-09-13",0.335897612000238,0.378627215849492,0.440913847055867,0.559278240881462,0.773284107741089,1.26953948085871,1.50987749437634,1.7781901622901,2.24506504045137,2.43989186894671
"2016-09-14",0.305831497571141,0.348115832367052,0.409798704217325,0.527168666669119,0.73991602957272,1.2363161464597,1.47854996858346,1.75069854269783,2.22956420771367,2.43160446186165
"2016-09-15",0.300760725071244,0.341935824503096,0.40208357838422,0.516813396662417,0.72577136355898,1.21906376878331,1.46325193457519,1.74093409071271,2.2402426798126,2.45558544774883
"2016-09-18",0.280892447611353,0.325258260211826,0.389885038699673,0.512545136899506,0.733786240898793,1.24383390218771,1.48909776952649,1.76128918280212,2.23004433903839,2.42371199116253
"2016-09-19",0.285866083688979,0.330237981028221,0.394870057126371,0.517528209909574,0.738723698274755,1.24843043552275,1.49339208665642,1.76512067868364,2.23269924126726,2.4257308091093
"2016-09-20",0.238030973370054,0.284492401776198,0.35207493492476,0.480019689451409,0.709656210103693,1.23276225794766,1.48066444356843,1.75249047694283,2.21107280686637,2.39690859191497
"2016-09-21",0.21347000032579,0.261102460264188,0.330275133612884,0.460851469486451,0.693896922545887,1.21761892256143,1.4617567900249,1.72588135842876,2.16159972536312,2.33464697274971
"2016-09-22",0.205934152563792,0.253527796086529,0.322606932863537,0.452882607558233,0.684962578807201,1.20420682962291,1.44495889534057,1.70429057986575,2.1290700405462,2.29672961729148
"2016-09-25",0.227204840794693,0.271543310207126,0.336058514567655,0.45826583971233,0.677847437228734,1.17938837731043,1.41784601261527,1.68001705576588,2.12432202116305,2.30512868179787
"2016-09-26",0.262937967145316,0.302966780566482,0.361376956729423,0.472579027625372,0.674356250290089,1.1463583128214,1.37740383907835,1.63766251835033,2.09774101486538,2.29275830739324
"2016-09-27",0.280856276962035,0.320489787656936,0.378289557260474,0.488216176349859,0.687278960183354,1.15065444172599,1.37612149866215,1.62882019849779,2.07156363579572,2.25757303270141
"2016-09-28",0.260317273420275,0.3018310308287,0.362293940051713,0.477019692682546,0.683839466844317,1.16002373986851,1.38864269409435,1.64202938796887,2.07741218717033,2.25690286424072
"2016-09-29",0.290740804844201,0.330151402640938,0.387630633119409,0.49696298018779,0.695003756295772,1.15630776271871,1.38094997485822,1.63289641953469,2.07485496547794,2.26075626580026
"2016-10-02",0.305713593981466,0.346322482945609,0.40551163321686,0.517969168170383,0.721222579162573,1.19213403152712,1.41995549111611,1.67406896059336,2.11555035353199,2.29950193928652
"2016-10-03",0.339587618232224,0.380173330811976,0.439330154739848,0.551731171017666,0.754899670795983,1.22571158983557,1.45354230292299,1.70771950961019,2.14947370385393,2.33360457203355
"2016-10-04",0.333051605011271,0.375981439963186,0.438501502944695,0.557112791518228,0.770874660234723,1.26269346367368,1.49861447388419,1.75990681936545,2.20831863349228,2.39296323340457
"2016-10-05",0.32348879594084,0.368463979467683,0.433873957966298,0.557669926799456,0.779735444414623,1.28490889936479,1.52391771340308,1.7856372042547,2.22616081645988,2.40430404838854
"2016-10-06",0.320386628436045,0.36639285478375,0.433274631086855,0.559763306337783,0.786335908484398,1.29999184256428,1.54199881479994,1.80609473912433,2.24806706101229,2.42586136438262
"2016-10-09",0.316166558347942,0.363413732216098,0.432064515998782,0.561781550357703,0.793729819954856,1.31735410265632,1.56279319972973,1.82951438542196,2.27277382739494,2.44996971598379
"2016-10-10",0.327797872303726,0.374938869532347,0.443450109298429,0.572952785486106,0.804689015139393,1.32876758511892,1.57495208852159,1.84295571200998,2.28965492486434,2.46869582258951
"2016-10-11",0.348625788828352,0.39414806822875,0.460381094349813,0.585826630141689,0.811171621126338,1.32557267841257,1.5699688456671,1.838510016259,2.29315359427468,2.47799521698639
"2016-10-12",0.314975457774871,0.361834512927595,0.429964425020348,0.558841525910053,0.789789525295118,1.31389665961108,1.56113272461352,1.8312075346044,2.28395074380529,2.46635754424302
"2016-10-13",0.319029616479074,0.36526702608998,0.432520371001762,0.559830743800704,0.788289711521598,1.30849887253131,1.55490460405238,1.82497857249505,2.28028851597379,2.46468035202814
"2016-10-16",0.311218457934575,0.357018771658632,0.423735581641186,0.550363933412909,0.778767542225484,1.30535558454878,1.55858957261978,1.83964131608785,2.32370059452233,2.52370913987081
"2016-10-17",0.331534079476664,0.374662427637175,0.43757996411526,0.557310887019032,0.774378914774283,1.28109483831562,1.52850265039192,1.80659657285058,2.29633715072689,2.50313976541946
"2016-10-18",0.329864942774828,0.372010165817215,0.433530975824868,0.550730715967972,0.763658421727308,1.26327806047179,1.50876471310385,1.78616967019528,2.2793473751568,2.48959231411689
"2016-10-19",0.326611992531943,0.369413969009009,0.431866655715838,0.550751066423272,0.766419015469375,1.27063491520133,1.51728173026332,1.79495560762902,2.28532121447363,2.49296481775689
"2016-10-20",0.332292712763012,0.375406332279217,0.438281880817299,0.55786370758734,0.77441725665321,1.27854406623408,1.52386147343362,1.79882847770152,2.28065056922205,2.4831042925307
"2016-10-23",0.324358155003826,0.368474917181723,0.432761723548169,0.554853388478158,0.77533910791106,1.28516094695011,1.53120867598445,1.80509669288403,2.27925513299635,2.47614643205847
"2016-10-24",0.331666561998559,0.376095376974729,0.44083226490462,0.563763083293873,0.785709318292567,1.29859964412985,1.54594660771853,1.82111261478286,2.2969773727607,2.49437459790441
"2016-10-25",0.333331951303082,0.378678892014051,0.444688577706909,0.569817821396227,0.794967728828324,1.31099182948366,1.55736155883672,1.82916546074262,2.29250657184723,2.48209618968841
"2016-10-26",0.295744993133614,0.34584555139966,0.418589264344702,0.555862589227869,0.800708172405965,1.35012682031587,1.6057794700057,1.88195587217946,2.33645982289677,2.51658719698716
"2016-10-27",0.283205271897671,0.335241715065265,0.410777285430896,0.553255770031472,0.807166662538834,1.37574980449458,1.63965706315722,1.92417344881708,2.39085333607214,2.57527308856699
"2016-10-30",0.304482562033197,0.353074880818154,0.423786522594297,0.557754304869281,0.798547082118432,1.34897881827969,1.61093829083028,1.89918102986401,2.3883416222636,2.58765650859266
"2016-10-31",0.335824961526884,0.382042694426527,0.449361284996261,0.57711071910845,0.807462450723763,1.33812770246424,1.59307959920578,1.87581438541263,2.3621071618966,2.56277611213546
"2016-11-01",0.338747030562936,0.383935799943185,0.449802008426511,0.574951444848517,0.801163985981199,1.32538177426056,1.57905898613389,1.86207425014475,2.35395637693594,2.55898469969846
"2016-11-02",0.341993472015825,0.385905557514656,0.449966294662985,0.571872201233215,0.792881610411208,1.3087879564635,1.56067696667184,1.84380213101365,2.34238502258848,2.55291389001313
"2016-11-03",0.342975987937563,0.385177311803689,0.446853003464616,0.564595109299553,0.779387379123033,1.28847489361227,1.54171461912637,1.83088793986204,2.35480151319069,2.58253364577087
"2016-11-06",0.361663973698964,0.405448151432471,0.469343140042698,0.591004072475968,0.811818426361605,1.32869238531515,1.58190637036488,1.86732974647538,2.37250277199221,2.58689384383288
"2016-11-07",0.376531158887833,0.41936248000587,0.481909919334607,0.601150397328066,0.818087022701447,1.32884827558605,1.58085731494339,1.86663827503794,2.37793593795789,2.59731515617481
"2016-11-08",0.410847712366452,0.45155717389346,0.511524363743521,0.627595439482511,0.844919419881554,1.3904080049736,1.67733903649178,2.0132518972402,2.56221200532146,2.61965712192693
"2016-11-09",0.405303471195566,0.455854892920781,0.529694512624846,0.670501202768214,0.926648293752056,1.52702131791277,1.81923586625954,2.14315641800448,2.67424526396289,2.85818413456174
"2016-11-10",0.396623605706027,0.451611430419135,0.531581028513742,0.682924932102871,0.954378712698362,1.57175482122636,1.86376294015888,2.18344033558826,2.72129879623844,2.93872212358636
"2016-11-13",0.408829096843769,0.467419177889494,0.552445498123119,0.71275095048075,0.99817268852476,1.63593046725764,1.93116613251053,2.24878186142111,2.76795384685487,2.97250401694883
"2016-11-14",0.404231953142074,0.466570683570171,0.556827992877656,0.726300838934405,1.02566379625213,1.68202896774187,1.97900341818946,2.29271187315145,2.79080927942994,2.98236022614079
"2016-11-15",0.400429352873429,0.46286680407685,0.553221911656777,0.722728719666003,1.02164116206265,1.6743645169263,1.96824998839567,2.27750132060586,2.76559040839013,2.95239632373647
"2016-11-16",0.372479576432093,0.439983679223456,0.537318536372349,0.718758300894432,1.03479983935042,1.70516035781239,1.99664199501435,2.29520139235169,2.74774447707519,2.91575637254881
"2016-11-17",0.364519443165918,0.435737294995138,0.538343281303809,0.729333836427097,1.06109124727715,1.76023457806885,2.06188482320737,2.36905092286901,2.8307195139798,3.00110466268566
"2016-11-20",0.348819115018841,0.425213975274371,0.534929398241893,0.738013381835281,1.08700387749167,1.80428601356655,2.10469527978758,2.4039079848285,2.84001548460244,2.99773091395532
"2016-11-21",0.356148530015592,0.43052780781375,0.53741201740308,0.735462430540659,1.07648659900539,1.78066130505889,2.07720899545097,2.37377193746592,2.80839440692844,2.96612041724574
"2016-11-22",0.403540780424993,0.475226951518383,0.578378433280776,0.769961191294371,1.10133816925576,1.79279477174494,2.08762841558536,2.38520584089307,2.82689676112069,2.98852564600234
"2016-11-23",0.414501907768146,0.488664508749702,0.59521015004678,0.792544521975307,1.13204283076226,1.83166663067014,2.12560054497737,2.4190375711101,2.8480594314841,3.00351740863564
"2016-11-24",0.393065397589392,0.471282987473047,0.583430186365373,0.790411287316831,1.14411768739492,1.86178340423148,2.15781422667509,2.44942551094102,2.86825760737848,3.01836937201283
"2016-11-27",0.37088673699044,0.448194095350135,0.559037688864897,0.763617602318438,1.11323626808355,1.82268087195059,2.11535593257074,2.40368663004918,2.81785399696663,2.96630394382201
"2016-11-28",0.355547568147612,0.432133401404709,0.541972521710199,0.74479608871107,1.09173280215826,1.79723030981122,2.08900569641376,2.37696904929052,2.79158916306724,2.94041242235264
"2016-11-29",0.409578607982727,0.480346284262301,0.582348653749248,0.772327837786763,1.10247171466161,1.79586026125543,2.09137215201572,2.38648235385973,2.80542273208702,2.94751216442647
"2016-11-30",0.375581474324184,0.455066375538027,0.569027847288708,0.779348389143605,1.13873200213594,1.86777907356738,2.1684377672196,2.46456045362844,2.88978319358824,3.04216641715411
"2016-12-01",0.371693343013682,0.452906594058279,0.569303677422614,0.78398170345238,1.15036163872383,1.89150929474508,2.19614547393059,2.49547069724316,2.92395749239038,3.07722766741037
"2016-12-04",0.375343539655642,0.450843974204057,0.559361995784303,0.76051381548942,1.1071231685849,1.82400483140572,2.12649099764581,2.42942633347469,2.87425758540211,3.03589140375546
"2016-12-05",0.400290085273571,0.476458571167467,0.585871482145872,0.788469154266331,1.13686683088922,1.85408755457846,2.15504569223952,2.45522524848409,2.89357119570852,3.05228548095546
"2016-12-06",0.422396198903107,0.49501798356704,0.599532075501061,0.793699042109816,1.12972363929818,1.83174361640799,2.13152128640912,2.43442087159632,2.88470305157576,3.04964549620737
"2016-12-07",0.427083438249066,0.498798127448353,0.602012572369316,0.793784044167364,1.12572618604336,1.81952459944525,2.11594753746248,2.41557511277278,2.86123796438469,3.02454828204204
"2016-12-08",0.443872992199768,0.515953497342969,0.619863070768826,0.813464057978441,1.1502713977129,1.86132791936256,2.1677982436868,2.47849464364242,2.9383153286241,3.10425429730533
"2016-12-11",0.427499804490288,0.504832542795067,0.615989087458103,0.822047809942926,1.17716552719546,1.91190016124607,2.22204724315833,2.53274952315579,2.98917642943783,3.15506838055796
"2016-12-12",0.464305041542367,0.537852447358119,0.643742456964493,0.840609084583459,1.18178354996232,1.89689653274643,2.20345551361815,2.514110208027,2.97781588706512,3.14814526519766
"2016-12-13",0.49180339116705,0.5618557843048,0.663332159308183,0.853979093668439,1.19070547880137,1.92282127292294,2.24544278193517,2.57166942986931,3.01399937808273,3.13249057802274
"2016-12-14",0.448588343883216,0.536436976296677,0.661859490244027,0.891622458831497,1.27870727904842,2.03896100923614,2.34083755531175,2.63032753192504,3.03229142875462,3.17365922522323
"2016-12-15",0.437498859656917,0.523402340138776,0.647811983056308,0.880448995694665,1.28262471775971,2.07980944656154,2.3845445498042,2.66249810569679,3.02205083116745,3.14416088163109
"2016-12-18",0.419073145651344,0.509754089913632,0.639000083977213,0.875061522916476,1.27050238767894,2.03725215190723,2.33720074071305,2.6219253367468,3.01250852096942,3.14903044049531
"2016-12-19",0.453394386963794,0.535166373819917,0.653152429833161,0.872837098074623,1.2519271143509,2.01591776225799,2.31875831859172,2.60348004883838,2.98413166962257,3.11496653726952
"2016-12-20",0.44449969445177,0.526493235865523,0.644906183737423,0.865679180532573,1.24732658355466,2.01751431014631,2.32253311487517,2.60880110554668,2.99057189348331,3.12164664128989
"2016-12-21",0.429305466424638,0.509930299777367,0.626888246855371,0.846363761546506,1.22898554699904,2.00575727509777,2.31196951765016,2.59707201605237,2.97324744635255,3.10182784959678
"2016-12-22",0.432614016684209,0.513027044081138,0.629740906672876,0.84894394120402,1.23159800589084,2.01002582019987,2.31735620539157,2.60367713381666,2.98161941841219,3.11081688605883
"2016-12-25",0.453124489526422,0.528037136075381,0.638159863781745,0.848807086115257,1.22557952515415,2.00987893290881,2.3200151171407,2.60652965356026,2.98011308195487,3.10720204621314
"2016-12-26",0.46708472060156,0.538508980361839,0.64454746467739,0.850153623333202,1.22405900509566,2.01220663406907,2.32303434797712,2.6081105557702,2.97660470273261,3.10159468811395
"2016-12-27",0.43783099831532,0.5200973057209,0.638984034969911,0.860815622572124,1.24444445679715,2.0163738615204,2.32004025253494,2.60337849188252,2.97871048916877,3.10723506568673
"2016-12-28",0.388275754385316,0.478426736188785,0.606820060820923,0.841012989752235,1.23233420440095,1.98679718216019,2.28000651360102,2.5571036887916,2.93527214264374,3.06712282989899
"2016-12-29",0.430934576099826,0.512925912656741,0.630205144668692,0.84575709312534,1.21118335850597,1.93919930363471,2.23312230750205,2.51826718436389,2.91987680801232,3.06220525944278
"2017-01-01",0.435558072416771,0.515139674448421,0.629138060913659,0.839197088856916,1.19705816697541,1.91802813386681,2.21295278887084,2.50174246453976,2.91331490095562,3.06015266636848
"2017-01-02",0.430990623061848,0.511598293248492,0.626973721006298,0.839270131053045,1.19996753514618,1.92217227033985,2.21546591214961,2.50118139316267,2.905700912051,3.04947995083201
"2017-01-03",0.461653230006706,0.541150566205759,0.654920534803244,0.864210428737846,1.21962965180138,1.93048896182766,2.21880590116778,2.49941943192348,2.89626180352855,3.03722148352614
"2017-01-04",0.461264859927874,0.538401201952968,0.648905342457005,0.85255330489845,1.19958240420369,1.89914659812954,2.18551596051602,2.46606940756965,2.86616396589419,3.00896090034481
"2017-01-05",0.476540909256161,0.544539957451243,0.643441255700502,0.830075298224218,1.15985169238895,1.85634751912463,2.1457154805785,2.42547926398531,2.80997241741475,2.94350859329047
"2017-01-08",0.441218882317036,0.520167771026991,0.633119492649761,0.840796421879205,1.1931271637024,1.89621577099059,2.18062565068783,2.45691883438799,2.8467304052807,2.9850098823582
"2017-01-09",0.465311306072417,0.536103838042052,0.638562329037371,0.830445933336831,1.16564810101905,1.86317464839758,2.15109536814447,2.42970226904472,2.81435539382687,2.94835632690552
"2017-01-10",0.457532128018466,0.531550179460188,0.637942335126794,0.835073379278653,1.1739377050391,1.86555521855384,2.14997003161589,2.42747024519292,2.81781714828927,2.95546859771413
"2017-01-11",0.473854552104137,0.54180738379267,0.640880275238278,0.828450260709866,1.1610442189066,1.8625866113849,2.1512932897032,2.4276210433991,2.80245128891628,2.93186226476124
"2017-01-12",0.480969964845517,0.545276820618969,0.639833745788618,0.821159652933737,1.14873972429146,1.85655389566363,2.15149014924044,2.4343081071944,2.8173289868861,2.94936789942323
"2017-01-15",0.478395701482984,0.542758617919547,0.637688615406102,0.820500034536814,1.15242566463032,1.87132619245648,2.16965033402134,2.45417466842008,2.83685338651904,2.96839573744802
"2017-01-16",0.461281526935792,0.534621758341665,0.63984896037788,0.83429582334973,1.16736130703028,1.84680006488945,2.12884994610758,2.40796847481646,2.81129069996393,2.95637203815116
"2017-01-17",0.465707759506785,0.533719111129146,0.632061710834707,0.816230943448561,1.1394880511292,1.83167223277219,2.1308851151196,2.42869794016476,2.82337329671085,2.92933697589505
"2017-01-18",0.427563337394623,0.508789833394787,0.625207699830052,0.839809063579327,1.20500104152063,1.9325776907216,2.22313605611115,2.50073435366211,2.88141305810839,3.01398093378572
"2017-01-19",0.428454636086346,0.50924689640125,0.625464200240277,0.840876514141862,1.21029330824374,1.9510417929695,2.24553069404923,2.52414297537448,2.90013833968854,3.02994918249331
"2017-01-22",0.428777834588894,0.504135980652335,0.612952572729018,0.815984414261998,1.16845521566177,1.89401763234972,2.19081018153296,2.47675428499071,2.87012897022515,3.00701166323259
"2017-01-23",0.448920460345175,0.514110036402147,0.610562021985645,0.797094577637327,1.13742416677497,1.87580180937602,2.18076375466591,2.46999514137783,2.85636944999922,2.98882794143497
"2017-01-24",0.452631821653396,0.520100976016119,0.620387016118263,0.815374369371742,1.1723710864331,1.93914862384165,2.24856125220014,2.53651857818142,2.91367879953601,3.04210622618416
"2017-01-25",0.448313132008796,0.520903189959801,0.627673262308557,0.832192966645286,1.1993302719396,1.97177781189811,2.28141533590642,2.57006200572629,2.94965168306707,3.07913203360714
"2017-01-26",0.464856566398711,0.534144441129141,0.636663471601095,0.834723475918103,1.19440043539221,1.96101842388232,2.26993389503311,2.55788984240167,2.93599507350711,3.06486942824364
"2017-01-29",0.455720701548699,0.527246891873286,0.632096791559404,0.832055319157402,1.1894125417013,1.9423600613855,2.24721535970361,2.53411733444139,2.9154163423957,3.04597487862942
"2017-01-30",0.450292455886704,0.522547177246547,0.628206390270321,0.829034716150989,1.18655596158837,1.93897663809662,2.24501600659,2.53456357957911,2.92186028742412,3.05480697459133
"2017-01-31",0.465366113832633,0.541393986593262,0.650855201874262,0.854207628793256,1.2052360993598,1.92597446243337,2.22317716717949,2.51293101577089,2.91911623740567,3.06195834416304
"2017-02-01",0.451610107254388,0.528358022904507,0.638954267808294,0.844685355133546,1.20043311998789,1.93136187607809,2.23192193869465,2.52374650145615,2.93009383741107,3.07242902068249
"2017-02-02",0.456090550672144,0.530627126603541,0.638375877917792,0.839826542676451,1.19103603151134,1.92192478382049,2.22504284477039,2.52003708850412,2.93073614997778,3.07443908352373
"2017-02-05",0.450009295995516,0.526135850095955,0.635442036940152,0.83769066331647,1.1849890817602,1.89757411313471,2.1954124274953,2.49162469855794,2.9224957371549,3.07812172270375
"2017-02-06",0.484949116484297,0.549394919721737,0.643471946956344,0.8222195410559,1.142578534861,1.84433938090109,2.14942900149495,2.45432845346548,2.89019973453888,3.0443890950592
"2017-02-07",0.472478158219393,0.54255110348845,0.643396105731335,0.830743629845522,1.15495660438301,1.83225154411086,2.12144658234198,2.41363484927409,2.84795544122046,3.00704159260536
"2017-02-08",0.491725911004577,0.552687176247087,0.642341062902493,0.814495621536943,1.12715235057185,1.81662499047138,2.11252758743557,2.40273835222282,2.80599638415873,2.94650696760728
"2017-02-09",0.482361991908219,0.549514201100215,0.6473796803931,0.83269337633897,1.16220000763985,1.86747973276659,2.16472584645176,2.45478461218467,2.85743208429215,2.99786051121663
"2017-02-12",0.475008265954818,0.546340819225466,0.649813751674662,0.844265072666359,1.185670153788,1.90028393823639,2.19565429558471,2.48094410778051,2.87326375198463,3.00961953508908
"2017-02-13",0.492985616031737,0.561173641720341,0.661035396272402,0.851356202399185,1.19197120953339,1.91777039853415,2.21722673757382,2.50321652491475,2.88942577942543,3.02246413302024
"2017-02-14",0.494752910519699,0.564412984128668,0.666878380345302,0.86321682042753,1.21610440721486,1.96190826538385,2.26272250504568,2.54435556389555,2.91629773386361,3.04334807303887
"2017-02-15",0.466641376876304,0.54174363800787,0.651054392454415,0.857287856933269,1.22006210375814,1.9683491315058,2.26758422642801,2.54829624788574,2.92109513331058,3.04878097615044
"2017-02-16",0.453550092248845,0.532144805124641,0.644703635822082,0.852026354077824,1.20495325013872,1.91472632026486,2.20446883188075,2.48776538864213,2.89074570014982,3.03436135180015
"2017-02-19",0.444948304263991,0.52326299490466,0.635440577090141,0.842125110770896,1.19417416691891,1.90314342126985,2.19301914296256,2.47676742432829,2.88097687733747,3.02515105793954
"2017-02-20",0.44335109317882,0.522471653602441,0.635758801699131,0.844342859543026,1.19915612600294,1.91152246116656,2.20174909598687,2.4851199739159,2.88748098340848,3.03072784490431
"2017-02-21",0.45478974851124,0.532519324904952,0.643883295076033,0.84914814621892,1.19903791410723,1.90485676167994,2.19402163082202,2.47747868246011,2.88201780658116,3.02646425621955
"2017-02-22",0.424298937018118,0.504249759779123,0.618634761387733,0.828946383246679,1.18574507100467,1.89774098799955,2.18574992101695,2.4655366514879,2.86027218737551,3.00029738705927
"2017-02-23",0.434419685962691,0.508838126453765,0.615642819860813,0.813103863502558,1.15165808242424,1.84382956095099,2.13191972334983,2.4175593574217,2.83135068320211,2.98042883007341
"2017-02-26",0.450506539389504,0.522261323906649,0.625347240239684,0.816272065607599,1.14473747436592,1.82159758963218,2.10595408227589,2.38981986612163,2.80482820965996,2.95520378846095
"2017-02-27",0.510581945330458,0.582409755176214,0.685508558294824,0.876157684827594,1.20316260423785,1.87233520513209,2.15115463883556,2.42781998110096,2.82903077978295,2.97366959706445
"2017-02-28",0.542610127413246,0.619625440815603,0.729706698145458,0.931770226832654,1.27349274693469,1.95050222660365,2.22205784009249,2.48430443277117,2.85157463432388,2.98133028039104
"2017-03-01",0.580336014081893,0.656550665298922,0.765611000548886,0.966199208756606,1.30671807470967,1.98721317225405,2.26294713614143,2.53112970137591,2.91006271566604,3.04459501683263
"2017-03-02",0.597512685906227,0.673818728286392,0.78298958685219,0.983715672267075,1.3242566107335,2.00382977117992,2.27873275544844,2.54579408804358,2.92258739451178,3.05625015128267
"2017-03-05",0.607289398444796,0.6822786042116,0.789649170579243,0.987335793716116,1.32359943618656,1.99866604128038,2.27366900140139,2.54215692541268,2.92335137986973,3.05905570876723
"2017-03-06",0.629120308121544,0.70284833627728,0.808526128145364,1.00346225781543,1.33624223474263,2.00985061092913,2.28693374852714,2.55933270457372,2.94954640338424,3.08918354086776
"2017-03-07",0.611670084467241,0.690139767664275,0.802320915096412,1.00830698032437,1.3568828636608,2.04846253892311,2.3263285626844,2.59498446262999,2.97177839550832,3.10500402454941
"2017-03-08",0.600964066592882,0.684414557625949,0.803411959706408,1.02093697536584,1.38590780184778,2.0961255705787,2.37511882591073,2.64070158394894,3.00623939377862,3.13421887842278
"2017-03-09",0.658513072886566,0.737363674381267,0.850113184238609,1.05721960184817,1.40793937915008,2.10489428778803,2.38544738167144,2.6570584837884,3.03861958235854,3.17365091424744
"2017-03-12",0.667960053591446,0.745253392991422,0.85594363029827,1.05977280545403,1.40637416176821,2.09961198917034,2.37962670778162,2.65048774493182,3.02906065189396,3.16236962401284
"2017-03-13",0.68444147477628,0.760995317960294,0.870634233313855,1.07258813416074,1.41640623559295,2.1080015695953,2.39039124208103,2.66654567990837,3.05945256850654,3.19949588261118
"2017-03-14",0.681581389324278,0.756133939488981,0.862948300297831,1.05983432312178,1.39546443666378,2.07262293305276,2.3500966346268,2.62212874634523,3.01042791748508,3.14908923707856
"2017-03-15",0.688710028395075,0.750757467368132,0.841427683887915,1.01389569588016,1.32303430280852,1.99551052066218,2.28364497043384,2.56774294724007,2.96653066621274,3.10627635332411
"2017-03-16",0.675104639410873,0.744854855000006,0.845109045317721,1.0309462515056,1.35117801722126,2.0135583621195,2.29307522444293,2.57302740387672,2.98415091050409,3.13354626110538
"2017-03-19",0.678314522205678,0.746170457323811,0.84374927924403,1.02478187918261,1.33724660420772,1.9860281099,2.26104633348726,2.53741474250279,2.94514393880101,3.09374812194609
"2017-03-20",0.702285954647882,0.765668635823211,0.857014831170839,1.0271403525723,1.32296867273804,1.947948208528,2.21840159862866,2.49441902260426,2.91060782043652,3.0645526032868
"2017-03-21",0.739108895668263,0.787766942823774,0.86060976984676,1.00429616966288,1.27592624769629,1.91067320943241,2.19419694197203,2.47696431496393,2.87482159243499,3.01395753793366
"2017-03-22",0.729729880227094,0.778091141137882,0.850804231061558,0.995050292226301,1.26939417533316,1.9109758381379,2.19524653050442,2.47621734243997,2.86690357807608,3.00279050893171
"2017-03-23",0.734968921003695,0.784837537660893,0.859274874545793,1.00547078456004,1.28011206692778,1.91632123184952,2.19886345153002,2.47998774818001,2.87484601786053,3.01286352374225
"2017-03-26",0.740829460014795,0.790094516041466,0.863259563096733,1.00597166068026,1.27194781073791,1.88635173834453,2.16146344857919,2.4380844717917,2.8324303162318,2.97129740071342
"2017-03-27",0.751903927915188,0.801843244095108,0.875939301603832,1.020234045984,1.28836854402476,1.90384924814025,2.17756904388644,2.45151939130132,2.83999920000729,2.97647322304911
"2017-03-28",0.737265089121196,0.798034122807867,0.885626308047819,1.04880210993114,1.33268580974908,1.93312477884452,2.19331755300641,2.45914119151723,2.86056338395861,3.00920305697473
"2017-03-29",0.743451978609508,0.797567950713196,0.876827528534499,1.02823539776915,1.30206293048856,1.91175739518142,2.18069985158313,2.45167369675551,2.84226092036486,2.98092326036504
"2017-03-30",0.71248324553164,0.774891684836285,0.864796914774631,1.03211764629754,1.32266392230071,1.93448681429818,2.19821898469749,2.46658685963618,2.86954072977976,3.01815374762735
"2017-04-02",0.722476509756345,0.780798024619149,0.865019400493296,1.02243312714062,1.29803533484804,1.88971896138427,2.15073606246983,2.42106728277847,2.83754865182919,2.99401533650999
"2017-04-03",0.758491031834712,0.80971233574103,0.884354111563953,1.02596596121846,1.28028163565082,1.85072449203575,2.11057786564969,2.38230664178303,2.7985061830664,2.95228592452254
"2017-04-04",0.758697799688315,0.812756273531191,0.891026487569043,1.03799657593036,1.2976268418392,1.86696526400896,2.12461269036533,2.39681862193279,2.82912010847611,2.99539948513483
"2017-04-05",0.777707185803967,0.826441187783116,0.897645432746029,1.03335629050539,1.27919210532678,1.84153769054247,2.10346071474892,2.38189629377331,2.81822639560372,2.98186303877002
"2017-04-06",0.788430918982049,0.836753002242256,0.907561072060928,1.04311173045039,1.29018468188646,1.85834612035758,2.12202024529693,2.39984395091363,2.82708478273387,2.98484839780978
"2017-04-09",0.77265249544333,0.828509287801088,0.909250775852917,1.06042274959293,1.32598537203279,1.90064803230219,2.15657826928464,2.42360075740441,2.83956596060996,2.99715235028571
"2017-04-10",0.772048319831904,0.82589012812757,0.903802741057829,1.04995580304816,1.30764636582345,1.87015141186703,2.12330620853164,2.38960620667595,2.80968392349054,2.97039291503646
"2017-04-11",0.776811347173342,0.825917780586161,0.897170238889612,1.03146984401469,1.27046045404896,1.80378497767067,2.05029149065003,2.31515200090829,2.74721109584378,2.91714191605825
"2017-04-12",0.779025913604565,0.824509722100859,0.890811872539806,1.01675997041986,1.24400404650999,1.76464661155954,2.01076446360277,2.27789240560207,2.71484780743645,2.88518523406053
"2017-04-13",0.777171215050467,0.823450159350485,0.890714894492603,1.0178826019566,1.2455142997888,1.7607124979004,2.00295515370001,2.26687156777008,2.70732514977003,2.88406707021155
"2017-04-16",0.785311897850209,0.826853384604193,0.887664439196931,1.00407176787824,1.21739564676857,1.72601892717817,1.97830076888886,2.26147103912094,2.72562100570369,2.86961222851388
"2017-04-17",0.780285043579853,0.825415030207522,0.891077216433147,1.01544134423301,1.23884291744552,1.74880313635909,1.99108679314219,2.25730436760749,2.70800721943738,2.89124410099216
"2017-04-18",0.779092054165862,0.819040881379864,0.877889550894761,0.99160331188727,1.20264739259866,1.70921415441216,1.95644814418377,2.22733778108122,2.66827155862058,2.83752671939642
"2017-04-19",0.777169106184246,0.818288628277697,0.878934964377915,0.996314476586782,1.21452665517867,1.73729124287676,1.99037500443703,2.26495816799431,2.70383655703501,2.8698418140866
"2017-04-20",0.741540937167144,0.788861669265314,0.857821366667781,0.988730860975163,1.224508574339,1.76117669711509,2.01217189226963,2.28170699216784,2.71408530446718,2.87978094003303
"2017-04-23",0.774806910715689,0.819219506542626,0.884346215564794,1.0092227885537,1.23778494919355,1.77075617018411,2.02324366543663,2.29421798029409,2.72311529036254,2.88474583266099
"2017-04-24",0.773122498466348,0.821565448882641,0.892055977691938,1.02557148295502,1.26529288064645,1.80973996131772,2.0649520749236,2.33962894297109,2.77314918165531,2.92607096214519
"2017-04-25",0.778675486971136,0.830246274340203,0.904997948410084,1.04563826332395,1.29503655130622,1.84693680455245,2.09945239470021,2.36857266324228,2.80188779411973,2.97044354315346
"2017-04-26",0.767021614636334,0.818483849057378,0.893065315243057,1.03334261276744,1.28195034557495,1.83132583668844,2.08225804266707,2.34932769585119,2.77841329031572,2.94502455751415
"2017-04-27",0.766943298160158,0.817647856878722,0.891184399520316,1.02967328937888,1.27571991816787,1.82266382232713,2.07428039021302,2.34361405001683,2.78030657421219,2.95117289533708
"2017-04-30",0.755483700396084,0.807870643388506,0.883741178973013,1.02627339058048,1.27829664921894,1.83217100621278,2.08348660262549,2.34956072652709,2.77351401103715,2.93701611207763
"2017-05-01",0.78328360444603,0.833632084634946,0.906691522588846,1.04441299379038,1.28954812387346,1.83688027465473,2.09002707665496,2.36216595384936,2.80647893420483,2.98135833550728
"2017-05-02",0.814887666928243,0.862311658346995,0.931236949954835,1.06153155400394,1.29471709225673,1.82224897664708,2.07015599005872,2.34012389491245,2.79034467573723,2.970886296891
"2017-05-03",0.802528797140656,0.854412690298099,0.929551279715637,1.07069717139374,1.32023062178811,1.8684313770232,2.11706219882891,2.38020139529562,2.7992472874836,2.96078452851603
"2017-05-04",0.803134866875729,0.856098982954921,0.932767051961471,1.07667020631564,1.33068270603232,1.88666059652128,2.13769466475428,2.40244176875072,2.82173285278727,2.98264910583364
"2017-05-07",0.807278837472979,0.861658093452216,0.940276763858205,1.08751710677055,1.34631869886421,1.90709782512598,2.15724555255027,2.4185610070898,2.82640903723452,2.98114606481579
"2017-05-08",0.826571099461345,0.880203672137807,0.957808925486767,1.10337023871928,1.35996571813485,1.91981220954731,2.17162525903209,2.43639390336488,2.85376396244226,3.01334876411567
"2017-05-09",0.811727652391136,0.867671714346569,0.948495957656363,1.09967952410331,1.36477712679068,1.93595767106826,2.18901899280146,2.45198565740594,2.85914715762879,3.01268578343627
"2017-05-10",0.800428863665442,0.857278700804285,0.939370297467783,1.09278836703456,1.36134428993606,1.9376442889794,2.1917396850793,2.45479430468737,2.85981795375694,3.0119112223458
"2017-05-11",0.801953952975606,0.856462526477376,0.935295186487337,1.08302575067673,1.34299292496336,1.90786105522955,2.16067406316867,2.42546166153657,2.8403717882233,2.99827269848479
"2017-05-14",0.811565240888419,0.861775397356314,0.934599276961404,1.07176057713596,1.31549859223732,1.85757686628383,2.10710324021127,2.37432654289967,2.80792804955057,2.97769428602581
"2017-05-15",0.822554945343156,0.872297050227015,0.944471537295217,1.08050796011077,1.32258563518819,1.86277955773543,2.11245015995488,2.38070082051574,2.81826491141346,2.9903523136296
"2017-05-16",0.819605626196143,0.86701045803649,0.935894003483661,1.06606317041772,1.29886269279889,1.82464164202947,2.07122353758039,2.33930433054773,2.78514879804948,2.96349469890951
"2017-05-17",0.834699525722603,0.87745038825095,0.939723562516284,1.05791274101032,1.27107622119588,1.76242636282153,1.9986549685451,2.26077826771655,2.71207259291568,2.89847789222079
"2017-05-18",0.827974885235916,0.872552875196168,0.937381249057856,1.06006324244341,1.28008444716044,1.78035424256364,2.01689742285516,2.2757863492256,2.71117543467153,2.88710540626182
"2017-05-21",0.820429856855836,0.867363048999439,0.935488562340756,1.0639824293356,1.29294560667855,1.80552488906387,2.04336008859199,2.29970052175228,2.71998278188561,2.88600492638167
"2017-05-22",0.842665019938486,0.888597247512269,0.955317548754109,1.08132052102686,1.30639751923426,1.81326142048868,2.05013583265975,2.30692563961587,2.73197006862439,2.9012792507697
"2017-05-23",0.873267704783246,0.917787872851183,0.982525639718167,1.10501431696856,1.32461273022228,1.82350354671812,2.05915469219597,2.31685229937919,2.74963033339809,2.92428134716328
"2017-05-24",0.864302290764736,0.907707269447865,0.970878415040778,1.09058754778095,1.30584736281248,1.7984415949462,2.03318207222087,2.29175345707455,2.73136695624621,2.91080019991157
"2017-05-25",0.871131359892496,0.914700165818434,0.978084991151205,1.09811596569673,1.31366445960742,1.80531634292276,2.03868083488998,2.29489876433162,2.72810051043248,2.90400726568936
"2017-05-28",0.859656785056377,0.904398270968532,0.969427640327004,1.09236683175755,1.3124209839918,1.81042286214203,2.04455362798733,2.29960903539104,2.72520958178278,2.89596806250927
"2017-05-29",0.87375044534656,0.916488019153433,0.978684123382316,1.09653310474935,1.30840449639526,1.79300361850686,2.0237941664864,2.2778875354781,2.70951944730285,2.88555462050172
"2017-05-30",0.926421594437363,0.964298497786349,1.01959312846005,1.12494672153939,1.31640552049501,1.76595481047221,1.98702307040731,2.23701002664299,2.68200218515644,2.87194686975933
"2017-05-31",0.898404207392674,0.938398553702715,0.996687193969888,1.1074176530738,1.3074928272259,1.77072083370962,1.99463627110713,2.24421730091049,2.67729182907933,2.85752519890778
"2017-06-01",0.910946099428283,0.949610634803379,1.00600556676064,1.11328831509863,1.30766191929161,1.76068183012004,1.98144354324957,2.22918239370816,2.66420809594723,2.84737976753968
"2017-06-04",0.923801402907694,0.960964997973831,1.01519028006675,1.11841172191734,1.30566074029917,1.74340800890237,1.95752412834137,2.19855966245902,2.62417438652282,2.80437896713244
"2017-06-05",0.92366763749614,0.960912998137167,1.01527281095953,1.11880180566199,1.30679083429739,1.74731024007602,1.96340777523594,2.20726874215629,2.63975180040428,2.82366719597954
"2017-06-06",0.933128334551203,0.969158939882562,1.02177939228084,1.12210939277321,1.30469268516766,1.73486520293715,1.9472894918397,2.18835176509277,2.62019418548843,2.8057248854749
"2017-06-07",0.930221263710086,0.967747821139987,1.0225038667247,1.12673959199605,1.31584249814518,1.75800324875122,1.9743256954237,2.21788997316331,2.64811118833492,2.83032594094577
"2017-06-08",0.945712082400406,0.983098231121965,1.037651860409,1.14151056327381,1.32995884972711,1.77075682176635,1.98651309406194,2.229535296783,2.65909927966491,2.84116327045642
"2017-06-11",0.942793627325842,0.981568002683502,1.03808799852957,1.14549015095649,1.33966261959787,1.78985098534788,2.00783385387264,2.25114753956049,2.67439581826969,2.85096535212571
"2017-06-12",0.963602234264368,1.00128933593541,1.05626397833562,1.16086295925032,1.35043811409914,1.79263857840964,2.00834512668641,2.2506160842301,2.67667853124184,2.85634355878899
"2017-06-13",0.982209741330541,1.01731784088263,1.06862522567041,1.16656752661047,1.34521783775791,1.76851611003343,1.979003030492,2.21928130439936,2.65435801961964,2.84336143282323
"2017-06-14",0.967408128709848,1.00233109839321,1.05331410784866,1.15045501628793,1.32699708824255,1.74156845153426,1.94546431747237,2.17605939956349,2.58661853692599,2.76190250194767
"2017-06-15",0.96535397483591,1.0019961816961,1.05541048604682,1.15691877640369,1.34046294023554,1.76616334937915,1.97238007629084,2.20264528682202,2.60345465552799,2.77076885828992
"2017-06-18",0.952587374244417,0.989882533264632,1.04423069233284,1.14745312740535,1.33388380485666,1.76507908584387,1.97324978476887,2.20503920480554,2.60650920016839,2.77329441247783
"2017-06-19",0.958272536038602,0.997143506212535,1.05368151107353,1.16070546619926,1.35275231517435,1.79000540630288,1.99709202000326,2.22404707962563,2.60659848369598,2.76150005936995
"2017-06-20",0.964662919840915,1.00228309048641,1.05701739895793,1.1606793718972,1.34687598643192,1.77181630311443,1.97365354775166,2.19538108955183,2.57062445794767,2.7231304319677
"2017-06-21",0.915389444028926,0.957428709108363,1.0183641418037,1.13300900579742,1.33630560155328,1.7861660487555,1.99198338677254,2.21132523098017,2.56446714541381,2.7018284312001
"2017-06-22",0.927325907481067,0.967598583002477,1.02604902114627,1.1362708563435,1.33259381816303,1.77166517309129,1.97514784085104,2.19425015959417,2.55291174144157,2.69439871032716
"2017-06-25",0.918918233506576,0.959598203317019,1.01862512185838,1.12988516073566,1.3278886610049,1.76981484524185,1.97411412852328,2.19365751107228,2.55187882266913,2.69279828474005
"2017-06-26",0.964654978960677,1.00342541076707,1.05973088263297,1.16602595133676,1.3557631532831,1.78230792317313,1.98123010746945,2.19651128297652,2.5518545819523,2.69305046940033
"2017-06-27",0.964935091488497,1.00628961642718,1.06625971311824,1.17917890659133,1.37972664054443,1.82515512775853,2.02986191876191,2.24880401317114,2.60332729118997,2.74188907213874
"2017-06-28",0.955565421356653,0.997794413561118,1.05904058301994,1.17438907225115,1.37934267543719,1.83504307701742,2.04474141394501,2.26925454428595,2.63340423674709,2.77592888912557
"2017-06-29",0.952939112832173,0.997781596523465,1.06270996403156,1.18463370464717,1.40003879401436,1.8725036706977,2.08637058405713,2.3123709972971,2.67141285937464,2.80955149589934
"2017-07-02",0.973622538064389,1.01990385665671,1.08685366977354,1.2123682652937,1.4334187486201,1.91464355106032,2.13051584607941,2.35701938386842,2.71291881935397,2.84865407058341
"2017-07-03",0.986580416348263,1.03342541956497,1.10115454703921,1.22801069757333,1.4510179997222,1.9344146507484,2.15013955004033,2.37557298895174,2.72760244336656,2.86121588341535
"2017-07-04",0.995354388864579,1.04047974040045,1.10580123678109,1.22840865293445,1.44483535924005,1.9185703954788,2.13248354004394,2.35809294329041,2.71542715369479,2.85257385296624
"2017-07-05",1.00022751915019,1.04463435805773,1.10908112230258,1.23057725613811,1.44673015609732,1.92683549508809,2.14579200873147,2.37620410130924,2.72732856830063,2.84891805312527
"2017-07-06",0.981607743758277,1.02650990974234,1.09198800331925,1.21633858197552,1.43993938558742,1.94160342129186,2.16950531577238,2.40688074266784,2.76775207397015,2.90032686588512
"2017-07-09",0.97431817866463,1.02063869211172,1.08792930997188,1.21496776580175,1.44137074597107,1.94417366723867,2.17266753005713,2.41270126773174,2.7855213723768,2.92513279245139
"2017-07-10",0.992201186656685,1.03546668527496,1.0985842575107,1.21858458691795,1.43507955621816,1.92709413647879,2.15529169149184,2.39763862911942,2.77785500139869,2.9207592503315
"2017-07-11",0.970163893079215,1.01482177396925,1.07962002231639,1.20175630254606,1.41910821833746,1.90417845854691,2.12840055848491,2.36933395682789,2.76240526111227,2.91701684589191
"2017-07-12",0.99587057245813,1.03152951786499,1.08475125596703,1.18957790024392,1.38914440095032,1.87750074422222,2.1125349128938,2.36234423928075,2.74494499840773,2.88494643611883
"2017-07-13",0.974434120134252,1.01704946325438,1.07913612473542,1.19695929756624,1.40911930608881,1.89270843314845,2.1198035533582,2.36490379180753,2.76212121207406,2.91578593990672
"2017-07-16",0.981679946214687,1.02199810437334,1.08088575805377,1.19312615462724,1.3968868168231,1.86982546982073,2.09639777104299,2.34453923504745,2.75528002294892,2.91666071399669
"2017-07-17",0.993578380216465,1.03310601092471,1.09067727580843,1.1999198229248,1.39686735127059,1.85039160441162,2.06817235559728,2.30958443780315,2.72450404484214,2.89560281104295
"2017-07-18",1.0357010389519,1.0665986846448,1.11273471936053,1.20380386157234,1.37857734788986,1.82014186389644,2.04299300202574,2.29001075836249,2.69323311267107,2.84723869329589
"2017-07-19",1.03917365299753,1.07148911164043,1.1194061317876,1.21298631933334,1.38976248742425,1.82744713163459,2.04658412255409,2.29002235120137,2.69195782495622,2.8473287914268
"2017-07-20",1.04647469626491,1.07638052803849,1.12110693045666,1.2096068635697,1.38004881908842,1.81259611070562,2.03130575675661,2.27367608466733,2.66857540957398,2.81910400045227
"2017-07-23",1.07422518669279,1.09951350836534,1.13819582515181,1.21729813426421,1.37676109483767,1.80382664762785,2.02436016049393,2.26813360694884,2.65796463210138,2.80383196985784
"2017-07-24",1.07254472639795,1.10394215611168,1.15022787188834,1.23994183599036,1.40838481846781,1.83432289918018,2.06062566304532,2.32831547042263,2.77882636342737,2.83679448849574
"2017-07-25",1.04016026119256,1.0773297478998,1.1317509369254,1.23591166725245,1.42645014735509,1.87588486035482,2.0948074935207,2.33732824337761,2.74504664536019,2.90697666212156
"2017-07-26",1.05829311904538,1.08637278093934,1.12905270358079,1.21553084995727,1.38766454741874,1.84147823185812,2.0739548531903,2.33043565028474,2.74075829876399,2.89451715372533
"2017-07-27",1.01357870556752,1.05215750338777,1.10841070896406,1.21536759644523,1.40895247404609,1.85900890222984,2.07765808331503,2.32239928698808,2.75022648048319,2.9295666790564
"2017-07-30",1.02735781432681,1.05992672028451,1.1083707587411,1.20343579698723,1.38431058417987,1.83633211607469,2.0634892244649,2.31556634490402,2.72946390220467,2.88851074003687
"2017-07-31",1.0181323931749,1.05549658949312,1.11000334592904,1.21372269283209,1.40174103503916,1.84052323924592,2.05468951340773,2.29535048877653,2.71895532834819,2.89774067210151
"2017-08-01",1.05383914068522,1.08414190663855,1.1292831500536,1.21810410534082,1.38797974975815,1.81788687474709,2.03714980917814,2.28337055707029,2.69503963138474,2.85534465652814
"2017-08-02",1.02421006191232,1.06070709203602,1.11393754756077,1.21519017654815,1.39860254476642,1.8258713037908,2.03396267973039,2.26736861239643,2.6768720162966,2.8491500812587
"2017-08-03",1.03088791128043,1.06335625354682,1.11109670403993,1.2032049795557,1.3745971060947,1.7985952675444,2.01815952070067,2.27280193491898,2.69870649851341,2.79390014231836
"2017-08-06",1.01843338318845,1.05561040680047,1.10985064870308,1.21307126106014,1.40012766863764,1.83521473785326,2.04592030130192,2.28030234886874,2.68261073107441,2.84706934358629
"2017-08-07",1.02899813431462,1.0631822193538,1.11351042279006,1.21070417209485,1.39112357419959,1.8267302314661,2.04200169605849,2.28106581712868,2.67989176414806,2.83618355259379
"2017-08-08",1.02144581860681,1.05563964140769,1.10599140653443,1.20326386957772,1.38395853471413,1.82107928293335,2.03764886418931,2.278684478474,2.68226568115288,2.84088815356254
"2017-08-09",1.0188729529727,1.05455597113117,1.10661719604942,1.20570653576785,1.38541490681127,1.80527802824049,2.01049345417309,2.24136439932768,2.64857615400626,2.82079658552633
"2017-08-10",1.01518967776565,1.04856840403155,1.09752436854286,1.19151478404485,1.36449056762443,1.77857915043803,1.98393921244579,2.21483443959312,2.61263618513746,2.77395948551373
"2017-08-13",0.997582430712929,1.03081743402347,1.07958588393271,1.17334213471795,1.34661847621986,1.76872520059121,1.98391489954527,2.23155253424213,2.65800745237059,2.79706075601447
"2017-08-14",1.00468384157596,1.03854587329426,1.08828168519889,1.18405564276602,1.36160482351612,1.79688686739992,2.01994209798304,2.27659934147119,2.70466470657346,2.81319992679459
"2017-08-15",1.01248417901838,1.04999391392141,1.10465078579954,1.20844616164515,1.39586457930423,1.82908000556717,2.0380703890209,2.2706284350037,2.67299647395222,2.83998142071951
"2017-08-16",0.994130874710441,1.03029191593045,1.0830306574737,1.18334230508968,1.36503016075456,1.7881679978097,1.99417987675312,2.22518970918502,2.6302920493487,2.80063650229333
"2017-08-17",0.993604852679631,1.02809077725949,1.07850334862265,1.17477798721684,1.35047170303434,1.76635104830104,1.97207352680587,2.20465483993746,2.61048456850564,2.77297186614268
"2017-08-20",0.974485063492037,1.01163846414078,1.06577294151652,1.16856560818507,1.35413601133831,1.78286916692971,1.98957321394636,2.21947218919747,2.61689375774579,2.78168739125373
"2017-08-21",0.996020130406959,1.02992633702819,1.07958709706912,1.17474449153151,1.34949069398277,1.768713805197,1.97868162366692,2.21711582740221,2.6234546841094,2.76522014371533
"2017-08-22",0.997219315917691,1.03308826487272,1.08539301274371,1.1848522104526,1.3649009608379,1.78368169755707,1.9872514475215,2.21522169105954,2.61406413226767,2.78139133903727
"2017-08-23",1.01220853545232,1.04443736069778,1.09171899091466,1.18258137075025,1.35038087975332,1.75836980648658,1.96587733800882,2.20419962118334,2.61332945713415,2.74692613675292
"2017-08-24",1.0009332920042,1.03645323646137,1.08824346234458,1.18670539882401,1.36488227861946,1.77893202863253,1.97997813882762,2.20491242440876,2.59779783794156,2.76235975987747
"2017-08-27",1.01733278223243,1.05140440045246,1.10112581099218,1.19579958769171,1.36763378540687,1.76986528348569,1.96692155785481,2.18904863627025,2.58220817518446,2.74906811561358
"2017-08-28",1.01864602167989,1.05102945538345,1.09836852699545,1.18878153664184,1.35386187162463,1.74596187455066,1.94151931088329,2.16532526153668,2.57247071765635,2.7502061907041
"2017-08-29",1.00111363925456,1.03350209655771,1.08085080397706,1.17128999355405,1.3364458460405,1.72888699799184,1.92471354742631,2.14892415343965,2.55712794089676,2.73547297175832
"2017-08-30",0.992903365361545,1.02610097887867,1.07459768318001,1.16711131010432,1.33563452021349,1.73363198120346,1.93074490924896,2.15498888761802,2.55851576270676,2.73268639419153
"2017-08-31",0.992255882608424,1.02602768805745,1.07532976388363,1.1692665958719,1.33998105107067,1.74084116097303,1.93797767103387,2.16091317551432,2.55778679114894,2.72720708098671
"2017-09-03",1.01836146055614,1.05144209743983,1.09978778954568,1.19208070963646,1.36044161360541,1.75944877299415,1.95791102723117,2.18451544140999,2.59500689802598,2.77340909574272
"2017-09-04",1.10268474964584,1.11996688720837,1.14692588041294,1.20378529296422,1.32437001362435,1.68032266150025,1.88253091431486,2.12225103709995,2.54589585741663,2.71564276500272
"2017-09-05",1.17291817581154,1.17378636177496,1.17972508772225,1.20539195430189,1.29429750179351,1.65409951708537,1.87224215975122,2.12324209686275,2.52790560243575,2.6777971948965
"2017-09-06",1.0402800021221,1.06847149114168,1.10981985163903,1.18925924258975,1.33598922188807,1.69460085554618,1.87985074700716,2.09839822952937,2.51937884970552,2.71503027853665
"2017-09-07",1.00533372906963,1.03356148053156,1.07494782064696,1.15440822175436,1.30098925944958,1.65809975803935,1.84185285229422,2.0578934724813,2.47130887969619,2.66201334573305
"2017-09-10",1.04156422087835,1.06811494296966,1.10729974348323,1.18340723835438,1.32691838126849,1.69440073723982,1.89344518318251,2.13453935171273,2.58068175061441,2.70221037091082
"2017-09-11",1.03057209099259,1.06115156032524,1.10601630672959,1.19224855388581,1.35158459756119,1.7401299625658,1.93909790762089,2.17012565535637,2.58641587813633,2.74827320496253
"2017-09-12",1.03051629275287,1.06380696037542,1.11243586067294,1.20518899361929,1.37410345569207,1.7727642590276,1.97004761148848,2.19433285043506,2.59743675097988,2.77120381593627
"2017-09-13",1.04179441077106,1.07508585500169,1.12371908130664,1.21649127617936,1.38547886473451,1.78453461539472,1.98214833247643,2.20693945043733,2.61137710792602,2.78590790369826
"2017-09-14",1.03380198592397,1.06887819599073,1.12001004883998,1.21718193555623,1.39288921882059,1.80043627010787,1.99787280068174,2.21834658635028,2.60215129785794,2.7623828377286
"2017-09-17",1.01491840085476,1.05305565396519,1.10849810682342,1.21335320232177,1.40117743318655,1.8270030911246,2.02763777257456,2.24659287142193,2.61304225366853,2.76046346772721
"2017-09-18",1.03521118658606,1.07324394275338,1.12855556711959,1.23323391410907,1.42098767479068,1.84800408357616,2.04997651718351,2.27108789438895,2.64311151696913,2.7934990094926
"2017-09-19",1.05136970735454,1.08879454867433,1.14325730266669,1.24644739296906,1.4319445860205,1.8561083551203,2.05805196491607,2.28032720560091,2.65774020020882,2.81159881667761
"2017-09-20",1.04240707016329,1.08302150669945,1.141935935348,1.25292593307428,1.45024896931672,1.88958925933133,2.09209729773025,2.30920285188646,2.66209829866051,2.80047130645023
"2017-09-21",1.02055886156645,1.06297706434108,1.12440645040109,1.23979687272002,1.44378637511382,1.89187623549039,2.09507252487805,2.31010058471363,2.65246673730846,2.78442501077547
"2017-09-24",1.03067047562879,1.07145874499989,1.13058672581015,1.24185049688494,1.43921837310417,1.87631339650563,2.07648625477261,2.28997933389184,2.634132327299,2.76813596840198
"2017-09-25",1.04165313109568,1.08033250744466,1.13648467014385,1.24241993821496,1.43127148860521,1.85451308706885,2.05115503074687,2.26332285305761,2.61178708907837,2.74964726362233
"2017-09-26",1.04646911858296,1.08687213595692,1.14545054448558,1.25570979111739,1.45139757333244,1.88531110086459,2.08432591540258,2.29683867564409,2.64006745835038,2.77392507461344
"2017-09-27",1.03546777047862,1.07813556126844,1.13998019599412,1.25632952930036,1.46262761741605,1.91901892554464,2.1277629232973,2.35017172283353,2.70811840484637,2.84730562386694
"2017-09-28",1.02773624893353,1.0702601494882,1.13193267359782,1.24807960699896,1.45443629893003,1.91317337757512,2.12422290888682,2.3501431203239,2.71647202858408,2.85981555526561
"2017-10-01",1.01151926608175,1.05884866636572,1.12717932983942,1.25483605849817,1.47814862263687,1.95660930511567,2.16717045492272,2.38484054595381,2.71926563982103,2.84464787058586
"2017-10-02",1.03380254242961,1.07844850035002,1.1430472321382,1.26420251425776,1.47774036172998,1.9434628581135,2.15284248594712,2.37291404491013,2.71962944310408,2.85213952012371
"2017-10-03",1.05030005861458,1.0928442993438,1.15450134129164,1.27046943128515,1.47599434778341,1.93016190485331,2.13760528814597,2.3583878809536,2.71310295105754,2.85083540772854
"2017-10-04",1.06172766792235,1.10394047221811,1.16512994626806,1.28026107900422,1.48444848841655,1.93643086251529,2.14330229474687,2.36383817403415,2.71908326402543,2.85732100487441
"2017-10-05",1.06131261170077,1.10499835704311,1.1682619791112,1.28709322611726,1.49714958925784,1.95848287756521,2.16763910728945,2.38893594128383,2.7411877388547,2.87692635063134
"2017-10-08",1.0653874287965,1.10976241744899,1.17399192969487,1.29453049991319,1.5072397334981,1.97249661038621,2.18239598049199,2.40361813951242,2.75362485179765,2.88784314739223
"2017-10-09",1.08087827925459,1.12420591342236,1.1869535022074,1.30482398082252,1.51321116041429,1.9710311687211,2.17867818637619,2.3984482943942,2.74844506006712,2.88336956438736
"2017-10-10",1.09204468003689,1.13458702073499,1.19620999166306,1.31200992289683,1.51688034481802,1.96772798844992,2.17262610136591,2.38983395316908,2.73661991149349,2.87058000686529
"2017-10-11",1.07587155640757,1.11974130896505,1.18320570696434,1.30219632597599,1.51179224358931,1.96826235635461,2.17312826650899,2.38816431434813,2.72624104874899,2.85523775088601
"2017-10-12",1.07593780198091,1.11857461190744,1.18027217686144,1.29600583268668,1.50005453623714,1.94542636667075,2.14584381294472,2.35665015247931,2.68914525451437,2.81633461823161
"2017-10-15",1.07340590413535,1.11614088777638,1.17794001260838,1.29373007544787,1.49742217655963,1.93966269693041,2.13740378676313,2.3443568684484,2.66827441914753,2.79143777133043
"2017-10-16",1.07941905304537,1.12393073956958,1.18816451101582,1.30807217029632,1.51750851525356,1.96462491918417,2.16054458642895,2.36240855732918,2.67103331649897,2.78632701787704
"2017-10-17",1.07893120680089,1.12509598936941,1.19159346595759,1.31532678026737,1.53010581246581,1.98199009507761,2.17657862647166,2.37443373022552,2.6711837156611,2.78054401336416
"2017-10-18",1.08605898267529,1.13249625802642,1.19941406076744,1.32402078792801,1.54062123303606,1.99784460863999,2.19550925710131,2.39709076193075,2.70071855484631,2.81294427989473
"2017-10-19",1.09721866755552,1.14162889355242,1.2057561139966,1.3255963065283,1.53535816663518,1.9854071402866,2.18379325240661,2.38913907916065,2.70522809327594,2.82390236987811
"2017-10-22",1.08480642996552,1.13350253570409,1.20361962374804,1.33400084070972,1.56002865102108,2.03415355142072,2.23758999934317,2.44388588799589,2.75211720579872,2.86541234009178
"2017-10-23",1.09652889535156,1.14367797530073,1.21165467026372,1.33834208361322,1.55892434481581,2.02636371324412,2.22938363624888,2.43715522604418,2.75169545778451,2.86836933511778
"2017-10-24",1.08798722716894,1.13773210221133,1.20936481208872,1.3425823453971,1.57358734675634,2.05844733335645,2.26664058125841,2.47787476595363,2.79372673418829,2.90988357580908
"2017-10-25",1.08234102829133,1.1336909373485,1.20755342085156,1.34465116511616,1.58149860007317,2.07431263325339,2.28374093066819,2.4945898030403,2.80646130741931,2.92032148135741
"2017-10-26",1.07457868296367,1.12727822987779,1.20301102604758,1.34334845239775,1.58502544993761,2.08419950752152,2.29448527844789,2.50483306841506,2.8132066974051,2.92514026439112
"2017-10-29",1.07676748834056,1.12605926864337,1.19703243746633,1.32900019090734,1.55776064747409,2.03753066770891,2.2433448590259,2.4520180783028,2.76372992704604,2.8782864921307
"2017-10-30",1.10494479459744,1.15113367181774,1.21775263436504,1.34199723656616,1.55862018639782,2.01913487474037,2.2199107300516,2.42598243843638,2.73926618711537,2.85582341302746
"2017-10-31",1.14815865270366,1.19222115906193,1.2558296021585,1.37464531663495,1.58242846936986,2.02729509729965,2.22290265547178,2.42497945440968,2.73513986849586,2.85133966288998
"2017-11-01",1.12399339584569,1.17081599066618,1.23819944729086,1.36337973371677,1.57999915060526,2.03247553327382,2.22565046957532,2.42080530392874,2.71085086089119,2.81708094509737
"2017-11-02",1.13422545435261,1.17970577610876,1.24517912595149,1.36688164574089,1.57771830567909,2.01926428080535,2.20835790651303,2.39983298721602,2.68533792395518,2.79013449763278
"2017-11-05",1.15065307770583,1.19511138906323,1.25913770770074,1.37822995651383,1.58480966308306,2.01873935367433,2.20523590998141,2.39458787258615,2.67799868127464,2.78229513969142
"2017-11-06",1.1741780927685,1.21617551979429,1.27674134840296,1.38967138667163,1.58648173891498,2.00445115546787,2.18645629206193,2.37308895637329,2.65643738114226,2.76175542954455
"2017-11-07",1.18849663601402,1.23094847418403,1.29208598067381,1.40580749998621,1.60307974860173,2.01750153980835,2.19563586183659,2.37651437373377,2.64727845769206,2.74692993516151
"2017-11-08",1.18786582089186,1.23206745967791,1.29561613301457,1.41346686912386,1.6167211460144,2.0379854924758,2.21617795389973,2.39496207991717,2.65814961759384,2.75393685498469
"2017-11-09",1.187646389271,1.23217546686357,1.29624249042489,1.41521010981279,1.62090715746502,2.04973479809259,2.23239085096181,2.41660111148805,2.68972133966791,2.78959164562028
"2017-11-12",1.19080906305348,1.23710453299622,1.30368720061358,1.42724188875194,1.6405903308253,2.08401507588066,2.27220559491375,2.46148669146083,2.74107629808518,2.84305957150424
"2017-11-13",1.21273017656881,1.25875286737592,1.32488603467044,1.44741997342993,1.6583884532083,2.09390137394774,2.27725214602028,2.46057120810187,2.72914902340562,2.82659780667671
"2017-11-14",1.21064996395626,1.25611966267674,1.32139920976208,1.44215941114968,1.64944095485134,2.07433237134385,2.25172277518338,2.42799927101226,2.68412863200752,2.77657651006442
"2017-11-15",1.22392776058175,1.26965441064599,1.33515159926275,1.45582394620422,1.66135187510652,2.07518148074473,2.24435011722421,2.40991949048951,2.64573635819464,2.72983922974031
"2017-11-16",1.23099124640495,1.27716132596439,1.34332605830314,1.46533325369148,1.67347717405058,2.09416092181536,2.2668973046536,2.43649645908033,2.67904545165013,2.76575626603618
"2017-11-19",1.22538634929835,1.27345886055605,1.34210166394967,1.46787853527048,1.67987076824855,2.09665394867221,2.26234188446633,2.42136017258591,2.64237783391363,2.72014809695246
"2017-11-20",1.24078077112242,1.29183862356938,1.36442276413044,1.49639569339533,1.71557889941115,2.13245428234733,2.29194851431098,2.44111708307623,2.64230550515562,2.71206362863673
"2017-11-21",1.26079785925169,1.30989163497639,1.37972449022342,1.50682515039597,1.71832727832438,2.12234479247258,2.27769305070174,2.42346345735888,2.62079524470222,2.68933221629495
"2017-11-22",1.27266920382126,1.31514999583664,1.37604757173238,1.48840649368365,1.68030067050799,2.06911944748679,2.22924542909547,2.3867977014234,2.61274126677553,2.69364732414514
"2017-11-23",1.26025328069427,1.3056424135289,1.3705020488749,1.48950275757806,1.69057612705853,2.08814309885016,2.24724113645995,2.40063680129583,2.61503647570974,2.6907022756594
"2017-11-26",1.25554553657723,1.30241434916372,1.36930592600362,1.49176968153194,1.69784317685091,2.10150349436349,2.26128980315097,2.41419306881544,2.62595793778043,2.70033490354266
"2017-11-27",1.27028287872495,1.3136266400992,1.37574857749575,1.49032522197081,1.68587211867385,2.08146516956806,2.24407785016288,2.4038632328204,2.63261169254086,2.7144382504841
"2017-11-28",1.28232080246882,1.32636069270323,1.38940831615369,1.50545916713577,1.70276322943876,2.09841299375035,2.25937553484069,2.41637675066849,2.63901715187092,2.7182225128402
"2017-11-29",1.25356611405693,1.30313825197157,1.3738580190196,1.5032340217587,1.7206304655762,2.14510664056601,2.31250774514586,2.47228914756232,2.6929050041398,2.77026944434281
"2017-11-30",1.25244750906028,1.30504113651477,1.37976131827814,1.5154678838836,1.74037967996903,2.16615443208792,2.32818181406636,2.47918710623626,2.68206033656147,2.75227902990363
"2017-12-03",1.25198034303919,1.30933066030002,1.39027463937146,1.53560608471015,1.77129754930916,2.1966664474284,2.35001193551017,2.48813703056446,2.6672728304922,2.72839548976698
"2017-12-04",1.28006644891566,1.33463808922039,1.41162998588244,1.54977093784495,1.77351222635865,2.17618210151077,2.32088915098739,2.45098569003492,2.61939938466574,2.67682538924483
"2017-12-05",1.26445354846445,1.32333817526674,1.4058602812842,1.55220800921329,1.78411565014563,2.18236446497173,2.31826698328933,2.43684370050863,2.58625081839796,2.63674949685599
"2017-12-06",1.26368673414768,1.32111353175416,1.40177206065013,1.54536949622804,1.7745726968106,2.17428668220632,2.31300567415433,2.43519170045525,2.59040908728008,2.64300123359349
"2017-12-07",1.25464777104628,1.31146486932029,1.3915089063023,1.53476471112566,1.76569335909468,2.17705591173627,2.32320604780923,2.45370556684252,2.62155054965999,2.67865278672277
"2017-12-10",1.26617484224126,1.3223364968708,1.40154255093964,1.54356526611474,1.77331674775294,2.18572410798915,2.33349865883252,2.46612013158758,2.6375141870291,2.69592143767137
"2017-12-11",1.30347518445472,1.35689498350614,1.43239594302578,1.56828248846617,1.78966211727715,2.19318545319226,2.34028442606552,2.47368683866576,2.64785689312363,2.70743267534649
"2017-12-12",1.28576600967733,1.3416639416098,1.42040640421434,1.56131203975299,1.78838943671656,2.19265030802743,2.336182154783,2.46429350879517,2.6290065694785,2.68503627642338
"2017-12-13",1.31238848029437,1.35981679207536,1.42721134552526,1.54965373830326,1.75271003034636,2.13764989423294,2.28437322324411,2.42125936110826,2.60537704457927,2.66913714487008
"2017-12-14",1.30644540218979,1.35997168777194,1.43532233888279,1.57000002020624,1.78656168550143,2.1702689745119,2.30578479233741,2.42636501429621,2.58094794157697,2.63348029430229
"2017-12-17",1.3090383875346,1.36808434651179,1.45057596314327,1.59608354124152,1.82435375547461,2.20814555985029,2.33615178161788,2.44645858905621,2.58403854020407,2.63040799556983
"2017-12-18",1.32879869373429,1.38305017581681,1.45951054610412,1.59644859720182,1.81748410818928,2.21234602886707,2.35307837665371,2.47897632100261,2.64118801565385,2.69640723243029
"2017-12-19",1.32739982656846,1.38458768829443,1.46516116551501,1.60938666534952,1.84194554928471,2.25646997505966,2.40384519210716,2.53549231327211,2.70487778381846,2.76251161454895
"2017-12-20",1.31370055034849,1.37213548643465,1.45455782827954,1.60237957468131,1.84160963601127,2.2714113027019,2.42557112531029,2.56400558762258,2.74301436207506,2.80402897860997
"2017-12-21",1.27957631761599,1.34823683595368,1.44381953970519,1.6113815459266,1.87125280863029,2.29787642066619,2.43659779425061,2.55456849161523,2.70022419148279,2.74919015563621
"2017-12-24",1.26526174030071,1.33826736173884,1.43941735266407,1.61529014189666,1.88394099150173,2.31147991412042,2.44605596393271,2.55868895437509,2.69619510465826,2.74230513838888
"2017-12-25",1.28452169339466,1.35333207823641,1.44910932156968,1.61696961624157,1.87718038817477,2.30394304408826,2.44256552739402,2.56038970658529,2.70580731356917,2.75468862431535
"2017-12-26",1.31956099283959,1.38340835646211,1.47244959037621,1.62902747830969,1.87326204257393,2.27901667430562,2.41262919751599,2.52699505720621,2.66889133174077,2.71665066041064
"2017-12-27",1.33175825578327,1.39390909003389,1.48043996519892,1.63216496488451,1.86756501587692,2.25432188377808,2.3801858941201,2.48726830746554,2.61952246287599,2.66398653285878
"2017-12-28",1.34072040055613,1.40485605236222,1.49387932086022,1.64915651958855,1.88773446222836,2.27194992328808,2.39438833029058,2.49747227397549,2.62383317189486,2.66624260685037
"2017-12-31",1.3365909927195,1.40221377148466,1.49305759372244,1.65077949961941,1.89105404370592,2.2713444043396,2.3903729946712,2.48972741550132,2.61080590602664,2.65139232733091
"2018-01-01",1.34511463791496,1.4092081378578,1.49811357401839,1.65300673880709,1.89048850107742,2.27128074663538,2.3920809557848,2.49356277651014,2.61777072931587,2.65944384139402
"2018-01-02",1.38007027267799,1.44069995090199,1.52528701579043,1.67413345301511,1.90660184946394,2.29382555464362,2.42169362905672,2.53130234649508,2.6674488525922,2.71328592795512
"2018-01-03",1.3806648321804,1.4436746045295,1.53116008478062,1.68383033192806,1.91861696832039,2.29743321692553,2.41838645035477,2.52031704155627,2.64534755422808,2.68731664942445
"2018-01-04",1.35257135984284,1.42438723275015,1.52310632511892,1.69243541759098,1.9447125882199,2.32664854637676,2.44094346519766,2.53445248322095,2.64700142623833,2.68464250168183
"2018-01-07",1.36334767275429,1.43245247111829,1.52790024319308,1.69297023376457,1.94263921880521,2.33212471395315,2.45224136175065,2.55182123911039,2.67263896942108,2.71310288555037
"2018-01-08",1.38586273221257,1.4506740157282,1.54076641401434,1.69830493826683,1.94148871118826,2.33688039093101,2.46414501146224,2.57182043149703,2.70426972393325,2.74875717469952
"2018-01-09",1.38348830617677,1.44776809450771,1.53756995393466,1.69596659405614,1.94444081603738,2.36214470373926,2.50144117210097,2.62146770748477,2.77116122401762,2.82161255196235
"2018-01-10",1.3839464645936,1.4484603512054,1.53854507985293,1.69730568256698,1.9459569854309,2.36257623065175,2.50101789028536,2.62008280821809,2.76835567123954,2.81830852719499
"2018-01-11",1.38199605079938,1.44931396451721,1.54285545803282,1.70631858500493,1.95834362524639,2.367098091696,2.49832368628415,2.60920822477486,2.74548032145723,2.79124230364426
"2018-01-14",1.36990272084159,1.44242144471856,1.5425376854203,1.71554201620625,1.976824531128,2.38322030286344,2.50817521876242,2.61162502714665,2.73703036345884,2.77902396179178
"2018-01-15",1.36943059999133,1.44449491104502,1.54773154172482,1.72496323583143,1.98943380861926,2.39108355151716,2.51165116720786,2.61042204400441,2.72939467648955,2.76918913005872
"2018-01-16",1.37936187247153,1.45521721775884,1.5593600244492,1.73761293459641,2.00215574294879,2.39961688655667,2.51766347242196,2.61393630566716,2.72960299788684,2.76827543312945
"2018-01-17",1.34680452389755,1.43348697783633,1.55140864025132,1.75010387848856,2.03670080090675,2.44432002441992,2.55917097429663,2.65094140209165,2.76004089602258,2.79646293781129
"2018-01-18",1.35651830055848,1.44026271223277,1.55489959763257,1.7501294821219,2.03722210869488,2.4609261333998,2.58458913033119,2.68472918464776,2.80457675260326,2.84462323038065
"2018-01-21",1.32675922852236,1.42008726274046,1.5468058910024,1.75962527260555,2.06478460169009,2.49399573046455,2.61368294094474,2.70896593973026,2.82204887868764,2.85979301229958
"2018-01-22",1.33319238098975,1.42615740318743,1.552161527786,1.76314805000696,2.0640518757703,2.48303005936589,2.59878424084538,2.69064153588903,2.79950358932075,2.83583295615926
"2018-01-23",1.34115438012355,1.4267496227247,1.54370325594906,1.74224784195756,2.03253598766522,2.45621378987375,2.57854832324331,2.6771963454736,2.79499942251516,2.83435035298924
"2018-01-24",1.30997445189385,1.40807038015871,1.54040771155697,1.76024073234843,2.06931417877654,2.48847073098568,2.60155399603634,2.69059678688945,2.79578085724681,2.83087078135402
"2018-01-25",1.3214409968299,1.41935867625623,1.55123427658301,1.76967753874641,2.07523835137293,2.48580352976266,2.59566319683727,2.68194735853023,2.7837705456955,2.81773596508137
"2018-01-28",1.31851169889676,1.42118271003877,1.55905078257322,1.7862752221654,2.10128567744831,2.5177592435549,2.62764169839675,2.7135819757124,2.8148393873904,2.84861123121349
"2018-01-29",1.33129581800059,1.43229507229075,1.56847629782315,1.79448917210072,2.11173525338138,2.54069972747706,2.65612443079116,2.74693584629529,2.85417393900528,2.88994794183991
"2018-01-30",1.42129416867735,1.51093551505593,1.63277274126567,1.83775035757647,2.1325884770111,2.54972917948545,2.66668526779543,2.75997220118052,2.87078260236585,2.90777204195206
"2018-01-31",1.42353196155611,1.51514618551176,1.63946217096407,1.84802971267175,2.14653243449465,2.56490413805422,2.68118815929961,2.77365606341386,2.88334129570471,2.91994914403396
"2018-02-01",1.4162245985004,1.50916747632717,1.63582645464445,1.84988056450937,2.16029880020716,2.60633256421941,2.73322035707111,2.83496549658235,2.95612640194609,2.99658366793859
"2018-02-04",1.40388849349029,1.49291450094197,1.61503420906594,1.82374787594735,2.13266191869051,2.59434218396217,2.73075069913605,2.84175951744496,2.97497068250732,3.01950055132074
"2018-02-05",1.46688519067465,1.53394644521368,1.62774369899975,1.79352317963278,2.05456256169004,2.4968790666157,2.6456460120368,2.77442012826006,2.93561299533842,2.98999375687653
"2018-02-06",1.43901033319116,1.52389316042581,1.64065649939837,1.84117875178076,2.14059184774382,2.59587361700481,2.73271047193469,2.84486935210084,2.98001069516993,3.02521573641974
"2018-02-07",1.43648773507601,1.52231224465587,1.64041833465243,1.84338646830267,2.14683451620803,2.60940391331807,2.74877715247412,2.86313700610373,3.0010165982706,3.04714248920907
"2018-02-08",1.46077198269553,1.53882778495075,1.64722918011196,1.83647604575265,2.12772990506393,2.59836897027499,2.74887863135893,2.87581519679451,3.03160274441495,3.08390229299676
"2018-02-11",1.48651831825415,1.55869553090934,1.6596322601854,1.83798085987965,2.11866708687398,2.59376020758772,2.75336545523403,2.8914349678015,3.06417622686402,3.12244499327424
"2018-02-12",1.47853781029711,1.55671755338729,1.66518014784081,1.85419987373143,2.14415611520237,2.60958376524459,2.75739575703194,2.88163533973324,3.03375265043339,3.08479360753121
"2018-02-13",1.48213075819502,1.56257295214646,1.67385788223845,1.86684834910432,2.16023170466662,2.62260457434195,2.76669241993452,2.88671825604604,3.03279134089004,3.08174292332661
"2018-02-14",1.47004602906816,1.56416892144562,1.69281526472947,1.91132873994784,2.23112929545897,2.69877149408246,2.83404846624447,2.94321075920674,3.07361752561942,3.11718083981628
"2018-02-15",1.47529883098225,1.57089270804966,1.70111778042041,1.92106412072007,2.23967440356155,2.69651599199465,2.82622001188487,2.93014675806856,3.05386139308777,3.09516947431798
"2018-02-18",1.47795824414592,1.57604028775284,1.70907028100603,1.93207914812784,2.25079246919785,2.69630003624829,2.819824896963,2.9179689531467,3.03434455227612,3.07318371986141
"2018-02-19",1.49392287120786,1.59071520182428,1.72210221561845,1.94266061486088,2.25865429108407,2.70240819799682,2.82597016528952,2.92428717593012,3.0409434898003,3.079879236188
"2018-02-20",1.52208039403882,1.61336718985203,1.73807556663398,1.94972105050615,2.25899402549678,2.70990228180807,2.83996637819959,2.94480563062644,3.06997647164137,3.11178732283814
"2018-02-21",1.5004615262212,1.6032377239796,1.74228264121993,1.97437376382065,2.30351017870636,2.75701333547664,2.8811144875262,2.97928088228235,3.09546014802418,3.13422558076708
"2018-02-22",1.50814948064488,1.60390355185232,1.73414442813346,1.95353483618209,2.26981963902095,2.71922527277832,2.84573441553206,2.94678683895163,3.06690239791553,3.10700129690428
"2018-02-25",1.51485874139303,1.61083940785215,1.7409207173157,1.95870511528628,2.26922896827978,2.70140651920967,2.82075755703079,2.9154555683481,3.02767710389932,3.06512732528448
"2018-02-26",1.53169556225295,1.62181410339432,1.74473801225911,1.95280894384866,2.25541622317681,2.69260464326414,2.81761923556066,2.91805505992565,3.03776914437225,3.07774821631769
"2018-02-27",1.59081953922847,1.67649889409773,1.79360526473169,1.99251909622139,2.28363951137129,2.7093555502558,2.83250785802031,2.93188720177863,3.05060779743649,3.09026729429468
"2018-02-28",1.57027631332275,1.65841003955901,1.7782757135042,1.98015944578032,2.27112831563563,2.68435446751561,2.80062392907205,2.89348124166846,3.0038468186591,3.04069045394198
"2018-03-01",1.58877432412495,1.66794140800304,1.77660038043538,1.96249357814582,2.23813276441174,2.65155540538596,2.77413608682305,2.87403728924521,2.99401681339758,3.03412876342486
"2018-03-04",1.59061944985873,1.66977122317908,1.77866687564335,1.96572444538456,2.24516058873212,2.67045118101963,2.79838981566286,2.90329604740208,3.02972746108704,3.07202065311758
"2018-03-05",1.59929489015383,1.67980346786576,1.79048469715992,1.98037031782662,2.26337814729886,2.6921483466214,2.82054986082388,2.92563146603438,3.05213100219886,3.09443892621536
"2018-03-06",1.63377408001871,1.70886148195139,1.81259342187405,1.99205270150809,2.26365887519908,2.68790685448967,2.81891288933362,2.92758353270402,3.05947906472457,3.10365616292136
"2018-03-07",1.6173704388268,1.69464608229455,1.80113047498101,1.984548780118,2.25992949525322,2.6832418453325,2.81185998503091,2.91778010858531,3.04576188425615,3.0885927595777
"2018-03-08",1.62096655496407,1.69747004140664,1.80290295382921,1.98454720016713,2.25736635505631,2.67705135927492,2.8046616016154,2.9097855412954,3.03682983539379,3.07934841239092
"2018-03-11",1.62844775736293,1.70451518511499,1.80953835619184,1.99104508224969,2.26523252946895,2.6919004482324,2.82315108167489,2.93183661773162,3.06360685186023,3.10773295197269
"2018-03-12",1.67178268400404,1.740390611697,1.8355504344832,2.00131708163023,2.25540477922839,2.66261118423679,2.79172094493334,2.90015519274313,3.03284879730054,3.07736723704388
"2018-03-13",1.73137230269876,1.79052293253495,1.87318944503181,2.01909319447852,2.24824126587566,2.6344128984833,2.76353729342003,2.87495696115854,3.01407310625682,3.06097363631843
"2018-03-14",1.77323821293791,1.82943204689093,1.90795586791278,2.04651611858567,2.26403804053953,2.63028961778022,2.75263620572943,2.85815363156278,2.9898470753298,3.03424038806075
"2018-03-15",1.741975682992,1.8054552440836,1.89341086671158,2.04635441441758,2.28001465829387,2.65197978133724,2.76909907467332,2.86713605648453,2.98683470086176,3.02697415100629
"2018-03-18",1.7685325539994,1.83282909933778,1.9217858455172,2.07607853038069,2.31070040575933,2.6806781911582,2.79604176182012,2.89216691023302,3.00917398974408,3.04838650179425
"2018-03-19",1.74246815832575,1.8089200389491,1.90085466188323,2.06030007396357,2.30272280569758,2.68489159949563,2.80402105307683,2.90327024548365,3.02406894373216,3.06455139312465
"2018-03-20",1.71690377155803,1.7896172541947,1.88974740225156,2.06202030728471,2.3201171087966,2.71518618984211,2.83471438096708,2.93296604177944,3.05154968968795,3.09122756332578
"2018-03-21",1.69217212918865,1.76472472299627,1.86458446021484,2.03624772209387,2.29303530181065,2.68490322405454,2.80310178509942,2.90013215430643,3.01714996455109,3.05629861023534
"2018-03-22",1.70520239291692,1.77091582704787,1.86186279269591,2.01969692149451,2.25995504355885,2.6396221991145,2.75826455441711,2.85722223394727,2.97775774970243,3.01815816480706
"2018-03-25",1.72472158058858,1.78520336872349,1.86954372304248,2.01783304300181,2.24907463839415,2.63302122120881,2.75937423208948,2.86749133148223,3.00160125896464,3.04673702146897
"2018-03-26",1.72483765264874,1.7885653800757,1.87694533101995,2.03086852905321,2.26670903440462,2.64436711626696,2.76400795534293,2.86444907653428,2.98732725244831,3.02855019465361
"2018-03-27",1.69910409467769,1.76917545096698,1.8651849637314,2.02895353405423,2.27048320439643,2.62896190945901,2.73416380555357,2.81954170620972,2.92184210145493,2.95603126095095
"2018-03-28",1.67232857798739,1.75114026337659,1.85783634279717,2.03613774222226,2.2895199906749,2.63999676828901,2.73624264002967,2.81246424947775,2.90271711290779,2.93283333514527
"2018-03-29",1.69788309534246,1.76841615172682,1.86462398564757,2.02747025783276,2.26429760381277,2.6064301140437,2.7042575643524,2.78284966655076,2.87652615833585,2.90780980825907
"2018-04-01",1.72295435706606,1.7898443683602,1.88152621870046,2.03800451093102,2.2690289685371,2.6126300560101,2.71367114008454,2.79573992400982,2.89411939224637,2.92700040630069
"2018-04-02",1.72898852579281,1.79116912392265,1.87696112322267,2.02505846441524,2.24829738184385,2.59419397395876,2.70013493342785,2.78768991435698,2.89371118160782,2.9292065690592
"2018-04-03",1.68755784588825,1.75939963473341,1.85777315707525,2.02539360506424,2.27211955604264,2.63691596547435,2.74357432575619,2.83000468654616,2.9334826599205,2.9680611834195
"2018-04-04",1.6747635360959,1.75251292238669,1.85842126798585,2.03727531262233,2.29630214859364,2.66755136218363,2.7729119150192,2.85732056156051,2.95779351195178,2.99134092355224
"2018-04-05",1.68640173802244,1.76038440907231,1.8616603700219,2.03414153930339,2.28779557698996,2.66219000733021,2.77147286075133,2.85997180348872,2.96588961405683,3.00128164501973
"2018-04-08",1.68961332268288,1.75993275391166,1.85643539502406,2.02149436977617,2.26614020134546,2.63278156660584,2.74140549261288,2.82990321370774,2.93616796663558,2.97169372433331
"2018-04-09",1.68002297296586,1.75509026233842,1.85740450701118,2.0303604772609,2.28129562562092,2.64217835874398,2.744927950919,2.82734321172265,2.92550020308864,2.95827678341708
"2018-04-10",1.66995166914839,1.75050437528333,1.85953300086891,2.04166278568297,2.30030807701463,2.65761028433141,2.75561740243156,2.83320404390565,2.9250581931433,2.95570820133315
"2018-04-11",1.69237585783877,1.77221383900196,1.88012609786535,2.05996835186726,2.31429146313003,2.66289774528516,2.75784895979248,2.83284270821998,2.92154088786573,2.95113475699901
"2018-04-12",1.66217806645672,1.75532244446913,1.87963541523666,2.08241157480059,2.3584252809895,2.71168061113839,2.80235997657054,2.87274566741132,2.95545956448442,2.98304084292715
"2018-04-15",1.66833600233038,1.76456116978177,1.89231623516653,2.09887914264852,2.37572179143407,2.72064179162407,2.8072655767962,2.8741361044613,2.95258591740183,2.97874221575715
"2018-04-16",1.70784187563593,1.79961731021838,1.92156850185393,2.11903053764932,2.38434403866089,2.71633821892641,2.8000073602478,2.86465150530843,2.94050847405519,2.9658007014989
"2018-04-17",1.72464157501529,1.8182468865655,1.94215839945058,2.14151766884381,2.40639977051663,2.73157282125582,2.81228651705397,2.87442495257431,2.94726626851267,2.97155141872409
"2018-04-18",1.70938052683282,1.81298072068232,1.94900755302413,2.16488499209462,2.44497433995646,2.7754627253028,2.85506411197575,2.91595963860062,2.98722719997493,3.01098553153048
"2018-04-19",1.69992493500827,1.80326073939956,1.93984590110891,2.15903765305985,2.44898373642705,2.8022849251236,2.88947676764655,2.95651697898848,3.03507709797808,3.06126835323775
"2018-04-22",1.71682665353532,1.82265449381744,1.96246598073646,2.18665350212715,2.48278876271899,2.84277237931507,2.9314495191553,2.99960406355592,3.0794612337292,3.10608474503835
"2018-04-23",1.75740261718758,1.85850183676451,1.99249028803771,2.20848716239435,2.49646751143941,2.85208556157913,2.94076864223292,3.00911594127108,3.08926003955336,3.11598042909331
"2018-04-24",1.73032553254473,1.83904932558507,1.98242704474252,2.21163660620758,2.51281085189739,2.87569672464575,2.96448499228945,3.03262570978912,3.11243604012343,3.13904336229839
"2018-04-25",1.68662854122358,1.8046087336013,1.95909934237449,2.20317824806041,2.51740878250033,2.88352848043006,2.97090420284321,3.0376307252193,3.11569079567764,3.14171303374732
"2018-04-26",1.66096283748873,1.79051080570945,1.9571870216282,2.21293366400788,2.5261991634952,2.86388776292674,2.94034592656449,2.99825048672743,3.0658789079192,3.08842221145188
"2018-04-29",1.6568807882125,1.78770246593151,1.95537673434157,2.21104331404826,2.52092608532518,2.84975476851629,2.92348363483704,2.97925211100824,3.04437290090302,3.0660801877794
"2018-04-30",1.69074557867677,1.81758024599298,1.98028370854404,2.22872167315729,2.5305586843146,2.8519863204209,2.92421383860525,2.97886163816328,3.04267654987498,3.06394856212488
"2018-05-01",1.70923610800202,1.82775681174783,1.98148851825158,2.22056303918193,2.52014153143663,2.85452219052529,2.93197019423932,2.99081556811651,3.05958268928483,3.08250600849891
"2018-05-02",1.71129321913004,1.82508281306699,1.9736233928393,2.2070889196719,2.50498975298712,2.84714223665488,2.92796631347074,2.98957598530924,3.06162078977526,3.08563733686977
"2018-05-03",1.71633842205062,1.83022497644027,1.97838047270181,2.20990926308097,2.50245232443336,2.83325226547836,2.91054989767499,2.9693632600942,3.03811181285669,3.06102917804542
"2018-05-06",1.70818962203498,1.82721134496521,1.98115652928615,2.21944290405704,2.51566532239038,2.84224970738842,2.91727472930856,2.97420892250148,3.04072735950011,3.06290090806779
"2018-05-07",1.733925491845,1.84848924004181,1.99721200795919,2.22881601583314,2.51971520699591,2.84559844897278,2.92126467804943,2.9787783256353,3.04599414633443,3.06840040466744
"2018-05-08",1.74712573433687,1.86239348613009,2.01198637435214,2.24483242373169,2.53705055679195,2.86399151115913,2.93983782537421,2.99748061538792,3.06484562411384,3.08730159273598
"2018-05-09",1.7351479938661,1.85527688274228,2.01061592033571,2.25096209525109,2.54953973069872,2.87837381739223,2.95386355595531,3.01114467512953,3.0780672323354,3.10037547862904
"2018-05-10",1.7305079091182,1.8559948556886,2.01653978017653,2.2606048450493,2.55494808905641,2.86498118205123,2.93418250011906,2.98649782375575,3.04758131216129,3.06794276498489
"2018-05-13",1.7275270713768,1.85533417988201,2.01866441176723,2.26650853040725,2.56450004848497,2.87699081639844,2.94655820633836,2.99913453496316,3.06052010461074,3.08098223038178
"2018-05-14",1.7253893437677,1.85781825979184,2.02683335620443,2.28275232563065,2.58934877669465,2.90917674902771,2.98015437703663,3.03377720791372,3.0963813494575,3.11724964393267
"2018-05-15",1.73860949234604,1.86750639975357,2.03379241646424,2.29007708720304,2.60635982054413,2.95117345389429,3.02980683448982,3.08941630987569,3.15904726185788,3.18225820542916
"2018-05-16",1.74138980842787,1.87269944956411,2.0420020084392,2.30269249519022,2.62390985547773,2.97328401636878,3.05283985325067,3.11313666291854,3.18356815632255,3.20704593036287
"2018-05-17",1.73597496077327,1.86586338541019,2.03362988210026,2.29271122615419,2.61352623135543,2.965098410742,3.04554459158151,3.10655761046742,3.17783410395846,3.20159364141572
"2018-05-20",1.73950645246942,1.87217654719684,2.04223283303379,2.30156393972143,2.61595458738547,2.94967197135195,3.02451160021839,3.08112163981865,3.14722537558002,3.16926031880406
"2018-05-21",1.74351837390886,1.87718635715133,2.0478488317711,2.30642675183037,2.61653860617268,2.94053960122027,3.01251063163526,3.06688980619506,3.13037796235528,3.15154094011506
"2018-05-22",1.79689491344414,1.91013097055674,2.05774276297125,2.28920949287476,2.58338220242752,2.91909884663809,2.99804557238622,3.05817710963599,3.12848169726628,3.15191796906529
"2018-05-23",1.78942418468553,1.89798301022769,2.03962836432379,2.26208075256068,2.54554264815197,2.87039638185431,2.94701363030922,3.00540028083917,3.07367202189165,3.09643073704764
"2018-05-24",1.77560963822469,1.88395533676808,2.0251307433147,2.24634511610863,2.52714307868464,2.84697895886827,2.9220916681969,2.97929040190064,3.04616301592973,3.06845518793346
"2018-05-27",1.73944592910958,1.85146433774908,1.99673498350055,2.22258160127245,2.50543547351995,2.82088841996017,2.89391171522036,2.94939034799966,3.01422198637923,3.03583341063843
"2018-05-28",1.75498874605619,1.85324993945866,1.9820628667047,2.18595307728518,2.44928892015183,2.75771708785472,2.83160475335321,2.88807106652037,2.9541390784938,2.97616379261514
"2018-05-29",1.85442695150757,1.91810880774316,2.00492203050241,2.15172339080846,2.36484011999976,2.67168435111209,2.75914208174404,2.8293195604105,2.912917321152,2.94083297617201
"2018-05-30",1.8167698902894,1.90131107606291,2.01354277359612,2.19497669521796,2.43807038984108,2.74079116000299,2.81678631263368,2.87544617979496,2.94426157287358,2.96720557256089
"2018-05-31",1.79943081895222,1.896573871348,2.02334908936516,2.22251352435544,2.47644446063885,2.76772183076756,2.83646509521441,2.88885742755108,2.95012154088503,2.97054425180728
"2018-06-03",1.80301387891039,1.90735825616594,2.04268523004764,2.2530944154171,2.51666038636166,2.81068314771339,2.87875827160069,2.93047908455512,2.99091971848185,3.01106741922807
"2018-06-04",1.8215208962144,1.92790321913177,2.06550588600919,2.27851044258935,2.54333395833486,2.83535154336848,2.9024432314796,2.95335789337935,3.01284365269832,3.03267289949301
"2018-06-05",1.85388076394652,1.94721101471032,2.07000373002663,2.26554428156439,2.52075011259106,2.82481587435971,2.89858314533248,2.95509632875943,3.02125816577194,3.04331479870947
"2018-06-06",1.82122253380988,1.92561624641838,2.06149448364567,2.27402458112362,2.54296887722444,2.84781572355595,2.91916800447367,2.97347283412752,3.03695485390404,3.05811666562088
"2018-06-07",1.8219733716955,1.92372152084848,2.05613983754123,2.26321534086902,2.52516430833373,2.82191512193398,2.89134536138369,2.94418393344484,3.00595108621647,3.02654123394952
"2018-06-10",1.82386823225144,1.92459983521699,2.05625113656359,2.26358196356637,2.52903772643371,2.83559661036022,2.90829425350241,2.96374746443766,3.0286027411835,3.05022275766763
"2018-06-11",1.84558124884337,1.94576765747625,2.07646945749416,2.28168423137576,2.54306899993791,2.84241433087411,2.9129803395686,2.96675086012553,3.02962373477852,3.0505826943043
"2018-06-12",1.82879505135097,1.93601964735019,2.07483149921871,2.29001420089612,2.55818980429257,2.85499139496605,2.92334553778991,2.97523622407307,3.03586609707851,3.05607677006241
"2018-06-13",1.79707473133406,1.91660620638322,2.06908961856226,2.29979950746209,2.57583966865402,2.86324788827197,2.92695830512669,2.97508454908157,3.03127041132368,3.04999924512412
"2018-06-14",1.81380036029899,1.92946489914969,2.07680724560633,2.29922304005761,2.56431706351136,2.83879448295531,2.89944033986635,2.9452352919946,2.99869678651918,3.01651746655975
"2018-06-17",1.82837718287216,1.94009588578918,2.08275004051512,2.29893057849246,2.55827392718133,2.82935297151205,2.88958432302695,2.9350947301796,2.98822875880433,3.00594032043115
"2018-06-18",1.84225278133106,1.95322741489468,2.0945603185647,2.3078183926087,2.56182810488603,2.82458012332898,2.882603961493,2.92641650679889,2.97756333294522,2.99461244609394
"2018-06-19",1.84721881712596,1.95842035366469,2.09980751584429,2.31256950653973,2.56485448733749,2.82415600769037,2.88120806048605,2.92427028838568,2.97453860022171,2.99129485292575
"2018-06-20",1.84854110376788,1.95835071418947,2.09874831617482,2.3119606979274,2.56864783717715,2.83833566074033,2.89844181347358,2.94387355708486,2.99691844818851,3.01460031946452
"2018-06-21",1.83334476642598,1.94264422406973,2.08221775437054,2.29375109603983,2.5475619312082,2.81292325909479,2.87189283545474,2.91645060326194,2.96847253944655,2.98581340007425
"2018-06-24",1.80883689974417,1.92583123054513,2.07368176064259,2.29396848260537,2.5509230323097,2.80895581902951,2.86499345539219,2.90723581050106,2.95653900955217,2.97297349923028
"2018-06-25",1.81641686442438,1.9361318390021,2.08620689358631,2.30689989402513,2.55889195517134,2.80466290717627,2.85722502084574,2.89679627396241,2.94297523810176,2.95836827180631
"2018-06-26",1.80361206235235,1.92319497822574,2.07302732829416,2.29317961224602,2.54421439242047,2.78860704946811,2.840826179518,2.88013642041015,2.92601045020682,2.94130183706499
"2018-06-27",1.78557850589273,1.9115291838136,2.0669758164294,2.28987886177763,2.53429663228601,2.76041820449015,2.80757065292111,2.84300936616734,2.88435927983936,2.89814259622203
"2018-06-28",1.79060541030126,1.91813116559684,2.0753213885303,2.3002674674372,2.54614174374364,2.77272191576442,2.81989002027882,2.85533733812179,2.89669701154307,2.91048358022573
"2018-07-01",1.88681725684206,1.98194484182934,2.10458190815754,2.29338034933115,2.52593743214874,2.77875493517633,2.83630595847025,2.87992309494838,2.93087103808692,2.9478541230962
"2018-07-02",1.89543682676908,1.99188917418062,2.11567469470513,2.30482947530566,2.53493049879989,2.78042475251237,2.83565295565111,2.87744495980943,2.92624862645649,2.94251681226671
"2018-07-03",1.88839814999742,1.98470244521953,2.10787896861648,2.29505384899071,2.52062426159061,2.75797018862974,2.8109145457598,2.85093698871276,2.89766680358079,2.91324362642001
"2018-07-04",1.86076651759804,1.96636794413053,2.09994823449163,2.29928471233675,2.53240398189195,2.76736052373301,2.81849085028586,2.85704147996506,2.90203696214129,2.91703554556719
"2018-07-05",1.81290433815629,1.94053114122018,2.09666045356343,2.3174024744073,2.55413421659131,2.76724630449958,2.81117003871878,2.84416269476548,2.88265688553763,2.89548828807764
"2018-07-08",1.83441752464855,1.95429145984377,2.10239607996579,2.31513458356407,2.54903967476765,2.76617202023323,2.81151821696322,2.8456022006026,2.88537166803026,2.89862816941113
"2018-07-09",1.88972647948395,1.99424172677884,2.12630318698915,2.32301953156101,2.55239173478658,2.78260010571905,2.83257971736734,2.87025430120571,2.91422606298364,2.92888339610837
"2018-07-10",1.87457872451727,1.98877985933172,2.1310291091573,2.33805748638816,2.57052322775263,2.79226564482224,2.83916874944438,2.87445129226305,2.91562214427634,2.92934578632324
"2018-07-11",1.8792708775284,1.99767832112522,2.14308167986442,2.3499092851507,2.57383064906612,2.77773575062861,2.81996266432771,2.8516878798573,2.88870385647918,2.90104252245152
"2018-07-12",1.87753077075878,1.99889586364479,2.14721305107895,2.35656766301686,2.58051405462812,2.78149502433072,2.82286581014853,2.85393905343125,2.89019362642138,2.902278488962
"2018-07-15",1.89115929770043,2.0069240034322,2.14930943173045,2.35236558904982,2.57310478937962,2.77514714747422,2.8170829083366,2.84859314638138,2.88535862784274,2.89761379651529
"2018-07-16",1.89190453079317,2.0155843099382,2.16597095290748,2.37655104164057,2.5990099264396,2.79569841088255,2.83594333621017,2.86616317643902,2.90142146029925,2.91317422474923
"2018-07-17",1.89383958619989,2.01874487383045,2.17059130164073,2.38314831092185,2.60758661969088,2.80591347036055,2.8464848372382,2.87694954532255,2.91249350506778,2.92434149479489
"2018-07-18",1.88112982887684,2.00704351381453,2.16041556933343,2.37577140815716,2.6042419781615,2.8072365629964,2.84884971695989,2.88009923173313,2.91655902266612,2.92871228996711
"2018-07-19",1.84596942080676,1.98026586237039,2.14211833508891,2.36559099692886,2.5966189692392,2.79585066194729,2.83623427723692,2.86654782275146,2.90191473972169,2.91370371363022
"2018-07-22",1.87898841354188,2.00068659347472,2.15157501592226,2.36954556552655,2.61139046806586,2.83853085915131,2.88622425277133,2.92208421865023,2.9639270762336,2.97787471289585
"2018-07-23",1.89117127166198,2.01191878127928,2.16293150606916,2.384153586817,2.63517837087819,2.87795015062779,2.92964793600282,2.96855554608089,3.013958489406,3.02909284058289
"2018-07-24",1.90012269695352,2.01880801679658,2.16750691850615,2.38597282826025,2.63504586286048,2.87747783767561,2.92927250790311,2.96826289724661,3.01376362988321,3.02893058379769
"2018-07-25",1.88507783590604,2.0135853730145,2.17298754750537,2.40342183904224,2.65938647564509,2.90013565329164,2.95072001234061,2.98875517324344,3.03313628647768,3.04793001001108
"2018-07-26",1.88290800811974,2.01507760759912,2.1780957560953,2.41161913929498,2.6672763106749,2.9033354495539,2.95251871696987,2.98948210961089,3.03261087508327,3.0469871420813
"2018-07-29",1.88915104308375,2.0174062044484,2.17618050059108,2.40497729692049,2.65783702882017,2.89413084646758,2.94363140096937,2.98084493173063,3.02426666859279,3.0387405969685
"2018-07-30",1.90862708275056,2.0317274645873,2.18505508818433,2.40819141342647,2.65871635108396,2.89764987992211,2.94818566065086,2.98620067362803,3.03055999783442,3.04534646576637
"2018-07-31",1.9311864713144,2.04891480240754,2.19634772827771,2.41279402909059,2.65926900621975,2.89878502296905,2.94991464369606,2.98840194828075,3.03331529967387,3.04828645774414
"2018-08-01",1.8841694638523,2.01594384876582,2.17922898648224,2.4148841528098,2.6759566718217,2.92068477985319,2.97202576000492,3.01062623326496,3.05566662217713,3.07068010314506
"2018-08-02",1.903618325262,2.02981998179826,2.18638708694485,2.41278130695646,2.66436107769642,2.90110876641311,2.95086417037705,2.98827656287197,3.0319310552141,3.04648257167988
"2018-08-05",1.91096931070398,2.03345172051515,2.1854120463034,2.4051619694824,2.649388329086,2.8792519754941,2.9275640608119,2.96389134052704,3.00627968904283,3.02040915707603
"2018-08-06",1.95154249879703,2.06303455707614,2.20303540551602,2.40947139044505,2.64621557526492,2.87846401501609,2.92828038320191,2.96579299679266,3.00957058863934,3.02416316789018
"2018-08-07",1.94507424003614,2.06007392276821,2.20439012798581,2.41697716412069,2.66038436103552,2.89865983559282,2.94971406054517,2.98815562470143,3.03301692770878,3.04797074321419
"2018-08-08",1.92099336836168,2.04642851610643,2.20109599021616,2.42255566941027,2.66483177241741,2.88833800615534,2.93488804457821,2.9698717446955,3.0106905489726,3.024296828059
"2018-08-09",1.92754296067203,2.04699216222205,2.19443971729922,2.40592941920951,2.63792985111049,2.85267432616787,2.89746430517252,2.93112783376268,2.97040649571465,2.98349939438363
"2018-08-12",1.93210356231738,2.04476009619339,2.18404471410614,2.38434013881104,2.60496495284718,2.81025269078369,2.853172362528,2.88543462556185,2.92307870720968,2.93562674685133
"2018-08-13",1.97303581661447,2.07458618879609,2.20229373486081,2.39106065534304,2.60840121390993,2.82277098048242,2.86888235551029,2.90361306462974,2.94414516055623,2.9576559098532
"2018-08-14",1.96219411283978,2.07691105527958,2.21798198346856,2.41910445657855,2.63763975810072,2.8375484051886,2.87903070146246,2.91019978857831,2.94656718504466,2.95868965850345
"2018-08-15",1.96164214133891,2.07506253102788,2.21394528300756,2.41060185479572,2.62200313717178,2.81285387170802,2.85223530460645,2.88181765157787,2.91633298742283,2.92783810476583
"2018-08-16",1.93859825350656,2.05817130295366,2.20364141018377,2.40750739389067,2.62314990649102,2.81409507447275,2.85318713461424,2.882541941024,2.91679101251624,2.92820737286332
"2018-08-19",1.93528265342735,2.05415643405965,2.19867690468524,2.40099330952092,2.61464195413495,2.80345838299245,2.84208610519397,2.87109140139515,2.90493263153852,2.91621304459033
"2018-08-20",1.95184858269614,2.06848597988163,2.20901242814621,2.40294508461853,2.60328489879679,2.77590677787524,2.81088604303379,2.83714260716747,2.86777621412449,2.8779874177842
"2018-08-21",1.95830133852418,2.07218809247277,2.21061134386707,2.40431636238412,2.60874820295485,2.78929287604932,2.82621844734727,2.85394532004472,2.88629496016111,2.89707817635569
"2018-08-22",1.96628310869989,2.07845118025718,2.21445063177029,2.40402279711503,2.60288915785149,2.7772834333282,2.81285385383699,2.83956032399043,2.8707192366827,2.8811055431505
"2018-08-23",1.96560563708849,2.08619959340924,2.22988273026656,2.42472462459216,2.62071571793596,2.78468804267292,2.81757707901189,2.84225723495077,2.87105122341417,2.880649220072
"2018-08-26",1.96826886091044,2.09042681312911,2.2355169895202,2.43130115543677,2.62678967841752,2.78905065747035,2.82151276858275,2.84587100913259,2.87428934754388,2.88376212740028
"2018-08-27",1.97571428916366,2.10089148140626,2.24944177937205,2.44963241833626,2.64913577744204,2.81440014707074,2.84744287267714,2.8722364463078,2.9011626649656,2.91080473822404
"2018-08-28",1.98988693172009,2.11314554216264,2.26068991624117,2.4622380329513,2.66722928266351,2.84081254527332,2.875771023127,2.90200700535934,2.93261630862361,2.94281941050162
"2018-08-29",1.97520444025256,2.10108130630086,2.25133239616878,2.45566672156333,2.66210471700877,2.83564668145443,2.87051164392057,2.89667570535572,2.92720100684377,2.93737610797497
"2018-08-30",1.95683231907282,2.08970932099889,2.24589323395034,2.45325621377695,2.65539402295179,2.81905997792548,2.8515565467399,2.87593675009128,2.90438054076486,2.91386180449255
"2018-09-02",1.97886447717116,2.09707969418717,2.23942769428918,2.43570128177863,2.63818661151741,2.81239186115411,2.84767254546895,2.87415488630577,2.90505187832621,2.91535087695958
"2018-09-03",2.0141453782466,2.11740950540523,2.24525805307151,2.429518271552,2.63320696522279,2.82361056408849,2.86350345376477,2.89349439533679,2.92848864901687,2.9401534133118
"2018-09-04",2.0249568710129,2.13235852375168,2.26461091575483,2.45356700688421,2.65958268873781,2.8488401219343,2.88818513801611,2.91775120654708,2.95224849333272,2.96374759736108
"2018-09-05",2.01510889648208,2.12745712221002,2.26455767430902,2.45763475703739,2.66342307363678,2.84729704895896,2.88507753266611,2.91345176638148,2.94655709489886,2.95759220831817
"2018-09-06",2.01492802023808,2.13367125822812,2.27643173950011,2.47278767689317,2.674589946346,2.84745949620836,2.88241480944484,2.90865156946485,2.93926195928768,2.94946542367648
"2018-09-09",1.98235853876474,2.1196976204243,2.28215278609309,2.4999800845088,2.7154419614874,2.89254084153205,2.92786433566829,2.95436786210174,2.98528898735591,2.99559602941958
"2018-09-10",1.99301334343329,2.13085372341603,2.29355026647913,2.51096489534133,2.7249322349383,2.89986542562047,2.93469871882407,2.96083347295019,2.99132431479854,3.00148792899719
"2018-09-11",2.00969000981246,2.14848803333814,2.31264037471781,2.53268348724838,2.75024883501226,2.92900049740288,2.96464891658065,2.99139615826536,3.02260161755009,3.03300343762205
"2018-09-12",2.01365998654521,2.1515409021298,2.31440642102179,2.53230107758671,2.74711717725195,2.92307062966629,2.95812746817754,2.98443028428764,3.01511721586816,3.02534619333307
"2018-09-13",2.0152088263414,2.15441129262709,2.31897587641752,2.53943318188415,2.75720379575053,2.93594780417179,2.97158373703319,2.9983214275417,3.02951573533549,3.03991383823264
"2018-09-16",2.0152298988315,2.15906327798065,2.32841136444719,2.55383616996079,2.77440588393793,2.95365691003049,2.9892851641739,3.01601537644219,3.0472008846023,3.05759605419536
"2018-09-17",2.02844179562312,2.17057856740965,2.33838648210092,2.56271597092966,2.78361352108438,2.96432102583301,3.00031089118097,3.02731351227304,3.05881688054395,3.06931800356524
"2018-09-18",2.06219963973252,2.19103732692366,2.34774036467773,2.56726395135067,2.7993314092648,3.00467998634253,3.04670982035359,3.07827032303936,3.11509281947046,3.12736698831513
"2018-09-19",2.04716025031499,2.17938352666606,2.33993227103004,2.56424139959993,2.80039126256881,3.00835177776807,3.05083759712691,3.08273820876661,3.11995735954935,3.13236374615857
"2018-09-20",2.04557305298616,2.18159513418907,2.34557688134821,2.57209730096208,2.80644610285719,3.00870684316373,3.04971652807328,3.08050032386924,3.11641590164578,3.12838776255105
"2018-09-23",2.05202442722224,2.18270616318137,2.34185425438932,2.5652502304292,2.80213688140481,3.01249304970447,3.05560621975103,3.08798191125011,3.12575562950541,3.13834687266743
"2018-09-24",2.06883681981945,2.1982937699384,2.35630324679837,2.57889574565,2.81625965068123,3.02847441827965,3.07208896779681,3.10484512787741,3.14306305088578,3.15580236315869
"2018-09-25",2.10188864972946,2.21865745313533,2.36344943138121,2.57264861341364,2.80482391065155,3.02295730031439,3.06876665996675,3.10321037490747,3.14340072592275,3.1567975265002
"2018-09-26",2.09433808896171,2.21281049165662,2.35837299112016,2.56560900217405,2.79028710158664,2.99524265005614,3.03772013277446,3.06963491669878,3.10687219225043,3.11928462497145
"2018-09-27",2.101069475925,2.21918637795529,2.36446418261399,2.57164351467449,2.79686211163074,3.00300120464127,3.04578698499447,3.07793591000414,3.11544659691064,3.12795016756061
"2018-09-30",2.11730673170256,2.22954924584688,2.36921705133896,2.57215467390305,2.79942297944376,3.01544960890285,3.061065829732,3.09537630203093,3.13541241431844,3.14875780709901
"2018-10-01",2.13388456254872,2.24156712822346,2.37642509447111,2.57442321275558,2.7999148951962,3.01907193025449,3.06585897600534,3.10107765287671,3.14217665327832,3.1558763576684
"2018-10-02",2.14952821491526,2.25700995717085,2.39163294702374,2.58932548711469,2.81454215616728,3.03352765018422,3.08028849236719,3.11548805031349,3.15656481267249,3.17025710474327
"2018-10-03",2.14647372126081,2.25453329645016,2.39215234049019,2.59980320884619,2.84712767715339,3.10295473282634,3.1594481106658,3.20210494286476,3.25190257294218,3.26850194944237
"2018-10-04",2.15302023271364,2.25795018641373,2.39258722539821,2.59825235834616,2.84829176090521,3.1148272747246,3.17475712641864,3.22010392841475,3.27305824928056,3.29071000666506
"2018-10-07",2.16560980290721,2.26298163670215,2.38968586121486,2.58777723713415,2.83825636814973,3.12182477914532,3.18814010381874,3.23860424685014,3.29759481414769,3.3172593717508
"2018-10-08",2.17071257112309,2.26937634893941,2.39755452935624,2.59741295153707,2.84896873189566,3.13169946414562,3.19749010253914,3.24751435083548,3.30598118249351,3.32547102962829
"2018-10-09",2.17290154140661,2.28439459056163,2.42503213341406,2.63394106452128,2.87642462173412,3.11827019589412,3.17060019373166,3.21003477836825,3.25605913492862,3.27140066036827
"2018-10-10",2.16535561176513,2.27555734503895,2.41443211146123,2.62040000051197,2.8588615378375,3.09586834326186,3.14705702761782,3.18562545085395,3.23063809880423,3.24564238165156
"2018-10-11",2.15926471059444,2.27129738640078,2.41164298843214,2.61779272562368,2.85274330765222,3.08132353645571,3.13014733411861,3.1669006191789,3.20979063084353,3.22408734154352
"2018-10-14",2.17921880778239,2.29032574952873,2.42941084174554,2.63346868892989,2.86559016270235,3.09083478711175,3.13888271927993,3.1750482694385,3.21725196708525,3.23131990348093
"2018-10-15",2.19513062250216,2.29934086104946,2.43117575282373,2.62794274981245,2.85812486386966,3.09021755189032,3.14073631591196,3.17882668523483,3.22328508215677,3.23810463690545
"2018-10-16",2.22115993786482,2.31862817241582,2.44331875537733,2.63285738968042,2.8614024029798,3.10207023213773,3.15578092707332,3.1963848567101,3.24379398039425,3.25959724576065
"2018-10-17",2.20934627330254,2.31309654076669,2.44514180646514,2.64417155374251,2.88081390400928,3.1249833587393,3.17882584583699,3.2194750134781,3.26692794744893,3.28274574365944
"2018-10-18",2.21346238914784,2.31287609093699,2.43994885604795,2.63284333668176,2.86490499428553,3.10846880335804,3.16271942158252,3.20372234249555,3.251595772194,3.26755379546383
"2018-10-21",2.19494149225025,2.30493084983319,2.44361241839555,2.64947323410301,2.88814980230603,3.12583255358823,3.17722010411266,3.21594178823532,3.2611337575795,3.27619781717575
"2018-10-22",2.20909299828743,2.31445274387807,2.44805845311247,2.64824119461759,2.88391102864381,3.12365898100724,3.17610042258129,3.21565889080944,3.26183348527156,3.27722512706266
"2018-10-23",2.23799117063473,2.32680599013119,2.4416208099768,2.61918480489081,2.83959757341325,3.08205569603422,3.13767265625816,3.17986963648216,3.22916811244765,3.24560146217868
"2018-10-24",2.24200615234982,2.32676381949337,2.43639629405808,2.60610571622362,2.81710527456424,3.04977836728125,3.10323650463012,3.14380502042715,3.19120296102068,3.20700280097235
"2018-10-25",2.21752688777433,2.31022969826789,2.4287605290631,2.60877828288443,2.82552821396197,3.05329564487578,3.1040640959227,3.14243831011288,3.18724309478896,3.2021782271369
"2018-10-28",2.22261413896297,2.30867541713822,2.41949070331943,2.58975083299599,2.79877236223873,3.02485990383774,3.07616153722155,3.11502558101211,3.16041827812052,3.17554953327325
"2018-10-29",2.24531756406189,2.32755076960476,2.43418859162142,2.59995877501505,2.80753886942838,3.03898487826942,3.09255258888436,3.13324898479983,3.18080604403359,3.1966590383149
"2018-10-30",2.24894252333319,2.33461500752331,2.44541226904536,2.61687739478202,2.82996023770507,3.06476243503216,3.11868449748932,3.15960230022586,3.20740774289458,3.22334341486369
"2018-10-31",2.24920162472735,2.33490385066684,2.44617255214289,2.61948332819025,2.83723653917663,3.08130159285512,3.13799002494319,3.18108100682393,3.2314416689708,3.2482293004738
"2018-11-01",2.24655834087501,2.33188363067242,2.44293901165877,2.61663400779342,2.83641498467488,3.08549992328606,3.14379483052025,3.18816121683885,3.240025081134,3.25731396368035
"2018-11-04",2.22895686221088,2.32451975428137,2.44799677081577,2.63880003852053,2.87531648397334,3.13493003218821,3.19439811421083,3.23950769645921,3.29220699553701,3.30977396733986
"2018-11-05",2.25135413321321,2.34854992190099,2.47315309208602,2.66321422789677,2.89371927471843,3.13853931314484,3.19346294091309,3.23501006487876,3.28352513152847,3.29969709124789
"2018-11-06",2.24774267590027,2.35577971558179,2.49209629360063,2.69467929955544,2.9299949436726,3.16492903385517,3.21579062225663,3.25412040053677,3.29885556198483,3.31376735504069
"2018-11-07",2.22628543500023,2.34625905909647,2.49519063320844,2.71075495614199,2.95067172570398,3.17688749397576,3.22447213023047,3.26025420001956,3.30200654826259,3.31592401662308
"2018-11-08",2.23364726652602,2.35326639537257,2.50123324095131,2.71418588107735,2.9490570989006,3.16796743657463,3.21377084296661,3.24820240430977,3.28837781564546,3.30176963332114
"2018-11-11",2.22991143811348,2.34831076550772,2.49408728688509,2.70232439623113,2.92929022689942,3.13771192957214,3.18103363223329,3.2135877141976,3.25157134842259,3.26423256902788
"2018-11-12",2.23423380520852,2.34641151227484,2.48459488188516,2.68213885674245,2.89771385787994,3.09597668735692,3.13721411570992,3.16820305355391,3.20436059611884,3.21641311938833
"2018-11-13",2.27137693792509,2.36848806555201,2.49066227925575,2.67136954333995,2.8796565062266,3.0854063634778,3.12969930475116,3.16306270740823,3.2019994105374,3.21497836206342
"2018-11-14",2.29398242313245,2.3751440370645,2.48005391023571,2.64227069608368,2.84357181138156,3.06490368220309,3.11565902080745,3.15416574452211,3.19915255616604,3.21414863456945
"2018-11-15",2.24272761792714,2.33655694800203,2.45522137806189,2.63223904572441,2.83914022375691,3.04750590233603,3.09282954710889,3.12700068070918,3.16688429909005,3.18017891637351
"2018-11-18",2.27164586716448,2.34545429641988,2.44160782559634,2.59222459715903,2.78329998129786,3.00074313743318,3.05177741528233,3.09063628881075,3.13606630966107,3.15121052083615
"2018-11-19",2.27557611917362,2.35107756718496,2.44903508075483,2.60143879944092,2.79255311904647,3.0061152439337,3.0556182244096,3.09323539446612,3.13719611209733,3.1518503015898
"2018-11-20",2.32588894226892,2.38742020452491,2.46916721034052,2.60148821983774,2.77917614008988,3.00130522842664,3.05724243287483,3.10045228204606,3.15115423074608,3.16805920959049
"2018-11-21",2.34050317377111,2.39677138468136,2.47236643651459,2.5970611957707,2.77018851276577,2.99969474841955,3.06038888259262,3.10789089530979,3.16387329162739,3.18254521744293
"2018-11-22",2.31172944798216,2.37874288271847,2.46680221982359,2.60674271523689,2.78873321982621,3.00430259494458,3.05637461951168,3.09623288876035,3.14288654192713,3.15843949119606
"2018-11-25",2.2794093114366,2.36170668554559,2.46642130341015,2.62418928436851,2.81164120952264,3.00486269570816,3.04744615617636,3.07959323552705,3.1171207194114,3.12962999830492
"2018-11-26",2.26180494001126,2.35786147159384,2.47699387558779,2.64917371961549,2.84035957557703,3.02009687520331,3.05785382907505,3.08624350016486,3.11936979182245,3.13041190317137
"2018-11-27",2.35776099069366,2.41334063466773,2.48786512359811,2.61038861380847,2.77950548356076,3.00134921011788,3.05948856222864,3.1048724198583,3.15830798889002,3.17612901146645
"2018-11-28",2.40699164341982,2.43832021230454,2.48269406610247,2.56285923631563,2.69439191217618,2.93791349935761,3.02826384774278,3.11110679416883,3.22048189763565,3.25805873841213
"2018-11-29",2.40156940001782,2.43266291693351,2.47662775224127,2.55581457504816,2.6850032601445,2.9212092160857,3.0076136886552,3.08614075233685,3.18888527673048,3.22405833853698
"2018-12-02",2.30239510964683,2.38434324270779,2.48764593851054,2.64093513412103,2.81855646582982,2.99529754530018,3.03349330865106,3.06227364326146,3.0958629539868,3.10705944197128
"2018-12-03",2.34425978213473,2.42233824070521,2.51851199038956,2.6559878135022,2.80599107249039,2.94392431218961,2.9726114169505,2.99416900270035,3.01932214265938,3.02770652893745
"2018-12-04",2.32855348444174,2.41894416680641,2.52492780914381,2.66510624614023,2.80099724246974,2.91041967886611,2.93211191994661,2.94838583847408,2.96737220609939,2.97370099540274
"2018-12-05",2.30698984348856,2.40660564715122,2.52118505342873,2.66832489452146,2.80502111646515,2.91068446597042,2.93140707958711,2.9469511301294,2.96508589696177,2.97113081925794
"2018-12-06",2.33471346918656,2.41312872395562,2.50699991065619,2.63524169130061,2.76569277316939,2.87617351460833,2.89842471358093,2.91512403537489,2.93460699709073,2.94110131816749
"2018-12-09",2.45900043547747,2.47072599042329,2.48787704969702,2.52066885554434,2.5806665159864,2.72390560410987,2.79579606825411,2.87851539632307,3.03049773713902,3.09754432418443
"2018-12-10",2.30812550646839,2.41171029327792,2.52560226505553,2.6623039375309,2.77813823599805,2.86110381836697,2.87712794961003,2.88914630808229,2.90316772872774,2.90784153560992
"2018-12-11",2.30786427297906,2.41072359099152,2.52550386868204,2.66632427612226,2.78916552155534,2.87914004149502,2.89658531459895,2.9096697891241,2.92493501561879,2.93002342445171
"2018-12-12",2.30835527365701,2.40356338501729,2.5137627183686,2.65664397560859,2.79121535266711,2.89657258359403,2.9173006996634,2.93284948030757,2.95098978339075,2.9570365511164
"2018-12-13",2.47298828740376,2.48907701277116,2.51234627080254,2.55595578213332,2.63270890594725,2.7995422421452,2.87424312546472,2.952509123977,3.07521299543243,3.12192919935504
"2018-12-16",2.46250080463649,2.4772852143041,2.49873469070812,2.53915552948918,2.61105808033904,2.77136586744209,2.84537866256396,2.92483094166881,3.05425148028111,3.1050901988482
"2018-12-17",2.45796257546768,2.46966517773156,2.48677677023651,2.51947310528579,2.5792246358839,2.72145707410875,2.7925849349135,2.87417394007652,3.02322565270239,3.08858187629577
"2018-12-18",2.47981003968831,2.48766225472296,2.49924908508072,2.52175173470761,2.56420703514438,2.67364456781143,2.73402703680586,2.80958398305508,2.97355489658586,3.06166451298367
"2018-12-19",2.46515541118259,2.47460008943429,2.48841316128983,2.51481705176661,2.56310602253244,2.67826820176888,2.73599111023274,2.80233393867339,2.92397327078,2.97751507311923
"2018-12-20",2.4780090770567,2.48736161899404,2.50107404637041,2.52740187718544,2.57597050536354,2.69430591411141,2.75520190605418,2.82680405796136,2.96384414981672,3.02707094690292
"2018-12-23",2.47300729504969,2.48057864714311,2.49174323806317,2.51339887039703,2.55415602128329,2.6585658204367,2.71573215251865,2.7867650142096,2.93866059896122,3.01875283089874
"2018-12-24",2.47973921245388,2.48491296135374,2.49259894126531,2.50770643122706,2.53689510915821,2.61685933473268,2.66445252131551,2.72836159425736,2.89055894530388,2.99847103709331
"2018-12-25",2.47748586252884,2.4839514065594,2.49352657377057,2.51224168205926,2.54799116892361,2.64294733606593,2.69717122204026,2.76692058595663,2.92441817922523,3.00836405209551
"2018-12-26",2.44943149110212,2.4587567837116,2.47246662978613,2.49891774159906,2.54818093293484,2.67109412631116,2.73622785006452,2.81481775679821,2.97305714858231,3.05050695769236
"2018-12-27",2.46044139800958,2.46668813219742,2.47595736403203,2.49413911719583,2.52912336625118,2.62395215457635,2.679649995312,2.75350990845788,2.93562980100699,3.05193854396771
"2018-12-30",2.48751561334742,2.49134350455483,2.49707287744696,2.50848566512868,2.53111957669976,2.59734938368118,2.63998596118783,2.70149184974024,2.8841851504906,3.03339728491415
"2018-12-31",2.50022722145913,2.50272916141798,2.50651291076109,2.51418692174767,2.52992784525539,2.57967333693143,2.61433484998907,2.66757125434101,2.84467249468837,3.00638167935211
"2019-01-01",2.47279020915471,2.47283438257325,2.47309878251389,2.4743083808726,2.47921653686939,2.50967380544856,2.539283423729,2.59191828022775,2.78569344676743,2.95407623861085
"2019-01-02",2.43387097528817,2.42846820748872,2.42121345509142,2.40954857304779,2.39611967201745,2.41103212312713,2.44783393097853,2.51959488457285,2.75405748246931,2.90751821838794
"2019-01-03",2.46499078505233,2.4671673537492,2.47052697595247,2.4775684468404,2.49280420078248,2.5453250008268,2.58385005051266,2.64370713768396,2.8333550587017,2.98386037859971
"2019-01-06",2.46614181075751,2.4701039176406,2.47602315520702,2.48777545613491,2.51093517936364,2.57766164900707,2.61987244858272,2.67984953949454,2.85263841783026,2.988936963812
"2019-01-07",2.49462225488509,2.49902050954452,2.50557355258288,2.51852169300035,2.54379877434719,2.61492514854485,2.65868357398728,2.71931692439509,2.88481136112319,3.00683762871276
"2019-01-08",2.47451778092457,2.47863085526005,2.48477222661954,2.49695358239018,2.52091300605465,2.58961783601463,2.63284346141726,2.69396703565463,2.86829965707853,3.00418445566449
"2019-01-09",2.47331476351787,2.47832698010011,2.48579615014909,2.50055930737764,2.52939824253658,2.61068079157651,2.66078690408257,2.73034344986855,2.92097211831562,3.06229350079108
"2019-01-10",2.47385446949672,2.47731274870337,2.48250654993659,2.49291442722643,2.51379152152665,2.57654849080094,2.61814272728543,2.67960897243263,2.87076978458467,3.03461998259124
"2019-01-13",2.46881472111976,2.4722768352969,2.47748278605766,2.48793736628148,2.50899286595321,2.5728777909147,2.6156317090861,2.67930272930305,2.88013145225645,3.05468326598713
"2019-01-14",2.47567992322181,2.47907078209066,2.48418320269308,2.49449658443472,2.51543711186632,2.58002611330877,2.6238536008539,2.68962370921196,2.89770723637746,3.07592911231878
"2019-01-15",2.46188967741684,2.46626347617625,2.47280646709856,2.4858277974805,2.51160539588301,2.58670641240177,2.6348195592788,2.7039381472977,2.90755724367838,3.07234323696657
"2019-01-16",2.45219181676346,2.45818402355559,2.4670919555074,2.48462271055488,2.51857546853038,2.6121771510854,2.66832510156727,2.74428605935111,2.94044699748911,3.0742457930845
"2019-01-17",2.4705338340417,2.47767721443313,2.48825837939807,2.50894853455193,2.54851307161314,2.65405920920485,2.7148318541708,2.79393098156058,2.98092323474842,3.0935468510258
"2019-01-20",2.46772018375725,2.47435499024165,2.48419375539303,2.50347052803046,2.54047759585137,2.64020402917665,2.69835292506229,2.7749351338213,2.96084051423892,3.07699559309132
"2019-01-21",2.45786582758293,2.46374495923482,2.47248184507009,2.48966558473297,2.52290635486981,2.61426056663727,2.66884813151283,2.74242546213615,2.93079822508042,3.05770138822312
"2019-01-22",2.45637262357254,2.46232762109638,2.47117631950266,2.48857669428912,2.52222395875678,2.61460585386286,2.66974090149286,2.74397081871348,2.93350684950854,3.06070530871331
"2019-01-23",2.43543687234581,2.44123059726535,2.44984192509941,2.46678352297502,2.49957433234053,2.58982348581356,2.64384893184301,2.71679491372227,2.90430724764285,3.03136534859504
"2019-01-24",2.45953661863955,2.46625784639029,2.4762196139531,2.49571933262317,2.53308594311476,2.63330824739892,2.6914045952943,2.76749744926198,2.94993433180223,3.06197015332394
"2019-01-27",2.46179128031204,2.46767737145184,2.47642506984121,2.49363173253408,2.52692320262225,2.61846204855406,2.67319371402745,2.74700865872946,2.93624872510585,3.06398685192761
"2019-01-28",2.47081702456459,2.4749934499466,2.48123781012435,2.49365299375272,2.5181854716306,2.58933933298452,2.63469408125296,2.6995668674914,2.88901083786743,3.04081300825226
"2019-01-29",2.46120971899623,2.46349639418006,2.46701713565849,2.47436961318933,2.4902053359701,2.54471397234925,2.58499427527345,2.64840830319826,2.8578301674011,3.03518479118482
"2019-01-30",2.44435246486699,2.44427230896135,2.44445800673252,2.44586815117365,2.45239897521903,2.49402842608286,2.53353312166106,2.60118835750023,2.82692395382903,2.99840019780229
"2019-01-31",2.44760987955088,2.45109324784804,2.45633868883287,2.46689739364375,2.48824559706341,2.55340091889707,2.59707766884098,2.66188928378102,2.86173277674027,3.02704735154198
"2019-02-03",2.44534702043959,2.4503922635297,2.45791508964262,2.47279995676707,2.50193679848332,2.58449035567848,2.63570040087566,2.70719993016007,2.90565529746478,3.05521781442349
"2019-02-04",2.45531576098018,2.45920461678435,2.46503144535433,2.47666015389966,2.49980535776008,2.56811807006977,2.61251541300402,2.6770763926094,2.87186490266874,3.03367257953821
"2019-02-05",2.45735070019008,2.46088948521416,2.46621010835797,2.47689214509886,2.49839013680161,2.56342015965345,2.60671581249743,2.67077826301464,2.86889661862591,3.0354529191718
"2019-02-06",2.44382456110273,2.44534777179929,2.44782460624615,2.45342770712749,2.46693453373418,2.52074589294933,2.56327502778036,2.63089667659633,2.84191157915337,2.99802292266413
"2019-02-07",2.46579676608821,2.46425053404657,2.46241735485297,2.46038435865675,2.46203534798293,2.49920131238754,2.53975086029792,2.60998109967015,2.83069192409432,2.98008199601697
"2019-02-10",2.47002065242796,2.46972052016672,2.46963114233404,2.47066762922027,2.47701346622227,2.5203680895515,2.56131109269258,2.62992026655666,2.84498911456223,2.99494671082802
"2019-02-11",2.46848911755051,2.47013594029421,2.47281227012091,2.47885868610915,2.49338603978099,2.55065492974326,2.59532480987046,2.66541019325709,2.87742772071922,3.02802795327343
"2019-02-12",2.46656821392898,2.47018705538445,2.47562752565589,2.48654741193342,2.5085067651273,2.57469020246768,2.61846884906371,2.68271624367105,2.87651622477695,3.03278785276751
"2019-02-13",2.46608314948955,2.46671832682353,2.46791234848734,2.47111896676353,2.48045158327093,2.5256847218411,2.56489674115678,2.62986898376028,2.84119036253345,3.00086547840694
"2019-02-14",2.46761560359212,2.46950344508829,2.47244438377007,2.47869930134776,2.49255722242774,2.54234681988751,2.58005079281005,2.63986824263539,2.83580245775253,2.99641409844107
"2019-02-17",2.46181020992392,2.46380297469707,2.46688300540015,2.47335468933773,2.48743190664115,2.53670250121435,2.57353706931295,2.63188186374662,2.82566257780136,2.98983338865194
"2019-02-18",2.46007375068628,2.46068358094103,2.46179968824093,2.46471996197021,2.47304868580026,2.51329175078816,2.54868180603049,2.60852794315603,2.81390171429463,2.9809729323866
"2019-02-19",2.46779746662231,2.46850345729489,2.46975968936496,2.4729463239423,2.48175872539475,2.52316902380913,2.55919007939778,2.61987670965012,2.8278567620765,2.99749867452373
"2019-02-20",2.46369551874712,2.4670878853466,2.47219263497335,2.48245683448078,2.50317750591389,2.56638453700613,2.60891803170343,2.67253604213955,2.8747611301893,3.05185104968915
"2019-02-21",2.48074915332683,2.48000887760647,2.479274562497,2.47907830690378,2.48319945380753,2.52190058556684,2.56136527900951,2.62982604217088,2.85501364984003,3.01939794911116
"2019-02-24",2.48191927870814,2.48169787151065,2.48168966337719,2.48277131770412,2.48884535576141,2.53011161074091,2.56975344400702,2.63765169395051,2.86210268880408,3.02975980424006
"2019-02-25",2.48537433952289,2.48276648506544,2.47941360897965,2.47459151775724,2.47158236278768,2.50063588045648,2.53933510765377,2.61015418424341,2.84451141157766,3.00864651353344
"2019-02-26",2.47622914890592,2.47625078058176,2.47665458456202,2.47871345438566,2.48723394976612,2.53788334700369,2.58407265231711,2.66071651351095,2.90028230085158,3.06834575896676
"2019-02-27",2.46547587651422,2.46813506343345,2.47228560649861,2.48112894781345,2.50070119181336,2.56967755477578,2.62011210400074,2.69689410258536,2.92297391085044,3.08248952256505
"2019-02-28",2.47493137082127,2.47948321304339,2.48632069334224,2.50002290615869,2.52748113226048,2.60932484558006,2.66260463691336,2.73942863219111,2.96041004250787,3.1260024596894
"2019-03-03",2.46766705219771,2.47131923695955,2.47684766587512,2.48807197406337,2.51109637634457,2.58311606986958,2.63209955910889,2.70486442616806,2.92326120289422,3.09181777941314
"2019-03-04",2.48100491219542,2.48408449474836,2.48877606922535,2.49840347900527,2.51852267066789,2.58379492760723,2.62959955426443,2.69906595663421,2.91391585159084,3.08364780565183
"2019-03-05",2.48125743497651,2.48217476141497,2.48382223358745,2.48803479017725,2.49970763712733,2.55349031773313,2.59881284819826,2.67254500074878,2.90466617417045,3.07375477603632
"2019-03-06",2.47979411576078,2.47716754406388,2.47381719487801,2.46910103044015,2.46664337035727,2.49905568946813,2.54063903256961,2.61586122619151,2.86126081422986,3.03092076627065
"2019-03-07",2.4874154598711,2.48268478713758,2.47643609221209,2.46677142547598,2.45726700852702,2.48296916420314,2.5259474586614,2.60541502355186,2.85525406878519,3.01549340035983
"2019-03-10",2.48330043973801,2.48011122972997,2.47598136940008,2.46991960540428,2.46549730259182,2.49582919485876,2.53769069132025,2.614113021588,2.86191338591814,3.03025671536882
"2019-03-11",2.48639851041679,2.48092426534573,2.47356008508135,2.46167641696847,2.44786066021445,2.46263397547169,2.50044831594275,2.57525357412136,2.82627004745498,2.9955444264374
"2019-03-12",2.47652736985323,2.47337796902165,2.46927195335376,2.46314317149075,2.45822503917853,2.48563365096751,2.52536769074844,2.59929720759399,2.84631709717196,3.01955579779214
"2019-03-13",2.48370867113488,2.47937989509323,2.47367486812416,2.46490967770099,2.45661973300897,2.48370931198345,2.52732261327828,2.60864203693738,2.87238316296417,3.04863307273866
"2019-03-14",2.49154326320644,2.48404833015263,2.47390083034135,2.45726958907,2.43674004950094,2.44592459690714,2.48639255196458,2.5683313297317,2.83910892714573,3.01504969912522
"2019-03-17",2.48095466350517,2.47576718451572,2.46883488781712,2.45781939551625,2.44574523454001,2.46559821471034,2.50654808577529,2.5855636731615,2.84649782682838,3.02126880045859
"2019-03-18",2.4895481992392,2.48453642170486,2.47784659457507,2.46724563260603,2.45575671218554,2.47602069697073,2.5165972217522,2.59465094340283,2.85224733240116,3.02499782756353
"2019-03-19",2.49221703959121,2.47914987843654,2.46129085792403,2.43136090208488,2.3913569194887,2.37829691872208,2.41915071248671,2.50878829473976,2.79903242396599,2.97488846652609
"2019-03-20",2.49038064520204,2.47885779938914,2.46312904032291,2.43684760915733,2.40208531154681,2.39425151336956,2.43411434502974,2.52007885339461,2.79946546264233,2.97095480258786
"2019-03-21",2.50045673383172,2.4784446560583,2.44834753959748,2.39774896867583,2.32875889160221,2.2862880431374,2.32823190800061,2.42555621673862,2.71885340169542,2.87796728235782
"2019-03-24",2.4939841591771,2.46523640256338,2.42609664960145,2.36079989898385,2.27316291775889,2.22201232594312,2.27326206564903,2.38672663703655,2.70485769541237,2.86631875328662
"2019-03-25",2.50280292272432,2.47535103906058,2.43800609774423,2.37581065392378,2.29274325921944,2.2469866809671,2.29823625722304,2.40975374149848,2.72026367102945,2.87750895763903
"2019-03-26",2.48462600289618,2.45275508025693,2.40956827411842,2.33814871949386,2.24411580408277,2.19458082907423,2.25009600716283,2.36612795277813,2.66955652878879,2.81498116013664
"2019-03-27",2.45686009699713,2.4333570609312,2.40138154885897,2.34813902382084,2.27719197210382,2.24073867228285,2.28819366493214,2.39051969984045,2.67844714154563,2.82641785023259
"2019-03-28",2.45026088433121,2.42918076394094,2.40050165444936,2.35276149387694,2.28928334341477,2.25867217889603,2.30389529684281,2.4007385286563,2.67541907129054,2.81820564559165
"2019-03-31",2.43999405144055,2.42681397965999,2.40906770170296,2.38021219002831,2.34469359862326,2.34998313235085,2.39966272560597,2.49373744158364,2.75426986667968,2.89263498900446
"2019-04-01",2.46061814818814,2.44166381644048,2.41608329837711,2.37421200843749,2.3211585164594,2.31226054057099,2.36564542387294,2.46861093097344,2.7430605844446,2.88114726667998
"2019-04-02",2.45406952221381,2.43929801446932,2.4194741576004,2.38745098663645,2.34872108791019,2.35783908307251,2.41398938860884,2.51747364349043,2.79403643462815,2.93638380599805
"2019-04-03",2.45429143313089,2.43919105248516,2.41887571876934,2.38588223057882,2.34529768130319,2.34989211227551,2.40395275938615,2.50542669867004,2.78014510765211,2.92259052340088
"2019-04-04",2.46168207536104,2.44636147255024,2.42561040784487,2.39143163186824,2.34763410002574,2.34110170943302,2.38924106871962,2.4852774286134,2.75942518157759,2.90706010558381
"2019-04-07",2.45725584687243,2.44435795304927,2.42693909504582,2.39844772985202,2.3628384059622,2.36573201977709,2.41441565286721,2.50907228694093,2.78108111130849,2.93054135963304
"2019-04-08",2.45519696332296,2.44131517007836,2.42248608852091,2.39139994019639,2.35142570070721,2.3463897683553,2.3927802500047,2.48658660706464,2.76325516432749,2.91751956174954
"2019-04-09",2.44782507040069,2.43231304104402,2.41117827344262,2.37594926513481,2.3293269955762,2.31365483037086,2.35773295423623,2.45160718005063,2.73639296302902,2.89721231974395
"2019-04-10",2.44728316560896,2.43503296054502,2.41837411695873,2.39074532546832,2.35490173829068,2.35049814426604,2.3941823640812,2.4847712009966,2.7657684586931,2.93101096378446
"2019-04-11",2.4503324914571,2.44183975375936,2.43049648521546,2.41242709349103,2.39197972017248,2.41289464136497,2.46291109846102,2.55529580292084,2.82447807442069,2.97932304315775
"2019-04-14",2.44073838490467,2.43295271875209,2.42254225958876,2.40592876052311,2.38708618932777,2.40712855679553,2.45495891369369,2.54442710909667,2.81239519702099,2.97133725731771
"2019-04-15",2.4552803068284,2.44827635527186,2.43902136407168,2.42464767879975,2.4099450620968,2.43920037006769,2.49055197850708,2.58219797209548,2.84459485365076,2.99507943226127
"2019-04-16",2.45432551734334,2.44648632264298,2.43614539798448,2.4201318878298,2.40382634158219,2.43529970997963,2.48989100600473,2.58559220701872,2.84971662559976,2.99530140961412
"2019-04-17",2.44833528163499,2.43928119604364,2.42717202934007,2.40781459843854,2.38556767928863,2.4044841259726,2.45419209721302,2.54610602129113,2.81092468033733,2.96084690077738
"2019-04-18",2.45451179941804,2.44510949790089,2.43254949410488,2.41251815354008,2.38964084501055,2.40967241585526,2.46088166875374,2.55471754937234,2.82097493206933,2.96940655848486
"2019-04-21",2.46451527576772,2.45423093703646,2.44056431653748,2.4190043397514,2.39519348086467,2.42088552739892,2.47761988215628,2.5781763673669,2.85009870148915,2.99501012312018
"2019-04-22",2.46397493797921,2.45078839362612,2.43317684615857,2.40504310977643,2.37233947794622,2.39103191033738,2.45010414230454,2.55615335256449,2.83794335142782,2.98378817930703
"2019-04-23",2.45134711575273,2.43534052794085,2.41383899896713,2.37902584621617,2.33655444872408,2.343108973982,2.40076782256292,2.50761409702885,2.79224272725981,2.93780239882528
"2019-04-24",2.45691129616072,2.44161587330245,2.42111956132767,2.38810888771984,2.34850643524217,2.35939430104899,2.41771601503812,2.52392691387864,2.80333889690865,2.9452007262814
"2019-04-25",2.46109030725692,2.44022279485789,2.41222873788062,2.3669619841192,2.31149783243069,2.31244312179684,2.37604167669952,2.49204745190033,2.78484914742039,2.926366173058
"2019-04-28",2.4684041081154,2.44684795109408,2.41811775990898,2.37228016921079,2.31823944689619,2.33098226780881,2.40198590570737,2.52498127900375,2.81977411062526,2.95706106225462
"2019-04-29",2.46082971341962,2.43688984837146,2.40496716970394,2.35395036873705,2.29327626417556,2.30147982857409,2.3738701291493,2.49933901860221,2.79579596588269,2.93169756926677
"2019-04-30",2.44679831093056,2.42870232744511,2.40446433961192,2.36542008608426,2.3182489586435,2.32495673332275,2.38553017484041,2.49480124490593,2.77166311880484,2.90667773421555
"2019-05-01",2.44711501228812,2.43360991028979,2.41562313187477,2.38704309859599,2.35425882030502,2.37424389728389,2.43305826810981,2.53629949171332,2.80072046122633,2.93294829953929
"2019-05-02",2.45944754742888,2.44268351789688,2.42026981233709,2.38431242378491,2.34148350698419,2.35247686049336,2.41252289590103,2.5195806254163,2.79007725393582,2.92222293975736
"2019-05-05",2.46025171567345,2.43901493967325,2.41039611840184,2.3636751033605,2.30479437251693,2.2951846441101,2.35326680771375,2.46375982127076,2.75137065516507,2.89295667727942
"2019-05-06",2.45474943567407,2.43313799943174,2.40402932442656,2.35654637065717,2.2967538679702,2.28614558385764,2.34345706571799,2.45200689069424,2.73117268940602,2.8669732415704
"2019-05-07",2.45595578632426,2.43570399303404,2.40850484055279,2.36441718981405,2.31000922598399,2.30844757957809,2.3686477829207,2.47954633087864,2.76160213903693,2.89856745091342
"2019-05-08",2.45703274008186,2.4326971925124,2.39995314548852,2.34662552816697,2.27959059676137,2.26596766868773,2.32677507453184,2.44096798170232,2.7279589782346,2.86449032206698
"2019-05-09",2.45878379083273,2.43486392453779,2.40281019446985,2.35104826978025,2.28755041171424,2.28397117708242,2.34944147567283,2.46760961890422,2.75584245571793,2.89052134700567
"2019-05-12",2.45060895720692,2.4177946252593,2.37388788447902,2.30309061730569,2.2158632147983,2.19934161524102,2.2724082483874,2.4028738141448,2.70482675023908,2.83893114317756
"2019-05-13",2.44771313869195,2.41666515698862,2.37504625235808,2.30771509883134,2.2241707178138,2.20737028343347,2.27840946397498,2.40737043375323,2.71318982879427,2.85163916415452
"2019-05-14",2.44380297155538,2.40939081155562,2.36320215844252,2.2882461471457,2.19423007293908,2.16708131435344,2.2384205597403,2.37017732227769,2.68259791510359,2.82324846199027
"2019-05-15",2.42298383656753,2.39573125161748,2.35898900975058,2.29889182836755,2.2223569451033,2.19997931645323,2.26289493416417,2.38384834004916,2.69118265888688,2.83792428792701
"2019-05-16",2.43235791253868,2.4043061752766,2.36648750204383,2.30461911440157,2.2257002464421,2.20070672797571,2.26302900555833,2.38306604634518,2.68616781173492,2.829827029418
"2019-05-19",2.41940054522658,2.39553331885696,2.36340528665355,2.31104469863448,2.24517138700183,2.2324339767889,2.29352271286028,2.40866151900262,2.70078747048602,2.8410265749748
"2019-05-20",2.41517349421621,2.39661874012911,2.37147071683751,2.32996087281379,2.27622413499527,2.2616695860768,2.31221649294781,2.41411836753213,2.69919211988005,2.84834772445137
"2019-05-21",2.40906208062941,2.38784201923811,2.35896663333105,2.31089166460228,2.24701883158648,2.21760126612092,2.26524574334755,2.36705092826825,2.65852980075457,2.81182078287593
"2019-05-22",2.39858984049308,2.37072664001683,2.33291189892203,2.27021838236484,2.18737412415688,2.14533360204949,2.19828472093654,2.30986196558601,2.61085573844908,2.75959850547429
"2019-05-23",2.40058743214619,2.37392525123484,2.33768811588071,2.277443169518,2.19730571057113,2.15439947052971,2.20437714742638,2.3117947852382,2.60706994624822,2.75507885745483
"2019-05-26",2.3996995034366,2.37194657491835,2.3341220947191,2.27088212020055,2.18548248423093,2.13213468523533,2.17864336210862,2.28411225814884,2.58260234783768,2.73454184411453
"2019-05-27",2.39688459266955,2.36628041510703,2.32458483165227,2.25489781093175,2.16071709103898,2.0992998357483,2.14658456261561,2.25486258900417,2.55751683603133,2.70908860123233
"2019-05-28",2.40230599543874,2.36991695915548,2.32592258657818,2.25280682490209,2.15522944787512,2.09583627383969,2.14625930834713,2.2568610286556,2.55279984818294,2.69606157520796
"2019-05-29",2.42135566912035,2.38164504855314,2.32782340565859,2.23868314032048,2.12023980788159,2.04413597011601,2.09660167895544,2.21173430065437,2.50686120809537,2.64368113874003
"2019-05-30",2.41813089543109,2.35992657827239,2.28208394382053,2.15631158606757,1.99809130125939,1.92231358493479,1.99841057844398,2.139554017648,2.4457498044162,2.57267749412226
"2019-06-02",2.40424368548869,2.3324120546803,2.23716347112564,2.08572636792581,1.9021166356978,1.83488986856889,1.92943771399757,2.0890619260387,2.40632408908859,2.5314479564766
"2019-06-03",2.39755500936076,2.33196869424225,2.24507886125456,2.10726039877517,1.94172220375842,1.89376839160982,1.99146775226345,2.15331775851877,2.47576402110513,2.60366101021681
"2019-06-04",2.36580258878305,2.29631745012836,2.20477726054457,2.06122417656697,1.89405004106936,1.86980557075141,1.98455972693358,2.1643426708147,2.5089260664378,2.643220254408
"2019-06-05",2.33565475358961,2.27257408654844,2.18923519026276,2.0578377745409,1.90285288348445,1.8745034544856,1.97949991316662,2.14805091820303,2.47935198624844,2.61029086571859
"2019-06-06",2.3264083247423,2.25401065485117,2.15921124104613,2.01224992368499,1.84572061552612,1.83433774941406,1.95101945037357,2.12503733012572,2.44203097375345,2.56230469023594
"2019-06-09",2.31203415139599,2.25343703534747,2.17629160486169,2.05555033835334,1.91617732822407,1.90690916418941,2.01353147985651,2.179315210681,2.4990410880783,2.62445347709051
"2019-06-10",2.29447496243267,2.24517030020421,2.17959601301549,2.07493877672419,1.94820789061434,1.91902492966888,2.0083534397179,2.16020380612719,2.48100520501379,2.61372972149513
"2019-06-11",2.25272033832061,2.20388926196896,2.13886598688496,2.03487672277641,1.90853852692264,1.88070700332667,1.97323784245398,2.13202318408353,2.47349213471328,2.61664136326225
"2019-06-12",2.22643071680235,2.17642752911708,2.10984848489486,2.00338845080308,1.87411251985769,1.84603427958665,1.94106401106748,2.10400192230723,2.45427010200792,2.60109199556357
"2019-06-13",2.24800473901843,2.1946428347455,2.12358276815402,2.0098831190898,1.87127901454632,1.83505871892774,1.929934102827,2.09332454157268,2.44208332745957,2.5871901511185
"2019-06-16",2.25728699012411,2.20825834719601,2.1427472837026,2.03723893030049,1.90654787979946,1.86450110627308,1.950254947832,2.10314261854461,2.44053086678457,2.58382189622764
"2019-06-17",2.247501095967,2.20260944511295,2.14206332336652,2.04276177320669,1.91409695106458,1.84807551513458,1.91793933634746,2.05785757752273,2.3980890278783,2.55149494227751
"2019-06-18",2.19206783831987,2.13221757403968,2.05302407012506,1.92786005586594,1.77981486144466,1.75714660719915,1.86516192136847,2.04045609973709,2.39317073857052,2.53485114190008
"2019-06-19",2.14859751195914,2.10075166128558,2.03700042345074,1.93494576330938,1.81081882296218,1.78506239683691,1.87890505007694,2.04066565876599,2.39234718244087,2.54105279135315
"2019-06-20",2.17604007232816,2.11974761073931,2.04540893938422,1.92845095552448,1.79222418047003,1.78585796780565,1.89832455009904,2.07747590955405,2.43653831077443,2.58096993409506
"2019-06-23",2.1550662047845,2.09974963313262,2.02634105216271,1.90971224000644,1.77029746029958,1.74785976701654,1.85348039222845,2.02909005374561,2.39474688450075,2.54500332662354
"2019-06-24",2.16622134694042,2.11168555536535,2.03886613726663,1.92173964631358,1.77709306281037,1.73190728928033,1.82715017387649,1.99578911602334,2.36515084201383,2.5212475121235
"2019-06-25",2.16964959898974,2.12018435948349,2.05432836224286,1.94906790025842,1.82152972415364,1.79687146501588,1.89407019713147,2.06035267638276,2.41903873284467,2.56994594634175
"2019-06-26",2.16920505846066,2.11683573248067,2.0470974459374,1.935534245827,1.79974287044694,1.76690277030256,1.86297670607048,2.02816424018746,2.38211441571237,2.52994115028683
"2019-06-27",2.22169705254203,2.15712130283886,2.07177557981953,1.93713911089582,1.77825563144966,1.75064727622689,1.86060294908742,2.03754408229313,2.38738585974251,2.52621697484665
"2019-06-30",2.19027443268443,2.13579160402096,2.06341300903,1.94815694174764,1.80941107612473,1.78104711845634,1.88101609416879,2.04906559246457,2.40071693291384,2.54542412130254
"2019-07-01",2.23681833141423,2.17014848363575,2.08177019892727,1.94147551200605,1.77293011366379,1.72772071062527,1.8324071025904,2.00623639870315,2.35631901935279,2.49629351843409
"2019-07-02",2.24611242386899,2.17787933832254,2.0873856329728,1.94355231693515,1.76990894640461,1.71641034304788,1.81741841120872,1.98658017499622,2.32681343330817,2.46245231224309
"2019-07-03",2.25385416768793,2.19234973324411,2.11048751120242,1.97951172353451,1.81908553809963,1.76432774838801,1.85819326565377,2.02072122858693,2.36023650324226,2.49874833113752
"2019-07-04",2.25965867410355,2.20456866489541,2.13109222478121,2.0131071261073,1.86760315714438,1.81785787978476,1.9065122206461,2.06262891800912,2.39751577934499,2.53667127452818
"2019-07-07",2.24922105351549,2.19960086142335,2.13329419819693,2.02644863760404,1.8936668294502,1.84582320363248,1.92694944122762,2.07245980083641,2.39145843346202,2.52593582411348
"2019-07-08",2.24877434108683,2.20301371698007,2.14171738675679,2.0425056645999,1.91800129614033,1.87011042246599,1.9463385223582,2.08637325290108,2.40221378474042,2.53796547671081
"2019-07-09",2.19627414466562,2.14374450980443,2.07412510854293,1.96380566067167,1.83285825885192,1.8160666432037,1.91803244656001,2.08555183310005,2.43090246643011,2.57204135459966
"2019-07-10",2.17535972828796,2.13136195610006,2.07322121408665,1.9817621901024,1.8761631443564,1.88613400119994,1.99151367239109,2.16047384407691,2.51087725973669,2.65581026939859
"2019-07-11",2.17427171113328,2.12847056726586,2.06787269571618,1.97229086101388,1.86096520787783,1.86515480567876,1.97078927507915,2.14170139890071,2.49772724051363,2.64518331733436
"2019-07-14",2.17649119427998,2.12794429510157,2.06368075863185,1.96215948798402,1.84306717381426,1.83932346193863,1.94354660854479,2.11282418500272,2.46304605721758,2.60706272470215
"2019-07-15",2.17716368833852,2.13283600001608,2.07400408766425,1.98060785974398,1.86980951563538,1.86329725190432,1.96072103012337,2.12245113753554,2.46647507085719,2.61060927903857
"2019-07-16",2.15133787605348,2.10500380086199,2.0433866101215,1.94514382431831,1.82700868644879,1.8098438904684,1.90481844977653,2.06541646483454,2.40999736835423,2.55474018711645
"2019-07-17",2.09110762116123,2.04445775169001,1.98258135220014,1.88448223551543,1.76859132769239,1.76491333420236,1.86954357666874,2.04233748465239,2.40898674020598,2.56248513621731
"2019-07-18",2.1207934755809,2.07978912489745,2.02511824608101,1.93757024454492,1.83154630178768,1.81866747841612,1.91084349926144,2.07008071446895,2.42563974304336,2.57969086496151
"2019-07-21",2.13475573082982,2.09204059373004,2.03499544597928,1.94332027078902,1.83107520701538,1.80943326191593,1.89985502551195,2.05867026936335,2.41604426118184,2.57125390486524
"2019-07-22",2.13596804870774,2.0978480480502,2.04680887410643,1.96442160246754,1.86274239888326,1.84422273306643,1.93131681293824,2.08767594896712,2.45362563869233,2.61769559281304
"2019-07-23",2.12817187551209,2.08999349731042,2.03871373617642,1.95539354082746,1.85064634522872,1.82048589547481,1.90116024783168,2.05107256523033,2.41042103288648,2.57366250640808
"2019-07-24",2.13188048113595,2.09879357415836,2.05427777350325,1.98175370907637,1.89026361414753,1.86672172761467,1.94313112933615,2.08693228299254,2.44328470582883,2.61014583803516
"2019-07-25",2.16494174311714,2.12524506163908,2.0720386232774,1.98592882068691,1.87863792495637,1.85042283369352,1.93311089463215,2.08363133444645,2.43510793944117,2.59164304355097
"2019-07-28",2.14648392165412,2.11040456455393,2.06186899517601,1.98277772590142,1.88268129691831,1.85181492517274,1.9286070312044,2.07354448950309,2.42773020453806,2.59101690991599
"2019-07-29",2.11521221911949,2.0826891251076,2.03888483064786,1.96736490177624,1.87661411110099,1.85044797647167,1.92410335871185,2.06438572807406,2.41545532932273,2.58089760899023
"2019-07-30",2.07764230477907,2.05489823500722,2.02376206084852,1.97130860578507,1.8995478443459,1.85597686432958,1.90194125412847,2.00941012452711,2.34192271484093,2.52751261624906
"2019-07-31",2.11755980938647,2.07030170861114,2.00642041196324,1.90119393565455,1.76342451293132,1.68674293463096,1.75808175266511,1.90567026087727,2.27417861421828,2.44320436327994
"2019-08-01",2.11714957630738,2.0640172110529,1.99253391064355,1.875790598976,1.72565231608858,1.64777995208289,1.72349139844506,1.87242814554964,2.22096813745886,2.37325662085399
"2019-08-04",2.09139478024439,2.02601435196141,1.93813420738717,1.79475774272417,1.61008747532369,1.50387604511522,1.58230076942632,1.73906855027414,2.09761931053238,2.25056610754348
"2019-08-05",2.08960676904235,2.02787920276874,1.94454264745788,1.80742415737923,1.62722789329044,1.50894072843953,1.5769348409783,1.72369003037966,2.07714534664747,2.23235347026388
"2019-08-06",2.05510246236382,1.99819884746849,1.92158709391338,1.79624203335448,1.63398197125171,1.54087232232111,1.61316793790675,1.7592930210117,2.10149094221339,2.25015425040855
"2019-08-07",2.05748920418898,2.00159662066354,1.92615987851331,1.80213335527963,1.63959242813136,1.53675683377755,1.60226813147517,1.74122489819819,2.07555635876906,2.22277861977227
"2019-08-08",2.06563814801934,2.01081665802664,1.93695076344297,1.81591897288329,1.65869677607245,1.56638382621309,1.63534484258425,1.77639305945092,2.10973876544539,2.25535674330705
"2019-08-11",2.06694233797427,2.00406854493277,1.91938751286136,1.78062630683717,1.5995804816053,1.48039897243305,1.54337509068598,1.67761758676499,1.98995635296103,2.12340316590511
"2019-08-12",2.05736544229567,2.01154254751609,1.94905085327025,1.844237904298,1.70024464899793,1.57988208886682,1.61904906693424,1.72589774797573,2.021896437911,2.16302997984525
"2019-08-13",1.9952308956599,1.94711567547734,1.88140367634274,1.77084238215536,1.61753696624612,1.4791709820237,1.51029471723885,1.60770149736542,1.88414710822833,2.01590314749058
"2019-08-14",1.98554929134746,1.92259344633872,1.83782443809347,1.69892968220733,1.5173523504528,1.39162311569276,1.44689947957062,1.56817766933382,1.84847629930245,1.96695048696301
"2019-08-15",2.00648164868006,1.93868231416407,1.84775616422986,1.69993167985836,1.51034644858374,1.39498821397148,1.46332038213594,1.60044767753864,1.90327227745097,2.02864533083785
"2019-08-18",2.02368396361362,1.96268020837568,1.88059072470552,1.74630343079329,1.57178511724586,1.45954533365736,1.52169743656024,1.65202531431771,1.95204458718176,2.07948856073073
"2019-08-19",2.0399109866503,1.97219231671043,1.88111790278396,1.73223300908868,1.53866906360021,1.40921465089502,1.47111319992515,1.60321038200838,1.90423719511858,2.03063838833786
"2019-08-20",2.03798051616588,1.98078664090606,1.90315955943758,1.77407308644246,1.59977378231063,1.46093653399433,1.50721647019466,1.62549813079491,1.93012319950813,2.06757516975349
"2019-08-21",2.04325275300042,1.99011340772615,1.91774970797498,1.79667903928954,1.6310496428296,1.49227105416783,1.53398376962326,1.64824487278344,1.95753807084886,2.10175574260478
"2019-08-22",2.05663124936112,1.98807190933016,1.89555705229574,1.74333452401768,1.54233827838065,1.39475526402585,1.45058652560958,1.57996454764101,1.88726952858213,2.0188607493382
"2019-08-25",2.06884643762685,2.00099437639986,1.90920896882613,1.75748644281824,1.55503545592456,1.39850597178488,1.45057958203353,1.57853792791928,1.8926801048444,2.02960475666668
"2019-08-26",2.06262693901364,1.99586419858152,1.90509664220626,1.75357994035994,1.54656327779291,1.36374177783625,1.40034473720075,1.51292319047413,1.81148361857646,1.94585921653462
"2019-08-27",2.05586299902476,1.98736080352881,1.89443190276525,1.73996049801096,1.53100677290642,1.35586024134438,1.39945075875062,1.52003682997735,1.82870617688076,1.96552928369145
"2019-08-28",2.0587804304138,1.99178253241065,1.90100262668169,1.75043146356895,1.54768453846268,1.38043573611725,1.42345067320618,1.53944273225228,1.83123536278347,1.95918922688652
"2019-08-29",2.07055024029204,1.9998380091038,1.90430576149254,1.74671324618414,1.53703658238892,1.37257258837124,1.42087451290482,1.54170488402031,1.83326191773822,1.95820431524218
"2019-09-01",2.0647134758767,1.99346771037386,1.89706828544023,1.73759444536809,1.52408424738132,1.35203878219926,1.39910903681825,1.52150327414806,1.82319775268784,1.95398943753761
"2019-09-02",2.05255386899826,1.97828561403782,1.87789400067444,1.71212252892133,1.49112999830293,1.3168867570871,1.36797130056342,1.49666726990039,1.80953955571795,1.94428866151431
"2019-09-03",2.04512104488626,1.96639428722813,1.86051577285868,1.68737127269814,1.46170019615805,1.30387749054228,1.36796977464581,1.50895230217013,1.82957464760255,1.96329785881252
"2019-09-04",2.03096236434983,1.96789561282672,1.88263832411704,1.74191385853346,1.55500136150576,1.41672076474038,1.47104374848527,1.59847446697985,1.90882625686196,2.0442495984617
"2019-09-05",2.03215339914925,1.96902297238308,1.88382356154911,1.74362352429385,1.55857769556714,1.42447430610278,1.4782287960521,1.60142099882955,1.89465268517229,2.02067451607315
"2019-09-08",2.02295681872767,1.96681941524583,1.89102370990615,1.76627341699068,1.6020810938564,1.49165087057271,1.55052200284481,1.67917614854124,1.98878526917371,2.12429641331451
"2019-09-09",2.01387641944462,1.97088230327143,1.91248727830236,1.81535779417047,1.6848339494349,1.59265641880128,1.6433517462309,1.76095540964554,2.0697129501756,2.2142984806985
"2019-09-10",2.00170778353833,1.95825895125966,1.89944097563394,1.80223379772871,1.67362646853908,1.59199343766875,1.64825910886841,1.77018295511461,2.07723142103534,2.21759640164852
"2019-09-11",1.99815889249723,1.96228621533301,1.91337775931589,1.83147476114175,1.71993428381599,1.63870340224433,1.68443537583865,1.79475275533656,2.10253798669095,2.25427667447659
"2019-09-12",1.98018965841024,1.95727937866935,1.92602444361234,1.87371064139648,1.8031631548,1.76373811331437,1.80966505666036,1.9123185680149,2.21290081959478,2.37261109512197
"2019-09-15",2.05362105274776,2.01401142695164,1.9605250714043,1.87259364543011,1.75797188187641,1.69579451114987,1.75560941606119,1.87771862530267,2.17846094541475,2.31505444907605
"2019-09-16",2.04147680478933,2.00035942512232,1.94473823397064,1.85295469409318,1.73204105379023,1.65848996317872,1.71431276740243,1.83300761838103,2.12987648147458,2.26531923927212
"2019-09-17",1.96292316307845,1.93961753461555,1.90745207847478,1.8523479702218,1.77345014910983,1.70141033425804,1.72750567088988,1.80819387190657,2.08414829354793,2.24389900744511
"2019-09-18",1.96409758272439,1.93946921821691,1.90546830388222,1.84717856324448,1.76351998453928,1.68523272593452,1.71052123777955,1.79170758278317,2.07034123651733,2.23090463089548
"2019-09-19",1.9695691903873,1.93705760923661,1.8924299866505,1.81670219928289,1.71021181216137,1.6155555958647,1.64598227933547,1.73654825081779,2.01624373902856,2.16234319626336
"2019-09-22",1.96025411215733,1.92746295397312,1.88253323194082,1.80656404632971,1.70066594504922,1.61147340151503,1.64584462839684,1.74098636973133,2.02641500602053,2.17331522090659
"2019-09-23",1.95443215292912,1.91800806271927,1.86787709444232,1.78235524670513,1.66043041754342,1.54195690315908,1.56727400528191,1.65736600551252,1.9491027841381,2.10400006170722
"2019-09-24",1.89920382536911,1.87687497526533,1.84592766143468,1.79248598953972,1.71456319572319,1.63681672206265,1.6580192409916,1.73413904419995,2.01586024673797,2.18856941541377
"2019-09-25",1.86214425811494,1.84103827254495,1.81169821890342,1.76074341934383,1.68547381128951,1.60556340212364,1.62240801439916,1.69247862869036,1.9681719649641,2.14445199459019
"2019-09-26",1.90326809444235,1.87094597873401,1.82673651030967,1.75224197382191,1.6492764293943,1.56713885142391,1.60430002472578,1.70130950799501,1.98480793754357,2.12868266915307
"2019-09-29",1.91058640374425,1.87546020661104,1.82750754083645,1.746982026241,1.63643593908527,1.54973364979343,1.58873739945362,1.68835446191303,1.97027355881792,2.10940248232192
"2019-09-30",1.8422595338067,1.81010788934067,1.76612312421577,1.69199094608601,1.58954895049234,1.50899844564166,1.54783412214784,1.64812624695732,1.94271752963606,2.09341071131168
"2019-10-01",1.80733867198509,1.77126672172351,1.72209470041532,1.63978743507085,1.52789080574955,1.44831094768713,1.49648491289773,1.61113719293722,1.93103396503513,2.08928873153361
"2019-10-02",1.74816656424624,1.7067175399737,1.650562597663,1.55765951270627,1.43473267431521,1.36057785576574,1.42057782254611,1.54929381188668,1.87946434830841,2.03351161089704
"2019-10-03",1.76173066376722,1.71783907828829,1.65849587303411,1.56067683290221,1.43220542107675,1.35649517865508,1.41803556461528,1.54724822283306,1.86891564731079,2.015473264828
"2019-10-06",1.77627847147884,1.74068871513497,1.69205385418086,1.61025563763322,1.4977688811008,1.41171327517491,1.45587575471464,1.5670970511856,1.88843375853143,2.05096841939617
"2019-10-07",1.74805231846377,1.71127771823102,1.66104490565582,1.57662727543972,1.46075810852141,1.37309309859895,1.41922327430025,1.53429526933949,1.86469882241435,2.03112786144957
"2019-10-08",1.72947202838382,1.69781295797395,1.65467926262774,1.58259945008254,1.48531395302255,1.42379988897838,1.47528370805425,1.59210824733656,1.92017454158793,2.08573047354021
"2019-10-09",1.71910874065765,1.69665122743416,1.66604644089789,1.61494820225829,1.54661219151629,1.51342674109523,1.5637274273388,1.67319291774563,1.99337483762497,2.16488607105606
"2019-10-10",1.73678914048882,1.71754524166154,1.69144514848477,1.64830753875632,1.59229461085757,1.57655530325625,1.62915102528132,1.73594682477225,2.03768025121975,2.19696489644116
"2019-10-13",1.73487673271229,1.71872307593872,1.69692796299735,1.66131694167946,1.61672952255027,1.61670207882515,1.67162801249124,1.77726852998236,2.06962775107041,2.22365361192465
"2019-10-14",1.7157762415067,1.70029364767376,1.67947600207349,1.64571988974503,1.60447638529856,1.61213884992144,1.67074472679725,1.78044560314779,2.07970164654945,2.23652862383599
"2019-10-15",1.69851096783421,1.68027956053475,1.65576909351678,1.61600696747238,1.56716386211368,1.57181710324592,1.63498203124207,1.75271109766737,2.06631109023199,2.22625941637284
"2019-10-16",1.69354937575811,1.67735131896541,1.6555996352351,1.62042193954326,1.57776472780049,1.58756743086871,1.64963195955005,1.76463739579949,2.07477626334174,2.23577615647939
"2019-10-17",1.70774864895111,1.68492723443677,1.65452517149082,1.60607867520837,1.54923513579997,1.56515970552578,1.64260533701587,1.7764578478523,2.09800251431743,2.24826231371902
"2019-10-20",1.70926230890099,1.69129046835768,1.66744471655405,1.62983142934734,1.58749253900029,1.61599200195984,1.69195796415265,1.82150990528308,2.13867941111119,2.29101859644409
"2019-10-21",1.70994037168933,1.69039286411988,1.66426121472842,1.62235213430311,1.5724849242848,1.58566664091919,1.65595345582505,1.78115733822382,2.09734916145326,2.2517912159064
"2019-10-22",1.70054768307622,1.68156264764279,1.65626736349394,1.61598975692323,1.56913801961768,1.5887201450841,1.66116175893634,1.78739221381864,2.10020404410654,2.25112047140706
"2019-10-23",1.71512661950173,1.6941490155765,1.66616413165071,1.62146214074364,1.56879119600145,1.58432688294901,1.65852709066377,1.78844523522453,2.10818627886232,2.26090762768867
"2019-10-24",1.70802385970219,1.69236934520975,1.67150836971743,1.63832832283451,1.60018783524094,1.62347978181666,1.69244014161524,1.81408784480431,2.12843759362739,2.28697442905898
"2019-10-27",1.69111065557464,1.67979365700997,1.6649386067122,1.64214947975302,1.61948936730532,1.66368152758577,1.73644231697574,1.8590348066008,2.17335184874854,2.33415957248254
"2019-10-28",1.64772775364743,1.64282944822784,1.63659852673784,1.62783742145803,1.62293441957837,1.67468116406017,1.73817858540298,1.84629381700532,2.1544416861086,2.33591862388202
"2019-10-29",1.62328538386792,1.6169870384923,1.6087123082792,1.59606038495929,1.58411919840925,1.61982390740737,1.67596337452568,1.77656796853462,2.0754069886998,2.25558055552438
"2019-10-30",1.55895438796061,1.55217815785481,1.54317025201744,1.52901080185266,1.51400254464418,1.54154682306344,1.59385416356773,1.69127908911123,1.99313146609085,2.18160367992791
"2019-10-31",1.56027247056635,1.55510924015986,1.54835520550993,1.53815385725263,1.52918076787662,1.56473240024777,1.61768026483303,1.71323545141358,2.00650440347888,2.19118017214024
"2019-11-03",1.57431770492009,1.5715667502125,1.56823621951476,1.56423161161975,1.56540238877631,1.61892022359354,1.67767473098252,1.77759377405132,2.07560704639282,2.26405650632921
"2019-11-04",1.56494094834505,1.56837584924737,1.57372035405452,1.58505340702594,1.60995815123254,1.69682779130601,1.75997188769411,1.85588925388144,2.13826075425725,2.33816206721301
"2019-11-05",1.55904369031943,1.56113607667998,1.56456614692139,1.57240769533479,1.59153636075012,1.66833018438427,1.72878042450509,1.8239791924749,2.11268202520196,2.31762013863004
"2019-11-06",1.55541284481353,1.56267578230994,1.57349611725108,1.59487297883208,1.63659286117461,1.75390410775164,1.82601466973584,1.92585454708541,2.19787640847495,2.39797620104585
"2019-11-07",1.55852422061048,1.56633039358685,1.57794990179143,1.60086986302865,1.64546384725329,1.76987002585471,1.8456071267508,1.94952416864919,2.22688722970656,2.42526041247461
"2019-11-10",1.55971628531974,1.56748040343575,1.57903951707433,1.60184812841511,1.64625542193156,1.77035645410484,1.84606964651896,1.95016386262178,2.22929444213099,2.43022771096011
"2019-11-11",1.56154463340513,1.56874089633586,1.5794839029564,1.60078279610196,1.64261789828243,1.76182019550646,1.83592737613937,1.9390759951286,2.21858919011492,2.41690634614378
"2019-11-12",1.56693046884431,1.57084126341458,1.57692789433959,1.58983196606708,1.61812371065139,1.71555690135493,1.78497859159672,1.88813721853609,2.17601623760927,2.36567202519531
"2019-11-13",1.57420396265435,1.57251157243394,1.57079405440393,1.57007697237798,1.57788190357894,1.64930938455953,1.7170363216733,1.82558222902372,2.12486456658536,2.30110360929431
"2019-11-14",1.5808849161851,1.57992992920876,1.57924047978507,1.58031999559988,1.59082604883015,1.66551341036145,1.73311839125683,1.84005068464456,2.13265686576524,2.3050159241282
"2019-11-17",1.57687679839712,1.57510543887453,1.57327273637223,1.57233652810715,1.57974444425917,1.65024679166517,1.71752317259282,1.82556393845589,2.12396182058368,2.29983024127591
"2019-11-18",1.56619288496999,1.56594619208759,1.56608405355638,1.56806100439593,1.57793189023382,1.6402181037935,1.6970260653314,1.7899342646645,2.06800357235339,2.25180550096689
"2019-11-19",1.57388824341114,1.57075330746372,1.5668448318183,1.56167765850917,1.56050056034921,1.6068935946647,1.66094926043999,1.75410343524236,2.03368555873914,2.2101891881014
"2019-11-20",1.57829550483016,1.57769804541911,1.5772840201913,1.57807767858819,1.58535202582925,1.63932071196409,1.69103770914498,1.77777626274137,2.04752460718166,2.23285804129155
"2019-11-21",1.5895844993608,1.58962682954785,1.59003388458018,1.59201369593338,1.60013156046361,1.64908257801015,1.6947354564637,1.77233971679824,2.02894796794595,2.22245195884208
"2019-11-24",1.60238233367066,1.60062959580291,1.59851969358578,1.5960521166568,1.59730425142885,1.6367609342128,1.68128918897478,1.76012133101445,2.01847457925175,2.20204042465296
"2019-11-25",1.62667319484798,1.61974091216048,1.61057183718184,1.59630479184956,1.58163482305929,1.61060210497928,1.66202570380283,1.75447101930021,2.02281272619067,2.17897567281852
"2019-11-26",1.63016248726258,1.62681495520718,1.62253481518807,1.61645169622794,1.61287078193318,1.64933290238403,1.69589546517008,1.77805298446881,2.02992208306094,2.19108392215813
"2019-11-27",1.62809372445463,1.62478401541807,1.62055491797266,1.61455529165983,1.61107980130788,1.64756029323648,1.69402639017918,1.77602002380013,2.0276956785552,2.18903198554999
"2019-11-28",1.62170516742586,1.61778948923062,1.61281570229337,1.60585449185893,1.60214326958137,1.64517077354505,1.69779251647677,1.78775429671683,2.04705561563875,2.2018742928712
"2019-12-01",1.61660121496298,1.61175737304342,1.60577885092836,1.59803268261248,1.5965336755312,1.6607355118843,1.72962751103734,1.83917907100974,2.1183967696556,2.26545408899018
"2019-12-02",1.60601180309086,1.59569545532258,1.5820106530722,1.56051318178736,1.53716369524874,1.56597501617915,1.62548703482698,1.73037665410251,2.01371130126471,2.16496647636962
"2019-12-03",1.58064537108563,1.57683839866658,1.5721462866323,1.56612469672408,1.5654620604173,1.62213557987136,1.68440053602013,1.78685484653211,2.0676764465223,2.22789211405049
"2019-12-04",1.56559459741034,1.56531915782352,1.56555142963209,1.5681505239892,1.58058824389389,1.65516668259941,1.72002629717039,1.82142320249446,2.09718707510505,2.25987985498671
"2019-12-05",1.52736569410833,1.53333025295164,1.5422319425426,1.55987359786708,1.59451630726261,1.69345331890922,1.75540551451714,1.84264050525968,2.0892385304226,2.27938286658169
"2019-12-08",1.54216129774939,1.54692319860811,1.55408124756689,1.56844420598085,1.59730115676227,1.68392335493583,1.74082273022769,1.82360592087429,2.0670373737696,2.25533679729467
"2019-12-09",1.54947690720651,1.555223474517,1.56379767087409,1.58078269877547,1.61410690953993,1.70907089304529,1.76838315163274,1.85170898962919,2.08610391562835,2.26574941477978
"2019-12-10",1.5488365620954,1.55260566680567,1.5583118958655,1.56990173589509,1.59370513254024,1.66856592610314,1.71993903200586,1.79706573135779,2.0354206374215,2.2277684973313
"2019-12-11",1.5503270433522,1.55755810913818,1.56831064355395,1.58948190810273,1.63052520857758,1.74395932765503,1.81221789117988,1.90484013428443,2.14571225948597,2.31167962415603
"2019-12-12",1.55457295305947,1.55635091525598,1.55945367193899,1.56709646374149,1.58722442133995,1.67185624172929,1.73725213490107,1.8356144141203,2.09761981301637,2.25327868391347
"2019-12-15",1.55552688342021,1.55978522153771,1.56642680713658,1.58053239434213,1.6114008935812,1.71529573074153,1.78642500631722,1.88749892113207,2.14127596652185,2.28710821179135
"2019-12-16",1.55569451101054,1.55988645841805,1.56646745358629,1.58057831402973,1.6118693060792,1.71890607473599,1.79268017030413,1.89752207870285,2.15888406335258,2.30709542313323
"2019-12-17",1.55213950206276,1.55685924113759,1.56431940113202,1.58045492143361,1.61654346151855,1.73955098006614,1.82260707990348,1.93750279302329,2.20623392112126,2.34712250972255
"2019-12-18",1.54065046882926,1.54662434679905,1.55581072618395,1.57489331016338,1.61520601043191,1.7427585034502,1.82572215840319,1.93943168223562,2.20812983009409,2.35330274350345
"2019-12-19",1.55787677108372,1.56110204976706,1.56657641945349,1.5795591046348,1.61194453713014,1.73510962691398,1.82147969324981,1.94082994916301,2.21012180522862,2.34342189860398
"2019-12-22",1.55790119911561,1.56413011275853,1.57362934408554,1.59311270547743,1.63350117983446,1.7580606941949,1.83813414169302,1.94788297836079,2.2109559382722,2.35694754447974
"2019-12-23",1.5632119046956,1.56621680499319,1.57126169258616,1.58308751419768,1.61233987766754,1.72447587079048,1.80488276649683,1.91885258057512,2.19028598952059,2.33297072799739
"2019-12-24",1.56235023290272,1.56664303994689,1.57336207715709,1.5877070702886,1.61933643109228,1.72689318964859,1.80095293222456,1.90641627213844,2.17137624922664,2.32335686193932
"2019-12-25",1.56432317222522,1.56818433825776,1.57432896954233,1.58776183095062,1.61833740220785,1.72626902312471,1.80169880916476,1.90912241155835,2.17486345876977,2.32307367296839
"2019-12-26",1.56960617630624,1.56561480102934,1.56137417396285,1.55846488113223,1.57025843544641,1.68043697014237,1.77347571473377,1.90484810270569,2.18613857568278,2.31332079454109
"2019-12-29",1.53344977016105,1.53479649314703,1.53764394478335,1.5460099921612,1.57136745435653,1.68564641523872,1.77206119051484,1.89546170374192,2.18366607613087,2.32946290589535
"2019-12-30",1.53686235602357,1.54058236128719,1.54668196810271,1.56056125870874,1.5937502526981,1.71698639182693,1.80449995480076,1.9287186637852,2.2283025510369,2.3888567327668
"2019-12-31",1.53647555459688,1.54189958604263,1.55032162987289,1.5680842095061,1.6065253034491,1.7333571054652,1.81871961137163,1.93849316558316,2.23254003032923,2.39751352068622
"2020-01-01",1.53121599029195,1.53497330498432,1.54098136859084,1.55421042870954,1.58465295402255,1.6941830192709,1.77201129280765,1.8843072517341,2.16897220630676,2.33206432958817
"2020-01-02",1.53612679162865,1.5339643627664,1.53167486538103,1.53023221037796,1.53786222978007,1.61338942041953,1.68420058539805,1.79520123253819,2.08577447788137,2.24674818171011
"2020-01-05",1.54364920218415,1.54197035391924,1.54036525102592,1.5401601476698,1.54984671262729,1.62968962360657,1.70277729146311,1.81705857590226,2.11823287200194,2.28718278160166
"2020-01-06",1.5405989892754,1.53865000401601,1.53673892473167,1.5362379294836,1.54632572211932,1.63142882327751,1.70886561636372,1.82874459056914,2.137600872411,2.30640955016362
"2020-01-07",1.52743850185692,1.53078740882397,1.53621690021837,1.54840947572272,1.57724414033957,1.68521194973335,1.76414728366695,1.88023712623477,2.18405266392593,2.36390693340337
"2020-01-08",1.5276891527259,1.53073128066486,1.53569577889488,1.54694439647948,1.57385800199675,1.67613420960654,1.75156211805367,1.86301592786221,2.15651863461582,2.33116899371572
"2020-01-09",1.53107098300624,1.53233245968126,1.53478367941785,1.54152705860692,1.56120103468263,1.65108600094468,1.72246882581227,1.83029807988244,2.11458999818458,2.27973185796572
"2020-01-12",1.5418471770406,1.54364854170749,1.5468748837729,1.5550507826052,1.57716933329148,1.67185827660591,1.74502025930573,1.85427855708038,2.13912275288971,2.3035522285903
"2020-01-13",1.55229312475263,1.55150747665517,1.55108165702219,1.55271321373425,1.56435978787946,1.64195493882211,1.71066735557362,1.81794504320761,2.10520305911735,2.27067750235297
"2020-01-14",1.55767069973546,1.55517007395909,1.55233098312098,1.54966131608209,1.55448462044558,1.62094346376975,1.6864591417909,1.7914686156581,2.07497235106934,2.23651117543804
"2020-01-15",1.54015874494342,1.54101879923697,1.54284684424499,1.54828193311983,1.56518197734015,1.64675015208014,1.71336186885196,1.81569587942775,2.09294990432479,2.2585038207548
"2020-01-16",1.55466121143708,1.5534092285983,1.55238301688832,1.55313272503367,1.56403994934132,1.64393812715164,1.71547549252932,1.82663752065081,2.11855178894505,2.28232266836954
"2020-01-19",1.55001495081143,1.54708031951308,1.54372056039759,1.5404283462499,1.54534728461249,1.61794513449765,1.68915272444575,1.80207931687365,2.09957344838937,2.26434797325579
"2020-01-20",1.53922014579393,1.53609698358178,1.53243622070161,1.52848759174831,1.5319480764341,1.59998259002814,1.66856009753334,1.77850085277868,2.07220740726671,2.23686748140012
"2020-01-21",1.54876916556465,1.545109715732,1.54068908282288,1.53536634956053,1.53656300746822,1.60024199120903,1.6669609036636,1.77471941846634,2.06274688549571,2.22338034551274
"2020-01-22",1.55557946527985,1.55033391012799,1.5436044232369,1.53391030334691,1.52729598280795,1.57387909370691,1.63331166694468,1.73434384024075,2.01716389370781,2.17954117430806
"2020-01-23",1.55091225179089,1.54328512369834,1.5331930254959,1.51747062093235,1.50119297819803,1.53182926824987,1.58695106461964,1.68584836348716,1.97080098307505,2.13511748352781
"2020-01-26",1.56654911862031,1.55295887777825,1.53455251436687,1.50426695299248,1.46576275894307,1.46468309722043,1.51362094473501,1.6111978389653,1.89850398466637,2.05940777637828
"2020-01-27",1.57550895218257,1.56324856933413,1.54676871066204,1.52010145121788,1.48797511221644,1.50057652363217,1.55535191925843,1.65856612694142,1.95247277483992,2.11460282455491
"2020-01-28",1.56810745944586,1.55069434987464,1.52711083933338,1.48826242978785,1.43839511563563,1.4294274064677,1.48201011106857,1.58689838022698,1.88349851580837,2.04139395815938
"2020-01-29",1.57262473646577,1.55357906126745,1.52785158944172,1.48568221823408,1.43219670162001,1.42497744696909,1.48209735326567,1.59315612369648,1.89644198294318,2.05293455903974
"2020-01-30",1.58683429965036,1.55367380262601,1.5091074377384,1.43662336246607,1.34535402335925,1.31957986723699,1.39132734640863,1.52529250500704,1.84976631097375,1.99850717550725
"2020-02-02",1.58890752364436,1.56020321080577,1.52155307585458,1.45848621509648,1.37860544069974,1.35654550942564,1.42229812757921,1.54709844277881,1.85892820829884,2.00580264411539
"2020-02-03",1.57757927790186,1.55700969642347,1.52937484620369,1.48457170300012,1.42938616623789,1.43029879521911,1.49502794259209,1.61468935269057,1.92393546170124,2.07666233973119
"2020-02-04",1.57829829495936,1.56092482625652,1.53772722194698,1.50064621157232,1.45715807693517,1.47529140410831,1.54442623393358,1.66718861913781,1.98163359553891,2.13803897114994
"2020-02-05",1.58044339644891,1.56357842973955,1.54101577277348,1.50479633768283,1.46173575131909,1.47553395301624,1.54014443446185,1.65632653478606,1.95699247233375,2.10752551977198
"2020-02-06",1.59032096924484,1.56685582798947,1.53534319603013,1.48424708218725,1.42097103482539,1.41572145961195,1.48110412666572,1.60146009911426,1.90332599409023,2.04767620433098
"2020-02-09",1.59092177232769,1.56567837070587,1.53175751911814,1.47667090398736,1.40802962553512,1.39824760966486,1.46448717958511,1.58717062717851,1.89345268722526,2.03883639189733
"2020-02-10",1.59015569775744,1.56798234047318,1.53823007666959,1.49009103847854,1.43095230964014,1.4303406302218,1.49623333548412,1.61661454766531,1.91956092752581,2.06540002360986
"2020-02-11",1.58498291109759,1.56583929008483,1.54027037633735,1.49932847034296,1.45076146610898,1.46342594635612,1.53079285772905,1.64982425371788,1.94603694575679,2.08877442822523
"2020-02-12",1.59528505873921,1.57502320189206,1.54786944352586,1.50406428807386,1.45081811100924,1.45512583633894,1.51969851346648,1.63654743659366,1.93102732633111,2.07356811036069
"2020-02-13",1.59610182404875,1.57376650651573,1.54371050132109,1.49478003254071,1.43354259019512,1.42532824648259,1.48658905145786,1.60152506440512,1.89575360387868,2.03865618303304
"2020-02-16",1.59770793746185,1.57463359204646,1.54365158075556,1.49342922337375,1.43124220275849,1.42559511563924,1.48900982774265,1.60554957816433,1.89643521738667,2.03488094205767
"2020-02-17",1.60532453535056,1.57938935412024,1.54451823336206,1.48779468288736,1.41662306587813,1.40153032678347,1.46442994543518,1.58182242016995,1.87284621001875,2.00956743601304
"2020-02-18",1.6081148717989,1.58324157268814,1.54977385686543,1.49526125292848,1.42667445406977,1.41185754417294,1.47292299662542,1.58766778007907,1.87518012848374,2.01148567077184
"2020-02-19",1.60181392057447,1.57418264480689,1.53687230732373,1.47563012938403,1.39672764771645,1.36646531672388,1.42377087684731,1.53657638258101,1.82420520503369,1.96096077404222
"2020-02-20",1.59257694229713,1.56116529966601,1.51881850309958,1.44948680743356,1.36045472938672,1.32382427455713,1.38314254011702,1.4987602439,1.78415767423528,1.91577065954286
"2020-02-23",1.59025443635902,1.54394232444704,1.48189139322652,1.38137001724875,1.25469454411535,1.20053272982294,1.27193036254712,1.40446924180721,1.70195190737704,1.82891495042606
"2020-02-24",1.58017992398638,1.53049605642274,1.4641264295043,1.35721668922897,1.22425896593031,1.17330841542874,1.25038153724992,1.38877841180188,1.68949801043475,1.81525357044676
"2020-02-25",1.56738765316851,1.50815916569096,1.42997397212415,1.30689123729922,1.16221704865806,1.13695917759587,1.23492048487397,1.39107914107508,1.69560549242344,1.81541211951418
"2020-02-26",1.49498381137266,1.42661770692253,1.33719387255303,1.19889362444054,1.04335065877682,1.03947261308979,1.1537117800066,1.32259174011875,1.6290289691066,1.74518419271927
"2020-02-27",1.39663780678996,1.31646950169769,1.21257631381312,1.0547728068853,0.885277853473469,0.906717558376867,1.04036260795593,1.22518829092078,1.54008919176506,1.65599726008687
"2020-03-01",1.35308040911871,1.26724036278,1.15741912530956,0.994942906393588,0.833214455362917,0.904763025624276,1.05940952717184,1.25767881148688,1.57520116043599,1.68925137675223
"2020-03-02",1.02900844126257,0.970065499990004,0.893479109018613,0.777010320424787,0.654490214014135,0.713804334588473,0.859937747958028,1.06871525127862,1.45189127510501,1.59948908146476
"2020-03-03",0.851188643308926,0.811912645804418,0.761845652141665,0.689194824276445,0.626628398387038,0.755792755264907,0.91514605545225,1.13260412816401,1.53010711958328,1.68468689720034
"2020-03-04",0.722539416587427,0.685931766929971,0.639327891616347,0.571921388303206,0.514738952401861,0.6399358997667,0.791477370003876,0.997712151901271,1.37411173971134,1.52041516248934
"2020-03-05",0.617969642123093,0.582663168356179,0.538377111717259,0.476291787561474,0.429244888763044,0.558569695220266,0.693702293702134,0.865211264326122,1.15251635507185,1.25897014823043
"2020-03-08",0.464130766711378,0.452264741529545,0.436833567513366,0.413595855777821,0.39171631792581,0.438535764153244,0.50780757586462,0.617352584077732,0.869731511819667,0.986762826446484
"2020-03-09",0.496904241284,0.498793747161891,0.502347753663553,0.511782016753377,0.538175748319921,0.650748076174442,0.734613034721009,0.854365183290985,1.13697541693082,1.28227019863082
"2020-03-10",0.399604183050261,0.411103390213563,0.42813350138025,0.461422784568509,0.525038365117274,0.694461698383514,0.791811433266512,0.918271691682422,1.21593499995072,1.39415295233769
"2020-03-11",0.385182265524119,0.393749761877829,0.406529173574257,0.431831244404948,0.481422435960461,0.622379335080233,0.7101509185883,0.833121007769025,1.17700371069078,1.43863385722083
"2020-03-12",0.325323243581402,0.341867613249494,0.366285414527368,0.413723295399531,0.503284206072682,0.734544274363424,0.862415606926721,1.02273410496033,1.3720911830034,1.56082224091905
"2020-03-15",0.27740563441034,0.286713003317713,0.3005664312022,0.327890723195675,0.381045599720238,0.529274445669025,0.619469415223636,0.743165232617774,1.07295867764687,1.3084695146434
"2020-03-16",0.170380491829549,0.196416176929572,0.234575803585773,0.307797327727935,0.442711825758189,0.77044862747354,0.938486545409252,1.13543692565474,1.5100809617592,1.68174627563146
"2020-03-17",0.0281095878247122,0.066602824352965,0.122552688244412,0.228333582813357,0.417698540350988,0.846374532175912,1.04798463278051,1.26767711439942,1.63444739416073,1.78166649705773
"2020-03-18",0.0313317652085468,0.0636938727628684,0.111018776360116,0.201462463597253,0.366804852244257,0.760733576783985,0.95794402133215,1.18436938394816,1.59872519054912,1.78074128776265
"2020-03-19",0.02611634102681,0.0472827578004619,0.0784346234950808,0.13865271783057,0.251226933907998,0.534765780791299,0.686781540756902,0.872124705805396,1.25324935289206,1.44461459858548
"2020-03-22",0.0285293115287002,0.0473525351040544,0.075101504385411,0.128899612733839,0.230055393764258,0.488575135223909,0.629702150065717,0.804592391941908,1.17648708131012,1.3711919652522
"2020-03-23",0.054590523793456,0.0768330672992867,0.109471773601303,0.172231509434027,0.288346956851234,0.573318175733733,0.721283798438055,0.896631563022596,1.23735428174784,1.39729263182631
"2020-03-24",-0.006112026100349,0.0188511471545893,0.0554312427953061,0.125596041688742,0.254785065978086,0.568052396675261,0.728317980652081,0.915798972700803,1.27112798066011,1.43327917845548
"2020-03-25",-0.0236008160122421,0.00105887040606291,0.0372190458260625,0.106663089377932,0.234830871713347,0.547469034040572,0.708584508561131,0.898262568070841,1.26216239511951,1.43051282801629
"2020-03-26",-0.00142861863951002,0.0156334679446351,0.0408113429160904,0.0897119113359183,0.181982447351539,0.41989993547182,0.55121995946567,0.71559673229695,1.07257488914591,1.26457282185689
"2020-03-29",0.114327758025598,0.119840535158111,0.129287645678142,0.151890557133045,0.20844102540938,0.41925822653439,0.562088147300333,0.752598563928256,1.15351425620542,1.33826754083275
"2020-03-30",0.107390378582103,0.119001935905507,0.136266013387066,0.170250417142109,0.236103689928539,0.41789175079954,0.527120842948363,0.675128666991998,1.05876649114152,1.32184630431478
"2020-03-31",0.0969293668022711,0.106848977258657,0.121619032736636,0.150770135659842,0.207551418397421,0.366416069780755,0.463475525661744,0.59709526052976,0.956492023129305,1.21629421317291
"2020-04-01",0.0870882681447316,0.0979106698349202,0.114007863805163,0.145717964191765,0.207251625689023,0.377743747095461,0.48065851234186,0.620725653939818,0.987555005748655,1.24289569495726
"2020-04-02",0.109355526683607,0.119922361277537,0.135632990379393,0.166558883963955,0.226483449465461,0.39189040417102,0.491265584917626,0.625906694238767,0.974810133243775,1.21398410490263
"2020-04-05",0.109389763933629,0.122407397001672,0.141702472404678,0.179475876473345,0.25187542361297,0.446169289123764,0.558874909669029,0.706589651686656,1.06126389946278,1.27951521609426
"2020-04-06",0.128707252933101,0.142196323860514,0.162174434037585,0.201229925488263,0.275878530497895,0.474779971647485,0.589135322051634,0.737768459701878,1.08805280998279,1.29812977978164
"2020-04-07",0.165190324887394,0.175293524982269,0.190767635489489,0.222693172618594,0.289302820991435,0.49419036290621,0.623445241390807,0.795987385437921,1.18336216979351,1.38112953129588
"2020-04-08",0.228922435391194,0.226888780117366,0.225868833435933,0.23030514785867,0.259612770620594,0.433103870439082,0.569207646432212,0.758892543211587,1.16674679200204,1.35379797249336
"2020-04-09",0.230342967787934,0.227548060293348,0.225461284154775,0.228011140511484,0.254381028104536,0.423439686624624,0.558598261610403,0.748130742252341,1.157712320188,1.34598682866056
"2020-04-12",0.228692716713934,0.229942145817241,0.233367767249497,0.245177249582338,0.284485051635284,0.467915350318968,0.604706970109599,0.794878019992448,1.21288139592316,1.41083472858069
"2020-04-13",0.19359722586193,0.195527153325758,0.19987687458544,0.213231562006075,0.254704323816929,0.441023261989564,0.578926174833774,0.771040960755388,1.19754478598263,1.40207246282514
"2020-04-14",0.157485983700829,0.15990498440221,0.164474703057902,0.17667828772716,0.211145478632891,0.361289052630442,0.47569266558556,0.64247161031137,1.05249727291408,1.27285723395163
"2020-04-15",0.132282586902658,0.139561475643983,0.15076324170341,0.174075686583752,0.223572178402489,0.38298771974417,0.48927247909246,0.638643122338265,1.01150677223285,1.22684150958881
"2020-04-16",0.138205484202043,0.143428643959565,0.151912485743264,0.170977568279357,0.21587546274846,0.379818102617485,0.495373617996382,0.659053275029418,1.05400360271982,1.26635535942402
"2020-04-19",0.104098516286619,0.112748722924174,0.125822603791842,0.152272749197045,0.206019612652126,0.368194795058318,0.472566902795725,0.618351376631104,0.992332152533589,1.22292472066304
"2020-04-20",0.0984948009209592,0.10813035748827,0.122471473641822,0.150754856704928,0.205764636094383,0.359087977906155,0.452324212761983,0.580114771320637,0.920355854837378,1.16285691316086
"2020-04-21",0.0997458577298482,0.11065071515299,0.126859441259119,0.158749770518462,0.220479357690692,0.390376026680744,0.492044990833102,0.629215985372831,0.980637002520315,1.21687785476221
"2020-04-22",0.104584959032622,0.115320440414507,0.131269341693127,0.162620336988693,0.22320015270638,0.389216316498991,0.488066021289795,0.620854486187343,0.958164583334311,1.18286794518854
"2020-04-23",0.110011121575214,0.12070156911471,0.136580673088863,0.167784279981613,0.228040294743669,0.392892761683163,0.49084480965532,0.622166611632059,0.954221502332437,1.17397787852539
"2020-04-26",0.103831345241293,0.116079722216317,0.13425223796945,0.169889967345882,0.238431634782064,0.424009734605867,0.532854453151945,0.676997952146421,1.03133307828458,1.25665295254076
"2020-04-27",0.100277046017685,0.111318557022563,0.127721497200627,0.1599628684686,0.222254987639578,0.392905627687763,0.494471749889442,0.630854332345093,0.976970840508251,1.20723333372865
"2020-04-28",0.0928130871218071,0.103792017711252,0.120146351897688,0.152443432753152,0.215387378465312,0.391089268284499,0.497542928940504,0.642070784984389,1.01145444857919,1.2527147498414
"2020-04-29",0.0942624767133138,0.10450583489692,0.119873818423699,0.150588961062364,0.211719599919123,0.389289308090217,0.500253407826114,0.652920077046516,1.0405975307197,1.28158651602173
"2020-04-30",0.105045013032454,0.11343762879275,0.12620281616131,0.152290349239949,0.206160689752999,0.372824648837208,0.481617594015039,0.633966686522453,1.02018695657777,1.25145457364584
"2020-05-03",0.100115305517543,0.108523885467647,0.121397132951557,0.147970481465105,0.20366830850201,0.379303633408664,0.494628514085841,0.655325838697712,1.05235061010459,1.28006689990392
"2020-05-04",0.109179376885587,0.117060445522854,0.12926773414601,0.154919366844376,0.210137349459563,0.390982760015084,0.512212737698571,0.682103032371623,1.09939681128005,1.33413719705633
"2020-05-05",0.108834422232748,0.114643452766528,0.124225304236285,0.146177419451608,0.198967179495725,0.394283862256429,0.53117424301867,0.722440701456454,1.16792888103136,1.39725341508555
"2020-05-06",0.111641053894967,0.11233386150807,0.114816559313205,0.124447739198317,0.158820761754454,0.329794183812674,0.463180003223019,0.655315530055942,1.10509798612414,1.33165030723935
"2020-05-07",0.116723782110952,0.118693032414309,0.123019530712525,0.136098168107789,0.176509104635279,0.360424354059097,0.499483648757224,0.697436547271631,1.15592433897002,1.38561183193119
"2020-05-10",0.122153019611974,0.124943310185752,0.130438232409764,0.145645094916003,0.189602751752551,0.380346377236765,0.522110605797418,0.722769485506921,1.18594316452189,1.41799112258286
"2020-05-11",0.129272590073265,0.130023130917261,0.132587375456679,0.142370220294794,0.177041407279301,0.349305177138437,0.484008168352384,0.678628583417339,1.13717537339057,1.36976334707054
"2020-05-12",0.119436319286589,0.121438467418763,0.125633397819435,0.137890030458913,0.175017311369448,0.344035057262333,0.473713554369817,0.661602469194324,1.11340069265014,1.34923339282038
"2020-05-13",0.118449894455535,0.120229929067379,0.124041826566536,0.135373639864411,0.170154122633574,0.330171264067968,0.453578749784718,0.632912092088435,1.06606000473817,1.29308848147144
"2020-05-14",0.121217526426924,0.121589029534297,0.123597884538053,0.132313070334404,0.164994179589424,0.332089164392646,0.463803172594004,0.654461377815039,1.1035787434943,1.33093459477521
"2020-05-17",0.116849044467193,0.121009761086748,0.128397781944229,0.146865011710448,0.195630493257257,0.392701369115797,0.535654323941193,0.736986684392662,1.2035744981639,1.43990553008447
"2020-05-18",0.122886633132398,0.124673398018847,0.128685225106268,0.141021293237547,0.179706876945132,0.359121099139795,0.496931859492842,0.695726239930815,1.16769738731688,1.41024737499636
"2020-05-19",0.113944077185792,0.117369023816329,0.123571728494528,0.139432934837545,0.182416912647482,0.362398280691712,0.496699167042176,0.690133269990918,1.15718488896719,1.40403460529351
"2020-05-20",0.116632664249799,0.120291011960345,0.126766772955959,0.142927881621088,0.185732410273968,0.361901346884551,0.49288217306314,0.681890296461106,1.14201500665535,1.38797544253004
"2020-05-21",0.121187441817161,0.124295492066265,0.129959121299356,0.144546967386363,0.184425762642015,0.353688442284488,0.481521441368499,0.667533085644008,1.12557817054763,1.37286407494421
"2020-05-24",0.123069308646967,0.125734865304529,0.130785472547163,0.144312639887488,0.182616772087985,0.349832205159007,0.477356947780946,0.663331343121136,1.12070711740423,1.36656044546477
"2020-05-25",0.127564047128468,0.130160623809042,0.135243727005733,0.149271429104518,0.189960915455912,0.370182459795826,0.507731677461984,0.707522245385482,1.19310433386795,1.45025854098509
"2020-05-26",0.141171657165986,0.143338179049769,0.147738538801024,0.160294395864367,0.197800639732191,0.368961901009022,0.502134040318109,0.698279475774431,1.18690997202725,1.45237120025785
"2020-05-27",0.152906112393907,0.151906195087254,0.152090199196906,0.157925298588187,0.187469547991492,0.358989373023354,0.499759251247034,0.706941201536351,1.20403914110229,1.45897367983322
"2020-05-28",0.152697287502286,0.150042389880766,0.147891358365613,0.149541719782118,0.17235444431045,0.332259080085969,0.469235173836492,0.673295500711147,1.16607131730131,1.41861172822386
"2020-05-31",0.150047468125154,0.147141865736042,0.144670981205888,0.145872112721693,0.168462434114189,0.331590982166542,0.472636532403191,0.683897397363244,1.19842802348033,1.46425220268372
"2020-06-01",0.151623709084375,0.149395407647557,0.147908646552941,0.150969283819175,0.176884540734443,0.34751864046271,0.492081870768676,0.707164934194511,1.22804564763065,1.49640731910497
"2020-06-02",0.150412055008716,0.150474735933076,0.15233324398269,0.16175025726432,0.199026515050075,0.393586545681662,0.547090450683594,0.768369342719062,1.28374445170729,1.54121240196952
"2020-06-03",0.150252040418134,0.150196107229157,0.152270275886317,0.163328624279183,0.207407140793391,0.433048408168863,0.60621487617206,0.849158301795273,1.38627062188496,1.64085360337267
"2020-06-04",0.155771689370157,0.156329016622605,0.159667890723188,0.174253857348232,0.227883837980283,0.484187091712929,0.671170630805732,0.923071450950338,1.44239486293842,1.67326967154811
"2020-06-07",0.165965279001483,0.166189522673794,0.168909245684438,0.181907609269172,0.231465025537343,0.474432077180657,0.654485496572204,0.899820631416195,1.41503115458863,1.64779395807609
"2020-06-08",0.169803162007264,0.167800341117116,0.167305409576438,0.174306545370895,0.213442279823681,0.434935183569695,0.606353247464675,0.843801114629659,1.35056052345815,1.58169219298243
"2020-06-09",0.175565783879209,0.169189498044409,0.162326863634795,0.157305929086059,0.175314213506414,0.35518154979882,0.513272124529571,0.74434822918697,1.2703836022645,1.52211220606925
"2020-06-10",0.169262985731568,0.167871132091448,0.167422553339347,0.171853685341303,0.19817918089671,0.358794419214499,0.492547384126508,0.690616664221235,1.16930259919444,1.41614939584294
"2020-06-11",0.175699626263927,0.171923720357391,0.168433471200266,0.168476431008816,0.19132030353024,0.363212990112038,0.509701503834541,0.724280706787325,1.22261304213366,1.46733820477179
"2020-06-14",0.178960830905259,0.174665364893931,0.170586728453967,0.170038861838806,0.193402021760001,0.3721071974034,0.522913103324222,0.740969295895852,1.23424493361169,1.47011166191288
"2020-06-15",0.175025871443909,0.171737329834286,0.169010707857632,0.170689462693905,0.197174449873946,0.381777773225302,0.537213236594438,0.76462707641805,1.29452576430029,1.55621832775824
"2020-06-16",0.168362852167281,0.166016759067003,0.164521069203371,0.168080308925916,0.196497875322725,0.379187196154614,0.531260720430784,0.754078849186654,1.2783648959198,1.54062947362186
"2020-06-17",0.154766913599938,0.154081734047505,0.15472017260984,0.161410094512058,0.192507645590407,0.368180872835498,0.511663748987729,0.722946858324656,1.23204251679661,1.49467944269575
"2020-06-18",0.157362710388365,0.156005388658829,0.155711375179136,0.160778650647169,0.189401636638902,0.361054778212021,0.502959285090225,0.712099810265504,1.21352821828332,1.47009814663653
"2020-06-21",0.154887787779733,0.154182965690419,0.1548220163532,0.161598946686429,0.193073378457528,0.369774635672715,0.513046234594681,0.722543679828122,1.22044675121453,1.47362360372264
"2020-06-22",0.154170714220837,0.152854950520037,0.15267604821775,0.158141023074615,0.188081353445071,0.365750281053433,0.512010616441334,0.727012498713208,1.24034375842918,1.50195875588453
"2020-06-23",0.150318928762122,0.149906625341868,0.150804580339571,0.157538077128739,0.187239179733238,0.352777692013163,0.488353127189005,0.68925134312971,1.18053286753625,1.43827757882633
"2020-06-24",0.145493373857192,0.145772409079887,0.147660052795882,0.15621115583533,0.188961964699291,0.360044225775807,0.497255309552006,0.698834538326428,1.1871415040404,1.44162546603778
"2020-06-25",0.146397651090106,0.14463523645008,0.143662077540118,0.147145613887409,0.171910116774333,0.329486443633811,0.461904617254906,0.658380396541468,1.13309141209546,1.37738643473231
"2020-06-28",0.153589513451318,0.148659105419967,0.143355849421204,0.139548942173436,0.154225633260463,0.303143088588097,0.438077963887901,0.641406788576826,1.13204777861576,1.38094533660503
"2020-06-29",0.154448418090965,0.149700239699074,0.144763243081265,0.141971821056425,0.159482413533953,0.318977795371994,0.460243323100523,0.670533739321934,1.16869347647438,1.41718553026949
"2020-06-30",0.145870873420328,0.143555595590815,0.14197032317886,0.144915326196973,0.170720214324747,0.339666307633582,0.481123642330912,0.689045672533621,1.18059700212993,1.42753504266023
"2020-07-01",0.150866774712164,0.145958803281859,0.140836025236158,0.137843721832863,0.155483305154315,0.317500207090878,0.460905440399019,0.674022893166941,1.17699474856781,1.42688808055799
"2020-07-02",0.147881692194143,0.143611544636736,0.139325208050473,0.137624506881315,0.156657438689399,0.317953975859237,0.459644294767569,0.670596358583489,1.17253921287722,1.42446576746042
"2020-07-05",0.148853958991316,0.145061158229088,0.141501072976874,0.141273808696485,0.163240080451584,0.332103667595497,0.477376742229812,0.691693743850845,1.19568129069285,1.44621447628565
"2020-07-06",0.150676887303913,0.147170473017353,0.143830026938611,0.143383384614362,0.162905240357433,0.317039098328699,0.451617149940465,0.652602040466781,1.13599535408565,1.38178034494673
"2020-07-07",0.141974189119497,0.139842378239563,0.138477303258034,0.141686497947439,0.167458308375261,0.333863761084906,0.472938870346744,0.67746128548353,1.1620718884618,1.40622551768323
"2020-07-08",0.133754204438016,0.132300191744798,0.131690511161638,0.135579820687269,0.160108822864349,0.312117602238263,0.439206873471011,0.627663675413207,1.08365051753636,1.31892778044509
"2020-07-09",0.131428294543635,0.130642302797969,0.131069259175496,0.137121360457596,0.166116186388147,0.330003602576039,0.462566131002336,0.655575788210441,1.10992759420993,1.33854948063841
"2020-07-12",0.135428661951641,0.13387504065972,0.133141956713768,0.136864140977856,0.161288645992991,0.313651418685083,0.44088112884937,0.629038774043858,1.08149157681264,1.31333865531308
"2020-07-13",0.140839617315922,0.138931849714933,0.137739026316298,0.140767515627979,0.164503360067289,0.317574273521966,0.445859823764902,0.635144833204464,1.08673363359689,1.31590606686936
"2020-07-14",0.142294552794138,0.139282161149613,0.136640996311957,0.137440586441502,0.158845713982821,0.314247232698571,0.446890846363984,0.642593955471501,1.10479973465648,1.33596422012943
"2020-07-15",0.126334122141034,0.124527009631247,0.123492477598724,0.126860328995548,0.151342647716052,0.306857120250029,0.436719019826224,0.628097266767127,1.08420927838664,1.31556072868737
"2020-07-16",0.126581261757447,0.124543024673135,0.123233953898245,0.126281808702196,0.150840513462641,0.309512391458924,0.442143677649325,0.637199479553847,1.099398430283,1.33226545856124
"2020-07-19",0.123647774632939,0.122414424610466,0.122121955626139,0.126599190085062,0.152139535011778,0.306211778791274,0.434141280917327,0.623396604355702,1.08038527478453,1.31594218118478
"2020-07-20",0.121696695321832,0.120256875815578,0.119639625067484,0.123427847753045,0.147524588058933,0.297860232389378,0.424292739629218,0.612780885524104,1.07358151731657,1.31393899312386
"2020-07-21",0.117211341434989,0.11727972601062,0.11869204688267,0.125786741650835,0.154049249037815,0.305491219013854,0.42867968390216,0.611512541625225,1.06246167505606,1.30183577538577
"2020-07-22",0.115149617424566,0.115794019824966,0.117914820275691,0.125920730983866,0.154345578749579,0.298412259437887,0.413935668741505,0.584983733736503,1.00816310940607,1.23438046141937
"2020-07-23",0.11333023587341,0.113824608799645,0.115819495614527,0.123879511273749,0.153307736189825,0.303095578623716,0.42207975150518,0.596085956053055,1.01512466325224,1.23245246281466
"2020-07-26",0.111242319496851,0.111986596467374,0.114434198520356,0.123636326951498,0.156015560978122,0.316246196376245,0.441371396855903,0.622063469542528,1.04760344192895,1.26340049288217
"2020-07-27",0.112413342528574,0.112245379058673,0.113310972686348,0.119724046175583,0.146574012946853,0.292378315233881,0.410416784491308,0.584057895088122,1.00364610315239,1.22123314863827
"2020-07-28",0.10401300364639,0.103398051272237,0.103879505772863,0.109405958090951,0.135414034862127,0.283224886007001,0.404320816856423,0.583024982267126,1.0152477942582,1.23907096696668
"2020-07-29",0.0973106435678154,0.0961928817291001,0.0958904800114526,0.09976825664956,0.122317270577443,0.260500556303912,0.376809522006423,0.551003142147327,0.981758928587908,1.20944831841906
"2020-07-30",0.106595538379819,0.102736451759888,0.0986998244409658,0.0963293501672429,0.110341793887658,0.241338095232798,0.359399298829579,0.537906681100572,0.973406433316032,1.19724653288544
"2020-08-02",0.0998910269559507,0.0971031905259734,0.0946046366718058,0.0950814422993813,0.113999218410235,0.255305726359541,0.377954226330931,0.561451133389461,1.00615522005576,1.23445417900097
"2020-08-03",0.108243658086708,0.104263927034341,0.0999161423981989,0.0965308675070723,0.107429648000958,0.226791389453619,0.338699373921656,0.512216770901443,0.954008907136228,1.19089931555978
"2020-08-04",0.106487635713592,0.104250462222467,0.102408406510176,0.103664663837147,0.122504773236362,0.257365370619633,0.374773346831599,0.552236461864301,0.992895811027882,1.22541306813684
"2020-08-05",0.103419134770275,0.101239098571527,0.0994309086973002,0.100590438030133,0.118724729718502,0.249435928200981,0.363717149860605,0.537077053779595,0.970504779805474,1.20086077856561
"2020-08-06",0.104898864861297,0.103518196974778,0.102879790990457,0.106275246566877,0.128482243783887,0.26859860008559,0.387252772221841,0.565140287857812,1.00460528397148,1.23634871268598
"2020-08-09",0.109035052369006,0.107231207973082,0.106064764076881,0.108744684196751,0.130596258572504,0.274181785527743,0.39629735787712,0.578838151989246,1.02527343479601,1.25773730262166
"2020-08-10",0.109729328534275,0.109641909113437,0.111012363115742,0.118619183398907,0.149676572180306,0.315298848333807,0.447759492423385,0.640721629701952,1.09869345174677,1.33184722145141
"2020-08-11",0.105952371937489,0.107284461444562,0.11071083187634,0.122177343376278,0.160031491808677,0.340187474332125,0.478814743551854,0.677689836755008,1.14242243226027,1.3767290126574
"2020-08-12",0.103128172116314,0.104414026025973,0.107967258079877,0.120294365689907,0.161657743930612,0.358036744129292,0.507181592204496,0.717996356065278,1.19595574569086,1.4293679960674
"2020-08-13",0.109542543697089,0.107978814996876,0.107612914422883,0.113264095947875,0.14514841244821,0.332555612110205,0.483878078493836,0.701936533041037,1.20254680677245,1.44753618806953
"2020-08-16",0.107305119713767,0.106016496853986,0.105925198975767,0.111700544153156,0.142592124342006,0.323159870526936,0.47014231639416,0.684135937385483,1.18595823584253,1.43706415581221
"2020-08-17",0.108021260368654,0.106586986111057,0.106230614641757,0.111329647078028,0.140424871387937,0.314031287875909,0.456311410119262,0.664167799756032,1.15391502195992,1.39998110070144
"2020-08-18",0.0992725052571796,0.0987164283779148,0.0995972168747106,0.106910403535545,0.139579102359343,0.31971982720318,0.464617155125492,0.675415450023265,1.17226516252538,1.42290674871799
"2020-08-19",0.100623592935515,0.0992325014825121,0.0989095259176536,0.103980031898504,0.132749055877961,0.304686215036575,0.446079225291136,0.65337012631812,1.14521728301998,1.39415244222204
"2020-08-20",0.104927437983676,0.103364627245934,0.102732385943371,0.1070217044943,0.133731183794918,0.297684396632608,0.433641671723227,0.633766338030262,1.11119056455458,1.35393968959713
"2020-08-23",0.100040380210568,0.0999496141244779,0.101409191863121,0.109490500322808,0.142403724455189,0.31696581374135,0.455764340678524,0.656861530962141,1.12914565885872,1.3669692447831
"2020-08-24",0.10598733951526,0.104605151692016,0.104470176444815,0.110440535184767,0.142442643785742,0.327062510697142,0.474914273672355,0.686828523153578,1.16908311502358,1.40316573083075
"2020-08-25",0.102830016759107,0.101306464778352,0.100978988766652,0.106636384947541,0.138303839461084,0.324013187261209,0.473875295006468,0.689785460674634,1.18537829357069,1.42789206877426
"2020-08-26",0.107414974781041,0.105024238412766,0.103811057748449,0.10899092459592,0.143594181787399,0.351988672052452,0.518386544573449,0.754061182476937,1.27585594775334,1.52187227581825
"2020-08-27",0.111072871341577,0.105220915630907,0.0992410376431865,0.0962702986801481,0.119129403796848,0.314638237372189,0.481515638119638,0.722190415558133,1.26042281451786,1.51429836733951
"2020-08-30",0.112201373837227,0.107198911799051,0.102258102557712,0.100627674765592,0.123913735811696,0.312065187438299,0.472421151341656,0.704997019275513,1.2324182238142,1.48489861935905
"2020-08-31",0.115410688617189,0.110178051376355,0.104772109029938,0.101844848628509,0.121484894251656,0.295737475630944,0.447448592937659,0.669897184387323,1.18230486553968,1.43092128960075
"2020-09-01",0.116511687210203,0.111524094196381,0.106376212568983,0.103616096111092,0.122490437134923,0.289829199786708,0.435781957059705,0.650212896268639,1.14606887183148,1.38758854783188
"2020-09-02",0.115304333173362,0.110191134829289,0.104834420159267,0.101596784661538,0.119362572245924,0.283232910134769,0.427310494103529,0.639803831348382,1.13381979719207,1.37554372215187
"2020-09-03",0.116752017999722,0.113125423684347,0.110089100883535,0.111743778736747,0.139837418040088,0.33331453693859,0.493218462064781,0.722913213582906,1.23974371443925,1.48626233363004
"2020-09-06",0.118255886261813,0.112971035658621,0.107760262233476,0.106055348669819,0.130504538150094,0.32567055432118,0.489974510215634,0.72556359540403,1.24868264842883,1.49409502144464
"2020-09-07",0.123092321876396,0.118140388328785,0.113124084219746,0.110872581937639,0.131514460753132,0.306949043783032,0.458631337087258,0.680568373729998,1.1909317897377,1.43836290005597
"2020-09-08",0.123781455683617,0.119129169648538,0.114582576224685,0.113332406483675,0.136153091365593,0.318532617437536,0.474561146327982,0.702116662281552,1.22403048559395,1.47675485078999
"2020-09-09",0.124032112615148,0.118748548238897,0.113287197265301,0.110312046938013,0.130029169081256,0.304907880665634,0.456863351952081,0.679212360054866,1.18937602792552,1.43593906670633
"2020-09-10",0.123469850055575,0.11700937321644,0.109923335725042,0.10415629800662,0.119796689113683,0.289829311619411,0.441551425716598,0.664980855487668,1.17902813706927,1.42725472398969
"2020-09-13",0.11987929863388,0.11472829977681,0.109424818165383,0.106637555281609,0.126344946744764,0.299793648700826,0.450612500758881,0.671667457853469,1.18070745945528,1.42765473232436
"2020-09-14",0.116029242381261,0.111755327910981,0.107644103361007,0.106850611676555,0.129325896488748,0.305976725581549,0.457485777590806,0.679559624050055,1.19442643319764,1.44655259453637
"2020-09-15",0.111908855664723,0.107728157595847,0.103845634268476,0.103780053305925,0.12847919174039,0.313845283378859,0.470596156326069,0.698377797864713,1.21927546284165,1.47116340701335
"2020-09-16",0.104143803810713,0.101106225749044,0.0987389512558817,0.101066304616196,0.128524344439421,0.31327103196606,0.466851995069412,0.689734495343226,1.20227045095679,1.45229239679325
"2020-09-17",0.105279090782876,0.102273475609849,0.0999500937840189,0.102356211901251,0.129968595361122,0.315493462995401,0.469941010563315,0.694486125400947,1.21274280325809,1.46650913034313
"2020-09-20",0.101359423125509,0.0985335726307715,0.0963647662948227,0.0987206529151484,0.125148495651448,0.303243931143944,0.452377667283105,0.670490794149247,1.17973762193013,1.43202307487588
"2020-09-21",0.104414148348288,0.100714612233359,0.0973901751622608,0.0979288112999739,0.122284485146903,0.30089524739327,0.45234309877666,0.673832494148098,1.18753872918634,1.43965819830485
"2020-09-22",0.101638831460555,0.0987847668428587,0.0966099203036853,0.0990624581191704,0.125980807264042,0.306173508573906,0.456313829885655,0.674947489458715,1.18131682603973,1.43017156205168
"2020-09-23",0.105408489294675,0.102140788878332,0.0993730086816851,0.100732096255523,0.12578770179656,0.302266104422903,0.450935964332562,0.668200863712882,1.17288912263931,1.42126585998557
"2020-09-24",0.105151301461609,0.101823059141236,0.0989423377989217,0.10000892634753,0.124295789760912,0.298072011749231,0.445194889304612,0.660826948428709,1.16400735093897,1.41267738506827
"2020-09-27",0.104308556457655,0.100369278107715,0.0966394811087477,0.0962352086844572,0.118379496587418,0.290281481945499,0.438440396760225,0.657141330455025,1.17168246886892,1.42751930102434
"2020-09-28",0.101411477007783,0.0975345437469231,0.0938789917198444,0.0935645137684023,0.115721212632838,0.287195757774908,0.43515333129543,0.653921772069865,1.17042955888159,1.42819184110241
"2020-09-29",0.104148348754658,0.100794739803357,0.0979685525481794,0.0994382760758244,0.125450586708249,0.308110771139619,0.461890148672114,0.68657587640063,1.2084134075043,1.46520929239306
"2020-09-30",0.102983255296905,0.0991701575277354,0.0957275550844473,0.0961986752838875,0.120967865807209,0.3033356445206,0.458091388467518,0.68447535098953,1.20964199845967,1.46741110856249
"2020-10-01",0.10488412058396,0.101140002186551,0.0978778445498867,0.0989474410039242,0.125610567174092,0.315842633466697,0.475683483790896,0.708134156035552,1.24241979600495,1.50246295520349
"2020-10-04",0.103048611990014,0.101257298046303,0.100935950014555,0.107885434456626,0.146039103971685,0.365696947488837,0.540017087121023,0.787439753561736,1.3398882044073,1.60297860894192
"2020-10-05",0.105451312395002,0.103244695564956,0.102146318694313,0.107080063231832,0.139942359630983,0.341175979651239,0.505098055917395,0.74171140909436,1.28455107932248,1.54959472649744
"2020-10-06",0.103767985769555,0.10237096543568,0.102614522242758,0.110599724293682,0.150464430807521,0.372833915384056,0.547502342361295,0.794214663448786,1.34162179034628,1.60101565991038
"2020-10-07",0.106387427264331,0.104200753361294,0.103364727995234,0.109529173352369,0.146849524283674,0.3667288266685,0.541649491854885,0.789440284685816,1.33937289456524,1.59947089596865
"2020-10-08",0.11295227601091,0.110707971235895,0.109736959142121,0.115482050150456,0.151528128371804,0.366250215121503,0.537856450222136,0.781668261944333,1.32530669767466,1.58351399012618
"2020-10-11",0.111442742242919,0.109481794415862,0.108748537712913,0.114390337886154,0.148523051862464,0.351902476458398,0.515882318419958,0.75114357001502,1.28583024278082,1.54468363941465
"2020-10-12",0.111975636614981,0.10837813091951,0.10539979700217,0.107226121529751,0.135902250340685,0.332940692923339,0.496314342991649,0.731906204944651,1.26609682526052,1.52286099747274
"2020-10-13",0.112075976682934,0.108721977177073,0.10605704902068,0.108346453813257,0.137441641559664,0.333694308619287,0.496063758586343,0.730371564402948,1.26314301812734,1.52008625201048
"2020-10-14",0.106967120753563,0.10431104920164,0.102653969317943,0.106822109860735,0.13915785271617,0.341704997623696,0.506179450767315,0.741752498332304,1.27290974858362,1.52754420284302
"2020-10-15",0.108356318924807,0.105661700196592,0.103988422885546,0.108252928647595,0.141161786993226,0.346682152779409,0.513152358453837,0.751055540822886,1.28529445009393,1.54040034020218
"2020-10-18",0.105055080732712,0.103029834918683,0.102377162915554,0.108718679990296,0.145780406099482,0.362108130680712,0.533791050032368,0.776799379132007,1.31575524981557,1.57058102568262
"2020-10-19",0.106063472587771,0.103604727039328,0.102416743942336,0.108054139111807,0.14486564852469,0.365391361514117,0.541244394241629,0.790201792296928,1.34120510607414,1.60094861466726
"2020-10-20",0.102010016847354,0.100243109975692,0.100161343667299,0.108204601381488,0.150272987829904,0.386128615741463,0.569946955871668,0.827050050722803,1.38648716503671,1.64650515292562
"2020-10-21",0.097924999476723,0.0968481772387395,0.0978918633412661,0.108441489550326,0.156114959987723,0.408367845685042,0.60040634787454,0.865353131923279,1.43028191228114,1.68837427264122
"2020-10-22",0.0987960600745269,0.0979122856531874,0.0991581650729446,0.10983228668567,0.156863095015201,0.40331842846562,0.590419266659792,0.848305349600914,1.39773633077496,1.64865473199718
"2020-10-25",0.0959935266840341,0.0952300494526661,0.0964312758737273,0.106332833178222,0.149884628575791,0.380630688011352,0.558312276655475,0.806535355978059,1.3486129225157,1.60203844307497
"2020-10-26",0.0976673495215313,0.0962581674022121,0.0964371446018609,0.104145061293182,0.142986060105976,0.360313686946341,0.531165978105355,0.772557913304764,1.30829070869584,1.56218193002293
"2020-10-27",0.0962023466418995,0.0951258682335182,0.0957735989228308,0.104318651562343,0.144491169817615,0.363966800738103,0.535367672913013,0.776983559427083,1.31218201336744,1.56558831837616
"2020-10-28",0.0983378316794389,0.0974176358809147,0.0985511192488835,0.108817293055907,0.154461857250462,0.394491627070636,0.576899534520234,0.828405246508681,1.36439974368347,1.60921511110137
"2020-10-29",0.0985530174810866,0.0969610702839967,0.0975166022069654,0.107931005322941,0.157572310184359,0.420114598617921,0.61630820435819,0.8815112109482,1.42576995056471,1.66575603003163
"2020-11-01",0.0966238240782118,0.0954901939113217,0.0965396619279977,0.107341460401922,0.15596551811927,0.409100216363068,0.598261708891159,0.854829513543792,1.38551674740979,1.62133115535347
"2020-11-02",0.10230483007493,0.100657359021932,0.101259651714655,0.112154110733311,0.163798848229651,0.434604614333587,0.635233378348382,0.904371542907409,1.44949339559423,1.68711726904191
"2020-11-03",0.099446065867876,0.0978787313634646,0.0978624822613433,0.105305595857913,0.143960699712132,0.361519994072137,0.532217383503384,0.772560791804382,1.30208136384574,1.55116489171162
"2020-11-04",0.0980879593571369,0.0967069775445345,0.0969470740635116,0.104821614969099,0.144034988180002,0.361335849936455,0.530803307408281,0.76858938653153,1.28979340098557,1.53388444102388
"2020-11-05",0.098215140000757,0.0967733910360248,0.0972122401588645,0.106367122872188,0.15065878237458,0.390305088964842,0.573529591450174,0.826292390337631,1.36390837955076,1.60873187325418
"2020-11-08",0.0947113909537912,0.0951516698700203,0.0986619347568413,0.114649330373393,0.174120913910375,0.45698481915182,0.660945883180632,0.932462214768518,1.48024411997886,1.71906972305575
"2020-11-09",0.0959973508744412,0.0964664660091686,0.100259290650788,0.117508772130507,0.181291766673843,0.479678412864912,0.69090667782368,0.96752511200292,1.51018603943356,1.74117811153618
"2020-11-10",0.097107168449725,0.0973148494786644,0.10075883694632,0.117449941273962,0.18056489546566,0.479007533242978,0.690996479555799,0.968939017516293,1.51472386367075,1.74714341439985
"2020-11-11",0.0953406962717488,0.0953789293486866,0.0981097898636174,0.112010954333466,0.165869316629363,0.428716212025229,0.620973292320308,0.879410173507331,1.40874409221201,1.64245254348824
"2020-11-12",0.0967421127472182,0.0967100830981256,0.0994743191739873,0.113849549034513,0.169721009739688,0.440427411498246,0.636354043849918,0.897098394036303,1.42178521717219,1.6498408596498
"2020-11-15",0.0912783190391065,0.0912207642063427,0.0940226441969557,0.108703973000563,0.165844932494446,0.442258453607691,0.641788386301374,0.906653844196624,1.43725266009568,1.66697802286122
"2020-11-16",0.0895331366089229,0.0894691426487831,0.0919892050052837,0.105295926716252,0.157486580721301,0.41417757248836,0.602771239815369,0.857078250699356,1.38054739437856,1.61264455091782
"2020-11-17",0.0765806221157835,0.0789082452243345,0.0847359400192812,0.103744107291173,0.164301321334879,0.430865365955049,0.619599731233478,0.870752840795198,1.38199492783212,1.6075148981987
"2020-11-18",0.0722777352745843,0.0741377399959907,0.0792132294873557,0.0965689088587493,0.153445454358608,0.408664917496544,0.590953111142786,0.8346677954373,1.33389100507204,1.55517310287604
"2020-11-19",0.0818282851783917,0.0818995069568242,0.0846119346524792,0.0982320267375875,0.150586487151772,0.402964776972235,0.585336515548389,0.827907991655818,1.31580438181478,1.52782609333172
"2020-11-22",0.0824449959992761,0.082017915553654,0.0842613220512185,0.0977825299155415,0.15228748506457,0.417537766680565,0.607636033153916,0.857641695995073,1.3497933878687,1.55960086771749
"2020-11-23",0.085508468051182,0.0846937571672348,0.0865015859286915,0.0996137650381616,0.154741711202976,0.427770378729891,0.624477429586936,0.883639171957786,1.39455770997929,1.61250302235785
"2020-11-24",0.0867976491370441,0.0858390144293912,0.0874194173197673,0.100060214639366,0.154319321427753,0.426556184497349,0.624322586232868,0.886486288111805,1.40839194306484,1.63281038113981
"2020-11-25",0.0882922194342717,0.0870652935164697,0.0881324352610809,0.0994289427107538,0.150221213359527,0.411553702427672,0.604123909283239,0.861982925178106,1.38348787026152,1.61066848856736
"2020-11-26",0.0913543775953918,0.0891038059124302,0.0887704352863145,0.0976858642953283,0.144984797967955,0.400798792506958,0.59102346025339,0.845600893197468,1.35756709134147,1.57911548164329
"2020-11-29",0.0903778170978999,0.0879867547259038,0.0874821036730829,0.0961720111066736,0.143335927300646,0.399484966575268,0.589732834661533,0.843803769709258,1.35262775996846,1.57199005518128
"2020-11-30",0.0862212766003044,0.0852350612429085,0.0870769256134865,0.1011299517802,0.16054759325746,0.452530282377673,0.660420257600642,0.931290236544379,1.45526815788135,1.67528225710159
"2020-12-01",0.0853185063722471,0.0836976341590921,0.0847546953904662,0.0977579287842644,0.156639170431948,0.452854604877043,0.664691608110513,0.940616963639889,1.47291452619575,1.69574736203879
"2020-12-02",0.091181970795848,0.0873510714428927,0.0853534958547288,0.0930803347519788,0.144071927922179,0.428900657096964,0.637843718595335,0.911750830478914,1.44145976636404,1.66301222669712
"2020-12-03",0.0915381647464457,0.0870796058393739,0.084574052278185,0.0925902584880402,0.14781291094612,0.455504238806383,0.678682744206751,0.967940562523631,1.51665325645997,1.7426252057051
"2020-12-06",0.0912925113666372,0.0862696447795446,0.0827451755786818,0.088237039735456,0.137267882545209,0.426223188921402,0.640414199640149,0.921613262145436,1.46469307318048,1.691298022107
"2020-12-07",0.0878049794250524,0.0843009084375162,0.0827755738890219,0.0913858660325013,0.143926438018801,0.432085829869935,0.642497043866668,0.917920188597382,1.44994530190004,1.67235986996308
"2020-12-08",0.0823427526170433,0.0792767545160202,0.0784433008242079,0.0885274793686627,0.144168941526959,0.440622370146774,0.654939091427101,0.93406768070919,1.46981910009818,1.69279652876587
"2020-12-09",0.0840499680278831,0.0795755843918067,0.0768304539253768,0.0836991864801053,0.134644025915977,0.422739332209485,0.632463762008413,0.904595496225355,1.42127519853529,1.63413099228032
"2020-12-10",0.0889760264594024,0.0811964067133334,0.0740391065116122,0.0737988100300331,0.115817192019143,0.39903477273229,0.611992182378852,0.889914015062349,1.41700811399247,1.63322537410052
"2020-12-13",0.0856823383572595,0.0780843180413228,0.0711433245198674,0.0711721574369575,0.113303736697657,0.396010639644362,0.608971225358981,0.887584077352499,1.4182935234432,1.63675165914789
"2020-12-14",0.0901605664021904,0.0816319183065061,0.0735665431304647,0.0721717306076256,0.113820841940049,0.402641724010242,0.620263618965283,0.90377232158734,1.43910890002896,1.65786283502135
"2020-12-15",0.0954869149724371,0.0859670139594153,0.076663852670569,0.0735469345826528,0.113893228745963,0.405537782957793,0.625583705396125,0.91110809548543,1.44566351095241,1.66254496027721
"2020-12-16",0.0969928567360717,0.0882140748875324,0.0799167199816213,0.0784884649729921,0.121272751764852,0.416874006879289,0.63877004691471,0.926900671141516,1.46813561633724,1.68842979038418
"2020-12-17",0.0994585306490298,0.0893199393582441,0.0793779133977995,0.0758488610527603,0.117768112903578,0.420724934620267,0.647809211444899,0.940559160582851,1.48290645152563,1.70122188446494
"2020-12-20",0.0982190173840318,0.0887080695251401,0.0795130725955659,0.0768867990768619,0.118912935743079,0.416692743535166,0.639838154415186,0.928147052399808,1.46466584636597,1.68141730895919
"2020-12-21",0.0956058520212705,0.0861019687423368,0.0768097035191912,0.0736738693097125,0.11386100402962,0.404600062767788,0.623995489713477,0.908688147034891,1.4417033532606,1.65796254960111
"2020-12-22",0.100584773116043,0.0899788906065629,0.0793774388075507,0.0746654406887102,0.114673587722621,0.414255313473688,0.640183381377245,0.931954424334463,1.47317930203134,1.69114844784178
"2020-12-23",0.103038732435354,0.0929638509249477,0.0829094965834504,0.0785501455093741,0.117241240201445,0.407677179259081,0.628246891458129,0.914992213859549,1.45257765399533,1.67080459577334
"2020-12-24",0.10687767645912,0.0956425777728109,0.0840657684363751,0.0773350563544757,0.113292535913643,0.403079821066919,0.624969050054237,0.913434913979244,1.45267398626217,1.67089954023161
"2020-12-27",0.113020695247056,0.101913179569253,0.0904335204501144,0.0836223156469023,0.118704361607854,0.404486244858821,0.624405436295221,0.911385297451978,1.45089285874905,1.67013109012375
"2020-12-28",0.108372693365827,0.0987922957260139,0.0893752494229393,0.0859764624780724,0.12570600916383,0.416552962248772,0.637179245773099,0.924540195680635,1.46555136433828,1.68594752180253
"2020-12-29",0.0873809650657365,0.080942290616764,0.0756404982155817,0.0786198007099576,0.125547977988722,0.416836948160574,0.632775658109973,0.913920714107898,1.44750561275863,1.66682953426616
"2020-12-30",0.0866243437945278,0.080003242230975,0.0744287798137069,0.0768687555162409,0.122757025402183,0.41138180272467,0.625950808759394,0.905553187229886,1.43655555180503,1.65487450272338
"2020-12-31",0.0866243437945278,0.080003242230975,0.0744287798137069,0.0768687555162409,0.122757025402183,0.41138180272467,0.625950808759394,0.905553187229886,1.43655555180503,1.65487450272338
"2021-01-03",0.102753520349818,0.0915742596864701,0.080009553799737,0.0730990038587307,0.108198543428449,0.394876070457273,0.615573695066985,0.903602333847267,1.44512662449937,1.6651913950059
"2021-01-04",0.101319815975466,0.0907447507453575,0.0802409236797654,0.0758814742177522,0.117049759968653,0.421519424052824,0.650651096275595,0.946380713364362,1.49470769197446,1.71550034974577
"2021-01-05",0.102770766903321,0.0931859602318676,0.0844113954129143,0.0842023245661778,0.135328007940984,0.470467844721991,0.715545044505975,1.0277746202093,1.5979515677206,1.82536746778687
"2021-01-06",0.0992162867265972,0.0898865097332839,0.0818441960241252,0.0840779706564349,0.142364642514481,0.499873036803206,0.754340026642069,1.07292918598753,1.64081355643333,1.86365358847894
"2021-01-07",0.102542989831055,0.0907169363832464,0.0799496715660035,0.0796926080542047,0.140661220101428,0.522264475531911,0.787965778946586,1.1126371946394,1.66976151610018,1.88279960884599
"2021-01-10",0.105326042838649,0.0931641980787143,0.0823417742960895,0.0832070290556889,0.149182728809753,0.546543201199703,0.816781591443771,1.14131160632515,1.68510148290549,1.890042345047
"2021-01-11",0.0996894763958468,0.088950432368609,0.0798096027259318,0.0827113673017582,0.149228068334621,0.5392945969135,0.805285038841869,1.12671833554064,1.67091430276717,1.87739477881005
"2021-01-12",0.0994759694727792,0.0897443463957233,0.081459843963537,0.084188474339196,0.145570103197615,0.511465341069926,0.765646371133084,1.07764995661135,1.61792115132066,1.82587244249614
"2021-01-13",0.0951562909591438,0.0847361066578317,0.0758750889626773,0.0787888089849183,0.144085439534533,0.52986056350022,0.795328047796546,1.11861584483765,1.67204972704255,1.88350408172393
"2021-01-14",0.0974396250578505,0.0867534568128057,0.0770731094347213,0.0771922626156412,0.134326572554314,0.495771935142675,0.751901349438831,1.0697964697517,1.62801992761109,1.84472829158036
"2021-01-17",0.0974410542255731,0.0862601630974489,0.0760219880419769,0.0755664830527567,0.132991707803662,0.498798597362592,0.757326833677849,1.07706805802123,1.63533736826263,1.85121374645427
"2021-01-18",0.0968385198776659,0.0854339421856365,0.0748871254825136,0.0739004816410754,0.130539875202652,0.49527747066681,0.7535935315177,1.07326609524697,1.63165488762469,1.84761007055429
"2021-01-19",0.0953946308140417,0.0842491410369832,0.0739555926649811,0.073087730446294,0.128993942187542,0.489930600146153,0.746718146371523,1.06579656807966,1.62655580925917,1.84431183899365
"2021-01-20",0.0912917571029253,0.0801510222178429,0.0699823923065309,0.0697215555799964,0.127856480654148,0.498449863972447,0.761457133438849,1.08803093344311,1.66167186118481,1.88439000009934
"2021-01-21",0.0971174837208945,0.0844713302454715,0.0722112612003764,0.0683043576235617,0.120887610874881,0.48316484088629,0.744039670929245,1.06931972262979,1.64237937022667,1.86510535166281
"2021-01-24",0.094603257023365,0.0828411349132611,0.0713215166411735,0.0671928323012225,0.114920053836304,0.453822903837989,0.702776947620943,1.01809804816535,1.58652040548633,1.81089990017407
"2021-01-25",0.0844165152361624,0.0745878334232387,0.0656258983702649,0.0655514750716044,0.118203639542637,0.4595951185398,0.707036004738809,1.01998056715445,1.58516619585699,1.80883175206605
"2021-01-26",0.0800141140676478,0.0715049542315675,0.0641554459184552,0.0661993643440121,0.119960309582601,0.454983743085864,0.697488789938766,1.00550988526051,1.56675924731468,1.7904281462559
"2021-01-27",0.0727276692763296,0.0645154023390589,0.0578024336118151,0.0616583646432823,0.120319862041735,0.470752974744809,0.720485655956971,1.03474968278461,1.60025000158132,1.82373695302007
"2021-01-28",0.0770014694844118,0.0659530944689014,0.055769419970741,0.0550356096886549,0.111101661281803,0.473604094562839,0.732525752445494,1.05543331891279,1.62607499976655,1.84850157941782
"2021-01-31",0.0778542089844108,0.065892582699261,0.0546293681758525,0.0526111860922382,0.108575898108613,0.478367373230326,0.742620029180628,1.07139202387734,1.64970828253221,1.87435404711912
"2021-02-01",0.0689764845751101,0.058886707271732,0.050204693052975,0.0526228587463474,0.115129651264476,0.493689602113132,0.759579659593748,1.08873757483303,1.66567433988028,1.88950042866917
"2021-02-02",0.0575054097201147,0.0487519196239249,0.0420521131792634,0.0483396023590597,0.118124308006278,0.514301019599074,0.788686886181048,1.12695468180029,1.71809567502956,1.94718838450138
"2021-02-03",0.0479495154634533,0.0392921080516857,0.0327817137440253,0.0395834117026406,0.110767685106044,0.512027536189643,0.789486414380519,1.13137795306788,1.728644414258,1.9600822480361
"2021-02-04",0.0525304646839143,0.041445185809217,0.0319434993298185,0.0347260310892431,0.103440989212316,0.515030848016093,0.801244933340981,1.15267257749523,1.76133880495139,1.99563266607179
"2021-02-07",0.052299377295009,0.0426036988993652,0.0350135726133031,0.0410376800655818,0.114216009295806,0.528506244175466,0.812045072759672,1.1576804097396,1.75151829319018,1.97907664196601
"2021-02-08",0.0579054371249904,0.0480762449258661,0.040186831727984,0.0453449522910112,0.116228983652534,0.524157172086136,0.805400051498346,1.14985495406657,1.74537820003721,1.97446917258934
"2021-02-09",0.0594841498103136,0.0487857470120928,0.039526120795948,0.0417892312891634,0.106739044287008,0.500125965820789,0.775335808828448,1.11470669221131,1.70601190681457,1.93449433313035
"2021-02-10",0.0571614237443962,0.0463905007630049,0.0372494764358319,0.0404113417102385,0.108873001575461,0.516109574328143,0.798883492216884,1.14593917050026,1.74685164542889,1.97813637329689
"2021-02-11",0.0586427497765177,0.0465564623960793,0.0361036678351748,0.0385757916694016,0.110755697654056,0.540795383311345,0.836184418899091,1.19485075238684,1.80591682242468,2.03865026834796
"2021-02-14",0.0595391316023727,0.0469115739916232,0.0361168424711988,0.0392234934569992,0.115805327039534,0.562336053782234,0.863994725322331,1.22556741872108,1.83063261550507,2.05856781810755
"2021-02-15",0.0604022591131267,0.0469660515596461,0.0360310278859407,0.0418222033567445,0.130560927814715,0.617929720760491,0.934648867442736,1.30370690887995,1.89874115209227,2.11819088109439
"2021-02-16",0.0598181220429431,0.045666729225643,0.0334951727790649,0.0363920408293018,0.118592740420638,0.589030630559868,0.898840510421402,1.26227683888484,1.85266103769549,2.07123117714081
"2021-02-17",0.0492739557542102,0.0355761291271787,0.0241798221622243,0.0288970930008001,0.11539126443737,0.599147229632925,0.916180367218971,1.2875787030091,1.89033980690939,2.11342762874783
"2021-02-18",0.0496228042528606,0.0346320457917769,0.0219827000220076,0.0261641932702682,0.116582408545412,0.621918407222255,0.95000859610771,1.33105342085207,1.94217486471717,2.16685355921848
"2021-02-21",0.0497200851542214,0.0354961696104059,0.0240003581852325,0.0304780064128134,0.125319543902809,0.641497341505891,0.974713508491262,1.36108789860314,1.98009358881954,2.20759649931468
"2021-02-22",0.0553038475982249,0.0410837359262494,0.0290356567495144,0.0329438269638602,0.119779649059597,0.616064787113961,0.945702902489748,1.33559467696438,1.97633571794765,2.21515119918681
"2021-02-23",0.0515491864515711,0.0398934138836878,0.0313137899615613,0.0410118502942906,0.136106207985688,0.644934699013269,0.979443198203232,1.37504088415443,2.02704512187621,2.27066464817606
"2021-02-24",0.0529444346526961,0.0431714843286751,0.0400436694130273,0.0673033912325917,0.209109497846944,0.823621398028648,1.17741992664416,1.56003753555732,2.12602516302723,2.32632649926871
"2021-02-25",0.0555685905623845,0.0411785096849344,0.0314551937225145,0.0466304975210038,0.168122936791709,0.743379646528403,1.08208921324419,1.45067590753576,1.99800592402326,2.19189658038584
"2021-02-28",0.0603641817720395,0.0439094380428723,0.0310432202205951,0.0400919066902342,0.151448810137857,0.718446983962659,1.06355435805848,1.44635698970274,2.02667813819266,2.23410997321986
"2021-03-01",0.0627493940334589,0.0480426819494264,0.0365759052395475,0.0451277121543578,0.148351461648709,0.68850083577388,1.02777396453621,1.41349139542317,2.01633343216448,2.23505521707676
"2021-03-02",0.0598420768237895,0.0452215842532337,0.0350817936709062,0.0494525737779975,0.170723884823544,0.760468823929457,1.11563957678094,1.50845763151047,2.10287357265932,2.31523848177034
"2021-03-03",0.0622617077538223,0.0437897420758713,0.0303647503954363,0.0448619180003699,0.180896965942988,0.822638319193953,1.19165160046272,1.58522144156526,2.1560631111309,2.35625544347868
"2021-03-04",0.0659263061358324,0.0454833854421282,0.0299615568562888,0.0425657798472849,0.179803064605081,0.829164786187505,1.1981631308179,1.58761059610072,2.14576230848284,2.34056308552441
"2021-03-07",0.0661574020051086,0.0455598952077699,0.0303762175773061,0.0449324739904836,0.187376284564051,0.838663363641675,1.19901465232844,1.57264824430973,2.09843493519527,2.28070574175097
"2021-03-08",0.0580791509367271,0.0425608586279201,0.0331875646404572,0.0542971835149109,0.197481863000553,0.826317526927306,1.17535248215145,1.54022973344812,2.05894643892806,2.23949263964557
"2021-03-09",0.0570513262396163,0.0420139475773442,0.0327177746015964,0.0524331862132584,0.190527202779428,0.813387187371974,1.16771711490691,1.54454265231186,2.09016994857737,2.28144165942064
"2021-03-10",0.0539525539176208,0.0381089831178703,0.0275867247423011,0.045014807619452,0.18015395030588,0.808726327135456,1.17319469771804,1.56551882989846,2.14097663435127,2.34376149119366
"2021-03-11",0.0557668483991632,0.0362853440539365,0.0224768783389815,0.0392385256387375,0.186332924004628,0.864152550151246,1.24696952582276,1.65035383694439,2.22794383793854,2.42948572870761
"2021-03-14",0.0438001245186345,0.0272993934204403,0.0170120200999311,0.0381231572797015,0.187175764589236,0.855847811633375,1.23348876419505,1.63291822852294,2.20779757256983,2.40883716317086
"2021-03-15",0.0419079046389416,0.0266028027816956,0.0177234318623117,0.0406124385286964,0.190920858029121,0.860694119603191,1.2405672524771,1.64422994678733,2.22843485389026,2.43320639140136
"2021-03-16",0.0417768776819787,0.0237273250493305,0.0112359829994148,0.0285387558391992,0.172957854486113,0.847822129765298,1.23727503057123,1.65448363592417,2.26290733110122,2.47677507658205
"2021-03-17",0.0380476443506854,0.0186583204383025,0.00602926689395006,0.0278529608293488,0.190359233389898,0.910486816568988,1.30852234335727,1.72263310384544,2.3080868540801,2.51142345624602
"2021-03-18",0.0445516361684634,0.0218052922236003,0.00566432997749228,0.0244694893231776,0.189267276702756,0.92070073963725,1.31730083196163,1.72334801374243,2.287695336643,2.4824970536202
"2021-03-21",0.0428018258640244,0.0206448020591938,0.00504612955677675,0.023958174375183,0.186491975872973,0.905952254561598,1.29581496200936,1.69490056668615,2.24952381366478,2.44096549534997
"2021-03-22",0.0380182469380822,0.0193838901627077,0.0070596688528623,0.0271338568517689,0.180242989837209,0.861392994087268,1.23824160046323,1.63040686978466,2.18491292901764,2.37750695400458
"2021-03-23",0.0425814420724107,0.0231764811863065,0.00998689942732123,0.0290581271189325,0.181471124937816,0.859454836549855,1.23216286967611,1.61796659680293,2.16037358978507,2.34836803244326
"2021-03-24",0.0418787221414414,0.0211001432349804,0.00640486806651042,0.0240773302823266,0.177933390716784,0.870867100572362,1.25291455863445,1.64868591591654,2.20534331476841,2.3982946556662
"2021-03-25",0.0457836314439063,0.0220261841075894,0.00459313161843866,0.0213373946900112,0.18275669465329,0.902192197762766,1.29000829307645,1.68497006968533,2.23087822520534,2.41895417775688
"2021-03-28",0.0450841585875059,0.0210543236085453,0.00381000189231112,0.022448146191028,0.19046812624309,0.92695470076496,1.31967900868356,1.71702392073636,2.26285144420162,2.45052616909102
"2021-03-29",0.0516686797703351,0.0237759845459562,0.00256190230819275,0.017958842403747,0.188809604322299,0.936177167000754,1.32591525844573,1.71348926654996,2.23703909654133,2.4161041981117
"2021-03-30",0.0476405271321701,0.0198921207453381,-2.80094310181611e-05,0.0204994792289405,0.205253774838783,0.979872039239239,1.37372509670328,1.75985143482221,2.27509002279396,2.4507035139271
"2021-03-31",0.0432994652961348,0.0213370826216811,0.00699697984930658,0.0304847361976228,0.203672050792848,0.928642783271068,1.30559594899222,1.68167095439332,2.19183082205131,2.36656917653448
"2021-04-01",0.0487935845433197,0.023911607119704,0.00684622341511171,0.0290120759080907,0.207021883395436,0.941934054762633,1.31424380905136,1.67893332243781,2.1653573231044,2.33113722662739
"2021-04-04",0.052496176926731,0.0254524451668538,0.00599038114596567,0.0257710898643545,0.205093245087703,0.957621763413769,1.34032460621038,1.71553844328682,2.21622820965384,2.38688363924359
"2021-04-05",0.0436906036793508,0.0230478036376403,0.00938032776931408,0.031000755369728,0.195042884380984,0.902211459665412,1.28042671298492,1.66484741630776,2.19561590532865,2.37843613087624
"2021-04-06",0.0392289719496449,0.0177982502576826,0.00331875449304214,0.0243772459366031,0.190014865225616,0.908079556005758,1.29264056969671,1.68364456182972,2.22360239947568,2.40959482512954
"2021-04-07",0.0402885425862351,0.0205964089677256,0.00728835303092401,0.0268854736370331,0.181584952627119,0.863295220902876,1.23480473481239,1.61710294094586,2.15138279254533,2.33617057994451
"2021-04-08",0.0421940041713062,0.01991050613584,0.00445472142028058,0.0242908910825583,0.188653630825725,0.900872724593676,1.27963008284653,1.66258470840594,2.18845454875146,2.36925418176667
"2021-04-11",0.0418631095046184,0.0227590025215187,0.0113601053648798,0.0371951096755171,0.207692385521196,0.919486444523075,1.29461284449442,1.67303485197303,2.19204842241095,2.37044772401079
"2021-04-12",0.0389960435296537,0.0214175816337119,0.0108195091234236,0.0344598986816566,0.193381271098825,0.874971933984303,1.24397239656847,1.62304276380305,2.15231055455946,2.33532804701745
"2021-04-13",0.0400834378475268,0.0216449835083411,0.0103679990217593,0.0342622654226442,0.197053426162096,0.891554200076266,1.26455749746053,1.6455181800097,2.1742929173652,2.35676509312593
"2021-04-14",0.0378965053432728,0.0225185039586865,0.0137974630528374,0.0374531492294403,0.188712637093852,0.845512548304429,1.2090386868072,1.58877993842745,2.12839449069881,2.31619607708403
"2021-04-15",0.0405120435784226,0.0259573330618928,0.0184920361434441,0.0445729712122094,0.199647860204322,0.858119527292491,1.21822641085989,1.59183011011136,2.11917580912914,2.30226589840683
"2021-04-18",0.0401413917607434,0.0229318416793842,0.0124973534937943,0.0354792194132783,0.191280938296615,0.86550586433504,1.23367289268152,1.61411365594944,2.14845807275964,2.33361876963054
"2021-04-19",0.0425172786772318,0.0237078708187679,0.0106893805717436,0.0281673510884753,0.173214186982938,0.826909683286635,1.18969206361025,1.56752444510461,2.10200935320707,2.28766838665228
"2021-04-20",0.0412969422837495,0.0251136174819694,0.0152079785717362,0.0365921474104433,0.183755957765607,0.831793422901216,1.19172354136953,1.56805607013469,2.10311149134514,2.28934883073592
"2021-04-21",0.0396184480405909,0.0228945803345359,0.0124110680519297,0.033205549243116,0.180095947432131,0.825186496982649,1.1809645872351,1.55089860214856,2.0737261352474,2.25529858528399
"2021-04-22",0.0377603277665137,0.0210772711788676,0.0112953504473741,0.0350568323142109,0.190373496707118,0.852996104475597,1.21125717589343,1.57916991476838,2.09276189175134,2.27035163469716
"2021-04-25",0.0367416049819961,0.0204508054894481,0.0114846649165887,0.0373701212238267,0.197317843465858,0.866994776902683,1.22498307607214,1.59016718444189,2.0967073546998,2.27148256780577
"2021-04-26",0.0358558316567618,0.0189280265161538,0.0100631794960751,0.0388462156908195,0.209661572948146,0.90789017330571,1.2739184515237,1.64266486934948,2.14804224062806,2.32172943888509
"2021-04-27",0.0356200955856696,0.0173681401146992,0.00649794903256412,0.0314159969899069,0.195973339621203,0.888557607814276,1.25680547423946,1.63053727198164,2.14613012804237,2.32369399657822
"2021-04-28",0.0352344383392426,0.0146313379799083,0.00149627325869628,0.0251930335572111,0.194159188810315,0.903493338622703,1.27522576682129,1.64826170111962,2.15714780139967,2.33175712009135
"2021-04-29",0.0348569870679325,0.0150753705399363,0.00262865360760545,0.0263112393124325,0.192572209351072,0.894438346026556,1.26534775499,1.63977488770873,2.15350001487583,2.33009453651989
"2021-05-02",0.0394877388338298,0.0190737319402012,0.00508022202741204,0.0243143651987612,0.180172175221917,0.864289741097544,1.23426098737797,1.61279224987217,2.13870402777434,2.32022476065586
"2021-05-03",0.039783457920847,0.020742281028852,0.00836647520460743,0.0295463036234187,0.185858117832124,0.862009898207134,1.22639019176342,1.59886697803801,2.11611249908787,2.29462379729372
"2021-05-04",0.040500880750835,0.019495319154374,0.00422417597100599,0.019970105124977,0.167510202758256,0.833384490227617,1.19831478974842,1.5743847731063,2.10038082493896,2.28233443821926
"2021-05-05",0.0351143639767254,0.0174859919487419,0.00653466782833811,0.0286921945100712,0.182813055768564,0.847917804939883,1.20854330690836,1.57915654804059,2.09673001671609,2.27571204936263
"2021-05-06",0.0381158753710924,0.0197316644160102,0.00717960272710799,0.0252060137536091,0.170933479010977,0.830064956885463,1.19854399491707,1.58447469558068,2.13371605324818,2.3249336640898
"2021-05-09",0.0400557389190258,0.0220988973026761,0.00998943028259552,0.0284260477234396,0.174264559028451,0.836132037480296,1.20858916927604,1.60068301581413,2.16179666614022,2.35756443803312
"2021-05-10",0.03497257571321,0.0180723474029277,0.00748947299930869,0.0287734834413467,0.179533171339913,0.851293172447854,1.22763891711402,1.62335988284534,2.18927719394973,2.38668978274635
"2021-05-11",0.0345053972446909,0.0151369712523857,0.0028631230511228,0.0260492351025187,0.19145760430397,0.908444418803091,1.29762346103321,1.69769332326364,2.25649112064393,2.44973534530145
"2021-05-12",0.0341998578305742,0.0145496139975634,0.00121208737370204,0.0207370753764706,0.176585996567532,0.874890042615111,1.26189202019126,1.66480337343448,2.23464855445174,2.43258137816158
"2021-05-13",0.0356489816001753,0.0163361301915166,0.00318361584858423,0.0221615931170596,0.174612135409594,0.858352021682583,1.23737035041338,1.6319936727677,2.1901360554273,2.38400544354212
"2021-05-16",0.0349585552969568,0.0149669311705068,0.00138521736530517,0.0210648473797086,0.178193910553591,0.877057469140805,1.26123080205185,1.65889920627965,2.21798417730465,2.41175888345698
"2021-05-17",0.0356073811765256,0.0152339663427305,0.00083683954990782,0.0183425035754434,0.170586429505898,0.861306576896433,1.24524128801987,1.64526724294218,2.2112787611929,2.40789901079811
"2021-05-18",0.033440954349961,0.0126711806071847,-0.00120926332252463,0.0200687795858004,0.184411323184257,0.900518271741488,1.28711257585717,1.68247522767253,2.2316374272412,2.42117352308293
"2021-05-19",0.0364763462062375,0.0148660665626316,-0.000943362554080007,0.0149092044750049,0.166330919206886,0.85662068597769,1.23829019323911,1.63395820178421,2.19069747130029,2.38369427380202
"2021-05-20",0.033677547875733,0.0126788005211318,-0.00211197424989162,0.0159090898221406,0.171127355403955,0.863885690981117,1.24255964387428,1.63253260545148,2.17777273553864,2.36636850478143
"2021-05-23",0.0300912992426079,0.0119127473043716,7.41139271976943e-05,0.0205436629921559,0.172931667281961,0.848195730642472,1.22143045086022,1.60973785617968,2.15871107338778,2.34937739818155
"2021-05-24",0.0331760307187801,0.0149445104063321,0.00247776616962259,0.0202631464808645,0.164467680051535,0.81700207925511,1.18183195745265,1.56395133632809,2.10777728204272,2.29711021109429
"2021-05-25",0.0333404889738598,0.0151102834851353,0.00264957662943438,0.0204584543345639,0.164737417655423,0.817529417854085,1.1824927579951,1.56474902414512,2.10876741783991,2.29816716108737
"2021-05-26",0.0346961286997428,0.0144194219189083,0.000361372611661248,0.0188378592225992,0.172361578518792,0.854076441471296,1.22626530764391,1.60944148814921,2.14508710710258,2.33035745729273
"2021-05-27",0.0373501478044193,0.0156024255993294,-0.000342388146081063,0.0153166048079217,0.165889990370242,0.847645665274145,1.2215590100046,1.60695965608419,2.14606303644361,2.33255493673716
"2021-05-30",0.0377482874144068,0.0158188328757816,6.132991778518e-05,0.0171138478912255,0.17148330088277,0.854088966518707,1.22137699780179,1.59526012125919,2.11190508924823,2.28989031543835
"2021-05-31",0.0387381103555712,0.0174898514431174,0.00221978463391792,0.018999078166018,0.171128726518986,0.854815585255966,1.22913832083417,1.61479028848737,2.15411307683157,2.34067117747332
"2021-06-01",0.0395242328495155,0.0188819568265672,0.00401129045732113,0.0202618354333819,0.16866826578836,0.841357387891108,1.21280102487397,1.5977365700266,2.13927068692372,2.32698874892946
"2021-06-02",0.037739288179282,0.017908862713727,0.00483316542314111,0.0259960897163226,0.185766144433857,0.879435632442191,1.25359076638619,1.63614701331301,2.16745616659569,2.35082587079659
"2021-06-03",0.0377502727337456,0.0192814108083431,0.00669929438180833,0.0248268359407892,0.170543230068644,0.824146785814389,1.18646838500501,1.56370991736923,2.09726997204732,2.28260089583073
"2021-06-06",0.038145165709706,0.0205546873017182,0.00918007439034663,0.0293775630869364,0.178166793227062,0.836328718197837,1.19995585138909,1.57822558464836,2.112974136378,2.29869742567095
"2021-06-07",0.0375569142830536,0.0215326692044867,0.011509488524644,0.031744179236763,0.174874632615272,0.812484812632023,1.16967718973477,1.54525276999842,2.08235538484316,2.26971595892741
"2021-06-08",0.0370849165351421,0.0221325338022773,0.0129985462292174,0.0330388110640439,0.171240763648157,0.78859887806617,1.13689412158588,1.50518134942542,2.0351518270462,2.2204792525975
"2021-06-09",0.0340695919672571,0.0216280053906715,0.0146759916098094,0.0348159667929568,0.163905583847606,0.747628851591135,1.08563831921835,1.4505842990943,1.98839997994314,2.17834641054478
"2021-06-10",0.0362893611317088,0.0220348173161531,0.0134219587645555,0.033077355104871,0.167322343676489,0.770021574336777,1.11249066060701,1.47659013562982,2.00369427904458,2.18846451438804
"2021-06-13",0.0342495004128542,0.0203890849065517,0.0129882215492552,0.0366196121602241,0.181468639219391,0.809101965656061,1.15828210057477,1.52475647231476,2.04828168106451,2.23086072214162
"2021-06-14",0.0402329372414098,0.0267699176970927,0.0196074668743109,0.0427894445333369,0.184927949846922,0.805325644705525,1.15331042388686,1.52069591186611,2.04888405168446,2.23354825166397
"2021-06-15",0.0513174941661403,0.0363802598859138,0.0298953299957896,0.0615312643014037,0.232285628149157,0.910163177078799,1.26043001615566,1.61067645845062,2.08757348527802,2.2511468865385
"2021-06-16",0.0525943550940085,0.0385952971550171,0.0332786101740031,0.0662620571208664,0.235642408292992,0.889228942133661,1.21973666912305,1.54593284742,1.98486040041994,2.13487541306646
"2021-06-17",0.0498353750372914,0.0441735463062003,0.0483440949663729,0.0918766649983883,0.261885508319452,0.87581295670586,1.18479190547387,1.49165662499834,1.90796819793441,2.05066012525981
"2021-06-20",0.0449250891537411,0.0404939188936839,0.0459755577054037,0.0909324183214788,0.262441968230299,0.889880328246205,1.21304555973147,1.53948064428732,1.98980872506277,2.14501179036763
"2021-06-21",0.0491253329195729,0.0411991936022969,0.0420620710359517,0.0796701810118099,0.241937118779865,0.861523385965535,1.18465743626281,1.51215846079667,1.96480355401202,2.12086626561346
"2021-06-22",0.0469171436654441,0.0422907271337683,0.0474898975970336,0.0919192173867571,0.262517429462208,0.888143050049926,1.21060978029524,1.53640360384862,1.98589664781991,2.14081550274109
"2021-06-23",0.0555095250691664,0.0486578776701856,0.0517328154697872,0.0950299752657077,0.269442695080299,0.906181046353066,1.22766682890976,1.54722077539858,1.98094254937197,2.12961491141147
"2021-06-24",0.0558279063147104,0.0478530165235939,0.0497786479239442,0.0923063572330868,0.269049917940812,0.92112943509106,1.25136508644775,1.57987763497944,2.02594887531301,2.17886712223259
"2021-06-27",0.0560839862613265,0.047166405144244,0.0475873606980542,0.0868992672010972,0.257020133042541,0.892887206802991,1.21610809945326,1.53795271160014,1.9751955071449,2.12510232265145
"2021-06-28",0.0521930717040878,0.0436749863947463,0.0445635642266947,0.0844291956937263,0.254655918163152,0.888236424198614,1.20990993900996,1.53011423067734,1.96505624575045,2.11416942418123
"2021-06-29",0.0541910564220153,0.0450921577919472,0.0452395035270128,0.0840080633832383,0.253106077862144,0.886705753063525,1.20899744750374,1.52997454829054,1.96608073067821,2.11560066147762
"2021-06-30",0.0550701187032686,0.0460916385879109,0.0465307577544266,0.0860544668524758,0.256340585453867,0.887034499288305,1.20463027270572,1.51893683832494,1.94350354993506,2.08880827239403
"2021-07-01",0.0551166158669129,0.0451910084313145,0.0437479906137522,0.0785287483209587,0.238681093355618,0.853291308560464,1.17013456912984,1.48795758632856,1.92253172637467,2.0718163530179
"2021-07-04",0.0576424263209324,0.046152970519596,0.0427739854815383,0.0748877786551575,0.232973339984139,0.851044060383255,1.17129299274372,1.49295545237243,1.933092490545,2.08430950299423
"2021-07-05",0.0545687927240013,0.0469737354212427,0.0468957613061511,0.078883047249066,0.222502230821668,0.789516778577035,1.0936191095038,1.40747375219701,1.84915752560892,2.00240426659112
"2021-07-06",0.053995739593488,0.0470057128378513,0.0473027937875481,0.0786055618410396,0.217709433055148,0.768911639546351,1.06665134340659,1.37563626137858,1.81303905223603,1.96513646231738
"2021-07-07",0.0563576221171363,0.0474507341261936,0.0447970724508949,0.0702229354764911,0.199021000442935,0.73618618200552,1.03392199226835,1.34724223318595,1.79684192925122,1.95395929867532
"2021-07-08",0.0548505698073322,0.0469045220927483,0.0462239816681371,0.0768973672945054,0.218215783753449,0.784431199220784,1.09123051130605,1.4098871479789,1.86120381671302,2.01815710016508
"2021-07-11",0.0529799953650185,0.0467402469723252,0.0481162287316287,0.0814952827088369,0.224791024676909,0.789777615403965,1.09620445403087,1.41558680159806,1.86999065658842,2.02831469392397
"2021-07-12",0.0481706479975855,0.0443687630133253,0.0495581214985154,0.0907388432481451,0.248496450979263,0.838291519636905,1.14964170215505,1.46958411777149,1.9187075320963,2.07444830160342
"2021-07-13",0.0485054104669058,0.0448529269504582,0.049243319401427,0.0861815734300367,0.230344258387625,0.783615924120308,1.08312441163344,1.3962481233001,1.84381450302439,2.00007654928531
"2021-07-14",0.0440181765599583,0.042044285435872,0.0481884788609711,0.0864736209047068,0.22798204384574,0.762807371883411,1.0525805381903,1.35660596652931,1.79326235575167,1.94603416203805
"2021-07-15",0.0432805385566876,0.0426534494759417,0.050217748778813,0.0897170838370619,0.230024583621672,0.757553746233373,1.04596515342163,1.35132343469532,1.79471024753782,1.95055901384168
"2021-07-18",0.0363260251424712,0.0394455817528888,0.050397147675138,0.0905170177110956,0.2178372745184,0.689890709352823,0.956741596286198,1.2490652514419,1.6923693138498,1.85140708226929
"2021-07-19",0.0439209721426849,0.0434107662297419,0.0496645503314938,0.0827235514142108,0.203030295027308,0.682014606743858,0.960437986251989,1.26896533603718,1.74174986095893,1.91208507486261
"2021-07-20",0.0461488997806139,0.0436223516584341,0.0483073728112138,0.0822107820583404,0.213198170087502,0.731663968064039,1.02406885897634,1.33942849868178,1.80642374598402,1.97191835189771
"2021-07-21",0.0484819961654389,0.0441738763011207,0.0466004149481033,0.0771783353205915,0.204607777851769,0.720553378888635,1.01201803667643,1.32552369167406,1.78771766352935,1.9511438286445
"2021-07-22",0.0523007143658476,0.0467579049113638,0.0475503917912266,0.0755293141445583,0.199738953439641,0.713538475072328,1.00558596805326,1.32027559280172,1.78472873987147,1.94900094554859
"2021-07-25",0.0510771269772935,0.0454385379736695,0.0462235884893009,0.0745829176762794,0.200578413152034,0.721895612999666,1.01823724885158,1.33756042502824,1.80885824318527,1.97555188566668
"2021-07-26",0.0471049305765621,0.0449114300010769,0.0493982586742595,0.0810392907664367,0.203557363909311,0.696688414475065,0.980323242355199,1.2908391832287,1.75894368492014,1.92619920109324
"2021-07-27",0.0434353935430315,0.0422769381155777,0.0480850785261919,0.0816644016610585,0.206015290997008,0.697446048234153,0.978518183134982,1.2857116893597,1.74830156442393,1.91353641200437
"2021-07-28",0.0451525058626575,0.0423784768385995,0.0466541280938987,0.0796369529642804,0.20857823947903,0.72129997911122,1.01086769021169,1.32329469441976,1.78606659619845,1.95007573682041
"2021-07-29",0.0469517165408806,0.0432268827982185,0.0456999012337651,0.074184062995806,0.19296794807995,0.684654389152552,0.969830075788281,1.28280646443216,1.75537745564622,1.92430410333216
"2021-08-01",0.0475504607564539,0.0440373643425283,0.0461890219932799,0.0723089935514243,0.182664299165252,0.648800380315115,0.924656346043453,1.23199825598202,1.70466364413792,1.87513423371256
"2021-08-02",0.0516207130498867,0.0473377966942111,0.0484425167911229,0.0728066643821698,0.180693002123958,0.643859436414427,0.91924506455178,1.22649103953053,1.69944437367922,1.87006439278269
"2021-08-03",0.0486428741333494,0.0453457292137307,0.0481201000034678,0.0762050959710142,0.191502997725242,0.666053439806108,0.940830909304097,1.2422468017196,1.69721718273151,1.85983786939188
"2021-08-04",0.046202036392887,0.0439598053593537,0.048796853264943,0.0821450391261004,0.209441422150668,0.708139075349122,0.987105795149176,1.28631370657906,1.72664072294881,1.88226254367988
"2021-08-05",0.0471063777169403,0.0442080343404803,0.04890405942943,0.0842889778147146,0.220973513951308,0.752964251284894,1.04693913154749,1.35915440417873,1.81336749537433,1.97309875436168
"2021-08-08",0.0478119898363331,0.0441621471365123,0.0485114214255772,0.0852393521961545,0.228665157620147,0.77923053382558,1.07729372515483,1.38891226117656,1.83433218067698,1.98984523095132
"2021-08-09",0.047926969285752,0.0454205656692606,0.0515807418011185,0.0920752256430483,0.242645405984545,0.806005037370202,1.10684351320837,1.41904396622652,1.86209250584696,2.0163680689642
"2021-08-10",0.0470193510952652,0.0442094947289262,0.0495836837407743,0.0877375034617341,0.232680779869877,0.786555021937348,1.08766237051377,1.40388407003428,1.85832252167698,2.01733820294104
"2021-08-11",0.0426354983236033,0.040230644582269,0.0465590624336981,0.0874311704443274,0.238831314487042,0.804432934428454,1.10632739078722,1.41958232807908,1.86409248225946,2.01887417417484
"2021-08-12",0.0499551714725534,0.0464899782974677,0.0504952776674059,0.0849057167676927,0.220410424823399,0.7485393895653,1.03891583452576,1.3458461197546,1.78984377113852,1.9456043159873
"2021-08-15",0.0462130107393178,0.0448525229467465,0.0511012906923892,0.0874994664707189,0.221271061453504,0.737264328965047,1.02453092704877,1.33221001244768,1.7846050668115,1.94445531242433
"2021-08-16",0.0466510181554061,0.0460668002805394,0.0532916186241889,0.0910735783144472,0.225994265403837,0.740032879268451,1.02510614201977,1.33008806481811,1.77819511239619,1.93650052071906
"2021-08-17",0.0420617336529179,0.0414193360844061,0.048795598686406,0.0874468136709341,0.224877024140037,0.741810814876063,1.02446797968098,1.32374580599874,1.75831437773898,1.91106451547053
"2021-08-18",0.0337377384972564,0.0353194064182583,0.0453894515996,0.0875702591998379,0.227203273616164,0.738178227436779,1.01652172122759,1.31182868629808,1.74231838581461,1.89393784989182
"2021-08-19",0.0409966458480702,0.040209524616586,0.0478224011471035,0.088044089157831,0.230267747457284,0.754710178833515,1.03514591662526,1.3273069995458,1.74403578246805,1.88945871430049
"2021-08-22",0.0391639245563854,0.0393276216214156,0.0478481567985029,0.088508463740343,0.228704909994463,0.745875683481162,1.02542275967634,1.31945608355269,1.74351773245971,1.892173664119
"2021-08-23",0.0419118098851622,0.0394268285177175,0.0452684619517389,0.0841324590793477,0.229005389667043,0.771598103901799,1.06143677494465,1.3622483175057,1.78915683498955,1.93781401955729
"2021-08-24",0.0425440586405618,0.0400785976415432,0.0465199402698641,0.0880330159587607,0.240855392044961,0.803341282453084,1.09886792360747,1.40214955500404,1.82755939651338,1.97505183786634
"2021-08-25",0.0415764952466435,0.0384377993857659,0.044657610809698,0.0876891672563024,0.246942269245198,0.822757794916074,1.1182856185757,1.41651684092706,1.82771551886709,1.96941688477046
"2021-08-26",0.0470218533643491,0.0415301485668759,0.0440980923757411,0.0797710562096235,0.225842201949718,0.781654583155622,1.07485473923311,1.37505211187571,1.79449602512919,1.93967618814007
"2021-08-29",0.0440044020504868,0.0391040450447575,0.0417460760547673,0.0755024954895777,0.213938130613887,0.751322791986537,1.04146902879434,1.34350451062354,1.77291131005776,1.92250020928434
"2021-08-30",0.0430328771814686,0.0396230986717102,0.0441629548755026,0.0807817354018964,0.222721188834248,0.766045049829536,1.05993898611551,1.36712522464724,1.80614694857219,1.95942093587069
"2021-08-31",0.0442234049485573,0.0398030577376536,0.0431345693564364,0.0781650352941884,0.218769362901995,0.760405941539706,1.05219078604574,1.35574164860367,1.78714317204092,1.93741402153113
"2021-09-01",0.0455574616466154,0.0406784470490834,0.0433348927082584,0.0770695061314295,0.215332172628194,0.751931502950727,1.04163575963273,1.34320594657437,1.7719468660673,1.92130344461129
"2021-09-02",0.0447186611306571,0.0391300572852248,0.0412981099788323,0.0756352340051721,0.218721974662591,0.773879552939515,1.07195465734761,1.3807758537563,1.81752508054448,1.96936181834962
"2021-09-05",0.0434264330612019,0.0366122523518096,0.0381351543266027,0.0742062995597245,0.226331829043172,0.802907939165108,1.10297587081585,1.40692757188521,1.82689289088154,1.97167879147376
"2021-09-06",0.0436046317329943,0.0371494733161916,0.0391035182901162,0.0758234222608033,0.229184531675668,0.812710143508897,1.11866699256842,1.43032526082061,1.8634131232445,2.0130209025818
"2021-09-07",0.0455625708282178,0.0407952711472659,0.044289369222525,0.0814229921273162,0.229757747419765,0.793000840601519,1.09171262349816,1.39906020642067,1.83082254704158,1.980567831693
"2021-09-08",0.0506456650374682,0.0443068956718862,0.0456742457144265,0.0791772361186871,0.221693103269403,0.771008588548327,1.06186163160116,1.35995716575698,1.77670469983462,1.92096976844704
"2021-09-09",0.0539007147313744,0.0452562537128159,0.0445520202274087,0.0775863086188308,0.226941661655407,0.801334715292059,1.09957955430784,1.40041141889914,1.81404340615876,1.95639594639636
"2021-09-12",0.0528150881107756,0.0446578255088874,0.0444311807705162,0.0776958290301757,0.225670746195035,0.791967550949468,1.08560560270348,1.38168386483654,1.78869927137957,1.92876904051555
"2021-09-13",0.049792302089486,0.0430432542709994,0.0441346494453447,0.0778650378466254,0.221798134133715,0.76942242855819,1.05473607498625,1.34382727210563,1.74332525138267,1.88105959518109
"2021-09-14",0.0473257259932929,0.0397534598585562,0.0403184486428575,0.0747958843539102,0.223593443652788,0.783520702457416,1.07059270911883,1.35813976001266,1.75101094846037,1.88594891744931
"2021-09-15",0.0458798392199391,0.0368127401607896,0.0367354524974985,0.0739088887674698,0.235108511318988,0.823520116211156,1.11437518641783,1.39864433485028,1.77826530498651,1.90774762556954
"2021-09-16",0.0563989130521802,0.0430639923882329,0.0386315389150215,0.0724237479420953,0.237836826431814,0.846590248172104,1.14152116839031,1.42503770946982,1.79792702723174,1.92456882800668
"2021-09-19",0.0515031702707445,0.0402702888159889,0.0375008245227925,0.0707811075016427,0.227552631858645,0.808926963589127,1.09552532937529,1.37440081998464,1.74513278971696,1.87141007436417
"2021-09-20",0.0455253312927697,0.0355535518979954,0.0344540886902086,0.0704079381043783,0.230623297172324,0.815471335077318,1.1025359978034,1.38156528963531,1.75230123658603,1.87856793374027
"2021-09-21",0.0442322356201317,0.0359004399868768,0.03750196895216,0.0789787017764533,0.247660619127107,0.830698500422399,1.10616850549492,1.36833932480567,1.71071900482996,1.82680669898432
"2021-09-22",0.0475182466831461,0.0360430356109129,0.0361784498015547,0.0828227593428957,0.276530407251964,0.925743561200048,1.22023071406239,1.49348139598039,1.84321566646105,1.96123376360564
"2021-09-23",0.0560184599747836,0.0434688115533043,0.0420903100071007,0.0862365199977634,0.277504494821323,0.933200732425645,1.23503557203469,1.51719430781287,1.88028851370366,2.00295927766886
"2021-09-26",0.0545718388846576,0.0385367933136746,0.0348565288621126,0.0813608600087644,0.288392104715153,0.974632331992121,1.27694796199613,1.55226079440496,1.89976122626566,2.01668355955677
"2021-09-27",0.0647589387521817,0.0497338930396745,0.0469329067233016,0.0939715218694951,0.30164168387164,1.00309154670347,1.31923264570549,1.61095899942799,1.98268254701539,2.10799631689136
"2021-09-28",0.0520196591251412,0.0409975278146106,0.0421673894247062,0.0919992534808588,0.295284849457996,0.979521643352671,1.292881540944,1.58546423171045,1.96176816436955,2.08889174032001
"2021-09-29",0.0609021790610316,0.0477366259745651,0.0455949262375901,0.0888789349459639,0.28107221367268,0.95113115254039,1.26358896073203,1.55774457563389,1.93830864939987,2.06703878180198
"2021-09-30",0.0719567628314626,0.0554397815782613,0.0485319665793076,0.0833577088970604,0.263104415753431,0.920871749670024,1.23403755525898,1.53143900504262,1.91856869454306,2.0496993598458
"2021-10-03",0.083112941387235,0.0644086945624945,0.055222159669214,0.0880961861036748,0.269331965862468,0.9363139312125,1.25184099494645,1.54988076158444,1.93606491542886,2.06672644924266
"2021-10-04",0.0868701290986277,0.066662608137558,0.056408490971122,0.0901687073539835,0.279017523825278,0.969140312800865,1.2922662997145,1.59550883785186,1.9864240301924,2.1185280600538
"2021-10-05",0.0581597543372443,0.0490548531077094,0.0518483084168997,0.10187388401551,0.300320267452622,0.974495512300165,1.28898057247015,1.58618972804839,1.97218717056961,2.1028879492817
"2021-10-06",0.0412393093008066,0.0366676804615857,0.0455960682920276,0.105859312694959,0.3187766275005,1.01250153125265,1.33212508328853,1.63328608150258,2.02386133904382,2.15608296666255
"2021-10-07",0.0454682363141641,0.0392872481872918,0.0472654982572068,0.109225792280421,0.331795582073649,1.04876828608183,1.3729447470151,1.67471659532655,2.06230694803843,2.19321706642536
"2021-10-10",0.0392618797989685,0.0353068618079442,0.0470174080897534,0.116897118426002,0.353150376267917,1.08250986517933,1.40276999614075,1.69654084796666,2.0698949676416,2.19571367868107
"2021-10-11",0.035522196601192,0.0322283742656444,0.0446109977345661,0.114729063093016,0.347812715539024,1.05572877735759,1.36249938234551,1.64197143885281,1.99544313757335,2.11444491663729
"2021-10-12",0.0324982508556064,0.0310672949035193,0.04619183889367,0.121042262371057,0.358890875366896,1.05366976910102,1.34602405117611,1.60851995079797,1.93730285886955,2.0477878476646
"2021-10-13",0.0231961539608639,0.0272218720495147,0.0476414635143475,0.12589177880655,0.357182007253329,1.0299606751739,1.31981233824384,1.58450414362903,1.92023979309138,2.03335077427724
"2021-10-14",0.0478560101146821,0.0406754622249511,0.0516348114547491,0.128405616399307,0.385009876682837,1.10913700163034,1.39711388051686,1.64766533371313,1.95524472168186,2.05825428558129
"2021-10-17",0.0460605864475838,0.037281993425917,0.0492228257138403,0.134790767520864,0.414274144554141,1.1577049683432,1.4366263231492,1.6728918339505,1.95879120298551,2.05435535390924
"2021-10-18",0.0605608145977378,0.0443006077764168,0.0470436251603209,0.120286416282128,0.39172545608737,1.15609847224634,1.45076585204853,1.70261275969273,2.00863496827723,2.11097502783119
"2021-10-19",0.0578669847359475,0.0424805208191863,0.0452151490125488,0.115994797305619,0.381830614499686,1.15358061256334,1.45999495631012,1.72546217149125,2.0504036582662,2.1591775349961
"2021-10-20",0.0571867344031489,0.0448931850610946,0.0546855410608509,0.143346654986004,0.441103441266761,1.23060384234903,1.52344589495686,1.77006918642304,2.06762292608435,2.16704759340886
"2021-10-21",0.0589280025457879,0.0504551654127613,0.062996675002705,0.150082466758022,0.432958768905919,1.18387086242369,1.4654291374166,1.70390213422922,1.99246269254475,2.08891609476054
"2021-10-24",0.0585088891469798,0.0506935029944951,0.0626028102850189,0.14529166772017,0.417698978775836,1.16391619405173,1.45231288418576,1.69989528635337,2.0015779079366,2.10250687855003
"2021-10-25",0.0574330408264594,0.0490656867379961,0.0614048337869744,0.147201902853588,0.425959589400407,1.16600552151229,1.4434968574832,1.67852639371297,1.96292068232886,2.05798149135725
"2021-10-26",0.0472698394804753,0.0477057487184843,0.0701948390395931,0.167657558123028,0.448382142441936,1.14915928856436,1.4044470943828,1.61875404861928,1.87706325138834,1.9633681892417
"2021-10-27",0.0541282440669019,0.0464827143812118,0.0616947357603247,0.155979706676567,0.449090887614857,1.18380022669077,1.44613822449661,1.66400401178442,1.92522427898885,2.01245096953947
"2021-10-28",0.057383323176623,0.049329371246505,0.0653899623456442,0.163674125714128,0.463433418759963,1.1875709240342,1.43761465537192,1.64264901100658,1.88717347491742,1.96878373342702
"2021-10-31",0.0485398560934827,0.0477701777206372,0.0699214869872083,0.169897343246236,0.45950603155175,1.17489382160968,1.43199045280166,1.64652419004291,1.90436813857563,1.99049023925947
"2021-11-01",0.0487855266362393,0.046407223374017,0.065105529823544,0.156709985555592,0.432108961575807,1.14118954854625,1.40463876587012,1.62740029670547,1.89680612676747,1.98685303514548
"2021-11-02",0.0469918577619104,0.0500430455891194,0.0751336752608243,0.175186870018355,0.459018705555236,1.18064353219319,1.45047124479149,1.67977241551375,1.95787604922194,2.05086460409419
"2021-11-03",0.0401647073943246,0.0463530630526977,0.0717129592648065,0.162660329545973,0.417086142614008,1.09680293810648,1.36752578051675,1.6049715869305,1.89820989791951,1.99651759465495
"2021-11-04",0.0389306340873333,0.0469013683168285,0.0727938111199085,0.159720415296818,0.397980655954826,1.04060597663381,1.30183753565032,1.5337130031351,1.82231493845829,1.91919866134675
"2021-11-07",0.0366489257991079,0.041706674362574,0.0678099304728643,0.164829487978758,0.432829603023648,1.10577508308965,1.35639566477626,1.56921141938046,1.82725582942103,1.91353538169565
"2021-11-08",0.0425995568566893,0.0444364113730526,0.0660444486788295,0.155179520552265,0.411072787078964,1.06520443638836,1.31021734074458,1.51849921915265,1.77113737230647,1.85561190686813
"2021-11-09",0.0509313128856917,0.0470458393934619,0.0696120146938052,0.179731399979646,0.493071839083601,1.20747646672854,1.44450962253555,1.63638837353498,1.86412405115247,1.94010108001225
"2021-11-10",0.0583474195500728,0.0452487144095349,0.062748521861468,0.180017510751698,0.523199885040996,1.26221344991913,1.4920072788688,1.67409215981022,1.88866974771935,1.96022231206873
"2021-11-11",0.0516543864774518,0.0491319133805984,0.0725017532320597,0.181889916999382,0.492313268930337,1.21020216275386,1.45215413162013,1.64913116651064,1.88342062913421,1.96159767096133
"2021-11-14",0.0482355489128543,0.0439483565517148,0.0662452909872592,0.177302452199529,0.497750832902526,1.24387598855922,1.49585225646523,1.701053050133,1.94514283931366,2.02659038397501
"2021-11-15",0.051176390304549,0.0475752177276818,0.0700705096215118,0.180172032397562,0.499052960108025,1.25386501148281,1.51294402073573,1.72518772920441,1.97824770184447,2.06270542657325
"2021-11-16",0.0549500265675968,0.0490978443715805,0.0682959872002901,0.1722324621325,0.480913082802551,1.21897363809357,1.47305978045861,1.68131080776837,1.9296408157144,2.01252055489053
"2021-11-17",0.0468098077257648,0.0462404279671328,0.0705034829863035,0.177936390795184,0.48282128367696,1.20906964680944,1.46167440386639,1.66980050538451,1.91855517284342,2.00159487794489
"2021-11-18",0.0969465303893921,0.0719439609550709,0.0737704516897737,0.167031898363668,0.484717714575162,1.21739688673585,1.45244786383535,1.63999845204939,1.86144673995718,1.93529850144917
"2021-11-21",0.0670923526114722,0.0531468706751004,0.0732622364004133,0.202029358544611,0.567361921843063,1.31682634194986,1.54106214791208,1.7169572579761,1.92366850138053,1.99258801070676
"2021-11-22",0.0593305589143003,0.0540004071433266,0.0816408557278874,0.214846859305978,0.578360864397084,1.34071541881205,1.57602034840296,1.76230568728599,1.98179503715702,2.05498496285341
"2021-11-23",0.0619247180183901,0.0616199370347315,0.0966704659133428,0.241625536840191,0.6125131635143,1.34349493329441,1.55978938253525,1.72925137742831,1.92836095293092,1.99474553249015
"2021-11-24",0.104549558214294,0.0814209878461174,0.0965424166355964,0.23072904507575,0.614656184024441,1.35736182875007,1.56771448366047,1.73058322837888,1.92140100286421,1.98501326455017
"2021-11-25",0.108139904993589,0.0885763296516184,0.0937096020434491,0.183050970439679,0.478971735462351,1.16797466678119,1.39241455494055,1.57243504482468,1.7853565520642,1.85637263879868
"2021-11-28",0.0705023492891426,0.0713144155872289,0.0947415458324343,0.194027922467666,0.474025481546725,1.14847414278403,1.3864259693145,1.58364097849218,1.81996499524594,1.89887519944016
"2021-11-29",0.0816973070334291,0.0913599088747489,0.125537580236737,0.238505354952256,0.523996400038039,1.15950739817541,1.3735159799968,1.54830540385676,1.75654197431042,1.82603669252541
"2021-11-30",0.0655054014376625,0.0839052619816749,0.126324334012891,0.24434059597747,0.520777886653765,1.12725645691688,1.33475324957022,1.50581673721813,1.71049190174645,1.77882717448486
"2021-12-01",0.0440007501384395,0.0685356793631667,0.12219238446052,0.264395991853566,0.577613726440123,1.19891969208145,1.39397433243934,1.55011335077996,1.73482069982432,1.79642939261912
"2021-12-02",0.0166583908179904,0.0584219046542855,0.126386443176842,0.271398128903059,0.552989345528656,1.11252295031906,1.30159478746775,1.45854001149051,1.64722372270457,1.71025931493727
"2021-12-05",0.0184325312742195,0.063144410466509,0.136080039822804,0.291842953238825,0.593484542782328,1.18621468516234,1.38399114883941,1.54727677045279,1.74307285853109,1.80846505942968
"2021-12-06",0.0214293572814095,0.0782137151489642,0.165226096542866,0.338514416492031,0.651696686711979,1.23530152688242,1.42680574120024,1.58479516863554,1.77435261462178,1.83766967648277
"2021-12-07",0.0151686091759525,0.0693323943409263,0.153106736640087,0.322450040549154,0.636323217347129,1.24936720484121,1.459506518746,1.6359960619124,1.84965120013019,1.92109701631695
"2021-12-08",0.00625501956853768,0.0612210495601529,0.146118368180247,0.317248079897815,0.63256197864011,1.24042510607598,1.44606120793869,1.61777846105121,1.82502911619874,1.89430561288852
"2021-12-09",0.00665082333588585,0.0594822961914817,0.140872941287216,0.304941825479889,0.60965650335871,1.21438294127992,1.42606681298478,1.60571973729246,1.82450477310274,1.89772934568691
"2021-12-12",-0.00252446600831047,0.0518279144403723,0.134111556402458,0.296500179749739,0.591400007965852,1.16721329375145,1.3683925484894,1.53951697467008,1.74832804951839,1.81823994102058
"2021-12-13",0.00555960001259545,0.0571636962397264,0.137536779395064,0.301182549774523,0.606053116080326,1.19994545007438,1.40185753849163,1.57065333844232,1.77445794681994,1.84258498466949
"2021-12-14",-0.00549707365304836,0.0559329340910103,0.14630052231335,0.318417045117239,0.619809123400747,1.19979350265165,1.40626010877212,1.58497968256388,1.80592028513269,1.88007686961036
"2021-12-15",-0.0129988794173697,0.0503031802491534,0.14052154935162,0.3052850392708,0.581239615000905,1.11608652752764,1.32521521292151,1.52366465426809,1.79579181430287,1.89089128652478
"2021-12-16",-0.00484208746381912,0.0606226626426043,0.153577310807424,0.322237314527465,0.601249638362209,1.12727995064619,1.32652189840129,1.51164300073075,1.759518330549,1.84518598079689
"2021-12-19",-0.00349884349551887,0.0601222462317853,0.150749636752916,0.316114072470699,0.59261035336813,1.12648489723791,1.33432210582517,1.53096427867177,1.79968728124295,1.89343897169418
"2021-12-20",0.00310970507607489,0.0711770724130005,0.167740812247037,0.342675449412935,0.631211615206911,1.17163335417541,1.37479581565912,1.56264655721376,1.81286399683113,1.89914562176462
"2021-12-21",0.00200577680064937,0.0703247017453964,0.167181020189394,0.342442284422217,0.630883070659317,1.16850682207792,1.36950135604226,1.55468923232691,1.80042994292426,1.88503279281167
"2021-12-22",0.00265591793941243,0.0727310755164958,0.172083751459292,0.351882833034632,0.647856269540016,1.19978604069115,1.40624242503997,1.59652957646049,1.84913126638228,1.93610984393627
"2021-12-23",0.00617471134381552,0.0756916587244407,0.174294515490988,0.352868326956385,0.647235474787967,1.19786693511192,1.40456244191024,1.59549846304088,1.84956657400137,1.93713789863198
"2021-12-26",0.00525897937110912,0.0764844715688978,0.17728569559339,0.359131047509264,0.656690795944524,1.20432477754909,1.40613856124162,1.59039916230653,1.83261031040795,1.91567819850763
"2021-12-27",0.0116158269537762,0.0836599197537453,0.185543675586724,0.369102904587312,0.66873017234344,1.21720729255223,1.41810682825455,1.60084008082544,1.84012406154226,1.92206523760052
"2021-12-28",0.00778676136867045,0.084764308155446,0.193396811598518,0.388400311161592,0.704520697619844,1.2745474573247,1.47984105224991,1.66464834126416,1.90418861199256,1.9859046472646
"2021-12-29",0.00702377995112364,0.0817614302692071,0.187289022840204,0.376894599761881,0.684801319566173,1.24212846774508,1.44370292619649,1.62563016393419,1.86202788180327,1.94274540793239
"2021-12-30",0.0244184694572123,0.0983386699929825,0.202668567790542,0.389986112171399,0.693761513952857,1.24197848572051,1.43959948667385,1.61759937868371,1.84844148973061,1.92720582582633
"2022-01-02",0.0175090646644708,0.097696532357851,0.210772582755494,0.413482635578697,0.741273771679444,1.32913780120171,1.53957126354959,1.728312360533,1.97209138809628,2.05514859958347
"2022-01-03",0.0316032584638927,0.108812427479431,0.218072115106909,0.415145425802085,0.737527138932765,1.33045634353113,1.54880122856751,1.7480634421104,2.00987166079719,2.09964395920869
"2022-01-04",0.0237743638107906,0.110334365713583,0.232008543725745,0.448926543348313,0.796059416537102,1.40480216324389,1.61735744130305,1.80523646362431,2.04464979884858,2.12584989984464
"2022-01-05",0.025500397491887,0.11503138716407,0.241429507009536,0.467833950111832,0.830306325175597,1.44791685064447,1.65090598498132,1.82232418554804,2.03178095992109,2.10197145195216
"2022-01-06",0.0306198071949994,0.113692070883269,0.23400857801081,0.457126124356085,0.829206522209933,1.47817704848762,1.68773714090714,1.86124006881231,2.07017988299916,2.14001375613868
"2022-01-09",0.0284768648877348,0.118465475893499,0.247317026621046,0.482088153486288,0.862957373507604,1.49871907372048,1.69677998794366,1.85865805336158,2.05241624156369,2.11712874901443
"2022-01-10",0.0395856468000107,0.130508563001886,0.259264991907572,0.490537113572291,0.860273252677609,1.47688247914267,1.67239866418419,1.83413171242882,2.02911651947661,2.09430605680834
"2022-01-11",0.0332521259138539,0.129678711862709,0.264015147359333,0.499819570499581,0.866406638979025,1.47121660789957,1.66891195719699,1.83748513249709,2.04603286817905,2.11617523961279
"2022-01-12",0.0313808812101266,0.127359558509509,0.260924767541307,0.494928941069527,0.857432450389936,1.45114378056654,1.64371366375318,1.80726958588996,2.00901786616674,2.07682550490318
"2022-01-13",0.034575222335498,0.139777983530741,0.285489156165064,0.538697163410131,0.925071890859616,1.53864357542406,1.73134923485386,1.89246365155014,2.08901804843352,2.15491907343737
"2022-01-16",0.036380161796376,0.145689170508645,0.300070189041694,0.573966121051576,0.994513801541361,1.61821070107154,1.79142854219382,1.92744606849453,2.08763040214575,2.14104753886355
"2022-01-17",0.0398491907285648,0.158150683648873,0.320693282116942,0.599271938420512,1.01370556054724,1.63932681302415,1.82600983843026,1.97855818006857,2.1620410555155,2.22339845749938
"2022-01-18",0.0591752777862815,0.175644800098272,0.335652201849221,0.60983246458464,1.0175774628348,1.63266987055503,1.81608324483337,1.96591565151917,2.14610142776562,2.20635459817359
"2022-01-19",0.0622257565029129,0.174202373274574,0.32815495838982,0.592306293866852,0.986079560795026,1.58289879002324,1.76169414613537,1.90804097242095,2.08423283467643,2.14316131391484
"2022-01-20",0.0660483216046375,0.175385542026825,0.32570768189565,0.583625100483423,0.96809231990984,1.55076810982452,1.72531492248581,1.86818031425468,2.04017805372199,2.09770363379262
"2022-01-23",0.074709821539884,0.178168159599217,0.321306493871309,0.569574664964493,0.947096172835591,1.54240697097347,1.7280298742694,1.88269679522221,2.07096238080732,2.1340556659171
"2022-01-24",0.0902441596182261,0.197596420270414,0.345437823397834,0.59983271172096,0.981060491041619,1.56490204181213,1.74163355948043,1.88693864378827,2.06233647984195,2.12102566902817
"2022-01-25",0.0626323765593913,0.200926160669261,0.387109619378274,0.695311843078876,1.12593447009313,1.70334003393903,1.85756348457057,1.97862469448444,2.12145799189788,2.16910232532915
"2022-01-26",0.0630809934741866,0.21257163133751,0.410791679468379,0.730597922393957,1.15759963432488,1.68618389367264,1.8182545545126,1.92008532564961,2.03950715088099,2.07932321428525
"2022-01-27",0.0672323580041572,0.210752358454953,0.401716876150594,0.711620898421559,1.12965983799209,1.65632513222017,1.78978103377132,1.8930282552907,2.01423260763199,2.05464564206246
"2022-01-30",0.0746359593783181,0.220636288546595,0.414574986705543,0.728417197026303,1.14967428611849,1.67588833145774,1.80831973509361,1.91060393957499,2.03061776801135,2.07063250808706
"2022-01-31",0.0920369839405459,0.232692238618885,0.420358522325872,0.726320831986227,1.14241815846529,1.6741266594919,1.81043692397487,1.9162053445988,2.04048548674866,2.08192684984896
"2022-02-01",0.0857278238095907,0.222023996971751,0.404601705975997,0.70428203204164,1.1167253128232,1.65495756778728,1.79538875583121,1.90487218350694,2.03372207743114,2.07669254382124
"2022-02-02",0.0769497665974913,0.224822822845591,0.421569340324121,0.740828963118181,1.17142207307533,1.71375860782159,1.8511553277456,1.95744541564375,2.08221969178063,2.12382299104772
"2022-02-03",0.0798410201875328,0.256405498539364,0.486318302840373,0.846183671396773,1.3021219066238,1.8199133771451,1.94126775265802,2.03364850697005,2.14164591343144,2.17764705020755
"2022-02-06",0.0756335069742265,0.248202580979949,0.47388606981321,0.829680834119494,1.28605035450012,1.81461188154375,1.94021146755269,2.03605235972214,2.14815179512464,2.18552114966978
"2022-02-07",0.103597041304278,0.281243023571515,0.512783632397706,0.875767855862953,1.33689387307829,1.86279577087879,1.98641049589253,2.08055738937152,2.19063036999099,2.22732354765142
"2022-02-08",0.093638683371182,0.278018441432774,0.516724930147966,0.886788322840094,1.34804260023667,1.85862645102457,1.97622919692986,2.06550823873839,2.16982356308063,2.20459657219786
"2022-02-09",0.130658353855202,0.387219834258521,0.699453299307185,1.13726074876641,1.60073896587938,2.01152486541188,2.09565533295482,2.15883103791572,2.23253995740911,2.25710960424177
"2022-02-10",0.108358031545858,0.342623266390134,0.631291159784437,1.04417945422159,1.4951240205951,1.91027566509619,1.99666271878407,2.0615820272853,2.13732927681982,2.1625783794775
"2022-02-13",0.0817537100313754,0.349068550507655,0.671586708929032,1.11766261882487,1.5800326759484,1.97994584392596,2.0610931958478,2.12200774369966,2.19307708431628,2.21676686796897
"2022-02-14",0.117718560858992,0.359553748602641,0.659009460248862,1.0907034388143,1.5681044355376,2.01459484464944,2.10816435421974,2.1785096602549,2.26059059250956,2.28795093430396
"2022-02-15",0.115828252075139,0.339882078500626,0.621628408527651,1.03803727512956,1.51739136547736,1.99007455939676,2.09173599980902,2.16830567261044,2.25766535787048,2.28745203060298
"2022-02-16",0.107746929740727,0.322569529354853,0.593638981360902,0.996518126375191,1.46456277034406,1.93194326135164,2.03313866213609,2.10940117879371,2.19840820365693,2.2280773568859
"2022-02-17",0.0991509087562817,0.31849863006969,0.593058772307029,0.995825186875148,1.45388526782074,1.89824624703052,1.9930208504378,2.06435662590893,2.14760241997462,2.17535109081924
"2022-02-20",0.119040813727878,0.326184237461175,0.58747395199827,0.975601350196771,1.42610000089212,1.87540477594175,1.97262334596147,2.04588477862288,2.13138865801403,2.15989008718365
"2022-02-21",0.0819506150108914,0.344871621267912,0.661512398884269,1.09820690434097,1.54888146609831,1.936767873992,2.01533543271475,2.07430999066577,2.14311572471394,2.1660509723112
"2022-02-22",0.0767661182584944,0.354526006276959,0.686032615636867,1.13678576839165,1.59205714111253,1.974668227533,2.05152801320861,2.10920651263793,2.17649932847287,2.1989302684711
"2022-02-23",0.0584196367098457,0.320617043084803,0.638807879517037,1.08297591441837,1.54995725703124,1.96054336790081,2.04437366306923,2.10731640153488,2.18075298495067,2.20523185178311
"2022-02-24",0.0967760516360288,0.349641278162969,0.657923981776862,1.0914128274725,1.55232769322168,1.96294581788821,2.04721166337197,2.11049418402327,2.18432809537413,2.20893940707237
"2022-02-27",0.107140393334118,0.321576415495719,0.588416801663097,0.976158021959094,1.41042556946344,1.82326155413986,1.91044114398425,1.97601397777583,2.05252945967085,2.07803466251374
"2022-02-28",0.174165611282389,0.335239420313218,0.543454709767272,0.865434399537371,1.26504835279014,1.70452263901613,1.80531639978042,1.88178753836447,1.97112792677836,2.00090900237022
"2022-03-01",0.15170074003623,0.362609928824215,0.626685749404144,1.01425896342409,1.45538629375222,1.88377570722553,1.97519342552103,2.04400539632677,2.1243063666552,2.15107342883059
"2022-03-02",0.183413639185646,0.389768870846359,0.647477737221237,1.0241274340438,1.4499196611543,1.8596650275254,1.94670387372925,2.01219732042216,2.08862306597775,2.11409836989411
"2022-03-03",0.191212485537726,0.385848180063457,0.629237300558339,0.985707859442493,1.39006076175957,1.78093425906583,1.86414974905745,1.92677631481295,1.99985777268086,2.02421831702132
"2022-03-06",0.169626585415348,0.384890012931052,0.650525745390983,1.03134457074641,1.44876574589547,1.83476511348313,1.91524063046555,1.9757235846293,2.04629507968205,2.06981893136071
"2022-03-07",0.161638526680572,0.394225589527706,0.678516245109894,1.07991897007229,1.50949532498952,1.89523257803763,1.97465252804283,2.03430479519918,2.10390387052928,2.1271035718111
"2022-03-08",0.167787457104058,0.410718751646995,0.706872276936428,1.12326479278377,1.56593266090195,1.96021948696654,2.04112740907712,2.10188795192183,2.1727793667515,2.1964098459098
"2022-03-09",0.153756202905119,0.406935261368534,0.715656084058624,1.14988641504644,1.61180081708198,2.0235403243285,2.10805606659889,2.17152693663976,2.24558065546792,2.27026523650423
"2022-03-10",0.181619133458594,0.439632016142155,0.751961283747433,1.18621045344108,1.63993563381745,2.03595362759154,2.11657916097394,2.17710891383123,2.24772974740317,2.2712700295934
"2022-03-13",0.199746621378972,0.451579556063299,0.781871885451011,1.26752331948872,1.76932412423035,2.17049947530638,2.2490646817547,2.30799182699477,2.37674019356823,2.39965631576357
"2022-03-14",0.226901350276959,0.492252266153952,0.814902432686012,1.26669709999261,1.74397941848741,2.16597373682456,2.25231921423358,2.31715587866316,2.3928025237637,2.41801807891805
"2022-03-15",0.225884255687392,0.4627526387297,0.806765552275822,1.32775465644761,1.83805423706629,2.21536999613185,2.28813438626597,2.34270796525808,2.40637714166712,2.42760020047017
"2022-03-16",0.165942276288341,0.41645189339705,0.764184917218034,1.28492323241845,1.8061634816475,2.20237965112388,2.27913438768827,2.33670118185165,2.4038624452788,2.42624953308802
"2022-03-17",0.218937252107953,0.427943176395906,0.766849241681527,1.30002628912859,1.81525483086508,2.18679994752404,2.25819559292547,2.31174242809237,2.37421373598993,2.39503750528912
"2022-03-20",0.213435106979982,0.482012696064293,0.86666087192915,1.42892581190524,1.95121302759438,2.32341961925775,2.39489522053175,2.44850201380173,2.51104327280127,2.53189035913445
"2022-03-21",0.194792380406495,0.526906736682172,0.92796640695542,1.47838013973514,2.02376287142198,2.4178351206946,2.48202741032293,2.52850600679034,2.58242695808569,2.60039796890523
"2022-03-22",0.146799994862494,0.466834435156259,0.929204769483199,1.53763025190222,2.0150356746435,2.32488450192507,2.38398882677022,2.4283170711297,2.48003335621596,2.49727211791138
"2022-03-23",0.171029570765139,0.492357481536596,0.96195499387815,1.58343118580055,2.0723115164675,2.38976327688037,2.45031851662231,2.49573494717838,2.54872078282734,2.56638272804366
"2022-03-24",0.150492263179055,0.549256974152021,1.02373847770806,1.65504839967782,2.23216326137437,2.54590160634645,2.57470702578046,2.59256915794797,2.61270817702157,2.61941465681222
"2022-03-27",0.152707209005018,0.556945779354988,1.03995293400738,1.68562511471041,2.27393020736471,2.56048540969111,2.57194336326452,2.57465513839348,2.57656383138894,2.57718601281943
"2022-03-28",0.164618244369722,0.575947101607417,1.06342656367409,1.70538288509171,2.27176148972772,2.52108912053074,2.52512184697857,2.52280865725288,2.51905203034256,2.5177890604246
"2022-03-29",0.119736877907541,0.542278734979038,1.03591393288032,1.67119470701848,2.21291665823276,2.45736652167235,2.4715733893645,2.47916441696805,2.48753466439799,2.49032109657897
"2022-03-30",0.118374780899365,0.534340037446336,1.02659525255235,1.67285773194674,2.23824236847338,2.47620441636842,2.47616988941482,2.47062345581913,2.46306056305785,2.4605285040216
"2022-03-31",0.133842814213074,0.565429113892779,1.08022246929981,1.76323940843145,2.36281710580039,2.56671244081676,2.53720893904254,2.50497775161194,2.46495999409296,2.45158896279831
"2022-04-03",0.149427174667599,0.573592190190469,1.078479145606,1.74670009507103,2.33414185769396,2.55362647463911,2.53615878609393,2.51479621101866,2.4880123066215,2.47906175839774
"2022-04-04",0.199701935390931,0.62830426544667,1.14147717512685,1.82784913530209,2.4444337414798,2.69053769250997,2.67463611494377,2.65322835307399,2.62597589587035,2.61686169085557
"2022-04-05",0.205066420002718,0.629893611894882,1.13618405864207,1.80933218160793,2.41379002489867,2.68774496923693,2.69174165337607,2.68828875946903,2.68288923697931,2.68107408389238
"2022-04-06",0.208135013446082,0.626760969956409,1.127414803823,1.79793926321193,2.4119622354985,2.71812740357335,2.73277715042105,2.73776657564304,2.74230591567853,2.74380466874813
"2022-04-07",0.250894509716556,0.665802235468567,1.16415599099378,1.83635221329552,2.45897866311472,2.77045754434263,2.78255289787089,2.78463034500013,2.78545852755942,2.78571507263778
"2022-04-10",0.262215778122166,0.68175268020244,1.18148310942187,1.84783137782362,2.46035328167849,2.80044956160139,2.83360516278216,2.85461034985776,2.87839253039753,2.88631316811257
"2022-04-11",0.253837719063831,0.68291230579066,1.1751120760231,1.79736899760122,2.34142160114633,2.69751682418178,2.7595846702295,2.80581798998505,2.85973009717109,2.87770071880743
"2022-04-12",0.266155526893645,0.695621475387827,1.17541167713937,1.76506198059262,2.28061943858343,2.65893782119936,2.73231578375468,2.78735154916949,2.85155997014134,2.87296277713824
"2022-04-13",0.301012130881405,0.723011147193286,1.21038210294634,1.83442980729515,2.39483087168333,2.78128816891383,2.85093932884406,2.9029141529675,2.96352874700281,2.98373354227229
"2022-04-14",0.352742129384601,0.73646983100366,1.19689657563665,1.81991154627145,2.41377474417398,2.78784835973178,2.8361019225212,2.86923416402262,2.90730647929422,2.91999176862145
"2022-04-17",0.378309445497212,0.761641159288419,1.21584661521348,1.82102823591372,2.39600515856289,2.80498750767718,2.87599547402272,2.92849846099411,2.98965327353489,3.01003766929539
"2022-04-18",0.387138202408895,0.790750591935331,1.27304814143421,1.92150751605885,2.53429308167937,2.92191748980966,2.97446662940979,3.01126303763988,3.05372982543542,3.0678814841886
"2022-04-19",0.351394379573564,0.784431499042673,1.29392753093081,1.95928311466768,2.54887707542405,2.86055656451313,2.89183959536507,2.91250028090887,2.93615561978776,2.94403733978639
"2022-04-20",0.352531466854053,0.790908404557893,1.31499046750702,2.01635852934087,2.65732914399288,2.97395723835096,2.98812018225376,2.99242211091716,2.99609126190489,2.99729919432051
"2022-04-21",0.438335342051631,0.861478160198144,1.36397060285152,2.02984902912544,2.63224947884225,2.94643662514739,2.97167316932915,2.98648897194113,3.00300731879621,3.00850630171715
"2022-04-24",0.385167231012185,0.82874089532724,1.34626103985893,2.01215817951793,2.58549581578184,2.87109994465164,2.89792675416177,2.91561343895199,2.93589053736891,2.94264716336758
"2022-04-25",0.363438094626386,0.843258494671972,1.36551949544087,1.97373881047185,2.44626367016489,2.73240696353276,2.78379524923149,2.82227648833774,2.86716881384601,2.88213291967602
"2022-04-26",0.348831948421033,0.826027401498737,1.36145477975025,2.01205249573395,2.53841534652426,2.83882243610168,2.88731499378481,2.92334929822607,2.96536505420422,2.97937024575499
"2022-04-27",0.321296742104154,0.809455642341779,1.36102520780354,2.03577515048413,2.57650490905223,2.85088990129936,2.88778473137701,2.91471053132877,2.94605639760247,2.95650478660655
"2022-04-28",0.351807722157874,0.848384241909429,1.41337327384095,2.11197352761444,2.67977506207463,2.96530812853705,3.0013933142483,3.02744148581885,3.0577284929607,3.06782375083779
"2022-05-01",0.411363461083018,0.861107604020753,1.39028832809747,2.08142444145706,2.69403138381295,3.01820817404935,3.05082730698613,3.0723845965953,3.09706903883147,3.1052936650665
"2022-05-02",0.445094488674829,0.913317890426793,1.45815406796163,2.15537990305174,2.74713892394194,3.025391657716,3.04748591606765,3.06137916392733,3.07719614666673,3.08246584156536
"2022-05-03",0.4408144575613,0.895398862575667,1.41272893320892,2.05683214318522,2.60140417022441,2.93312557274533,2.98806513602089,3.02887204638065,3.07644719644748,3.09230548165015
"2022-05-04",0.449018928228146,0.817522912308027,1.35868995858432,2.07659767562143,2.64192977216792,3.0090997177424,3.07913921435336,3.13166883768159,3.19295339823143,3.21338158508138
"2022-05-05",0.507057246106294,0.861255337655266,1.35843359253281,2.05477496121609,2.66484595043401,3.08450640698128,3.16483979990277,3.22508987268895,3.29538162430522,3.31881220817731
"2022-05-08",0.483250002541437,0.845795840932477,1.3120843512458,1.95626106752595,2.55106151237122,2.98176998654937,3.06470816041301,3.12691207023735,3.19948329925535,3.22367370892804
"2022-05-09",0.539414413358325,0.927890052415589,1.38750104558821,1.98877080296169,2.54128960152278,2.95220502370826,3.03181545247263,3.09152446387334,3.16118498516698,3.1844051589322
"2022-05-10",0.534491746337163,0.93278982972991,1.39879224365855,2.00611089828423,2.55972987272449,2.9267661841732,2.98785849748072,3.03296060944833,3.08549630719113,3.10300781097226
"2022-05-11",0.611983710681887,0.96455735534528,1.39741317032784,1.97146037267748,2.48619758355644,2.85484918120533,2.92578120000001,2.97898043148328,3.0410462022358,3.06173479248666
"2022-05-12",0.679914985590346,1.00085121710486,1.41567789594834,1.99114708616487,2.52403267842005,2.91031408326043,2.98470290000264,3.04049476533464,3.10558527569373,3.12728211248011
"2022-05-15",0.634391230315939,1.01970393669808,1.45801403336704,2.01147532067187,2.51360744375793,2.89358075965094,2.96773676914608,3.02335852001598,3.08825063986647,3.10988134650966
"2022-05-16",0.603539352313978,1.0422182115371,1.52914737575482,2.12179482953752,2.63317892362765,3.00444545135493,3.07631166091236,3.13021295323253,3.19309781120164,3.21405943052748
"2022-05-17",0.528630415977635,1.00665621736164,1.51828568734788,2.10868163254566,2.58432830488462,2.91311758406924,2.97629318341358,3.02367519855557,3.07895421801253,3.09738055783164
"2022-05-18",0.514929698490993,1.00584693393721,1.52297737855303,2.10629924392817,2.56335276861819,2.87380188101746,2.93332956658574,2.97797547822386,3.03006237573711,3.04742467490822
"2022-05-19",0.646093916461133,1.02434920243753,1.48982014163953,2.06813698083977,2.52613263913487,2.82823229477968,2.8859175157786,2.92918143527938,2.97965600803255,2.99648086561694
"2022-05-22",0.537279905133317,1.01044464593512,1.51625867938587,2.09895276120315,2.56744236190271,2.89087910395577,2.95301708300723,2.99962086667285,3.05399194929778,3.07211564350621
"2022-05-23",0.569358492781378,1.00894945142501,1.48149608136766,2.0302620347494,2.47592596037971,2.78564435875462,2.84519705776407,2.88986194048294,2.94197097248116,2.95934064981406
"2022-05-24",0.573891988062362,1.01328162153721,1.4848818071211,2.03129782400729,2.47373743489535,2.78057247151172,2.83955327052569,2.88378919089558,2.93539776646091,2.9526006249828
"2022-05-25",0.579971711138097,1.0074143596505,1.4705364836401,2.01458528981661,2.46296966051345,2.77777791132998,2.83839634858405,2.88386071022752,2.93690246936077,2.95458305573892
"2022-05-26",0.711984574097375,1.08428959844429,1.49960102503446,2.00887316619638,2.45281710962156,2.77780106743781,2.84080607930892,2.88806168738571,2.94319325211314,2.96157044036036
"2022-05-29",0.705459676107594,1.07934069880199,1.50220559736409,2.02917995446076,2.49491714677053,2.83703042836805,2.90331395444086,2.95302797131179,3.01102766977572,3.03036090259861
"2022-05-30",0.716923022188305,1.10572808550011,1.53904431976126,2.06965867915718,2.53133951594927,2.86879656822031,2.93420126583334,2.98325663014946,3.04048790997976,3.05956500326102
"2022-05-31",0.763212732012074,1.16169898726189,1.60679987704775,2.14760123709585,2.60532813130018,2.92882226036597,2.99108295429855,3.03777879097652,3.09225726855713,3.11041676108407
"2022-06-01",0.752546717467546,1.16142258163867,1.61058796942597,2.14900954557203,2.60446328118704,2.93026268762903,2.99317510851639,3.04036040672311,3.09540993031996,3.11375977152024
"2022-06-02",0.86337342478869,1.21864182010418,1.63590491926184,2.16626750375345,2.62650968296428,2.95192558080377,3.0144799256114,3.06139585341196,3.11613110304475,3.13437618625569
"2022-06-05",0.861615516470329,1.24257955516655,1.67701924065032,2.221527804195,2.70169296554398,3.05126269202964,3.11882989839409,3.16950612320399,3.22862839089156,3.24833581345453
"2022-06-06",0.861020123182559,1.27236607394023,1.72013796950599,2.24970730906302,2.68985332617215,3.00065554599328,3.06055048977379,3.10547231768511,3.15788112167645,3.17535072300743
"2022-06-07",0.867942386193827,1.2849342161339,1.73960322854269,2.27860081157958,2.72789612887544,3.04578555098566,3.10706305599669,3.15302185161246,3.20664045169285,3.2245133183869
"2022-06-08",0.894035291672895,1.30561685969022,1.77243982235413,2.32872546244949,2.76984886117011,3.06461331380013,3.12096676766507,3.16323187181064,3.21254115999608,3.22897758939123
"2022-06-09",1.07512730541637,1.47423672695104,1.9395583253241,2.53588153551357,3.03858779941146,3.25353472001592,3.2625931798554,3.26640452485324,3.2703792555211,3.27170062713781
"2022-06-12",1.11603931260001,1.67729469358919,2.28101104156386,2.9521826011472,3.37845154760458,3.46546949721093,3.46047823383562,3.4560649829645,3.45086951303918,3.44913757644493
"2022-06-13",1.17855418587817,1.7765835078511,2.39957730376705,3.05816182899972,3.44881582491606,3.54492527793606,3.55011425377176,3.55377467552493,3.55803459167985,3.5594545496753
"2022-06-14",1.13270415600853,1.69647548621462,2.27438868899983,2.8742598899184,3.23511825271034,3.36369413179126,3.3810663805886,3.39401502584016,3.40911914229796,3.4141538456303
"2022-06-15",1.06321387737172,1.55941783450488,2.27405847578997,2.81098484126908,3.09135567843074,3.25963770625498,3.29169142621784,3.31573171618998,3.34377872115749,3.35312772281332
"2022-06-16",1.152151534898,1.67964904294818,2.23371657100391,2.83025645003166,3.20435390721241,3.3255185776627,3.3381075261405,3.34736023757301,3.35814638998056,3.36174176254906
"2022-06-19",1.14678713801269,1.65945089314466,2.2110588208545,2.82851757623297,3.23953888566041,3.37305405953282,3.38395210620241,3.39173480852308,3.4007905842937,3.40380912754276
"2022-06-20",1.0895480475862,1.59143375297039,2.35903077979982,2.90130237686336,3.18003646693449,3.34729762778817,3.37915689656062,3.40305134813996,3.43092820831585,3.44022049504115
"2022-06-21",0.964248604118644,1.62192938296172,2.34194017385114,2.83044748273001,3.08072254062412,3.23090376638489,3.25950971417865,3.28096417502397,3.30599437934351,3.31433778078335
"2022-06-22",1.079622418165,1.68576093028939,2.35110308538734,2.80269237539652,3.03406073661349,3.17289674279847,3.19934169638511,3.21917541157509,3.2423147459634,3.25002785742617
"2022-06-23",1.22104351850784,1.74695158940882,2.40034349205794,2.85129626964872,3.08265653405633,3.22148861204204,3.24793281740206,3.26776597142207,3.29090465111209,3.2986175443421
"2022-06-26",1.14145024475374,1.74322245790651,2.43087706018365,2.90027221531451,3.14087652278183,3.28525502639862,3.31275569378354,3.33338119432224,3.35744427828404,3.36546530627131
"2022-06-27",1.10220589996903,1.81610494402216,2.47157126341513,2.90387225280011,3.12482293847314,3.25740609782653,3.28266003296475,3.30160048431842,3.32369767756437,3.33106340864635
"2022-06-28",1.08394522254398,1.82882052424716,2.45221266718286,2.85625532897549,3.06245200807389,3.18618099994802,3.20974842699162,3.22742399727432,3.24804549593747,3.25491932882519
"2022-06-29",1.05622512066302,1.78167471081748,2.39450557642133,2.79243674745736,2.99554721334776,3.11742440890035,3.14063911283498,3.15805014078595,3.17836300672875,3.18513396204301
"2022-06-30",1.27790645229419,1.80808745830718,2.35010812140005,2.71407259388926,2.90038015154199,3.01217626800738,3.03347076640301,3.04944164019973,3.0680743262959,3.0742852216613
"2022-07-03",1.2732895714912,1.7959252358128,2.35191609519685,2.72754775022029,2.91992587186286,3.03536499201398,3.05735339587482,3.07384469877044,3.09308455214867,3.09949783660808
"2022-07-04",1.28634890614684,1.84939075999517,2.35501121187208,2.68715318869511,2.85685394809192,2.95868402386853,2.97808022879591,2.99262738249145,3.00959906180292,3.01525628824007
"2022-07-05",1.28502340424497,1.95384536737733,2.47316918617099,2.80455573601224,2.97344159411567,3.07478142452986,3.09408424938568,3.10856136802754,3.12545133977638,3.13108133035933
"2022-07-06",1.28847201796095,2.01162622050459,2.53352174501955,2.86104988309632,3.02772048532944,3.12773032114089,3.1467798136898,3.16106693310148,3.17773523908177,3.18329134107521
"2022-07-07",1.55672919294212,2.02977662214063,2.55636485928015,2.91449781102065,3.09801517582906,3.20813757376857,3.22911326863625,3.24484503978701,3.26319877279624,3.26931668379931
"2022-07-10",1.52035638620838,2.15772867112102,2.64596281907187,2.97231865660041,3.08877254756544,3.13707367751685,3.14605674955005,3.15279403486878,3.16065420105148,3.16327425644571
"2022-07-11",1.57854326344008,2.24902067248586,2.70787003148974,2.97479605818613,3.06677879411214,3.11169144156186,3.12019781043678,3.12657758660758,3.13402065880672,3.1365016828731
"2022-07-12",1.71358364201686,2.42230145156734,2.91273501495903,3.15602627764399,3.15886557700707,3.12134755346361,3.11383934519137,3.10820815924833,3.10163844227936,3.09944853662304
"2022-07-13",1.63255933824322,2.39804989717194,2.90199586941511,3.13767849908476,3.14863467506021,3.12712036627968,3.12283714086955,3.11962471604386,3.11587688707698,3.11462761075468
"2022-07-14",1.95213371468339,2.4559071478768,2.84710639668228,3.08926513964495,3.12213506189461,3.09509084780356,3.08918117409255,3.08474862992942,3.07957732744384,3.07785355994862
"2022-07-17",1.85428268536166,2.43697975173764,2.87480974590595,3.13614913375028,3.17882004084052,3.16543633562904,3.16239442583395,3.16011290030017,3.15745112031751,3.15656386032328
"2022-07-18",1.87432908535868,2.54504857373512,2.98936028981532,3.20174595846526,3.21710916142358,3.20224091775925,3.19924952529917,3.19700597598422,3.19438850178034,3.19351601037905
"2022-07-19",1.87111589778346,2.51274153673577,2.96346172933046,3.19903105059219,3.21781429425448,3.19552599099893,3.19096836493609,3.18755011960966,3.18356216669807,3.18223284906088
"2022-07-20",1.84006818125459,2.48543144046049,2.90301513278869,3.08618134567317,3.08019902539096,3.05154460113977,3.04592255866792,3.04170602172913,3.03678672863072,3.03514696426458
"2022-07-21",2.09723776141174,2.53965965915815,2.85452577891425,3.01051345973503,2.99463236910799,2.94812531332064,2.93881534966559,2.93183279317709,2.92368647710082,2.92097103840872
"2022-07-24",2.09788194834476,2.59071079246772,2.90435031929895,3.03302981593502,3.01749169374826,2.98802985371287,2.98228712222932,2.97798006957357,2.97295517480602,2.97128020988351
"2022-07-25",2.14191026875835,2.59782350466554,2.90740435854466,3.05043279636721,3.03798510722135,3.00356834923448,2.99676637941281,2.9916648819083,2.98571313479574,2.98372921909156
"2022-07-26",2.11998500352126,2.52839349971515,2.81714942498041,2.97134182744792,2.98779576903683,2.97684868959504,2.97456906580986,2.97285933187935,2.97086464227456,2.97019974573963
"2022-07-27",2.09793814935116,2.49758032012052,2.76170244468562,2.88693398440907,2.89479790308944,2.88504733938319,2.88309447729096,2.88162982774171,2.87992106993239,2.87935148399595
"2022-07-28",2.12348199662884,2.51317558725552,2.77966183053951,2.90618158986447,2.90005913685198,2.87389505306292,2.86870510616029,2.86481262908889,2.86027140581881,2.85875766472878
"2022-07-31",2.1429628115466,2.5138187972033,2.78265132713461,2.91220957700842,2.87720434539154,2.810632639504,2.79724431212799,2.7872028034214,2.77548770905827,2.77158267760387
"2022-08-01",2.15825946511346,2.6073499353154,2.91992326277971,3.06125426153307,3.02578493716007,2.96401092432189,2.95175512932654,2.94256319286327,2.93183926680329,2.9282646247833
"2022-08-02",2.1072660370309,2.58676278945326,2.93016414206435,3.08703308174272,3.02883733056984,2.93256777873241,2.91328260146045,2.89881836719859,2.88194342606301,2.87631844568445
"2022-08-03",2.07075381392065,2.54911915697377,2.89444079819945,3.05788440055611,3.00826702750062,2.91887779287787,2.90092673423499,2.88746309697611,2.87175551903679,2.86651965972365
"2022-08-04",2.12572399651637,2.62128832504419,3.02298661061838,3.26498894220353,3.22536189646044,3.08249627653156,3.05188769798238,3.02892499399647,3.00213511085185,2.99320514979483
"2022-08-07",2.13116426427144,2.63757182635218,3.02784013860335,3.23271725125206,3.16195641371222,3.01267846266858,2.981728884953,2.95851380466966,2.93142952360396,2.92240142991355
"2022-08-08",2.16591831106297,2.69643017395879,3.10096978822843,3.30366679354692,3.2132346117885,3.04273425378044,3.00753469546137,2.98113190015579,2.95032861660173,2.94006085541506
"2022-08-09",2.16939433591036,2.67775776787863,3.05493345795763,3.23743580056068,3.16594689212575,3.03728817783935,3.01112893548584,2.99150838304927,2.9686177329468,2.96098751624568
"2022-08-10",2.15528867963749,2.64090695284197,3.00275813556139,3.19740400333746,3.18194708311018,3.11872042401654,3.10582697897458,3.0961565765005,3.08487443922289,3.081113726797
"2022-08-11",2.15881846484903,2.66258113238897,3.04299584215571,3.24155174315374,3.19357954202906,3.08497450339462,3.06273625067064,3.04605650377846,3.02659679378837,3.0201102237914
"2022-08-14",2.18096673459899,2.6728276439723,3.02683927338787,3.19221787835502,3.13794811445659,3.04347338261635,3.02451935011383,3.01030347000052,2.9937182753566,2.98818987714193
"2022-08-15",2.16632632627286,2.7041836135562,3.08659653609551,3.2554763116461,3.18158961793702,3.06681830284396,3.04387181605019,3.02666154954406,3.00658290395806,2.99989002209603
"2022-08-16",2.12471548410915,2.69557194779022,3.09182982485898,3.26890464274051,3.22088701385599,3.14015703379572,3.12415320412131,3.1121502163986,3.09814673048388,3.09347890184563
"2022-08-17",2.11962331878875,2.71577087595225,3.08207911795983,3.20981758045326,3.16366474772763,3.10912276271359,3.09856126432088,3.0906401352366,3.08139881796832,3.0783183788789
"2022-08-18",2.18757929299362,2.73757673771714,3.08731864948576,3.23032744602997,3.21240125009817,3.17911713854511,3.17263086198122,3.16776615003766,3.16209065276739,3.16019882034396
"2022-08-21",2.1973570261627,2.76981292451792,3.15152033452197,3.31512700236589,3.28257125142979,3.22716486311168,3.21628578335835,3.20812644706264,3.19860722135283,3.19543414611623
"2022-08-22",2.16690647547745,2.79279216065409,3.16129811603853,3.29221648741798,3.27150804323116,3.24252936528329,3.23693771439335,3.23274397553744,3.22785128020536,3.22622038176133
"2022-08-23",2.19422371327374,2.81000996647803,3.2017252631587,3.36213571312947,3.34235474511227,3.30528934318958,3.29806545316088,3.2926475305822,3.28632662090394,3.28421965101119
"2022-08-24",2.21282211416347,2.83572447854037,3.2168984868012,3.34701134122115,3.29549619721824,3.23623234231774,3.22476199486575,3.21615922870159,3.20612266817329,3.20277714799719
"2022-08-25",2.35014261455109,2.85525985136787,3.22000615114167,3.39287760882601,3.34083490567154,3.24672213985416,3.22782054119141,3.21364398001853,3.19710465745025,3.19159154992746
"2022-08-28",2.37458784121267,2.90955032913161,3.27774586040027,3.4360832772974,3.38243493201945,3.30026930619603,3.28401755085857,3.27182862382094,3.25760820871573,3.25286807034732
"2022-08-29",2.35233826592902,2.95773314216391,3.34249977827796,3.4724170429923,3.39234234992089,3.30086937932796,3.28305832841476,3.26970000900386,3.25411530298741,3.24892040098193
"2022-08-30",2.31027244349408,2.94927327122637,3.36455747065053,3.52256965980305,3.46016483754886,3.3795434393314,3.36379887254265,3.35199041605254,3.33821388344345,3.33362170590709
"2022-08-31",2.3170577691068,2.96841630459121,3.37337340937473,3.52302188672154,3.48247203939486,3.42970392436647,3.41946943205306,3.41179355718243,3.40283836982986,3.39985330737901
"2022-09-01",2.47493959968327,2.98250202949377,3.30146210182387,3.42533410121394,3.40085077865739,3.36464806786982,3.35761306175764,3.35233680288584,3.34618116753274,3.34412928908171
"2022-09-04",2.4555340110812,2.96101393597739,3.30356701510126,3.46058295718225,3.44512731384577,3.4057769416704,3.39800687376543,3.39217930039225,3.38538046476349,3.38311418622057
"2022-09-05",2.35390374635319,2.97657664450505,3.35713113734735,3.51493204107586,3.51916256934946,3.506854020266,3.50444422291665,3.50263687427456,3.5005283008586,3.49982544305329
"2022-09-06",2.22197485382693,3.04135614953405,3.45613962751246,3.5431195660039,3.48099644057246,3.42928052700691,3.41939177058616,3.41197520318399,3.40332254121477,3.40043832055837
"2022-09-07",2.2240044548425,3.0455213824386,3.47127234880369,3.57636082961332,3.52881266016143,3.4864482493457,3.47834216828724,3.47226260740981,3.46516978638614,3.46280551271158
"2022-09-08",2.512466189135,3.11346948515378,3.5007005422714,3.64165854756291,3.57485470651419,3.4931858610641,3.47725714505041,3.4653105779363,3.45137291626743,3.44672702904447
"2022-09-11",2.55780034230819,3.13490062404138,3.51089429569845,3.65573935882755,3.60164559597029,3.53046614937289,3.51655980135892,3.50613001215142,3.49396192470917,3.48990589556175
"2022-09-12",2.49481973281486,3.28378653816292,3.76789476211583,3.8976924006485,3.75149220944083,3.60214151623568,3.57314879569566,3.55140421164276,3.52603553019595,3.51757930304702
"2022-09-13",2.44869282247092,3.25600018241648,3.78295662139051,3.95259162967541,3.79278067355555,3.60942585167939,3.57346744632435,3.54649845428075,3.51503462984295,3.50454668836368
"2022-09-14",2.31882725773337,3.21287452341302,3.80226156318695,4.0041678092259,3.84316446120302,3.65213790441348,3.61463278253366,3.5865037371943,3.55368651721189,3.54274744388442
"2022-09-15",2.61258115301133,3.25103690392153,3.73781791733515,3.98156179101211,3.87246127489151,3.66703695127638,3.62462965150823,3.59282041244266,3.55570960660759,3.54333933799352
"2022-09-18",2.53953319266085,3.25313079869339,3.79592791716486,4.06482575219836,3.93805752433252,3.70427617802417,3.65605562233313,3.61988597115515,3.57768801449656,3.56362202894101
"2022-09-19",2.52180825802268,3.3446013493187,3.88636138005399,4.07059626743652,3.92062745100292,3.74347247976752,3.70869587348729,3.68261323061682,3.65218348021393,3.64204023007963
"2022-09-20",2.52435209266635,3.32474070113459,3.903085755,4.14918321991859,3.9833563040006,3.73679070263687,3.68702257094279,3.64969458386505,3.60614525619599,3.59162881363915
"2022-09-21",2.45550001554678,3.26139479228624,3.86428682505681,4.16681853955811,4.07055972903374,3.88070006879065,3.84198055686135,3.81293918603939,3.7790575780745,3.76776370875243
"2022-09-22",2.63716115887891,3.24998470944264,3.80022499230135,4.20679525354992,4.19566983960118,3.9183410933467,3.85165479248181,3.80153548725201,3.74306021595406,3.72356845719141
"2022-09-25",2.69654812058976,3.27114249631228,3.81664224711467,4.27572790467777,4.34853138799129,4.10722920460468,4.04242406544492,3.99357971284266,3.9365854746563,3.91758738576567
"2022-09-26",2.65567137492357,3.33178612392703,3.89122046023345,4.25411823955605,4.24715128608326,4.09498657855419,4.06171925454991,4.03676078699601,4.00764249607991,3.99793639909663
"2022-09-27",2.54241360645856,3.33732013307655,3.88237208838989,4.11268482731025,4.02732258485345,3.90098175638523,3.87601451143892,3.85728891196536,3.83544237890439,3.8281602012174
"2022-09-28",2.51790377608655,3.31630094131784,3.87138155793113,4.12115478212234,4.05640618656838,3.9453108535229,3.92327721446937,3.90675182433597,3.88747220218179,3.88104566146373
"2022-09-29",2.77240145359532,3.34180002161669,3.83783430696903,4.19084516000443,4.1976979427815,4.02550762450692,3.9857136428051,3.95583976654384,3.92098643007611,3.90936865110106
"2022-10-02",2.75063078376286,3.34093805229986,3.81662986932896,4.09683822800283,4.03803505046175,3.85732636408211,3.8187741541831,3.78985238512581,3.75611024620229,3.74486286655042
"2022-10-03",2.78938303971265,3.4384419593526,3.89587112502364,4.08937278284007,3.98769835411006,3.83933653833632,3.80973584093487,3.78753482280614,3.76163363335103,3.75299990353262
"2022-10-04",2.75528253333969,3.43945161775417,3.94858478017884,4.19824680647358,4.10726066679386,3.93842438079955,3.90406039323541,3.87828590648394,3.84821566447257,3.83819225046839
"2022-10-05",2.82371266817284,3.44214167764763,3.95689116664781,4.28223485735118,4.2328548400872,4.02356157032929,3.97766735805862,3.94322991539568,3.90305267920972,3.88966026710002
"2022-10-06",2.94291696807325,3.4734166585749,3.94324053998426,4.28489813184145,4.28486063549219,4.08784188085258,4.04138016712832,4.00648358817591,3.9657698398916,3.95219858998555
"2022-10-09",2.93709354422581,3.48796232776388,3.95666918238097,4.27674516994222,4.27846364106816,4.13549810905661,4.10334969747936,4.07922456987293,4.05107840637449,4.04169635183558
"2022-10-10",2.92875673906969,3.53209124073396,4.02428809879451,4.32794921128828,4.29270088870012,4.1305634873848,4.09564207899869,4.06944354911099,4.03887852384278,4.02869018207619
"2022-10-11",2.95179212532977,3.64091280657968,4.12764212244894,4.33579928623347,4.23114556204503,4.0762245757662,4.04530005889509,4.02210614841906,3.99504658446679,3.98602672981598
"2022-10-12",2.9617368282202,3.69840996655648,4.25893075897622,4.53699870615039,4.40677991609043,4.16600054160838,4.11633117659275,4.0790747851416,4.03560896387723,4.02112035678634
"2022-10-13",3.20820313747767,3.7871936590435,4.26172312205156,4.54435567669233,4.46496770994764,4.23748988174688,4.1881875380241,4.15119424655656,4.10803519029665,4.09364883816311
"2022-10-16",3.18172829494296,3.8160914099217,4.29839178115729,4.53680293633541,4.42325027947932,4.21468208087142,4.17166919936863,4.13940576916366,4.10176507363567,4.08921817512394
"2022-10-17",3.17416849569291,3.91666896819038,4.39628818959444,4.54013803730362,4.37931353552943,4.20025690816903,4.16517798289131,4.13886861227435,4.10817434619115,4.09794292416341
"2022-10-18",3.18227667039967,3.96869748493343,4.48310462948757,4.6509702824544,4.49827389347752,4.32190613786341,4.28731012511743,4.26136293319724,4.23109120891503,4.22100063415429
"2022-10-19",3.17570794648969,3.98474942523175,4.52090737393166,4.71040552383144,4.57243389580368,4.405384449281,4.37256518897158,4.34795056127818,4.31923349526018,4.30966113992084
"2022-10-20",3.4675088837707,4.06976326369657,4.45004183875434,4.57360297093149,4.4879263249059,4.39259359118581,4.37404363447641,4.36013113545564,4.34389988656072,4.33848947026242
"2022-10-23",3.45313494760927,4.0706012670393,4.46281035045752,4.59479436118658,4.51256832545113,4.4188718753305,4.40062904769163,4.38694689507469,4.37098438365041,4.36566354650898
"2022-10-24",3.41748033591321,4.08925338225184,4.49498925796502,4.59077144940506,4.45068360959669,4.31227780764446,4.2854359357711,4.26530449360035,4.24181781102246,4.23398891682983
"2022-10-25",3.38935876836,4.05756500163241,4.45284757149096,4.52919858767915,4.36981580722812,4.21771100568793,4.18824328241245,4.16614245047898,4.14035814650985,4.13176337852014
"2022-10-26",3.32407401203622,4.0808404113771,4.44348787911313,4.43788485352018,4.26513804861934,4.13182826773715,4.10631198190143,4.08717476636604,4.06484801490776,4.05740576442166
"2022-10-27",3.64048389493225,4.13915897633411,4.46729521778726,4.55668099145606,4.40650919345778,4.23572917095754,4.20198690800439,4.17667976893916,4.14715477190481,4.13731310622665
"2022-10-30",3.59864736436041,4.14222487295958,4.52039827870635,4.64866314882768,4.4858347008045,4.27691189246044,4.23502383554082,4.2036063936705,4.16695270452582,4.15473480814389
"2022-10-31",3.61232616333912,4.1792591862218,4.56894570348351,4.69011815206718,4.50401373154565,4.2726679177959,4.22635745252436,4.19162310641626,4.15109969517659,4.13759189142965
"2022-11-01",3.58029328000792,4.15295635062673,4.57170354985198,4.74079616875237,4.57525842179153,4.33239881728997,4.28283407795278,4.24565676653486,4.20228320973108,4.18782535746077
"2022-11-02",3.4191638270433,4.09844255839707,4.60187337620073,4.82108174749433,4.65018673020029,4.3841600521055,4.32970432382512,4.28885821443237,4.24120438933492,4.22531978096638
"2022-11-03",3.64211787812742,4.1549346963633,4.550066840396,4.74141668282607,4.61538888112942,4.39037377690379,4.34336795914518,4.30810606059013,4.26696710488255,4.25325411963615
"2022-11-06",3.5965033258812,4.1382249337737,4.5608441828038,4.77797268107821,4.66641886387633,4.44830726721313,4.40254299160777,4.36821209063264,4.32815929715208,4.31480836598112
"2022-11-07",3.55678060509349,4.20255912928111,4.63168366812314,4.75809860806173,4.57658622201909,4.36564171113444,4.32392409429128,4.29263532052429,4.25613174927696,4.24396389219446
"2022-11-08",3.53352122130678,4.19350221488531,4.60545924846161,4.69862693175203,4.51620544661583,4.32733494653086,4.29043152917758,4.26275379851487,4.23046311239718,4.21969955035795
"2022-11-09",3.54623301244386,4.20858987678844,4.56086305864578,4.54636972029167,4.29288723071211,4.07332910663333,4.03092663393741,3.9991247335443,3.9620225163648,3.9496551106383
"2022-11-10",3.58636896364177,4.21541624330523,4.55071462457782,4.53863932805026,4.29969315565797,4.09246497561624,4.0524420275199,4.02242477300957,3.98740464269618,3.97573126592505
"2022-11-13",3.62987705733133,4.19315124763715,4.54267134607926,4.58991200903564,4.3549875998192,4.11061633928048,4.06253447668813,4.02647252493994,3.98440024607238,3.97037615311648
"2022-11-14",3.65510158560531,4.24988116126145,4.58033629209957,4.5657051800422,4.28914041617617,4.0344901853411,3.98496907694954,3.94782806438424,3.9044968826865,3.89005315545392
"2022-11-15",3.69023452856089,4.23371918817608,4.57198043043027,4.59417171832078,4.29438488946159,3.97235373169264,3.90840475894213,3.86044131189748,3.80448394849331,3.78583149402482
"2022-11-16",3.67815354474871,4.23316538075105,4.60544842899696,4.67631895976329,4.3887994162591,4.04338315133261,3.97370072033426,3.92143454134823,3.86045730153625,3.84013155492952
"2022-11-17",3.83337202730447,4.2954347770334,4.63154933999849,4.73060363254899,4.47627628713285,4.11312764834536,4.03729534084308,3.98040318958521,3.91402878019436,3.89190397701378
"2022-11-20",3.84326512681543,4.28570898614881,4.62014030407585,4.73832781455192,4.49726762653274,4.11814474338512,4.03731171284671,3.97665343579499,3.90588488369591,3.88229536615252
"2022-11-21",3.84843236162551,4.3420158377744,4.69372364900178,4.77774350053582,4.47316869157265,4.05396177479983,3.96667098768751,3.90118294010378,3.82477995870969,3.79931229818905
"2022-11-22",3.84690191949124,4.33923097347379,4.68483220062465,4.75315323259447,4.42597504229939,3.98560206595308,3.89406668613434,3.8253946662235,3.74527704371603,3.7185711694895
"2022-11-23",3.91774757085465,4.37294179220701,4.68473725976572,4.72491760859379,4.38771432492791,3.94755536819664,3.85629392032248,3.7878280357004,3.70795091345153,3.68132520597986
"2022-11-24",3.99102045528449,4.38743387991603,4.66838742790373,4.71709047437152,4.41085276863138,3.98130443451275,3.89059720870778,3.8225325786362,3.74312327075497,3.71665350128116
"2022-11-27",3.98820542174265,4.38556567060835,4.66662457229823,4.71371249625357,4.40401072916349,3.97071557044188,3.8792381301642,3.81059563060208,3.73051213818888,3.70381764053667
"2022-11-28",3.97312561127102,4.42145385461754,4.71510122899971,4.73349133405359,4.40902770963701,4.01779805618966,3.93806209458071,3.8782508972113,3.80847107679542,3.78521113664403
"2022-11-29",3.94266994249418,4.41315341265371,4.69535731593854,4.66291383171108,4.29276848215396,3.89049620016662,3.80989494790499,3.74943960549144,3.6789083414223,3.65539792006317
"2022-11-30",3.83886450544308,4.36569603063128,4.66060840004912,4.59433478124042,4.19034266561726,3.78452331370268,3.7042668441053,3.64407256337794,3.5738458929826,3.55043700285032
"2022-12-01",3.79654329602462,4.3411347324529,4.67144055401791,4.64400543027138,4.22938245682422,3.77571809213389,3.68477580545625,3.61656407140466,3.53698367937951,3.51045688203465
"2022-12-04",3.78185918585694,4.33905523649968,4.70631269414843,4.73579042732955,4.3420670650106,3.86448545579343,3.76710567453394,3.6940594893757,3.60883882911115,3.58043194234059
"2022-12-05",3.73796988335298,4.35792039529569,4.74450642149668,4.74258115324644,4.31062631506728,3.82885798835247,3.73215154251224,3.65961621973505,3.57499163750984,3.54678344343133
"2022-12-06",3.63992262785021,4.32018268415299,4.71518787915073,4.66742137788844,4.1946113135477,3.71094203069954,3.61517993110723,3.54335597980137,3.45956135817265,3.43162981762913
"2022-12-07",3.53434554582281,4.27458160442827,4.71920877697958,4.70660902477798,4.24297752257927,3.75867653136227,3.66266555876116,3.59065486143911,3.50664236899852,3.47863820485103
"2022-12-08",3.71530920124832,4.32664705396063,4.7121102279518,4.72198531016441,4.31211823801644,3.85097248519274,3.75834950020531,3.688876939775,3.60782558146301,3.58080846202234
"2022-12-11",3.71614513532745,4.34073002782249,4.73603455149199,4.75025004903752,4.33713973600813,3.87088351974966,3.77721380174147,3.70695610793474,3.62498876008636,3.59766631080018
"2022-12-12",3.77422040695674,4.39364404145131,4.71758216362039,4.61585349533037,4.17072248280921,3.75476652056527,3.67337651647202,3.61233324391837,3.54111609007822,3.5173770387981
"2022-12-13",3.78154984372266,4.35148565299247,4.67244891997251,4.60586758513225,4.17542822188067,3.74186226274931,3.65610367021969,3.59178265486736,3.51674146003688,3.4917277284262
"2022-12-14",3.79213596371049,4.34243450455239,4.67251137364761,4.63455998342287,4.20161588573317,3.73109542866355,3.63681965399213,3.56610767275732,3.48361032476121,3.45611120875928
"2022-12-15",3.81698490576248,4.35145448195272,4.64904957425168,4.57757560105513,4.16225022179727,3.74602422707415,3.66372200044751,3.6019933612543,3.52997660578145,3.50597102062333
"2022-12-18",3.79371680305539,4.34153047589147,4.65780316727383,4.61447930443803,4.22745081137707,3.83276942737147,3.7546413902133,3.69604343386837,3.62767914191471,3.60489104459634
"2022-12-19",3.76143776969006,4.3811634330435,4.69494362126539,4.60591683385733,4.23381494838498,3.90529547609482,3.84152677953266,3.79370004564701,3.73790218901426,3.71930290347
"2022-12-20",3.69977798632698,4.33810598468153,4.66496855109696,4.5821219478993,4.20892164311481,3.87812249328859,3.81389989859374,3.76573273747139,3.70953771572164,3.69080604180505
"2022-12-21",3.74316509073646,4.33231892421208,4.66095228202956,4.61639806903624,4.25646993565558,3.91085173145986,3.84312541078742,3.79232999254043,3.73306866902396,3.71331489451841
"2022-12-22",3.69696370591541,4.34292570056781,4.68494018459452,4.62826917080165,4.28151124130979,3.97002191356293,3.90951244156049,3.86413012820239,3.8111840955225,3.79353541796253
"2022-12-25",3.68703914181821,4.29052066791502,4.66373374270692,4.68201444721105,4.34091765834336,3.97655083379201,3.90421883543875,3.84996791049006,3.78667515516403,3.76557757005486
"2022-12-26",3.68139557185098,4.33597080988999,4.69444507769687,4.66577116290235,4.34709990142888,4.05608175533011,3.99950831180886,3.95707802582321,3.90757602508993,3.89107535817883
"2022-12-27",3.64067195451091,4.42239614330026,4.7737697120762,4.66609583059159,4.3359262147322,4.0780797692793,4.02860049618672,3.99149103049749,3.94819665385336,3.93376519497198
"2022-12-28",3.5441898023777,4.39353915644088,4.77743446605427,4.66498064743432,4.31069242325158,4.03361077261343,3.98043831535918,3.94055896067319,3.89403304686565,3.8785244089298
"2022-12-29",3.99837234769594,4.44819694627155,4.71527725902665,4.69934495682931,4.40691696087945,4.10378910477742,4.04372334558737,3.99867250166847,3.94611317620874,3.92859340105511
"2023-01-01",4.0048670670704,4.46275524748479,4.73017486049945,4.7021178398388,4.38915526172417,4.06796264466898,4.00435656650982,3.956650420475,3.90099324223743,3.88244084949116
"2023-01-02",4.01404107421947,4.45090577221172,4.71598875916549,4.69430112739164,4.36213347345268,3.99858856240457,3.92571034005351,3.87104764953648,3.80727448203391,3.78601675953054
"2023-01-03",4.05986542779985,4.54011348009751,4.77997482581462,4.67238220262564,4.29235690028697,3.9423454637654,3.87391343565886,3.82258878820167,3.76271003077861,3.74275044497087
"2023-01-04",4.13855222366526,4.61315064719036,4.86879541217967,4.78240288328213,4.383990024418,3.98993136524058,3.9120781878485,3.85368648731471,3.78556282769979,3.76285494116102
"2023-01-05",4.18862308546099,4.63975398609704,4.8376504700026,4.66683673314342,4.22508136722296,3.82947541983918,3.75225126443524,3.69433248715236,3.62676057815589,3.60423660849034
"2023-01-08",4.25171799796379,4.66305972539,4.83017832576282,4.64054334944727,4.19656256594436,3.80338483303104,3.72668403186741,3.66915779339748,3.60204384642644,3.57967253076937
"2023-01-09",4.25415716517812,4.70827217651235,4.87911341959631,4.67110458461028,4.23601590961388,3.87301315907324,3.8027346569886,3.7500255817589,3.68853166025199,3.66803368641634
"2023-01-10",4.24076844769053,4.71111378763471,4.8830847287123,4.65561726425208,4.19129895364547,3.80502438812468,3.73025064866108,3.67417013461528,3.60874286780099,3.58693377886288
"2023-01-11",4.22343523916351,4.64068604121506,4.80387159456001,4.59540343150452,4.12546501544094,3.71120662274569,3.63041494828621,3.56982052897896,3.49912703761348,3.4755625404916
"2023-01-12",4.40599431058718,4.68415821636994,4.79532731588544,4.62182225703603,4.19212169895005,3.77170275520565,3.688134534414,3.6254545797974,3.55232793929534,3.52795239245897
"2023-01-15",4.42218998157273,4.68844543021579,4.79340431876057,4.6233055547923,4.20650594999172,3.79932746856103,3.71840096553612,3.65770243055701,3.58688744722886,3.56328245278387
"2023-01-16",4.43728938798822,4.68522525348075,4.77746581373773,4.60383546973263,4.19489706203667,3.79770926991477,3.71880533602452,3.65962386250775,3.59057878517789,3.56756375939909
"2023-01-17",4.4312631141492,4.71594633833146,4.79887436032176,4.55963980680273,4.07857591352095,3.64225732890293,3.55655951594632,3.49228450310629,3.41729697998038,3.39230113893799
"2023-01-18",4.42708556208701,4.72457258329623,4.81826964128254,4.58701000177178,4.10850936302214,3.67255462720617,3.58690095420665,3.52265902825619,3.44771010641019,3.4227271324611
"2023-01-19",4.51078463295169,4.75279936246452,4.81406431226813,4.58611130940007,4.14540612176706,3.74826466802946,3.67029752054626,3.61182068076785,3.54359769374055,3.5208566980644
"2023-01-22",4.52656434222494,4.75173592137221,4.8211007207422,4.62348131437945,4.19753008898615,3.78956697045535,3.70861483566118,3.64789722814018,3.57705999460882,3.55344758342953
"2023-01-23",4.53156426877269,4.76559779179691,4.83492549064887,4.62185906448715,4.16866482194458,3.73557186958005,3.64964891080906,3.58520298837887,3.51001605273303,3.48495374084879
"2023-01-24",4.50243841493339,4.7485504828101,4.80916629046302,4.57286586644747,4.11890217632992,3.71024876906531,3.63002769879638,3.56986037840545,3.49966516380764,3.47626675894131
"2023-01-25",4.4648727833522,4.73698272123064,4.82112648726976,4.60544130219558,4.16239453878507,3.75919799470003,3.67998678223589,3.62057683177407,3.5512652153065,3.52816134315025
"2023-01-26",4.52802254311127,4.7505038447025,4.81569779126906,4.61117616829462,4.17765716965538,3.76360863737327,3.68146792417858,3.61985885357833,3.54798157958513,3.52402248825188
"2023-01-29",4.51233920245109,4.72181423449775,4.79700953989626,4.62734929787416,4.21921646417508,3.80355983378743,3.72004465834039,3.65740080725204,3.58431624178002,3.55995471994579
"2023-01-30",4.4983514906531,4.75782467266055,4.83239072503122,4.61163137550773,4.16966728503086,3.76909537999283,3.69042256435443,3.63141643775458,3.56257594925711,3.53962911975757
"2023-01-31",4.48279830350914,4.73934345611452,4.80524453248905,4.56615452518253,4.10228238823911,3.68401643312987,3.60189863315809,3.54030872286172,3.46845381983012,3.44450218548586
"2023-02-01",4.42639776818465,4.70251486044065,4.78309053280724,4.55143503328542,4.08533783226872,3.6625540144479,3.57951402500715,3.51723243068936,3.44457056275676,3.42034994011216
"2023-02-02",4.51312482719122,4.74422929963715,4.8455644808567,4.69674029504453,4.27007058154199,3.8036531601708,3.70850979171453,3.63713589139027,3.55386612984066,3.52610954261214
"2023-02-05",4.51498758959055,4.74110747371046,4.87745605190618,4.81247083618234,4.44095816931159,3.93875546789401,3.83042423245427,3.74908657861692,3.65419034053711,3.62255825979657
"2023-02-06",4.52693925830642,4.78178555866432,4.92089660476803,4.82516068698317,4.42777886034884,3.95198607881922,3.85305421920749,3.7788240179429,3.69222159475885,3.66335412020075
"2023-02-07",4.53405630322843,4.78249416386118,4.91311916054144,4.80452394606756,4.39304047401587,3.90522149491182,3.80389647981654,3.72787108005175,3.63917425329473,3.60960864421069
"2023-02-08",4.57215382356595,4.8107967996554,4.93573922449816,4.82979543487659,4.43196249476073,3.96081471559274,3.86296338922822,3.78954438389477,3.70388836945064,3.67533636447679
"2023-02-09",4.57867848019717,4.81120321223951,4.93608948119124,4.84249419436958,4.47006279885588,4.02613075390425,3.9338676701377,3.86464133507507,3.78387679394545,3.75695528008414
"2023-02-12",4.57096046718813,4.82316591439233,4.96080548270741,4.86597000844075,4.47256146198174,4.00155511909506,3.90361915126389,3.83013618653346,3.74440554460149,3.71582866379574
"2023-02-13",4.53639880299972,4.82875740473327,5.0122602353794,4.96333615667789,4.57315894372698,4.05817700729371,3.94873657934395,3.86659647410934,3.77076509471104,3.73882130102468
"2023-02-14",4.54361531202721,4.82044584276131,4.99517993643187,4.95192944409905,4.58753351782283,4.10517226681242,4.0026313526163,3.92566947372843,3.8358794337702,3.80594941993036
"2023-02-15",4.54631839223774,4.83784730414876,5.01599508535864,4.96467286978982,4.60193512736609,4.1491046490259,4.0545377412471,3.98358101351679,3.90079763799137,3.87320317931778
"2023-02-16",4.57091569105314,4.85778491988495,5.02806717025246,4.96220624248002,4.58102632012135,4.11129799873286,4.01333216844689,3.93982562716997,3.85406745903568,3.82548140282268
"2023-02-19",4.57802741269079,4.85052716846331,5.02178193195874,4.97686238221689,4.61430904316435,4.13547517374799,4.03370941569288,3.95732946590614,3.86821835513263,3.8385146510263
"2023-02-20",4.56802532150292,4.84876617236305,5.03354083372889,5.01349702759967,4.68312816948281,4.23475912142088,4.13918740394712,4.06745484863241,3.9837657362993,3.95586936502296
"2023-02-21",4.53214736266888,4.86723224109965,5.0811169424467,5.05004293460426,4.67716807617846,4.20055052222308,4.1007798622355,4.02591765346949,3.93857783846134,3.90946456661264
"2023-02-22",4.53287223226766,4.86427138559694,5.07327994914579,5.03482385544782,4.6538603479792,4.17034771651351,4.06920506561566,3.99331367379512,3.90477314217867,3.87525963145961
"2023-02-23",4.60367178516009,4.87418774160097,5.06713723352768,5.07670078621138,4.75704006031191,4.25890480187129,4.14814244367267,4.06492296439234,3.96782893216825,3.9354642510834
"2023-02-26",4.58331230194142,4.86410258384812,5.05620152232722,5.04897116576612,4.71317990309009,4.22619467831828,4.12028072435948,4.0407517622619,3.9479655486973,3.91703680939006
"2023-02-27",4.60202457460289,4.89363928914021,5.09356254100918,5.08740423199256,4.74097654298782,4.23773035567027,4.12825944657127,4.04605948198351,3.95015701351728,3.91818952252501
"2023-02-28",4.59951837343549,4.88702909300957,5.09628888231366,5.12027103993069,4.80499884183791,4.30336750084105,4.19156051331333,4.10755369795144,4.00954098305452,3.97687007431234
"2023-03-01",4.59866769039297,4.8768327455973,5.08144547239542,5.11175739971947,4.81932358049953,4.3483004683775,4.24317052253631,4.16417920180439,4.07201813837064,4.04129778030647
"2023-03-02",4.67577956784269,4.90737008794839,5.07894120847093,5.09460277243105,4.79378981073334,4.27364297236366,4.15293893159052,4.06209113031283,3.95608796282116,3.92075355548544
"2023-03-05",4.67095761200195,4.91224976234963,5.09297011155213,5.11602697197097,4.81534036045112,4.28909533203421,4.16678957710889,4.07473357523563,3.96732053183518,3.9315161654603
"2023-03-06",4.71391222272683,5.01389289951741,5.24352418570426,5.28920997170216,4.9475345297415,4.3329241247786,4.18959588598417,4.08170993056753,3.95582582070896,3.91386442856857
"2023-03-07",4.68742891304586,5.01348270916337,5.26796572293977,5.33443042200486,4.99480197555593,4.36590769355386,4.2187383015382,4.10795376657593,3.97868718901562,3.9355983066066
"2023-03-08",4.65298816542373,5.00733894701369,5.24029901922204,5.21417474927852,4.7958266246857,4.2284822850007,4.10756020054075,4.01680066075792,3.91091310098284,3.87561724709409
"2023-03-09",4.74017082975685,4.96757359117286,5.07612616113216,4.94301938320009,4.5131798468334,4.01369704796801,3.91017491985531,3.83250189328679,3.74188283916593,3.71167648762861
"2023-03-12",4.52234200875059,4.84769663753739,4.67887223086967,4.26684766882072,3.96279476379947,3.77501006120097,3.73923816784033,3.71240924781972,3.68110884112902,3.67067537223212
"2023-03-13",4.34900749893606,4.87012318337228,4.90568396021537,4.5481843925033,4.16846146930583,3.91657153045574,3.86853279809007,3.83250374868542,3.79046985771331,3.77645856072261
"2023-03-14",4.07239127324947,4.77783987401783,4.62591784773935,4.16875236404801,3.85675333109615,3.66685367316588,3.630681686515,3.60355269652684,3.57190220820732,3.56135204543415
"2023-03-15",4.02164210509854,4.75945269529687,4.88796121388778,4.52317445818003,4.10205956440646,3.82042391745927,3.76670665636294,3.72641871038185,3.67941610673723,3.66374857218903
"2023-03-16",3.94746319481149,4.52135081530277,4.59472051319951,4.26289064019751,3.89570506865536,3.65113032373432,3.60448423126224,3.56949966177585,3.52868433070839,3.51507922035257
"2023-03-19",4.25897138692829,4.69316161645497,4.73359554086822,4.39903202230573,4.00130197650769,3.72614360240642,3.67358655144937,3.6341687619074,3.58818134077473,3.57285220039717
"2023-03-20",4.00935724400414,4.73140246456739,4.92069179901036,4.60556880760362,4.16157108162653,3.84863917748963,3.78884489313919,3.74399917815442,3.69167917733837,3.67423917706635
"2023-03-21",4.03350362731294,4.75691403114434,4.85392468173455,4.44382304333362,3.98771457245073,3.68375924522967,3.62578752488653,3.58230873446386,3.53158347897074,3.51467506047303
"2023-03-22",4.00502023144024,4.70310209441444,4.72835813338059,4.30660106417116,3.91114696570238,3.65811478999539,3.60989656619153,3.5737328983307,3.53154195249306,3.51747830388052
"2023-03-23",4.21099036348053,4.72015488068214,4.66226706928147,4.23026502360749,3.84854583888729,3.60554449875083,3.55923949336551,3.52451073931957,3.48399385959929,3.47048823302587
"2023-03-26",4.1105803223892,4.73763247571716,4.81374450260932,4.4438404933239,4.03659526480969,3.76547279591551,3.7137637662562,3.67498199386579,3.62973659274364,3.61465479236959
"2023-03-27",4.24496532362486,4.7662339130006,4.84971934402051,4.51712615256629,4.10187548753773,3.81294559132581,3.7577517216895,3.71635631800997,3.66806168038346,3.65196346784128
"2023-03-28",4.20479442420186,4.77211150801564,4.87678650326102,4.54211851159192,4.11479378495553,3.81671251699555,3.75976759539524,3.71705890266877,3.66723209448746,3.65062315842702
"2023-03-29",4.59861406488576,4.87137399789423,4.88092613839436,4.56597079227946,4.13437396667804,3.80826909487699,3.74560302120943,3.69860342397478,3.64377056048509,3.62549293932186
"2023-03-30",4.89145501291809,4.80434832516301,4.68250601682718,4.46774422289796,4.13518047245032,3.63703648954301,3.52856777062042,3.50214700764056,3.64963690158521,3.75438378035421
"2023-04-02",4.87876203208235,4.78654032093432,4.65769743668272,4.43110750654776,4.08197071873277,3.56791970934562,3.46197040726689,3.44490206714488,3.61970483975084,3.73742596151187
"2023-04-03",4.86749933492551,4.7599823409995,4.61088800097403,4.35223255776665,3.96481415240105,3.43979289116359,3.35420181112647,3.36676552639437,3.57710900460673,3.6967133796421
"2023-04-04",4.53853697052469,4.86051035176609,4.79303008500228,4.35228418346621,3.88372756951875,3.56417317571978,3.50315395589306,3.45738953965768,3.40399772071601,3.38620044773545
"2023-04-05",4.39590736076836,4.9057171334318,4.86250496027549,4.37167791593445,3.88392272224315,3.5626529727227,3.50138821428378,3.45543964530127,3.40183298148833,3.38396409355068
"2023-04-06",4.50330943107373,4.96935678569274,4.96941100082046,4.52462015665807,4.02049178883923,3.67377202866066,3.60755418376286,3.55789079849766,3.49995018235449,3.4806366436401
"2023-04-09",4.45719638134591,4.99089033441705,5.02055005793621,4.56970167390349,4.04512384922156,3.6831559362188,3.61402134709491,3.56217040354551,3.50167763607074,3.48151338024582
"2023-04-10",4.21619293752783,4.98380023433692,5.05627308604792,4.56601378770641,4.03662798886201,3.68487068090764,3.61778447733481,3.56746982446974,3.50876939612713,3.48920258667959
"2023-04-11",4.13923492407796,4.94408428618697,5.03338633018206,4.54342075939186,4.00819537597764,3.65214607192497,3.58424029893758,3.53331096900699,3.47389341742127,3.45408756689269
"2023-04-12",3.87829630110792,4.94158398576954,5.05469865748902,4.5339681505733,4.02288088217186,3.69464512865837,3.63209430007455,3.58518117862574,3.53044920360212,3.51220521192758
"2023-04-13",4.24320486086542,5.03767603549414,5.12900217318902,4.65109831495504,4.12750805737397,3.77909694463716,3.71264767862762,3.6628107289339,3.60466762095787,3.58528658496586
"2023-04-16",4.03305503513313,5.06094602619042,5.17129466997714,4.66952844506948,4.17667709419269,3.86013381914314,3.79981116191081,3.75456916897599,3.70178684388537,3.68419273552183
"2023-04-17",3.70036239480568,5.12316192236505,5.23154146883555,4.64995784568631,4.15084065608664,3.83956418587273,3.78026582802655,3.73579205964163,3.68390599652589,3.66661064215398
"2023-04-18",3.80637522575293,5.04076272079135,5.22875054386182,4.71659938190462,4.19254806668498,3.85489889205889,3.7905526730572,3.74229300879408,3.68599006715379,3.66722241994035
"2023-04-19",3.43467586591672,5.02015500730831,5.19124192784587,4.61567739291202,4.10884906923622,3.79228555860224,3.73197970257467,3.68675031055369,3.63398268652921,3.61639347852105
"2023-04-20",3.37498464614429,5.01465156078954,5.21249984036788,4.64740576988022,4.14377082635033,3.82898387690288,3.76901631573164,3.7240406448529,3.6715690288277,3.65407849015264
"2023-04-23",3.46108692879813,4.99753608200995,5.14942419008004,4.57161399506061,4.06681598990974,3.7516655925763,3.69162903192445,3.64660161143526,3.59406962086455,3.57655895734098
"2023-04-24",3.95517900705427,5.08994039363693,5.07556794015039,4.46643116614012,3.96946733522383,3.66049144744219,3.60163198057807,3.55748738042972,3.50598534692331,3.48881800242118
"2023-04-25",3.76057135604528,5.06887148464131,5.12112747165278,4.51803000152333,4.01258059799497,3.69780529837692,3.637840706971,3.59286726341629,3.5403982459358,3.5229085734423
"2023-04-26",4.26258793874127,5.14374610968058,5.16649603211907,4.61924934152835,4.10892434112377,3.78254042209353,3.72034437703594,3.67369734323258,3.61927580379533,3.60113529064958
"2023-04-27",4.27661387979183,5.0537772829309,5.11937533989301,4.60894615162433,4.06137732003977,3.69777862298107,3.62843465255743,3.57642667454936,3.5157507002066,3.49552537542568
"2023-04-30",4.54225356648469,5.04473978762449,5.1231990274357,4.73947064106206,4.21904056967902,3.84033528506965,3.76780656725123,3.71341001740469,3.64994737591002,3.62879316207846
"2023-05-01",4.4196072924466,5.19845354374232,5.15290263657274,4.56217357204129,4.03083724620771,3.69206103875058,3.62750496019302,3.57908790126487,3.52260133251535,3.50377247626552
"2023-05-02",4.52874857914691,5.22182456419907,5.11976394671902,4.49380245035264,3.94576668514763,3.59717491171723,3.53074957092183,3.48093056531545,3.42280839210801,3.40343433437219
"2023-05-03",4.54336243870119,5.27038436450873,5.08057311360623,4.43001991330675,3.93446203214158,3.62773447302251,3.56930421444453,3.52548152051082,3.47435504425483,3.45731288550283
"2023-05-04",5.51574292619715,5.32226927206176,5.06059829109833,4.62674540887198,4.03467911830855,3.41941827795107,3.38925163896828,3.473136554323,3.73177603950224,3.84037647271763
"2023-05-07",5.45993278812812,5.28957847422634,5.05758667059014,4.66813107854345,4.12296170520517,3.51429368108749,3.46761683345727,3.53704393424522,3.79781015774942,3.91405367676739
"2023-05-08",5.53131374989268,5.35181282762146,5.10795418879826,4.70035548109869,4.13482107447815,3.51866233912774,3.47702040605073,3.55152523500255,3.81198963544593,3.92553706248381
"2023-05-09",5.50890979460561,5.31500662760234,5.05253615406751,4.61677577716049,4.02094471690093,3.40363898365788,3.37896427408235,3.47461807506191,3.76297730562961,3.88463229123137
"2023-05-10",5.49873540345855,5.30558113486629,5.0437377303506,4.60780921913935,4.00805576163592,3.37232161387292,3.33821576474483,3.4253353793056,3.70527355180045,3.82492944082548
"2023-05-11",5.59412167801987,5.3911137498425,5.11757308331066,4.66708620513495,4.06067636579949,3.45376729189797,3.43185841221947,3.51962121304824,3.76870400106932,3.87048099965753
"2023-05-14",5.5411444392469,5.35165201733626,5.09527183281619,4.66994736933253,4.089073931347,3.4867923471134,3.4602128990112,3.54817341741635,3.81561429006403,3.92811745631615
"2023-05-15",5.54561676175372,5.37457309073966,5.14119301224782,4.74801588019189,4.19348794158621,3.5594471613707,3.50321621241512,3.56660916281799,3.82876764914761,3.94806812772929
"2023-05-16",5.50811487577303,5.35303992115203,5.14036512500573,4.77870588913798,4.25853166293299,3.62709039235929,3.55272069026856,3.59463966108551,3.83596633314554,3.95281744913936
"2023-05-17",5.50625258638949,5.3684499001645,5.17826446703052,4.8511076266974,4.36923002590061,3.7425192110167,3.64863872907072,3.66761573208666,3.89188484027784,4.01103788136556
"2023-05-18",5.56316462606649,5.41637261288483,5.2148939536013,4.87172961263794,4.37628618162377,3.76527482882378,3.6862990187985,3.71563563607062,3.92628901411532,4.03004751537745
"2023-05-21",5.58019791288983,5.43677661329407,5.2396622811606,4.90312494040084,4.4148798750061,3.80477857484438,3.72274199455577,3.7491542576287,3.96040025254536,4.06629129767435
"2023-05-22",5.62786142903702,5.47897071318226,5.27433131851301,4.92491945282509,4.41790386824978,3.78387244668932,3.69827533430943,3.72517001453618,3.94355963363475,4.05313478902315
"2023-05-23",5.74356963883768,5.58365416466206,5.36497661431714,4.99497086315616,4.4676724335376,3.83734603471865,3.76123894897875,3.79278752565277,3.99180793165288,4.08597084448632
"2023-05-24",5.64068775961776,5.51861463660353,5.34912428858702,5.05431347016121,4.60966127939494,3.98616086549857,3.86610675937567,3.8467461923777,4.00885387159013,4.10873587679346
"2023-05-25",5.60757102005384,5.49410917274387,5.33587378991156,5.05841195784943,4.63294702625887,4.00810037975679,3.8737838706239,3.83650480854167,3.98180074239958,4.08289123186048
"2023-05-28",5.60550311560069,5.49575535518939,5.34216380657727,5.07113254412313,4.65010482797805,4.00917022772331,3.86006823505405,3.80685980376621,3.94075654662592,4.04560053736196
"2023-05-29",5.48628950991512,5.38087674477886,5.23284565212465,4.9700474111237,4.55707511270809,3.91249781002989,3.75857129033724,3.705870121759,3.87803483880688,4.01688550841654
"2023-05-30",5.17630475076094,5.46948113249527,5.46270999967079,5.04554974509842,4.44285214627222,3.96624094876459,3.87420887387796,3.80518460284905,3.72465628621162,3.69781351399914
"2023-05-31",5.52016499552544,5.39872312331451,5.22908137885614,4.93077930033642,4.47100545409608,3.78995914787779,3.6442485760618,3.60971266456838,3.80233934849482,3.93599201086862
"2023-06-01",5.18395298412967,5.46640781851308,5.4875548000671,5.11926077296734,4.5250221233572,4.02695999361325,3.93011655114907,3.85748328458141,3.7727444713496,3.74449820027227
"2023-06-04",5.13865967508389,5.41231898218992,5.43198852328973,5.0730801863164,4.49481430418534,4.01026625788921,3.91605200900832,3.84539065678999,3.76295241036168,3.73547299488552
"2023-06-05",5.05501566887188,5.37998094875189,5.43378404274833,5.08502180067719,4.49245984240603,3.99125096274433,3.89374136891926,3.82060846351808,3.73528673822962,3.70684616313341
"2023-06-06",4.97435273989581,5.36063730678315,5.43888924136275,5.09988495196257,4.54541239753343,4.09783392753379,4.01131959307407,3.94643362361859,3.87073332547516,3.84549989276068
"2023-06-07",5.06983349469403,5.3247593035361,5.36619927043306,5.06462388920318,4.52101847725097,4.03711839883391,3.94220244660341,3.87101373974588,3.78796023983508,3.76027573986438
"2023-06-08",5.17447018148097,5.35785897259235,5.3828920408114,5.11707739469701,4.5909833569457,4.07387739721978,3.97032566746363,3.89265325254076,3.80203535161732,3.77182938463108
"2023-06-11",5.13351560840707,5.34830970178966,5.3804850091653,5.09775580657309,4.56270156277295,4.06206946419863,3.96292176643454,3.88855692438848,3.80179791331527,3.77287824295501
"2023-06-12",5.09160951246023,5.31392916417441,5.37644176682991,5.14666441534692,4.64196012022623,4.13587260551314,4.03433482824774,3.95817268683044,3.86931676971136,3.83969813065963
"2023-06-13",5.06702584386359,5.29246503932585,5.37163324470688,5.167986149931,4.66350446457583,4.12457660397448,4.01490066613598,3.9326255557296,3.83663769302149,3.80464173873529
"2023-06-14",5.06630971943895,5.27606468330119,5.33976304975609,5.12069042652583,4.60663028648469,4.06271053494188,3.95212923208841,3.86917525554494,3.77239538449258,3.74013542742545
"2023-06-15",5.08687793382307,5.2858801088368,5.35629170798528,5.16456457856634,4.66965571248663,4.11431252491217,3.99966302546805,3.91364287998376,3.8132854949017,3.7798330330362
"2023-06-18",5.10524453950995,5.29625418407723,5.36308042450943,5.17673539076782,4.69804484374194,4.16136294801569,4.05057695195188,3.96745559028229,3.87048013888714,3.83815498825662
"2023-06-19",5.07585441753682,5.28606498064612,5.36276548077121,5.16735014316827,4.65578842596092,4.08034024901669,3.96150663117362,3.87234705828845,3.76832698559109,3.73365362784683
"2023-06-20",5.0780753729348,5.32972097023769,5.42234232074887,5.20764786906936,4.66358281971413,4.08013299282012,3.9613493412369,3.87224180653014,3.76828276097404,3.73362974573397
"2023-06-21",5.06559370184918,5.32948076012822,5.43703562148541,5.24287498258334,4.71910928469465,4.15175040168121,4.03612339414262,3.94938353678355,3.8481867838431,3.81445453280873
"2023-06-22",5.0674032448883,5.3263727371506,5.42634376448935,5.21922639437575,4.68019868838325,4.09961678992238,3.98136377726088,3.89265416211338,3.78915935521805,3.75466108619805
"2023-06-25",5.08789451150009,5.34727715951657,5.445324794673,5.23168944009592,4.68246070586777,4.09206939425339,3.97184303982481,3.88165315551262,3.77643136456384,3.74135743419198
"2023-06-26",5.09550291429007,5.36642966616203,5.47491573635508,5.26981827039694,4.72338870037973,4.13262907653205,4.01225693540968,3.9219574898646,3.81660787455183,3.78149133605799
"2023-06-27",5.0788080653853,5.38294621683573,5.49470213878081,5.25578627848031,4.67388676616174,4.08007871241317,3.96074679532679,3.87123714388794,3.7668091131595,3.73199976956868
"2023-06-28",5.11687272188998,5.38815142070713,5.515202266909,5.34892601577044,4.82433488638652,4.21671412333476,4.09082426324107,3.9963688245085,3.88617017955151,3.84943729770108
"2023-06-29",5.14215924509459,5.37071250432841,5.48739286699728,5.3535586466043,4.86158977383716,4.22723354709093,4.09119787513851,3.98906488238078,3.86990698041152,3.83018767811655
"2023-07-02",5.15417960507247,5.37284370229658,5.49174367276651,5.37719687041521,4.90225998217554,4.25360967835519,4.11174476712771,4.00517876169283,3.88084652205536,3.83940243804259
"2023-07-03",5.16033125091523,5.41269469753591,5.53609888843429,5.38379672202045,4.86595597123978,4.23284447373112,4.09947439919489,3.99938035768826,3.88260258246372,3.84367665677635
"2023-07-04",5.16905983440575,5.38998822759033,5.50376184254307,5.37757140100085,4.90744757111666,4.3001666591838,4.16990724161445,4.07211073264544,3.95801217243743,3.91997931746222
"2023-07-05",5.18059120431963,5.40185455708819,5.52031033993142,5.40846961935441,4.96248161114129,4.38132433383929,4.25652995303609,4.16283549193562,4.05352273779529,4.01708515155878
"2023-07-06",5.21850890374264,5.42168062497269,5.51570645968089,5.37634627548711,4.93190302907174,4.39351107889006,4.28021989673279,4.19519572043773,4.09599967927595,4.06293433170841
"2023-07-09",5.23906542971359,5.43537671706813,5.50785316203209,5.32795261036866,4.85430930385428,4.32098613798907,4.21083914485892,4.12819700252197,4.03178063968557,3.99964185190773
"2023-07-10",5.24146975684128,5.44896219467273,5.5283466561064,5.34670858278417,4.85951737516919,4.30918936937786,4.1954892152821,4.11018100921104,4.01065421877036,3.97747862178485
"2023-07-11",5.22443034670528,5.44733149507899,5.50368220874105,5.25512019326168,4.72292685146735,4.19176143376648,4.08523910083528,4.00533819740769,3.91212038795054,3.88104778478565
"2023-07-12",5.22531944223022,5.44684876995861,5.47818618741335,5.18147275072016,4.62264693915759,4.10026052915431,3.99681263829974,3.91922248452514,3.82870060859366,3.79852664994721
"2023-07-13",5.27438813087641,5.45931687420386,5.49879954562642,5.25611574708773,4.72811018720993,4.1774453705999,4.06566333128121,3.98180908198323,3.88397889650338,3.85136883462793
"2023-07-16",5.277293250002,5.45846967644163,5.49378394239882,5.24602128929436,4.71362811586068,4.15977573224349,4.04737662568837,3.96305956180264,3.86468942582191,3.83189938044614
"2023-07-17",5.25375681113464,5.45573358697308,5.50593650462872,5.26191407239295,4.71698683214635,4.1457548485754,4.02973471853097,3.94270105345286,3.84116153858594,3.8073150335791
"2023-07-18",5.24576169378408,5.45876580301878,5.51458633522359,5.26578666744239,4.7040090253274,4.11385805665938,3.99396840744922,3.90403190852311,3.79910574519981,3.76413035737225
"2023-07-19",5.24954528898168,5.44524139246614,5.50813341456955,5.30015641318061,4.78279660945025,4.20613851211181,4.08718011223035,3.99792741530614,3.89379870584918,3.85908913585428
"2023-07-20",5.32547455379647,5.47149898032574,5.50296679480018,5.28922508608196,4.78298075736592,4.20143333368067,4.07986672104275,3.98863630986321,3.8821996715024,3.8467207915407
"2023-07-23",5.3454023587071,5.47475546006246,5.5118368018564,5.33436786796901,4.85912627992603,4.25470139513345,4.12382614151386,4.02552772240261,3.9108418071646,3.87261316526449
"2023-07-24",5.33731167055964,5.49391721111786,5.53556922452279,5.33120015223408,4.82916251206804,4.24806809604313,4.12647885642071,4.03523081768159,3.92877359961166,3.89328785974052
"2023-07-25",5.33926066576794,5.48911633451579,5.52444146367171,5.31462746803836,4.81078467832521,4.2303162294529,4.10893016441526,4.01783499812515,3.91155614181678,3.8761298558709
"2023-07-26",5.32418001610475,5.48341949225872,5.5341299074212,5.35261173014135,4.88536809907259,4.33953870057771,4.225195222732,4.13938411539189,4.03927003796632,4.00589867833347
"2023-07-27",5.33162550313423,5.49217849683323,5.53003038610171,5.31732911175671,4.82647636406753,4.28725990166549,4.17621293986586,4.09289682456735,3.9956941772959,3.96329329471198
"2023-07-30",5.33410735768874,5.47777366944093,5.51330549374116,5.31739641758277,4.84298056310853,4.29546271775344,4.18094177715765,4.09499845957438,3.99473015612549,3.9613073878269
"2023-07-31",5.33930055236969,5.48923362615896,5.5232052076882,5.32035996125271,4.85532557919096,4.34515516297751,4.24010646875678,4.16129078879346,4.06933867824028,4.03868797457145
"2023-08-01",5.3436958475948,5.48693416731446,5.50857135841697,5.29402722784478,4.84494231465328,4.38027285184614,4.28602708115058,4.21532803540783,4.13284562612041,4.10535148965074
"2023-08-02",5.32757614508853,5.47733374235835,5.49982479874476,5.28864672993686,4.86750759156591,4.45292611193112,4.36989289716871,4.30761105321609,4.23494883474478,4.21072809524489
"2023-08-03",5.5552133782055,5.46923189804903,5.34821963746403,5.13252264157522,4.79078497802845,4.24536569763213,4.10903853916098,4.05626675737707,4.19551312044525,4.31684735206235
"2023-08-06",5.56226004379401,5.47597463303456,5.35476560619589,5.13947187586939,4.8008655029069,4.27218838128213,4.14686123687726,4.1064733163891,4.26029148887074,4.38285291478003
"2023-08-07",5.57635781073118,5.48695337462655,5.36121376702353,5.13738930573256,4.78379114922874,4.22461444932747,4.0881846207873,4.03980429231789,4.19510845295426,4.32458077727053
"2023-08-08",5.56836680795046,5.48471144577068,5.36658622783714,5.15477789549124,4.81508414182641,4.25418870777701,4.10383922408633,4.03472964172414,4.1600056779726,4.286713229564
"2023-08-09",5.55123651752056,5.47309542959724,5.36287873289992,5.16564215075526,4.85056000003943,4.33542409339737,4.19956327367144,4.13859543693816,4.25162407935491,4.36238628582572
"2023-08-10",5.35478864346887,5.48894210466412,5.49789729983154,5.2765483065007,4.85298588337522,4.43957060371741,4.35683919031965,4.2947838496181,4.22238588645128,4.19825323205311
"2023-08-13",5.36735799587097,5.48592035459273,5.50609022108877,5.32519866931471,4.92512952332884,4.4895073906804,4.39988798626323,4.3326488728206,4.25420283304592,4.22805415299385
"2023-08-14",5.34927083863316,5.49868991982105,5.52285291243861,5.31710467139141,4.90404482343519,4.49687013018262,4.415309858922,4.3541328260268,4.28275955478604,4.25896846436313
"2023-08-15",5.3445429220757,5.49258899684146,5.51892354652929,5.32194678827018,4.92258511013895,4.52814073954466,4.44911562736823,4.38984014847345,4.32068535868213,4.29763376207595
"2023-08-16",5.34152626475221,5.48966016222243,5.50595369671036,5.2946251077377,4.90329202657331,4.53869279643352,4.46651172104338,4.41237298291741,4.34921110110741,4.32815714050227
"2023-08-17",5.54299643536341,5.47548051542831,5.38013698386338,5.20914549040359,4.93476009067882,4.48035152811352,4.35720484457278,4.29826217857673,4.38966224106885,4.48600669193062
"2023-08-20",5.36251001534806,5.4915172186375,5.51029860224429,5.32667573400786,4.96143496515182,4.60206972848983,4.5300989512596,4.4761148658512,4.41313337470075,4.39213954430908
"2023-08-21",5.35997471448935,5.49891781780078,5.53363614970486,5.36631257989919,4.99226866582631,4.60008907570392,4.52043368475093,4.46067938892253,4.39096587967634,4.36772804322578
"2023-08-22",5.35898055511056,5.49914658379374,5.52585763982223,5.33236664241718,4.91775003531791,4.48666566109281,4.39918645063999,4.33356325536857,4.25700268354193,4.23148249289506
"2023-08-23",5.35753414543166,5.51695855419953,5.5600516553645,5.37773877632204,4.96316451991478,4.5270652106869,4.4384587044391,4.371989553773,4.29444202764236,4.26859285222612
"2023-08-24",5.37756690587539,5.52508591026474,5.57754566728764,5.42662967048718,5.02213533787168,4.54602038973853,4.44618655601133,4.37126395028033,4.28385325544731,4.25471635673587
"2023-08-27",5.37350124127463,5.53704538780587,5.59089050767897,5.42101914925629,4.99487103825714,4.51914033044533,4.42098461884028,4.34733979577392,4.26142036974476,4.23278056092283
"2023-08-28",5.36532722867245,5.52906016406357,5.55468179144001,5.3267625118802,4.87059110335407,4.42119544974295,4.3311832923557,4.26366664701626,4.18489715449592,4.15864065697887
"2023-08-29",5.364314555974,5.52825222482436,5.55361294600441,5.32456654618479,4.86661279128181,4.41555509697982,4.32521184074898,4.25744684694181,4.17838761430754,4.15203453675248
"2023-08-30",5.3577924869792,5.51389145514202,5.53362122505285,5.30282531788337,4.84848952195226,4.4024067752832,4.3130870628949,4.24608986297836,4.16792639121575,4.1418719006181
"2023-08-31",5.36029001057348,5.49672641088024,5.50812763507184,5.28960539310911,4.86832410430921,4.45648702636538,4.37405887676701,4.31223098536604,4.24009837972384,4.21605417783386
"2023-09-03",5.35201281493545,5.5000874323039,5.52891115030152,5.32630167755197,4.89100682638671,4.43818192187958,4.34628572103908,4.27734907225282,4.19692279551115,4.17011403655731
"2023-09-04",5.34312793865466,5.50314482453504,5.53787857711702,5.3429984493527,4.93728395694451,4.53449083185436,4.45375337003329,4.39319341100909,4.32254005893359,4.29898894156572
"2023-09-05",5.35093655718896,5.51074583371757,5.55678150622633,5.38246085694875,4.9796157199421,4.55456952986633,4.46818127094885,4.40337608635471,4.32776985755568,4.30256778125074
"2023-09-06",5.34578068152647,5.50092364737052,5.53072280235461,5.33063425452549,4.92123915277435,4.5161563735548,4.43498595573495,4.37410129125974,4.30306911628357,4.27939172461549
"2023-09-07",5.36690224818723,5.5087514659636,5.53986968215183,5.3561944666794,4.95492511863922,4.53609187859331,4.45106353018056,4.38727876938773,4.3128630414501,4.28805779876701
"2023-09-10",5.35742338244052,5.51089001675225,5.54170727544051,5.34763305376788,4.94820559838117,4.55253228396917,4.47323867124629,4.4137617528858,4.34437194975179,4.32124201536463
"2023-09-11",5.3631766134941,5.51374305644606,5.55253250616374,5.37467741848401,4.97457518115107,4.55456361923568,4.46924432791952,4.40524116948086,4.33057064178128,4.30568046584367
"2023-09-12",5.35721006863745,5.5183149265012,5.55157996349383,5.3504738112347,4.9349475469994,4.52301335967593,4.44045505736418,4.37852933446413,4.30628258991147,4.2822003417177
"2023-09-13",5.36782855569019,5.5098499406064,5.54302372294602,5.3651197745257,4.97241256826986,4.5616765512428,4.47827391488835,4.41570864569294,4.3427156606023,4.31838466553544
"2023-09-14",5.37103163031744,5.50641354922783,5.53760171466351,5.36672323535874,4.99042528051887,4.59703693488049,4.51716084367731,4.45724105649058,4.38733447445593,4.36403228040931
"2023-09-17",5.37367217547661,5.50752853175676,5.54498706960965,5.38571387816743,5.00498298412464,4.58380758037679,4.49699948592131,4.43186898206953,4.35588298856306,4.3305543239342
"2023-09-18",5.37363906351733,5.51158164172653,5.55535565296602,5.40705039268281,5.0396803787044,4.63052367910947,4.54612663525809,4.4828048339229,4.4089290000906,4.38430372202186
"2023-09-19",5.37217608424187,5.50565335886857,5.56428201877972,5.45544519780061,5.11570911220393,4.68818519015239,4.59679316901713,4.52817988348315,4.44812926329143,4.42144572216118
"2023-09-20",5.36845748764048,5.509099784864,5.55554990981839,5.41977000221098,5.0918609689324,4.74310864707603,4.67216749889448,4.6189499840804,4.55686273337508,4.53616698310779
"2023-09-21",5.37332862379611,5.51590611175034,5.55929881517439,5.41066937937256,5.06167053680738,4.69235427608802,4.61726966945348,4.5609439901986,4.49523054033959,4.47332605701951
"2023-09-24",5.3914903752152,5.52041975575669,5.55100422931847,5.40145512589978,5.08531240460876,4.77053143869314,4.70741806231536,4.66007763300489,4.60484707979859,4.58643689538912
"2023-09-25",5.58708008274919,5.53188348803414,5.45386762353141,5.31374957652921,5.08839786491891,4.71510847950496,4.61606991308873,4.57424409041741,4.68084770173613,4.7837461794899
"2023-09-26",5.38325652989269,5.53463310869771,5.57622359289728,5.42939594412448,5.12394796954203,4.83315322459377,4.77547940055253,4.73222156788638,4.6817540790472,4.66493158276594
"2023-09-27",5.35800466271945,5.53294373910793,5.56250887767003,5.37628829387204,5.05915207488783,4.79080043384185,4.73859167367097,4.69943472289577,4.65375161241404,4.63852390892009
"2023-09-28",5.57045068058529,5.51302617050545,5.43231484230319,5.28882422948812,5.06282332537244,4.70985963980293,4.62739571415819,4.60408563819668,4.72303903029557,4.81618472929214
"2023-10-01",5.37184888252381,5.54167072131536,5.57597637834275,5.40945940794254,5.11892781232267,4.87208355237745,4.82404725909532,4.78801968440599,4.74598751277549,4.73197678889862
"2023-10-02",5.56712350057432,5.52132470609019,5.45705748729502,5.34315649883663,5.16503742325014,4.89429066441801,4.83669121928091,4.82945734198592,4.9490270015051,5.03483915676378
"2023-10-03",5.56385183820979,5.50906751770547,5.43273307285211,5.29916749491316,5.09569468279059,4.80815190419644,4.75716251420722,4.7617911316313,4.8913831988822,4.97099364461172
"2023-10-04",5.56234993181465,5.50260359410871,5.41962482584467,5.27532038384015,5.0584697233762,4.7667630307437,4.72497961546402,4.74607281801719,4.91169107352804,5.00612700326269
"2023-10-05",5.58740872460456,5.53088219454519,5.45243402065337,5.31620815142666,5.11220903110731,4.84181104900074,4.80628389915425,4.83152405867122,4.99869548765017,5.09254038318653
"2023-10-08",5.61152576131297,5.53860485482842,5.43759603725776,5.26278509023218,5.00274486737722,4.66362884709781,4.62068083362194,4.65237470867315,4.85101326861872,4.95940373097984
"2023-10-09",5.57814897146121,5.51030923394277,5.41635115245461,5.25377260733299,5.01196146281474,4.69595226943682,4.65482980275383,4.68188843660243,4.85907371194987,4.95571035125073
"2023-10-10",5.58315360588906,5.51699970393657,5.42475716495818,5.26312298043944,5.01600290297687,4.66110585454059,4.59333999536779,4.58993176897367,4.72571548214668,4.81187754077114
"2023-10-11",5.58011823666239,5.52287729250701,5.4429962085719,5.30284233618496,5.0882056791755,4.78135183485342,4.72620110564996,4.73188455787965,4.88088755269974,4.97462719581546
"2023-10-12",5.58239538207485,5.52242024163092,5.4385363682186,5.29073730268033,5.06226034421745,4.72457410521565,4.65605817646046,4.64894096083385,4.78324317952166,4.87383093914621
"2023-10-15",5.57355285145688,5.51910604332051,5.44300642165608,5.30910505071621,5.10279539937266,4.80216119396378,4.74471478085239,4.74516053427237,4.88314168136771,4.9732540430214
"2023-10-16",5.39695562406487,5.5517600206767,5.57843169545141,5.43124733475613,5.19615443173232,5.00708509316066,4.97054575033976,4.94314115214724,4.91116912073713,4.90051177693375
"2023-10-17",5.38723909880836,5.54053726300229,5.5627944808005,5.4242892381242,5.22249979739399,5.06859356510243,5.03900728349053,5.01681755156365,4.99092953095796,4.98230019075606
"2023-10-18",5.53632640189029,5.49495217763093,5.43783199628444,5.33960804582926,5.19564042314153,5.01879401770768,5.00437950741975,5.03415321326824,5.16600353782165,5.23430667900619
"2023-10-19",5.54511606499826,5.49392335130158,5.42345624029543,5.30294523404405,5.12841513414961,4.92290644766628,4.91166313494211,4.9539951039044,5.11831471928553,5.20026856941275
"2023-10-22",5.54882745387878,5.49530511417577,5.42136836277554,5.29406333663452,5.10682939239334,4.87253556205141,4.84937375266195,4.88132188177361,5.0369984832377,5.11837366041738
"2023-10-23",5.5494751774863,5.50216596649902,5.43625206022551,5.32094319073111,5.14540670445622,4.89852744636777,4.85599825627354,4.86255316369698,4.98155265531805,5.05411937894549
"2023-10-24",5.54215378076518,5.49853068219488,5.43820220676817,5.334125307561,5.18047947853023,4.98667288948312,4.96737197859222,4.99464912649717,5.12959305368554,5.20121849592248
"2023-10-25",5.5436938724116,5.4906332681475,5.41734011593214,5.29115347697253,5.10554372240631,4.87252048626665,4.84843230366448,4.87797749916002,5.02614668929268,5.10355956574609
"2023-10-26",5.55293689927259,5.49459902425687,5.4142453549393,5.27665304189283,5.07676853274868,4.83796415417604,4.82196593313388,4.86613642759876,5.04573970144068,5.13598793054037
"2023-10-29",5.54872197758481,5.49643395927633,5.42431176600064,5.30049256011466,5.11961009298873,4.89943484043451,4.88227828455232,4.91985692967756,5.08195234773361,5.16490424163682
"2023-10-30",5.56049286569793,5.51084655500653,5.44226361416582,5.32420214705588,5.1508224313224,4.93725561614305,4.92022713503144,4.95769526700726,5.12371859728568,5.21047377128402
"2023-10-31",5.55015421774404,5.4846985836638,5.3944162987533,5.23941277385276,5.01285666892711,4.73538423032693,4.71165091765153,4.75471251709511,4.9467383378414,5.04498045414401
"2023-11-01",5.53410283175831,5.47485518023476,5.39237757630869,5.24831233459685,5.0296796720577,4.72480565471706,4.67347120204884,4.68283600856438,4.82931366942395,4.91724687028946
"2023-11-02",5.53057869154832,5.45367097876678,5.3477440667531,5.16631531656559,4.9022052836321,4.57945632380288,4.54906227883918,4.59124567170793,4.78552116443606,4.88320322394809
"2023-11-05",5.52716895362588,5.46134754383376,5.37022813715947,5.21269687751099,4.97880372408614,4.67463781735341,4.63571372020405,4.66239269589792,4.83246136057235,4.924547169756
"2023-11-06",5.53557470592375,5.46716867892509,5.37220688507712,5.20717064634578,4.95928657965304,4.6234800652079,4.57145593660482,4.58676729078304,4.74792827609169,4.83996793538777
"2023-11-07",5.5333761699925,5.46710077965225,5.3745710814585,5.21205161480188,4.96232892152766,4.5979751584344,4.52497263392923,4.51624709834065,4.64675853283571,4.7326240090272
"2023-11-08",5.52389730573326,5.46788707589919,5.38960845035788,5.25188142675608,5.03962797447331,4.72908299580356,4.66809073070858,4.66481685167884,4.7947480159619,4.88036017262741
"2023-11-09",5.51454789562679,5.46326740358533,5.39144948650751,5.26459795057864,5.06745291274231,4.77088165893527,4.70731002737464,4.69544735775105,4.80191957400496,4.87712673289353
"2023-11-12",5.52268483109978,5.46813809009128,5.39191524500809,5.25782708483753,5.05117330137866,4.74773392494123,4.68657433512407,4.67977558699579,4.79441891153698,4.87075368898656
"2023-11-13",5.51180852772621,5.43495316483208,5.32857185932731,5.14465648991753,4.87133459137552,4.51153660945834,4.46010281132055,4.48046397280031,4.64888065517341,4.74069631806874
"2023-11-14",5.50791519661814,5.43919577786238,5.34388880745518,5.17853408261009,4.93102651069458,4.59885139562666,4.54871196452972,4.5651153095596,4.72338140534048,4.81237554970316
"2023-11-15",5.50463584609294,5.42786852009955,5.3215129887058,5.13734599241686,4.86278084766141,4.49856113413387,4.44566870500298,4.46612112477135,4.64097165651173,4.73753818460352
"2023-11-16",5.50160261664942,5.42954738197714,5.32940756736663,5.15499251071283,4.89167600455559,4.52748222669412,4.46527061131215,4.47172575878227,4.62265298480336,4.71164333714646
"2023-11-19",5.51444249253904,5.44369346555984,5.345052323297,5.17223542227489,4.90812260278131,4.52940624849116,4.45753356180445,4.45468519097886,4.6014960215742,4.69433367069924
"2023-11-20",5.5185751500991,5.44398789018788,5.34013049789532,5.15860060956493,4.88248085638838,4.49150256295918,4.41942758086802,4.41867186429599,4.56897541347637,4.66164557426484
"2023-11-21",5.52532643912944,5.45342882442691,5.35319260876825,5.17758172003722,4.90907020578295,4.52178953585418,4.44553431184755,4.43664656410836,4.56798284386729,4.65244894617787
"2023-11-22",5.5278838022146,5.45547514109457,5.35458054626325,5.17798974385168,4.90853456931902,4.52227721616379,4.44752100811859,4.44048829867082,4.57396428715648,4.6586083871472
"2023-11-23",5.52773505728098,5.46014503549578,5.3658566774774,5.20049069291364,4.9471433145286,4.58038001141207,4.5081412412648,4.50067543109208,4.6314284636721,4.71600707486255
"2023-11-26",5.52883564080087,5.45433293786513,5.35055160347588,5.16901353475448,4.89238164016419,4.49789961759952,4.42308624657874,4.41862007573659,4.56142531874155,4.65085638428304
"2023-11-27",5.53082379361821,5.43984711397437,5.31422318463523,5.09798012778136,4.7793994575893,4.36943822127438,4.31430571044828,4.34000806623849,4.52523451926444,4.62274180517596
"2023-11-28",5.51604814961926,5.41488003248569,5.2760347569288,5.03966393171895,4.69923154099327,4.288173103429,4.24419253480188,4.28104009796315,4.46522723217004,4.55450661988996
"2023-11-29",5.51138444574176,5.41548013088521,5.28388954156097,5.05997123052125,4.73782661523171,4.35069086463399,4.31065613676309,4.34760736105878,4.525743281548,4.61175339205524
"2023-11-30",5.5144035763431,5.39971235182074,5.24329355194502,4.98004373341313,4.60987896678772,4.19421508347223,4.16410367965042,4.21713920963458,4.41416498633519,4.50304586059787
"2023-12-03",5.51118529506079,5.40856118706383,5.26801351166261,5.02962760391783,4.68871550296977,4.28318130842092,4.24042973647882,4.27448209563772,4.44132733814755,4.52047142064013
"2023-12-04",5.5205343185511,5.4100299972114,5.25891043721194,5.00321188870373,4.63898344709777,4.20620398469639,4.15684646991775,4.183885631108,4.33349292470277,4.40390790079914
"2023-12-05",5.50650234499167,5.40121169103768,5.25630276647962,5.00822876040035,4.64602778647494,4.1816060784156,4.11062346731286,4.11694698715266,4.24931616462036,4.31823895311426
"2023-12-06",5.49985895700331,5.39422046835572,5.24930882643798,5.00270989493773,4.64711274146173,4.20747865350218,4.14788518637062,4.16289897940263,4.29713061091437,4.36339168161374
"2023-12-07",5.49917117739815,5.4083396699962,5.28290854195944,5.06684686725285,4.74725428644191,4.32100125856889,4.24720500174056,4.24165219307371,4.34804313930615,4.40757686426214
"2023-12-10",5.49765002204514,5.4068676156074,5.28150301925608,5.06556976421477,4.7463235998694,4.32250733832692,4.25124791690249,4.24985729846151,4.36653165257714,4.43093777273916
"2023-12-11",5.50327277491418,5.41372183145224,5.28956722956837,5.07418996230938,4.751167233708,4.30586470358304,4.22421099019956,4.21610016784191,4.34022177503587,4.41368633138745
"2023-12-12",5.51675506949867,5.38572361074983,5.20750389993327,4.90892768485098,4.49232343334489,4.02690015684415,3.98694871500828,4.03031670371167,4.20265529333586,4.2789474327224
"2023-12-13",5.48783965469851,5.3567794667938,5.17817695766079,4.87782394871233,4.45490497760835,3.96360930838998,3.9079089806236,3.93313276423129,4.07619259562986,4.1416363456515
"2023-12-14",5.50363555727377,5.37896258992829,5.20811134246178,4.91784693203607,4.50036475330726,3.9841683670402,3.91088601738948,3.92058282239291,4.05458186086122,4.12086075730901
"2023-12-17",5.4986352436944,5.37499315690377,5.20562846771952,4.91813411352063,4.50546541264165,3.9993392880491,3.9303186516676,3.94425855691505,4.08437760895874,4.15284349992955
"2023-12-18",5.49156786044089,5.36698788578642,5.19658125394911,4.90805473346085,4.49600841881389,3.99716685433747,3.93133886470301,3.94664817970107,4.08265083745265,4.14799311135465
"2023-12-19",5.49339678380144,5.35671843802599,5.17034790209327,4.85660372799541,4.41396452755551,3.8978762886905,3.83940468253214,3.86701917065891,4.02218462008838,4.09347885855846
"2023-12-20",5.48762698856918,5.34894895103236,5.16059682447515,4.84579212173571,4.40826864545729,3.92033794156101,3.87479771023902,3.91146119342296,4.06732119872788,4.13584342477943
"2023-12-21",5.50065813834586,5.35542331419013,5.15899698883239,4.8332180833497,4.38767085788425,3.91425020188007,3.88023590509206,3.92648878021602,4.08669208675217,4.15437164345736
"2023-12-24",5.49323637970044,5.35388229714763,5.16527563438422,4.85192435935507,4.42098974771526,3.94653260071223,3.89796847647925,3.92109718529126,4.03523801219658,4.08462732919433
"2023-12-25",5.49055315919594,5.34917870935895,5.15770194233561,4.83929132521079,4.40130390211294,3.92661829023023,3.8874399404903,3.92746660311083,4.07920989958433,4.1442372283701
"2023-12-26",5.50940712856569,5.35077148021944,5.13695475582652,4.78448168937293,4.3081279520332,3.81588235946404,3.78331204009561,3.83061592350525,3.98490234275436,4.04854132816296
"2023-12-27",5.52257285731367,5.36740213955078,5.15823619581107,4.8133664729639,4.34707908842275,3.86426723547772,3.83165432628371,3.8770983824725,4.02676411017029,4.08856519153362
"2023-12-28",5.50431162271038,5.34358815358164,5.12809074898886,4.77624885651949,4.31032373540677,3.85877328816888,3.84207721863554,3.89934369662313,4.0547634664629,4.11647221290238
"2023-12-31",5.50363642995923,5.34293048925512,5.12745863484907,4.77566511917078,4.30982590339531,3.85845804562,3.84183805109949,3.89917806675841,4.0546987505019,4.11644250939068
"2024-01-01",5.49321731357135,5.34392683272204,5.14324989972457,4.81408393757639,4.37394297228216,3.93457866339573,3.91281855527122,3.96320366643935,4.11029094222687,4.16968821679032
"2024-01-02",5.49624760699315,5.349049850918,5.15058709914122,4.82328113917054,4.38080692603454,3.92601850341838,3.8992587330092,3.948897467545,4.10438163870014,4.16847703506983
"2024-01-03",5.48706555444094,5.34937472674801,5.16344146149617,4.85596353175519,4.43813508115904,4.0041425919658,3.978456157899,4.02780726497877,4.18465133653056,4.2499572930265
"2024-01-04",5.4888303094495,5.34766414866362,5.15799096034105,4.84720487890901,4.43306599713563,4.02917865987796,4.01737222574975,4.07636298525325,4.23570143660248,4.29962839801776
"2024-01-07",5.4924155793191,5.35015825655243,5.15881610177967,4.84469461205475,4.42447234670825,4.01013347263371,3.99642132261515,4.05582918912188,4.21989086067304,4.28616425854202
"2024-01-08",5.49102185284022,5.34793160585781,5.1553023445123,4.83858314686597,4.41362180121074,3.99177733795407,3.97742719917096,4.03853027970239,4.20923622027604,4.2785682116095
"2024-01-09",5.48748576988994,5.34319622683114,5.14925211014512,4.83128904893563,4.40735321932507,3.9960173622243,3.98721370638601,4.05306624504078,4.22793899560338,4.29819131561862
"2024-01-10",5.49955444653316,5.33552425333764,5.11656635430847,4.76215540756395,4.30246600560291,3.89681032083814,3.90758518644216,3.99362863487377,4.18913586643367,4.26457652406612
"2024-01-11",5.50998799321816,5.32725758033779,5.0852266269905,4.69907925570177,4.21372611259373,3.83213641381637,3.86561202330805,3.97144346216494,4.18327207915186,4.26225445271681
"2024-01-14",5.50546082785238,5.32129033321591,5.07779688896036,4.69063642257179,4.20765537075125,3.83896614409739,3.87743451888559,3.98629588663549,4.19879718643781,4.27750042059203
"2024-01-15",5.50216538137458,5.32978307792794,5.10172125398297,4.73871333293757,4.28522773916441,3.9412210368469,3.98131131257647,4.09000642264388,4.3024643881589,4.38137905438639
"2024-01-16",5.49016345459955,5.34358368422759,5.14758959848658,4.82941775126349,4.41447413490117,4.0449059509963,4.0557962550084,4.13815558347633,4.32800983326398,4.4019017537766
"2024-01-17",5.47160931149853,5.32649067594955,5.13270194101238,4.81893276038305,4.41245518973456,4.06313079350002,4.08319840331506,4.17476539643559,4.37763168716544,4.45607984100584
"2024-01-18",5.48121985060534,5.34170694147864,5.15452261916885,4.84875276787413,4.44476161848278,4.0700754173976,4.07474031573523,4.15285908513731,4.34380154327703,4.41955584084307
"2024-01-21",5.47610803875631,5.33773648742471,5.15168793758619,4.8465964337558,4.44025928908691,4.05417809246669,4.05523577903975,4.1327592284341,4.329648226144,4.40878648730553
"2024-01-22",5.47491137637285,5.33290353793546,5.14258861805917,4.83241592656575,4.42497675631193,4.0583070499594,4.07147511162304,4.16022156447079,4.36854571452614,4.45065634417548
"2024-01-23",5.47095909144972,5.32867735573211,5.13875563032392,4.83150511258013,4.43432723563678,4.09700846452275,4.11958660850071,4.21249860374684,4.41605837128827,4.49462752621877
"2024-01-24",5.47474469422608,5.31799181662924,5.10964952426968,4.77527358526233,4.35049380114884,4.01267566942679,4.04762903291055,4.15396056419862,4.37244070390984,4.45514360801802
"2024-01-25",5.47659557681329,5.32681214516492,5.12731367571349,4.80584060560073,4.39361685875097,4.05165477383037,4.07723097680798,4.1726227314182,4.37585146335882,4.45346519254124
"2024-01-28",5.47323759244976,5.32013575984624,5.11586635009176,4.78563768007943,4.35909363240177,3.99464235458171,4.01531630531506,4.10916906583949,4.315279555754,4.39462470364078
"2024-01-29",5.46995702370323,5.3225159441996,5.12483013596738,4.80228234516601,4.37699355144285,3.98326491962644,3.98690988435504,4.06595024045886,4.25858173125418,4.33470922382641
"2024-01-30",5.4916851482155,5.32446191645852,5.10085732582428,4.73783774626941,4.26432141152333,3.84219124527416,3.85432699828251,3.94797400730797,4.1641035386927,4.2482376621516
"2024-01-31",5.48496268713109,5.31660562046973,5.09155337848449,4.72632371705057,4.24992459198123,3.82121576898317,3.82838914088431,3.91487429729535,4.11682253155256,4.19532626616748
"2024-02-01",5.48525282495744,5.3424733738498,5.15035963799202,4.83480617076731,4.41246611849248,3.99819625090439,3.98771151411517,4.05290620751384,4.22967197455198,4.30116292685558
